model,method,function_name,target,run_id,found,validated,best_chromosome,best_fitness,reached_branch,generation,evaluations,runtime
qwen_qwen3_32b,GA_FIXED,bmi_category,invalid_height,0,False,False,"[2001.6071816582228, 0.1]",0.1,,1,8080,0.03620670805685222
qwen_qwen3_32b,GA_FIXED,bmi_category,invalid_height,1,False,False,"[2911.463741894032, 0.1]",0.1,,1,8080,0.03538566594943404
qwen_qwen3_32b,GA_FIXED,bmi_category,invalid_height,2,False,False,"[2237.101651727364, 0.1]",0.1,,1,8080,0.03537504095584154
qwen_qwen3_32b,GA_FIXED,bmi_category,invalid_height,3,False,False,"[304.217551635202, 0.1]",0.1,,1,8080,0.035338709014467895
qwen_qwen3_32b,GA_FIXED,bmi_category,invalid_height,4,False,False,"[2241.412733894821, 0.1]",0.1,,1,8080,0.035413125064224005
qwen_qwen3_32b,GA_FIXED,bmi_category,invalid_height,5,False,False,"[54.75328731159823, 0.1]",0.1,,1,8080,0.0351954170037061
qwen_qwen3_32b,GA_FIXED,bmi_category,invalid_height,6,False,False,"[1900.457549524725, 0.1]",0.1,,1,8080,0.03522249998059124
qwen_qwen3_32b,GA_FIXED,bmi_category,invalid_height,7,False,False,"[1131.6174766782892, 0.1]",0.1,,1,8080,0.03524045797530562
qwen_qwen3_32b,GA_FIXED,bmi_category,invalid_height,8,False,False,"[2007.0287315290575, 0.1]",0.1,,1,8080,0.03522995801176876
qwen_qwen3_32b,GA_FIXED,bmi_category,invalid_height,9,False,False,"[1600.5231863412944, 0.1]",0.1,,1,8080,0.03531025000847876
qwen_qwen3_32b,GA_FIXED,bmi_category,invalid_height,10,False,False,"[1947.5956540226525, 0.1]",0.1,,1,8080,0.03537083405535668
qwen_qwen3_32b,GA_FIXED,bmi_category,invalid_height,11,False,False,"[869.8252525442135, 0.1]",0.1,,1,8080,0.03529995901044458
qwen_qwen3_32b,GA_FIXED,bmi_category,invalid_height,12,False,False,"[1181.1331163081118, 0.1]",0.1,,2,8080,0.03526708297431469
qwen_qwen3_32b,GA_FIXED,bmi_category,invalid_height,13,False,False,"[111.20374159558088, 0.1]",0.1,,2,8080,0.035192874958738685
qwen_qwen3_32b,GA_FIXED,bmi_category,invalid_height,14,False,False,"[81.92443333170152, 0.1]",0.1,,1,8080,0.035232917056418955
qwen_qwen3_32b,GA_FIXED,bmi_category,invalid_height,15,False,False,"[936.7515455617796, 0.1]",0.1,,1,8080,0.03522420802619308
qwen_qwen3_32b,GA_FIXED,bmi_category,invalid_height,16,False,False,"[2341.0835123918177, 0.1]",0.1,,1,8080,0.035186124965548515
qwen_qwen3_32b,GA_FIXED,bmi_category,invalid_height,17,False,False,"[276.77949498417655, 0.1]",0.1,,1,8080,0.03522608301136643
qwen_qwen3_32b,GA_FIXED,bmi_category,invalid_height,18,False,False,"[651.0162389698544, 0.1]",0.1,,1,8080,0.03533975000027567
qwen_qwen3_32b,GA_FIXED,bmi_category,invalid_height,19,False,False,"[524.5755787427195, 0.1]",0.1,,1,8080,0.03535825002472848
qwen_qwen3_32b,GA_FIXED,bmi_category,invalid_height,20,False,False,"[354.9952443689846, 0.1]",0.1,,1,8080,0.03541370795574039
qwen_qwen3_32b,GA_FIXED,bmi_category,invalid_height,21,False,False,"[2937.332554115848, 0.1]",0.1,,1,8080,0.03554049995727837
qwen_qwen3_32b,GA_FIXED,bmi_category,invalid_height,22,False,False,"[1969.8510488647562, 0.1]",0.1,,1,8080,0.03525349998380989
qwen_qwen3_32b,GA_FIXED,bmi_category,invalid_height,23,False,False,"[961.1843252532515, 0.1]",0.1,,1,8080,0.03507624997291714
qwen_qwen3_32b,GA_FIXED,bmi_category,invalid_height,24,False,False,"[903.0158868847873, 0.1]",0.1,,1,8080,0.03514483303297311
qwen_qwen3_32b,GA_FIXED,bmi_category,invalid_height,25,False,False,"[516.8230468138577, 0.1]",0.1,,1,8080,0.035048707970418036
qwen_qwen3_32b,GA_FIXED,bmi_category,invalid_height,26,False,False,"[871.6004424676535, 0.1]",0.1,,1,8080,0.03524116694461554
qwen_qwen3_32b,GA_FIXED,bmi_category,invalid_height,27,False,False,"[119.34184236281675, 0.1]",0.1,,1,8080,0.03526579204481095
qwen_qwen3_32b,GA_FIXED,bmi_category,invalid_height,28,False,False,"[1622.6158086641303, 0.1]",0.1,,1,8080,0.03554441698361188
qwen_qwen3_32b,GA_FIXED,bmi_category,invalid_height,29,False,False,"[2865.5177861839857, 0.1]",0.1,,1,8080,0.03555174998473376
qwen_qwen3_32b,GA_FIXED,bmi_category,underweight,0,True,True,"[46.702548954323795, 2.028538077726505]",0.0,underweight,0,80,6.058404687792063e-05
qwen_qwen3_32b,GA_FIXED,bmi_category,underweight,1,True,True,"[6.062462971008209, 2.626614669000351]",0.0,underweight,0,80,5.625002086162567e-05
qwen_qwen3_32b,GA_FIXED,bmi_category,underweight,2,True,True,"[37.37311987472858, 1.7951914400896427]",0.0,underweight,0,80,5.7041062973439693e-05
qwen_qwen3_32b,GA_FIXED,bmi_category,underweight,3,True,True,"[66.50531408942683, 2.784042740307839]",0.0,underweight,0,80,5.379098001867533e-05
qwen_qwen3_32b,GA_FIXED,bmi_category,underweight,4,True,True,"[115.08265515626736, 2.8159309327631736]",0.0,underweight,0,80,5.308305844664574e-05
qwen_qwen3_32b,GA_FIXED,bmi_category,underweight,5,True,True,"[11.149263374730323, 1.0328831609294233]",0.0,underweight,0,80,5.229096859693527e-05
qwen_qwen3_32b,GA_FIXED,bmi_category,underweight,6,True,True,"[91.66809144375365, 2.419180510610153]",0.0,underweight,0,80,5.283299833536148e-05
qwen_qwen3_32b,GA_FIXED,bmi_category,underweight,7,True,True,"[1.5570893758681814, 2.8693702641894716]",0.0,underweight,2,240,0.0007937500486150384
qwen_qwen3_32b,GA_FIXED,bmi_category,underweight,8,True,True,"[52.351953209568315, 2.4056558160702908]",0.0,underweight,0,80,5.3875031881034374e-05
qwen_qwen3_32b,GA_FIXED,bmi_category,underweight,9,True,True,"[54.32332442159049, 2.6075089585913505]",0.0,underweight,1,160,0.00041320803575217724
qwen_qwen3_32b,GA_FIXED,bmi_category,underweight,10,True,True,"[12.435361731666816, 1.5097628006215258]",0.0,underweight,0,80,5.3292023949325085e-05
qwen_qwen3_32b,GA_FIXED,bmi_category,underweight,11,True,True,"[32.51392248633322, 2.545552411030434]",0.0,underweight,0,80,5.258305463939905e-05
qwen_qwen3_32b,GA_FIXED,bmi_category,underweight,12,True,True,"[91.93673690781368, 2.3094869482509055]",0.0,underweight,0,80,4.912493750452995e-05
qwen_qwen3_32b,GA_FIXED,bmi_category,underweight,13,True,True,"[3.325096446326725, 0.7428875507961639]",0.0,underweight,0,80,5.295802839100361e-05
qwen_qwen3_32b,GA_FIXED,bmi_category,underweight,14,True,True,"[57.83295798485788, 2.1707951890344153]",0.0,underweight,0,80,5.324999801814556e-05
qwen_qwen3_32b,GA_FIXED,bmi_category,underweight,15,True,True,"[1.390712841298103, 2.9317958525339107]",0.0,underweight,0,80,5.3040916100144386e-05
qwen_qwen3_32b,GA_FIXED,bmi_category,underweight,16,True,True,"[54.53213473405671, 1.7770842978292105]",0.0,underweight,0,80,5.2666058763861656e-05
qwen_qwen3_32b,GA_FIXED,bmi_category,underweight,17,True,True,"[88.89039401703613, 2.9260650830041732]",0.0,underweight,0,80,5.295802839100361e-05
qwen_qwen3_32b,GA_FIXED,bmi_category,underweight,18,True,True,"[48.963370470186284, 2.8363557350711917]",0.0,underweight,0,80,5.258305463939905e-05
qwen_qwen3_32b,GA_FIXED,bmi_category,underweight,19,True,True,"[44.991234132456206, 2.8082793650233486]",0.0,underweight,0,80,5.304196383804083e-05
qwen_qwen3_32b,GA_FIXED,bmi_category,underweight,20,True,True,"[102.14232696737247, 2.9262180137797937]",0.0,underweight,0,80,5.291705019772053e-05
qwen_qwen3_32b,GA_FIXED,bmi_category,underweight,21,True,True,"[51.94306738164789, 2.1990774535551454]",0.0,underweight,1,160,0.0004130830056965351
qwen_qwen3_32b,GA_FIXED,bmi_category,underweight,22,True,True,"[50.67164185476236, 2.6900480396116375]",0.0,underweight,0,80,5.3459079936146736e-05
qwen_qwen3_32b,GA_FIXED,bmi_category,underweight,23,True,True,"[20.790542811508384, 2.1938439834364813]",0.0,underweight,0,80,5.279097240418196e-05
qwen_qwen3_32b,GA_FIXED,bmi_category,underweight,24,True,True,"[68.71756488548985, 2.8507853872175652]",0.0,underweight,1,160,0.0004104169784113765
qwen_qwen3_32b,GA_FIXED,bmi_category,underweight,25,True,True,"[90.71270089431394, 2.7568664377350065]",0.0,underweight,0,80,5.266699008643627e-05
qwen_qwen3_32b,GA_FIXED,bmi_category,underweight,26,True,True,"[3.8989942824992907, 1.237119952166009]",0.0,underweight,0,80,5.241704639047384e-05
qwen_qwen3_32b,GA_FIXED,bmi_category,underweight,27,True,True,"[60.65227912506532, 1.9970805153414601]",0.0,underweight,0,80,5.270796827971935e-05
qwen_qwen3_32b,GA_FIXED,bmi_category,underweight,28,True,True,"[14.375739307893154, 0.9219744198352834]",0.0,underweight,0,80,5.27920201420784e-05
qwen_qwen3_32b,GA_FIXED,bmi_category,underweight,29,True,True,"[161.54532929982958, 2.9652217055368326]",0.0,underweight,0,80,5.279097240418196e-05
qwen_qwen3_32b,GA_FIXED,bmi_category,normal,0,True,True,"[156.56889076996538, 2.60609576406498]",0.0,normal,1,160,0.00041783403139561415
qwen_qwen3_32b,GA_FIXED,bmi_category,normal,1,True,True,"[78.51832917011336, 1.9642989586713755]",0.0,normal,0,80,5.6333024986088276e-05
qwen_qwen3_32b,GA_FIXED,bmi_category,normal,2,True,True,"[216.33856315775756, 2.968224369421299]",0.0,normal,2,240,0.0007773340912535787
qwen_qwen3_32b,GA_FIXED,bmi_category,normal,3,True,True,"[213.51987590186184, 2.940325257885725]",0.0,normal,0,80,5.987496115267277e-05
qwen_qwen3_32b,GA_FIXED,bmi_category,normal,4,True,True,"[123.72524863747148, 2.302897694276719]",0.0,normal,0,80,5.645793862640858e-05
qwen_qwen3_32b,GA_FIXED,bmi_category,normal,5,True,True,"[142.93957125178923, 2.610905902590557]",0.0,normal,0,80,5.720800254493952e-05
qwen_qwen3_32b,GA_FIXED,bmi_category,normal,6,True,True,"[67.98524790230809, 1.7590172516994822]",0.0,normal,3,320,0.0011577080003917217
qwen_qwen3_32b,GA_FIXED,bmi_category,normal,7,True,True,"[218.89982611820562, 3.0]",0.0,normal,2,240,0.0007927910191938281
qwen_qwen3_32b,GA_FIXED,bmi_category,normal,8,True,True,"[167.972846998368, 2.927325984964268]",0.0,normal,0,80,5.704199429601431e-05
qwen_qwen3_32b,GA_FIXED,bmi_category,normal,9,True,True,"[170.0502455446745, 2.781621386814023]",0.0,normal,0,80,5.662499461323023e-05
qwen_qwen3_32b,GA_FIXED,bmi_category,normal,10,True,True,"[55.04643110647622, 1.583998667531486]",0.0,normal,0,80,5.7040946558117867e-05
qwen_qwen3_32b,GA_FIXED,bmi_category,normal,11,True,True,"[185.88036475756152, 2.941490244543968]",0.0,normal,1,160,0.00041916698683053255
qwen_qwen3_32b,GA_FIXED,bmi_category,normal,12,True,True,"[127.88202212244127, 2.508630722233887]",0.0,normal,2,240,0.0007808749796822667
qwen_qwen3_32b,GA_FIXED,bmi_category,normal,13,True,True,"[58.09463960528283, 1.5944416548556595]",0.0,normal,1,160,0.00042070902418345213
qwen_qwen3_32b,GA_FIXED,bmi_category,normal,14,True,True,"[139.89810037877092, 2.4921658144711802]",0.0,normal,1,160,0.00042799999937415123
qwen_qwen3_32b,GA_FIXED,bmi_category,normal,15,True,True,"[26.764174976948553, 1.13121038267949]",0.0,normal,1,160,0.0004164160927757621
qwen_qwen3_32b,GA_FIXED,bmi_category,normal,16,True,True,"[108.48635729936396, 2.3132777091488665]",0.0,normal,3,320,0.001135875005275011
qwen_qwen3_32b,GA_FIXED,bmi_category,normal,17,True,True,"[179.54629336328597, 2.9265698089784724]",0.0,normal,0,80,5.683302879333496e-05
qwen_qwen3_32b,GA_FIXED,bmi_category,normal,18,True,True,"[189.0758424719988, 2.912398075453569]",0.0,normal,0,80,5.695805884897709e-05
qwen_qwen3_32b,GA_FIXED,bmi_category,normal,19,True,True,"[167.46995260340202, 2.7203558308456706]",0.0,normal,1,160,0.0004177499795332551
qwen_qwen3_32b,GA_FIXED,bmi_category,normal,20,True,True,"[87.50553921844262, 2.0922996988861677]",0.0,normal,1,160,0.00042216700967401266
qwen_qwen3_32b,GA_FIXED,bmi_category,normal,21,True,True,"[51.23760931676491, 1.479357759366487]",0.0,normal,1,160,0.0004180420655757189
qwen_qwen3_32b,GA_FIXED,bmi_category,normal,22,True,True,"[144.23889095695796, 2.7519739472704408]",0.0,normal,0,80,5.6582968682050705e-05
qwen_qwen3_32b,GA_FIXED,bmi_category,normal,23,True,True,"[76.48529910909996, 1.9721670281873371]",0.0,normal,1,160,0.00042200007010251284
qwen_qwen3_32b,GA_FIXED,bmi_category,normal,24,True,True,"[108.0300464444236, 2.3128609489673755]",0.0,normal,2,240,0.0007892500143498182
qwen_qwen3_32b,GA_FIXED,bmi_category,normal,25,True,True,"[192.77453239019803, 2.9287594696642167]",0.0,normal,0,80,5.6916032917797565e-05
qwen_qwen3_32b,GA_FIXED,bmi_category,normal,26,True,True,"[146.84106874284896, 2.636449951385252]",0.0,normal,1,160,0.0004272080259397626
qwen_qwen3_32b,GA_FIXED,bmi_category,normal,27,True,True,"[156.5180666494822, 2.881970292656771]",0.0,normal,1,160,0.0004431669367477298
qwen_qwen3_32b,GA_FIXED,bmi_category,normal,28,True,True,"[51.352218313202805, 1.5817453678852686]",0.0,normal,1,160,0.00043179199565202
qwen_qwen3_32b,GA_FIXED,bmi_category,normal,29,True,True,"[7.114788110651915, 0.5732432866134706]",0.0,normal,0,80,5.937495734542608e-05
qwen_qwen3_32b,GA_FIXED,bmi_category,overweight,0,True,True,"[208.6712229736128, 2.761556373387726]",0.0,overweight,1,160,0.00042454106733202934
qwen_qwen3_32b,GA_FIXED,bmi_category,overweight,1,True,True,"[168.72460118927813, 2.49959124632418]",0.0,overweight,1,160,0.00042104197200387716
qwen_qwen3_32b,GA_FIXED,bmi_category,overweight,2,True,True,"[53.21260819878015, 1.4132505722937163]",0.0,overweight,1,160,0.0004193750210106373
qwen_qwen3_32b,GA_FIXED,bmi_category,overweight,3,True,True,"[74.57598192697468, 1.6288866050767634]",0.0,overweight,1,160,0.00042104197200387716
qwen_qwen3_32b,GA_FIXED,bmi_category,overweight,4,True,True,"[89.73872816486583, 1.8075819738054846]",0.0,overweight,3,320,0.0011574580566957593
qwen_qwen3_32b,GA_FIXED,bmi_category,overweight,5,True,True,"[155.6782904821471, 2.2875176894342726]",0.0,overweight,1,160,0.0004167909501120448
qwen_qwen3_32b,GA_FIXED,bmi_category,overweight,6,True,True,"[39.42876117281702, 1.2369313439164742]",0.0,overweight,2,240,0.0007887498941272497
qwen_qwen3_32b,GA_FIXED,bmi_category,overweight,7,True,True,"[61.63802480139613, 1.5256122209749101]",0.0,overweight,2,240,0.0007845839718356729
qwen_qwen3_32b,GA_FIXED,bmi_category,overweight,8,True,True,"[87.33031561956307, 1.731538773419283]",0.0,overweight,0,80,5.670799873769283e-05
qwen_qwen3_32b,GA_FIXED,bmi_category,overweight,9,True,True,"[179.05777890833374, 2.5914368454530288]",0.0,overweight,1,160,0.00041687500197440386
qwen_qwen3_32b,GA_FIXED,bmi_category,overweight,10,True,True,"[259.951516619912, 2.955846119842851]",0.0,overweight,1,160,0.0004206249723210931
qwen_qwen3_32b,GA_FIXED,bmi_category,overweight,11,True,True,"[158.91245502557138, 2.302864718244343]",0.0,overweight,0,80,5.733291618525982e-05
qwen_qwen3_32b,GA_FIXED,bmi_category,overweight,12,True,True,"[260.65979611990883, 3.0]",0.0,overweight,1,160,0.00042104104068130255
qwen_qwen3_32b,GA_FIXED,bmi_category,overweight,13,True,True,"[64.45920604098798, 1.5764198003793555]",0.0,overweight,3,320,0.0011417919304221869
qwen_qwen3_32b,GA_FIXED,bmi_category,overweight,14,True,True,"[102.26964146582718, 1.9540687362442524]",0.0,overweight,0,80,5.6999968364834785e-05
qwen_qwen3_32b,GA_FIXED,bmi_category,overweight,15,True,True,"[215.5532545481914, 2.7235092591570633]",0.0,overweight,1,160,0.0004218749236315489
qwen_qwen3_32b,GA_FIXED,bmi_category,overweight,16,True,True,"[115.11781943371346, 1.959520318373311]",0.0,overweight,3,320,0.0011356249451637268
qwen_qwen3_32b,GA_FIXED,bmi_category,overweight,17,True,True,"[130.66001874991463, 2.0934865898667816]",0.0,overweight,0,80,5.737494211643934e-05
qwen_qwen3_32b,GA_FIXED,bmi_category,overweight,18,True,True,"[233.03287189410764, 3.0]",0.0,overweight,1,160,0.00042087503243237734
qwen_qwen3_32b,GA_FIXED,bmi_category,overweight,19,True,True,"[176.6882209783428, 2.5863669784921117]",0.0,overweight,2,240,0.0007842499762773514
qwen_qwen3_32b,GA_FIXED,bmi_category,overweight,20,True,True,"[217.0590545472264, 2.8450530005521997]",0.0,overweight,0,80,5.737494211643934e-05
qwen_qwen3_32b,GA_FIXED,bmi_category,overweight,21,True,True,"[184.2253261298813, 2.6104744234824775]",0.0,overweight,1,160,0.0004249579505994916
qwen_qwen3_32b,GA_FIXED,bmi_category,overweight,22,True,True,"[178.88649130287902, 2.607884480054766]",0.0,overweight,0,80,5.720788612961769e-05
qwen_qwen3_32b,GA_FIXED,bmi_category,overweight,23,True,True,"[199.90997601441052, 2.734796318865174]",0.0,overweight,0,80,5.729193799197674e-05
qwen_qwen3_32b,GA_FIXED,bmi_category,overweight,24,True,True,"[197.68647944872686, 2.6196765161461473]",0.0,overweight,1,160,0.00042329193092882633
qwen_qwen3_32b,GA_FIXED,bmi_category,overweight,25,True,True,"[265.56939000314355, 3.0]",0.0,overweight,2,240,0.0007869999390095472
qwen_qwen3_32b,GA_FIXED,bmi_category,overweight,26,True,True,"[186.6172148869284, 2.552430956841768]",0.0,overweight,0,80,5.6999968364834785e-05
qwen_qwen3_32b,GA_FIXED,bmi_category,overweight,27,True,True,"[145.1709443732957, 2.306617591791056]",0.0,overweight,0,80,5.720800254493952e-05
qwen_qwen3_32b,GA_FIXED,bmi_category,overweight,28,True,True,"[203.83855261349987, 2.738375579239234]",0.0,overweight,3,320,0.0011540420819073915
qwen_qwen3_32b,GA_FIXED,bmi_category,overweight,29,True,True,"[188.69355575342615, 2.71592156485282]",0.0,overweight,2,240,0.0007813340052962303
qwen_qwen3_32b,GA_FIXED,bmi_category,obese,0,True,True,"[594.614584321928, 2.5951991910672394]",0.0,obese,0,80,5.466700531542301e-05
qwen_qwen3_32b,GA_FIXED,bmi_category,obese,1,True,True,"[1435.8874002411128, 0.5123940046146718]",0.0,obese,0,80,5.4040923714637756e-05
qwen_qwen3_32b,GA_FIXED,bmi_category,obese,2,True,True,"[491.5409799613395, 1.9504612212073156]",0.0,obese,0,80,5.458306986838579e-05
qwen_qwen3_32b,GA_FIXED,bmi_category,obese,3,True,True,"[1893.7518132923958, 1.0301996164975358]",0.0,obese,0,80,5.370797589421272e-05
qwen_qwen3_32b,GA_FIXED,bmi_category,obese,4,True,True,"[1425.2076477580617, 1.3647224876007256]",0.0,obese,0,80,5.441706161946058e-05
qwen_qwen3_32b,GA_FIXED,bmi_category,obese,5,True,True,"[1790.5943643634698, 2.1765492869704905]",0.0,obese,0,80,5.450006574392319e-05
qwen_qwen3_32b,GA_FIXED,bmi_category,obese,6,True,True,"[2051.5517331946094, 0.4541489271071284]",0.0,obese,0,80,5.4458039812743664e-05
qwen_qwen3_32b,GA_FIXED,bmi_category,obese,7,True,True,"[2739.638876376141, 1.5754416071984367]",0.0,obese,0,80,5.4040923714637756e-05
qwen_qwen3_32b,GA_FIXED,bmi_category,obese,8,True,True,"[2238.8762180452436, 0.2699701029348295]",0.0,obese,0,80,5.4582953453063965e-05
qwen_qwen3_32b,GA_FIXED,bmi_category,obese,9,True,True,"[386.2624547607998, 2.3231268000024694]",0.0,obese,0,80,5.441601388156414e-05
qwen_qwen3_32b,GA_FIXED,bmi_category,obese,10,True,True,"[508.5927761617557, 1.131931537422076]",0.0,obese,0,80,5.441706161946058e-05
qwen_qwen3_32b,GA_FIXED,bmi_category,obese,11,True,True,"[392.8419995998137, 1.9885681948457286]",0.0,obese,0,80,5.470809992402792e-05
qwen_qwen3_32b,GA_FIXED,bmi_category,obese,12,True,True,"[936.398613691293, 2.8750170593418014]",0.0,obese,0,80,5.40419714525342e-05
qwen_qwen3_32b,GA_FIXED,bmi_category,obese,13,True,True,"[965.2881972653, 0.6325442471325622]",0.0,obese,0,80,5.41249755769968e-05
qwen_qwen3_32b,GA_FIXED,bmi_category,obese,14,True,True,"[492.32147385838056, 2.785209698000309]",0.0,obese,0,80,5.408306606113911e-05
qwen_qwen3_32b,GA_FIXED,bmi_category,obese,15,True,True,"[1194.809107634392, 0.4143050523964539]",0.0,obese,0,80,5.666702054440975e-05
qwen_qwen3_32b,GA_FIXED,bmi_category,obese,16,True,True,"[1454.706590380154, 2.280491888124174]",0.0,obese,0,80,5.470798350870609e-05
qwen_qwen3_32b,GA_FIXED,bmi_category,obese,17,True,True,"[2814.2286430668605, 2.115094663320703]",0.0,obese,0,80,5.4582953453063965e-05
qwen_qwen3_32b,GA_FIXED,bmi_category,obese,18,True,True,"[2068.1161855725527, 0.2602144163420438]",0.0,obese,0,80,5.4333009757101536e-05
qwen_qwen3_32b,GA_FIXED,bmi_category,obese,19,True,True,"[1516.2053545810884, 2.0512834567877856]",0.0,obese,0,80,5.370797589421272e-05
qwen_qwen3_32b,GA_FIXED,bmi_category,obese,20,True,True,"[774.9275332765966, 1.0511690389373969]",0.0,obese,0,80,5.3833937272429466e-05
qwen_qwen3_32b,GA_FIXED,bmi_category,obese,21,True,True,"[1364.341283639358, 2.8610847518470504]",0.0,obese,0,80,5.3958967328071594e-05
qwen_qwen3_32b,GA_FIXED,bmi_category,obese,22,True,True,"[2392.817516734952, 0.4729567768109093]",0.0,obese,0,80,5.462497938424349e-05
qwen_qwen3_32b,GA_FIXED,bmi_category,obese,23,True,True,"[1226.1887116525518, 2.856806776157721]",0.0,obese,0,80,5.416700150817633e-05
qwen_qwen3_32b,GA_FIXED,bmi_category,obese,24,True,True,"[526.8683720945706, 0.3677788253063887]",0.0,obese,0,80,5.416700150817633e-05
qwen_qwen3_32b,GA_FIXED,bmi_category,obese,25,True,True,"[739.8908967297042, 0.33159488638280876]",0.0,obese,0,80,5.3750001825392246e-05
qwen_qwen3_32b,GA_FIXED,bmi_category,obese,26,True,True,"[106.2289661725465, 1.487211072755705]",0.0,obese,0,80,5.3875031881034374e-05
qwen_qwen3_32b,GA_FIXED,bmi_category,obese,27,True,True,"[1086.06055783654, 1.839471380150155]",0.0,obese,0,80,5.4249889217317104e-05
qwen_qwen3_32b,GA_FIXED,bmi_category,obese,28,True,True,"[1911.520316154113, 1.961716285303869]",0.0,obese,0,80,5.437503568828106e-05
qwen_qwen3_32b,GA_FIXED,bmi_category,obese,29,True,True,"[2698.081071662937, 2.759161469868433]",0.0,obese,0,80,5.454209167510271e-05
qwen_qwen3_32b,GA_FIXED,list_pattern,too_short,0,True,True,[[]],0.0,too_short,0,80,0.00013225001748651266
qwen_qwen3_32b,GA_FIXED,list_pattern,too_short,1,True,True,[[27]],0.0,too_short,0,80,0.00012033293023705482
qwen_qwen3_32b,GA_FIXED,list_pattern,too_short,2,True,True,[[]],0.0,too_short,0,80,0.00012508302461355925
qwen_qwen3_32b,GA_FIXED,list_pattern,too_short,3,True,True,[[]],0.0,too_short,0,80,0.0001247500767931342
qwen_qwen3_32b,GA_FIXED,list_pattern,too_short,4,True,True,[[]],0.0,too_short,0,80,0.0001189579488709569
qwen_qwen3_32b,GA_FIXED,list_pattern,too_short,5,True,True,[[44]],0.0,too_short,0,80,0.0001247919863089919
qwen_qwen3_32b,GA_FIXED,list_pattern,too_short,6,True,True,[[]],0.0,too_short,0,80,0.00012145889922976494
qwen_qwen3_32b,GA_FIXED,list_pattern,too_short,7,True,True,[[1]],0.0,too_short,0,80,0.000132917077280581
qwen_qwen3_32b,GA_FIXED,list_pattern,too_short,8,True,True,[[54]],0.0,too_short,0,80,0.00012533296830952168
qwen_qwen3_32b,GA_FIXED,list_pattern,too_short,9,True,True,[[]],0.0,too_short,0,80,0.00012387498281896114
qwen_qwen3_32b,GA_FIXED,list_pattern,too_short,10,True,True,[[]],0.0,too_short,0,80,0.00011787505354732275
qwen_qwen3_32b,GA_FIXED,list_pattern,too_short,11,True,True,[[-47]],0.0,too_short,0,80,0.00011791603174060583
qwen_qwen3_32b,GA_FIXED,list_pattern,too_short,12,True,True,[[-26]],0.0,too_short,0,80,0.0001272909576073289
qwen_qwen3_32b,GA_FIXED,list_pattern,too_short,13,True,True,[[]],0.0,too_short,0,80,0.00012416706886142492
qwen_qwen3_32b,GA_FIXED,list_pattern,too_short,14,True,True,[[]],0.0,too_short,0,80,0.00012600002810359
qwen_qwen3_32b,GA_FIXED,list_pattern,too_short,15,True,True,[[-14]],0.0,too_short,0,80,0.00012270803563296795
qwen_qwen3_32b,GA_FIXED,list_pattern,too_short,16,True,True,[[]],0.0,too_short,0,80,0.00012083398178219795
qwen_qwen3_32b,GA_FIXED,list_pattern,too_short,17,True,True,[[]],0.0,too_short,0,80,0.00012783403508365154
qwen_qwen3_32b,GA_FIXED,list_pattern,too_short,18,True,True,[[]],0.0,too_short,0,80,0.00011966703459620476
qwen_qwen3_32b,GA_FIXED,list_pattern,too_short,19,True,True,[[]],0.0,too_short,0,80,0.00012058299034833908
qwen_qwen3_32b,GA_FIXED,list_pattern,too_short,20,True,True,[[]],0.0,too_short,0,80,0.00011708308011293411
qwen_qwen3_32b,GA_FIXED,list_pattern,too_short,21,True,True,[[]],0.0,too_short,0,80,0.00012616696767508984
qwen_qwen3_32b,GA_FIXED,list_pattern,too_short,22,True,True,[[]],0.0,too_short,0,80,0.00011829100549221039
qwen_qwen3_32b,GA_FIXED,list_pattern,too_short,23,True,True,[[98]],0.0,too_short,0,80,0.00012666697148233652
qwen_qwen3_32b,GA_FIXED,list_pattern,too_short,24,True,True,[[43]],0.0,too_short,0,80,0.00012824998702853918
qwen_qwen3_32b,GA_FIXED,list_pattern,too_short,25,True,True,[[]],0.0,too_short,0,80,0.0001218749675899744
qwen_qwen3_32b,GA_FIXED,list_pattern,too_short,26,True,True,[[]],0.0,too_short,0,80,0.0001427909592166543
qwen_qwen3_32b,GA_FIXED,list_pattern,too_short,27,True,True,[[]],0.0,too_short,0,80,0.00012512505054473877
qwen_qwen3_32b,GA_FIXED,list_pattern,too_short,28,True,True,[[]],0.0,too_short,0,80,0.00014829193241894245
qwen_qwen3_32b,GA_FIXED,list_pattern,too_short,29,True,True,[[-7]],0.0,too_short,0,80,0.00012437498662620783
qwen_qwen3_32b,GA_FIXED,list_pattern,sorted_with_duplicates,0,True,True,"[[18, 70, 74, 74]]",0.0,sorted_with_duplicates,4,400,0.0018917920533567667
qwen_qwen3_32b,GA_FIXED,list_pattern,sorted_with_duplicates,1,True,True,"[[-18, -18]]",0.0,sorted_with_duplicates,37,3040,0.01614487508777529
qwen_qwen3_32b,GA_FIXED,list_pattern,sorted_with_duplicates,2,True,True,"[[9, 66, 66]]",0.0,sorted_with_duplicates,54,4400,0.023147083004005253
qwen_qwen3_32b,GA_FIXED,list_pattern,sorted_with_duplicates,3,False,False,"[[32, -92, 11, 41, 48, 10, -24, 96]]",1.0,,0,8080,0.04741100000683218
qwen_qwen3_32b,GA_FIXED,list_pattern,sorted_with_duplicates,4,True,True,"[[81, 81]]",0.0,sorted_with_duplicates,35,2880,0.015860082930885255
qwen_qwen3_32b,GA_FIXED,list_pattern,sorted_with_duplicates,5,True,True,"[[-88, -88]]",0.0,sorted_with_duplicates,23,1920,0.010427208966575563
qwen_qwen3_32b,GA_FIXED,list_pattern,sorted_with_duplicates,6,True,True,"[[-5, -5, 51]]",0.0,sorted_with_duplicates,3,320,0.001446416019462049
qwen_qwen3_32b,GA_FIXED,list_pattern,sorted_with_duplicates,7,True,True,"[[-59, -59]]",0.0,sorted_with_duplicates,49,4000,0.02168650005478412
qwen_qwen3_32b,GA_FIXED,list_pattern,sorted_with_duplicates,8,True,True,"[[-32, 70, 70]]",0.0,sorted_with_duplicates,59,4800,0.027538957889191806
qwen_qwen3_32b,GA_FIXED,list_pattern,sorted_with_duplicates,9,False,False,[[-22]],1.0,,0,8080,0.04202029190491885
qwen_qwen3_32b,GA_FIXED,list_pattern,sorted_with_duplicates,10,True,True,"[[-74, -74]]",0.0,sorted_with_duplicates,0,80,0.000140415970236063
qwen_qwen3_32b,GA_FIXED,list_pattern,sorted_with_duplicates,11,True,True,"[[70, 70]]",0.0,sorted_with_duplicates,78,6320,0.03421004198025912
qwen_qwen3_32b,GA_FIXED,list_pattern,sorted_with_duplicates,12,True,True,"[[-55, 71, 71, 82]]",0.0,sorted_with_duplicates,97,7840,0.04311808303464204
qwen_qwen3_32b,GA_FIXED,list_pattern,sorted_with_duplicates,13,True,True,"[[35, 35]]",0.0,sorted_with_duplicates,87,7040,0.03851187496911734
qwen_qwen3_32b,GA_FIXED,list_pattern,sorted_with_duplicates,14,True,True,"[[29, 29]]",0.0,sorted_with_duplicates,88,7120,0.04202399996574968
qwen_qwen3_32b,GA_FIXED,list_pattern,sorted_with_duplicates,15,True,True,"[[10, 10, 51]]",0.0,sorted_with_duplicates,12,1040,0.005311875022016466
qwen_qwen3_32b,GA_FIXED,list_pattern,sorted_with_duplicates,16,True,True,"[[41, 51, 51]]",0.0,sorted_with_duplicates,2,240,0.0010122080566361547
qwen_qwen3_32b,GA_FIXED,list_pattern,sorted_with_duplicates,17,True,True,"[[-28, 17, 17]]",0.0,sorted_with_duplicates,0,80,0.0001405840739607811
qwen_qwen3_32b,GA_FIXED,list_pattern,sorted_with_duplicates,18,True,True,"[[-65, 44, 44]]",0.0,sorted_with_duplicates,39,3200,0.01600833295378834
qwen_qwen3_32b,GA_FIXED,list_pattern,sorted_with_duplicates,19,True,True,"[[13, 13]]",0.0,sorted_with_duplicates,35,2880,0.015086499974131584
qwen_qwen3_32b,GA_FIXED,list_pattern,sorted_with_duplicates,20,True,True,"[[-84, -84, -43]]",0.0,sorted_with_duplicates,40,3280,0.017605750006623566
qwen_qwen3_32b,GA_FIXED,list_pattern,sorted_with_duplicates,21,True,True,"[[50, 91, 91]]",0.0,sorted_with_duplicates,10,880,0.004739041090942919
qwen_qwen3_32b,GA_FIXED,list_pattern,sorted_with_duplicates,22,True,True,"[[12, 12]]",0.0,sorted_with_duplicates,38,3120,0.015608082991093397
qwen_qwen3_32b,GA_FIXED,list_pattern,sorted_with_duplicates,23,True,True,"[[-93, -93]]",0.0,sorted_with_duplicates,26,2160,0.012182999984361231
qwen_qwen3_32b,GA_FIXED,list_pattern,sorted_with_duplicates,24,True,True,"[[-1, -1, 11]]",0.0,sorted_with_duplicates,10,880,0.00442925002425909
qwen_qwen3_32b,GA_FIXED,list_pattern,sorted_with_duplicates,25,True,True,"[[43, 44, 77, 77]]",0.0,sorted_with_duplicates,47,3840,0.022750083007849753
qwen_qwen3_32b,GA_FIXED,list_pattern,sorted_with_duplicates,26,True,True,"[[83, 83]]",0.0,sorted_with_duplicates,21,1760,0.009340833057649434
qwen_qwen3_32b,GA_FIXED,list_pattern,sorted_with_duplicates,27,True,True,"[[-94, -61, -61, 96]]",0.0,sorted_with_duplicates,37,3040,0.016324875061400235
qwen_qwen3_32b,GA_FIXED,list_pattern,sorted_with_duplicates,28,True,True,"[[21, 21]]",0.0,sorted_with_duplicates,21,1760,0.00918133300729096
qwen_qwen3_32b,GA_FIXED,list_pattern,sorted_with_duplicates,29,True,True,"[[-76, -76, 39, 97]]",0.0,sorted_with_duplicates,16,1360,0.00742450007237494
qwen_qwen3_32b,GA_FIXED,list_pattern,sorted_unique,0,True,True,"[[-50, -17]]",0.0,sorted_unique,0,80,0.0001415410079061985
qwen_qwen3_32b,GA_FIXED,list_pattern,sorted_unique,1,True,True,"[[-86, 35]]",0.0,sorted_unique,0,80,0.00013645796570926905
qwen_qwen3_32b,GA_FIXED,list_pattern,sorted_unique,2,True,True,"[[-2, 89]]",0.0,sorted_unique,0,80,0.00013812503311783075
qwen_qwen3_32b,GA_FIXED,list_pattern,sorted_unique,3,True,True,"[[-38, 83]]",0.0,sorted_unique,0,80,0.00012629199773073196
qwen_qwen3_32b,GA_FIXED,list_pattern,sorted_unique,4,True,True,"[[-23, 91]]",0.0,sorted_unique,0,80,0.0001332910032942891
qwen_qwen3_32b,GA_FIXED,list_pattern,sorted_unique,5,True,True,"[[-49, 50, 55]]",0.0,sorted_unique,0,80,0.00013470801059156656
qwen_qwen3_32b,GA_FIXED,list_pattern,sorted_unique,6,True,True,"[[31, 41]]",0.0,sorted_unique,0,80,0.00013599998783320189
qwen_qwen3_32b,GA_FIXED,list_pattern,sorted_unique,7,True,True,"[[46, 51]]",0.0,sorted_unique,0,80,0.0001328340731561184
qwen_qwen3_32b,GA_FIXED,list_pattern,sorted_unique,8,True,True,"[[-83, -49, 0, 40]]",0.0,sorted_unique,0,80,0.0001372919650748372
qwen_qwen3_32b,GA_FIXED,list_pattern,sorted_unique,9,True,True,"[[53, 60]]",0.0,sorted_unique,0,80,0.00012400001287460327
qwen_qwen3_32b,GA_FIXED,list_pattern,sorted_unique,10,True,True,"[[-78, 58]]",0.0,sorted_unique,0,80,0.0001315409317612648
qwen_qwen3_32b,GA_FIXED,list_pattern,sorted_unique,11,True,True,"[[25, 77]]",0.0,sorted_unique,0,80,0.00013345899060368538
qwen_qwen3_32b,GA_FIXED,list_pattern,sorted_unique,12,True,True,"[[27, 48, 78]]",0.0,sorted_unique,0,80,0.00014295801520347595
qwen_qwen3_32b,GA_FIXED,list_pattern,sorted_unique,13,True,True,"[[-98, 89]]",0.0,sorted_unique,0,80,0.00013220799155533314
qwen_qwen3_32b,GA_FIXED,list_pattern,sorted_unique,14,True,True,"[[-52, 51]]",0.0,sorted_unique,0,80,0.00013091694563627243
qwen_qwen3_32b,GA_FIXED,list_pattern,sorted_unique,15,True,True,"[[-52, -42, -38]]",0.0,sorted_unique,0,80,0.00013666599988937378
qwen_qwen3_32b,GA_FIXED,list_pattern,sorted_unique,16,True,True,"[[-2, 21]]",0.0,sorted_unique,0,80,0.0001344579504802823
qwen_qwen3_32b,GA_FIXED,list_pattern,sorted_unique,17,True,True,"[[-6, -1, 25, 53]]",0.0,sorted_unique,0,80,0.0001354999840259552
qwen_qwen3_32b,GA_FIXED,list_pattern,sorted_unique,18,True,True,"[[-41, 36]]",0.0,sorted_unique,0,80,0.0001297079725190997
qwen_qwen3_32b,GA_FIXED,list_pattern,sorted_unique,19,True,True,"[[55, 73, 88]]",0.0,sorted_unique,0,80,0.00013216596562415361
qwen_qwen3_32b,GA_FIXED,list_pattern,sorted_unique,20,True,True,"[[-88, 44]]",0.0,sorted_unique,0,80,0.00013033300638198853
qwen_qwen3_32b,GA_FIXED,list_pattern,sorted_unique,21,True,True,"[[-97, -81, 34, 82]]",0.0,sorted_unique,0,80,0.00013533304445445538
qwen_qwen3_32b,GA_FIXED,list_pattern,sorted_unique,22,True,True,"[[6, 69]]",0.0,sorted_unique,0,80,0.0001231660135090351
qwen_qwen3_32b,GA_FIXED,list_pattern,sorted_unique,23,True,True,"[[73, 82]]",0.0,sorted_unique,0,80,0.00012987491209059954
qwen_qwen3_32b,GA_FIXED,list_pattern,sorted_unique,24,True,True,"[[-14, 70]]",0.0,sorted_unique,0,80,0.00013491709250956774
qwen_qwen3_32b,GA_FIXED,list_pattern,sorted_unique,25,True,True,"[[-99, -39, 48]]",0.0,sorted_unique,0,80,0.00012387498281896114
qwen_qwen3_32b,GA_FIXED,list_pattern,sorted_unique,26,True,True,"[[-80, 14, 39, 58]]",0.0,sorted_unique,0,80,0.00013691699132323265
qwen_qwen3_32b,GA_FIXED,list_pattern,sorted_unique,27,True,True,"[[-7, 91]]",0.0,sorted_unique,0,80,0.00013641593977808952
qwen_qwen3_32b,GA_FIXED,list_pattern,sorted_unique,28,True,True,"[[2, 52]]",0.0,sorted_unique,0,80,0.00012570794206112623
qwen_qwen3_32b,GA_FIXED,list_pattern,sorted_unique,29,True,True,"[[-82, 82]]",0.0,sorted_unique,0,80,0.0001279159914702177
qwen_qwen3_32b,GA_FIXED,list_pattern,unsorted_with_duplicates,0,True,True,"[[-73, 72, 91, -73, 19]]",0.0,unsorted_with_duplicates,0,80,0.00013679207768291235
qwen_qwen3_32b,GA_FIXED,list_pattern,unsorted_with_duplicates,1,True,True,"[[-1, 8, 28, 28, -49, -27, 79]]",0.0,unsorted_with_duplicates,0,80,0.00013958301860839128
qwen_qwen3_32b,GA_FIXED,list_pattern,unsorted_with_duplicates,2,True,True,"[[-49, 44, 62, -31, -22, -22, -38]]",0.0,unsorted_with_duplicates,0,80,0.00014150002971291542
qwen_qwen3_32b,GA_FIXED,list_pattern,unsorted_with_duplicates,3,True,True,"[[47, -36, 5, -64, -36, -25, -69]]",0.0,unsorted_with_duplicates,0,80,0.0001420830376446247
qwen_qwen3_32b,GA_FIXED,list_pattern,unsorted_with_duplicates,4,True,True,"[[36, 36, 52, 51, -43]]",0.0,unsorted_with_duplicates,0,80,0.00014470901805907488
qwen_qwen3_32b,GA_FIXED,list_pattern,unsorted_with_duplicates,5,True,True,"[[91, -96, -96, 78, -5, -85, -61, -94]]",0.0,unsorted_with_duplicates,0,80,0.00013591698370873928
qwen_qwen3_32b,GA_FIXED,list_pattern,unsorted_with_duplicates,6,True,True,"[[-92, 71, -19, 95, 60, 65, -78, 71]]",0.0,unsorted_with_duplicates,0,80,0.0001448750263080001
qwen_qwen3_32b,GA_FIXED,list_pattern,unsorted_with_duplicates,7,True,True,"[[41, 37, 53, 12, 53, 52, -68, 28]]",0.0,unsorted_with_duplicates,0,80,0.00014108407776802778
qwen_qwen3_32b,GA_FIXED,list_pattern,unsorted_with_duplicates,8,True,True,"[[9, -74, -11, -50, 76, 9, -2]]",0.0,unsorted_with_duplicates,0,80,0.0001356659922748804
qwen_qwen3_32b,GA_FIXED,list_pattern,unsorted_with_duplicates,9,True,True,"[[85, -78, 40, 40]]",0.0,unsorted_with_duplicates,0,80,0.000139000010676682
qwen_qwen3_32b,GA_FIXED,list_pattern,unsorted_with_duplicates,10,True,True,"[[-47, 64, 98, -47, -25, 6, -18]]",0.0,unsorted_with_duplicates,0,80,0.00014220806770026684
qwen_qwen3_32b,GA_FIXED,list_pattern,unsorted_with_duplicates,11,True,True,"[[-19, -19, -52, -96, -46, -93, 79, -77]]",0.0,unsorted_with_duplicates,0,80,0.00013670790940523148
qwen_qwen3_32b,GA_FIXED,list_pattern,unsorted_with_duplicates,12,True,True,"[[-76, -76, -99]]",0.0,unsorted_with_duplicates,0,80,0.00013499998021870852
qwen_qwen3_32b,GA_FIXED,list_pattern,unsorted_with_duplicates,13,True,True,"[[70, -58, -35, 33, -5, -58, 94]]",0.0,unsorted_with_duplicates,0,80,0.00014654197730123997
qwen_qwen3_32b,GA_FIXED,list_pattern,unsorted_with_duplicates,14,True,True,"[[36, 68, 36, -71, -8, 46, 51]]",0.0,unsorted_with_duplicates,0,80,0.0001485419925302267
qwen_qwen3_32b,GA_FIXED,list_pattern,unsorted_with_duplicates,15,True,True,"[[-36, -29, 23, -23, 23, -4]]",0.0,unsorted_with_duplicates,0,80,0.00015100010205060244
qwen_qwen3_32b,GA_FIXED,list_pattern,unsorted_with_duplicates,16,True,True,"[[-17, -57, -97, 72, -97, 3, 88]]",0.0,unsorted_with_duplicates,0,80,0.00014470890164375305
qwen_qwen3_32b,GA_FIXED,list_pattern,unsorted_with_duplicates,17,True,True,"[[-54, -93, 88, -93, 89, -21, 29]]",0.0,unsorted_with_duplicates,0,80,0.00014108396135270596
qwen_qwen3_32b,GA_FIXED,list_pattern,unsorted_with_duplicates,18,True,True,"[[18, -6, -5, 9, -14, -14, -43, -65]]",0.0,unsorted_with_duplicates,0,80,0.00014424999244511127
qwen_qwen3_32b,GA_FIXED,list_pattern,unsorted_with_duplicates,19,True,True,"[[41, 15, 41, 88, 86, -32]]",0.0,unsorted_with_duplicates,0,80,0.00014108303003013134
qwen_qwen3_32b,GA_FIXED,list_pattern,unsorted_with_duplicates,20,True,True,"[[-9, -65, -17, -9]]",0.0,unsorted_with_duplicates,0,80,0.00014220899902284145
qwen_qwen3_32b,GA_FIXED,list_pattern,unsorted_with_duplicates,21,True,True,"[[62, 34, -91, -11, 37, 62]]",0.0,unsorted_with_duplicates,0,80,0.00014049990568310022
qwen_qwen3_32b,GA_FIXED,list_pattern,unsorted_with_duplicates,22,True,True,"[[-51, 94, 36, 88, 88]]",0.0,unsorted_with_duplicates,0,80,0.00013958301860839128
qwen_qwen3_32b,GA_FIXED,list_pattern,unsorted_with_duplicates,23,True,True,"[[-42, -42, 64, 31, 13, 71, 4, -68]]",0.0,unsorted_with_duplicates,0,80,0.00014104100409895182
qwen_qwen3_32b,GA_FIXED,list_pattern,unsorted_with_duplicates,24,True,True,"[[18, -94, 47, 47, 96]]",0.0,unsorted_with_duplicates,0,80,0.00014537503011524677
qwen_qwen3_32b,GA_FIXED,list_pattern,unsorted_with_duplicates,25,True,True,"[[24, 26, -86, -57, -17, -86, -14, -45]]",0.0,unsorted_with_duplicates,0,80,0.0001425000373274088
qwen_qwen3_32b,GA_FIXED,list_pattern,unsorted_with_duplicates,26,True,True,"[[19, 4, 48, 19, 35, 94, 76]]",0.0,unsorted_with_duplicates,0,80,0.00013429101090878248
qwen_qwen3_32b,GA_FIXED,list_pattern,unsorted_with_duplicates,27,True,True,"[[62, 32, -53, 32]]",0.0,unsorted_with_duplicates,0,80,0.0001331249950453639
qwen_qwen3_32b,GA_FIXED,list_pattern,unsorted_with_duplicates,28,True,True,"[[37, -32, 60, 29, -78, 37, 51]]",0.0,unsorted_with_duplicates,0,80,0.00013954099267721176
qwen_qwen3_32b,GA_FIXED,list_pattern,unsorted_with_duplicates,29,True,True,"[[99, -38, 77, 99, -87, 15, 34, -79]]",0.0,unsorted_with_duplicates,0,80,0.00014408293645828962
qwen_qwen3_32b,GA_FIXED,list_pattern,unsorted_unique,0,True,True,"[[-15, 30, 79, 52]]",0.0,unsorted_unique,0,80,0.00014766701497137547
qwen_qwen3_32b,GA_FIXED,list_pattern,unsorted_unique,1,True,True,"[[51, 71, 78, 59, 65, -27]]",0.0,unsorted_unique,0,80,0.00013158400543034077
qwen_qwen3_32b,GA_FIXED,list_pattern,unsorted_unique,2,True,True,"[[-41, -56]]",0.0,unsorted_unique,0,80,0.0001305839978158474
qwen_qwen3_32b,GA_FIXED,list_pattern,unsorted_unique,3,True,True,"[[59, -95]]",0.0,unsorted_unique,0,80,0.00014179199934005737
qwen_qwen3_32b,GA_FIXED,list_pattern,unsorted_unique,4,True,True,"[[-89, 40, 94, 7, 99]]",0.0,unsorted_unique,0,80,0.00014375010505318642
qwen_qwen3_32b,GA_FIXED,list_pattern,unsorted_unique,5,True,True,"[[15, 56, 9]]",0.0,unsorted_unique,0,80,0.0001369159435853362
qwen_qwen3_32b,GA_FIXED,list_pattern,unsorted_unique,6,True,True,"[[96, -34]]",0.0,unsorted_unique,0,80,0.0001501670340076089
qwen_qwen3_32b,GA_FIXED,list_pattern,unsorted_unique,7,True,True,"[[52, -69, 76, 39]]",0.0,unsorted_unique,0,80,0.000147333019413054
qwen_qwen3_32b,GA_FIXED,list_pattern,unsorted_unique,8,True,True,"[[72, -6, 66, -59, -50, 2, -38, 39]]",0.0,unsorted_unique,0,80,0.00014479202218353748
qwen_qwen3_32b,GA_FIXED,list_pattern,unsorted_unique,9,True,True,"[[9, 36, -40, -5, -90]]",0.0,unsorted_unique,0,80,0.00013941701035946608
qwen_qwen3_32b,GA_FIXED,list_pattern,unsorted_unique,10,True,True,"[[22, 26, 43, 42, -95]]",0.0,unsorted_unique,0,80,0.00013545795809477568
qwen_qwen3_32b,GA_FIXED,list_pattern,unsorted_unique,11,True,True,"[[62, 15, 95, 75, -88, -77, 0, -14]]",0.0,unsorted_unique,0,80,0.00014245894271880388
qwen_qwen3_32b,GA_FIXED,list_pattern,unsorted_unique,12,True,True,"[[96, -78]]",0.0,unsorted_unique,0,80,0.00013629207387566566
qwen_qwen3_32b,GA_FIXED,list_pattern,unsorted_unique,13,True,True,"[[97, 99, 6, 89, -68, -46]]",0.0,unsorted_unique,0,80,0.00014883303083479404
qwen_qwen3_32b,GA_FIXED,list_pattern,unsorted_unique,14,True,True,"[[78, 71, 52, -27, -79, 36, -70, -28]]",0.0,unsorted_unique,0,80,0.00014445791020989418
qwen_qwen3_32b,GA_FIXED,list_pattern,unsorted_unique,15,True,True,"[[29, 2, 95, -7]]",0.0,unsorted_unique,0,80,0.00014508306048810482
qwen_qwen3_32b,GA_FIXED,list_pattern,unsorted_unique,16,True,True,"[[-100, 70, -54, 25, 15, -59, 37]]",0.0,unsorted_unique,0,80,0.00013404095079749823
qwen_qwen3_32b,GA_FIXED,list_pattern,unsorted_unique,17,True,True,"[[52, 81, 50, 4, -93]]",0.0,unsorted_unique,0,80,0.00014112505596131086
qwen_qwen3_32b,GA_FIXED,list_pattern,unsorted_unique,18,True,True,"[[-40, 48, 30, 99, 55, -24, 57]]",0.0,unsorted_unique,0,80,0.00014562509022653103
qwen_qwen3_32b,GA_FIXED,list_pattern,unsorted_unique,19,True,True,"[[16, -72, -74, -69, -56, 51, -97]]",0.0,unsorted_unique,0,80,0.00014083296991884708
qwen_qwen3_32b,GA_FIXED,list_pattern,unsorted_unique,20,True,True,"[[-33, -67]]",0.0,unsorted_unique,0,80,0.000143042067065835
qwen_qwen3_32b,GA_FIXED,list_pattern,unsorted_unique,21,True,True,"[[94, 0, 5, -85, -43]]",0.0,unsorted_unique,0,80,0.0001412919955328107
qwen_qwen3_32b,GA_FIXED,list_pattern,unsorted_unique,22,True,True,"[[-72, -2, 51, 5]]",0.0,unsorted_unique,0,80,0.00013762502931058407
qwen_qwen3_32b,GA_FIXED,list_pattern,unsorted_unique,23,True,True,"[[97, 77, 49]]",0.0,unsorted_unique,0,80,0.00014458398800343275
qwen_qwen3_32b,GA_FIXED,list_pattern,unsorted_unique,24,True,True,"[[0, -59, -27]]",0.0,unsorted_unique,0,80,0.00013633293565362692
qwen_qwen3_32b,GA_FIXED,list_pattern,unsorted_unique,25,True,True,"[[9, -62, 85, 14, 88]]",0.0,unsorted_unique,0,80,0.00013395794667303562
qwen_qwen3_32b,GA_FIXED,list_pattern,unsorted_unique,26,True,True,"[[12, 34, 6, -9, 22, -57]]",0.0,unsorted_unique,0,80,0.0001456249738112092
qwen_qwen3_32b,GA_FIXED,list_pattern,unsorted_unique,27,True,True,"[[-84, -55, 3, -71, -18, 34, -88, -8]]",0.0,unsorted_unique,0,80,0.0001433329889550805
qwen_qwen3_32b,GA_FIXED,list_pattern,unsorted_unique,28,True,True,"[[36, 75, -91, 83, 1]]",0.0,unsorted_unique,0,80,0.00014591705985367298
qwen_qwen3_32b,GA_FIXED,list_pattern,unsorted_unique,29,True,True,"[[100, 74, -89, 26, 34, -20, -74, -53]]",0.0,unsorted_unique,0,80,0.00014237500727176666
qwen_qwen3_32b,GA_FIXED,number_kind,zero,0,True,True,[0],0.0,zero,4,400,0.0012695000041276217
qwen_qwen3_32b,GA_FIXED,number_kind,zero,1,True,True,[0],0.0,zero,4,400,0.0012514160480350256
qwen_qwen3_32b,GA_FIXED,number_kind,zero,2,True,True,[0],0.0,zero,8,720,0.002436749986372888
qwen_qwen3_32b,GA_FIXED,number_kind,zero,3,True,True,[0],0.0,zero,16,1360,0.004834083025343716
qwen_qwen3_32b,GA_FIXED,number_kind,zero,4,True,True,[0],0.0,zero,10,880,0.003049125079996884
qwen_qwen3_32b,GA_FIXED,number_kind,zero,5,True,True,[0],0.0,zero,8,720,0.002460208022966981
qwen_qwen3_32b,GA_FIXED,number_kind,zero,6,True,True,[0],0.0,zero,8,720,0.002436624956317246
qwen_qwen3_32b,GA_FIXED,number_kind,zero,7,True,True,[0],0.0,zero,5,480,0.0015460411086678505
qwen_qwen3_32b,GA_FIXED,number_kind,zero,8,True,True,[0],0.0,zero,13,1120,0.003968792036175728
qwen_qwen3_32b,GA_FIXED,number_kind,zero,9,True,True,[0],0.0,zero,9,800,0.002781333983875811
qwen_qwen3_32b,GA_FIXED,number_kind,zero,10,True,True,[0],0.0,zero,9,800,0.002745790989138186
qwen_qwen3_32b,GA_FIXED,number_kind,zero,11,True,True,[0],0.0,zero,5,480,0.0015485419426113367
qwen_qwen3_32b,GA_FIXED,number_kind,zero,12,True,True,[0],0.0,zero,7,640,0.0021554589038714767
qwen_qwen3_32b,GA_FIXED,number_kind,zero,13,True,True,[0],0.0,zero,4,400,0.0012609169352799654
qwen_qwen3_32b,GA_FIXED,number_kind,zero,14,True,True,[0],0.0,zero,8,720,0.002430749940685928
qwen_qwen3_32b,GA_FIXED,number_kind,zero,15,True,True,[0],0.0,zero,3,320,0.0009478339925408363
qwen_qwen3_32b,GA_FIXED,number_kind,zero,16,True,True,[0],0.0,zero,8,720,0.002430125023238361
qwen_qwen3_32b,GA_FIXED,number_kind,zero,17,True,True,[0],0.0,zero,8,720,0.002447917009703815
qwen_qwen3_32b,GA_FIXED,number_kind,zero,18,True,True,[0],0.0,zero,2,240,0.0006471660453826189
qwen_qwen3_32b,GA_FIXED,number_kind,zero,19,True,True,[0],0.0,zero,5,480,0.0015443330630660057
qwen_qwen3_32b,GA_FIXED,number_kind,zero,20,True,True,[0],0.0,zero,13,1120,0.003946915967389941
qwen_qwen3_32b,GA_FIXED,number_kind,zero,21,True,True,[0],0.0,zero,8,720,0.0024371249601244926
qwen_qwen3_32b,GA_FIXED,number_kind,zero,22,True,True,[0],0.0,zero,9,800,0.0027171249967068434
qwen_qwen3_32b,GA_FIXED,number_kind,zero,23,True,True,[0],0.0,zero,20,1680,0.006086666020564735
qwen_qwen3_32b,GA_FIXED,number_kind,zero,24,True,True,[0],0.0,zero,13,1120,0.00394383305683732
qwen_qwen3_32b,GA_FIXED,number_kind,zero,25,True,True,[0],0.0,zero,13,1120,0.003994832979515195
qwen_qwen3_32b,GA_FIXED,number_kind,zero,26,True,True,[0],0.0,zero,4,400,0.0012547919759526849
qwen_qwen3_32b,GA_FIXED,number_kind,zero,27,True,True,[0],0.0,zero,9,800,0.0027387079317122698
qwen_qwen3_32b,GA_FIXED,number_kind,zero,28,True,True,[0],0.0,zero,13,1120,0.003925708006136119
qwen_qwen3_32b,GA_FIXED,number_kind,zero,29,True,True,[0],0.0,zero,7,640,0.002132291905581951
qwen_qwen3_32b,GA_FIXED,number_kind,even,0,True,True,[1690],0.0,even,0,80,5.137501284480095e-05
qwen_qwen3_32b,GA_FIXED,number_kind,even,1,True,True,[2448],0.0,even,0,80,5.15839783474803e-05
qwen_qwen3_32b,GA_FIXED,number_kind,even,2,True,True,[-128],0.0,even,0,80,5.041609983891249e-05
qwen_qwen3_32b,GA_FIXED,number_kind,even,3,True,True,[1250],0.0,even,0,80,5.066697485744953e-05
qwen_qwen3_32b,GA_FIXED,number_kind,even,4,True,True,[1012],0.0,even,0,80,5.100003909319639e-05
qwen_qwen3_32b,GA_FIXED,number_kind,even,5,True,True,[2090],0.0,even,0,80,5.083403084427118e-05
qwen_qwen3_32b,GA_FIXED,number_kind,even,6,True,True,[1380],0.0,even,0,80,5.1332986913621426e-05
qwen_qwen3_32b,GA_FIXED,number_kind,even,7,True,True,[1108],0.0,even,0,80,5.079200491309166e-05
qwen_qwen3_32b,GA_FIXED,number_kind,even,8,True,True,[2662],0.0,even,0,80,5.229096859693527e-05
qwen_qwen3_32b,GA_FIXED,number_kind,even,9,True,True,[1084],0.0,even,0,80,5.095801316201687e-05
qwen_qwen3_32b,GA_FIXED,number_kind,even,10,True,True,[528],0.0,even,0,80,5.1166978664696217e-05
qwen_qwen3_32b,GA_FIXED,number_kind,even,11,True,True,[84],0.0,even,0,80,5.024997517466545e-05
qwen_qwen3_32b,GA_FIXED,number_kind,even,12,True,True,[170],0.0,even,0,80,5.0083035603165627e-05
qwen_qwen3_32b,GA_FIXED,number_kind,even,13,True,True,[1746],0.0,even,0,80,5.124998278915882e-05
qwen_qwen3_32b,GA_FIXED,number_kind,even,14,True,True,[394],0.0,even,0,80,5.11660473421216e-05
qwen_qwen3_32b,GA_FIXED,number_kind,even,15,True,True,[-350],0.0,even,0,80,5.179201252758503e-05
qwen_qwen3_32b,GA_FIXED,number_kind,even,16,True,True,[1798],0.0,even,0,80,5.041598342359066e-05
qwen_qwen3_32b,GA_FIXED,number_kind,even,17,True,True,[2460],0.0,even,0,80,5.0875009037554264e-05
qwen_qwen3_32b,GA_FIXED,number_kind,even,18,True,True,[584],0.0,even,0,80,5.0625065341591835e-05
qwen_qwen3_32b,GA_FIXED,number_kind,even,19,True,True,[-426],0.0,even,0,80,5.079200491309166e-05
qwen_qwen3_32b,GA_FIXED,number_kind,even,20,True,True,[256],0.0,even,0,80,5.054206121712923e-05
qwen_qwen3_32b,GA_FIXED,number_kind,even,21,True,True,[1676],0.0,even,0,80,5.091703496873379e-05
qwen_qwen3_32b,GA_FIXED,number_kind,even,22,True,True,[892],0.0,even,0,80,5.145894829183817e-05
qwen_qwen3_32b,GA_FIXED,number_kind,even,23,True,True,[2172],0.0,even,0,80,4.6749948523938656e-05
qwen_qwen3_32b,GA_FIXED,number_kind,even,24,True,True,[-150],0.0,even,0,80,5.054206121712923e-05
qwen_qwen3_32b,GA_FIXED,number_kind,even,25,True,True,[296],0.0,even,0,80,5.1332986913621426e-05
qwen_qwen3_32b,GA_FIXED,number_kind,even,26,True,True,[316],0.0,even,0,80,5.1875016652047634e-05
qwen_qwen3_32b,GA_FIXED,number_kind,even,27,True,True,[694],0.0,even,0,80,5.112506914883852e-05
qwen_qwen3_32b,GA_FIXED,number_kind,even,28,True,True,[2758],0.0,even,0,80,5.0541944801807404e-05
qwen_qwen3_32b,GA_FIXED,number_kind,even,29,True,True,[974],0.0,even,0,80,5.0458009354770184e-05
qwen_qwen3_32b,GA_FIXED,number_kind,odd,0,True,True,[2493],0.0,odd,0,80,5.200004670768976e-05
qwen_qwen3_32b,GA_FIXED,number_kind,odd,1,True,True,[527],0.0,odd,0,80,5.179201252758503e-05
qwen_qwen3_32b,GA_FIXED,number_kind,odd,2,True,True,[2059],0.0,odd,0,80,5.133403465151787e-05
qwen_qwen3_32b,GA_FIXED,number_kind,odd,3,True,True,[405],0.0,odd,0,80,5.124998278915882e-05
qwen_qwen3_32b,GA_FIXED,number_kind,odd,4,True,True,[947],0.0,odd,0,80,5.1791081205010414e-05
qwen_qwen3_32b,GA_FIXED,number_kind,odd,5,True,True,[2669],0.0,odd,0,80,5.195802077651024e-05
qwen_qwen3_32b,GA_FIXED,number_kind,odd,6,True,True,[-461],0.0,odd,0,80,5.183403845876455e-05
qwen_qwen3_32b,GA_FIXED,number_kind,odd,7,True,True,[1923],0.0,odd,0,80,5.300005432218313e-05
qwen_qwen3_32b,GA_FIXED,number_kind,odd,8,True,True,[867],0.0,odd,0,80,5.183403845876455e-05
qwen_qwen3_32b,GA_FIXED,number_kind,odd,9,True,True,[2069],0.0,odd,0,80,5.162495654076338e-05
qwen_qwen3_32b,GA_FIXED,number_kind,odd,10,True,True,[161],0.0,odd,0,80,5.162495654076338e-05
qwen_qwen3_32b,GA_FIXED,number_kind,odd,11,True,True,[1395],0.0,odd,0,80,5.1292008720338345e-05
qwen_qwen3_32b,GA_FIXED,number_kind,odd,12,True,True,[1711],0.0,odd,0,80,5.112495273351669e-05
qwen_qwen3_32b,GA_FIXED,number_kind,odd,13,True,True,[1351],0.0,odd,0,80,5.200004670768976e-05
qwen_qwen3_32b,GA_FIXED,number_kind,odd,14,True,True,[203],0.0,odd,0,80,5.1458016969263554e-05
qwen_qwen3_32b,GA_FIXED,number_kind,odd,15,True,True,[2109],0.0,odd,0,80,5.1625072956085205e-05
qwen_qwen3_32b,GA_FIXED,number_kind,odd,16,True,True,[-467],0.0,odd,0,80,4.850002005696297e-05
qwen_qwen3_32b,GA_FIXED,number_kind,odd,17,True,True,[2711],0.0,odd,0,80,5.133403465151787e-05
qwen_qwen3_32b,GA_FIXED,number_kind,odd,18,True,True,[2173],0.0,odd,0,80,5.1166978664696217e-05
qwen_qwen3_32b,GA_FIXED,number_kind,odd,19,True,True,[419],0.0,odd,0,80,5.225010681897402e-05
qwen_qwen3_32b,GA_FIXED,number_kind,odd,20,True,True,[2509],0.0,odd,0,80,5.083403084427118e-05
qwen_qwen3_32b,GA_FIXED,number_kind,odd,21,True,True,[2235],0.0,odd,0,80,5.1042065024375916e-05
qwen_qwen3_32b,GA_FIXED,number_kind,odd,22,True,True,[1235],0.0,odd,0,80,5.212496034801006e-05
qwen_qwen3_32b,GA_FIXED,number_kind,odd,23,True,True,[21],0.0,odd,0,80,5.358306225389242e-05
qwen_qwen3_32b,GA_FIXED,number_kind,odd,24,True,True,[1291],0.0,odd,0,80,4.9625057727098465e-05
qwen_qwen3_32b,GA_FIXED,number_kind,odd,25,True,True,[303],0.0,odd,0,80,4.7915964387357235e-05
qwen_qwen3_32b,GA_FIXED,number_kind,odd,26,True,True,[1695],0.0,odd,0,80,5.2541960030794144e-05
qwen_qwen3_32b,GA_FIXED,number_kind,odd,27,True,True,[2781],0.0,odd,0,80,5.320797208696604e-05
qwen_qwen3_32b,GA_FIXED,number_kind,odd,28,True,True,[1371],0.0,odd,0,80,5.304196383804083e-05
qwen_qwen3_32b,GA_FIXED,number_kind,odd,29,True,True,[253],0.0,odd,0,80,5.2749994210898876e-05
qwen_qwen3_32b,GA_FIXED,sign_type,positive,0,True,True,[2747],0.0,positive,0,80,5.145894829183817e-05
qwen_qwen3_32b,GA_FIXED,sign_type,positive,1,True,True,[1463],0.0,positive,0,80,4.962494131177664e-05
qwen_qwen3_32b,GA_FIXED,sign_type,positive,2,True,True,[1761],0.0,positive,0,80,4.879198968410492e-05
qwen_qwen3_32b,GA_FIXED,sign_type,positive,3,True,True,[835],0.0,positive,0,80,4.954100586473942e-05
qwen_qwen3_32b,GA_FIXED,sign_type,positive,4,True,True,[2153],0.0,positive,0,80,4.900002386420965e-05
qwen_qwen3_32b,GA_FIXED,sign_type,positive,5,True,True,[2609],0.0,positive,0,80,4.912493750452995e-05
qwen_qwen3_32b,GA_FIXED,sign_type,positive,6,True,True,[8],0.0,positive,0,80,4.9166963435709476e-05
qwen_qwen3_32b,GA_FIXED,sign_type,positive,7,True,True,[2263],0.0,positive,0,80,4.9666035920381546e-05
qwen_qwen3_32b,GA_FIXED,sign_type,positive,8,True,True,[1994],0.0,positive,0,80,4.879198968410492e-05
qwen_qwen3_32b,GA_FIXED,sign_type,positive,9,True,True,[582],0.0,positive,0,80,4.995905328541994e-05
qwen_qwen3_32b,GA_FIXED,sign_type,positive,10,True,True,[1114],0.0,positive,0,80,4.8749963752925396e-05
qwen_qwen3_32b,GA_FIXED,sign_type,positive,11,True,True,[2162],0.0,positive,0,80,4.9208989366889e-05
qwen_qwen3_32b,GA_FIXED,sign_type,positive,12,True,True,[136],0.0,positive,0,80,4.866695962846279e-05
qwen_qwen3_32b,GA_FIXED,sign_type,positive,13,True,True,[2951],0.0,positive,0,80,4.883308429270983e-05
qwen_qwen3_32b,GA_FIXED,sign_type,positive,14,True,True,[2588],0.0,positive,0,80,4.9749971367418766e-05
qwen_qwen3_32b,GA_FIXED,sign_type,positive,15,True,True,[2603],0.0,positive,0,80,4.90840757265687e-05
qwen_qwen3_32b,GA_FIXED,sign_type,positive,16,True,True,[1459],0.0,positive,0,80,4.825007636100054e-05
qwen_qwen3_32b,GA_FIXED,sign_type,positive,17,True,True,[1571],0.0,positive,0,80,4.7541921958327293e-05
qwen_qwen3_32b,GA_FIXED,sign_type,positive,18,True,True,[1614],0.0,positive,0,80,4.558300133794546e-05
qwen_qwen3_32b,GA_FIXED,sign_type,positive,19,True,True,[1191],0.0,positive,0,80,4.620896652340889e-05
qwen_qwen3_32b,GA_FIXED,sign_type,positive,20,True,True,[1794],0.0,positive,0,80,5.0749978981912136e-05
qwen_qwen3_32b,GA_FIXED,sign_type,positive,21,True,True,[638],0.0,positive,0,80,4.63749747723341e-05
qwen_qwen3_32b,GA_FIXED,sign_type,positive,22,True,True,[1666],0.0,positive,0,80,5.0292001105844975e-05
qwen_qwen3_32b,GA_FIXED,sign_type,positive,23,True,True,[2385],0.0,positive,0,80,4.9208058044314384e-05
qwen_qwen3_32b,GA_FIXED,sign_type,positive,24,True,True,[1348],0.0,positive,0,80,4.716601688414812e-05
qwen_qwen3_32b,GA_FIXED,sign_type,positive,25,True,True,[2555],0.0,positive,0,80,4.5208027586340904e-05
qwen_qwen3_32b,GA_FIXED,sign_type,positive,26,True,True,[866],0.0,positive,0,80,4.549999721348286e-05
qwen_qwen3_32b,GA_FIXED,sign_type,positive,27,True,True,[726],0.0,positive,0,80,4.754203837364912e-05
qwen_qwen3_32b,GA_FIXED,sign_type,positive,28,True,True,[2434],0.0,positive,0,80,4.5291963033378124e-05
qwen_qwen3_32b,GA_FIXED,sign_type,positive,29,True,True,[2956],0.0,positive,0,80,4.566705320030451e-05
qwen_qwen3_32b,GA_FIXED,sign_type,negative,0,True,True,[-240],0.0,negative,0,80,5.000003147870302e-05
qwen_qwen3_32b,GA_FIXED,sign_type,negative,1,True,True,[-329],0.0,negative,0,80,4.704191815108061e-05
qwen_qwen3_32b,GA_FIXED,sign_type,negative,2,True,True,[-34],0.0,negative,0,80,6.0458085499703884e-05
qwen_qwen3_32b,GA_FIXED,sign_type,negative,3,True,True,[-481],0.0,negative,0,80,5.12079568579793e-05
qwen_qwen3_32b,GA_FIXED,sign_type,negative,4,True,True,[-120],0.0,negative,0,80,5.1292008720338345e-05
qwen_qwen3_32b,GA_FIXED,sign_type,negative,5,True,True,[-17],0.0,negative,0,80,5.529192276299e-05
qwen_qwen3_32b,GA_FIXED,sign_type,negative,6,True,True,[-398],0.0,negative,0,80,7.14579364284873e-05
qwen_qwen3_32b,GA_FIXED,sign_type,negative,7,True,True,[-375],0.0,negative,0,80,8.570798672735691e-05
qwen_qwen3_32b,GA_FIXED,sign_type,negative,8,True,True,[-208],0.0,negative,0,80,5.8333040215075016e-05
qwen_qwen3_32b,GA_FIXED,sign_type,negative,9,True,True,[-241],0.0,negative,0,80,5.6750024668872356e-05
qwen_qwen3_32b,GA_FIXED,sign_type,negative,10,True,True,[-159],0.0,negative,0,80,5.412509199231863e-05
qwen_qwen3_32b,GA_FIXED,sign_type,negative,11,True,True,[-285],0.0,negative,0,80,5.333404988050461e-05
qwen_qwen3_32b,GA_FIXED,sign_type,negative,12,True,True,[-308],0.0,negative,0,80,5.2999937906861305e-05
qwen_qwen3_32b,GA_FIXED,sign_type,negative,13,True,True,[-209],0.0,negative,0,80,5.2458024583756924e-05
qwen_qwen3_32b,GA_FIXED,sign_type,negative,14,True,True,[-401],0.0,negative,0,80,5.345896352082491e-05
qwen_qwen3_32b,GA_FIXED,sign_type,negative,15,True,True,[-185],0.0,negative,0,80,6.262492388486862e-05
qwen_qwen3_32b,GA_FIXED,sign_type,negative,16,True,True,[-133],0.0,negative,0,80,8.19170381873846e-05
qwen_qwen3_32b,GA_FIXED,sign_type,negative,17,True,True,[-401],0.0,negative,0,80,4.841701593250036e-05
qwen_qwen3_32b,GA_FIXED,sign_type,negative,18,True,True,[-367],0.0,negative,0,80,4.954100586473942e-05
qwen_qwen3_32b,GA_FIXED,sign_type,negative,19,True,True,[-375],0.0,negative,0,80,7.595890201628208e-05
qwen_qwen3_32b,GA_FIXED,sign_type,negative,20,True,True,[-343],0.0,negative,0,80,5.5958982557058334e-05
qwen_qwen3_32b,GA_FIXED,sign_type,negative,21,True,True,[-320],0.0,negative,0,80,5.16669824719429e-05
qwen_qwen3_32b,GA_FIXED,sign_type,negative,22,True,True,[-317],0.0,negative,0,80,5.075009539723396e-05
qwen_qwen3_32b,GA_FIXED,sign_type,negative,23,True,True,[-472],0.0,negative,0,80,4.983297549188137e-05
qwen_qwen3_32b,GA_FIXED,sign_type,negative,24,True,True,[-414],0.0,negative,0,80,4.9291993491351604e-05
qwen_qwen3_32b,GA_FIXED,sign_type,negative,25,True,True,[-455],0.0,negative,0,80,4.99580055475235e-05
qwen_qwen3_32b,GA_FIXED,sign_type,negative,26,True,True,[-2],0.0,negative,0,80,5.0875009037554264e-05
qwen_qwen3_32b,GA_FIXED,sign_type,negative,27,True,True,[-367],0.0,negative,0,80,5.112506914883852e-05
qwen_qwen3_32b,GA_FIXED,sign_type,negative,28,True,True,[-256],0.0,negative,0,80,5.149992648512125e-05
qwen_qwen3_32b,GA_FIXED,sign_type,negative,29,True,True,[-299],0.0,negative,0,80,5.0292001105844975e-05
qwen_qwen3_32b,GA_FIXED,sign_type,zero,0,True,True,[0],0.0,zero,8,720,0.0030653750291094184
qwen_qwen3_32b,GA_FIXED,sign_type,zero,1,True,True,[0],0.0,zero,5,480,0.0016305410536006093
qwen_qwen3_32b,GA_FIXED,sign_type,zero,2,True,True,[0],0.0,zero,11,960,0.004027332994155586
qwen_qwen3_32b,GA_FIXED,sign_type,zero,3,True,True,[0],0.0,zero,4,400,0.0013390000676736236
qwen_qwen3_32b,GA_FIXED,sign_type,zero,4,True,True,[0],0.0,zero,4,400,0.0013924590311944485
qwen_qwen3_32b,GA_FIXED,sign_type,zero,5,True,True,[0],0.0,zero,9,800,0.003168791998177767
qwen_qwen3_32b,GA_FIXED,sign_type,zero,6,True,True,[0],0.0,zero,9,800,0.0030728750862181187
qwen_qwen3_32b,GA_FIXED,sign_type,zero,7,True,True,[0],0.0,zero,15,1280,0.0047822080086916685
qwen_qwen3_32b,GA_FIXED,sign_type,zero,8,True,True,[0],0.0,zero,11,960,0.003560250042937696
qwen_qwen3_32b,GA_FIXED,sign_type,zero,9,True,True,[0],0.0,zero,11,960,0.003606374957598746
qwen_qwen3_32b,GA_FIXED,sign_type,zero,10,True,True,[0],0.0,zero,1,160,0.0004421250196173787
qwen_qwen3_32b,GA_FIXED,sign_type,zero,11,True,True,[0],0.0,zero,13,1120,0.004131583031266928
qwen_qwen3_32b,GA_FIXED,sign_type,zero,12,True,True,[0],0.0,zero,15,1280,0.004726042039692402
qwen_qwen3_32b,GA_FIXED,sign_type,zero,13,True,True,[0],0.0,zero,5,480,0.0016945829847827554
qwen_qwen3_32b,GA_FIXED,sign_type,zero,14,True,True,[0],0.0,zero,13,1120,0.004208834026940167
qwen_qwen3_32b,GA_FIXED,sign_type,zero,15,True,True,[0],0.0,zero,4,400,0.0013133339816704392
qwen_qwen3_32b,GA_FIXED,sign_type,zero,16,True,True,[0],0.0,zero,10,880,0.00316062499769032
qwen_qwen3_32b,GA_FIXED,sign_type,zero,17,True,True,[0],0.0,zero,7,640,0.0021878749830648303
qwen_qwen3_32b,GA_FIXED,sign_type,zero,18,True,True,[0],0.0,zero,5,480,0.0015681249788030982
qwen_qwen3_32b,GA_FIXED,sign_type,zero,19,True,True,[0],0.0,zero,0,80,5.662499461323023e-05
qwen_qwen3_32b,GA_FIXED,sign_type,zero,20,True,True,[0],0.0,zero,8,720,0.0025223330594599247
qwen_qwen3_32b,GA_FIXED,sign_type,zero,21,True,True,[0],0.0,zero,14,1200,0.004452958004549146
qwen_qwen3_32b,GA_FIXED,sign_type,zero,22,True,True,[0],0.0,zero,7,640,0.0022878750460222363
qwen_qwen3_32b,GA_FIXED,sign_type,zero,23,True,True,[0],0.0,zero,6,560,0.0019471249543130398
qwen_qwen3_32b,GA_FIXED,sign_type,zero,24,True,True,[0],0.0,zero,21,1760,0.006689583067782223
qwen_qwen3_32b,GA_FIXED,sign_type,zero,25,True,True,[0],0.0,zero,4,400,0.0015500409062951803
qwen_qwen3_32b,GA_FIXED,sign_type,zero,26,True,True,[0],0.0,zero,4,400,0.0017265420174226165
qwen_qwen3_32b,GA_FIXED,sign_type,zero,27,True,True,[0],0.0,zero,6,560,0.0027989590307697654
qwen_qwen3_32b,GA_FIXED,sign_type,zero,28,True,True,[0],0.0,zero,10,880,0.0032897499622777104
qwen_qwen3_32b,GA_FIXED,sign_type,zero,29,True,True,[0],0.0,zero,12,1040,0.003931166022084653
qwen_qwen3_32b,GA_FIXED,string_category,empty,0,True,True,[''],0.0,empty,0,80,0.00019912503194063902
qwen_qwen3_32b,GA_FIXED,string_category,empty,1,True,True,[''],0.0,empty,0,80,0.0001842499477788806
qwen_qwen3_32b,GA_FIXED,string_category,empty,2,True,True,[''],0.0,empty,0,80,0.00017658411525189877
qwen_qwen3_32b,GA_FIXED,string_category,empty,3,True,True,[''],0.0,empty,0,80,0.0001705830218270421
qwen_qwen3_32b,GA_FIXED,string_category,empty,4,True,True,[''],0.0,empty,0,80,0.00016391708049923182
qwen_qwen3_32b,GA_FIXED,string_category,empty,5,True,True,[''],0.0,empty,0,80,0.00017925002612173557
qwen_qwen3_32b,GA_FIXED,string_category,empty,6,True,True,[''],0.0,empty,0,80,0.0001784160267561674
qwen_qwen3_32b,GA_FIXED,string_category,empty,7,True,True,[''],0.0,empty,0,80,0.00017125008162111044
qwen_qwen3_32b,GA_FIXED,string_category,empty,8,True,True,[''],0.0,empty,0,80,0.00016745796892791986
qwen_qwen3_32b,GA_FIXED,string_category,empty,9,True,True,[''],0.0,empty,0,80,0.0001715420512482524
qwen_qwen3_32b,GA_FIXED,string_category,empty,10,True,True,[''],0.0,empty,0,80,0.00016375002451241016
qwen_qwen3_32b,GA_FIXED,string_category,empty,11,True,True,[''],0.0,empty,0,80,0.00017537502571940422
qwen_qwen3_32b,GA_FIXED,string_category,empty,12,True,True,[''],0.0,empty,0,80,0.00016475003212690353
qwen_qwen3_32b,GA_FIXED,string_category,empty,13,True,True,[''],0.0,empty,0,80,0.00017433299217373133
qwen_qwen3_32b,GA_FIXED,string_category,empty,14,True,True,[''],0.0,empty,0,80,0.0001662920694798231
qwen_qwen3_32b,GA_FIXED,string_category,empty,15,True,True,[''],0.0,empty,0,80,0.00017912499606609344
qwen_qwen3_32b,GA_FIXED,string_category,empty,16,True,True,[''],0.0,empty,0,80,0.00017320900224149227
qwen_qwen3_32b,GA_FIXED,string_category,empty,17,True,True,[''],0.0,empty,0,80,0.0001760829472914338
qwen_qwen3_32b,GA_FIXED,string_category,empty,18,True,True,[''],0.0,empty,0,80,0.00016712502110749483
qwen_qwen3_32b,GA_FIXED,string_category,empty,19,True,True,[''],0.0,empty,0,80,0.00017095892690122128
qwen_qwen3_32b,GA_FIXED,string_category,empty,20,True,True,[''],0.0,empty,0,80,0.00017200002912431955
qwen_qwen3_32b,GA_FIXED,string_category,empty,21,True,True,[''],0.0,empty,0,80,0.00017670902889221907
qwen_qwen3_32b,GA_FIXED,string_category,empty,22,True,True,[''],0.0,empty,0,80,0.00017562508583068848
qwen_qwen3_32b,GA_FIXED,string_category,empty,23,True,True,[''],0.0,empty,0,80,0.00017604208551347256
qwen_qwen3_32b,GA_FIXED,string_category,empty,24,True,True,[''],0.0,empty,0,80,0.0001925829565152526
qwen_qwen3_32b,GA_FIXED,string_category,empty,25,True,True,[''],0.0,empty,0,80,0.00016079109627753496
qwen_qwen3_32b,GA_FIXED,string_category,empty,26,True,True,[''],0.0,empty,0,80,0.00018862495198845863
qwen_qwen3_32b,GA_FIXED,string_category,empty,27,True,True,[''],0.0,empty,0,80,0.0001770419767126441
qwen_qwen3_32b,GA_FIXED,string_category,empty,28,True,True,[''],0.0,empty,0,80,0.00017658306751400232
qwen_qwen3_32b,GA_FIXED,string_category,empty,29,True,True,[''],0.0,empty,0,80,0.0001729580108076334
qwen_qwen3_32b,GA_FIXED,string_category,long_palindrome,0,True,True,['OlqlO'],0.0,long_palindrome,28,2320,0.00948283402249217
qwen_qwen3_32b,GA_FIXED,string_category,long_palindrome,1,True,True,['1ll1'],0.0,long_palindrome,47,3840,0.01571712491568178
qwen_qwen3_32b,GA_FIXED,string_category,long_palindrome,2,True,True,['Y33Y'],0.0,long_palindrome,22,1840,0.007576083997264504
qwen_qwen3_32b,GA_FIXED,string_category,long_palindrome,3,True,True,['0JJ0'],0.0,long_palindrome,21,1760,0.007351874955929816
qwen_qwen3_32b,GA_FIXED,string_category,long_palindrome,4,True,True,['1001'],0.0,long_palindrome,33,2720,0.01143183303065598
qwen_qwen3_32b,GA_FIXED,string_category,long_palindrome,5,False,False,['wbw'],1.0,,2,8080,0.03263754106592387
qwen_qwen3_32b,GA_FIXED,string_category,long_palindrome,6,True,True,['IN9NI'],0.0,long_palindrome,24,2000,0.008091999916359782
qwen_qwen3_32b,GA_FIXED,string_category,long_palindrome,7,True,True,['h858h'],0.0,long_palindrome,6,560,0.0021861670538783073
qwen_qwen3_32b,GA_FIXED,string_category,long_palindrome,8,False,False,['ioi'],1.0,,0,8080,0.03236637497320771
qwen_qwen3_32b,GA_FIXED,string_category,long_palindrome,9,True,True,['FaaF'],0.0,long_palindrome,15,1280,0.0051516249077394605
qwen_qwen3_32b,GA_FIXED,string_category,long_palindrome,10,True,True,['X5f5X'],0.0,long_palindrome,22,1840,0.007393790991045535
qwen_qwen3_32b,GA_FIXED,string_category,long_palindrome,11,True,True,['7VV7'],0.0,long_palindrome,36,2960,0.011895500007085502
qwen_qwen3_32b,GA_FIXED,string_category,long_palindrome,12,True,True,['Q77Q'],0.0,long_palindrome,23,1920,0.007755959057249129
qwen_qwen3_32b,GA_FIXED,string_category,long_palindrome,13,True,True,['3dd3'],0.0,long_palindrome,17,1440,0.005795917008072138
qwen_qwen3_32b,GA_FIXED,string_category,long_palindrome,14,True,True,['HeleH'],0.0,long_palindrome,17,1440,0.005706624942831695
qwen_qwen3_32b,GA_FIXED,string_category,long_palindrome,15,True,True,['sHGHs'],0.0,long_palindrome,3,320,0.001191832940094173
qwen_qwen3_32b,GA_FIXED,string_category,long_palindrome,16,True,True,['FjYjF'],0.0,long_palindrome,6,560,0.0021886660251766443
qwen_qwen3_32b,GA_FIXED,string_category,long_palindrome,17,True,True,['HEEH'],0.0,long_palindrome,19,1600,0.006428625085391104
qwen_qwen3_32b,GA_FIXED,string_category,long_palindrome,18,True,True,['oddo'],0.0,long_palindrome,17,1440,0.00575879099778831
qwen_qwen3_32b,GA_FIXED,string_category,long_palindrome,19,True,True,['qiiq'],0.0,long_palindrome,15,1280,0.005110083962790668
qwen_qwen3_32b,GA_FIXED,string_category,long_palindrome,20,True,True,['nEEn'],0.0,long_palindrome,18,1520,0.00607879098970443
qwen_qwen3_32b,GA_FIXED,string_category,long_palindrome,21,True,True,['dWWd'],0.0,long_palindrome,9,800,0.0032315829303115606
qwen_qwen3_32b,GA_FIXED,string_category,long_palindrome,22,True,True,['OxxO'],0.0,long_palindrome,25,2080,0.008403625106438994
qwen_qwen3_32b,GA_FIXED,string_category,long_palindrome,23,True,True,['hOOh'],0.0,long_palindrome,33,2720,0.010903959046117961
qwen_qwen3_32b,GA_FIXED,string_category,long_palindrome,24,True,True,['g11g'],0.0,long_palindrome,40,3280,0.013194040977396071
qwen_qwen3_32b,GA_FIXED,string_category,long_palindrome,25,True,True,['qxxq'],0.0,long_palindrome,58,4720,0.019078166922554374
qwen_qwen3_32b,GA_FIXED,string_category,long_palindrome,26,True,True,['9oo9'],0.0,long_palindrome,43,3520,0.014164166990667582
qwen_qwen3_32b,GA_FIXED,string_category,long_palindrome,27,True,True,['cijic'],0.0,long_palindrome,10,880,0.0034645419800654054
qwen_qwen3_32b,GA_FIXED,string_category,long_palindrome,28,True,True,['28B82'],0.0,long_palindrome,17,1440,0.005767250084318221
qwen_qwen3_32b,GA_FIXED,string_category,long_palindrome,29,True,True,['FmmF'],0.0,long_palindrome,23,1920,0.00770237494725734
qwen_qwen3_32b,GA_FIXED,string_category,short_palindrome,0,True,True,['z'],0.0,short_palindrome,0,80,0.00019708299078047276
qwen_qwen3_32b,GA_FIXED,string_category,short_palindrome,1,True,True,[''],0.0,short_palindrome,0,80,0.0002055419608950615
qwen_qwen3_32b,GA_FIXED,string_category,short_palindrome,2,True,True,['Z'],0.0,short_palindrome,0,80,0.0002031669719144702
qwen_qwen3_32b,GA_FIXED,string_category,short_palindrome,3,True,True,[''],0.0,short_palindrome,0,80,0.0001982920803129673
qwen_qwen3_32b,GA_FIXED,string_category,short_palindrome,4,True,True,['h'],0.0,short_palindrome,0,80,0.0001893340377137065
qwen_qwen3_32b,GA_FIXED,string_category,short_palindrome,5,True,True,[''],0.0,short_palindrome,0,80,0.0001940840156748891
qwen_qwen3_32b,GA_FIXED,string_category,short_palindrome,6,True,True,[''],0.0,short_palindrome,0,80,0.0002013330813497305
qwen_qwen3_32b,GA_FIXED,string_category,short_palindrome,7,True,True,['x'],0.0,short_palindrome,0,80,0.0001716669648885727
qwen_qwen3_32b,GA_FIXED,string_category,short_palindrome,8,True,True,[''],0.0,short_palindrome,0,80,0.00019829196389764547
qwen_qwen3_32b,GA_FIXED,string_category,short_palindrome,9,True,True,[''],0.0,short_palindrome,0,80,0.00018416601233184338
qwen_qwen3_32b,GA_FIXED,string_category,short_palindrome,10,True,True,['r'],0.0,short_palindrome,0,80,0.00020241702441126108
qwen_qwen3_32b,GA_FIXED,string_category,short_palindrome,11,True,True,['i'],0.0,short_palindrome,0,80,0.00020595802925527096
qwen_qwen3_32b,GA_FIXED,string_category,short_palindrome,12,True,True,['v'],0.0,short_palindrome,0,80,0.00019895797595381737
qwen_qwen3_32b,GA_FIXED,string_category,short_palindrome,13,True,True,['A'],0.0,short_palindrome,0,80,0.00020183296874165535
qwen_qwen3_32b,GA_FIXED,string_category,short_palindrome,14,True,True,['T'],0.0,short_palindrome,0,80,0.000203792005777359
qwen_qwen3_32b,GA_FIXED,string_category,short_palindrome,15,True,True,['I'],0.0,short_palindrome,0,80,0.00021412502974271774
qwen_qwen3_32b,GA_FIXED,string_category,short_palindrome,16,True,True,['A'],0.0,short_palindrome,0,80,0.00019762502051889896
qwen_qwen3_32b,GA_FIXED,string_category,short_palindrome,17,True,True,['d'],0.0,short_palindrome,0,80,0.0002067919122055173
qwen_qwen3_32b,GA_FIXED,string_category,short_palindrome,18,True,True,['z'],0.0,short_palindrome,0,80,0.00019708299078047276
qwen_qwen3_32b,GA_FIXED,string_category,short_palindrome,19,True,True,['S'],0.0,short_palindrome,0,80,0.00020366697572171688
qwen_qwen3_32b,GA_FIXED,string_category,short_palindrome,20,True,True,[''],0.0,short_palindrome,0,80,0.00020287500228732824
qwen_qwen3_32b,GA_FIXED,string_category,short_palindrome,21,True,True,['F'],0.0,short_palindrome,0,80,0.00021016597747802734
qwen_qwen3_32b,GA_FIXED,string_category,short_palindrome,22,True,True,['3'],0.0,short_palindrome,0,80,0.00018924998585134745
qwen_qwen3_32b,GA_FIXED,string_category,short_palindrome,23,True,True,['Z'],0.0,short_palindrome,0,80,0.00019033299759030342
qwen_qwen3_32b,GA_FIXED,string_category,short_palindrome,24,True,True,[''],0.0,short_palindrome,0,80,0.0002113750670105219
qwen_qwen3_32b,GA_FIXED,string_category,short_palindrome,25,True,True,['X'],0.0,short_palindrome,0,80,0.00020000000949949026
qwen_qwen3_32b,GA_FIXED,string_category,short_palindrome,26,True,True,['h'],0.0,short_palindrome,0,80,0.00019279099069535732
qwen_qwen3_32b,GA_FIXED,string_category,short_palindrome,27,True,True,['h'],0.0,short_palindrome,0,80,0.00019591697491705418
qwen_qwen3_32b,GA_FIXED,string_category,short_palindrome,28,True,True,['h'],0.0,short_palindrome,0,80,0.00020841602236032486
qwen_qwen3_32b,GA_FIXED,string_category,short_palindrome,29,True,True,[''],0.0,short_palindrome,0,80,0.00020179199054837227
qwen_qwen3_32b,GA_FIXED,string_category,long_non_palindrome,0,True,True,['mAr2su4XqyACci'],0.0,long_non_palindrome,0,80,0.0001943749375641346
qwen_qwen3_32b,GA_FIXED,string_category,long_non_palindrome,1,True,True,['xvrBEmgbgYe'],0.0,long_non_palindrome,0,80,0.00018916605040431023
qwen_qwen3_32b,GA_FIXED,string_category,long_non_palindrome,2,True,True,['ogXPl7D0GJ'],0.0,long_non_palindrome,0,80,0.00018833298236131668
qwen_qwen3_32b,GA_FIXED,string_category,long_non_palindrome,3,True,True,['O4f7tadggrZkjMeS8C'],0.0,long_non_palindrome,0,80,0.0001804170897230506
qwen_qwen3_32b,GA_FIXED,string_category,long_non_palindrome,4,True,True,['5pFp0b84h7x'],0.0,long_non_palindrome,0,80,0.0001769589725881815
qwen_qwen3_32b,GA_FIXED,string_category,long_non_palindrome,5,True,True,['skBPKdI'],0.0,long_non_palindrome,0,80,0.00018908304627984762
qwen_qwen3_32b,GA_FIXED,string_category,long_non_palindrome,6,True,True,['oJLDakBOP4A3Ogo4mMcq'],0.0,long_non_palindrome,0,80,0.00019437505397945642
qwen_qwen3_32b,GA_FIXED,string_category,long_non_palindrome,7,True,True,['3FisCT6cb'],0.0,long_non_palindrome,0,80,0.00017908297013491392
qwen_qwen3_32b,GA_FIXED,string_category,long_non_palindrome,8,True,True,['fvDtQequpc4MydMjE6'],0.0,long_non_palindrome,0,80,0.0001847910461947322
qwen_qwen3_32b,GA_FIXED,string_category,long_non_palindrome,9,True,True,['n4bDTN1U9WHwF'],0.0,long_non_palindrome,0,80,0.00016837497241795063
qwen_qwen3_32b,GA_FIXED,string_category,long_non_palindrome,10,True,True,['Zw3aEvJE6ME'],0.0,long_non_palindrome,0,80,0.00017845898400992155
qwen_qwen3_32b,GA_FIXED,string_category,long_non_palindrome,11,True,True,['yxZy4gA5LXPugu5gDG'],0.0,long_non_palindrome,0,80,0.00018708291463553905
qwen_qwen3_32b,GA_FIXED,string_category,long_non_palindrome,12,True,True,['DSd7Zs8fNjfiC0WVqiY'],0.0,long_non_palindrome,0,80,0.00017554196529090405
qwen_qwen3_32b,GA_FIXED,string_category,long_non_palindrome,13,True,True,['3yGzqKhzNdHV'],0.0,long_non_palindrome,0,80,0.00016974995378404856
qwen_qwen3_32b,GA_FIXED,string_category,long_non_palindrome,14,True,True,['mj3kj3'],0.0,long_non_palindrome,0,80,0.00018308404833078384
qwen_qwen3_32b,GA_FIXED,string_category,long_non_palindrome,15,True,True,['qKkW5P2VXZj'],0.0,long_non_palindrome,0,80,0.00018154107965528965
qwen_qwen3_32b,GA_FIXED,string_category,long_non_palindrome,16,True,True,['n1GoBtE'],0.0,long_non_palindrome,0,80,0.00017129199113696814
qwen_qwen3_32b,GA_FIXED,string_category,long_non_palindrome,17,True,True,['tt4YdF404I5DEk'],0.0,long_non_palindrome,0,80,0.0001784579362720251
qwen_qwen3_32b,GA_FIXED,string_category,long_non_palindrome,18,True,True,['mSlQdCB'],0.0,long_non_palindrome,0,80,0.00018458289559930563
qwen_qwen3_32b,GA_FIXED,string_category,long_non_palindrome,19,True,True,['fjIawJocRu'],0.0,long_non_palindrome,0,80,0.00018516695126891136
qwen_qwen3_32b,GA_FIXED,string_category,long_non_palindrome,20,True,True,['MPzC5D'],0.0,long_non_palindrome,0,80,0.0001742079621180892
qwen_qwen3_32b,GA_FIXED,string_category,long_non_palindrome,21,True,True,['EN6TV93c1tILHh69h'],0.0,long_non_palindrome,0,80,0.00018333306070417166
qwen_qwen3_32b,GA_FIXED,string_category,long_non_palindrome,22,True,True,['eJnMkthPw92rpGd'],0.0,long_non_palindrome,0,80,0.00018237496260553598
qwen_qwen3_32b,GA_FIXED,string_category,long_non_palindrome,23,True,True,['ZIqo0kl4Q'],0.0,long_non_palindrome,0,80,0.00018375006038695574
qwen_qwen3_32b,GA_FIXED,string_category,long_non_palindrome,24,True,True,['8m35euItdQiVK1FK2'],0.0,long_non_palindrome,0,80,0.00018024991732090712
qwen_qwen3_32b,GA_FIXED,string_category,long_non_palindrome,25,True,True,['7WKQMU7A62OzUh'],0.0,long_non_palindrome,0,80,0.0001842499477788806
qwen_qwen3_32b,GA_FIXED,string_category,long_non_palindrome,26,True,True,['1xh3Rcc5PaaQ'],0.0,long_non_palindrome,0,80,0.0001824169885367155
qwen_qwen3_32b,GA_FIXED,string_category,long_non_palindrome,27,True,True,['uOy5nUHpIqSqE9'],0.0,long_non_palindrome,0,80,0.00018437497783452272
qwen_qwen3_32b,GA_FIXED,string_category,long_non_palindrome,28,True,True,['NUCbUNAr0qCk'],0.0,long_non_palindrome,0,80,0.00017150002531707287
qwen_qwen3_32b,GA_FIXED,string_category,long_non_palindrome,29,True,True,['cvsQ6JKaP'],0.0,long_non_palindrome,0,80,0.00019200006499886513
qwen_qwen3_32b,GA_FIXED,string_category,other,0,True,True,['rkUlu'],0.0,other,0,80,0.00017787492834031582
qwen_qwen3_32b,GA_FIXED,string_category,other,1,True,True,['7hJ4v'],0.0,other,0,80,0.00017658399883657694
qwen_qwen3_32b,GA_FIXED,string_category,other,2,True,True,['hHP7N'],0.0,other,0,80,0.00017254101112484932
qwen_qwen3_32b,GA_FIXED,string_category,other,3,True,True,['rM22'],0.0,other,0,80,0.0001853749854490161
qwen_qwen3_32b,GA_FIXED,string_category,other,4,True,True,['kRE8P'],0.0,other,0,80,0.00017891707830131054
qwen_qwen3_32b,GA_FIXED,string_category,other,5,True,True,['kb'],0.0,other,0,80,0.0001782500185072422
qwen_qwen3_32b,GA_FIXED,string_category,other,6,True,True,['Ss'],0.0,other,0,80,0.00017799995839595795
qwen_qwen3_32b,GA_FIXED,string_category,other,7,True,True,['nsmW'],0.0,other,0,80,0.0001692089717835188
qwen_qwen3_32b,GA_FIXED,string_category,other,8,True,True,['7B'],0.0,other,0,80,0.00018562492914497852
qwen_qwen3_32b,GA_FIXED,string_category,other,9,True,True,['Z8CK'],0.0,other,0,80,0.00018737500067800283
qwen_qwen3_32b,GA_FIXED,string_category,other,10,True,True,['xl'],0.0,other,0,80,0.00018049997743219137
qwen_qwen3_32b,GA_FIXED,string_category,other,11,True,True,['u34E'],0.0,other,0,80,0.00017799995839595795
qwen_qwen3_32b,GA_FIXED,string_category,other,12,True,True,['1a'],0.0,other,0,80,0.00017887505237013102
qwen_qwen3_32b,GA_FIXED,string_category,other,13,True,True,['w5'],0.0,other,0,80,0.0001930000726133585
qwen_qwen3_32b,GA_FIXED,string_category,other,14,True,True,['Nl'],0.0,other,0,80,0.00017374998424202204
qwen_qwen3_32b,GA_FIXED,string_category,other,15,True,True,['l8bu'],0.0,other,0,80,0.00017100002150982618
qwen_qwen3_32b,GA_FIXED,string_category,other,16,True,True,['5CEY'],0.0,other,0,80,0.00018279103096574545
qwen_qwen3_32b,GA_FIXED,string_category,other,17,True,True,['60zWf'],0.0,other,0,80,0.00018466694746166468
qwen_qwen3_32b,GA_FIXED,string_category,other,18,True,True,['AQqj'],0.0,other,0,80,0.00018666707910597324
qwen_qwen3_32b,GA_FIXED,string_category,other,19,True,True,['tlC'],0.0,other,0,80,0.00018137495499104261
qwen_qwen3_32b,GA_FIXED,string_category,other,20,True,True,['UkHZj'],0.0,other,0,80,0.00018224993254989386
qwen_qwen3_32b,GA_FIXED,string_category,other,21,True,True,['64o'],0.0,other,0,80,0.0001949999714270234
qwen_qwen3_32b,GA_FIXED,string_category,other,22,True,True,['V960'],0.0,other,0,80,0.00018058298155665398
qwen_qwen3_32b,GA_FIXED,string_category,other,23,True,True,['lH'],0.0,other,0,80,0.00017633300740271807
qwen_qwen3_32b,GA_FIXED,string_category,other,24,True,True,['gEu'],0.0,other,0,80,0.00018504192121326923
qwen_qwen3_32b,GA_FIXED,string_category,other,25,True,True,['dhl'],0.0,other,0,80,0.00017541705165058374
qwen_qwen3_32b,GA_FIXED,string_category,other,26,True,True,['IfT'],0.0,other,0,80,0.00016683305148035288
qwen_qwen3_32b,GA_FIXED,string_category,other,27,True,True,['PMK'],0.0,other,0,80,0.00018041697330772877
qwen_qwen3_32b,GA_FIXED,string_category,other,28,True,True,['qmCtR'],0.0,other,0,80,0.00018545903731137514
qwen_qwen3_32b,GA_FIXED,string_category,other,29,True,True,['eN'],0.0,other,0,80,0.00017733301501721144
qwen_qwen3_32b,GA_ADAPTIVE,bmi_category,invalid_height,0,False,False,"[1664.0009445104301, 0.1]",0.1,,1,8080,0.037902874988503754
qwen_qwen3_32b,GA_ADAPTIVE,bmi_category,invalid_height,1,False,False,"[269.65230434414514, 0.1]",0.1,,1,8080,0.038023707922548056
qwen_qwen3_32b,GA_ADAPTIVE,bmi_category,invalid_height,2,False,False,"[806.9411180315414, 0.1]",0.1,,1,8080,0.03831295797135681
qwen_qwen3_32b,GA_ADAPTIVE,bmi_category,invalid_height,3,False,False,"[1092.3233470546345, 0.1]",0.1,,2,8080,0.03812141704838723
qwen_qwen3_32b,GA_ADAPTIVE,bmi_category,invalid_height,4,False,False,"[2336.1572435106546, 0.1]",0.1,,1,8080,0.03816754196304828
qwen_qwen3_32b,GA_ADAPTIVE,bmi_category,invalid_height,5,False,False,"[2659.0625749264227, 0.1]",0.1,,1,8080,0.038150417036376894
qwen_qwen3_32b,GA_ADAPTIVE,bmi_category,invalid_height,6,False,False,"[2214.857254694928, 0.1]",0.1,,1,8080,0.038149625062942505
qwen_qwen3_32b,GA_ADAPTIVE,bmi_category,invalid_height,7,False,False,"[1590.1069900111056, 0.1]",0.1,,1,8080,0.03813429200090468
qwen_qwen3_32b,GA_ADAPTIVE,bmi_category,invalid_height,8,False,False,"[889.8706586671811, 0.1]",0.1,,1,8080,0.03827508294489235
qwen_qwen3_32b,GA_ADAPTIVE,bmi_category,invalid_height,9,False,False,"[1464.4510435137381, 0.1]",0.1,,1,8080,0.03824783302843571
qwen_qwen3_32b,GA_ADAPTIVE,bmi_category,invalid_height,10,False,False,"[199.46660440291762, 0.1]",0.1,,1,8080,0.03845141700003296
qwen_qwen3_32b,GA_ADAPTIVE,bmi_category,invalid_height,11,False,False,"[1844.5055045495578, 0.1]",0.1,,1,8080,0.03817279194481671
qwen_qwen3_32b,GA_ADAPTIVE,bmi_category,invalid_height,12,False,False,"[2789.007418930337, 0.1]",0.1,,1,8080,0.03807312506251037
qwen_qwen3_32b,GA_ADAPTIVE,bmi_category,invalid_height,13,False,False,"[2922.077807224253, 0.1]",0.1,,1,8080,0.0380496249999851
qwen_qwen3_32b,GA_ADAPTIVE,bmi_category,invalid_height,14,False,False,"[2758.3112078031822, 0.1]",0.1,,1,8080,0.038423457997851074
qwen_qwen3_32b,GA_ADAPTIVE,bmi_category,invalid_height,15,False,False,"[79.43904414581604, 0.1]",0.1,,1,8080,0.03808066702913493
qwen_qwen3_32b,GA_ADAPTIVE,bmi_category,invalid_height,16,False,False,"[423.12511056078563, 0.1]",0.1,,1,8080,0.037988917087204754
qwen_qwen3_32b,GA_ADAPTIVE,bmi_category,invalid_height,17,False,False,"[723.3999459837135, 0.1]",0.1,,1,8080,0.03803837497252971
qwen_qwen3_32b,GA_ADAPTIVE,bmi_category,invalid_height,18,False,False,"[1892.4250928405897, 0.1]",0.1,,1,8080,0.03817270800936967
qwen_qwen3_32b,GA_ADAPTIVE,bmi_category,invalid_height,19,False,False,"[2225.6027822768237, 0.1]",0.1,,1,8080,0.037982708076015115
qwen_qwen3_32b,GA_ADAPTIVE,bmi_category,invalid_height,20,False,False,"[758.8873017958439, 0.1]",0.1,,1,8080,0.038530291989445686
qwen_qwen3_32b,GA_ADAPTIVE,bmi_category,invalid_height,21,False,False,"[1369.0400222170927, 0.1]",0.1,,1,8080,0.03824729204643518
qwen_qwen3_32b,GA_ADAPTIVE,bmi_category,invalid_height,22,False,False,"[1372.4361256092066, 0.1]",0.1,,1,8080,0.037926416960544884
qwen_qwen3_32b,GA_ADAPTIVE,bmi_category,invalid_height,23,False,False,"[2418.3011361792237, 0.1]",0.1,,1,8080,0.03788162500131875
qwen_qwen3_32b,GA_ADAPTIVE,bmi_category,invalid_height,24,False,False,"[2586.471738405971, 0.1]",0.1,,1,8080,0.03798304102383554
qwen_qwen3_32b,GA_ADAPTIVE,bmi_category,invalid_height,25,False,False,"[330.2124808179944, 0.1]",0.1,,1,8080,0.03775245801080018
qwen_qwen3_32b,GA_ADAPTIVE,bmi_category,invalid_height,26,False,False,"[2535.6631755095214, 0.1]",0.1,,1,8080,0.037751249969005585
qwen_qwen3_32b,GA_ADAPTIVE,bmi_category,invalid_height,27,False,False,"[2189.4336204116207, 0.1]",0.1,,1,8080,0.03774191695265472
qwen_qwen3_32b,GA_ADAPTIVE,bmi_category,invalid_height,28,False,False,"[2880.9640646351545, 0.1]",0.1,,1,8080,0.037742833024822176
qwen_qwen3_32b,GA_ADAPTIVE,bmi_category,invalid_height,29,False,False,"[1762.7072844886416, 0.1]",0.1,,1,8080,0.03767641703598201
qwen_qwen3_32b,GA_ADAPTIVE,bmi_category,underweight,0,True,True,"[1.8861270482021242, 1.139173052368993]",0.0,underweight,0,80,5.708297248929739e-05
qwen_qwen3_32b,GA_ADAPTIVE,bmi_category,underweight,1,True,True,"[70.90373099244385, 2.772570839506684]",0.0,underweight,0,80,5.529099144041538e-05
qwen_qwen3_32b,GA_ADAPTIVE,bmi_category,underweight,2,True,True,"[61.302452490034966, 2.4047394663995263]",0.0,underweight,0,80,5.324999801814556e-05
qwen_qwen3_32b,GA_ADAPTIVE,bmi_category,underweight,3,True,True,"[100.0050974136415, 2.6806763982459416]",0.0,underweight,0,80,5.5292039178311825e-05
qwen_qwen3_32b,GA_ADAPTIVE,bmi_category,underweight,4,True,True,"[0.1526408133986079, 1.328108907782205]",0.0,underweight,0,80,4.941702354699373e-05
qwen_qwen3_32b,GA_ADAPTIVE,bmi_category,underweight,5,True,True,"[74.15675836044444, 2.883249557903192]",0.0,underweight,0,80,5.233404226601124e-05
qwen_qwen3_32b,GA_ADAPTIVE,bmi_category,underweight,6,True,True,"[8.774639798122541, 2.909446486350055]",0.0,underweight,0,80,5.345896352082491e-05
qwen_qwen3_32b,GA_ADAPTIVE,bmi_category,underweight,7,True,True,"[0.3650056375664734, 2.9583052194333357]",0.0,underweight,0,80,5.279097240418196e-05
qwen_qwen3_32b,GA_ADAPTIVE,bmi_category,underweight,8,True,True,"[104.8400093098193, 2.728156617491285]",0.0,underweight,1,160,0.00041924999095499516
qwen_qwen3_32b,GA_ADAPTIVE,bmi_category,underweight,9,True,True,"[56.893500002375255, 1.8199848785709565]",0.0,underweight,1,160,0.00041270803194493055
qwen_qwen3_32b,GA_ADAPTIVE,bmi_category,underweight,10,True,True,"[54.8885503051394, 2.1107019779540583]",0.0,underweight,0,80,5.258305463939905e-05
qwen_qwen3_32b,GA_ADAPTIVE,bmi_category,underweight,11,True,True,"[21.551707081298943, 1.2261948148160795]",0.0,underweight,0,80,5.312496796250343e-05
qwen_qwen3_32b,GA_ADAPTIVE,bmi_category,underweight,12,True,True,"[105.868342032728, 2.5578020868565536]",0.0,underweight,0,80,5.283299833536148e-05
qwen_qwen3_32b,GA_ADAPTIVE,bmi_category,underweight,13,True,True,"[23.95634006798131, 2.3161323444201987]",0.0,underweight,0,80,5.212496034801006e-05
qwen_qwen3_32b,GA_ADAPTIVE,bmi_category,underweight,14,True,True,"[65.45334533738722, 2.920531142802913]",0.0,underweight,2,240,0.0007698329864069819
qwen_qwen3_32b,GA_ADAPTIVE,bmi_category,underweight,15,True,True,"[40.3046253447964, 2.395863428203268]",0.0,underweight,0,80,5.337502807378769e-05
qwen_qwen3_32b,GA_ADAPTIVE,bmi_category,underweight,16,True,True,"[89.65196017513333, 2.907674436618151]",0.0,underweight,0,80,5.2916002459824085e-05
qwen_qwen3_32b,GA_ADAPTIVE,bmi_category,underweight,17,True,True,"[112.1978706607457, 2.678485426933222]",0.0,underweight,0,80,5.2999937906861305e-05
qwen_qwen3_32b,GA_ADAPTIVE,bmi_category,underweight,18,True,True,"[150.87394318747937, 2.9384866369740097]",0.0,underweight,0,80,5.324999801814556e-05
qwen_qwen3_32b,GA_ADAPTIVE,bmi_category,underweight,19,True,True,"[16.354299628265956, 1.0133373200910258]",0.0,underweight,0,80,5.337502807378769e-05
qwen_qwen3_32b,GA_ADAPTIVE,bmi_category,underweight,20,True,True,"[142.52392538832424, 2.912787318487453]",0.0,underweight,1,160,0.00040987494867295027
qwen_qwen3_32b,GA_ADAPTIVE,bmi_category,underweight,21,True,True,"[36.470987018799136, 2.6858672177461513]",0.0,underweight,0,80,5.316699389368296e-05
qwen_qwen3_32b,GA_ADAPTIVE,bmi_category,underweight,22,True,True,"[63.61691443857504, 2.4582443378768875]",0.0,underweight,1,160,0.000407207990065217
qwen_qwen3_32b,GA_ADAPTIVE,bmi_category,underweight,23,True,True,"[73.6738360412097, 2.9776738115590065]",0.0,underweight,2,240,0.0007715420797467232
qwen_qwen3_32b,GA_ADAPTIVE,bmi_category,underweight,24,True,True,"[16.15263253238497, 2.943367736937153]",0.0,underweight,0,80,5.350005812942982e-05
qwen_qwen3_32b,GA_ADAPTIVE,bmi_category,underweight,25,True,True,"[35.1044981469314, 1.647718134468652]",0.0,underweight,1,160,0.00041783310007303953
qwen_qwen3_32b,GA_ADAPTIVE,bmi_category,underweight,26,True,True,"[109.1134468241608, 2.910027609304339]",0.0,underweight,1,160,0.0004104999825358391
qwen_qwen3_32b,GA_ADAPTIVE,bmi_category,underweight,27,True,True,"[14.100043309187683, 2.3950386024177077]",0.0,underweight,0,80,5.2749994210898876e-05
qwen_qwen3_32b,GA_ADAPTIVE,bmi_category,underweight,28,True,True,"[58.481635449253446, 2.3489113079923425]",0.0,underweight,0,80,5.320901982486248e-05
qwen_qwen3_32b,GA_ADAPTIVE,bmi_category,underweight,29,True,True,"[72.53169977384921, 2.217512257381327]",0.0,underweight,1,160,0.0004094999749213457
qwen_qwen3_32b,GA_ADAPTIVE,bmi_category,normal,0,True,True,"[43.86147111994221, 1.4712838507274433]",0.0,normal,2,240,0.0007777910213917494
qwen_qwen3_32b,GA_ADAPTIVE,bmi_category,normal,1,True,True,"[23.205706894337208, 1.002898422779661]",0.0,normal,0,80,5.641707684844732e-05
qwen_qwen3_32b,GA_ADAPTIVE,bmi_category,normal,2,True,True,"[211.36268189517037, 2.9653110949693304]",0.0,normal,2,240,0.0007820000173524022
qwen_qwen3_32b,GA_ADAPTIVE,bmi_category,normal,3,True,True,"[163.6875092054616, 2.862337713059958]",0.0,normal,0,80,5.691696424037218e-05
qwen_qwen3_32b,GA_ADAPTIVE,bmi_category,normal,4,True,True,"[89.25970392631632, 2.0442798645974807]",0.0,normal,2,240,0.0007774579571560025
qwen_qwen3_32b,GA_ADAPTIVE,bmi_category,normal,5,True,True,"[102.30466967794938, 2.2488859479465733]",0.0,normal,0,80,5.679205060005188e-05
qwen_qwen3_32b,GA_ADAPTIVE,bmi_category,normal,6,True,True,"[154.98134148739095, 2.7932088322580584]",0.0,normal,1,160,0.000420207972638309
qwen_qwen3_32b,GA_ADAPTIVE,bmi_category,normal,7,True,True,"[152.26425606862148, 2.7141359063676407]",0.0,normal,1,160,0.0004174578934907913
qwen_qwen3_32b,GA_ADAPTIVE,bmi_category,normal,8,True,True,"[156.29165781892385, 2.8243634918189846]",0.0,normal,0,80,5.679205060005188e-05
qwen_qwen3_32b,GA_ADAPTIVE,bmi_category,normal,9,True,True,"[68.4094933474153, 1.8148563804402906]",0.0,normal,0,80,5.6999968364834785e-05
qwen_qwen3_32b,GA_ADAPTIVE,bmi_category,normal,10,True,True,"[196.39913539279507, 2.8838723267591013]",0.0,normal,1,160,0.00042325002141296864
qwen_qwen3_32b,GA_ADAPTIVE,bmi_category,normal,11,True,True,"[119.77486381339862, 2.5136322731396117]",0.0,normal,2,240,0.0007773749530315399
qwen_qwen3_32b,GA_ADAPTIVE,bmi_category,normal,12,True,True,"[122.88876627083722, 2.3326206651592356]",0.0,normal,2,240,0.0007839169120416045
qwen_qwen3_32b,GA_ADAPTIVE,bmi_category,normal,13,True,True,"[174.91186817330117, 2.8024172055837995]",0.0,normal,1,160,0.00041870796121656895
qwen_qwen3_32b,GA_ADAPTIVE,bmi_category,normal,14,True,True,"[166.9849656188529, 2.743968397752772]",0.0,normal,0,80,5.666702054440975e-05
qwen_qwen3_32b,GA_ADAPTIVE,bmi_category,normal,15,True,True,"[194.1720735526623, 2.9113606769821265]",0.0,normal,0,80,5.666702054440975e-05
qwen_qwen3_32b,GA_ADAPTIVE,bmi_category,normal,16,True,True,"[181.59430820026412, 2.902167930767361]",0.0,normal,1,160,0.00041329197119921446
qwen_qwen3_32b,GA_ADAPTIVE,bmi_category,normal,17,True,True,"[176.48930809178876, 3.0]",0.0,normal,1,160,0.00041487510316073895
qwen_qwen3_32b,GA_ADAPTIVE,bmi_category,normal,18,True,True,"[211.58197773801524, 2.9148625785569573]",0.0,normal,1,160,0.00041683309245854616
qwen_qwen3_32b,GA_ADAPTIVE,bmi_category,normal,19,True,True,"[38.33323645228148, 1.2798024123560159]",0.0,normal,0,80,5.6541990488767624e-05
qwen_qwen3_32b,GA_ADAPTIVE,bmi_category,normal,20,True,True,"[178.7313474790848, 2.8558749591672403]",0.0,normal,0,80,5.645793862640858e-05
qwen_qwen3_32b,GA_ADAPTIVE,bmi_category,normal,21,True,True,"[151.68336218757983, 2.7181585867822484]",0.0,normal,1,160,0.00041695800609886646
qwen_qwen3_32b,GA_ADAPTIVE,bmi_category,normal,22,True,True,"[121.1664663248081, 2.3702369281422073]",0.0,normal,1,160,0.00042054103687405586
qwen_qwen3_32b,GA_ADAPTIVE,bmi_category,normal,23,True,True,"[108.30012400564215, 2.1352511785056554]",0.0,normal,1,160,0.00041833403520286083
qwen_qwen3_32b,GA_ADAPTIVE,bmi_category,normal,24,True,True,"[185.32994400544078, 2.9032648570074326]",0.0,normal,0,80,5.679193418473005e-05
qwen_qwen3_32b,GA_ADAPTIVE,bmi_category,normal,25,True,True,"[104.18522715855406, 2.0659721346655897]",0.0,normal,0,80,5.63750509172678e-05
qwen_qwen3_32b,GA_ADAPTIVE,bmi_category,normal,26,True,True,"[184.87741584307238, 2.8806025803392528]",0.0,normal,0,80,5.6249904446303844e-05
qwen_qwen3_32b,GA_ADAPTIVE,bmi_category,normal,27,True,True,"[75.14397372254011, 1.939852569675887]",0.0,normal,2,240,0.0007812499534338713
qwen_qwen3_32b,GA_ADAPTIVE,bmi_category,normal,28,True,True,"[120.76162726566764, 2.4030535055375983]",0.0,normal,0,80,5.608308129012585e-05
qwen_qwen3_32b,GA_ADAPTIVE,bmi_category,normal,29,True,True,"[15.53356611325385, 0.7955440376648814]",0.0,normal,0,80,5.616701673716307e-05
qwen_qwen3_32b,GA_ADAPTIVE,bmi_category,overweight,0,True,True,"[231.81260693688986, 2.842810333481592]",0.0,overweight,1,160,0.00042579194996505976
qwen_qwen3_32b,GA_ADAPTIVE,bmi_category,overweight,1,True,True,"[262.2221341548867, 2.9999113873707657]",0.0,overweight,2,240,0.000779333058744669
qwen_qwen3_32b,GA_ADAPTIVE,bmi_category,overweight,2,True,True,"[19.610425229578453, 0.8257224083002285]",0.0,overweight,0,80,5.7292054407298565e-05
qwen_qwen3_32b,GA_ADAPTIVE,bmi_category,overweight,3,True,True,"[61.043344996252856, 1.4305758356466411]",0.0,overweight,0,80,5.6958990171551704e-05
qwen_qwen3_32b,GA_ADAPTIVE,bmi_category,overweight,4,True,True,"[187.6504497730258, 2.6294130570476417]",0.0,overweight,1,160,0.0004157500807195902
qwen_qwen3_32b,GA_ADAPTIVE,bmi_category,overweight,5,True,True,"[218.4007283672168, 2.90169001583524]",0.0,overweight,0,80,5.7165976613759995e-05
qwen_qwen3_32b,GA_ADAPTIVE,bmi_category,overweight,6,True,True,"[209.85801427980965, 2.887354296145482]",0.0,overweight,1,160,0.00041941599920392036
qwen_qwen3_32b,GA_ADAPTIVE,bmi_category,overweight,7,True,True,"[184.15270436546794, 2.6858994207542795]",0.0,overweight,1,160,0.00041795801371335983
qwen_qwen3_32b,GA_ADAPTIVE,bmi_category,overweight,8,True,True,"[226.56158384454216, 2.9810065957310963]",0.0,overweight,1,160,0.00041624996811151505
qwen_qwen3_32b,GA_ADAPTIVE,bmi_category,overweight,9,True,True,"[252.7038360254261, 2.967507238068549]",0.0,overweight,2,240,0.0007821250474080443
qwen_qwen3_32b,GA_ADAPTIVE,bmi_category,overweight,10,True,True,"[247.29836119487948, 3.0]",0.0,overweight,2,240,0.0007802080363035202
qwen_qwen3_32b,GA_ADAPTIVE,bmi_category,overweight,11,True,True,"[138.37195855646416, 2.180708154952985]",0.0,overweight,1,160,0.0004172499757260084
qwen_qwen3_32b,GA_ADAPTIVE,bmi_category,overweight,12,True,True,"[240.44222984563723, 2.8939595269142124]",0.0,overweight,1,160,0.0004154170164838433
qwen_qwen3_32b,GA_ADAPTIVE,bmi_category,overweight,13,True,True,"[206.25239916021877, 2.7892809002110686]",0.0,overweight,3,320,0.0011331250425428152
qwen_qwen3_32b,GA_ADAPTIVE,bmi_category,overweight,14,True,True,"[212.14999611814844, 2.7121699098997123]",0.0,overweight,3,320,0.0011309999972581863
qwen_qwen3_32b,GA_ADAPTIVE,bmi_category,overweight,15,True,True,"[17.384100592758635, 0.8299945927727348]",0.0,overweight,1,160,0.000417332979850471
qwen_qwen3_32b,GA_ADAPTIVE,bmi_category,overweight,16,True,True,"[111.74958146666502, 2.1050451434874353]",0.0,overweight,0,80,5.7333032600581646e-05
qwen_qwen3_32b,GA_ADAPTIVE,bmi_category,overweight,17,True,True,"[212.2298962050655, 2.760855583832253]",0.0,overweight,1,160,0.0004160829121246934
qwen_qwen3_32b,GA_ADAPTIVE,bmi_category,overweight,18,True,True,"[156.4280891299281, 2.3666066623845854]",0.0,overweight,3,320,0.0011275829747319221
qwen_qwen3_32b,GA_ADAPTIVE,bmi_category,overweight,19,True,True,"[250.4621172191458, 2.9580495470735553]",0.0,overweight,0,80,5.76250022277236e-05
qwen_qwen3_32b,GA_ADAPTIVE,bmi_category,overweight,20,True,True,"[156.32019588668172, 2.403020458753993]",0.0,overweight,1,160,0.00041866698302328587
qwen_qwen3_32b,GA_ADAPTIVE,bmi_category,overweight,21,True,True,"[269.5316187044234, 3.0]",0.0,overweight,9,800,0.0032808749238029122
qwen_qwen3_32b,GA_ADAPTIVE,bmi_category,overweight,22,True,True,"[259.89389013297006, 2.9940245772542085]",0.0,overweight,1,160,0.0004241670249029994
qwen_qwen3_32b,GA_ADAPTIVE,bmi_category,overweight,23,True,True,"[160.4643840807878, 2.3946851302377725]",0.0,overweight,0,80,5.7124998420476913e-05
qwen_qwen3_32b,GA_ADAPTIVE,bmi_category,overweight,24,True,True,"[150.32643134456447, 2.4202852846289695]",0.0,overweight,0,80,5.679205060005188e-05
qwen_qwen3_32b,GA_ADAPTIVE,bmi_category,overweight,25,True,True,"[101.72043776179274, 1.988007245327419]",0.0,overweight,0,80,5.704199429601431e-05
qwen_qwen3_32b,GA_ADAPTIVE,bmi_category,overweight,26,True,True,"[159.31204076821126, 2.329267998060176]",0.0,overweight,1,160,0.0004126249114051461
qwen_qwen3_32b,GA_ADAPTIVE,bmi_category,overweight,27,True,True,"[167.29671940215184, 2.3653512889334496]",0.0,overweight,0,80,5.7458062656223774e-05
qwen_qwen3_32b,GA_ADAPTIVE,bmi_category,overweight,28,True,True,"[221.08686621536145, 2.856481308402969]",0.0,overweight,0,80,5.733396392315626e-05
qwen_qwen3_32b,GA_ADAPTIVE,bmi_category,overweight,29,True,True,"[195.84197747101229, 2.7848658334955854]",0.0,overweight,1,160,0.00042099994607269764
qwen_qwen3_32b,GA_ADAPTIVE,bmi_category,obese,0,True,True,"[2293.1600232678975, 0.5486335332902768]",0.0,obese,0,80,5.420797970145941e-05
qwen_qwen3_32b,GA_ADAPTIVE,bmi_category,obese,1,True,True,"[2854.2812166236445, 1.1001064286908782]",0.0,obese,0,80,5.3541967645287514e-05
qwen_qwen3_32b,GA_ADAPTIVE,bmi_category,obese,2,True,True,"[1512.497100019876, 2.287947363951938]",0.0,obese,0,80,5.433405749499798e-05
qwen_qwen3_32b,GA_ADAPTIVE,bmi_category,obese,3,True,True,"[678.5937120861765, 2.0031582381229707]",0.0,obese,0,80,5.379202775657177e-05
qwen_qwen3_32b,GA_ADAPTIVE,bmi_category,obese,4,True,True,"[438.2397429403394, 2.384689091019247]",0.0,obese,0,80,5.40000619366765e-05
qwen_qwen3_32b,GA_ADAPTIVE,bmi_category,obese,5,True,True,"[1179.415911101228, 1.3683079482333012]",0.0,obese,0,80,5.3750001825392246e-05
qwen_qwen3_32b,GA_ADAPTIVE,bmi_category,obese,6,True,True,"[731.7657663760004, 1.915390093610109]",0.0,obese,0,80,5.39170578122139e-05
qwen_qwen3_32b,GA_ADAPTIVE,bmi_category,obese,7,True,True,"[1020.4246156377291, 0.9756405936183884]",0.0,obese,0,80,5.3916010074317455e-05
qwen_qwen3_32b,GA_ADAPTIVE,bmi_category,obese,8,True,True,"[320.70936058747577, 1.1007455585455796]",0.0,obese,0,80,5.408399738371372e-05
qwen_qwen3_32b,GA_ADAPTIVE,bmi_category,obese,9,True,True,"[885.3862268063981, 2.4956759905143326]",0.0,obese,0,80,5.40000619366765e-05
qwen_qwen3_32b,GA_ADAPTIVE,bmi_category,obese,10,True,True,"[1676.0869697568326, 1.4521608290702646]",0.0,obese,0,80,5.379202775657177e-05
qwen_qwen3_32b,GA_ADAPTIVE,bmi_category,obese,11,True,True,"[940.4687964295858, 0.6264477493851736]",0.0,obese,0,80,5.383300594985485e-05
qwen_qwen3_32b,GA_ADAPTIVE,bmi_category,obese,12,True,True,"[2162.9730507795052, 1.3670946004492162]",0.0,obese,0,80,5.425000563263893e-05
qwen_qwen3_32b,GA_ADAPTIVE,bmi_category,obese,13,True,True,"[1843.7178254191556, 0.23170325482410017]",0.0,obese,0,80,5.3750001825392246e-05
qwen_qwen3_32b,GA_ADAPTIVE,bmi_category,obese,14,True,True,"[2508.796973126906, 2.645192751589843]",0.0,obese,0,80,5.40000619366765e-05
qwen_qwen3_32b,GA_ADAPTIVE,bmi_category,obese,15,True,True,"[2280.1159284672717, 2.7940681423698477]",0.0,obese,0,80,5.3750001825392246e-05
qwen_qwen3_32b,GA_ADAPTIVE,bmi_category,obese,16,True,True,"[2211.1920575088648, 1.9611580695416775]",0.0,obese,0,80,5.387491546571255e-05
qwen_qwen3_32b,GA_ADAPTIVE,bmi_category,obese,17,True,True,"[1190.8511744426999, 1.1724246368876985]",0.0,obese,0,80,5.391694139689207e-05
qwen_qwen3_32b,GA_ADAPTIVE,bmi_category,obese,18,True,True,"[61.664080403189935, 0.3571869560433659]",0.0,obese,0,80,5.41249755769968e-05
qwen_qwen3_32b,GA_ADAPTIVE,bmi_category,obese,19,True,True,"[2498.1595326332604, 1.8147012741133008]",0.0,obese,0,80,5.437503568828106e-05
qwen_qwen3_32b,GA_ADAPTIVE,bmi_category,obese,20,True,True,"[2908.4351607829217, 2.261882980595727]",0.0,obese,0,80,5.416700150817633e-05
qwen_qwen3_32b,GA_ADAPTIVE,bmi_category,obese,21,True,True,"[345.49695999522237, 2.5228066133336835]",0.0,obese,0,80,5.337502807378769e-05
qwen_qwen3_32b,GA_ADAPTIVE,bmi_category,obese,22,True,True,"[1054.945930236083, 2.4755992446600286]",0.0,obese,0,80,5.379098001867533e-05
qwen_qwen3_32b,GA_ADAPTIVE,bmi_category,obese,23,True,True,"[1282.5513823393217, 0.30594752149746285]",0.0,obese,0,80,5.324999801814556e-05
qwen_qwen3_32b,GA_ADAPTIVE,bmi_category,obese,24,True,True,"[1523.3685669489328, 0.4492351959990196]",0.0,obese,0,80,5.350005812942982e-05
qwen_qwen3_32b,GA_ADAPTIVE,bmi_category,obese,25,True,True,"[2251.5621990333384, 1.661517590949675]",0.0,obese,0,80,5.391694139689207e-05
qwen_qwen3_32b,GA_ADAPTIVE,bmi_category,obese,26,True,True,"[2450.6555093969414, 0.8597752445163414]",0.0,obese,0,80,5.3791096433997154e-05
qwen_qwen3_32b,GA_ADAPTIVE,bmi_category,obese,27,True,True,"[781.1843591414073, 0.9210039677110305]",0.0,obese,0,80,5.366699770092964e-05
qwen_qwen3_32b,GA_ADAPTIVE,bmi_category,obese,28,True,True,"[793.3959489089523, 1.0685762194869264]",0.0,obese,0,80,5.349994171410799e-05
qwen_qwen3_32b,GA_ADAPTIVE,bmi_category,obese,29,True,True,"[1514.3565872182455, 0.5439749593638897]",0.0,obese,0,80,5.408294964581728e-05
qwen_qwen3_32b,GA_ADAPTIVE,list_pattern,too_short,0,True,True,[[-37]],0.0,too_short,0,80,0.00015966698992997408
qwen_qwen3_32b,GA_ADAPTIVE,list_pattern,too_short,1,True,True,[[]],0.0,too_short,0,80,0.00012079195585101843
qwen_qwen3_32b,GA_ADAPTIVE,list_pattern,too_short,2,True,True,[[9]],0.0,too_short,0,80,0.00012391700875014067
qwen_qwen3_32b,GA_ADAPTIVE,list_pattern,too_short,3,True,True,[[]],0.0,too_short,0,80,0.0001190409529954195
qwen_qwen3_32b,GA_ADAPTIVE,list_pattern,too_short,4,True,True,[[]],0.0,too_short,0,80,0.00012354191858321428
qwen_qwen3_32b,GA_ADAPTIVE,list_pattern,too_short,5,True,True,[[32]],0.0,too_short,0,80,0.00012462504673749208
qwen_qwen3_32b,GA_ADAPTIVE,list_pattern,too_short,6,True,True,[[-32]],0.0,too_short,0,80,0.00012041698209941387
qwen_qwen3_32b,GA_ADAPTIVE,list_pattern,too_short,7,True,True,[[]],0.0,too_short,0,80,0.00012295797932893038
qwen_qwen3_32b,GA_ADAPTIVE,list_pattern,too_short,8,True,True,[[]],0.0,too_short,0,80,0.00012204109225422144
qwen_qwen3_32b,GA_ADAPTIVE,list_pattern,too_short,9,True,True,[[-78]],0.0,too_short,0,80,0.00012037495616823435
qwen_qwen3_32b,GA_ADAPTIVE,list_pattern,too_short,10,True,True,[[]],0.0,too_short,0,80,0.00012516696006059647
qwen_qwen3_32b,GA_ADAPTIVE,list_pattern,too_short,11,True,True,[[61]],0.0,too_short,0,80,0.00011841696687042713
qwen_qwen3_32b,GA_ADAPTIVE,list_pattern,too_short,12,True,True,[[-76]],0.0,too_short,0,80,0.00012508302461355925
qwen_qwen3_32b,GA_ADAPTIVE,list_pattern,too_short,13,True,True,[[14]],0.0,too_short,0,80,0.0001282090088352561
qwen_qwen3_32b,GA_ADAPTIVE,list_pattern,too_short,14,True,True,[[77]],0.0,too_short,0,80,0.00012337497901171446
qwen_qwen3_32b,GA_ADAPTIVE,list_pattern,too_short,15,True,True,[[]],0.0,too_short,0,80,0.00010879093315452337
qwen_qwen3_32b,GA_ADAPTIVE,list_pattern,too_short,16,True,True,[[]],0.0,too_short,0,80,0.0001235420349985361
qwen_qwen3_32b,GA_ADAPTIVE,list_pattern,too_short,17,True,True,[[-98]],0.0,too_short,0,80,0.00011508399620652199
qwen_qwen3_32b,GA_ADAPTIVE,list_pattern,too_short,18,True,True,[[-74]],0.0,too_short,0,80,0.00011895806528627872
qwen_qwen3_32b,GA_ADAPTIVE,list_pattern,too_short,19,True,True,[[]],0.0,too_short,0,80,0.00011929194442927837
qwen_qwen3_32b,GA_ADAPTIVE,list_pattern,too_short,20,True,True,[[]],0.0,too_short,0,80,0.0001235830131918192
qwen_qwen3_32b,GA_ADAPTIVE,list_pattern,too_short,21,True,True,[[73]],0.0,too_short,0,80,0.0001289580250158906
qwen_qwen3_32b,GA_ADAPTIVE,list_pattern,too_short,22,True,True,[[27]],0.0,too_short,0,80,0.00012516591232270002
qwen_qwen3_32b,GA_ADAPTIVE,list_pattern,too_short,23,True,True,[[]],0.0,too_short,0,80,0.00011970801278948784
qwen_qwen3_32b,GA_ADAPTIVE,list_pattern,too_short,24,True,True,[[-27]],0.0,too_short,0,80,0.00011966703459620476
qwen_qwen3_32b,GA_ADAPTIVE,list_pattern,too_short,25,True,True,[[35]],0.0,too_short,0,80,0.00011987495236098766
qwen_qwen3_32b,GA_ADAPTIVE,list_pattern,too_short,26,True,True,[[22]],0.0,too_short,0,80,0.00012629094999283552
qwen_qwen3_32b,GA_ADAPTIVE,list_pattern,too_short,27,True,True,[[]],0.0,too_short,0,80,0.00012025004252791405
qwen_qwen3_32b,GA_ADAPTIVE,list_pattern,too_short,28,True,True,[[]],0.0,too_short,0,80,0.00012691703159362078
qwen_qwen3_32b,GA_ADAPTIVE,list_pattern,too_short,29,True,True,[[-60]],0.0,too_short,0,80,0.00011916703078895807
qwen_qwen3_32b,GA_ADAPTIVE,list_pattern,sorted_with_duplicates,0,True,True,"[[-69, -69, -60, 0]]",0.0,sorted_with_duplicates,6,560,0.002761916955932975
qwen_qwen3_32b,GA_ADAPTIVE,list_pattern,sorted_with_duplicates,1,True,True,"[[-99, -99, -81]]",0.0,sorted_with_duplicates,25,2080,0.010801208089105785
qwen_qwen3_32b,GA_ADAPTIVE,list_pattern,sorted_with_duplicates,2,True,True,"[[-60, -60, 7]]",0.0,sorted_with_duplicates,2,240,0.0010206669103354216
qwen_qwen3_32b,GA_ADAPTIVE,list_pattern,sorted_with_duplicates,3,True,True,"[[67, 67, 93]]",0.0,sorted_with_duplicates,0,80,0.00013104197569191456
qwen_qwen3_32b,GA_ADAPTIVE,list_pattern,sorted_with_duplicates,4,True,True,"[[-80, -80, -66]]",0.0,sorted_with_duplicates,47,3840,0.02239166700746864
qwen_qwen3_32b,GA_ADAPTIVE,list_pattern,sorted_with_duplicates,5,True,True,"[[-51, -51, 80]]",0.0,sorted_with_duplicates,50,4080,0.023594583035446703
qwen_qwen3_32b,GA_ADAPTIVE,list_pattern,sorted_with_duplicates,6,True,True,"[[-79, -1, 39, 39]]",0.0,sorted_with_duplicates,21,1760,0.009580250014550984
qwen_qwen3_32b,GA_ADAPTIVE,list_pattern,sorted_with_duplicates,7,True,True,"[[-47, -26, 20, 20]]",0.0,sorted_with_duplicates,7,640,0.003235209034755826
qwen_qwen3_32b,GA_ADAPTIVE,list_pattern,sorted_with_duplicates,8,True,True,"[[78, 78]]",0.0,sorted_with_duplicates,65,5280,0.032291291980072856
qwen_qwen3_32b,GA_ADAPTIVE,list_pattern,sorted_with_duplicates,9,True,True,"[[-59, -59]]",0.0,sorted_with_duplicates,23,1920,0.010436999960802495
qwen_qwen3_32b,GA_ADAPTIVE,list_pattern,sorted_with_duplicates,10,True,True,"[[3, 3, 23, 33]]",0.0,sorted_with_duplicates,18,1520,0.008216875023208559
qwen_qwen3_32b,GA_ADAPTIVE,list_pattern,sorted_with_duplicates,11,True,True,"[[-88, -88]]",0.0,sorted_with_duplicates,54,4400,0.02526833303272724
qwen_qwen3_32b,GA_ADAPTIVE,list_pattern,sorted_with_duplicates,12,True,True,"[[-41, 97, 97]]",0.0,sorted_with_duplicates,5,480,0.0022851659450680017
qwen_qwen3_32b,GA_ADAPTIVE,list_pattern,sorted_with_duplicates,13,True,True,"[[45, 45]]",0.0,sorted_with_duplicates,15,1280,0.006593375001102686
qwen_qwen3_32b,GA_ADAPTIVE,list_pattern,sorted_with_duplicates,14,True,True,"[[-35, -35, -21, -6, 60]]",0.0,sorted_with_duplicates,0,80,0.00013245793525129557
qwen_qwen3_32b,GA_ADAPTIVE,list_pattern,sorted_with_duplicates,15,True,True,"[[2, 2]]",0.0,sorted_with_duplicates,7,640,0.00338420900516212
qwen_qwen3_32b,GA_ADAPTIVE,list_pattern,sorted_with_duplicates,16,True,True,"[[-80, -80, 9, 52]]",0.0,sorted_with_duplicates,2,240,0.0010109589202329516
qwen_qwen3_32b,GA_ADAPTIVE,list_pattern,sorted_with_duplicates,17,True,True,"[[-84, -34, -32, -32]]",0.0,sorted_with_duplicates,14,1200,0.006401124992407858
qwen_qwen3_32b,GA_ADAPTIVE,list_pattern,sorted_with_duplicates,18,True,True,"[[-83, -83]]",0.0,sorted_with_duplicates,19,1600,0.008738292031921446
qwen_qwen3_32b,GA_ADAPTIVE,list_pattern,sorted_with_duplicates,19,True,True,"[[-15, 71, 71]]",0.0,sorted_with_duplicates,26,2160,0.012193624977953732
qwen_qwen3_32b,GA_ADAPTIVE,list_pattern,sorted_with_duplicates,20,True,True,"[[71, 71]]",0.0,sorted_with_duplicates,0,80,0.00013687496539205313
qwen_qwen3_32b,GA_ADAPTIVE,list_pattern,sorted_with_duplicates,21,True,True,"[[-97, 47, 47]]",0.0,sorted_with_duplicates,2,240,0.00103704200591892
qwen_qwen3_32b,GA_ADAPTIVE,list_pattern,sorted_with_duplicates,22,True,True,"[[-20, -20]]",0.0,sorted_with_duplicates,46,3760,0.02102854091208428
qwen_qwen3_32b,GA_ADAPTIVE,list_pattern,sorted_with_duplicates,23,True,True,"[[54, 54]]",0.0,sorted_with_duplicates,11,960,0.004831291968002915
qwen_qwen3_32b,GA_ADAPTIVE,list_pattern,sorted_with_duplicates,24,True,True,"[[-78, -78]]",0.0,sorted_with_duplicates,12,1040,0.005160958040505648
qwen_qwen3_32b,GA_ADAPTIVE,list_pattern,sorted_with_duplicates,25,True,True,"[[-79, -79, 7, 48]]",0.0,sorted_with_duplicates,16,1360,0.006985625019297004
qwen_qwen3_32b,GA_ADAPTIVE,list_pattern,sorted_with_duplicates,26,True,True,"[[47, 47, 50, 58]]",0.0,sorted_with_duplicates,14,1200,0.006210541934706271
qwen_qwen3_32b,GA_ADAPTIVE,list_pattern,sorted_with_duplicates,27,True,True,"[[9, 95, 95]]",0.0,sorted_with_duplicates,17,1440,0.00747812504414469
qwen_qwen3_32b,GA_ADAPTIVE,list_pattern,sorted_with_duplicates,28,True,True,"[[82, 82]]",0.0,sorted_with_duplicates,29,2400,0.013275083038024604
qwen_qwen3_32b,GA_ADAPTIVE,list_pattern,sorted_with_duplicates,29,True,True,"[[24, 24]]",0.0,sorted_with_duplicates,24,2000,0.01094770897179842
qwen_qwen3_32b,GA_ADAPTIVE,list_pattern,sorted_unique,0,True,True,"[[-95, -31, -11]]",0.0,sorted_unique,0,80,0.00014695804566144943
qwen_qwen3_32b,GA_ADAPTIVE,list_pattern,sorted_unique,1,True,True,"[[7, 33]]",0.0,sorted_unique,0,80,0.00013420800678431988
qwen_qwen3_32b,GA_ADAPTIVE,list_pattern,sorted_unique,2,True,True,"[[-9, 47, 76]]",0.0,sorted_unique,0,80,0.00012554088607430458
qwen_qwen3_32b,GA_ADAPTIVE,list_pattern,sorted_unique,3,True,True,"[[17, 55]]",0.0,sorted_unique,0,80,0.00013987498823553324
qwen_qwen3_32b,GA_ADAPTIVE,list_pattern,sorted_unique,4,True,True,"[[-96, -35, 1, 31]]",0.0,sorted_unique,0,80,0.00013433292042464018
qwen_qwen3_32b,GA_ADAPTIVE,list_pattern,sorted_unique,5,True,True,"[[36, 60]]",0.0,sorted_unique,0,80,0.0001360420137643814
qwen_qwen3_32b,GA_ADAPTIVE,list_pattern,sorted_unique,6,True,True,"[[-27, 52]]",0.0,sorted_unique,0,80,0.00013412500265985727
qwen_qwen3_32b,GA_ADAPTIVE,list_pattern,sorted_unique,7,True,True,"[[-80, -62, -36, -30]]",0.0,sorted_unique,0,80,0.00012295797932893038
qwen_qwen3_32b,GA_ADAPTIVE,list_pattern,sorted_unique,8,True,True,"[[-78, -9]]",0.0,sorted_unique,0,80,0.00012920808512717485
qwen_qwen3_32b,GA_ADAPTIVE,list_pattern,sorted_unique,9,True,True,"[[-32, -30]]",0.0,sorted_unique,0,80,0.00012729200534522533
qwen_qwen3_32b,GA_ADAPTIVE,list_pattern,sorted_unique,10,True,True,"[[32, 85, 92]]",0.0,sorted_unique,0,80,0.00013174989726394415
qwen_qwen3_32b,GA_ADAPTIVE,list_pattern,sorted_unique,11,True,True,"[[-82, -2, 33]]",0.0,sorted_unique,0,80,0.00013649999164044857
qwen_qwen3_32b,GA_ADAPTIVE,list_pattern,sorted_unique,12,True,True,"[[-65, 87, 95]]",0.0,sorted_unique,0,80,0.00012945791240781546
qwen_qwen3_32b,GA_ADAPTIVE,list_pattern,sorted_unique,13,True,True,"[[-23, 78, 86]]",0.0,sorted_unique,0,80,0.000141250086016953
qwen_qwen3_32b,GA_ADAPTIVE,list_pattern,sorted_unique,14,True,True,"[[-24, 34]]",0.0,sorted_unique,0,80,0.00014100002590566874
qwen_qwen3_32b,GA_ADAPTIVE,list_pattern,sorted_unique,15,True,True,"[[-28, 27, 49]]",0.0,sorted_unique,0,80,0.00013962492812424898
qwen_qwen3_32b,GA_ADAPTIVE,list_pattern,sorted_unique,16,True,True,"[[-48, -46]]",0.0,sorted_unique,0,80,0.00013429101090878248
qwen_qwen3_32b,GA_ADAPTIVE,list_pattern,sorted_unique,17,True,True,"[[-66, -50, 88]]",0.0,sorted_unique,0,80,0.0001337080029770732
qwen_qwen3_32b,GA_ADAPTIVE,list_pattern,sorted_unique,18,True,True,"[[35, 46]]",0.0,sorted_unique,0,80,0.0001374159473925829
qwen_qwen3_32b,GA_ADAPTIVE,list_pattern,sorted_unique,19,True,True,"[[-94, 77]]",0.0,sorted_unique,0,80,0.00012912508100271225
qwen_qwen3_32b,GA_ADAPTIVE,list_pattern,sorted_unique,20,True,True,"[[-43, -31]]",0.0,sorted_unique,0,80,0.0001319580478593707
qwen_qwen3_32b,GA_ADAPTIVE,list_pattern,sorted_unique,21,True,True,"[[-40, 26]]",0.0,sorted_unique,0,80,0.0001340840244665742
qwen_qwen3_32b,GA_ADAPTIVE,list_pattern,sorted_unique,22,True,True,"[[13, 41]]",0.0,sorted_unique,0,80,0.00013041705824434757
qwen_qwen3_32b,GA_ADAPTIVE,list_pattern,sorted_unique,23,True,True,"[[-35, -16, 19]]",0.0,sorted_unique,0,80,0.00012633297592401505
qwen_qwen3_32b,GA_ADAPTIVE,list_pattern,sorted_unique,24,True,True,"[[-92, 78]]",0.0,sorted_unique,0,80,0.00012695800978690386
qwen_qwen3_32b,GA_ADAPTIVE,list_pattern,sorted_unique,25,True,True,"[[-78, -20]]",0.0,sorted_unique,0,80,0.00013637507800012827
qwen_qwen3_32b,GA_ADAPTIVE,list_pattern,sorted_unique,26,True,True,"[[-99, 19, 74]]",0.0,sorted_unique,0,80,0.00012708303984254599
qwen_qwen3_32b,GA_ADAPTIVE,list_pattern,sorted_unique,27,True,True,"[[-86, 55]]",0.0,sorted_unique,0,80,0.00012575008440762758
qwen_qwen3_32b,GA_ADAPTIVE,list_pattern,sorted_unique,28,True,True,"[[-18, 49]]",0.0,sorted_unique,0,80,0.00012712494935840368
qwen_qwen3_32b,GA_ADAPTIVE,list_pattern,sorted_unique,29,True,True,"[[-63, -38]]",0.0,sorted_unique,0,80,0.0001273748930543661
qwen_qwen3_32b,GA_ADAPTIVE,list_pattern,unsorted_with_duplicates,0,True,True,"[[-84, -63, 58, 70, -63, -98, 36]]",0.0,unsorted_with_duplicates,0,80,0.00013887498062103987
qwen_qwen3_32b,GA_ADAPTIVE,list_pattern,unsorted_with_duplicates,1,True,True,"[[-68, -15, 24, -2, -47, 5, 24]]",0.0,unsorted_with_duplicates,0,80,0.00013695901725441217
qwen_qwen3_32b,GA_ADAPTIVE,list_pattern,unsorted_with_duplicates,2,True,True,"[[18, -82, 18]]",0.0,unsorted_with_duplicates,0,80,0.00014691695105284452
qwen_qwen3_32b,GA_ADAPTIVE,list_pattern,unsorted_with_duplicates,3,True,True,"[[-73, -73, 18, -54, -59]]",0.0,unsorted_with_duplicates,0,80,0.00014412496238946915
qwen_qwen3_32b,GA_ADAPTIVE,list_pattern,unsorted_with_duplicates,4,True,True,"[[75, 70, -63, -31, 95, 74, 70]]",0.0,unsorted_with_duplicates,0,80,0.00013412500265985727
qwen_qwen3_32b,GA_ADAPTIVE,list_pattern,unsorted_with_duplicates,5,True,True,"[[-94, -66, -83, -10, 32, -11, -39, -39]]",0.0,unsorted_with_duplicates,0,80,0.00013887498062103987
qwen_qwen3_32b,GA_ADAPTIVE,list_pattern,unsorted_with_duplicates,6,True,True,"[[26, -32, 60, 63, -13, -13]]",0.0,unsorted_with_duplicates,0,80,0.00014395907055586576
qwen_qwen3_32b,GA_ADAPTIVE,list_pattern,unsorted_with_duplicates,7,True,True,"[[74, -42, -3, -42]]",0.0,unsorted_with_duplicates,0,80,0.00014441600069403648
qwen_qwen3_32b,GA_ADAPTIVE,list_pattern,unsorted_with_duplicates,8,True,True,"[[10, -77, 10]]",0.0,unsorted_with_duplicates,0,80,0.00013691699132323265
qwen_qwen3_32b,GA_ADAPTIVE,list_pattern,unsorted_with_duplicates,9,True,True,"[[92, -29, 53, 81, -95, -29, -32]]",0.0,unsorted_with_duplicates,0,80,0.00015112501569092274
qwen_qwen3_32b,GA_ADAPTIVE,list_pattern,unsorted_with_duplicates,10,True,True,"[[-100, 63, -60, -59, 88, -29, 40, 88]]",0.0,unsorted_with_duplicates,0,80,0.00013970793224871159
qwen_qwen3_32b,GA_ADAPTIVE,list_pattern,unsorted_with_duplicates,11,True,True,"[[26, -88, 26, 61]]",0.0,unsorted_with_duplicates,0,80,0.00013512501027435064
qwen_qwen3_32b,GA_ADAPTIVE,list_pattern,unsorted_with_duplicates,12,True,True,"[[-55, 45, 12, -95, 12, -34]]",0.0,unsorted_with_duplicates,0,80,0.00014341599307954311
qwen_qwen3_32b,GA_ADAPTIVE,list_pattern,unsorted_with_duplicates,13,True,True,"[[-82, 81, -97, -10, -10, 72, 49]]",0.0,unsorted_with_duplicates,0,80,0.00014191691298037767
qwen_qwen3_32b,GA_ADAPTIVE,list_pattern,unsorted_with_duplicates,14,True,True,"[[58, -65, -65, -88, 11, 3]]",0.0,unsorted_with_duplicates,0,80,0.00013933400623500347
qwen_qwen3_32b,GA_ADAPTIVE,list_pattern,unsorted_with_duplicates,15,True,True,"[[-37, 59, 50, 50]]",0.0,unsorted_with_duplicates,0,80,0.00014354195445775986
qwen_qwen3_32b,GA_ADAPTIVE,list_pattern,unsorted_with_duplicates,16,True,True,"[[-2, 4, 25, -2, 24, -51, 40]]",0.0,unsorted_with_duplicates,0,80,0.00013862503692507744
qwen_qwen3_32b,GA_ADAPTIVE,list_pattern,unsorted_with_duplicates,17,True,True,"[[-34, -67, -86, -62, -67, -15, -63]]",0.0,unsorted_with_duplicates,0,80,0.00014412496238946915
qwen_qwen3_32b,GA_ADAPTIVE,list_pattern,unsorted_with_duplicates,18,True,True,"[[-54, -10, -97, -7, -34, -10, -93]]",0.0,unsorted_with_duplicates,0,80,0.0001400420442223549
qwen_qwen3_32b,GA_ADAPTIVE,list_pattern,unsorted_with_duplicates,19,True,True,"[[-41, -41, 4, -73]]",0.0,unsorted_with_duplicates,0,80,0.0001360829919576645
qwen_qwen3_32b,GA_ADAPTIVE,list_pattern,unsorted_with_duplicates,20,True,True,"[[-4, -55, -4, 0, -74, 40]]",0.0,unsorted_with_duplicates,0,80,0.00014474999625235796
qwen_qwen3_32b,GA_ADAPTIVE,list_pattern,unsorted_with_duplicates,21,True,True,"[[96, -75, -1, 96, 61, -9, 98, -1]]",0.0,unsorted_with_duplicates,0,80,0.00013770908117294312
qwen_qwen3_32b,GA_ADAPTIVE,list_pattern,unsorted_with_duplicates,22,True,True,"[[-22, 72, 48, -55, 72, 97, 26]]",0.0,unsorted_with_duplicates,0,80,0.0001481659710407257
qwen_qwen3_32b,GA_ADAPTIVE,list_pattern,unsorted_with_duplicates,23,True,True,"[[3, -94, 10, 48, 48, 86]]",0.0,unsorted_with_duplicates,0,80,0.00013687496539205313
qwen_qwen3_32b,GA_ADAPTIVE,list_pattern,unsorted_with_duplicates,24,True,True,"[[-44, 88, 76, 55, 76, 56, 30, -80]]",0.0,unsorted_with_duplicates,0,80,0.0001434579025954008
qwen_qwen3_32b,GA_ADAPTIVE,list_pattern,unsorted_with_duplicates,25,True,True,"[[82, 12, 28, 7, -80, 25, -59, 82]]",0.0,unsorted_with_duplicates,0,80,0.00014529097825288773
qwen_qwen3_32b,GA_ADAPTIVE,list_pattern,unsorted_with_duplicates,26,True,True,"[[-76, 67, 69, 67, -96, 67]]",0.0,unsorted_with_duplicates,0,80,0.00014983396977186203
qwen_qwen3_32b,GA_ADAPTIVE,list_pattern,unsorted_with_duplicates,27,True,True,"[[-51, -61, 8, 82, 8]]",0.0,unsorted_with_duplicates,0,80,0.00013945798855274916
qwen_qwen3_32b,GA_ADAPTIVE,list_pattern,unsorted_with_duplicates,28,True,True,"[[77, -94, 77, -49]]",0.0,unsorted_with_duplicates,0,80,0.00013770908117294312
qwen_qwen3_32b,GA_ADAPTIVE,list_pattern,unsorted_with_duplicates,29,True,True,"[[71, 96, -58, 71, -59]]",0.0,unsorted_with_duplicates,0,80,0.00014841696247458458
qwen_qwen3_32b,GA_ADAPTIVE,list_pattern,unsorted_unique,0,True,True,"[[50, 52, -63, 46]]",0.0,unsorted_unique,0,80,0.0001427079550921917
qwen_qwen3_32b,GA_ADAPTIVE,list_pattern,unsorted_unique,1,True,True,"[[-100, 98, -38, 18]]",0.0,unsorted_unique,0,80,0.00013800000306218863
qwen_qwen3_32b,GA_ADAPTIVE,list_pattern,unsorted_unique,2,True,True,"[[62, 54, 2, -31, -16, -40, -61, -8]]",0.0,unsorted_unique,0,80,0.00014287501107901335
qwen_qwen3_32b,GA_ADAPTIVE,list_pattern,unsorted_unique,3,True,True,"[[-25, -85, -33, 19]]",0.0,unsorted_unique,0,80,0.00013474992010742426
qwen_qwen3_32b,GA_ADAPTIVE,list_pattern,unsorted_unique,4,True,True,"[[-25, 81, 97, 78, 69, 72, 30, 99]]",0.0,unsorted_unique,0,80,0.0001442920183762908
qwen_qwen3_32b,GA_ADAPTIVE,list_pattern,unsorted_unique,5,True,True,"[[-13, -59, 50]]",0.0,unsorted_unique,0,80,0.00014245801139622927
qwen_qwen3_32b,GA_ADAPTIVE,list_pattern,unsorted_unique,6,True,True,"[[48, 69, -26, -79, 58, 37, 61, -39]]",0.0,unsorted_unique,0,80,0.00014266592916101217
qwen_qwen3_32b,GA_ADAPTIVE,list_pattern,unsorted_unique,7,True,True,"[[-4, -2, 27, 18, 84, 66, -80]]",0.0,unsorted_unique,0,80,0.00015412492211908102
qwen_qwen3_32b,GA_ADAPTIVE,list_pattern,unsorted_unique,8,True,True,"[[-22, -95, -87, -8, -63, -31, 45]]",0.0,unsorted_unique,0,80,0.0001503749517723918
qwen_qwen3_32b,GA_ADAPTIVE,list_pattern,unsorted_unique,9,True,True,"[[-37, -76, -17, -66, -13, -77, 48, 87]]",0.0,unsorted_unique,0,80,0.00014829193241894245
qwen_qwen3_32b,GA_ADAPTIVE,list_pattern,unsorted_unique,10,True,True,"[[-79, 84, -60, -42, 64, 87]]",0.0,unsorted_unique,0,80,0.0001376670552417636
qwen_qwen3_32b,GA_ADAPTIVE,list_pattern,unsorted_unique,11,True,True,"[[6, 69, 39, 48, -94, 10, -60]]",0.0,unsorted_unique,0,80,0.00013637507800012827
qwen_qwen3_32b,GA_ADAPTIVE,list_pattern,unsorted_unique,12,True,True,"[[19, 10, 75, 39, -62, 28]]",0.0,unsorted_unique,0,80,0.00014879193622618914
qwen_qwen3_32b,GA_ADAPTIVE,list_pattern,unsorted_unique,13,True,True,"[[-64, 36, 22, -22, 13]]",0.0,unsorted_unique,0,80,0.00014141702558845282
qwen_qwen3_32b,GA_ADAPTIVE,list_pattern,unsorted_unique,14,True,True,"[[-35, -84, -4, -15, -37, 56, -46]]",0.0,unsorted_unique,0,80,0.00015112501569092274
qwen_qwen3_32b,GA_ADAPTIVE,list_pattern,unsorted_unique,15,True,True,"[[39, 46, -67, 55, -100, 75, 28, -46]]",0.0,unsorted_unique,0,80,0.00014962500426918268
qwen_qwen3_32b,GA_ADAPTIVE,list_pattern,unsorted_unique,16,True,True,"[[-61, -17, 93, 29, -13, -56, -57, 69]]",0.0,unsorted_unique,0,80,0.00013554200995713472
qwen_qwen3_32b,GA_ADAPTIVE,list_pattern,unsorted_unique,17,True,True,"[[94, -3, -26, -52, 15, 29]]",0.0,unsorted_unique,0,80,0.00014062505215406418
qwen_qwen3_32b,GA_ADAPTIVE,list_pattern,unsorted_unique,18,True,True,"[[-66, -77]]",0.0,unsorted_unique,0,80,0.00013370905071496964
qwen_qwen3_32b,GA_ADAPTIVE,list_pattern,unsorted_unique,19,True,True,"[[-35, 43, 88, -74, 90, 87, 24, -2]]",0.0,unsorted_unique,0,80,0.0001489170826971531
qwen_qwen3_32b,GA_ADAPTIVE,list_pattern,unsorted_unique,20,True,True,"[[-51, 71, 61, -74, -83]]",0.0,unsorted_unique,0,80,0.00014529202599078417
qwen_qwen3_32b,GA_ADAPTIVE,list_pattern,unsorted_unique,21,True,True,"[[7, 58, 8]]",0.0,unsorted_unique,0,80,0.00013874995056539774
qwen_qwen3_32b,GA_ADAPTIVE,list_pattern,unsorted_unique,22,True,True,"[[17, 15, -54, -19, -75, -14]]",0.0,unsorted_unique,0,80,0.0001378330634906888
qwen_qwen3_32b,GA_ADAPTIVE,list_pattern,unsorted_unique,23,True,True,"[[28, -29, -61, -42, 32, 23, -60]]",0.0,unsorted_unique,0,80,0.00014033401384949684
qwen_qwen3_32b,GA_ADAPTIVE,list_pattern,unsorted_unique,24,True,True,"[[29, -94, -2, -73, 27, -13, 11, -1]]",0.0,unsorted_unique,0,80,0.0001420000335201621
qwen_qwen3_32b,GA_ADAPTIVE,list_pattern,unsorted_unique,25,True,True,"[[90, 56, -26]]",0.0,unsorted_unique,0,80,0.00014141597785055637
qwen_qwen3_32b,GA_ADAPTIVE,list_pattern,unsorted_unique,26,True,True,"[[-89, 60, 99, -54, -44]]",0.0,unsorted_unique,0,80,0.00014129106421023607
qwen_qwen3_32b,GA_ADAPTIVE,list_pattern,unsorted_unique,27,True,True,"[[57, 1]]",0.0,unsorted_unique,0,80,0.00013562501408159733
qwen_qwen3_32b,GA_ADAPTIVE,list_pattern,unsorted_unique,28,True,True,"[[-39, -75, -95, -68, 59, -80, -4]]",0.0,unsorted_unique,0,80,0.0001517079072073102
qwen_qwen3_32b,GA_ADAPTIVE,list_pattern,unsorted_unique,29,True,True,"[[93, -96, -84, 33, -97, 100, -20]]",0.0,unsorted_unique,0,80,0.00014687504153698683
qwen_qwen3_32b,GA_ADAPTIVE,number_kind,zero,0,True,True,[0],0.0,zero,4,400,0.0012650840217247605
qwen_qwen3_32b,GA_ADAPTIVE,number_kind,zero,1,True,True,[0],0.0,zero,6,560,0.0018490409711375833
qwen_qwen3_32b,GA_ADAPTIVE,number_kind,zero,2,True,True,[0],0.0,zero,10,880,0.0030193330021575093
qwen_qwen3_32b,GA_ADAPTIVE,number_kind,zero,3,True,True,[0],0.0,zero,1,160,0.000350042013451457
qwen_qwen3_32b,GA_ADAPTIVE,number_kind,zero,4,True,True,[0],0.0,zero,11,960,0.003345416975207627
qwen_qwen3_32b,GA_ADAPTIVE,number_kind,zero,5,True,True,[0],0.0,zero,10,880,0.0030264590168371797
qwen_qwen3_32b,GA_ADAPTIVE,number_kind,zero,6,True,True,[0],0.0,zero,6,560,0.0018458330305293202
qwen_qwen3_32b,GA_ADAPTIVE,number_kind,zero,7,True,True,[0],0.0,zero,3,320,0.0009542920161038637
qwen_qwen3_32b,GA_ADAPTIVE,number_kind,zero,8,True,True,[0],0.0,zero,6,560,0.0018576669972389936
qwen_qwen3_32b,GA_ADAPTIVE,number_kind,zero,9,True,True,[0],0.0,zero,6,560,0.0018491660011932254
qwen_qwen3_32b,GA_ADAPTIVE,number_kind,zero,10,True,True,[0],0.0,zero,6,560,0.0018973329570144415
qwen_qwen3_32b,GA_ADAPTIVE,number_kind,zero,11,True,True,[0],0.0,zero,6,560,0.0018597081070765853
qwen_qwen3_32b,GA_ADAPTIVE,number_kind,zero,12,True,True,[0],0.0,zero,7,640,0.002183708013035357
qwen_qwen3_32b,GA_ADAPTIVE,number_kind,zero,13,True,True,[0],0.0,zero,4,400,0.0012717080535367131
qwen_qwen3_32b,GA_ADAPTIVE,number_kind,zero,14,True,True,[0],0.0,zero,9,800,0.0027427079621702433
qwen_qwen3_32b,GA_ADAPTIVE,number_kind,zero,15,True,True,[0],0.0,zero,11,960,0.0033608750673010945
qwen_qwen3_32b,GA_ADAPTIVE,number_kind,zero,16,True,True,[0],0.0,zero,5,480,0.00154187495354563
qwen_qwen3_32b,GA_ADAPTIVE,number_kind,zero,17,True,True,[0],0.0,zero,6,560,0.0018577079754322767
qwen_qwen3_32b,GA_ADAPTIVE,number_kind,zero,18,True,True,[0],0.0,zero,13,1120,0.00399295799434185
qwen_qwen3_32b,GA_ADAPTIVE,number_kind,zero,19,True,True,[0],0.0,zero,3,320,0.0009527909569442272
qwen_qwen3_32b,GA_ADAPTIVE,number_kind,zero,20,True,True,[0],0.0,zero,17,1440,0.005129792029038072
qwen_qwen3_32b,GA_ADAPTIVE,number_kind,zero,21,True,True,[0],0.0,zero,5,480,0.0015537500148639083
qwen_qwen3_32b,GA_ADAPTIVE,number_kind,zero,22,True,True,[0],0.0,zero,13,1120,0.003940666909329593
qwen_qwen3_32b,GA_ADAPTIVE,number_kind,zero,23,True,True,[0],0.0,zero,12,1040,0.0036322909872978926
qwen_qwen3_32b,GA_ADAPTIVE,number_kind,zero,24,True,True,[0],0.0,zero,5,480,0.0015987500082701445
qwen_qwen3_32b,GA_ADAPTIVE,number_kind,zero,25,True,True,[0],0.0,zero,8,720,0.0024413339560851455
qwen_qwen3_32b,GA_ADAPTIVE,number_kind,zero,26,True,True,[0],0.0,zero,4,400,0.0012736249482259154
qwen_qwen3_32b,GA_ADAPTIVE,number_kind,zero,27,True,True,[0],0.0,zero,7,640,0.0021520829759538174
qwen_qwen3_32b,GA_ADAPTIVE,number_kind,zero,28,True,True,[0],0.0,zero,5,480,0.0015378749230876565
qwen_qwen3_32b,GA_ADAPTIVE,number_kind,zero,29,True,True,[0],0.0,zero,3,320,0.0009452080121263862
qwen_qwen3_32b,GA_ADAPTIVE,number_kind,even,0,True,True,[1610],0.0,even,0,80,5.208398215472698e-05
qwen_qwen3_32b,GA_ADAPTIVE,number_kind,even,1,True,True,[-314],0.0,even,0,80,5.0749978981912136e-05
qwen_qwen3_32b,GA_ADAPTIVE,number_kind,even,2,True,True,[708],0.0,even,0,80,5.170796066522598e-05
qwen_qwen3_32b,GA_ADAPTIVE,number_kind,even,3,True,True,[2550],0.0,even,0,80,5.054101347923279e-05
qwen_qwen3_32b,GA_ADAPTIVE,number_kind,even,4,True,True,[-178],0.0,even,0,80,5.108397454023361e-05
qwen_qwen3_32b,GA_ADAPTIVE,number_kind,even,5,True,True,[-386],0.0,even,0,80,5.0749978981912136e-05
qwen_qwen3_32b,GA_ADAPTIVE,number_kind,even,6,True,True,[934],0.0,even,0,80,5.020794924348593e-05
qwen_qwen3_32b,GA_ADAPTIVE,number_kind,even,7,True,True,[210],0.0,even,0,80,5.0875009037554264e-05
qwen_qwen3_32b,GA_ADAPTIVE,number_kind,even,8,True,True,[1022],0.0,even,0,80,5.066592711955309e-05
qwen_qwen3_32b,GA_ADAPTIVE,number_kind,even,9,True,True,[2766],0.0,even,0,80,5.112506914883852e-05
qwen_qwen3_32b,GA_ADAPTIVE,number_kind,even,10,True,True,[1446],0.0,even,0,80,5.095801316201687e-05
qwen_qwen3_32b,GA_ADAPTIVE,number_kind,even,11,True,True,[-220],0.0,even,0,80,5.091703496873379e-05
qwen_qwen3_32b,GA_ADAPTIVE,number_kind,even,12,True,True,[2404],0.0,even,0,80,5.112506914883852e-05
qwen_qwen3_32b,GA_ADAPTIVE,number_kind,even,13,True,True,[2894],0.0,even,0,80,5.029106978327036e-05
qwen_qwen3_32b,GA_ADAPTIVE,number_kind,even,14,True,True,[1684],0.0,even,0,80,5.075009539723396e-05
qwen_qwen3_32b,GA_ADAPTIVE,number_kind,even,15,True,True,[-54],0.0,even,0,80,5.029095336794853e-05
qwen_qwen3_32b,GA_ADAPTIVE,number_kind,even,16,True,True,[2756],0.0,even,0,80,5.175010301172733e-05
qwen_qwen3_32b,GA_ADAPTIVE,number_kind,even,17,True,True,[-300],0.0,even,0,80,5.100003909319639e-05
qwen_qwen3_32b,GA_ADAPTIVE,number_kind,even,18,True,True,[2168],0.0,even,0,80,5.0791073590517044e-05
qwen_qwen3_32b,GA_ADAPTIVE,number_kind,even,19,True,True,[2202],0.0,even,0,80,5.004194099456072e-05
qwen_qwen3_32b,GA_ADAPTIVE,number_kind,even,20,True,True,[1676],0.0,even,0,80,5.0915987230837345e-05
qwen_qwen3_32b,GA_ADAPTIVE,number_kind,even,21,True,True,[-80],0.0,even,0,80,5.050003528594971e-05
qwen_qwen3_32b,GA_ADAPTIVE,number_kind,even,22,True,True,[2124],0.0,even,0,80,5.11660473421216e-05
qwen_qwen3_32b,GA_ADAPTIVE,number_kind,even,23,True,True,[386],0.0,even,0,80,5.041598342359066e-05
qwen_qwen3_32b,GA_ADAPTIVE,number_kind,even,24,True,True,[610],0.0,even,0,80,5.066697485744953e-05
qwen_qwen3_32b,GA_ADAPTIVE,number_kind,even,25,True,True,[2848],0.0,even,0,80,5.070795305073261e-05
qwen_qwen3_32b,GA_ADAPTIVE,number_kind,even,26,True,True,[1504],0.0,even,0,80,5.12079568579793e-05
qwen_qwen3_32b,GA_ADAPTIVE,number_kind,even,27,True,True,[2308],0.0,even,0,80,5.1165930926799774e-05
qwen_qwen3_32b,GA_ADAPTIVE,number_kind,even,28,True,True,[-424],0.0,even,0,80,5.091703496873379e-05
qwen_qwen3_32b,GA_ADAPTIVE,number_kind,even,29,True,True,[1810],0.0,even,0,80,5.0875009037554264e-05
qwen_qwen3_32b,GA_ADAPTIVE,number_kind,odd,0,True,True,[175],0.0,odd,0,80,5.133391823619604e-05
qwen_qwen3_32b,GA_ADAPTIVE,number_kind,odd,1,True,True,[2263],0.0,odd,0,80,5.162495654076338e-05
qwen_qwen3_32b,GA_ADAPTIVE,number_kind,odd,2,True,True,[1669],0.0,odd,0,80,5.066697485744953e-05
qwen_qwen3_32b,GA_ADAPTIVE,number_kind,odd,3,True,True,[2951],0.0,odd,0,80,5.1584094762802124e-05
qwen_qwen3_32b,GA_ADAPTIVE,number_kind,odd,4,True,True,[1301],0.0,odd,0,80,5.083403084427118e-05
qwen_qwen3_32b,GA_ADAPTIVE,number_kind,odd,5,True,True,[1165],0.0,odd,0,80,5.104194860905409e-05
qwen_qwen3_32b,GA_ADAPTIVE,number_kind,odd,6,True,True,[1729],0.0,odd,0,80,5.070795305073261e-05
qwen_qwen3_32b,GA_ADAPTIVE,number_kind,odd,7,True,True,[2659],0.0,odd,0,80,5.1833922043442726e-05
qwen_qwen3_32b,GA_ADAPTIVE,number_kind,odd,8,True,True,[-21],0.0,odd,0,80,5.370809230953455e-05
qwen_qwen3_32b,GA_ADAPTIVE,number_kind,odd,9,True,True,[1471],0.0,odd,0,80,5.158304702490568e-05
qwen_qwen3_32b,GA_ADAPTIVE,number_kind,odd,10,True,True,[933],0.0,odd,0,80,5.120900459587574e-05
qwen_qwen3_32b,GA_ADAPTIVE,number_kind,odd,11,True,True,[2989],0.0,odd,0,80,5.16669824719429e-05
qwen_qwen3_32b,GA_ADAPTIVE,number_kind,odd,12,True,True,[-121],0.0,odd,0,80,5.224999040365219e-05
qwen_qwen3_32b,GA_ADAPTIVE,number_kind,odd,13,True,True,[-83],0.0,odd,0,80,5.2332994528114796e-05
qwen_qwen3_32b,GA_ADAPTIVE,number_kind,odd,14,True,True,[791],0.0,odd,0,80,5.212507676333189e-05
qwen_qwen3_32b,GA_ADAPTIVE,number_kind,odd,15,True,True,[-9],0.0,odd,0,80,5.204102490097284e-05
qwen_qwen3_32b,GA_ADAPTIVE,number_kind,odd,16,True,True,[1069],0.0,odd,0,80,5.212496034801006e-05
qwen_qwen3_32b,GA_ADAPTIVE,number_kind,odd,17,True,True,[-71],0.0,odd,0,80,5.137501284480095e-05
qwen_qwen3_32b,GA_ADAPTIVE,number_kind,odd,18,True,True,[861],0.0,odd,0,80,5.1541952416300774e-05
qwen_qwen3_32b,GA_ADAPTIVE,number_kind,odd,19,True,True,[439],0.0,odd,0,80,5.150004290044308e-05
qwen_qwen3_32b,GA_ADAPTIVE,number_kind,odd,20,True,True,[-323],0.0,odd,0,80,5.091691855341196e-05
qwen_qwen3_32b,GA_ADAPTIVE,number_kind,odd,21,True,True,[1987],0.0,odd,0,80,5.1709008403122425e-05
qwen_qwen3_32b,GA_ADAPTIVE,number_kind,odd,22,True,True,[1411],0.0,odd,0,80,5.137501284480095e-05
qwen_qwen3_32b,GA_ADAPTIVE,number_kind,odd,23,True,True,[-435],0.0,odd,0,80,5.170796066522598e-05
qwen_qwen3_32b,GA_ADAPTIVE,number_kind,odd,24,True,True,[-455],0.0,odd,0,80,5.1833922043442726e-05
qwen_qwen3_32b,GA_ADAPTIVE,number_kind,odd,25,True,True,[875],0.0,odd,0,80,5.283404607325792e-05
qwen_qwen3_32b,GA_ADAPTIVE,number_kind,odd,26,True,True,[1609],0.0,odd,0,80,5.200004670768976e-05
qwen_qwen3_32b,GA_ADAPTIVE,number_kind,odd,27,True,True,[1619],0.0,odd,0,80,5.1625072956085205e-05
qwen_qwen3_32b,GA_ADAPTIVE,number_kind,odd,28,True,True,[441],0.0,odd,0,80,5.191692616790533e-05
qwen_qwen3_32b,GA_ADAPTIVE,number_kind,odd,29,True,True,[273],0.0,odd,0,80,5.1166978664696217e-05
qwen_qwen3_32b,GA_ADAPTIVE,sign_type,positive,0,True,True,[531],0.0,positive,0,80,5.0625065341591835e-05
qwen_qwen3_32b,GA_ADAPTIVE,sign_type,positive,1,True,True,[1085],0.0,positive,0,80,4.937499761581421e-05
qwen_qwen3_32b,GA_ADAPTIVE,sign_type,positive,2,True,True,[2002],0.0,positive,0,80,4.949991125613451e-05
qwen_qwen3_32b,GA_ADAPTIVE,sign_type,positive,3,True,True,[2499],0.0,positive,0,80,4.8874993808567524e-05
qwen_qwen3_32b,GA_ADAPTIVE,sign_type,positive,4,True,True,[738],0.0,positive,0,80,4.9458001740276814e-05
qwen_qwen3_32b,GA_ADAPTIVE,sign_type,positive,5,True,True,[2917],0.0,positive,0,80,4.879198968410492e-05
qwen_qwen3_32b,GA_ADAPTIVE,sign_type,positive,6,True,True,[612],0.0,positive,0,80,4.937499761581421e-05
qwen_qwen3_32b,GA_ADAPTIVE,sign_type,positive,7,True,True,[1832],0.0,positive,0,80,4.970794543623924e-05
qwen_qwen3_32b,GA_ADAPTIVE,sign_type,positive,8,True,True,[2842],0.0,positive,0,80,4.849990364164114e-05
qwen_qwen3_32b,GA_ADAPTIVE,sign_type,positive,9,True,True,[1886],0.0,positive,0,80,4.812504630535841e-05
qwen_qwen3_32b,GA_ADAPTIVE,sign_type,positive,10,True,True,[2302],0.0,positive,0,80,5.0083035603165627e-05
qwen_qwen3_32b,GA_ADAPTIVE,sign_type,positive,11,True,True,[2937],0.0,positive,0,80,4.954205360263586e-05
qwen_qwen3_32b,GA_ADAPTIVE,sign_type,positive,12,True,True,[1272],0.0,positive,0,80,4.941702354699373e-05
qwen_qwen3_32b,GA_ADAPTIVE,sign_type,positive,13,True,True,[1024],0.0,positive,0,80,4.904100205749273e-05
qwen_qwen3_32b,GA_ADAPTIVE,sign_type,positive,14,True,True,[2386],0.0,positive,0,80,4.962494131177664e-05
qwen_qwen3_32b,GA_ADAPTIVE,sign_type,positive,15,True,True,[1594],0.0,positive,0,80,5.04170311614871e-05
qwen_qwen3_32b,GA_ADAPTIVE,sign_type,positive,16,True,True,[2203],0.0,positive,0,80,4.962494131177664e-05
qwen_qwen3_32b,GA_ADAPTIVE,sign_type,positive,17,True,True,[2832],0.0,positive,0,80,4.950002767145634e-05
qwen_qwen3_32b,GA_ADAPTIVE,sign_type,positive,18,True,True,[2818],0.0,positive,0,80,4.9666035920381546e-05
qwen_qwen3_32b,GA_ADAPTIVE,sign_type,positive,19,True,True,[1756],0.0,positive,0,80,4.933401942253113e-05
qwen_qwen3_32b,GA_ADAPTIVE,sign_type,positive,20,True,True,[2835],0.0,positive,0,80,5.0083035603165627e-05
qwen_qwen3_32b,GA_ADAPTIVE,sign_type,positive,21,True,True,[559],0.0,positive,0,80,4.9166963435709476e-05
qwen_qwen3_32b,GA_ADAPTIVE,sign_type,positive,22,True,True,[2317],0.0,positive,0,80,4.9875001423060894e-05
qwen_qwen3_32b,GA_ADAPTIVE,sign_type,positive,23,True,True,[967],0.0,positive,0,80,4.991702735424042e-05
qwen_qwen3_32b,GA_ADAPTIVE,sign_type,positive,24,True,True,[430],0.0,positive,0,80,4.9083027988672256e-05
qwen_qwen3_32b,GA_ADAPTIVE,sign_type,positive,25,True,True,[146],0.0,positive,0,80,4.8832967877388e-05
qwen_qwen3_32b,GA_ADAPTIVE,sign_type,positive,26,True,True,[2066],0.0,positive,0,80,4.950002767145634e-05
qwen_qwen3_32b,GA_ADAPTIVE,sign_type,positive,27,True,True,[372],0.0,positive,0,80,4.9458001740276814e-05
qwen_qwen3_32b,GA_ADAPTIVE,sign_type,positive,28,True,True,[1379],0.0,positive,0,80,4.9166963435709476e-05
qwen_qwen3_32b,GA_ADAPTIVE,sign_type,positive,29,True,True,[2918],0.0,positive,0,80,4.837499000132084e-05
qwen_qwen3_32b,GA_ADAPTIVE,sign_type,negative,0,True,True,[-177],0.0,negative,0,80,5.270808469504118e-05
qwen_qwen3_32b,GA_ADAPTIVE,sign_type,negative,1,True,True,[-306],0.0,negative,0,80,5.220796447247267e-05
qwen_qwen3_32b,GA_ADAPTIVE,sign_type,negative,2,True,True,[-244],0.0,negative,0,80,7.666705641895533e-05
qwen_qwen3_32b,GA_ADAPTIVE,sign_type,negative,3,True,True,[-147],0.0,negative,0,80,5.179201252758503e-05
qwen_qwen3_32b,GA_ADAPTIVE,sign_type,negative,4,True,True,[-487],0.0,negative,0,80,5.2040908485651016e-05
qwen_qwen3_32b,GA_ADAPTIVE,sign_type,negative,5,True,True,[-379],0.0,negative,0,80,5.208293441683054e-05
qwen_qwen3_32b,GA_ADAPTIVE,sign_type,negative,6,True,True,[-166],0.0,negative,0,80,5.170796066522598e-05
qwen_qwen3_32b,GA_ADAPTIVE,sign_type,negative,7,True,True,[-487],0.0,negative,0,80,5.133391823619604e-05
qwen_qwen3_32b,GA_ADAPTIVE,sign_type,negative,8,True,True,[-51],0.0,negative,0,80,5.195906851440668e-05
qwen_qwen3_32b,GA_ADAPTIVE,sign_type,negative,9,True,True,[-32],0.0,negative,0,80,5.1791081205010414e-05
qwen_qwen3_32b,GA_ADAPTIVE,sign_type,negative,10,True,True,[-176],0.0,negative,0,80,4.950002767145634e-05
qwen_qwen3_32b,GA_ADAPTIVE,sign_type,negative,11,True,True,[-147],0.0,negative,0,80,5.166709888726473e-05
qwen_qwen3_32b,GA_ADAPTIVE,sign_type,negative,12,True,True,[-261],0.0,negative,0,80,5.179201252758503e-05
qwen_qwen3_32b,GA_ADAPTIVE,sign_type,negative,13,True,True,[-248],0.0,negative,0,80,5.237502045929432e-05
qwen_qwen3_32b,GA_ADAPTIVE,sign_type,negative,14,True,True,[-407],0.0,negative,0,80,5.1582930609583855e-05
qwen_qwen3_32b,GA_ADAPTIVE,sign_type,negative,15,True,True,[-216],0.0,negative,0,80,5.141703877598047e-05
qwen_qwen3_32b,GA_ADAPTIVE,sign_type,negative,16,True,True,[-160],0.0,negative,0,80,5.295791197568178e-05
qwen_qwen3_32b,GA_ADAPTIVE,sign_type,negative,17,True,True,[-467],0.0,negative,0,80,5.224999040365219e-05
qwen_qwen3_32b,GA_ADAPTIVE,sign_type,negative,18,True,True,[-296],0.0,negative,0,80,5.179096478968859e-05
qwen_qwen3_32b,GA_ADAPTIVE,sign_type,negative,19,True,True,[-177],0.0,negative,0,80,5.249993409961462e-05
qwen_qwen3_32b,GA_ADAPTIVE,sign_type,negative,20,True,True,[-339],0.0,negative,0,80,5.237502045929432e-05
qwen_qwen3_32b,GA_ADAPTIVE,sign_type,negative,21,True,True,[-104],0.0,negative,0,80,5.2292016334831715e-05
qwen_qwen3_32b,GA_ADAPTIVE,sign_type,negative,22,True,True,[-69],0.0,negative,0,80,5.270796827971935e-05
qwen_qwen3_32b,GA_ADAPTIVE,sign_type,negative,23,True,True,[-202],0.0,negative,0,80,5.1875016652047634e-05
qwen_qwen3_32b,GA_ADAPTIVE,sign_type,negative,24,True,True,[-27],0.0,negative,0,80,5.1332986913621426e-05
qwen_qwen3_32b,GA_ADAPTIVE,sign_type,negative,25,True,True,[-123],0.0,negative,0,80,5.1292008720338345e-05
qwen_qwen3_32b,GA_ADAPTIVE,sign_type,negative,26,True,True,[-261],0.0,negative,0,80,5.150004290044308e-05
qwen_qwen3_32b,GA_ADAPTIVE,sign_type,negative,27,True,True,[-265],0.0,negative,0,80,5.220901221036911e-05
qwen_qwen3_32b,GA_ADAPTIVE,sign_type,negative,28,True,True,[-9],0.0,negative,0,80,5.1582930609583855e-05
qwen_qwen3_32b,GA_ADAPTIVE,sign_type,negative,29,True,True,[-436],0.0,negative,0,80,5.241704639047384e-05
qwen_qwen3_32b,GA_ADAPTIVE,sign_type,zero,0,True,True,[0],0.0,zero,4,400,0.001280208001844585
qwen_qwen3_32b,GA_ADAPTIVE,sign_type,zero,1,True,True,[0],0.0,zero,7,640,0.002189874998293817
qwen_qwen3_32b,GA_ADAPTIVE,sign_type,zero,2,True,True,[0],0.0,zero,9,800,0.002794582978822291
qwen_qwen3_32b,GA_ADAPTIVE,sign_type,zero,3,True,True,[0],0.0,zero,5,480,0.0015598330646753311
qwen_qwen3_32b,GA_ADAPTIVE,sign_type,zero,4,True,True,[0],0.0,zero,10,880,0.003097458044067025
qwen_qwen3_32b,GA_ADAPTIVE,sign_type,zero,5,True,True,[0],0.0,zero,7,640,0.0021716670598834753
qwen_qwen3_32b,GA_ADAPTIVE,sign_type,zero,6,True,True,[0],0.0,zero,9,800,0.0028091659769415855
qwen_qwen3_32b,GA_ADAPTIVE,sign_type,zero,7,True,True,[0],0.0,zero,9,800,0.0027935419930145144
qwen_qwen3_32b,GA_ADAPTIVE,sign_type,zero,8,True,True,[0],0.0,zero,0,80,5.645793862640858e-05
qwen_qwen3_32b,GA_ADAPTIVE,sign_type,zero,9,True,True,[0],0.0,zero,3,320,0.0009658749913796782
qwen_qwen3_32b,GA_ADAPTIVE,sign_type,zero,10,True,True,[0],0.0,zero,5,480,0.0015725420089438558
qwen_qwen3_32b,GA_ADAPTIVE,sign_type,zero,11,True,True,[0],0.0,zero,16,1360,0.004888541996479034
qwen_qwen3_32b,GA_ADAPTIVE,sign_type,zero,12,True,True,[0],0.0,zero,21,1760,0.006437834003008902
qwen_qwen3_32b,GA_ADAPTIVE,sign_type,zero,13,True,True,[0],0.0,zero,9,800,0.0027745000552386045
qwen_qwen3_32b,GA_ADAPTIVE,sign_type,zero,14,True,True,[0],0.0,zero,6,560,0.0018779590027406812
qwen_qwen3_32b,GA_ADAPTIVE,sign_type,zero,15,True,True,[0],0.0,zero,5,480,0.0015879170969128609
qwen_qwen3_32b,GA_ADAPTIVE,sign_type,zero,16,True,True,[0],0.0,zero,11,960,0.0033929169876500964
qwen_qwen3_32b,GA_ADAPTIVE,sign_type,zero,17,True,True,[0],0.0,zero,4,400,0.0012868340127170086
qwen_qwen3_32b,GA_ADAPTIVE,sign_type,zero,18,True,True,[0],0.0,zero,5,480,0.0015640840865671635
qwen_qwen3_32b,GA_ADAPTIVE,sign_type,zero,19,True,True,[0],0.0,zero,9,800,0.0027736249612644315
qwen_qwen3_32b,GA_ADAPTIVE,sign_type,zero,20,True,True,[0],0.0,zero,10,880,0.003116374951787293
qwen_qwen3_32b,GA_ADAPTIVE,sign_type,zero,21,True,True,[0],0.0,zero,9,800,0.002843000111170113
qwen_qwen3_32b,GA_ADAPTIVE,sign_type,zero,22,True,True,[0],0.0,zero,6,560,0.0018905829638242722
qwen_qwen3_32b,GA_ADAPTIVE,sign_type,zero,23,True,True,[0],0.0,zero,3,320,0.0009644159581512213
qwen_qwen3_32b,GA_ADAPTIVE,sign_type,zero,24,True,True,[0],0.0,zero,7,640,0.002162541961297393
qwen_qwen3_32b,GA_ADAPTIVE,sign_type,zero,25,True,True,[0],0.0,zero,10,880,0.0031164580723270774
qwen_qwen3_32b,GA_ADAPTIVE,sign_type,zero,26,True,True,[0],0.0,zero,3,320,0.0009516250574961305
qwen_qwen3_32b,GA_ADAPTIVE,sign_type,zero,27,True,True,[0],0.0,zero,8,720,0.0024860829580575228
qwen_qwen3_32b,GA_ADAPTIVE,sign_type,zero,28,True,True,[0],0.0,zero,3,320,0.0009742920519784093
qwen_qwen3_32b,GA_ADAPTIVE,sign_type,zero,29,True,True,[0],0.0,zero,8,720,0.002523917006328702
qwen_qwen3_32b,GA_ADAPTIVE,string_category,empty,0,True,True,[''],0.0,empty,0,80,0.000184166943654418
qwen_qwen3_32b,GA_ADAPTIVE,string_category,empty,1,True,True,[''],0.0,empty,0,80,0.00017975002992898226
qwen_qwen3_32b,GA_ADAPTIVE,string_category,empty,2,True,True,[''],0.0,empty,0,80,0.0001766659552231431
qwen_qwen3_32b,GA_ADAPTIVE,string_category,empty,3,True,True,[''],0.0,empty,0,80,0.0001753749093040824
qwen_qwen3_32b,GA_ADAPTIVE,string_category,empty,4,True,True,[''],0.0,empty,0,80,0.00017920800019055605
qwen_qwen3_32b,GA_ADAPTIVE,string_category,empty,5,True,True,[''],0.0,empty,0,80,0.00016745796892791986
qwen_qwen3_32b,GA_ADAPTIVE,string_category,empty,6,True,True,[''],0.0,empty,0,80,0.00017416698392480612
qwen_qwen3_32b,GA_ADAPTIVE,string_category,empty,7,True,True,[''],0.0,empty,0,80,0.0001604999415576458
qwen_qwen3_32b,GA_ADAPTIVE,string_category,empty,8,True,True,[''],0.0,empty,0,80,0.00017537502571940422
qwen_qwen3_32b,GA_ADAPTIVE,string_category,empty,9,True,True,[''],0.0,empty,0,80,0.00018400000408291817
qwen_qwen3_32b,GA_ADAPTIVE,string_category,empty,10,True,True,[''],0.0,empty,0,80,0.0001776249846443534
qwen_qwen3_32b,GA_ADAPTIVE,string_category,empty,11,True,True,[''],0.0,empty,0,80,0.00016504095401614904
qwen_qwen3_32b,GA_ADAPTIVE,string_category,empty,12,True,True,[''],0.0,empty,0,80,0.00017324998043477535
qwen_qwen3_32b,GA_ADAPTIVE,string_category,empty,13,True,True,[''],0.0,empty,0,80,0.00017500005196779966
qwen_qwen3_32b,GA_ADAPTIVE,string_category,empty,14,True,True,[''],0.0,empty,0,80,0.00016387493815273046
qwen_qwen3_32b,GA_ADAPTIVE,string_category,empty,15,True,True,[''],0.0,empty,0,80,0.00017391599249094725
qwen_qwen3_32b,GA_ADAPTIVE,string_category,empty,16,True,True,[''],0.0,empty,0,80,0.00016775005497038364
qwen_qwen3_32b,GA_ADAPTIVE,string_category,empty,17,True,True,[''],0.0,empty,0,80,0.00018199998885393143
qwen_qwen3_32b,GA_ADAPTIVE,string_category,empty,18,True,True,[''],0.0,empty,0,80,0.00018066703341901302
qwen_qwen3_32b,GA_ADAPTIVE,string_category,empty,19,True,True,[''],0.0,empty,0,80,0.00017579190898686647
qwen_qwen3_32b,GA_ADAPTIVE,string_category,empty,20,True,True,[''],0.0,empty,0,80,0.00015949993394315243
qwen_qwen3_32b,GA_ADAPTIVE,string_category,empty,21,True,True,[''],0.0,empty,0,80,0.00016579101793467999
qwen_qwen3_32b,GA_ADAPTIVE,string_category,empty,22,True,True,[''],0.0,empty,0,80,0.00016974995378404856
qwen_qwen3_32b,GA_ADAPTIVE,string_category,empty,23,True,True,[''],0.0,empty,0,80,0.00019041693303734064
qwen_qwen3_32b,GA_ADAPTIVE,string_category,empty,24,True,True,[''],0.0,empty,0,80,0.0001787500223144889
qwen_qwen3_32b,GA_ADAPTIVE,string_category,empty,25,True,True,[''],0.0,empty,0,80,0.00017358292825520039
qwen_qwen3_32b,GA_ADAPTIVE,string_category,empty,26,True,True,[''],0.0,empty,0,80,0.0001776249846443534
qwen_qwen3_32b,GA_ADAPTIVE,string_category,empty,27,True,True,[''],0.0,empty,0,80,0.00016870908439159393
qwen_qwen3_32b,GA_ADAPTIVE,string_category,empty,28,True,True,[''],0.0,empty,0,80,0.00016137491911649704
qwen_qwen3_32b,GA_ADAPTIVE,string_category,empty,29,True,True,[''],0.0,empty,0,80,0.00018350000027567148
qwen_qwen3_32b,GA_ADAPTIVE,string_category,long_palindrome,0,True,True,['cEEc'],0.0,long_palindrome,79,6400,0.02796504204161465
qwen_qwen3_32b,GA_ADAPTIVE,string_category,long_palindrome,1,True,True,['UssU'],0.0,long_palindrome,13,1120,0.0045242090709507465
qwen_qwen3_32b,GA_ADAPTIVE,string_category,long_palindrome,2,True,True,['Z8W8Z'],0.0,long_palindrome,14,1200,0.004939000005833805
qwen_qwen3_32b,GA_ADAPTIVE,string_category,long_palindrome,3,True,True,['SuuS'],0.0,long_palindrome,8,720,0.002866458031348884
qwen_qwen3_32b,GA_ADAPTIVE,string_category,long_palindrome,4,True,True,['NSySN'],0.0,long_palindrome,10,880,0.003564000013284385
qwen_qwen3_32b,GA_ADAPTIVE,string_category,long_palindrome,5,True,True,['PqRqP'],0.0,long_palindrome,10,880,0.003495790995657444
qwen_qwen3_32b,GA_ADAPTIVE,string_category,long_palindrome,6,True,True,['g33g'],0.0,long_palindrome,9,800,0.0031298749381676316
qwen_qwen3_32b,GA_ADAPTIVE,string_category,long_palindrome,7,True,True,['9yy9'],0.0,long_palindrome,7,640,0.002499292022548616
qwen_qwen3_32b,GA_ADAPTIVE,string_category,long_palindrome,8,True,True,['7UU7'],0.0,long_palindrome,19,1600,0.00644108303822577
qwen_qwen3_32b,GA_ADAPTIVE,string_category,long_palindrome,9,True,True,['aDDa'],0.0,long_palindrome,5,480,0.0018663340015336871
qwen_qwen3_32b,GA_ADAPTIVE,string_category,long_palindrome,10,True,True,['zpWYWpz'],0.0,long_palindrome,11,960,0.003909084014594555
qwen_qwen3_32b,GA_ADAPTIVE,string_category,long_palindrome,11,True,True,['9jSj9'],0.0,long_palindrome,46,3760,0.016066749929450452
qwen_qwen3_32b,GA_ADAPTIVE,string_category,long_palindrome,12,True,True,['bffb'],0.0,long_palindrome,34,2800,0.011706667020916939
qwen_qwen3_32b,GA_ADAPTIVE,string_category,long_palindrome,13,True,True,['a11a'],0.0,long_palindrome,7,640,0.002490792074240744
qwen_qwen3_32b,GA_ADAPTIVE,string_category,long_palindrome,14,True,True,['X5h5X'],0.0,long_palindrome,20,1680,0.00697866699192673
qwen_qwen3_32b,GA_ADAPTIVE,string_category,long_palindrome,15,True,True,['mkkm'],0.0,long_palindrome,20,1680,0.006842167000286281
qwen_qwen3_32b,GA_ADAPTIVE,string_category,long_palindrome,16,True,True,['JNNJ'],0.0,long_palindrome,13,1120,0.004556374973617494
qwen_qwen3_32b,GA_ADAPTIVE,string_category,long_palindrome,17,True,True,['UFFU'],0.0,long_palindrome,81,6560,0.028633999987505376
qwen_qwen3_32b,GA_ADAPTIVE,string_category,long_palindrome,18,True,True,['aeea'],0.0,long_palindrome,40,3280,0.013919416000135243
qwen_qwen3_32b,GA_ADAPTIVE,string_category,long_palindrome,19,True,True,['6336'],0.0,long_palindrome,6,560,0.002154999994672835
qwen_qwen3_32b,GA_ADAPTIVE,string_category,long_palindrome,20,True,True,['WWWW'],0.0,long_palindrome,24,2000,0.008265124983154237
qwen_qwen3_32b,GA_ADAPTIVE,string_category,long_palindrome,21,True,True,['2bb2'],0.0,long_palindrome,61,4960,0.021635625045746565
qwen_qwen3_32b,GA_ADAPTIVE,string_category,long_palindrome,22,True,True,['oooo'],0.0,long_palindrome,15,1280,0.005160165950655937
qwen_qwen3_32b,GA_ADAPTIVE,string_category,long_palindrome,23,True,True,['HR6RH'],0.0,long_palindrome,17,1440,0.005884082987904549
qwen_qwen3_32b,GA_ADAPTIVE,string_category,long_palindrome,24,True,True,['5GlG5'],0.0,long_palindrome,43,3520,0.014828208019025624
qwen_qwen3_32b,GA_ADAPTIVE,string_category,long_palindrome,25,True,True,['2SfS2'],0.0,long_palindrome,36,2960,0.012396667036227882
qwen_qwen3_32b,GA_ADAPTIVE,string_category,long_palindrome,26,True,True,['iyyi'],0.0,long_palindrome,16,1360,0.005467250011861324
qwen_qwen3_32b,GA_ADAPTIVE,string_category,long_palindrome,27,True,True,['uccu'],0.0,long_palindrome,5,480,0.0018164169741794467
qwen_qwen3_32b,GA_ADAPTIVE,string_category,long_palindrome,28,True,True,['mmumm'],0.0,long_palindrome,14,1200,0.004795958986505866
qwen_qwen3_32b,GA_ADAPTIVE,string_category,long_palindrome,29,True,True,['snvns'],0.0,long_palindrome,7,640,0.002507583936676383
qwen_qwen3_32b,GA_ADAPTIVE,string_category,short_palindrome,0,True,True,['4'],0.0,short_palindrome,0,80,0.00020420795772224665
qwen_qwen3_32b,GA_ADAPTIVE,string_category,short_palindrome,1,True,True,['x'],0.0,short_palindrome,0,80,0.0001882920041680336
qwen_qwen3_32b,GA_ADAPTIVE,string_category,short_palindrome,2,True,True,['k'],0.0,short_palindrome,0,80,0.00019341602455824614
qwen_qwen3_32b,GA_ADAPTIVE,string_category,short_palindrome,3,True,True,[''],0.0,short_palindrome,0,80,0.00020645803306251764
qwen_qwen3_32b,GA_ADAPTIVE,string_category,short_palindrome,4,True,True,['s'],0.0,short_palindrome,0,80,0.00020174996461719275
qwen_qwen3_32b,GA_ADAPTIVE,string_category,short_palindrome,5,True,True,[''],0.0,short_palindrome,0,80,0.00020050001330673695
qwen_qwen3_32b,GA_ADAPTIVE,string_category,short_palindrome,6,True,True,[''],0.0,short_palindrome,0,80,0.00022204103879630566
qwen_qwen3_32b,GA_ADAPTIVE,string_category,short_palindrome,7,True,True,['3'],0.0,short_palindrome,0,80,0.00019920908380299807
qwen_qwen3_32b,GA_ADAPTIVE,string_category,short_palindrome,8,True,True,['l'],0.0,short_palindrome,0,80,0.00019525003153830767
qwen_qwen3_32b,GA_ADAPTIVE,string_category,short_palindrome,9,True,True,['c'],0.0,short_palindrome,0,80,0.000213916995562613
qwen_qwen3_32b,GA_ADAPTIVE,string_category,short_palindrome,10,True,True,['k'],0.0,short_palindrome,0,80,0.00020812510047107935
qwen_qwen3_32b,GA_ADAPTIVE,string_category,short_palindrome,11,True,True,['9'],0.0,short_palindrome,0,80,0.00019750010687857866
qwen_qwen3_32b,GA_ADAPTIVE,string_category,short_palindrome,12,True,True,['w'],0.0,short_palindrome,0,80,0.00020837492775171995
qwen_qwen3_32b,GA_ADAPTIVE,string_category,short_palindrome,13,True,True,[''],0.0,short_palindrome,0,80,0.00020374997984617949
qwen_qwen3_32b,GA_ADAPTIVE,string_category,short_palindrome,14,True,True,[''],0.0,short_palindrome,0,80,0.0002062499988824129
qwen_qwen3_32b,GA_ADAPTIVE,string_category,short_palindrome,15,True,True,[''],0.0,short_palindrome,0,80,0.00020100001711398363
qwen_qwen3_32b,GA_ADAPTIVE,string_category,short_palindrome,16,True,True,[''],0.0,short_palindrome,0,80,0.00021112500689923763
qwen_qwen3_32b,GA_ADAPTIVE,string_category,short_palindrome,17,True,True,['hEh'],0.0,short_palindrome,0,80,0.0002061669947579503
qwen_qwen3_32b,GA_ADAPTIVE,string_category,short_palindrome,18,True,True,[''],0.0,short_palindrome,0,80,0.00019941700156778097
qwen_qwen3_32b,GA_ADAPTIVE,string_category,short_palindrome,19,True,True,[''],0.0,short_palindrome,0,80,0.00020899996161460876
qwen_qwen3_32b,GA_ADAPTIVE,string_category,short_palindrome,20,True,True,[''],0.0,short_palindrome,0,80,0.00021179101895540953
qwen_qwen3_32b,GA_ADAPTIVE,string_category,short_palindrome,21,True,True,['H'],0.0,short_palindrome,0,80,0.00020479096565395594
qwen_qwen3_32b,GA_ADAPTIVE,string_category,short_palindrome,22,True,True,['L'],0.0,short_palindrome,0,80,0.00020724989008158445
qwen_qwen3_32b,GA_ADAPTIVE,string_category,short_palindrome,23,True,True,[''],0.0,short_palindrome,0,80,0.00020091596525162458
qwen_qwen3_32b,GA_ADAPTIVE,string_category,short_palindrome,24,True,True,['1'],0.0,short_palindrome,0,80,0.00020029197912663221
qwen_qwen3_32b,GA_ADAPTIVE,string_category,short_palindrome,25,True,True,[''],0.0,short_palindrome,0,80,0.0001861249329522252
qwen_qwen3_32b,GA_ADAPTIVE,string_category,short_palindrome,26,True,True,['Y'],0.0,short_palindrome,0,80,0.00020475010387599468
qwen_qwen3_32b,GA_ADAPTIVE,string_category,short_palindrome,27,True,True,[''],0.0,short_palindrome,0,80,0.00020529096946120262
qwen_qwen3_32b,GA_ADAPTIVE,string_category,short_palindrome,28,True,True,[''],0.0,short_palindrome,0,80,0.00020970799960196018
qwen_qwen3_32b,GA_ADAPTIVE,string_category,short_palindrome,29,True,True,['A'],0.0,short_palindrome,0,80,0.00020995805971324444
qwen_qwen3_32b,GA_ADAPTIVE,string_category,long_non_palindrome,0,True,True,['EI73lJEoox5YH2V'],0.0,long_non_palindrome,0,80,0.00019387505017220974
qwen_qwen3_32b,GA_ADAPTIVE,string_category,long_non_palindrome,1,True,True,['DtdV9yLk'],0.0,long_non_palindrome,0,80,0.0001907499972730875
qwen_qwen3_32b,GA_ADAPTIVE,string_category,long_non_palindrome,2,True,True,['vCdy1Q'],0.0,long_non_palindrome,0,80,0.00017845805268734694
qwen_qwen3_32b,GA_ADAPTIVE,string_category,long_non_palindrome,3,True,True,['tzolAAAm43ffzz3nOXI'],0.0,long_non_palindrome,0,80,0.00017970800399780273
qwen_qwen3_32b,GA_ADAPTIVE,string_category,long_non_palindrome,4,True,True,['UJKmqERQzLTfP74'],0.0,long_non_palindrome,0,80,0.0001865000231191516
qwen_qwen3_32b,GA_ADAPTIVE,string_category,long_non_palindrome,5,True,True,['UFrD7BZHj99'],0.0,long_non_palindrome,0,80,0.00018779200036078691
qwen_qwen3_32b,GA_ADAPTIVE,string_category,long_non_palindrome,6,True,True,['ALpGOfKktjc15XzP0'],0.0,long_non_palindrome,0,80,0.00018450000789016485
qwen_qwen3_32b,GA_ADAPTIVE,string_category,long_non_palindrome,7,True,True,['Hlt0RxTS1'],0.0,long_non_palindrome,0,80,0.0001859170151874423
qwen_qwen3_32b,GA_ADAPTIVE,string_category,long_non_palindrome,8,True,True,['xZh1zOTZe82xp30FQq'],0.0,long_non_palindrome,0,80,0.00018162501510232687
qwen_qwen3_32b,GA_ADAPTIVE,string_category,long_non_palindrome,9,True,True,['CXdq7KdSz1UrgtN'],0.0,long_non_palindrome,0,80,0.00019216607324779034
qwen_qwen3_32b,GA_ADAPTIVE,string_category,long_non_palindrome,10,True,True,['6uEkKZ8idEfNdakZ'],0.0,long_non_palindrome,0,80,0.00019229191821068525
qwen_qwen3_32b,GA_ADAPTIVE,string_category,long_non_palindrome,11,True,True,['LfX4JnerfOvi9Y'],0.0,long_non_palindrome,0,80,0.00018979201558977365
qwen_qwen3_32b,GA_ADAPTIVE,string_category,long_non_palindrome,12,True,True,['qJ2IVC8L882UAL1k'],0.0,long_non_palindrome,0,80,0.00020174996461719275
qwen_qwen3_32b,GA_ADAPTIVE,string_category,long_non_palindrome,13,True,True,['w9jutNdxP3pYpOUZO'],0.0,long_non_palindrome,0,80,0.00019479100592434406
qwen_qwen3_32b,GA_ADAPTIVE,string_category,long_non_palindrome,14,True,True,['uoiLUS8e2p91tUcyx'],0.0,long_non_palindrome,0,80,0.00018470908980816603
qwen_qwen3_32b,GA_ADAPTIVE,string_category,long_non_palindrome,15,True,True,['eQu2wo1KGP'],0.0,long_non_palindrome,0,80,0.00019270891789346933
qwen_qwen3_32b,GA_ADAPTIVE,string_category,long_non_palindrome,16,True,True,['g1PiNCB3vGpeGtKWR'],0.0,long_non_palindrome,0,80,0.00020320899784564972
qwen_qwen3_32b,GA_ADAPTIVE,string_category,long_non_palindrome,17,True,True,['wHHS48noeDKheFr'],0.0,long_non_palindrome,0,80,0.0002009168965741992
qwen_qwen3_32b,GA_ADAPTIVE,string_category,long_non_palindrome,18,True,True,['ZXrHRK'],0.0,long_non_palindrome,0,80,0.00018920807633548975
qwen_qwen3_32b,GA_ADAPTIVE,string_category,long_non_palindrome,19,True,True,['petDJpk2N'],0.0,long_non_palindrome,0,80,0.0002079999540001154
qwen_qwen3_32b,GA_ADAPTIVE,string_category,long_non_palindrome,20,True,True,['lzgO4IAPrt0EabmLLX'],0.0,long_non_palindrome,0,80,0.00017929193563759327
qwen_qwen3_32b,GA_ADAPTIVE,string_category,long_non_palindrome,21,True,True,['0WswjmbY'],0.0,long_non_palindrome,0,80,0.00018670898862183094
qwen_qwen3_32b,GA_ADAPTIVE,string_category,long_non_palindrome,22,True,True,['ssNF57'],0.0,long_non_palindrome,0,80,0.00018325005657970905
qwen_qwen3_32b,GA_ADAPTIVE,string_category,long_non_palindrome,23,True,True,['4uQYYrLK'],0.0,long_non_palindrome,0,80,0.00018937501590698957
qwen_qwen3_32b,GA_ADAPTIVE,string_category,long_non_palindrome,24,True,True,['s2W5Se'],0.0,long_non_palindrome,0,80,0.00019045802764594555
qwen_qwen3_32b,GA_ADAPTIVE,string_category,long_non_palindrome,25,True,True,['y616zZP07Lv3GGYMa6'],0.0,long_non_palindrome,0,80,0.00018229102715849876
qwen_qwen3_32b,GA_ADAPTIVE,string_category,long_non_palindrome,26,True,True,['DqfzXKSJHdb0vi'],0.0,long_non_palindrome,0,80,0.0001812080154195428
qwen_qwen3_32b,GA_ADAPTIVE,string_category,long_non_palindrome,27,True,True,['GlMVM56bMJmHDFRik0yk'],0.0,long_non_palindrome,0,80,0.0001752080861479044
qwen_qwen3_32b,GA_ADAPTIVE,string_category,long_non_palindrome,28,True,True,['IfQKKYxjT96gEU'],0.0,long_non_palindrome,0,80,0.00018212501890957355
qwen_qwen3_32b,GA_ADAPTIVE,string_category,long_non_palindrome,29,True,True,['F0fNr3AQZK8'],0.0,long_non_palindrome,0,80,0.00018908397760242224
qwen_qwen3_32b,GA_ADAPTIVE,string_category,other,0,True,True,['Ba'],0.0,other,0,80,0.0001771249808371067
qwen_qwen3_32b,GA_ADAPTIVE,string_category,other,1,True,True,['39rIp'],0.0,other,0,80,0.00017937493976205587
qwen_qwen3_32b,GA_ADAPTIVE,string_category,other,2,True,True,['Ggb'],0.0,other,0,80,0.00019958300981670618
qwen_qwen3_32b,GA_ADAPTIVE,string_category,other,3,True,True,['T7X'],0.0,other,0,80,0.00018629198893904686
qwen_qwen3_32b,GA_ADAPTIVE,string_category,other,4,True,True,['6HJ'],0.0,other,0,80,0.00017250003293156624
qwen_qwen3_32b,GA_ADAPTIVE,string_category,other,5,True,True,['fVk'],0.0,other,0,80,0.00018966710194945335
qwen_qwen3_32b,GA_ADAPTIVE,string_category,other,6,True,True,['Ivl9u'],0.0,other,0,80,0.000181750045157969
qwen_qwen3_32b,GA_ADAPTIVE,string_category,other,7,True,True,['Rg3k'],0.0,other,0,80,0.00020050001330673695
qwen_qwen3_32b,GA_ADAPTIVE,string_category,other,8,True,True,['toqr'],0.0,other,0,80,0.00018941599410027266
qwen_qwen3_32b,GA_ADAPTIVE,string_category,other,9,True,True,['M2'],0.0,other,0,80,0.0001890410203486681
qwen_qwen3_32b,GA_ADAPTIVE,string_category,other,10,True,True,['5F5R'],0.0,other,0,80,0.00019895797595381737
qwen_qwen3_32b,GA_ADAPTIVE,string_category,other,11,True,True,['8s'],0.0,other,0,80,0.00018524995539337397
qwen_qwen3_32b,GA_ADAPTIVE,string_category,other,12,True,True,['ccQH'],0.0,other,0,80,0.00017662497702986002
qwen_qwen3_32b,GA_ADAPTIVE,string_category,other,13,True,True,['2mwT'],0.0,other,0,80,0.00018154107965528965
qwen_qwen3_32b,GA_ADAPTIVE,string_category,other,14,True,True,['dWA7'],0.0,other,0,80,0.00016429100651293993
qwen_qwen3_32b,GA_ADAPTIVE,string_category,other,15,True,True,['EHd'],0.0,other,0,80,0.0001805420033633709
qwen_qwen3_32b,GA_ADAPTIVE,string_category,other,16,True,True,['6Pk'],0.0,other,0,80,0.00018266693223267794
qwen_qwen3_32b,GA_ADAPTIVE,string_category,other,17,True,True,['C2Q'],0.0,other,0,80,0.00018199998885393143
qwen_qwen3_32b,GA_ADAPTIVE,string_category,other,18,True,True,['C7ru'],0.0,other,0,80,0.00018208299297839403
qwen_qwen3_32b,GA_ADAPTIVE,string_category,other,19,True,True,['4k0P'],0.0,other,0,80,0.0001832909183576703
qwen_qwen3_32b,GA_ADAPTIVE,string_category,other,20,True,True,['KU'],0.0,other,0,80,0.00018433306831866503
qwen_qwen3_32b,GA_ADAPTIVE,string_category,other,21,True,True,['Ol'],0.0,other,0,80,0.000169374980032444
qwen_qwen3_32b,GA_ADAPTIVE,string_category,other,22,True,True,['F1Pb9'],0.0,other,0,80,0.0001926659606397152
qwen_qwen3_32b,GA_ADAPTIVE,string_category,other,23,True,True,['ygTS'],0.0,other,0,80,0.00018637499306350946
qwen_qwen3_32b,GA_ADAPTIVE,string_category,other,24,True,True,['D4F'],0.0,other,0,80,0.00018420896958559752
qwen_qwen3_32b,GA_ADAPTIVE,string_category,other,25,True,True,['qOdY'],0.0,other,0,80,0.00018779200036078691
qwen_qwen3_32b,GA_ADAPTIVE,string_category,other,26,True,True,['tP'],0.0,other,0,80,0.00017966702580451965
qwen_qwen3_32b,GA_ADAPTIVE,string_category,other,27,True,True,['cuTeu'],0.0,other,0,80,0.00018229102715849876
qwen_qwen3_32b,GA_ADAPTIVE,string_category,other,28,True,True,['wurD'],0.0,other,0,80,0.00019195908680558205
qwen_qwen3_32b,GA_ADAPTIVE,string_category,other,29,True,True,['mKefz'],0.0,other,0,80,0.00018254201859235764
