model,method,function_name,target,run_id,found,validated,best_chromosome,best_fitness,reached_branch,generation,evaluations,runtime
llama_3_3_70b_versatile,RANDOM,bmi_category,invalid_height,0,False,False,"[1701.7973497749217, 10.435603396159788]",2.8731043498821656,,0,1000,0.0008478340459987
llama_3_3_70b_versatile,RANDOM,bmi_category,invalid_height,1,False,False,"[2078.4605054333715, 7.828319933114725]",3.916001339474058,,0,1000,0.0008382080122828
llama_3_3_70b_versatile,RANDOM,bmi_category,invalid_height,2,False,False,"[505.511167405442, 7.155018598286489]",8.625634008584969,,0,1000,0.0008203750476241
llama_3_3_70b_versatile,RANDOM,bmi_category,invalid_height,3,False,False,"[2711.361215147885, 8.621896919025374]",6.473860006825795,,0,1000,0.0008192919194698
llama_3_3_70b_versatile,RANDOM,bmi_category,invalid_height,4,False,False,"[2404.789693077811, 19.63626806519425]",12.26323762630038,,0,1000,0.000814166967757
llama_3_3_70b_versatile,RANDOM,bmi_category,invalid_height,5,False,False,"[330.47674765624646, 3.952914416969988]",2.6497912168668094,,0,1000,0.0007871659472584
llama_3_3_70b_versatile,RANDOM,bmi_category,invalid_height,6,False,False,"[2641.681791417872, 10.151938783116933]",0.6320016381087861,,0,1000,0.0007574170595034
llama_3_3_70b_versatile,RANDOM,bmi_category,invalid_height,7,False,False,"[2897.3198066404666, 9.401547975047443]",2.779151103486626,,0,1000,0.0007629169849678
llama_3_3_70b_versatile,RANDOM,bmi_category,invalid_height,8,False,False,"[2564.764415108812, 10.593867159181979]",2.1472518366664417,,0,1000,0.0007739580469205
llama_3_3_70b_versatile,RANDOM,bmi_category,invalid_height,9,False,False,"[1500.6767927576968, 14.963420539496731]",11.797676238728432,,0,1000,0.0007587919244542
llama_3_3_70b_versatile,RANDOM,bmi_category,invalid_height,10,False,False,"[1361.5760036644244, 9.762935457728217]",4.214973433899608,,0,1000,0.0007649170001968
llama_3_3_70b_versatile,RANDOM,bmi_category,invalid_height,11,False,False,"[1680.479771751825, 8.414431562897118]",1.265301236978253,,0,1000,0.0007628330495208
llama_3_3_70b_versatile,RANDOM,bmi_category,invalid_height,12,False,False,"[792.8313131799376, 9.990288389046476]",10.556265067728964,,0,1000,0.0007720000576227
llama_3_3_70b_versatile,RANDOM,bmi_category,invalid_height,13,False,False,"[2909.4684152743375, 11.362812873573214]",2.465810734607821,,0,1000,0.0007214159704744
llama_3_3_70b_versatile,RANDOM,bmi_category,invalid_height,14,False,False,"[1122.0309286136762, 9.917638381737092]",7.092557444626454,,0,1000,0.0007146659772843
llama_3_3_70b_versatile,RANDOM,bmi_category,invalid_height,15,False,False,"[2869.715048134135, 10.525102162627032]",0.9051514106292268,,0,1000,0.0007133749313652
llama_3_3_70b_versatile,RANDOM,bmi_category,invalid_height,16,False,False,"[2724.5595991073656, 10.164349201089218]",1.3716412040973438,,0,1000,0.0007154999766498
llama_3_3_70b_versatile,RANDOM,bmi_category,invalid_height,17,False,False,"[1603.595826160509, 11.920085133870773]",7.214099869431761,,0,1000,0.0007116670021787
llama_3_3_70b_versatile,RANDOM,bmi_category,invalid_height,18,False,False,"[2090.8043715244758, 16.06227444298891]",10.396002183749196,,0,1000,0.0007149999728426
llama_3_3_70b_versatile,RANDOM,bmi_category,invalid_height,19,False,False,"[2519.323970097353, 9.250602497797633]",0.5595814714990048,,0,1000,0.0007144170813262
llama_3_3_70b_versatile,RANDOM,bmi_category,invalid_height,20,False,False,"[2508.1514388231026, 7.745468131209909]",11.807905653157611,,0,1000,0.0007083750097081
llama_3_3_70b_versatile,RANDOM,bmi_category,invalid_height,21,False,False,"[880.4818393010333, 5.055858396722512]",4.445349766276685,,0,1000,0.0006865420145913
llama_3_3_70b_versatile,RANDOM,bmi_category,invalid_height,22,False,False,"[2959.4373513097744, 12.309881416114333]",1.0299626257357382,,0,1000,0.0006760419346392
llama_3_3_70b_versatile,RANDOM,bmi_category,invalid_height,23,False,False,"[1603.1618898715503, 12.679294386285678]",8.52788657507314,,0,1000,0.0006803330034017
llama_3_3_70b_versatile,RANDOM,bmi_category,invalid_height,24,False,False,"[1111.427947345071, 11.517044769251417]",10.120864701949651,,0,1000,0.0006841249996796
llama_3_3_70b_versatile,RANDOM,bmi_category,invalid_height,25,False,False,"[559.4093735279552, 4.102679840680246]",3.234908264409661,,0,1000,0.0006781250704079
llama_3_3_70b_versatile,RANDOM,bmi_category,invalid_height,26,False,False,"[1889.6057279296674, 10.336919496705011]",0.8156570436006447,,0,1000,0.0006799580296501
llama_3_3_70b_versatile,RANDOM,bmi_category,invalid_height,27,False,False,"[2949.5710227952864, 12.715651873492885]",0.257615751149185,,0,1000,0.0006791249616071
llama_3_3_70b_versatile,RANDOM,bmi_category,invalid_height,28,False,False,"[2770.3272095739494, 9.453931340820176]",0.9960376511495816,,0,1000,0.0006775419460609
llama_3_3_70b_versatile,RANDOM,bmi_category,invalid_height,29,False,False,"[2807.771810353557, 16.88606963666095]",8.652983682289337,,0,1000,0.0006704169791191
llama_3_3_70b_versatile,RANDOM,bmi_category,normal,0,True,True,"[1446.6184274628558, 8.18747566615341]",0.0,normal,0,415,0.0002742080250754
llama_3_3_70b_versatile,RANDOM,bmi_category,normal,1,True,True,"[710.850300145578, 5.659481952125511]",0.0,normal,0,923,0.0006073330296203
llama_3_3_70b_versatile,RANDOM,bmi_category,normal,2,False,False,"[469.68492378209015, 7.6351698338140706]",10.443076935118269,,0,1000,0.0006546250078827
llama_3_3_70b_versatile,RANDOM,bmi_category,normal,3,False,False,"[2327.017835739762, 14.346074419206323]",7.193360294934225,,0,1000,0.0006605830276384
llama_3_3_70b_versatile,RANDOM,bmi_category,normal,4,False,False,"[2281.774714386707, 13.970665176846865]",6.809351729596182,,0,1000,0.0006553749553859
llama_3_3_70b_versatile,RANDOM,bmi_category,normal,5,False,False,"[1931.3929021358433, 11.034297750658006]",2.637149421213886,,0,1000,0.0006597089814022
llama_3_3_70b_versatile,RANDOM,bmi_category,normal,6,False,False,"[2189.105108870093, 15.05340376265407]",8.839553635105073,,0,1000,0.0006600409979
llama_3_3_70b_versatile,RANDOM,bmi_category,normal,7,False,False,"[1226.7712815295833, 8.804064833333292]",2.6730534170661926,,0,1000,0.0006613750010728
llama_3_3_70b_versatile,RANDOM,bmi_category,normal,8,False,False,"[2717.2984254346, 12.26475045774822]",0.4357512728611219,,0,1000,0.0006592499557882
llama_3_3_70b_versatile,RANDOM,bmi_category,normal,9,True,True,"[2786.724537467502, 11.117923860153534]",0.0,normal,0,33,2.2500054910779e-05
llama_3_3_70b_versatile,RANDOM,bmi_category,normal,10,False,False,"[2668.3665693955236, 14.34325378018464]",5.52969688157248,,0,1000,0.0006346669979393
llama_3_3_70b_versatile,RANDOM,bmi_category,normal,11,False,False,"[1610.337337491103, 11.65149548440203]",6.638120162161133,,0,1000,0.0006329999305307
llama_3_3_70b_versatile,RANDOM,bmi_category,normal,12,False,False,"[1565.74734381229, 10.2106962814551]",3.482039173885786,,0,1000,0.0006410420173779
llama_3_3_70b_versatile,RANDOM,bmi_category,normal,13,False,False,"[2197.101535217482, 13.176157378642639]",5.844696043227787,,0,1000,0.0006373340729624
llama_3_3_70b_versatile,RANDOM,bmi_category,normal,14,True,True,"[26.93132694963807, 1.1452661121081897]",0.0,normal,0,458,0.0002895420184358
llama_3_3_70b_versatile,RANDOM,bmi_category,normal,15,False,False,"[2541.742551693868, 13.824680839814363]",5.200928165170831,,0,1000,0.0006353749195113
llama_3_3_70b_versatile,RANDOM,bmi_category,normal,16,False,False,"[2135.274587037612, 10.88622039571019]",0.4822944088729777,,0,1000,0.0006349580362439
llama_3_3_70b_versatile,RANDOM,bmi_category,normal,17,True,True,"[2869.287570422315, 11.607551973565556]",0.0,normal,0,638,0.0004027910763397
llama_3_3_70b_versatile,RANDOM,bmi_category,normal,18,True,True,"[1430.8193452593673, 8.476226919495566]",0.0,normal,0,591,0.000373666989617
llama_3_3_70b_versatile,RANDOM,bmi_category,normal,19,True,True,"[335.83705482418367, 3.895139090613231]",0.0,normal,0,158,0.0001003330107778
llama_3_3_70b_versatile,RANDOM,bmi_category,normal,20,True,True,"[2565.4516284838473, 10.719906749095621]",0.0,normal,0,928,0.0005816660122945
llama_3_3_70b_versatile,RANDOM,bmi_category,normal,21,False,False,"[1195.9771698041484, 9.995939992783143]",6.530511032650306,,0,1000,0.0006167499814182
llama_3_3_70b_versatile,RANDOM,bmi_category,normal,22,True,True,"[455.29751125137, 4.418184015852256]",0.0,normal,0,226,0.0001386660151183
llama_3_3_70b_versatile,RANDOM,bmi_category,normal,23,True,True,"[1169.8296597831782, 7.626777226128256]",0.0,normal,0,19,1.3125012628734112e-05
llama_3_3_70b_versatile,RANDOM,bmi_category,normal,24,True,True,"[2182.030794807928, 10.36569148829225]",0.0,normal,0,27,1.795799471437931e-05
llama_3_3_70b_versatile,RANDOM,bmi_category,normal,25,True,True,"[411.64516023008645, 4.198816678522732]",0.0,normal,0,34,2.204207703471184e-05
llama_3_3_70b_versatile,RANDOM,bmi_category,normal,26,True,True,"[1458.1601739603252, 8.790482490646067]",0.0,normal,0,857,0.0005232919938862
llama_3_3_70b_versatile,RANDOM,bmi_category,normal,27,False,False,"[516.480204672688, 5.709482353064788]",2.6561686511865403,,0,1000,0.0006170420674607
llama_3_3_70b_versatile,RANDOM,bmi_category,normal,28,False,False,"[2878.3535499350814, 16.462088927944208]",7.878783763073772,,0,1000,0.0006199169438332
llama_3_3_70b_versatile,RANDOM,bmi_category,normal,29,False,False,"[652.0427718312959, 6.202055709021326]",1.5486317274873649,,0,1000,0.000608458998613
llama_3_3_70b_versatile,RANDOM,bmi_category,obese,0,True,True,"[2619.003333990445, 5.771470846855142]",0.0,obese,0,58,4.208402242511511e-05
llama_3_3_70b_versatile,RANDOM,bmi_category,obese,1,True,True,"[276.8411630342377, 0.22326103970304878]",0.0,obese,0,547,0.0003200409701094
llama_3_3_70b_versatile,RANDOM,bmi_category,obese,2,True,True,"[2688.1259645616424, 1.2475326978476087]",0.0,obese,0,195,0.000116917071864
llama_3_3_70b_versatile,RANDOM,bmi_category,obese,3,True,True,"[2923.798843713293, 7.258453025458134]",0.0,obese,0,215,0.0001320000737905
llama_3_3_70b_versatile,RANDOM,bmi_category,obese,4,True,True,"[2600.4980631917156, 2.2451044077345106]",0.0,obese,0,566,0.0003387500764802
llama_3_3_70b_versatile,RANDOM,bmi_category,obese,5,True,True,"[1370.1832440309413, 2.216273475877606]",0.0,obese,0,143,8.995807729661465e-05
llama_3_3_70b_versatile,RANDOM,bmi_category,obese,6,True,True,"[2224.666388640337, 2.2721400546000803]",0.0,obese,0,75,5.2165938541293144e-05
llama_3_3_70b_versatile,RANDOM,bmi_category,obese,7,False,False,"[891.7598325936364, 6.330140369218085]",2.745326576299231,,0,1000,0.0005892909830436
llama_3_3_70b_versatile,RANDOM,bmi_category,obese,8,True,True,"[417.2826581625549, 2.103946734260509]",0.0,obese,0,12,1.3042008504271507e-05
llama_3_3_70b_versatile,RANDOM,bmi_category,obese,9,False,False,"[2418.7328241219047, 11.991052863581263]",1.6781690923892292,,0,1000,0.0005788339767605
llama_3_3_70b_versatile,RANDOM,bmi_category,obese,10,False,False,"[1254.8156803114923, 14.683205753316386]",12.679796523808296,,0,1000,0.0006088749505579
llama_3_3_70b_versatile,RANDOM,bmi_category,obese,11,True,True,"[750.0101434182377, 4.938531946712454]",0.0,obese,0,679,0.0004123339895159
llama_3_3_70b_versatile,RANDOM,bmi_category,obese,12,True,True,"[1295.176900092048, 3.733621868986514]",0.0,obese,0,929,0.0005617089336737
llama_3_3_70b_versatile,RANDOM,bmi_category,obese,13,True,True,"[2296.348463617004, 0.7991536775537877]",0.0,obese,0,584,0.0003511669347062
llama_3_3_70b_versatile,RANDOM,bmi_category,obese,14,True,True,"[481.29013316219147, 0.024905841379929683]",0.0,obese,0,663,0.0003989581018686
llama_3_3_70b_versatile,RANDOM,bmi_category,obese,15,True,True,"[2552.966271991083, 8.791416963845888]",0.0,obese,0,33,2.1083978936076164e-05
llama_3_3_70b_versatile,RANDOM,bmi_category,obese,16,True,True,"[490.46257937949235, 2.8737660669734266]",0.0,obese,0,474,0.0002862500259652
llama_3_3_70b_versatile,RANDOM,bmi_category,obese,17,True,True,"[1062.8711859806467, 2.7759173888480815]",0.0,obese,0,63,3.883393947035074e-05
llama_3_3_70b_versatile,RANDOM,bmi_category,obese,18,True,True,"[918.5594729344263, 4.518029126232115]",0.0,obese,0,402,0.0002776670735329
llama_3_3_70b_versatile,RANDOM,bmi_category,obese,19,True,True,"[1383.2056778509773, 5.540564057531339]",0.0,obese,0,728,0.0004532079910859
llama_3_3_70b_versatile,RANDOM,bmi_category,obese,20,True,True,"[2961.76095730622, 4.886893366032319]",0.0,obese,0,35,2.4583074264228344e-05
llama_3_3_70b_versatile,RANDOM,bmi_category,obese,21,True,True,"[2649.932032487792, 3.158850193264229]",0.0,obese,0,207,0.0001271249493584
llama_3_3_70b_versatile,RANDOM,bmi_category,obese,22,False,False,"[804.1103960818022, 10.913633599314633]",11.748862729871632,,0,1000,0.0005844999104738
llama_3_3_70b_versatile,RANDOM,bmi_category,obese,23,True,True,"[2070.5406946211688, 6.527588634434922]",0.0,obese,0,341,0.0001973329344764
llama_3_3_70b_versatile,RANDOM,bmi_category,obese,24,True,True,"[890.4799707769071, 3.414036364291162]",0.0,obese,0,1,2.2919848561286926e-06
llama_3_3_70b_versatile,RANDOM,bmi_category,obese,25,True,True,"[2814.9502651544713, 0.7506212395863576]",0.0,obese,0,402,0.0002278750762343
llama_3_3_70b_versatile,RANDOM,bmi_category,obese,26,False,False,"[945.9980754372796, 9.016169382530581]",6.862863490022878,,0,1000,0.000562125002034
llama_3_3_70b_versatile,RANDOM,bmi_category,obese,27,True,True,"[2070.1274013277684, 5.785975644107766]",0.0,obese,0,194,0.0001206250162795
llama_3_3_70b_versatile,RANDOM,bmi_category,obese,28,True,True,"[2577.551231049816, 8.198077367104872]",0.0,obese,0,73,5.029095336794853e-05
llama_3_3_70b_versatile,RANDOM,bmi_category,obese,29,True,True,"[2659.652883135696, 4.81759753475719]",0.0,obese,0,176,0.0001104169059544
llama_3_3_70b_versatile,RANDOM,bmi_category,overweight,0,False,False,"[2343.7797736592966, 8.8272849559623]",0.0789387460154564,,0,1000,0.00061845802702
llama_3_3_70b_versatile,RANDOM,bmi_category,overweight,1,False,False,"[881.2675601805346, 11.802199679799674]",12.17323260834116,,0,1000,0.0006181671051308
llama_3_3_70b_versatile,RANDOM,bmi_category,overweight,2,True,True,"[1069.49538835694, 6.006751364411533]",0.0,overweight,0,341,0.000213542021811
llama_3_3_70b_versatile,RANDOM,bmi_category,overweight,3,True,True,"[2827.316793128117, 9.715663425059251]",0.0,overweight,0,127,7.925007957965136e-05
llama_3_3_70b_versatile,RANDOM,bmi_category,overweight,4,False,False,"[2488.9827387475398, 11.243852276171417]",1.1875476606312958,,0,1000,0.0006200410425662
llama_3_3_70b_versatile,RANDOM,bmi_category,overweight,5,True,True,"[1850.452152615364, 8.507626328051465]",0.0,overweight,0,554,0.0003425419563427
llama_3_3_70b_versatile,RANDOM,bmi_category,overweight,6,False,False,"[1668.9125864232103, 10.370047127914228]",2.980699952168493,,0,1000,0.0006040419684723
llama_3_3_70b_versatile,RANDOM,bmi_category,overweight,7,False,False,"[2526.4594470934317, 13.664224984715979]",4.96861274454016,,0,1000,0.0006016250699758
llama_3_3_70b_versatile,RANDOM,bmi_category,overweight,8,False,False,"[1190.810946251915, 8.316871072486464]",1.284371598041112,,0,1000,0.0006036249687895
llama_3_3_70b_versatile,RANDOM,bmi_category,overweight,9,False,False,"[2880.319066605106, 12.690380639031495]",0.6149029136207176,,0,1000,0.000602125073783
llama_3_3_70b_versatile,RANDOM,bmi_category,overweight,10,False,False,"[1541.0977005010332, 9.257967619934139]",0.5196203515099462,,0,1000,0.0006009169155731
llama_3_3_70b_versatile,RANDOM,bmi_category,overweight,11,False,False,"[2472.7900771886902, 10.710152694853647]",3.057377360178222,,0,1000,0.0006016249535605
llama_3_3_70b_versatile,RANDOM,bmi_category,overweight,12,False,False,"[1923.202393877772, 16.110612367893353]",11.09029540480486,,0,1000,0.0005946669261902
llama_3_3_70b_versatile,RANDOM,bmi_category,overweight,13,False,False,"[1328.62976255493, 14.285458697517296]",11.989481203918343,,0,1000,0.0005908750463277
llama_3_3_70b_versatile,RANDOM,bmi_category,overweight,14,False,False,"[781.3540716113932, 5.590580984387583]",0.0003462519111323,,0,1000,0.0005929160397499
llama_3_3_70b_versatile,RANDOM,bmi_category,overweight,15,False,False,"[2394.614202943488, 11.331758601317187]",0.1483720698617432,,0,1000,0.0006096250144764
llama_3_3_70b_versatile,RANDOM,bmi_category,overweight,16,False,False,"[2415.984675693778, 11.64565242600224]",0.6857916623768396,,0,1000,0.0006105409702286
llama_3_3_70b_versatile,RANDOM,bmi_category,overweight,17,False,False,"[1403.4723266266988, 7.593801508157028]",0.6619728309587174,,0,1000,0.0005875410279259
llama_3_3_70b_versatile,RANDOM,bmi_category,overweight,18,False,False,"[1189.0801967356242, 12.955129311451486]",11.415199234010014,,0,1000,0.0005847079446539
llama_3_3_70b_versatile,RANDOM,bmi_category,overweight,19,False,False,"[609.4946733130463, 5.217754986389878]",2.612657120239426,,0,1000,0.0005883750272914
llama_3_3_70b_versatile,RANDOM,bmi_category,overweight,20,True,True,"[1304.3154349326771, 7.109633514376434]",0.0,overweight,0,634,0.0003728750161826
llama_3_3_70b_versatile,RANDOM,bmi_category,overweight,21,False,False,"[2898.3987687519875, 13.196737197669894]",1.8572534195786223,,0,1000,0.0005825830157846
llama_3_3_70b_versatile,RANDOM,bmi_category,overweight,22,True,True,"[1849.1000943448971, 8.579546338860933]",0.0,overweight,0,927,0.0005421249661594
llama_3_3_70b_versatile,RANDOM,bmi_category,overweight,23,False,False,"[2818.8187106145465, 14.95680515735165]",5.899450832277537,,0,1000,0.0005868329899385
llama_3_3_70b_versatile,RANDOM,bmi_category,overweight,24,True,True,"[114.37098656279466, 1.9798527869915317]",0.0,overweight,0,878,0.000517625012435
llama_3_3_70b_versatile,RANDOM,bmi_category,overweight,25,True,True,"[2946.69527021909, 10.845670977007394]",0.0,overweight,0,731,0.0004396250005811
llama_3_3_70b_versatile,RANDOM,bmi_category,overweight,26,False,False,"[1361.9256843292267, 8.61182631279178]",0.1361859769329712,,0,1000,0.0005891249747946
llama_3_3_70b_versatile,RANDOM,bmi_category,overweight,27,True,True,"[221.69634403339245, 2.876057505175278]",0.0,overweight,0,750,0.0004445000085979
llama_3_3_70b_versatile,RANDOM,bmi_category,overweight,28,False,False,"[2826.2233603148184, 13.171903267632512]",2.2104376456930126,,0,1000,0.000586749985814
llama_3_3_70b_versatile,RANDOM,bmi_category,overweight,29,False,False,"[1733.9290140085768, 20.67781277728564]",14.444708137467076,,0,1000,0.0005814169999212
llama_3_3_70b_versatile,RANDOM,bmi_category,underweight,0,True,True,"[2292.063414164853, 1407.6111304147278]",0.0,underweight,0,1,2.500019036233425e-06
llama_3_3_70b_versatile,RANDOM,bmi_category,underweight,1,True,True,"[2163.786826299906, 2957.1743242622765]",0.0,underweight,0,1,2.08395067602396e-06
llama_3_3_70b_versatile,RANDOM,bmi_category,underweight,2,True,True,"[901.3088130039106, 1502.8895236963244]",0.0,underweight,0,1,2.00001522898674e-06
llama_3_3_70b_versatile,RANDOM,bmi_category,underweight,3,True,True,"[2334.0924176583517, 1527.8765409515688]",0.0,underweight,0,1,1.874985173344612e-06
llama_3_3_70b_versatile,RANDOM,bmi_category,underweight,4,True,True,"[549.9401880290536, 613.8902862113059]",0.0,underweight,0,1,1.8329592421650889e-06
llama_3_3_70b_versatile,RANDOM,bmi_category,underweight,5,True,True,"[438.42741707536806, 2748.8609796534033]",0.0,underweight,0,1,1.874985173344612e-06
llama_3_3_70b_versatile,RANDOM,bmi_category,underweight,6,True,True,"[1144.4968137720678, 1755.690862833504]",0.0,underweight,0,1,1.7919810488820076e-06
llama_3_3_70b_versatile,RANDOM,bmi_category,underweight,7,True,True,"[2326.738984091813, 2046.443988431896]",0.0,underweight,0,1,1.7919810488820076e-06
llama_3_3_70b_versatile,RANDOM,bmi_category,underweight,8,True,True,"[2367.6481669900054, 2438.5933187543465]",0.0,underweight,0,1,1.9170111045241356e-06
llama_3_3_70b_versatile,RANDOM,bmi_category,underweight,9,True,True,"[1186.8968578184592, 1306.1010609431141]",0.0,underweight,0,1,2.00001522898674e-06
llama_3_3_70b_versatile,RANDOM,bmi_category,underweight,10,True,True,"[340.79953790915016, 1486.0017944097813]",0.0,underweight,0,1,1.875101588666439e-06
llama_3_3_70b_versatile,RANDOM,bmi_category,underweight,11,True,True,"[1041.4254178570523, 1122.0481170502583]",0.0,underweight,0,1,1.7919810488820076e-06
llama_3_3_70b_versatile,RANDOM,bmi_category,underweight,12,True,True,"[281.6787710769588, 1488.4723190590955]",0.0,underweight,0,1,1.958920620381832e-06
llama_3_3_70b_versatile,RANDOM,bmi_category,underweight,13,True,True,"[32.92110390424685, 785.2999648879032]",0.0,underweight,0,1,1.8329592421650889e-06
llama_3_3_70b_versatile,RANDOM,bmi_category,underweight,14,True,True,"[2976.404098594315, 654.5285954861581]",0.0,underweight,0,1,1.874985173344612e-06
llama_3_3_70b_versatile,RANDOM,bmi_category,underweight,15,True,True,"[1061.3370889569862, 1038.6114003624439]",0.0,underweight,0,1,1.915963366627693e-06
llama_3_3_70b_versatile,RANDOM,bmi_category,underweight,16,True,True,"[1712.613504016607, 1957.7141886921777]",0.0,underweight,0,1,1.9579892978072166e-06
llama_3_3_70b_versatile,RANDOM,bmi_category,underweight,17,True,True,"[574.6100055575931, 1338.6950153235189]",0.0,underweight,0,1,1.874985173344612e-06
llama_3_3_70b_versatile,RANDOM,bmi_category,underweight,18,True,True,"[1289.2875022133367, 1904.001469604021]",0.0,underweight,0,1,1.874985173344612e-06
llama_3_3_70b_versatile,RANDOM,bmi_category,underweight,19,True,True,"[528.9481766971254, 836.1053594236461]",0.0,underweight,0,1,1.874985173344612e-06
llama_3_3_70b_versatile,RANDOM,bmi_category,underweight,20,True,True,"[2845.482086489548, 2969.077917309934]",0.0,underweight,0,1,1.8329592421650889e-06
llama_3_3_70b_versatile,RANDOM,bmi_category,underweight,21,True,True,"[2686.1523355382355, 105.58738776167364]",0.0,underweight,0,1,1.8329592421650889e-06
llama_3_3_70b_versatile,RANDOM,bmi_category,underweight,22,True,True,"[1173.930260712478, 1336.212335027485]",0.0,underweight,0,1,1.8329592421650889e-06
llama_3_3_70b_versatile,RANDOM,bmi_category,underweight,23,True,True,"[2112.4174016796205, 1239.1779459312393]",0.0,underweight,0,1,1.9579892978072166e-06
llama_3_3_70b_versatile,RANDOM,bmi_category,underweight,24,True,True,"[27.0720284944006, 2711.012225317928]",0.0,underweight,0,1,1.874985173344612e-06
llama_3_3_70b_versatile,RANDOM,bmi_category,underweight,25,True,True,"[939.8016676694899, 2308.049431882718]",0.0,underweight,0,1,1.8330756574869156e-06
llama_3_3_70b_versatile,RANDOM,bmi_category,underweight,26,True,True,"[744.9679545810454, 2898.5612583129578]",0.0,underweight,0,1,2.0420411601662636e-06
llama_3_3_70b_versatile,RANDOM,bmi_category,underweight,27,True,True,"[369.1440799316498, 1707.7498445613112]",0.0,underweight,0,1,1.750071533024311e-06
llama_3_3_70b_versatile,RANDOM,bmi_category,underweight,28,True,True,"[350.48698345825755, 1168.5155265176359]",0.0,underweight,0,1,1.915963366627693e-06
llama_3_3_70b_versatile,RANDOM,bmi_category,underweight,29,True,True,"[464.30735624595485, 861.0195983448558]",0.0,underweight,0,1,1.834006980061531e-06
llama_3_3_70b_versatile,RANDOM,number_kind,even,0,True,True,[1520],0.0,even,0,2,3.1669624149799347e-06
llama_3_3_70b_versatile,RANDOM,number_kind,even,1,True,True,[2570],0.0,even,0,4,3.500026650726795e-06
llama_3_3_70b_versatile,RANDOM,number_kind,even,2,True,True,[2536],0.0,even,0,2,2.4579931050539017e-06
llama_3_3_70b_versatile,RANDOM,number_kind,even,3,True,True,[726],0.0,even,0,1,1.666019670665264e-06
llama_3_3_70b_versatile,RANDOM,number_kind,even,4,True,True,[-474],0.0,even,0,1,1.499895006418228e-06
llama_3_3_70b_versatile,RANDOM,number_kind,even,5,True,True,[1648],0.0,even,0,1,1.834006980061531e-06
llama_3_3_70b_versatile,RANDOM,number_kind,even,6,True,True,[1214],0.0,even,0,1,1.9170111045241356e-06
llama_3_3_70b_versatile,RANDOM,number_kind,even,7,True,True,[302],0.0,even,0,1,1.6669509932398796e-06
llama_3_3_70b_versatile,RANDOM,number_kind,even,8,True,True,[544],0.0,even,0,3,2.8330832719802856e-06
llama_3_3_70b_versatile,RANDOM,number_kind,even,9,True,True,[2694],0.0,even,0,4,3.749970346689224e-06
llama_3_3_70b_versatile,RANDOM,number_kind,even,10,True,True,[2926],0.0,even,0,1,1.874985173344612e-06
llama_3_3_70b_versatile,RANDOM,number_kind,even,11,True,True,[656],0.0,even,0,2,2.415967173874378e-06
llama_3_3_70b_versatile,RANDOM,number_kind,even,12,True,True,[210],0.0,even,0,1,1.666019670665264e-06
llama_3_3_70b_versatile,RANDOM,number_kind,even,13,True,True,[630],0.0,even,0,1,1.750071533024311e-06
llama_3_3_70b_versatile,RANDOM,number_kind,even,14,True,True,[1308],0.0,even,0,2,2.374988980591297e-06
llama_3_3_70b_versatile,RANDOM,number_kind,even,15,True,True,[1792],0.0,even,0,1,1.7080456018447876e-06
llama_3_3_70b_versatile,RANDOM,number_kind,even,16,True,True,[1418],0.0,even,0,1,1.8330756574869156e-06
llama_3_3_70b_versatile,RANDOM,number_kind,even,17,True,True,[2802],0.0,even,0,1,1.6670674085617063e-06
llama_3_3_70b_versatile,RANDOM,number_kind,even,18,True,True,[2510],0.0,even,0,1,1.500011421740055e-06
llama_3_3_70b_versatile,RANDOM,number_kind,even,19,True,True,[1768],0.0,even,0,1,1.7079291865229609e-06
llama_3_3_70b_versatile,RANDOM,number_kind,even,20,True,True,[2362],0.0,even,0,1,1.834006980061531e-06
llama_3_3_70b_versatile,RANDOM,number_kind,even,21,True,True,[1134],0.0,even,0,1,1.6670674085617063e-06
llama_3_3_70b_versatile,RANDOM,number_kind,even,22,True,True,[1014],0.0,even,0,2,2.125045284628868e-06
llama_3_3_70b_versatile,RANDOM,number_kind,even,23,True,True,[2998],0.0,even,0,1,1.666019670665264e-06
llama_3_3_70b_versatile,RANDOM,number_kind,even,24,True,True,[2596],0.0,even,0,1,1.7079291865229609e-06
llama_3_3_70b_versatile,RANDOM,number_kind,even,25,True,True,[-158],0.0,even,0,1,1.7080456018447876e-06
llama_3_3_70b_versatile,RANDOM,number_kind,even,26,True,True,[2802],0.0,even,0,1,1.7080456018447876e-06
llama_3_3_70b_versatile,RANDOM,number_kind,even,27,True,True,[2124],0.0,even,0,1,1.749955117702484e-06
llama_3_3_70b_versatile,RANDOM,number_kind,even,28,True,True,[2282],0.0,even,0,5,4.499917849898338e-06
llama_3_3_70b_versatile,RANDOM,number_kind,even,29,True,True,[1830],0.0,even,0,3,3.2079406082630157e-06
llama_3_3_70b_versatile,RANDOM,number_kind,odd,0,True,True,[481],0.0,odd,0,1,2.040993422269821e-06
llama_3_3_70b_versatile,RANDOM,number_kind,odd,1,True,True,[1493],0.0,odd,0,1,1.8329592421650889e-06
llama_3_3_70b_versatile,RANDOM,number_kind,odd,2,True,True,[1367],0.0,odd,0,3,3.208988346159458e-06
llama_3_3_70b_versatile,RANDOM,number_kind,odd,3,True,True,[277],0.0,odd,0,4,4.00003045797348e-06
llama_3_3_70b_versatile,RANDOM,number_kind,odd,4,True,True,[-3],0.0,odd,0,3,3.291061148047447e-06
llama_3_3_70b_versatile,RANDOM,number_kind,odd,5,True,True,[219],0.0,odd,0,1,1.7909333109855652e-06
llama_3_3_70b_versatile,RANDOM,number_kind,odd,6,True,True,[431],0.0,odd,0,3,3.0419323593378067e-06
llama_3_3_70b_versatile,RANDOM,number_kind,odd,7,True,True,[953],0.0,odd,0,1,1.7080456018447876e-06
llama_3_3_70b_versatile,RANDOM,number_kind,odd,8,True,True,[299],0.0,odd,0,2,2.500019036233425e-06
llama_3_3_70b_versatile,RANDOM,number_kind,odd,9,True,True,[-175],0.0,odd,0,6,5.207955837249756e-06
llama_3_3_70b_versatile,RANDOM,number_kind,odd,10,True,True,[1463],0.0,odd,0,4,3.875000402331352e-06
llama_3_3_70b_versatile,RANDOM,number_kind,odd,11,True,True,[589],0.0,odd,0,6,5.124951712787151e-06
llama_3_3_70b_versatile,RANDOM,number_kind,odd,12,True,True,[639],0.0,odd,0,1,1.7909333109855652e-06
llama_3_3_70b_versatile,RANDOM,number_kind,odd,13,True,True,[1465],0.0,odd,0,1,1.708976924419403e-06
llama_3_3_70b_versatile,RANDOM,number_kind,odd,14,True,True,[1317],0.0,odd,0,1,1.999898813664913e-06
llama_3_3_70b_versatile,RANDOM,number_kind,odd,15,True,True,[381],0.0,odd,0,6,4.125060513615608e-06
llama_3_3_70b_versatile,RANDOM,number_kind,odd,16,True,True,[1499],0.0,odd,0,2,2.5830231606960297e-06
llama_3_3_70b_versatile,RANDOM,number_kind,odd,17,True,True,[2051],0.0,odd,0,1,1.7079291865229609e-06
llama_3_3_70b_versatile,RANDOM,number_kind,odd,18,True,True,[389],0.0,odd,0,1,1.7080456018447876e-06
llama_3_3_70b_versatile,RANDOM,number_kind,odd,19,True,True,[2133],0.0,odd,0,2,2.458924427628517e-06
llama_3_3_70b_versatile,RANDOM,number_kind,odd,20,True,True,[151],0.0,odd,0,2,2.4579931050539017e-06
llama_3_3_70b_versatile,RANDOM,number_kind,odd,21,True,True,[1717],0.0,odd,0,1,1.750071533024311e-06
llama_3_3_70b_versatile,RANDOM,number_kind,odd,22,True,True,[255],0.0,odd,0,4,3.833090886473656e-06
llama_3_3_70b_versatile,RANDOM,number_kind,odd,23,True,True,[531],0.0,odd,0,4,3.791996277868748e-06
llama_3_3_70b_versatile,RANDOM,number_kind,odd,24,True,True,[2721],0.0,odd,0,2,2.540997229516506e-06
llama_3_3_70b_versatile,RANDOM,number_kind,odd,25,True,True,[1105],0.0,odd,0,2,2.4579931050539017e-06
llama_3_3_70b_versatile,RANDOM,number_kind,odd,26,True,True,[203],0.0,odd,0,1,1.7919810488820076e-06
llama_3_3_70b_versatile,RANDOM,number_kind,odd,27,True,True,[663],0.0,odd,0,1,1.7919810488820076e-06
llama_3_3_70b_versatile,RANDOM,number_kind,odd,28,True,True,[-331],0.0,odd,0,1,1.7080456018447876e-06
llama_3_3_70b_versatile,RANDOM,number_kind,odd,29,True,True,[-409],0.0,odd,0,3,3.125052899122238e-06
llama_3_3_70b_versatile,RANDOM,number_kind,zero,0,False,False,[1],1.0,,0,1000,0.0005530419293791
llama_3_3_70b_versatile,RANDOM,number_kind,zero,1,False,False,[1],1.0,,0,1000,0.0005261660553514
llama_3_3_70b_versatile,RANDOM,number_kind,zero,2,False,False,[1],1.0,,0,1000,0.0005317920586094
llama_3_3_70b_versatile,RANDOM,number_kind,zero,3,True,True,[0],0.0,zero,0,164,9.69169195741415e-05
llama_3_3_70b_versatile,RANDOM,number_kind,zero,4,False,False,[-1],1.0,,0,1000,0.000529957935214
llama_3_3_70b_versatile,RANDOM,number_kind,zero,5,False,False,[5],5.0,,0,1000,0.000532625010237
llama_3_3_70b_versatile,RANDOM,number_kind,zero,6,False,False,[1],1.0,,0,1000,0.0005503329448401
llama_3_3_70b_versatile,RANDOM,number_kind,zero,7,True,True,[0],0.0,zero,0,201,0.0001183749409392
llama_3_3_70b_versatile,RANDOM,number_kind,zero,8,True,True,[0],0.0,zero,0,957,0.0005269589601084
llama_3_3_70b_versatile,RANDOM,number_kind,zero,9,False,False,[-1],1.0,,0,1000,0.0005733750294893
llama_3_3_70b_versatile,RANDOM,number_kind,zero,10,False,False,[-1],1.0,,0,1000,0.00055225007236
llama_3_3_70b_versatile,RANDOM,number_kind,zero,11,False,False,[-1],1.0,,0,1000,0.0005510409828275
llama_3_3_70b_versatile,RANDOM,number_kind,zero,12,False,False,[2],2.0,,0,1000,0.000566832954064
llama_3_3_70b_versatile,RANDOM,number_kind,zero,13,False,False,[-1],1.0,,0,1000,0.0005701660411432
llama_3_3_70b_versatile,RANDOM,number_kind,zero,14,True,True,[0],0.0,zero,0,888,0.00051445805002
llama_3_3_70b_versatile,RANDOM,number_kind,zero,15,True,True,[0],0.0,zero,0,887,0.000495292013511
llama_3_3_70b_versatile,RANDOM,number_kind,zero,16,True,True,[0],0.0,zero,0,20,0.0001011249842122
llama_3_3_70b_versatile,RANDOM,number_kind,zero,17,False,False,[2],2.0,,0,1000,0.0005525409942492
llama_3_3_70b_versatile,RANDOM,number_kind,zero,18,False,False,[1],1.0,,0,1000,0.0005572499940171
llama_3_3_70b_versatile,RANDOM,number_kind,zero,19,False,False,[2],2.0,,0,1000,0.0005671250401064
llama_3_3_70b_versatile,RANDOM,number_kind,zero,20,False,False,[-3],3.0,,0,1000,0.0005747920367866
llama_3_3_70b_versatile,RANDOM,number_kind,zero,21,True,True,[0],0.0,zero,0,423,0.0002417080104351
llama_3_3_70b_versatile,RANDOM,number_kind,zero,22,False,False,[1],1.0,,0,1000,0.0005577919073402
llama_3_3_70b_versatile,RANDOM,number_kind,zero,23,True,True,[0],0.0,zero,0,415,0.0002347080735489
llama_3_3_70b_versatile,RANDOM,number_kind,zero,24,False,False,[-1],1.0,,0,1000,0.0005591660737991
llama_3_3_70b_versatile,RANDOM,number_kind,zero,25,True,True,[0],0.0,zero,0,621,0.0003503329353407
llama_3_3_70b_versatile,RANDOM,number_kind,zero,26,False,False,[-1],1.0,,0,1000,0.0005556249525398
llama_3_3_70b_versatile,RANDOM,number_kind,zero,27,False,False,[1],1.0,,0,1000,0.0005516250384971
llama_3_3_70b_versatile,RANDOM,number_kind,zero,28,False,False,[1],1.0,,0,1000,0.0005511669442057
llama_3_3_70b_versatile,RANDOM,number_kind,zero,29,False,False,[-2],2.0,,0,1000,0.0005516250384971
llama_3_3_70b_versatile,RANDOM,password_strength,medium,0,True,True,['jMRUCtolI'],0.0,medium,0,2,7.875030860304832e-06
llama_3_3_70b_versatile,RANDOM,password_strength,medium,1,True,True,['SCjwZpswR'],0.0,medium,0,1,3.5410048440098763e-06
llama_3_3_70b_versatile,RANDOM,password_strength,medium,2,True,True,['VO1zad'],0.0,medium,0,1,3.500026650726795e-06
llama_3_3_70b_versatile,RANDOM,password_strength,medium,3,True,True,['RI6jagW'],0.0,medium,0,3,9.416020475327969e-06
llama_3_3_70b_versatile,RANDOM,password_strength,medium,4,True,True,['LlxvjScP'],0.0,medium,0,7,1.945800613611937e-05
llama_3_3_70b_versatile,RANDOM,password_strength,medium,5,True,True,['YPzkuq'],0.0,medium,0,5,1.4375080354511738e-05
llama_3_3_70b_versatile,RANDOM,password_strength,medium,6,True,True,['YzVXuJKwhlqzP'],0.0,medium,0,11,3.2957992516458035e-05
llama_3_3_70b_versatile,RANDOM,password_strength,medium,7,True,True,['cKuz2qu'],0.0,medium,0,12,2.86659924313426e-05
llama_3_3_70b_versatile,RANDOM,password_strength,medium,8,True,True,['FbkAfeKV'],0.0,medium,0,1,3.875000402331352e-06
llama_3_3_70b_versatile,RANDOM,password_strength,medium,9,True,True,['xIzaZmmMuWEB'],0.0,medium,0,5,1.6041100025177002e-05
llama_3_3_70b_versatile,RANDOM,password_strength,medium,10,True,True,['QSiLykQ'],0.0,medium,0,6,1.6208039596676826e-05
llama_3_3_70b_versatile,RANDOM,password_strength,medium,11,True,True,['MOSHl48'],0.0,medium,0,1,3.2499665394425392e-06
llama_3_3_70b_versatile,RANDOM,password_strength,medium,12,True,True,['mYFmUSrh'],0.0,medium,0,1,3.834022209048271e-06
llama_3_3_70b_versatile,RANDOM,password_strength,medium,13,True,True,['iUfXpYcWpW'],0.0,medium,0,6,2.1832995116710663e-05
llama_3_3_70b_versatile,RANDOM,password_strength,medium,14,True,True,['zee5dIi'],0.0,medium,0,7,2.2833002731204033e-05
llama_3_3_70b_versatile,RANDOM,password_strength,medium,15,True,True,['cd3DUPyFG'],0.0,medium,0,1,3.2919924706220627e-06
llama_3_3_70b_versatile,RANDOM,password_strength,medium,16,True,True,['3cAf8pMz8'],0.0,medium,0,1,3.959052264690399e-06
llama_3_3_70b_versatile,RANDOM,password_strength,medium,17,True,True,['IlNqC57q'],0.0,medium,0,4,1.325004268437624e-05
llama_3_3_70b_versatile,RANDOM,password_strength,medium,18,True,True,['byuReUQLhiP'],0.0,medium,0,2,8.124974556267262e-06
llama_3_3_70b_versatile,RANDOM,password_strength,medium,19,True,True,['JaPpX0Ho'],0.0,medium,0,3,9.00006853044033e-06
llama_3_3_70b_versatile,RANDOM,password_strength,medium,20,True,True,['gMjHkn'],0.0,medium,0,3,9.167008101940157e-06
llama_3_3_70b_versatile,RANDOM,password_strength,medium,21,True,True,['Pqbr1xFP'],0.0,medium,0,2,5.875015631318092e-06
llama_3_3_70b_versatile,RANDOM,password_strength,medium,22,True,True,['AbOatoGIPn'],0.0,medium,0,2,8.083065040409565e-06
llama_3_3_70b_versatile,RANDOM,password_strength,medium,23,True,True,['TbuQTsEnwZi'],0.0,medium,0,5,1.3875076547265053e-05
llama_3_3_70b_versatile,RANDOM,password_strength,medium,24,True,True,['HEOEpd'],0.0,medium,0,2,5.791080184280872e-06
llama_3_3_70b_versatile,RANDOM,password_strength,medium,25,True,True,['XWmIEUyYV'],0.0,medium,0,2,5.125068128108978e-06
llama_3_3_70b_versatile,RANDOM,password_strength,medium,26,True,True,['5Yuflc'],0.0,medium,0,2,6.041023880243301e-06
llama_3_3_70b_versatile,RANDOM,password_strength,medium,27,True,True,['UWR4Wi'],0.0,medium,0,5,1.337495632469654e-05
llama_3_3_70b_versatile,RANDOM,password_strength,medium,28,True,True,['mzy0vK'],0.0,medium,0,1,3.6670826375484462e-06
llama_3_3_70b_versatile,RANDOM,password_strength,medium,29,True,True,['To0MnV'],0.0,medium,0,9,2.14169267565012e-05
llama_3_3_70b_versatile,RANDOM,password_strength,strong,0,True,True,['l6seaDfaPVI'],0.0,strong,0,2,1.2292061001062391e-05
llama_3_3_70b_versatile,RANDOM,password_strength,strong,1,True,True,['tYpXnOYuT1Gd8ce'],0.0,strong,0,3,1.029099803417921e-05
llama_3_3_70b_versatile,RANDOM,password_strength,strong,2,True,True,['HjsIxVjf1T7kR'],0.0,strong,0,5,1.391698606312275e-05
llama_3_3_70b_versatile,RANDOM,password_strength,strong,3,True,True,['VausqVAtMz0'],0.0,strong,0,2,6.084097549319267e-06
llama_3_3_70b_versatile,RANDOM,password_strength,strong,4,True,True,['sftMKuFLW9q'],0.0,strong,0,1,4.625064320862293e-06
llama_3_3_70b_versatile,RANDOM,password_strength,strong,5,True,True,['1AiEIqPV7Jm'],0.0,strong,0,2,6.832997314631939e-06
llama_3_3_70b_versatile,RANDOM,password_strength,strong,6,True,True,['CS4Amsa2hwSQdMI'],0.0,strong,0,3,1.037493348121643e-05
llama_3_3_70b_versatile,RANDOM,password_strength,strong,7,True,True,['j6ug7i1Ophe4FK'],0.0,strong,0,2,7.707974873483181e-06
llama_3_3_70b_versatile,RANDOM,password_strength,strong,8,True,True,['3xcI3aBlkdxB'],0.0,strong,0,1,4.417030140757561e-06
llama_3_3_70b_versatile,RANDOM,password_strength,strong,9,True,True,['9BMovdimnJpWwcg'],0.0,strong,0,2,6.958027370274067e-06
llama_3_3_70b_versatile,RANDOM,password_strength,strong,10,True,True,['GlOGkF2LXYrhI'],0.0,strong,0,5,1.379195600748062e-05
llama_3_3_70b_versatile,RANDOM,password_strength,strong,11,True,True,['R7A4qe42793XeEN'],0.0,strong,0,1,4.999921657145023e-06
llama_3_3_70b_versatile,RANDOM,password_strength,strong,12,True,True,['r6I46WNZbWEI'],0.0,strong,0,2,6.124959327280521e-06
llama_3_3_70b_versatile,RANDOM,password_strength,strong,13,True,True,['xViPA2tVid6uc'],0.0,strong,0,3,1.0457937605679035e-05
llama_3_3_70b_versatile,RANDOM,password_strength,strong,14,True,True,['4zD5cxMSYXrEk'],0.0,strong,0,2,6.375019438564777e-06
llama_3_3_70b_versatile,RANDOM,password_strength,strong,15,True,True,['zfJBZ53x5I92'],0.0,strong,0,1,4.541012458503246e-06
llama_3_3_70b_versatile,RANDOM,password_strength,strong,16,True,True,['og9mNBbm9sdRQhk'],0.0,strong,0,1,4.875008016824722e-06
llama_3_3_70b_versatile,RANDOM,password_strength,strong,17,True,True,['Vdoj9UrnhdN'],0.0,strong,0,3,7.750000804662704e-06
llama_3_3_70b_versatile,RANDOM,password_strength,strong,18,True,True,['x258nkjFdNo'],0.0,strong,0,9,2.2499938495457172e-05
llama_3_3_70b_versatile,RANDOM,password_strength,strong,19,True,True,['mFWhfZ3i4s'],0.0,strong,0,3,8.333008736371994e-06
llama_3_3_70b_versatile,RANDOM,password_strength,strong,20,True,True,['8bunBnYvz49Apb'],0.0,strong,0,1,4.917033948004246e-06
llama_3_3_70b_versatile,RANDOM,password_strength,strong,21,True,True,['8b4hVHq3cuAZj'],0.0,strong,0,3,7.209018804132938e-06
llama_3_3_70b_versatile,RANDOM,password_strength,strong,22,True,True,['HXAil2jJR9M'],0.0,strong,0,3,7.750000804662704e-06
llama_3_3_70b_versatile,RANDOM,password_strength,strong,23,True,True,['OtMM1T7ag9uG'],0.0,strong,0,2,6.00004568696022e-06
llama_3_3_70b_versatile,RANDOM,password_strength,strong,24,True,True,['N5Z4AckwvFBn'],0.0,strong,0,1,4.291068762540817e-06
llama_3_3_70b_versatile,RANDOM,password_strength,strong,25,True,True,['hSLI5epWa6cv7'],0.0,strong,0,3,9.208102710545065e-06
llama_3_3_70b_versatile,RANDOM,password_strength,strong,26,True,True,['8NPqcsE3NE4z4'],0.0,strong,0,1,4.500034265220165e-06
llama_3_3_70b_versatile,RANDOM,password_strength,strong,27,True,True,['IrBg0cBPhTxWV'],0.0,strong,0,6,1.53339933604002e-05
llama_3_3_70b_versatile,RANDOM,password_strength,strong,28,True,True,['KNjHcsUcwt3'],0.0,strong,0,1,4.415982402861118e-06
llama_3_3_70b_versatile,RANDOM,password_strength,strong,29,True,True,['DKHdjFNlY6Ajw'],0.0,strong,0,6,1.4458084478974342e-05
llama_3_3_70b_versatile,RANDOM,password_strength,weak_no_digit_upper,0,False,False,['R0pkWFV6jOKtNc1'],1.0,,0,1000,0.0021657079923897
llama_3_3_70b_versatile,RANDOM,password_strength,weak_no_digit_upper,1,True,True,['nrrinl'],0.0,weak_no_digit_upper,0,344,0.0007942919619381
llama_3_3_70b_versatile,RANDOM,password_strength,weak_no_digit_upper,2,False,False,['9KulaY6VgTxU5c'],1.0,,0,1000,0.0022128330310806
llama_3_3_70b_versatile,RANDOM,password_strength,weak_no_digit_upper,3,False,False,['xdIZewNT7EFWS'],1.0,,0,1000,0.0022105829557403
llama_3_3_70b_versatile,RANDOM,password_strength,weak_no_digit_upper,4,False,False,['ygZs5NPRSIU'],1.0,,0,1000,0.0022623339900746
llama_3_3_70b_versatile,RANDOM,password_strength,weak_no_digit_upper,5,False,False,['tkC2Nd89fQV80oV'],1.0,,0,1000,0.0022828329820185
llama_3_3_70b_versatile,RANDOM,password_strength,weak_no_digit_upper,6,False,False,['XhmHc3njfvvv'],1.0,,0,1000,0.0022339170100167
llama_3_3_70b_versatile,RANDOM,password_strength,weak_no_digit_upper,7,False,False,['kCjqER'],1.0,,0,1000,0.002258124994114
llama_3_3_70b_versatile,RANDOM,password_strength,weak_no_digit_upper,8,True,True,['ssdakwo'],0.0,weak_no_digit_upper,0,750,0.0016791250091046
llama_3_3_70b_versatile,RANDOM,password_strength,weak_no_digit_upper,9,True,True,['yljyyn'],0.0,weak_no_digit_upper,0,75,0.0001740839798003
llama_3_3_70b_versatile,RANDOM,password_strength,weak_no_digit_upper,10,False,False,['fEnUqnEP0MV9jDj'],1.0,,0,1000,0.0022194589255377
llama_3_3_70b_versatile,RANDOM,password_strength,weak_no_digit_upper,11,False,False,['bBdw8gSzPKFQ'],1.0,,0,1000,0.002242416027002
llama_3_3_70b_versatile,RANDOM,password_strength,weak_no_digit_upper,12,False,False,['CAE3HFMoa0JZwa'],1.0,,0,1000,0.0022755420068278
llama_3_3_70b_versatile,RANDOM,password_strength,weak_no_digit_upper,13,True,True,['jrtxgj'],0.0,weak_no_digit_upper,0,749,0.001732665929012
llama_3_3_70b_versatile,RANDOM,password_strength,weak_no_digit_upper,14,True,True,['okcmdoi'],0.0,weak_no_digit_upper,0,908,0.0020391249563544
llama_3_3_70b_versatile,RANDOM,password_strength,weak_no_digit_upper,15,False,False,['fEK9f5Ef9BSnA'],1.0,,0,1000,0.002233458100818
llama_3_3_70b_versatile,RANDOM,password_strength,weak_no_digit_upper,16,True,True,['yjiebusdqo'],0.0,weak_no_digit_upper,0,936,0.0021089579677209
llama_3_3_70b_versatile,RANDOM,password_strength,weak_no_digit_upper,17,True,True,['glqwksxfi'],0.0,weak_no_digit_upper,0,427,0.0009709999430924
llama_3_3_70b_versatile,RANDOM,password_strength,weak_no_digit_upper,18,False,False,['RjX3jOq'],1.0,,0,1000,0.0022427500225603
llama_3_3_70b_versatile,RANDOM,password_strength,weak_no_digit_upper,19,True,True,['scqsdps'],0.0,weak_no_digit_upper,0,301,0.0006879169959574
llama_3_3_70b_versatile,RANDOM,password_strength,weak_no_digit_upper,20,True,True,['oewylgl'],0.0,weak_no_digit_upper,0,814,0.0018447920447215
llama_3_3_70b_versatile,RANDOM,password_strength,weak_no_digit_upper,21,False,False,['Ixlz8ZUBzPx'],1.0,,0,1000,0.0022353749955073
llama_3_3_70b_versatile,RANDOM,password_strength,weak_no_digit_upper,22,True,True,['vsgbsbb'],0.0,weak_no_digit_upper,0,802,0.0017930000321939
llama_3_3_70b_versatile,RANDOM,password_strength,weak_no_digit_upper,23,True,True,['tigswx'],0.0,weak_no_digit_upper,0,438,0.0009852499933913
llama_3_3_70b_versatile,RANDOM,password_strength,weak_no_digit_upper,24,True,True,['wceqcg'],0.0,weak_no_digit_upper,0,810,0.0018185829976573
llama_3_3_70b_versatile,RANDOM,password_strength,weak_no_digit_upper,25,False,False,['C9YxIFVCX8'],1.0,,0,1000,0.0022282910067588
llama_3_3_70b_versatile,RANDOM,password_strength,weak_no_digit_upper,26,True,True,['kzwghcmz'],0.0,weak_no_digit_upper,0,412,0.0009343751007691
llama_3_3_70b_versatile,RANDOM,password_strength,weak_no_digit_upper,27,False,False,['xdmkGUlnQ'],1.0,,0,1000,0.002222332987003
llama_3_3_70b_versatile,RANDOM,password_strength,weak_no_digit_upper,28,True,True,['ekfwvh'],0.0,weak_no_digit_upper,0,221,0.0005062919808551
llama_3_3_70b_versatile,RANDOM,password_strength,weak_no_digit_upper,29,False,False,['fuPgSWQ'],1.0,,0,1000,0.0022584169637411
llama_3_3_70b_versatile,RANDOM,password_strength,weak_short,0,True,True,[''],0.0,weak_short,0,5,2.5833025574684143e-05
llama_3_3_70b_versatile,RANDOM,password_strength,weak_short,1,True,True,['DPduW'],0.0,weak_short,0,3,1.179194077849388e-05
llama_3_3_70b_versatile,RANDOM,password_strength,weak_short,2,True,True,['y'],0.0,weak_short,0,3,7.958034984767437e-06
llama_3_3_70b_versatile,RANDOM,password_strength,weak_short,3,True,True,['yh'],0.0,weak_short,0,5,1.241604331880808e-05
llama_3_3_70b_versatile,RANDOM,password_strength,weak_short,4,True,True,[''],0.0,weak_short,0,2,4.749977961182594e-06
llama_3_3_70b_versatile,RANDOM,password_strength,weak_short,5,True,True,['x0Cy'],0.0,weak_short,0,1,2.666027285158634e-06
llama_3_3_70b_versatile,RANDOM,password_strength,weak_short,6,True,True,['b'],0.0,weak_short,0,1,2.459040842950344e-06
llama_3_3_70b_versatile,RANDOM,password_strength,weak_short,7,True,True,[''],0.0,weak_short,0,1,2.125045284628868e-06
llama_3_3_70b_versatile,RANDOM,password_strength,weak_short,8,True,True,['afYR'],0.0,weak_short,0,1,2.6669586077332497e-06
llama_3_3_70b_versatile,RANDOM,password_strength,weak_short,9,True,True,['O8P'],0.0,weak_short,0,1,2.6669586077332497e-06
llama_3_3_70b_versatile,RANDOM,password_strength,weak_short,10,True,True,['rx0'],0.0,weak_short,0,2,5.541020072996616e-06
llama_3_3_70b_versatile,RANDOM,password_strength,weak_short,11,True,True,[''],0.0,weak_short,0,1,1.9579892978072166e-06
llama_3_3_70b_versatile,RANDOM,password_strength,weak_short,12,True,True,['TgB'],0.0,weak_short,0,1,2.499902620911598e-06
llama_3_3_70b_versatile,RANDOM,password_strength,weak_short,13,True,True,['69'],0.0,weak_short,0,1,2.2919848561286926e-06
llama_3_3_70b_versatile,RANDOM,password_strength,weak_short,14,True,True,['uY6YH'],0.0,weak_short,0,3,9.209034033119678e-06
llama_3_3_70b_versatile,RANDOM,password_strength,weak_short,15,True,True,[''],0.0,weak_short,0,3,7.708091288805008e-06
llama_3_3_70b_versatile,RANDOM,password_strength,weak_short,16,True,True,['qR'],0.0,weak_short,0,11,2.7916976250708103e-05
llama_3_3_70b_versatile,RANDOM,password_strength,weak_short,17,True,True,['Lc'],0.0,weak_short,0,7,1.7583020962774754e-05
llama_3_3_70b_versatile,RANDOM,password_strength,weak_short,18,True,True,['0h'],0.0,weak_short,0,1,2.374988980591297e-06
llama_3_3_70b_versatile,RANDOM,password_strength,weak_short,19,True,True,['S'],0.0,weak_short,0,2,4.416913725435734e-06
llama_3_3_70b_versatile,RANDOM,password_strength,weak_short,20,True,True,['A2amp'],0.0,weak_short,0,1,2.9579969123005867e-06
llama_3_3_70b_versatile,RANDOM,password_strength,weak_short,21,True,True,['Itf'],0.0,weak_short,0,2,6.542075425386429e-06
llama_3_3_70b_versatile,RANDOM,password_strength,weak_short,22,True,True,['mQ6B'],0.0,weak_short,0,5,1.2042000889778136e-05
llama_3_3_70b_versatile,RANDOM,password_strength,weak_short,23,True,True,['xU'],0.0,weak_short,0,4,1.029099803417921e-05
llama_3_3_70b_versatile,RANDOM,password_strength,weak_short,24,True,True,['6EsWy'],0.0,weak_short,0,3,6.459071300923824e-06
llama_3_3_70b_versatile,RANDOM,password_strength,weak_short,25,True,True,['jxqjz'],0.0,weak_short,0,1,2.7919886633753777e-06
llama_3_3_70b_versatile,RANDOM,password_strength,weak_short,26,True,True,['TFBA8'],0.0,weak_short,0,1,2.7079368010163307e-06
llama_3_3_70b_versatile,RANDOM,password_strength,weak_short,27,True,True,['3ZP'],0.0,weak_short,0,1,2.500019036233425e-06
llama_3_3_70b_versatile,RANDOM,password_strength,weak_short,28,True,True,['vEQd'],0.0,weak_short,0,2,5.625071935355663e-06
llama_3_3_70b_versatile,RANDOM,password_strength,weak_short,29,True,True,['6R28'],0.0,weak_short,0,3,7.208087481558323e-06
llama_3_3_70b_versatile,RANDOM,shipping_discount,free_express_shipping,0,True,True,"[449.3927491461723, 16.866002038854134, True]",0.0,free_express_shipping,0,147,0.0001490410650148
llama_3_3_70b_versatile,RANDOM,shipping_discount,free_express_shipping,1,True,True,"[783.4684299903815, 24.419370689209853, True]",0.0,free_express_shipping,0,227,0.0002161670709028
llama_3_3_70b_versatile,RANDOM,shipping_discount,free_express_shipping,2,True,True,"[558.7902371209802, 20.034054397307766, True]",0.0,free_express_shipping,0,73,7.612502668052912e-05
llama_3_3_70b_versatile,RANDOM,shipping_discount,free_express_shipping,3,True,True,"[435.8378695717976, 4.550479598722901, True]",0.0,free_express_shipping,0,16,1.8625054508447647e-05
llama_3_3_70b_versatile,RANDOM,shipping_discount,free_express_shipping,4,True,True,"[867.0491835243133, 8.386198115559406, True]",0.0,free_express_shipping,0,18,1.987500581890345e-05
llama_3_3_70b_versatile,RANDOM,shipping_discount,free_express_shipping,5,True,True,"[724.5548246052724, 15.84775398331617, True]",0.0,free_express_shipping,0,17,1.9959057681262493e-05
llama_3_3_70b_versatile,RANDOM,shipping_discount,free_express_shipping,6,True,True,"[223.30463585734873, 30.836974590706447, True]",0.0,free_express_shipping,0,45,4.9999915063381195e-05
llama_3_3_70b_versatile,RANDOM,shipping_discount,free_express_shipping,7,True,True,"[596.0805121557944, 41.51185702891702, True]",0.0,free_express_shipping,0,20,2.2875028662383556e-05
llama_3_3_70b_versatile,RANDOM,shipping_discount,free_express_shipping,8,True,True,"[591.2867566441953, 7.370153622126341, True]",0.0,free_express_shipping,0,49,5.291705019772053e-05
llama_3_3_70b_versatile,RANDOM,shipping_discount,free_express_shipping,9,True,True,"[815.296975354429, 0.8786872956151326, True]",0.0,free_express_shipping,0,17,1.9417027942836285e-05
llama_3_3_70b_versatile,RANDOM,shipping_discount,free_express_shipping,10,True,True,"[325.63177324442273, 33.58310688904631, True]",0.0,free_express_shipping,0,145,0.0001349999802187
llama_3_3_70b_versatile,RANDOM,shipping_discount,free_express_shipping,11,True,True,"[558.8064880155245, 46.25211654284711, True]",0.0,free_express_shipping,0,52,5.549995694309473e-05
llama_3_3_70b_versatile,RANDOM,shipping_discount,free_express_shipping,12,True,True,"[718.2914838951119, 24.140385099272855, True]",0.0,free_express_shipping,0,70,7.424992509186268e-05
llama_3_3_70b_versatile,RANDOM,shipping_discount,free_express_shipping,13,True,True,"[632.2356391104059, 16.906872855379397, True]",0.0,free_express_shipping,0,44,4.904193338006735e-05
llama_3_3_70b_versatile,RANDOM,shipping_discount,free_express_shipping,14,True,True,"[626.5810109485781, 27.28884039153634, True]",0.0,free_express_shipping,0,75,7.308402564376593e-05
llama_3_3_70b_versatile,RANDOM,shipping_discount,free_express_shipping,15,True,True,"[974.553623161288, 20.354412816046885, True]",0.0,free_express_shipping,0,71,7.545796688646078e-05
llama_3_3_70b_versatile,RANDOM,shipping_discount,free_express_shipping,16,True,True,"[823.8229552059726, 29.237259388088745, True]",0.0,free_express_shipping,0,3,4.625064320862293e-06
llama_3_3_70b_versatile,RANDOM,shipping_discount,free_express_shipping,17,True,True,"[523.9201244335293, 9.049819754859412, True]",0.0,free_express_shipping,0,86,8.962501306086779e-05
llama_3_3_70b_versatile,RANDOM,shipping_discount,free_express_shipping,18,True,True,"[410.1759814818019, 49.84754109637812, True]",0.0,free_express_shipping,0,75,7.770897354930639e-05
llama_3_3_70b_versatile,RANDOM,shipping_discount,free_express_shipping,19,True,True,"[390.7343640547237, 25.234823022472597, True]",0.0,free_express_shipping,0,18,2.050003968179226e-05
llama_3_3_70b_versatile,RANDOM,shipping_discount,free_express_shipping,20,True,True,"[718.1592268236742, 26.21522612273164, True]",0.0,free_express_shipping,0,8,9.95793379843235e-06
llama_3_3_70b_versatile,RANDOM,shipping_discount,free_express_shipping,21,True,True,"[981.1375087500319, 42.65732024794111, True]",0.0,free_express_shipping,0,185,0.0001730840886011
llama_3_3_70b_versatile,RANDOM,shipping_discount,free_express_shipping,22,True,True,"[727.1916032354969, 31.426579681995804, True]",0.0,free_express_shipping,0,9,1.1249911040067673e-05
llama_3_3_70b_versatile,RANDOM,shipping_discount,free_express_shipping,23,True,True,"[779.5574972757486, 46.25118243816373, True]",0.0,free_express_shipping,0,39,3.966700751334429e-05
llama_3_3_70b_versatile,RANDOM,shipping_discount,free_express_shipping,24,True,True,"[563.1572837679677, 9.252849859889722, True]",0.0,free_express_shipping,0,4,5.707959644496441e-06
llama_3_3_70b_versatile,RANDOM,shipping_discount,free_express_shipping,25,True,True,"[882.3843463699178, 42.16084644918227, True]",0.0,free_express_shipping,0,29,3.15419165417552e-05
llama_3_3_70b_versatile,RANDOM,shipping_discount,free_express_shipping,26,True,True,"[702.3961806858377, 10.7665325584414, True]",0.0,free_express_shipping,0,49,5.133391823619604e-05
llama_3_3_70b_versatile,RANDOM,shipping_discount,free_express_shipping,27,True,True,"[767.2110149156324, 48.86272401044089, True]",0.0,free_express_shipping,0,98,9.86660597845912e-05
llama_3_3_70b_versatile,RANDOM,shipping_discount,free_express_shipping,28,True,True,"[833.2796910397435, 30.132140836238275, True]",0.0,free_express_shipping,0,103,0.0001029999693855
llama_3_3_70b_versatile,RANDOM,shipping_discount,free_express_shipping,29,True,True,"[980.7394936471203, 40.28111298672443, True]",0.0,free_express_shipping,0,7,8.958042599260807e-06
llama_3_3_70b_versatile,RANDOM,shipping_discount,invalid,0,False,False,"[10.518576217824371, 13.698760062201831, False]",24.217336280026203,,0,1000,0.0008705829968675
llama_3_3_70b_versatile,RANDOM,shipping_discount,invalid,1,False,False,"[18.062882550917593, 25.104148884345978, False]",43.16703143526357,,0,1000,0.0008694579591974
llama_3_3_70b_versatile,RANDOM,shipping_discount,invalid,2,False,False,"[19.558705523384788, 7.289569115287997, True]",26.848274638672784,,0,1000,0.000866665970534
llama_3_3_70b_versatile,RANDOM,shipping_discount,invalid,3,False,False,"[5.8622909902333875, 24.177910976959318, False]",30.040201967192704,,0,1000,0.0008556250249966
llama_3_3_70b_versatile,RANDOM,shipping_discount,invalid,4,False,False,"[17.963629851707186, 7.884169628517679, True]",25.847799480224865,,0,1000,0.0008552919607609
llama_3_3_70b_versatile,RANDOM,shipping_discount,invalid,5,False,False,"[5.007797961573357, 26.381297078187927, True]",31.389095039761283,,0,1000,0.000849499949254
llama_3_3_70b_versatile,RANDOM,shipping_discount,invalid,6,False,False,"[14.997747279969165, 33.80890899993749, False]",48.80665627990666,,0,1000,0.0008935830555856
llama_3_3_70b_versatile,RANDOM,shipping_discount,invalid,7,False,False,"[11.84502291432732, 0.508011983753831, False]",12.353034898081152,,0,1000,0.000859958003275
llama_3_3_70b_versatile,RANDOM,shipping_discount,invalid,8,False,False,"[6.699108604565129, 23.601755836040404, True]",30.300864440605533,,0,1000,0.0008535420056432
llama_3_3_70b_versatile,RANDOM,shipping_discount,invalid,9,False,False,"[0.10035532748120524, 42.153751317074665, True]",42.25410664455587,,0,1000,0.0008512500207871
llama_3_3_70b_versatile,RANDOM,shipping_discount,invalid,10,False,False,"[3.279589947881134, 8.201028719276637, False]",11.48061866715777,,0,1000,0.0008537080138921
llama_3_3_70b_versatile,RANDOM,shipping_discount,invalid,11,False,False,"[20.039880026191614, 17.21860285194232, True]",37.25848287813393,,0,1000,0.0008465420687571
llama_3_3_70b_versatile,RANDOM,shipping_discount,invalid,12,False,False,"[6.14325075858424, 12.527674006274193, False]",18.670924764858434,,0,1000,0.0008474169299006
llama_3_3_70b_versatile,RANDOM,shipping_discount,invalid,13,False,False,"[54.63337918199962, 2.2848160070987333, True]",56.918195189098356,,0,1000,0.0008504580473527
llama_3_3_70b_versatile,RANDOM,shipping_discount,invalid,14,False,False,"[27.30081570916476, 13.828803071389672, True]",41.12961878055443,,0,1000,0.0008539999835193
llama_3_3_70b_versatile,RANDOM,shipping_discount,invalid,15,False,False,"[7.415903842771576, 4.777527375877444, True]",12.19343121864902,,0,1000,0.0008540420094504
llama_3_3_70b_versatile,RANDOM,shipping_discount,invalid,16,False,False,"[4.872546124829125, 13.205029553957303, True]",18.077575678786427,,0,1000,0.0008472920162603
llama_3_3_70b_versatile,RANDOM,shipping_discount,invalid,17,False,False,"[44.74946762327225, 0.5945373767274331, True]",45.34400499999968,,0,1000,0.0008477909723296
llama_3_3_70b_versatile,RANDOM,shipping_discount,invalid,18,False,False,"[22.77704876884701, 8.930238723986573, False]",31.707287492833583,,0,1000,0.0008500410476699
llama_3_3_70b_versatile,RANDOM,shipping_discount,invalid,19,False,False,"[16.48821630915642, 3.794406248398441, False]",20.282622557554863,,0,1000,0.0008457920048385
llama_3_3_70b_versatile,RANDOM,shipping_discount,invalid,20,False,False,"[5.539877650831748, 7.904740795111498, False]",13.444618445943243,,0,1000,0.0008504160214215
llama_3_3_70b_versatile,RANDOM,shipping_discount,invalid,21,False,False,"[0.672957709799582, 10.204541401779954, True]",10.877499111579535,,0,1000,0.0008517919341102
llama_3_3_70b_versatile,RANDOM,shipping_discount,invalid,22,False,False,"[34.113259230266756, 10.743618766723916, False]",44.85687799699067,,0,1000,0.0008468750165775
llama_3_3_70b_versatile,RANDOM,shipping_discount,invalid,23,False,False,"[1.5383149493386483, 27.166967905259078, False]",28.705282854597726,,0,1000,0.000849625095725
llama_3_3_70b_versatile,RANDOM,shipping_discount,invalid,24,False,False,"[34.84508328200175, 0.7994079591361336, False]",35.644491241137885,,0,1000,0.0008537910180166
llama_3_3_70b_versatile,RANDOM,shipping_discount,invalid,25,False,False,"[39.81778219173249, 16.623465715555064, False]",56.441247907287554,,0,1000,0.0008555420208722
llama_3_3_70b_versatile,RANDOM,shipping_discount,invalid,26,False,False,"[34.226150433913524, 7.35260726717224, False]",41.57875770108576,,0,1000,0.0008587921038269
llama_3_3_70b_versatile,RANDOM,shipping_discount,invalid,27,False,False,"[15.641872637234378, 13.133429454621147, False]",28.77530209185553,,0,1000,0.0008511249907314
llama_3_3_70b_versatile,RANDOM,shipping_discount,invalid,28,False,False,"[21.11295854980011, 4.839822278661088, True]",25.952780828461197,,0,1000,0.0008529589977115
llama_3_3_70b_versatile,RANDOM,shipping_discount,invalid,29,False,False,"[2.582350072886208, 4.4623175787957825, True]",7.044667651681991,,0,1000,0.0008576670661568
llama_3_3_70b_versatile,RANDOM,shipping_discount,no_discount,0,True,True,"[26.765601735824763, 723.7974210819679, False]",0.0,no_discount,0,29,3.179104533046484e-05
llama_3_3_70b_versatile,RANDOM,shipping_discount,no_discount,1,True,True,"[24.048306069074933, 867.9103820508127, False]",0.0,no_discount,0,55,5.104194860905409e-05
llama_3_3_70b_versatile,RANDOM,shipping_discount,no_discount,2,True,True,"[19.969886042040528, 458.4038315834813, False]",0.0,no_discount,0,29,3.0667055398225784e-05
llama_3_3_70b_versatile,RANDOM,shipping_discount,no_discount,3,True,True,"[23.8874596723746, 209.73614404853114, False]",0.0,no_discount,0,5,5.959067493677139e-06
llama_3_3_70b_versatile,RANDOM,shipping_discount,no_discount,4,True,True,"[35.00985867877904, 156.34179110618572, False]",0.0,no_discount,0,84,8.350005373358727e-05
llama_3_3_70b_versatile,RANDOM,shipping_discount,no_discount,5,True,True,"[30.385519206031496, 131.36587566841163, False]",0.0,no_discount,0,26,2.7082976885139946e-05
llama_3_3_70b_versatile,RANDOM,shipping_discount,no_discount,6,True,True,"[0.07423061573696987, 363.1387317303798, False]",0.0,no_discount,0,8,8.834060281515121e-06
llama_3_3_70b_versatile,RANDOM,shipping_discount,no_discount,7,True,True,"[39.00677078162229, 86.65272534214719, False]",0.0,no_discount,0,24,2.537504769861698e-05
llama_3_3_70b_versatile,RANDOM,shipping_discount,no_discount,8,True,True,"[0.7737522790135509, 538.7261016923001, False]",0.0,no_discount,0,21,2.1958956494927406e-05
llama_3_3_70b_versatile,RANDOM,shipping_discount,no_discount,9,True,True,"[0.6520679293082754, 808.4218233199533, False]",0.0,no_discount,0,4,5.458947271108627e-06
llama_3_3_70b_versatile,RANDOM,shipping_discount,no_discount,10,True,True,"[31.886468254570755, 563.6659634092518, False]",0.0,no_discount,0,5,6.332993507385254e-06
llama_3_3_70b_versatile,RANDOM,shipping_discount,no_discount,11,True,True,"[18.61370744733226, 338.41093979093205, False]",0.0,no_discount,0,14,1.570803578943014e-05
llama_3_3_70b_versatile,RANDOM,shipping_discount,no_discount,12,True,True,"[14.267164299737622, 240.014815406687, False]",0.0,no_discount,0,3,4.375004209578037e-06
llama_3_3_70b_versatile,RANDOM,shipping_discount,no_discount,13,True,True,"[24.273373994369795, 649.7214024010991, False]",0.0,no_discount,0,53,4.950002767145634e-05
llama_3_3_70b_versatile,RANDOM,shipping_discount,no_discount,14,True,True,"[47.58974665032633, 362.0167094645432, False]",0.0,no_discount,0,36,3.733299672603607e-05
llama_3_3_70b_versatile,RANDOM,shipping_discount,no_discount,15,True,True,"[29.69689374944229, 240.55774565632814, False]",0.0,no_discount,0,8,8.124974556267262e-06
llama_3_3_70b_versatile,RANDOM,shipping_discount,no_discount,16,True,True,"[22.73877958876669, 918.3114085373473, False]",0.0,no_discount,0,3,4.541943781077862e-06
llama_3_3_70b_versatile,RANDOM,shipping_discount,no_discount,17,True,True,"[42.90903569867521, 409.50846090484947, False]",0.0,no_discount,0,33,3.3499905839562416e-05
llama_3_3_70b_versatile,RANDOM,shipping_discount,no_discount,18,True,True,"[37.313481874051476, 223.93034522911782, False]",0.0,no_discount,0,1,2.249958924949169e-06
llama_3_3_70b_versatile,RANDOM,shipping_discount,no_discount,19,True,True,"[46.772331518247334, 467.1858839822091, False]",0.0,no_discount,0,2,3.2919924706220627e-06
llama_3_3_70b_versatile,RANDOM,shipping_discount,no_discount,20,True,True,"[36.35310023012872, 854.4376836844752, False]",0.0,no_discount,0,37,3.787502646446228e-05
llama_3_3_70b_versatile,RANDOM,shipping_discount,no_discount,21,True,True,"[44.36955352731464, 764.9473539138303, False]",0.0,no_discount,0,16,1.7124926671385765e-05
llama_3_3_70b_versatile,RANDOM,shipping_discount,no_discount,22,True,True,"[31.570844597163084, 746.6541509374297, False]",0.0,no_discount,0,38,3.67090106010437e-05
llama_3_3_70b_versatile,RANDOM,shipping_discount,no_discount,23,True,True,"[5.596395790185449, 80.59543795511159, False]",0.0,no_discount,0,8,9.416951797902584e-06
llama_3_3_70b_versatile,RANDOM,shipping_discount,no_discount,24,True,True,"[36.51537814500927, 396.4331815011878, False]",0.0,no_discount,0,77,7.075001485645771e-05
llama_3_3_70b_versatile,RANDOM,shipping_discount,no_discount,25,True,True,"[24.42571548115813, 506.5902958784816, False]",0.0,no_discount,0,45,4.620791878551245e-05
llama_3_3_70b_versatile,RANDOM,shipping_discount,no_discount,26,True,True,"[29.819645411303107, 368.02552484597084, False]",0.0,no_discount,0,65,5.933293141424656e-05
llama_3_3_70b_versatile,RANDOM,shipping_discount,no_discount,27,True,True,"[3.1496022874780705, 395.4693886031981, False]",0.0,no_discount,0,135,0.0001230000052601
llama_3_3_70b_versatile,RANDOM,shipping_discount,no_discount,28,True,True,"[35.92952754928247, 742.7249691608562, False]",0.0,no_discount,0,75,7.23750563338399e-05
llama_3_3_70b_versatile,RANDOM,shipping_discount,no_discount,29,True,True,"[6.505471737444979, 680.4805174313842, False]",0.0,no_discount,0,38,3.8375030271708965e-05
llama_3_3_70b_versatile,RANDOM,shipping_discount,small_discount,0,True,True,"[402.88772838297103, 506.82288540893074, False]",0.0,small_discount,0,1,2.125045284628868e-06
llama_3_3_70b_versatile,RANDOM,shipping_discount,small_discount,1,True,True,"[197.8625802029673, 188.22975344818138, False]",0.0,small_discount,0,1,2.0420411601662636e-06
llama_3_3_70b_versatile,RANDOM,shipping_discount,small_discount,2,True,True,"[285.00589991030034, 305.78586495837226, False]",0.0,small_discount,0,1,2.2919848561286926e-06
llama_3_3_70b_versatile,RANDOM,shipping_discount,small_discount,3,True,True,"[976.1386843710317, 479.69878469708107, True]",0.0,small_discount,0,1,2.4168984964489937e-06
llama_3_3_70b_versatile,RANDOM,shipping_discount,small_discount,4,True,True,"[990.9593277836217, 100.31865636679372, True]",0.0,small_discount,0,1,2.250075340270996e-06
llama_3_3_70b_versatile,RANDOM,shipping_discount,small_discount,5,True,True,"[570.3495101279011, 963.5795863214086, False]",0.0,small_discount,0,1,2.2079329937696457e-06
llama_3_3_70b_versatile,RANDOM,shipping_discount,small_discount,6,True,True,"[495.7476715595466, 83.43691954346477, False]",0.0,small_discount,0,1,2.4170149117708206e-06
llama_3_3_70b_versatile,RANDOM,shipping_discount,small_discount,7,True,True,"[157.30712683805947, 819.4875631445959, True]",0.0,small_discount,0,1,2.250075340270996e-06
llama_3_3_70b_versatile,RANDOM,shipping_discount,small_discount,8,True,True,"[921.136664615347, 937.6521238643844, False]",0.0,small_discount,0,1,1.874985173344612e-06
llama_3_3_70b_versatile,RANDOM,shipping_discount,small_discount,9,True,True,"[637.7886846370885, 767.9518848384188, False]",0.0,small_discount,0,1,2.2080494090914726e-06
llama_3_3_70b_versatile,RANDOM,shipping_discount,small_discount,10,True,True,"[678.1959448641556, 469.9498734898191, True]",0.0,small_discount,0,1,2.374988980591297e-06
llama_3_3_70b_versatile,RANDOM,shipping_discount,small_discount,11,True,True,"[987.5064648359923, 762.7744673289046, True]",0.0,small_discount,0,2,3.624940291047096e-06
llama_3_3_70b_versatile,RANDOM,shipping_discount,small_discount,12,True,True,"[415.5997597337061, 805.4803365992659, True]",0.0,small_discount,0,1,2.2080494090914726e-06
llama_3_3_70b_versatile,RANDOM,shipping_discount,small_discount,13,True,True,"[577.9356504816392, 741.3243115464695, True]",0.0,small_discount,0,1,2.3329630494117737e-06
llama_3_3_70b_versatile,RANDOM,shipping_discount,small_discount,14,True,True,"[69.94764683943644, 158.5791985719547, True]",0.0,small_discount,0,1,2.3329630494117737e-06
llama_3_3_70b_versatile,RANDOM,shipping_discount,small_discount,15,True,True,"[489.63684944467, 678.9951153632044, False]",0.0,small_discount,0,1,1.9170111045241356e-06
llama_3_3_70b_versatile,RANDOM,shipping_discount,small_discount,16,True,True,"[439.5870919242566, 254.2202825424521, False]",0.0,small_discount,0,1,2.125045284628868e-06
llama_3_3_70b_versatile,RANDOM,shipping_discount,small_discount,17,True,True,"[464.15129779839583, 378.41540536275534, False]",0.0,small_discount,0,1,2.249958924949169e-06
llama_3_3_70b_versatile,RANDOM,shipping_discount,small_discount,18,True,True,"[113.1540968081839, 303.71625210403676, True]",0.0,small_discount,0,1,2.166023477911949e-06
llama_3_3_70b_versatile,RANDOM,shipping_discount,small_discount,19,True,True,"[860.097242871813, 272.1287937805038, False]",0.0,small_discount,0,1,1.874985173344612e-06
llama_3_3_70b_versatile,RANDOM,shipping_discount,small_discount,20,True,True,"[148.72178932545964, 609.7559075697478, True]",0.0,small_discount,0,1,2.249958924949169e-06
llama_3_3_70b_versatile,RANDOM,shipping_discount,small_discount,21,True,True,"[466.4485003168912, 996.7810115098449, True]",0.0,small_discount,0,1,2.416083589196205e-06
llama_3_3_70b_versatile,RANDOM,shipping_discount,small_discount,22,True,True,"[477.7892626573899, 85.6766941622492, True]",0.0,small_discount,0,1,2.1659070625901222e-06
llama_3_3_70b_versatile,RANDOM,shipping_discount,small_discount,23,True,True,"[570.8797388413955, 696.7649304801064, True]",0.0,small_discount,0,1,2.2079329937696457e-06
llama_3_3_70b_versatile,RANDOM,shipping_discount,small_discount,24,True,True,"[640.6520528642058, 671.5104821532555, True]",0.0,small_discount,0,1,2.334010787308216e-06
llama_3_3_70b_versatile,RANDOM,shipping_discount,small_discount,25,True,True,"[880.2241677279081, 325.445382567581, False]",0.0,small_discount,0,1,2.1670712158083916e-06
llama_3_3_70b_versatile,RANDOM,shipping_discount,small_discount,26,True,True,"[256.40803491708317, 990.2602178550654, True]",0.0,small_discount,0,1,1.874985173344612e-06
llama_3_3_70b_versatile,RANDOM,shipping_discount,small_discount,27,True,True,"[465.1523824685566, 285.71197019013863, False]",0.0,small_discount,0,2,3.500026650726795e-06
llama_3_3_70b_versatile,RANDOM,shipping_discount,small_discount,28,True,True,"[529.5355409409232, 293.1566773954338, True]",0.0,small_discount,0,1,2.1669548004865646e-06
llama_3_3_70b_versatile,RANDOM,shipping_discount,small_discount,29,True,True,"[844.2601631362411, 277.1575219294403, False]",0.0,small_discount,0,1,2.291053533554077e-06
llama_3_3_70b_versatile,RANDOM,shipping_discount,standard_discount,0,True,True,"[126.87157027553286, 87.5186627148008, False]",0.0,standard_discount,0,4,5.958019755780697e-06
llama_3_3_70b_versatile,RANDOM,shipping_discount,standard_discount,1,True,True,"[656.823401178792, 94.38385150686001, False]",0.0,standard_discount,0,13,1.48330582305789e-05
llama_3_3_70b_versatile,RANDOM,shipping_discount,standard_discount,2,True,True,"[884.902387884299, 41.0096217316438, False]",0.0,standard_discount,0,58,5.862500984221697e-05
llama_3_3_70b_versatile,RANDOM,shipping_discount,standard_discount,3,True,True,"[334.921738978061, 94.42514650124079, False]",0.0,standard_discount,0,4,5.875015631318092e-06
llama_3_3_70b_versatile,RANDOM,shipping_discount,standard_discount,4,True,True,"[983.060578978604, 92.78537705510016, False]",0.0,standard_discount,0,1,2.3329630494117737e-06
llama_3_3_70b_versatile,RANDOM,shipping_discount,standard_discount,5,True,True,"[885.1151763446335, 60.801313116587316, True]",0.0,standard_discount,0,41,4.508392885327339e-05
llama_3_3_70b_versatile,RANDOM,shipping_discount,standard_discount,6,True,True,"[112.48302394289334, 2.771698171896264, False]",0.0,standard_discount,0,8,8.416944183409214e-06
llama_3_3_70b_versatile,RANDOM,shipping_discount,standard_discount,7,True,True,"[749.9271061759009, 77.17148014625896, True]",0.0,standard_discount,0,20,2.1582935005426407e-05
llama_3_3_70b_versatile,RANDOM,shipping_discount,standard_discount,8,True,True,"[251.3685139179327, 54.55461314906429, True]",0.0,standard_discount,0,29,3.133295103907585e-05
llama_3_3_70b_versatile,RANDOM,shipping_discount,standard_discount,9,True,True,"[398.4041684055929, 13.70981292314899, False]",0.0,standard_discount,0,9,1.0958989150822164e-05
llama_3_3_70b_versatile,RANDOM,shipping_discount,standard_discount,10,True,True,"[143.61124937170987, 98.28183216180908, False]",0.0,standard_discount,0,3,4.375004209578037e-06
llama_3_3_70b_versatile,RANDOM,shipping_discount,standard_discount,11,True,True,"[947.2125671106595, 16.64741341140541, True]",0.0,standard_discount,0,12,1.4875084161758425e-05
llama_3_3_70b_versatile,RANDOM,shipping_discount,standard_discount,12,True,True,"[452.9932009236895, 34.12795296002902, False]",0.0,standard_discount,0,1,2.4170149117708206e-06
llama_3_3_70b_versatile,RANDOM,shipping_discount,standard_discount,13,True,True,"[220.1244970387961, 38.92883010227355, True]",0.0,standard_discount,0,22,2.3833010345697403e-05
llama_3_3_70b_versatile,RANDOM,shipping_discount,standard_discount,14,True,True,"[498.25827386527146, 61.44295901188646, False]",0.0,standard_discount,0,1,2.2919848561286926e-06
llama_3_3_70b_versatile,RANDOM,shipping_discount,standard_discount,15,True,True,"[851.9550909428713, 14.910879954586287, False]",0.0,standard_discount,0,25,2.554198727011681e-05
llama_3_3_70b_versatile,RANDOM,shipping_discount,standard_discount,16,True,True,"[117.69198294968287, 97.72884149701832, True]",0.0,standard_discount,0,25,2.7333968318998817e-05
llama_3_3_70b_versatile,RANDOM,shipping_discount,standard_discount,17,True,True,"[183.2869748431357, 60.067991934069084, False]",0.0,standard_discount,0,14,1.60830095410347e-05
llama_3_3_70b_versatile,RANDOM,shipping_discount,standard_discount,18,True,True,"[124.01750794354938, 63.83573485092165, False]",0.0,standard_discount,0,15,1.6834004782140255e-05
llama_3_3_70b_versatile,RANDOM,shipping_discount,standard_discount,19,True,True,"[829.9268936029897, 6.621086686804278, True]",0.0,standard_discount,0,2,3.2909447327256203e-06
llama_3_3_70b_versatile,RANDOM,shipping_discount,standard_discount,20,True,True,"[708.8650098978723, 74.38752578138764, True]",0.0,standard_discount,0,13,1.4416989870369434e-05
llama_3_3_70b_versatile,RANDOM,shipping_discount,standard_discount,21,True,True,"[530.4691233608191, 84.61324819049965, False]",0.0,standard_discount,0,9,1.100008375942707e-05
llama_3_3_70b_versatile,RANDOM,shipping_discount,standard_discount,22,True,True,"[621.1926218126383, 55.53886056850954, True]",0.0,standard_discount,0,11,1.3415934517979622e-05
llama_3_3_70b_versatile,RANDOM,shipping_discount,standard_discount,23,True,True,"[670.0017543521544, 28.49515309561468, True]",0.0,standard_discount,0,4,5.666050128638744e-06
llama_3_3_70b_versatile,RANDOM,shipping_discount,standard_discount,24,True,True,"[738.5142132544369, 90.56568131401899, False]",0.0,standard_discount,0,11,1.258309930562973e-05
llama_3_3_70b_versatile,RANDOM,shipping_discount,standard_discount,25,True,True,"[873.6358806243488, 21.230213988265966, False]",0.0,standard_discount,0,5,6.124959327280521e-06
llama_3_3_70b_versatile,RANDOM,shipping_discount,standard_discount,26,True,True,"[337.8603921377978, 63.7996950011378, True]",0.0,standard_discount,0,17,1.9291997887194157e-05
llama_3_3_70b_versatile,RANDOM,shipping_discount,standard_discount,27,True,True,"[163.2758076454641, 95.5776573173437, False]",0.0,standard_discount,0,3,4.458939656615257e-06
llama_3_3_70b_versatile,RANDOM,shipping_discount,standard_discount,28,True,True,"[706.8900153146953, 45.95390113219533, True]",0.0,standard_discount,0,10,1.0916031897068024e-05
llama_3_3_70b_versatile,RANDOM,shipping_discount,standard_discount,29,True,True,"[955.0950077621713, 84.44997849006874, False]",0.0,standard_discount,0,3,4.375004209578037e-06
llama_3_3_70b_versatile,RANDOM,sign_type,negative,0,True,True,[-255],0.0,negative,0,8,6.4159976318478584e-06
llama_3_3_70b_versatile,RANDOM,sign_type,negative,1,True,True,[-379],0.0,negative,0,11,8.541974239051342e-06
llama_3_3_70b_versatile,RANDOM,sign_type,negative,2,True,True,[-63],0.0,negative,0,5,4.083034582436085e-06
llama_3_3_70b_versatile,RANDOM,sign_type,negative,3,True,True,[-202],0.0,negative,0,7,6.041955202817917e-06
llama_3_3_70b_versatile,RANDOM,sign_type,negative,4,True,True,[-150],0.0,negative,0,10,8.167000487446785e-06
llama_3_3_70b_versatile,RANDOM,sign_type,negative,5,True,True,[-168],0.0,negative,0,4,3.875000402331352e-06
llama_3_3_70b_versatile,RANDOM,sign_type,negative,6,True,True,[-304],0.0,negative,0,6,4.749977961182594e-06
llama_3_3_70b_versatile,RANDOM,sign_type,negative,7,True,True,[-472],0.0,negative,0,5,4.541943781077862e-06
llama_3_3_70b_versatile,RANDOM,sign_type,negative,8,True,True,[-455],0.0,negative,0,2,2.5420449674129486e-06
llama_3_3_70b_versatile,RANDOM,sign_type,negative,9,True,True,[-353],0.0,negative,0,1,1.750071533024311e-06
llama_3_3_70b_versatile,RANDOM,sign_type,negative,10,True,True,[-431],0.0,negative,0,1,1.7919810488820076e-06
llama_3_3_70b_versatile,RANDOM,sign_type,negative,11,True,True,[-99],0.0,negative,0,3,3.1660310924053192e-06
llama_3_3_70b_versatile,RANDOM,sign_type,negative,12,True,True,[-142],0.0,negative,0,4,3.66696622222662e-06
llama_3_3_70b_versatile,RANDOM,sign_type,negative,13,True,True,[-250],0.0,negative,0,1,1.749955117702484e-06
llama_3_3_70b_versatile,RANDOM,sign_type,negative,14,True,True,[-493],0.0,negative,0,1,1.8329592421650889e-06
llama_3_3_70b_versatile,RANDOM,sign_type,negative,15,True,True,[-399],0.0,negative,0,4,3.749970346689224e-06
llama_3_3_70b_versatile,RANDOM,sign_type,negative,16,True,True,[-468],0.0,negative,0,17,1.237494871020317e-05
llama_3_3_70b_versatile,RANDOM,sign_type,negative,17,True,True,[-405],0.0,negative,0,19,1.2750038877129556e-05
llama_3_3_70b_versatile,RANDOM,sign_type,negative,18,True,True,[-99],0.0,negative,0,1,1.7919810488820076e-06
llama_3_3_70b_versatile,RANDOM,sign_type,negative,19,True,True,[-195],0.0,negative,0,2,2.791057340800762e-06
llama_3_3_70b_versatile,RANDOM,sign_type,negative,20,True,True,[-383],0.0,negative,0,1,1.750071533024311e-06
llama_3_3_70b_versatile,RANDOM,sign_type,negative,21,True,True,[-163],0.0,negative,0,2,2.5829067453742027e-06
llama_3_3_70b_versatile,RANDOM,sign_type,negative,22,True,True,[-15],0.0,negative,0,4,4.167086444795132e-06
llama_3_3_70b_versatile,RANDOM,sign_type,negative,23,True,True,[-499],0.0,negative,0,1,1.750071533024311e-06
llama_3_3_70b_versatile,RANDOM,sign_type,negative,24,True,True,[-300],0.0,negative,0,22,1.7042038962244987e-05
llama_3_3_70b_versatile,RANDOM,sign_type,negative,25,True,True,[-173],0.0,negative,0,1,1.999898813664913e-06
llama_3_3_70b_versatile,RANDOM,sign_type,negative,26,True,True,[-312],0.0,negative,0,1,1.9579892978072166e-06
llama_3_3_70b_versatile,RANDOM,sign_type,negative,27,True,True,[-283],0.0,negative,0,1,1.834006980061531e-06
llama_3_3_70b_versatile,RANDOM,sign_type,negative,28,True,True,[-111],0.0,negative,0,15,1.166702713817358e-05
llama_3_3_70b_versatile,RANDOM,sign_type,negative,29,True,True,[-364],0.0,negative,0,5,4.832982085645199e-06
llama_3_3_70b_versatile,RANDOM,sign_type,positive,0,True,True,[2643],0.0,positive,0,1,3.00002284348011e-06
llama_3_3_70b_versatile,RANDOM,sign_type,positive,1,True,True,[1461],0.0,positive,0,2,2.9579969123005867e-06
llama_3_3_70b_versatile,RANDOM,sign_type,positive,2,True,True,[2298],0.0,positive,0,1,2.1669548004865646e-06
llama_3_3_70b_versatile,RANDOM,sign_type,positive,3,True,True,[1112],0.0,positive,0,2,2.4579931050539017e-06
llama_3_3_70b_versatile,RANDOM,sign_type,positive,4,True,True,[2641],0.0,positive,0,1,1.8330756574869156e-06
llama_3_3_70b_versatile,RANDOM,sign_type,positive,5,True,True,[2774],0.0,positive,0,2,2.3707980290055275e-05
llama_3_3_70b_versatile,RANDOM,sign_type,positive,6,True,True,[1403],0.0,positive,0,1,1.666019670665264e-06
llama_3_3_70b_versatile,RANDOM,sign_type,positive,7,True,True,[540],0.0,positive,0,1,1.8330756574869156e-06
llama_3_3_70b_versatile,RANDOM,sign_type,positive,8,True,True,[1490],0.0,positive,0,1,1.749955117702484e-06
llama_3_3_70b_versatile,RANDOM,sign_type,positive,9,True,True,[1551],0.0,positive,0,1,1.7080456018447876e-06
llama_3_3_70b_versatile,RANDOM,sign_type,positive,10,True,True,[662],0.0,positive,0,2,2.584070898592472e-06
llama_3_3_70b_versatile,RANDOM,sign_type,positive,11,True,True,[681],0.0,positive,0,2,2.500019036233425e-06
llama_3_3_70b_versatile,RANDOM,sign_type,positive,12,True,True,[1487],0.0,positive,0,1,1.791049726307392e-06
llama_3_3_70b_versatile,RANDOM,sign_type,positive,13,True,True,[1478],0.0,positive,0,1,1.7919810488820076e-06
llama_3_3_70b_versatile,RANDOM,sign_type,positive,14,True,True,[2615],0.0,positive,0,1,1.750071533024311e-06
llama_3_3_70b_versatile,RANDOM,sign_type,positive,15,True,True,[2563],0.0,positive,0,1,1.749955117702484e-06
llama_3_3_70b_versatile,RANDOM,sign_type,positive,16,True,True,[1168],0.0,positive,0,1,1.500011421740055e-06
llama_3_3_70b_versatile,RANDOM,sign_type,positive,17,True,True,[1132],0.0,positive,0,1,1.7080456018447876e-06
llama_3_3_70b_versatile,RANDOM,sign_type,positive,18,True,True,[1560],0.0,positive,0,2,2.708984538912773e-06
llama_3_3_70b_versatile,RANDOM,sign_type,positive,19,True,True,[2469],0.0,positive,0,2,2.415967173874378e-06
llama_3_3_70b_versatile,RANDOM,sign_type,positive,20,True,True,[1603],0.0,positive,0,1,1.749955117702484e-06
llama_3_3_70b_versatile,RANDOM,sign_type,positive,21,True,True,[2947],0.0,positive,0,1,1.708976924419403e-06
llama_3_3_70b_versatile,RANDOM,sign_type,positive,22,True,True,[1932],0.0,positive,0,1,1.5419209375977516e-06
llama_3_3_70b_versatile,RANDOM,sign_type,positive,23,True,True,[193],0.0,positive,0,1,1.500011421740055e-06
llama_3_3_70b_versatile,RANDOM,sign_type,positive,24,True,True,[2367],0.0,positive,0,1,1.7079291865229609e-06
llama_3_3_70b_versatile,RANDOM,sign_type,positive,25,True,True,[446],0.0,positive,0,4,4.207948222756386e-06
llama_3_3_70b_versatile,RANDOM,sign_type,positive,26,True,True,[2482],0.0,positive,0,1,1.7919810488820076e-06
llama_3_3_70b_versatile,RANDOM,sign_type,positive,27,True,True,[556],0.0,positive,0,1,1.749955117702484e-06
llama_3_3_70b_versatile,RANDOM,sign_type,positive,28,True,True,[1873],0.0,positive,0,1,1.9579892978072166e-06
llama_3_3_70b_versatile,RANDOM,sign_type,positive,29,True,True,[2814],0.0,positive,0,1,1.7079291865229609e-06
llama_3_3_70b_versatile,RANDOM,sign_type,zero,0,False,False,[-1],1.0,,0,1000,0.0005357920890673
llama_3_3_70b_versatile,RANDOM,sign_type,zero,1,False,False,[-6],6.0,,0,1000,0.0005299580516293
llama_3_3_70b_versatile,RANDOM,sign_type,zero,2,False,False,[3],3.0,,0,1000,0.0005303329089656
llama_3_3_70b_versatile,RANDOM,sign_type,zero,3,False,False,[-1],1.0,,0,1000,0.0005336250178515
llama_3_3_70b_versatile,RANDOM,sign_type,zero,4,False,False,[1],1.0,,0,1000,0.0005346249090507
llama_3_3_70b_versatile,RANDOM,sign_type,zero,5,False,False,[6],6.0,,0,1000,0.0005394580075517
llama_3_3_70b_versatile,RANDOM,sign_type,zero,6,False,False,[-2],2.0,,0,1000,0.0005397079512476
llama_3_3_70b_versatile,RANDOM,sign_type,zero,7,True,True,[0],0.0,zero,0,572,0.0003095420543104
llama_3_3_70b_versatile,RANDOM,sign_type,zero,8,False,False,[-1],1.0,,0,1000,0.0005409159930422
llama_3_3_70b_versatile,RANDOM,sign_type,zero,9,False,False,[2],2.0,,0,1000,0.0005370000144466
llama_3_3_70b_versatile,RANDOM,sign_type,zero,10,False,False,[4],4.0,,0,1000,0.0005410839803516
llama_3_3_70b_versatile,RANDOM,sign_type,zero,11,False,False,[-2],2.0,,0,1000,0.0005317089380696
llama_3_3_70b_versatile,RANDOM,sign_type,zero,12,True,True,[0],0.0,zero,0,161,9.208300616592167e-05
llama_3_3_70b_versatile,RANDOM,sign_type,zero,13,False,False,[1],1.0,,0,1000,0.0005360409850254
llama_3_3_70b_versatile,RANDOM,sign_type,zero,14,False,False,[-3],3.0,,0,1000,0.0005332080181688
llama_3_3_70b_versatile,RANDOM,sign_type,zero,15,False,False,[-2],2.0,,0,1000,0.0005377500783652
llama_3_3_70b_versatile,RANDOM,sign_type,zero,16,False,False,[-3],3.0,,0,1000,0.0005344169912859
llama_3_3_70b_versatile,RANDOM,sign_type,zero,17,False,False,[1],1.0,,0,1000,0.0005350409774109
llama_3_3_70b_versatile,RANDOM,sign_type,zero,18,False,False,[1],1.0,,0,1000,0.0005477090599015
llama_3_3_70b_versatile,RANDOM,sign_type,zero,19,False,False,[-5],5.0,,0,1000,0.0005504160653799
llama_3_3_70b_versatile,RANDOM,sign_type,zero,20,False,False,[-2],2.0,,0,1000,0.000552583951503
llama_3_3_70b_versatile,RANDOM,sign_type,zero,21,False,False,[4],4.0,,0,1000,0.0005424579139798
llama_3_3_70b_versatile,RANDOM,sign_type,zero,22,False,False,[2],2.0,,0,1000,0.0005389999132603
llama_3_3_70b_versatile,RANDOM,sign_type,zero,23,False,False,[1],1.0,,0,1000,0.0005367080448195
llama_3_3_70b_versatile,RANDOM,sign_type,zero,24,False,False,[-3],3.0,,0,1000,0.0005371249280869
llama_3_3_70b_versatile,RANDOM,sign_type,zero,25,False,False,[7],7.0,,0,1000,0.0005392499733716
llama_3_3_70b_versatile,RANDOM,sign_type,zero,26,False,False,[-3],3.0,,0,1000,0.0005384170217439
llama_3_3_70b_versatile,RANDOM,sign_type,zero,27,False,False,[-2],2.0,,0,1000,0.0005382500821724
llama_3_3_70b_versatile,RANDOM,sign_type,zero,28,True,True,[0],0.0,zero,0,801,0.0004332500975579
llama_3_3_70b_versatile,RANDOM,sign_type,zero,29,False,False,[-6],6.0,,0,1000,0.0005397079512476
llama_3_3_70b_versatile,RANDOM,string_category,empty,0,True,True,[''],0.0,empty,0,41,8.687505032867193e-05
llama_3_3_70b_versatile,RANDOM,string_category,empty,1,True,True,[''],0.0,empty,0,6,1.4999997802078724e-05
llama_3_3_70b_versatile,RANDOM,string_category,empty,2,True,True,[''],0.0,empty,0,51,0.0001005419762805
llama_3_3_70b_versatile,RANDOM,string_category,empty,3,True,True,[''],0.0,empty,0,23,5.066697485744953e-05
llama_3_3_70b_versatile,RANDOM,string_category,empty,4,True,True,[''],0.0,empty,0,8,1.6457983292639256e-05
llama_3_3_70b_versatile,RANDOM,string_category,empty,5,True,True,[''],0.0,empty,0,7,1.458311453461647e-05
llama_3_3_70b_versatile,RANDOM,string_category,empty,6,True,True,[''],0.0,empty,0,2,4.332978278398514e-06
llama_3_3_70b_versatile,RANDOM,string_category,empty,7,True,True,[''],0.0,empty,0,7,1.2459000572562218e-05
llama_3_3_70b_versatile,RANDOM,string_category,empty,8,True,True,[''],0.0,empty,0,7,1.3582990504801272e-05
llama_3_3_70b_versatile,RANDOM,string_category,empty,9,True,True,[''],0.0,empty,0,5,9.416951797902584e-06
llama_3_3_70b_versatile,RANDOM,string_category,empty,10,True,True,[''],0.0,empty,0,2,3.958004526793957e-06
llama_3_3_70b_versatile,RANDOM,string_category,empty,11,True,True,[''],0.0,empty,0,22,4.283396992832422e-05
llama_3_3_70b_versatile,RANDOM,string_category,empty,12,True,True,[''],0.0,empty,0,25,5.3750001825392246e-05
llama_3_3_70b_versatile,RANDOM,string_category,empty,13,True,True,[''],0.0,empty,0,11,2.1875021047890183e-05
llama_3_3_70b_versatile,RANDOM,string_category,empty,14,True,True,[''],0.0,empty,0,23,4.395795986056328e-05
llama_3_3_70b_versatile,RANDOM,string_category,empty,15,True,True,[''],0.0,empty,0,13,3.27499583363533e-05
llama_3_3_70b_versatile,RANDOM,string_category,empty,16,True,True,[''],0.0,empty,0,6,1.3082986697554588e-05
llama_3_3_70b_versatile,RANDOM,string_category,empty,17,True,True,[''],0.0,empty,0,7,1.683307345956564e-05
llama_3_3_70b_versatile,RANDOM,string_category,empty,18,True,True,[''],0.0,empty,0,4,7.875030860304832e-06
llama_3_3_70b_versatile,RANDOM,string_category,empty,19,True,True,[''],0.0,empty,0,17,3.691599704325199e-05
llama_3_3_70b_versatile,RANDOM,string_category,empty,20,True,True,[''],0.0,empty,0,56,0.0001053750747814
llama_3_3_70b_versatile,RANDOM,string_category,empty,21,True,True,[''],0.0,empty,0,1,2.124928869307041e-06
llama_3_3_70b_versatile,RANDOM,string_category,empty,22,True,True,[''],0.0,empty,0,6,1.3125012628734112e-05
llama_3_3_70b_versatile,RANDOM,string_category,empty,23,True,True,[''],0.0,empty,0,15,3.1458912417292595e-05
llama_3_3_70b_versatile,RANDOM,string_category,empty,24,True,True,[''],0.0,empty,0,17,3.6624958738684654e-05
llama_3_3_70b_versatile,RANDOM,string_category,empty,25,True,True,[''],0.0,empty,0,11,2.4042092263698574e-05
llama_3_3_70b_versatile,RANDOM,string_category,empty,26,True,True,[''],0.0,empty,0,14,3.212492447346449e-05
llama_3_3_70b_versatile,RANDOM,string_category,empty,27,True,True,[''],0.0,empty,0,1,2.125045284628868e-06
llama_3_3_70b_versatile,RANDOM,string_category,empty,28,True,True,[''],0.0,empty,0,18,3.720808308571577e-05
llama_3_3_70b_versatile,RANDOM,string_category,empty,29,True,True,[''],0.0,empty,0,18,3.9375037886202335e-05
llama_3_3_70b_versatile,RANDOM,string_category,long_non_palindrome,0,True,True,['d2YsSSeJI27zY00'],0.0,long_non_palindrome,0,1,4.66697383671999e-06
llama_3_3_70b_versatile,RANDOM,string_category,long_non_palindrome,1,True,True,['cCt45Yu651'],0.0,long_non_palindrome,0,1,3.4170225262641907e-06
llama_3_3_70b_versatile,RANDOM,string_category,long_non_palindrome,2,True,True,['cqNnsGUgUEvChS'],0.0,long_non_palindrome,0,1,3.66696622222662e-06
llama_3_3_70b_versatile,RANDOM,string_category,long_non_palindrome,3,True,True,['bSOj8tVok'],0.0,long_non_palindrome,0,1,3.4580007195472717e-06
llama_3_3_70b_versatile,RANDOM,string_category,long_non_palindrome,4,True,True,['z3JdEtZjod'],0.0,long_non_palindrome,0,1,3.749970346689224e-06
llama_3_3_70b_versatile,RANDOM,string_category,long_non_palindrome,5,True,True,['j2DtQztmXvNv'],0.0,long_non_palindrome,0,1,3.4170225262641907e-06
llama_3_3_70b_versatile,RANDOM,string_category,long_non_palindrome,6,True,True,['AP51fQbwLBK1pK'],0.0,long_non_palindrome,0,1,4.249974153935909e-06
llama_3_3_70b_versatile,RANDOM,string_category,long_non_palindrome,7,True,True,['B9ff1vTSGtsCBDK'],0.0,long_non_palindrome,0,1,4.541943781077862e-06
llama_3_3_70b_versatile,RANDOM,string_category,long_non_palindrome,8,True,True,['uW2HbJQPDrJR'],0.0,long_non_palindrome,0,1,3.834022209048271e-06
llama_3_3_70b_versatile,RANDOM,string_category,long_non_palindrome,9,True,True,['9hXv5Pz2xLbA7'],0.0,long_non_palindrome,0,1,4.207948222756386e-06
llama_3_3_70b_versatile,RANDOM,string_category,long_non_palindrome,10,True,True,['BuiwKtivP'],0.0,long_non_palindrome,0,1,3.2499665394425392e-06
llama_3_3_70b_versatile,RANDOM,string_category,long_non_palindrome,11,True,True,['7J4QPiV8sZ1'],0.0,long_non_palindrome,0,1,3.66696622222662e-06
llama_3_3_70b_versatile,RANDOM,string_category,long_non_palindrome,12,True,True,['lPoGV5M'],0.0,long_non_palindrome,0,2,4.958943463861942e-06
llama_3_3_70b_versatile,RANDOM,string_category,long_non_palindrome,13,True,True,['MYoR6iL'],0.0,long_non_palindrome,0,1,2.7921050786972046e-06
llama_3_3_70b_versatile,RANDOM,string_category,long_non_palindrome,14,True,True,['DPggb77byPY'],0.0,long_non_palindrome,0,2,5.249981768429279e-06
llama_3_3_70b_versatile,RANDOM,string_category,long_non_palindrome,15,True,True,['7yiK0Udj9WS'],0.0,long_non_palindrome,0,2,5.332985892891884e-06
llama_3_3_70b_versatile,RANDOM,string_category,long_non_palindrome,16,True,True,['oXZBY5'],0.0,long_non_palindrome,0,2,3.999914042651653e-06
llama_3_3_70b_versatile,RANDOM,string_category,long_non_palindrome,17,True,True,['IWu5NUcsR2qi6f'],0.0,long_non_palindrome,0,3,7.624970749020576e-06
llama_3_3_70b_versatile,RANDOM,string_category,long_non_palindrome,18,True,True,['HruVrKH1y8'],0.0,long_non_palindrome,0,1,3.500026650726795e-06
llama_3_3_70b_versatile,RANDOM,string_category,long_non_palindrome,19,True,True,['GLv4mA'],0.0,long_non_palindrome,0,1,2.540997229516506e-06
llama_3_3_70b_versatile,RANDOM,string_category,long_non_palindrome,20,True,True,['1gN5ypw8H7AFZ'],0.0,long_non_palindrome,0,1,3.958935849368572e-06
llama_3_3_70b_versatile,RANDOM,string_category,long_non_palindrome,21,True,True,['dAZe8lPx'],0.0,long_non_palindrome,0,1,3.4580007195472717e-06
llama_3_3_70b_versatile,RANDOM,string_category,long_non_palindrome,22,True,True,['nWUdApJKIS'],0.0,long_non_palindrome,0,1,3.5410048440098763e-06
llama_3_3_70b_versatile,RANDOM,string_category,long_non_palindrome,23,True,True,['aHCyB20Sg9op'],0.0,long_non_palindrome,0,2,5.249981768429279e-06
llama_3_3_70b_versatile,RANDOM,string_category,long_non_palindrome,24,True,True,['kABhBIB2UDqte'],0.0,long_non_palindrome,0,2,5.833106115460396e-06
llama_3_3_70b_versatile,RANDOM,string_category,long_non_palindrome,25,True,True,['wlB461re'],0.0,long_non_palindrome,0,4,7.833004929125309e-06
llama_3_3_70b_versatile,RANDOM,string_category,long_non_palindrome,26,True,True,['LfqNXC'],0.0,long_non_palindrome,0,3,6.209011189639568e-06
llama_3_3_70b_versatile,RANDOM,string_category,long_non_palindrome,27,True,True,['ZqFokKlCLBJ'],0.0,long_non_palindrome,0,3,5.915993824601173e-06
llama_3_3_70b_versatile,RANDOM,string_category,long_non_palindrome,28,True,True,['NbIDPK9V69OAH9'],0.0,long_non_palindrome,0,1,4.083034582436085e-06
llama_3_3_70b_versatile,RANDOM,string_category,long_non_palindrome,29,True,True,['kXjOOM'],0.0,long_non_palindrome,0,3,6.624963134527206e-06
llama_3_3_70b_versatile,RANDOM,string_category,long_palindrome,0,False,False,['1GjMJtqR'],1.0,,0,1000,0.0018289589788764
llama_3_3_70b_versatile,RANDOM,string_category,long_palindrome,1,False,False,['nvdk'],1.0,,0,1000,0.0018298749346286
llama_3_3_70b_versatile,RANDOM,string_category,long_palindrome,2,False,False,['2qQs'],1.0,,0,1000,0.0018165829824283
llama_3_3_70b_versatile,RANDOM,string_category,long_palindrome,3,False,False,['kTiDdzswNBGYvB'],1.0,,0,1000,0.0018372910562902
llama_3_3_70b_versatile,RANDOM,string_category,long_palindrome,4,False,False,['PUnR'],1.0,,0,1000,0.0018115829443559
llama_3_3_70b_versatile,RANDOM,string_category,long_palindrome,5,False,False,['xhzh'],1.0,,0,1000,0.0018146249931305
llama_3_3_70b_versatile,RANDOM,string_category,long_palindrome,6,False,False,['3UCf1r4EqUv'],1.0,,0,1000,0.0018246250692754
llama_3_3_70b_versatile,RANDOM,string_category,long_palindrome,7,False,False,['QckS9hwCajH'],1.0,,0,1000,0.0018367500742897
llama_3_3_70b_versatile,RANDOM,string_category,long_palindrome,8,False,False,['4b0vohxBbOLlS'],1.0,,0,1000,0.0018138330196961
llama_3_3_70b_versatile,RANDOM,string_category,long_palindrome,9,False,False,['72ktkWuGL'],1.0,,0,1000,0.0018109999364241
llama_3_3_70b_versatile,RANDOM,string_category,long_palindrome,10,False,False,['DniykHXx8zKT'],1.0,,0,1000,0.0018172919517382
llama_3_3_70b_versatile,RANDOM,string_category,long_palindrome,11,False,False,['8GspGCaFqyAt19g'],1.0,,0,1000,0.0018060830188915
llama_3_3_70b_versatile,RANDOM,string_category,long_palindrome,12,False,False,['hAyN22hfho1'],1.0,,0,1000,0.001830874942243
llama_3_3_70b_versatile,RANDOM,string_category,long_palindrome,13,False,False,['OiytUpoxpyOk'],1.0,,0,1000,0.0018247920088469
llama_3_3_70b_versatile,RANDOM,string_category,long_palindrome,14,False,False,['7ra1ptD5WZQeze'],1.0,,0,1000,0.0017974589718505
llama_3_3_70b_versatile,RANDOM,string_category,long_palindrome,15,False,False,['Kf4sZ'],1.0,,0,1000,0.0018643339863047
llama_3_3_70b_versatile,RANDOM,string_category,long_palindrome,16,False,False,['od592b5'],1.0,,0,1000,0.0017882499378174
llama_3_3_70b_versatile,RANDOM,string_category,long_palindrome,17,False,False,['GdeV60y'],1.0,,0,1000,0.0018106669886037
llama_3_3_70b_versatile,RANDOM,string_category,long_palindrome,18,False,False,['wmazqh38w2'],1.0,,0,1000,0.0018306659767404
llama_3_3_70b_versatile,RANDOM,string_category,long_palindrome,19,False,False,['Tw2vQtEV3F1rdE'],1.0,,0,1000,0.0018345830030739
llama_3_3_70b_versatile,RANDOM,string_category,long_palindrome,20,False,False,['tKzH'],1.0,,0,1000,0.0017939580138772
llama_3_3_70b_versatile,RANDOM,string_category,long_palindrome,21,False,False,['gPMoR'],1.0,,0,1000,0.0018410000484436
llama_3_3_70b_versatile,RANDOM,string_category,long_palindrome,22,False,False,['UxVMQXK'],1.0,,0,1000,0.0018124589696526
llama_3_3_70b_versatile,RANDOM,string_category,long_palindrome,23,False,False,['56WNLS'],1.0,,0,1000,0.0017852920573204
llama_3_3_70b_versatile,RANDOM,string_category,long_palindrome,24,False,False,['TF6v8Aq'],1.0,,0,1000,0.0018298340728506
llama_3_3_70b_versatile,RANDOM,string_category,long_palindrome,25,False,False,['7Kd8Tju'],1.0,,0,1000,0.0018132500117644
llama_3_3_70b_versatile,RANDOM,string_category,long_palindrome,26,False,False,['x8LgQGx5KcZx'],1.0,,0,1000,0.0018340420210734
llama_3_3_70b_versatile,RANDOM,string_category,long_palindrome,27,False,False,['w9x6A9WwBcyFTt'],1.0,,0,1000,0.0017727500526234
llama_3_3_70b_versatile,RANDOM,string_category,long_palindrome,28,False,False,['xYDHVUPB'],1.0,,0,1000,0.0018183330539613
llama_3_3_70b_versatile,RANDOM,string_category,long_palindrome,29,False,False,['xyy1rvn40u'],1.0,,0,1000,0.0018217919860035
llama_3_3_70b_versatile,RANDOM,string_category,other,0,True,True,['hKI0'],0.0,other,0,3,6.458023563027382e-06
llama_3_3_70b_versatile,RANDOM,string_category,other,1,True,True,['xB8'],0.0,other,0,3,8.041970431804657e-06
llama_3_3_70b_versatile,RANDOM,string_category,other,2,True,True,['lOtJD'],0.0,other,0,1,3.00002284348011e-06
llama_3_3_70b_versatile,RANDOM,string_category,other,3,True,True,['LpvL'],0.0,other,0,3,8.624978363513947e-06
llama_3_3_70b_versatile,RANDOM,string_category,other,4,True,True,['PdvnY'],0.0,other,0,3,9.25001222640276e-06
llama_3_3_70b_versatile,RANDOM,string_category,other,5,True,True,['NZkV'],0.0,other,0,3,5.249981768429279e-06
llama_3_3_70b_versatile,RANDOM,string_category,other,6,True,True,['23V'],0.0,other,0,1,2.625049091875553e-06
llama_3_3_70b_versatile,RANDOM,string_category,other,7,True,True,['OzU'],0.0,other,0,3,7.041962817311287e-06
llama_3_3_70b_versatile,RANDOM,string_category,other,8,True,True,['VHP'],0.0,other,0,11,2.4667009711265564e-05
llama_3_3_70b_versatile,RANDOM,string_category,other,9,True,True,['SXxH'],0.0,other,0,1,2.666027285158634e-06
llama_3_3_70b_versatile,RANDOM,string_category,other,10,True,True,['OwYqo'],0.0,other,0,1,2.5420449674129486e-06
llama_3_3_70b_versatile,RANDOM,string_category,other,11,True,True,['JPtE'],0.0,other,0,1,2.8329668566584587e-06
llama_3_3_70b_versatile,RANDOM,string_category,other,12,True,True,['Vk0y'],0.0,other,0,6,1.5666009858250618e-05
llama_3_3_70b_versatile,RANDOM,string_category,other,13,True,True,['uurlS'],0.0,other,0,5,1.2542004697024822e-05
llama_3_3_70b_versatile,RANDOM,string_category,other,14,True,True,['47KBH'],0.0,other,0,1,2.874992787837982e-06
llama_3_3_70b_versatile,RANDOM,string_category,other,15,True,True,['1tt4'],0.0,other,0,7,1.4082994312047958e-05
llama_3_3_70b_versatile,RANDOM,string_category,other,16,True,True,['wL'],0.0,other,0,13,3.304099664092064e-05
llama_3_3_70b_versatile,RANDOM,string_category,other,17,True,True,['SliBx'],0.0,other,0,1,2.874992787837982e-06
llama_3_3_70b_versatile,RANDOM,string_category,other,18,True,True,['YFDM'],0.0,other,0,4,1.00000761449337e-05
llama_3_3_70b_versatile,RANDOM,string_category,other,19,True,True,['CWf'],0.0,other,0,3,6.708083674311638e-06
llama_3_3_70b_versatile,RANDOM,string_category,other,20,True,True,['J0'],0.0,other,0,2,4.624947905540466e-06
llama_3_3_70b_versatile,RANDOM,string_category,other,21,True,True,['mzdZv'],0.0,other,0,2,6.124959327280521e-06
llama_3_3_70b_versatile,RANDOM,string_category,other,22,True,True,['sYeP'],0.0,other,0,1,2.2919848561286926e-06
llama_3_3_70b_versatile,RANDOM,string_category,other,23,True,True,['X7'],0.0,other,0,1,2.374988980591297e-06
llama_3_3_70b_versatile,RANDOM,string_category,other,24,True,True,['8f8ln'],0.0,other,0,1,2.624932676553726e-06
llama_3_3_70b_versatile,RANDOM,string_category,other,25,True,True,['1k'],0.0,other,0,2,4.00003045797348e-06
llama_3_3_70b_versatile,RANDOM,string_category,other,26,True,True,['CEpO'],0.0,other,0,6,1.3875076547265053e-05
llama_3_3_70b_versatile,RANDOM,string_category,other,27,True,True,['To48'],0.0,other,0,5,1.1458992958068848e-05
llama_3_3_70b_versatile,RANDOM,string_category,other,28,True,True,['ZIn'],0.0,other,0,7,1.6874982975423336e-05
llama_3_3_70b_versatile,RANDOM,string_category,other,29,True,True,['nLoR'],0.0,other,0,1,2.7909409254789352e-06
llama_3_3_70b_versatile,RANDOM,string_category,short_palindrome,0,True,True,[''],0.0,short_palindrome,0,21,4.966696724295616e-05
llama_3_3_70b_versatile,RANDOM,string_category,short_palindrome,1,True,True,['R'],0.0,short_palindrome,0,6,1.3499986380338669e-05
llama_3_3_70b_versatile,RANDOM,string_category,short_palindrome,2,True,True,['m'],0.0,short_palindrome,0,10,2.3124972358345985e-05
llama_3_3_70b_versatile,RANDOM,string_category,short_palindrome,3,True,True,['v'],0.0,short_palindrome,0,6,1.4999997802078724e-05
llama_3_3_70b_versatile,RANDOM,string_category,short_palindrome,4,True,True,[''],0.0,short_palindrome,0,3,7.292022928595543e-06
llama_3_3_70b_versatile,RANDOM,string_category,short_palindrome,5,True,True,['R'],0.0,short_palindrome,0,7,1.5666941180825233e-05
llama_3_3_70b_versatile,RANDOM,string_category,short_palindrome,6,True,True,['C'],0.0,short_palindrome,0,3,7.2499969974160194e-06
llama_3_3_70b_versatile,RANDOM,string_category,short_palindrome,7,True,True,['VYV'],0.0,short_palindrome,0,21,4.729093052446842e-05
llama_3_3_70b_versatile,RANDOM,string_category,short_palindrome,8,True,True,[''],0.0,short_palindrome,0,7,1.5666941180825233e-05
llama_3_3_70b_versatile,RANDOM,string_category,short_palindrome,9,True,True,['m'],0.0,short_palindrome,0,26,5.812500603497029e-05
llama_3_3_70b_versatile,RANDOM,string_category,short_palindrome,10,True,True,['R'],0.0,short_palindrome,0,26,5.4750009439885616e-05
llama_3_3_70b_versatile,RANDOM,string_category,short_palindrome,11,True,True,['w'],0.0,short_palindrome,0,3,7.917056791484356e-06
llama_3_3_70b_versatile,RANDOM,string_category,short_palindrome,12,True,True,['k'],0.0,short_palindrome,0,5,1.2665987014770508e-05
llama_3_3_70b_versatile,RANDOM,string_category,short_palindrome,13,True,True,[''],0.0,short_palindrome,0,4,1.1083087883889677e-05
llama_3_3_70b_versatile,RANDOM,string_category,short_palindrome,14,True,True,[''],0.0,short_palindrome,0,1,2.2080494090914726e-06
llama_3_3_70b_versatile,RANDOM,string_category,short_palindrome,15,True,True,[''],0.0,short_palindrome,0,12,2.4708104319870472e-05
llama_3_3_70b_versatile,RANDOM,string_category,short_palindrome,16,True,True,[''],0.0,short_palindrome,0,10,2.166605554521084e-05
llama_3_3_70b_versatile,RANDOM,string_category,short_palindrome,17,True,True,['5'],0.0,short_palindrome,0,4,9.33394767343998e-06
llama_3_3_70b_versatile,RANDOM,string_category,short_palindrome,18,True,True,['A'],0.0,short_palindrome,0,16,3.183400258421898e-05
llama_3_3_70b_versatile,RANDOM,string_category,short_palindrome,19,True,True,['h'],0.0,short_palindrome,0,1,2.2919848561286926e-06
llama_3_3_70b_versatile,RANDOM,string_category,short_palindrome,20,True,True,[''],0.0,short_palindrome,0,3,8.082948625087738e-06
llama_3_3_70b_versatile,RANDOM,string_category,short_palindrome,21,True,True,[''],0.0,short_palindrome,0,8,1.6874982975423336e-05
llama_3_3_70b_versatile,RANDOM,string_category,short_palindrome,22,True,True,['5'],0.0,short_palindrome,0,10,2.49580480158329e-05
llama_3_3_70b_versatile,RANDOM,string_category,short_palindrome,23,True,True,['d'],0.0,short_palindrome,0,20,4.695798270404339e-05
llama_3_3_70b_versatile,RANDOM,string_category,short_palindrome,24,True,True,[''],0.0,short_palindrome,0,18,4.070904105901718e-05
llama_3_3_70b_versatile,RANDOM,string_category,short_palindrome,25,True,True,[''],0.0,short_palindrome,0,8,1.7000013031065464e-05
llama_3_3_70b_versatile,RANDOM,string_category,short_palindrome,26,True,True,['b'],0.0,short_palindrome,0,12,2.6499968953430653e-05
llama_3_3_70b_versatile,RANDOM,string_category,short_palindrome,27,True,True,[''],0.0,short_palindrome,0,9,2.0541949197649956e-05
llama_3_3_70b_versatile,RANDOM,string_category,short_palindrome,28,True,True,[''],0.0,short_palindrome,0,5,1.1166906915605068e-05
llama_3_3_70b_versatile,RANDOM,string_category,short_palindrome,29,True,True,['9'],0.0,short_palindrome,0,1,2.374988980591297e-06
llama_3_3_70b_versatile,RANDOM,username_category,empty,0,True,True,[''],0.0,empty,0,19,5.008396692574024e-05
llama_3_3_70b_versatile,RANDOM,username_category,empty,1,True,True,[''],0.0,empty,0,80,0.0001484579406678
llama_3_3_70b_versatile,RANDOM,username_category,empty,2,True,True,[''],0.0,empty,0,26,5.512498319149017e-05
llama_3_3_70b_versatile,RANDOM,username_category,empty,3,True,True,[''],0.0,empty,0,1,2.084067091345787e-06
llama_3_3_70b_versatile,RANDOM,username_category,empty,4,True,True,[''],0.0,empty,0,1,1.959037035703659e-06
llama_3_3_70b_versatile,RANDOM,username_category,empty,5,True,True,[''],0.0,empty,0,7,1.6417005099356174e-05
llama_3_3_70b_versatile,RANDOM,username_category,empty,6,True,True,[''],0.0,empty,0,49,9.570794645696878e-05
llama_3_3_70b_versatile,RANDOM,username_category,empty,7,True,True,[''],0.0,empty,0,18,3.6415993236005306e-05
llama_3_3_70b_versatile,RANDOM,username_category,empty,8,True,True,[''],0.0,empty,0,9,2.1666986867785457e-05
llama_3_3_70b_versatile,RANDOM,username_category,empty,9,True,True,[''],0.0,empty,0,2,4.041939973831177e-06
llama_3_3_70b_versatile,RANDOM,username_category,empty,10,True,True,[''],0.0,empty,0,2,4.458008334040642e-06
llama_3_3_70b_versatile,RANDOM,username_category,empty,11,True,True,[''],0.0,empty,0,36,6.629200652241707e-05
llama_3_3_70b_versatile,RANDOM,username_category,empty,12,True,True,[''],0.0,empty,0,9,1.8332968465983868e-05
llama_3_3_70b_versatile,RANDOM,username_category,empty,13,True,True,[''],0.0,empty,0,20,3.470794763416052e-05
llama_3_3_70b_versatile,RANDOM,username_category,empty,14,True,True,[''],0.0,empty,0,8,1.3999990187585354e-05
llama_3_3_70b_versatile,RANDOM,username_category,empty,15,True,True,[''],0.0,empty,0,23,4.4500106014311314e-05
llama_3_3_70b_versatile,RANDOM,username_category,empty,16,True,True,[''],0.0,empty,0,9,1.4999997802078724e-05
llama_3_3_70b_versatile,RANDOM,username_category,empty,17,True,True,[''],0.0,empty,0,15,3.316695801913738e-05
llama_3_3_70b_versatile,RANDOM,username_category,empty,18,True,True,[''],0.0,empty,0,22,4.6042026951909065e-05
llama_3_3_70b_versatile,RANDOM,username_category,empty,19,True,True,[''],0.0,empty,0,16,3.674998879432678e-05
llama_3_3_70b_versatile,RANDOM,username_category,empty,20,True,True,[''],0.0,empty,0,33,6.141699850559235e-05
llama_3_3_70b_versatile,RANDOM,username_category,empty,21,True,True,[''],0.0,empty,0,16,3.499991726130247e-05
llama_3_3_70b_versatile,RANDOM,username_category,empty,22,True,True,[''],0.0,empty,0,6,1.3208016753196716e-05
llama_3_3_70b_versatile,RANDOM,username_category,empty,23,True,True,[''],0.0,empty,0,4,6.5409112721681595e-06
llama_3_3_70b_versatile,RANDOM,username_category,empty,24,True,True,[''],0.0,empty,0,12,2.5957939215004444e-05
llama_3_3_70b_versatile,RANDOM,username_category,empty,25,True,True,[''],0.0,empty,0,1,1.9170111045241356e-06
llama_3_3_70b_versatile,RANDOM,username_category,empty,26,True,True,[''],0.0,empty,0,30,6.383401341736317e-05
llama_3_3_70b_versatile,RANDOM,username_category,empty,27,True,True,[''],0.0,empty,0,31,6.462493911385536e-05
llama_3_3_70b_versatile,RANDOM,username_category,empty,28,True,True,[''],0.0,empty,0,7,1.5666941180825233e-05
llama_3_3_70b_versatile,RANDOM,username_category,empty,29,True,True,[''],0.0,empty,0,7,1.4457968063652515e-05
llama_3_3_70b_versatile,RANDOM,username_category,medium_username,0,True,True,['vG03S9MJ'],0.0,medium_username,0,1,5.66698145121336e-06
llama_3_3_70b_versatile,RANDOM,username_category,medium_username,1,True,True,['YvdnF8Dc6kG'],0.0,medium_username,0,3,1.254095695912838e-05
llama_3_3_70b_versatile,RANDOM,username_category,medium_username,2,True,True,['olBa3'],0.0,medium_username,0,2,6.166985258460045e-06
llama_3_3_70b_versatile,RANDOM,username_category,medium_username,3,True,True,['ljvDu1wlGdSSSMS'],0.0,medium_username,0,3,1.2582982890307903e-05
llama_3_3_70b_versatile,RANDOM,username_category,medium_username,4,True,True,['c7JWAX4dX47'],0.0,medium_username,0,1,4.833098500967026e-06
llama_3_3_70b_versatile,RANDOM,username_category,medium_username,5,True,True,['HHHvjK17Hs3q'],0.0,medium_username,0,3,9.584007784724236e-06
llama_3_3_70b_versatile,RANDOM,username_category,medium_username,6,True,True,['d1rfKKO'],0.0,medium_username,0,3,8.750008419156075e-06
llama_3_3_70b_versatile,RANDOM,username_category,medium_username,7,True,True,['M7hSIcBmj'],0.0,medium_username,0,2,5.832989700138569e-06
llama_3_3_70b_versatile,RANDOM,username_category,medium_username,8,True,True,['be0l0GR'],0.0,medium_username,0,1,4.208064638078213e-06
llama_3_3_70b_versatile,RANDOM,username_category,medium_username,9,True,True,['pdMSz8'],0.0,medium_username,0,3,1.0666903108358383e-05
llama_3_3_70b_versatile,RANDOM,username_category,medium_username,10,True,True,['S9PqqaOahkMn'],0.0,medium_username,0,4,1.225003506988287e-05
llama_3_3_70b_versatile,RANDOM,username_category,medium_username,11,True,True,['WRd93fzvexQeYd'],0.0,medium_username,0,1,5.250098183751106e-06
llama_3_3_70b_versatile,RANDOM,username_category,medium_username,12,True,True,['EnJT2KPAG1wExOo'],0.0,medium_username,0,7,2.0249979570508003e-05
llama_3_3_70b_versatile,RANDOM,username_category,medium_username,13,True,True,['ZDSYCVz1YdW2zXX'],0.0,medium_username,0,1,5.749985575675964e-06
llama_3_3_70b_versatile,RANDOM,username_category,medium_username,14,True,True,['fIh4syuxg'],0.0,medium_username,0,2,7.042079232633114e-06
llama_3_3_70b_versatile,RANDOM,username_category,medium_username,15,True,True,['PI8KMiNCzOc'],0.0,medium_username,0,2,7.292022928595543e-06
llama_3_3_70b_versatile,RANDOM,username_category,medium_username,16,True,True,['aQlFCkIi8tRpNCd'],0.0,medium_username,0,1,5.458015948534012e-06
llama_3_3_70b_versatile,RANDOM,username_category,medium_username,17,True,True,['uZLOwYnnSQ1kk'],0.0,medium_username,0,1,5.541951395571232e-06
llama_3_3_70b_versatile,RANDOM,username_category,medium_username,18,True,True,['pLGXMtNLIWVr0S8'],0.0,medium_username,0,1,4.875008016824722e-06
llama_3_3_70b_versatile,RANDOM,username_category,medium_username,19,True,True,['DhghlL7aKoA7QS'],0.0,medium_username,0,3,9.958981536328793e-06
llama_3_3_70b_versatile,RANDOM,username_category,medium_username,20,True,True,['HC1CS9mh1YM'],0.0,medium_username,0,2,7.333001121878624e-06
llama_3_3_70b_versatile,RANDOM,username_category,medium_username,21,True,True,['KV4P4'],0.0,medium_username,0,5,1.4374963939189913e-05
llama_3_3_70b_versatile,RANDOM,username_category,medium_username,22,True,True,['hyLAi3rBe'],0.0,medium_username,0,1,4.459056071937084e-06
llama_3_3_70b_versatile,RANDOM,username_category,medium_username,23,True,True,['aqOo56bX'],0.0,medium_username,0,3,9.832903742790222e-06
llama_3_3_70b_versatile,RANDOM,username_category,medium_username,24,True,True,['zksi5lA'],0.0,medium_username,0,2,5.917041562497616e-06
llama_3_3_70b_versatile,RANDOM,username_category,medium_username,25,True,True,['YB40jU9CVe'],0.0,medium_username,0,3,8.333008736371994e-06
llama_3_3_70b_versatile,RANDOM,username_category,medium_username,26,True,True,['C3HAwEkMvU2B'],0.0,medium_username,0,1,4.124944098293781e-06
llama_3_3_70b_versatile,RANDOM,username_category,medium_username,27,True,True,['Jgzv5MgmzOX'],0.0,medium_username,0,4,1.0750023648142816e-05
llama_3_3_70b_versatile,RANDOM,username_category,medium_username,28,True,True,['polaOoyh6Lax5I0'],0.0,medium_username,0,1,5.666050128638744e-06
llama_3_3_70b_versatile,RANDOM,username_category,medium_username,29,True,True,['FPzPW9RK'],0.0,medium_username,0,4,1.2042000889778136e-05
llama_3_3_70b_versatile,RANDOM,username_category,starts_with_digit,0,True,True,['4CvTcVa'],0.0,starts_with_digit,0,3,8.124974556267262e-06
llama_3_3_70b_versatile,RANDOM,username_category,starts_with_digit,1,True,True,['0O1XxOIYXrK'],0.0,starts_with_digit,0,2,6.458023563027382e-06
llama_3_3_70b_versatile,RANDOM,username_category,starts_with_digit,2,True,True,['2BY9C2Wazr'],0.0,starts_with_digit,0,11,2.675002906471491e-05
llama_3_3_70b_versatile,RANDOM,username_category,starts_with_digit,3,True,True,['4TmAEyF'],0.0,starts_with_digit,0,5,1.1832918971776962e-05
llama_3_3_70b_versatile,RANDOM,username_category,starts_with_digit,4,True,True,['1akqXYEDu5x'],0.0,starts_with_digit,0,8,2.020900137722492e-05
llama_3_3_70b_versatile,RANDOM,username_category,starts_with_digit,5,True,True,['9C'],0.0,starts_with_digit,0,8,1.616694498807192e-05
llama_3_3_70b_versatile,RANDOM,username_category,starts_with_digit,6,True,True,['1mPwd5U8ZUyyG'],0.0,starts_with_digit,0,1,3.624940291047096e-06
llama_3_3_70b_versatile,RANDOM,username_category,starts_with_digit,7,True,True,['4U9C'],0.0,starts_with_digit,0,5,1.200009137392044e-05
llama_3_3_70b_versatile,RANDOM,username_category,starts_with_digit,8,True,True,['5zD0y'],0.0,starts_with_digit,0,14,3.091699909418821e-05
llama_3_3_70b_versatile,RANDOM,username_category,starts_with_digit,9,True,True,['6Pqr094it6M'],0.0,starts_with_digit,0,3,6.916932761669159e-06
llama_3_3_70b_versatile,RANDOM,username_category,starts_with_digit,10,True,True,['02U2N5Z8nxhGaOJ'],0.0,starts_with_digit,0,2,5.249981768429279e-06
llama_3_3_70b_versatile,RANDOM,username_category,starts_with_digit,11,True,True,['3FSJ'],0.0,starts_with_digit,0,1,2.6670750230550766e-06
llama_3_3_70b_versatile,RANDOM,username_category,starts_with_digit,12,True,True,['2QQ6J'],0.0,starts_with_digit,0,5,1.300009898841381e-05
llama_3_3_70b_versatile,RANDOM,username_category,starts_with_digit,13,True,True,['0jVuQdLUfzXk'],0.0,starts_with_digit,0,6,1.6584061086177826e-05
llama_3_3_70b_versatile,RANDOM,username_category,starts_with_digit,14,True,True,['74VmFpi5NRCF'],0.0,starts_with_digit,0,2,4.833098500967026e-06
llama_3_3_70b_versatile,RANDOM,username_category,starts_with_digit,15,True,True,['2ZT'],0.0,starts_with_digit,0,1,2.500019036233425e-06
llama_3_3_70b_versatile,RANDOM,username_category,starts_with_digit,16,True,True,['9Li'],0.0,starts_with_digit,0,3,6.541959010064602e-06
llama_3_3_70b_versatile,RANDOM,username_category,starts_with_digit,17,True,True,['8F2bKwDBuD2xnK'],0.0,starts_with_digit,0,3,8.792034350335598e-06
llama_3_3_70b_versatile,RANDOM,username_category,starts_with_digit,18,True,True,['0egTLx4dB0qCv8'],0.0,starts_with_digit,0,4,8.00006091594696e-06
llama_3_3_70b_versatile,RANDOM,username_category,starts_with_digit,19,True,True,['9BoZM4RVo705'],0.0,starts_with_digit,0,6,1.6000005416572094e-05
llama_3_3_70b_versatile,RANDOM,username_category,starts_with_digit,20,True,True,['7vd'],0.0,starts_with_digit,0,9,1.8208054825663567e-05
llama_3_3_70b_versatile,RANDOM,username_category,starts_with_digit,21,True,True,['80'],0.0,starts_with_digit,0,5,9.58307646214962e-06
llama_3_3_70b_versatile,RANDOM,username_category,starts_with_digit,22,True,True,['4N5'],0.0,starts_with_digit,0,1,2.499902620911598e-06
llama_3_3_70b_versatile,RANDOM,username_category,starts_with_digit,23,True,True,['5h0guDDrblC'],0.0,starts_with_digit,0,17,3.229209687560797e-05
llama_3_3_70b_versatile,RANDOM,username_category,starts_with_digit,24,True,True,['7r4Gk7Exkcv0umb'],0.0,starts_with_digit,0,11,2.6083900593221188e-05
llama_3_3_70b_versatile,RANDOM,username_category,starts_with_digit,25,True,True,['9H5JRD6dShA'],0.0,starts_with_digit,0,22,4.741700831800699e-05
llama_3_3_70b_versatile,RANDOM,username_category,starts_with_digit,26,True,True,['0UzFyCTkYO6BHG'],0.0,starts_with_digit,0,15,3.345799632370472e-05
llama_3_3_70b_versatile,RANDOM,username_category,starts_with_digit,27,True,True,['3A5CQUFEMmSc'],0.0,starts_with_digit,0,1,3.3339019864797592e-06
llama_3_3_70b_versatile,RANDOM,username_category,starts_with_digit,28,True,True,['1klMCrBLS553'],0.0,starts_with_digit,0,3,6.9160014390945435e-06
llama_3_3_70b_versatile,RANDOM,username_category,starts_with_digit,29,True,True,['74A'],0.0,starts_with_digit,0,12,2.475001383572817e-05
llama_3_3_70b_versatile,RANDOM,username_category,strong_username,0,False,False,['owvRbMTrMuf4vN'],1.0,,0,1000,0.002527792006731
llama_3_3_70b_versatile,RANDOM,username_category,strong_username,1,False,False,['xNMpkF806'],1.0,,0,1000,0.0024882500292733
llama_3_3_70b_versatile,RANDOM,username_category,strong_username,2,False,False,['IoFgWZW76Z'],1.0,,0,1000,0.0025214160559698
llama_3_3_70b_versatile,RANDOM,username_category,strong_username,3,False,False,['KqAjq1shbofcsq'],1.0,,0,1000,0.0025037500308826
llama_3_3_70b_versatile,RANDOM,username_category,strong_username,4,False,False,['9Ll7MZLsMTUX2DV'],1.0,,0,1000,0.0025227500591427
llama_3_3_70b_versatile,RANDOM,username_category,strong_username,5,False,False,['NmG9n6yVLS35SX9'],1.0,,0,1000,0.0025326249888166
llama_3_3_70b_versatile,RANDOM,username_category,strong_username,6,False,False,['xKubkem8eXuo0'],1.0,,0,1000,0.0025114999152719
llama_3_3_70b_versatile,RANDOM,username_category,strong_username,7,False,False,['FPCcyYa5r3Sb5d2'],1.0,,0,1000,0.0025022500194609
llama_3_3_70b_versatile,RANDOM,username_category,strong_username,8,False,False,['bvmNeKNeHJB501'],1.0,,0,1000,0.0024943749886006
llama_3_3_70b_versatile,RANDOM,username_category,strong_username,9,False,False,['PlUuP2hG6RsUfJJ'],1.0,,0,1000,0.0024644170189276
llama_3_3_70b_versatile,RANDOM,username_category,strong_username,10,False,False,['tgkvX610UkUZKgl'],1.0,,0,1000,0.0025029589887708
llama_3_3_70b_versatile,RANDOM,username_category,strong_username,11,False,False,['COsoB3qVtCwlZ'],1.0,,0,1000,0.0024529590737074
llama_3_3_70b_versatile,RANDOM,username_category,strong_username,12,False,False,['P77K6XB0lIb4qmP'],1.0,,0,1000,0.0024766250280663
llama_3_3_70b_versatile,RANDOM,username_category,strong_username,13,False,False,['1wZTLuyKR9'],1.0,,0,1000,0.0025473750429227
llama_3_3_70b_versatile,RANDOM,username_category,strong_username,14,False,False,['QL8Z8aOX9E'],1.0,,0,1000,0.0024926669429987
llama_3_3_70b_versatile,RANDOM,username_category,strong_username,15,False,False,['6HX16YBCLMr2wci'],1.0,,0,1000,0.0024643340148031
llama_3_3_70b_versatile,RANDOM,username_category,strong_username,16,False,False,['0FDOTYdBq'],1.0,,0,1000,0.00248608388938
llama_3_3_70b_versatile,RANDOM,username_category,strong_username,17,False,False,['A0SwZhhMhom'],1.0,,0,1000,0.0024804160930216
llama_3_3_70b_versatile,RANDOM,username_category,strong_username,18,False,False,['3HeJTTrT2'],1.0,,0,1000,0.0026978750247508
llama_3_3_70b_versatile,RANDOM,username_category,strong_username,19,False,False,['5dkjOLCVWHf'],1.0,,0,1000,0.0024780830135568
llama_3_3_70b_versatile,RANDOM,username_category,strong_username,20,False,False,['cgRPTjAe6n'],1.0,,0,1000,0.0028577090706676
llama_3_3_70b_versatile,RANDOM,username_category,strong_username,21,False,False,['EucVoMhhKsAxJa'],1.0,,0,1000,0.0024966669734567
llama_3_3_70b_versatile,RANDOM,username_category,strong_username,22,False,False,['bfXlcTDnW5Dmbv'],1.0,,0,1000,0.002596375066787
llama_3_3_70b_versatile,RANDOM,username_category,strong_username,23,False,False,['Ii86YmMoD0BLhL0'],1.0,,0,1000,0.0025258329696953
llama_3_3_70b_versatile,RANDOM,username_category,strong_username,24,False,False,['xDlSJ8kmzRj5P'],1.0,,0,1000,0.0025634169578552
llama_3_3_70b_versatile,RANDOM,username_category,strong_username,25,False,False,['Z2Fdkudvn7Y8r5S'],1.0,,0,1000,0.0027005419833585
llama_3_3_70b_versatile,RANDOM,username_category,strong_username,26,False,False,['n8RonQ8CLj'],1.0,,0,1000,0.0023661660961806
llama_3_3_70b_versatile,RANDOM,username_category,strong_username,27,False,False,['rfUqfkJsTpY1PC'],1.0,,0,1000,0.0025276659289374
llama_3_3_70b_versatile,RANDOM,username_category,strong_username,28,False,False,['TwUir5tvudiO2n'],1.0,,0,1000,0.0025044170906767
llama_3_3_70b_versatile,RANDOM,username_category,strong_username,29,False,False,['490lPMPJX'],1.0,,0,1000,0.0025310420896857
llama_3_3_70b_versatile,RANDOM,username_category,too_short,0,True,True,['M0Yg'],0.0,too_short,0,2,5.542067810893059e-06
llama_3_3_70b_versatile,RANDOM,username_category,too_short,1,True,True,['4cP'],0.0,too_short,0,6,1.3290904462337494e-05
llama_3_3_70b_versatile,RANDOM,username_category,too_short,2,True,True,['j'],0.0,too_short,0,1,2.499902620911598e-06
llama_3_3_70b_versatile,RANDOM,username_category,too_short,3,True,True,['B'],0.0,too_short,0,1,2.3330794647336006e-06
llama_3_3_70b_versatile,RANDOM,username_category,too_short,4,True,True,['w'],0.0,too_short,0,1,2.124928869307041e-06
llama_3_3_70b_versatile,RANDOM,username_category,too_short,5,True,True,['NL2'],0.0,too_short,0,6,1.4459015801548958e-05
llama_3_3_70b_versatile,RANDOM,username_category,too_short,6,True,True,[''],0.0,too_short,0,7,1.6000005416572094e-05
llama_3_3_70b_versatile,RANDOM,username_category,too_short,7,True,True,[''],0.0,too_short,0,4,9.958050213754175e-06
llama_3_3_70b_versatile,RANDOM,username_category,too_short,8,True,True,[''],0.0,too_short,0,2,5.749985575675964e-06
llama_3_3_70b_versatile,RANDOM,username_category,too_short,9,True,True,['tu'],0.0,too_short,0,1,2.0420411601662636e-06
llama_3_3_70b_versatile,RANDOM,username_category,too_short,10,True,True,[''],0.0,too_short,0,5,1.3457960449159144e-05
llama_3_3_70b_versatile,RANDOM,username_category,too_short,11,True,True,['xEJ'],0.0,too_short,0,3,6.3749030232429504e-06
llama_3_3_70b_versatile,RANDOM,username_category,too_short,12,True,True,[''],0.0,too_short,0,2,4.58303838968277e-06
llama_3_3_70b_versatile,RANDOM,username_category,too_short,13,True,True,['v'],0.0,too_short,0,1,2.2919848561286926e-06
llama_3_3_70b_versatile,RANDOM,username_category,too_short,14,True,True,['k0o'],0.0,too_short,0,9,2.1957908757030964e-05
llama_3_3_70b_versatile,RANDOM,username_category,too_short,15,True,True,['BC'],0.0,too_short,0,7,1.662492286413908e-05
llama_3_3_70b_versatile,RANDOM,username_category,too_short,16,True,True,['Vs'],0.0,too_short,0,3,7.916940376162529e-06
llama_3_3_70b_versatile,RANDOM,username_category,too_short,17,True,True,['jH'],0.0,too_short,0,5,1.3040960766375063e-05
llama_3_3_70b_versatile,RANDOM,username_category,too_short,18,True,True,['XY'],0.0,too_short,0,1,2.125045284628868e-06
llama_3_3_70b_versatile,RANDOM,username_category,too_short,19,True,True,[''],0.0,too_short,0,3,6.375019438564777e-06
llama_3_3_70b_versatile,RANDOM,username_category,too_short,20,True,True,['TbYs'],0.0,too_short,0,5,1.0458985343575478e-05
llama_3_3_70b_versatile,RANDOM,username_category,too_short,21,True,True,[''],0.0,too_short,0,2,3.999914042651653e-06
llama_3_3_70b_versatile,RANDOM,username_category,too_short,22,True,True,['DD'],0.0,too_short,0,1,2.541113644838333e-06
llama_3_3_70b_versatile,RANDOM,username_category,too_short,23,True,True,['Yds'],0.0,too_short,0,2,4.208064638078213e-06
llama_3_3_70b_versatile,RANDOM,username_category,too_short,24,True,True,['Y9CL'],0.0,too_short,0,4,9.25001222640276e-06
llama_3_3_70b_versatile,RANDOM,username_category,too_short,25,True,True,['p'],0.0,too_short,0,3,7.750000804662704e-06
llama_3_3_70b_versatile,RANDOM,username_category,too_short,26,True,True,['zLl8'],0.0,too_short,0,2,4.833913408219814e-06
llama_3_3_70b_versatile,RANDOM,username_category,too_short,27,True,True,['7U'],0.0,too_short,0,4,9.792041964828968e-06
llama_3_3_70b_versatile,RANDOM,username_category,too_short,28,True,True,['xOX'],0.0,too_short,0,1,2.625049091875553e-06
llama_3_3_70b_versatile,RANDOM,username_category,too_short,29,True,True,['PQY'],0.0,too_short,0,3,6.792019121348858e-06
llama_3_3_70b_versatile,RANDOM,username_category,weak_username,0,True,True,['xYzDhGz'],0.0,weak_username,0,1,4.125060513615608e-06
llama_3_3_70b_versatile,RANDOM,username_category,weak_username,1,True,True,['OBVXKJhdi'],0.0,weak_username,0,1,4.334026016294956e-06
llama_3_3_70b_versatile,RANDOM,username_category,weak_username,2,True,True,['jfqtg'],0.0,weak_username,0,8,2.5958986952900887e-05
llama_3_3_70b_versatile,RANDOM,username_category,weak_username,3,True,True,['XVzsI'],0.0,weak_username,0,1,3.2919924706220627e-06
llama_3_3_70b_versatile,RANDOM,username_category,weak_username,4,True,True,['tDWjl'],0.0,weak_username,0,10,2.691708505153656e-05
llama_3_3_70b_versatile,RANDOM,username_category,weak_username,5,True,True,['mdnCFv'],0.0,weak_username,0,1,3.708992153406143e-06
llama_3_3_70b_versatile,RANDOM,username_category,weak_username,6,True,True,['WRPUj'],0.0,weak_username,0,1,3.459048457443714e-06
llama_3_3_70b_versatile,RANDOM,username_category,weak_username,7,True,True,['CYnNov'],0.0,weak_username,0,5,1.5208963304758072e-05
llama_3_3_70b_versatile,RANDOM,username_category,weak_username,8,True,True,['aMzOlJVWHv'],0.0,weak_username,0,3,9.416951797902584e-06
llama_3_3_70b_versatile,RANDOM,username_category,weak_username,9,True,True,['TpVHIwmVqw'],0.0,weak_username,0,1,4.541012458503246e-06
llama_3_3_70b_versatile,RANDOM,username_category,weak_username,10,True,True,['ahzssbE'],0.0,weak_username,0,5,1.795799471437931e-05
llama_3_3_70b_versatile,RANDOM,username_category,weak_username,11,True,True,['QIkJeg'],0.0,weak_username,0,1,3.5420525819063187e-06
llama_3_3_70b_versatile,RANDOM,username_category,weak_username,12,True,True,['JllZphl'],0.0,weak_username,0,5,1.1916039511561394e-05
llama_3_3_70b_versatile,RANDOM,username_category,weak_username,13,True,True,['GYCKyEIx'],0.0,weak_username,0,1,4.082918167114258e-06
llama_3_3_70b_versatile,RANDOM,username_category,weak_username,14,True,True,['CLtfcB'],0.0,weak_username,0,2,6.708083674311638e-06
llama_3_3_70b_versatile,RANDOM,username_category,weak_username,15,True,True,['mSBqKWFGUG'],0.0,weak_username,0,6,2.02918890863657e-05
llama_3_3_70b_versatile,RANDOM,username_category,weak_username,16,True,True,['VateYMQTc'],0.0,weak_username,0,9,2.89171002805233e-05
llama_3_3_70b_versatile,RANDOM,username_category,weak_username,17,True,True,['MhODyRP'],0.0,weak_username,0,8,2.6916968636214733e-05
llama_3_3_70b_versatile,RANDOM,username_category,weak_username,18,True,True,['gtRBIzWhjIlhMBy'],0.0,weak_username,0,22,5.8875069953501225e-05
llama_3_3_70b_versatile,RANDOM,username_category,weak_username,19,True,True,['hsVbX'],0.0,weak_username,0,7,2.158398274332285e-05
llama_3_3_70b_versatile,RANDOM,username_category,weak_username,20,True,True,['sBeDTr'],0.0,weak_username,0,9,2.945796586573124e-05
llama_3_3_70b_versatile,RANDOM,username_category,weak_username,21,True,True,['ZBTRFf'],0.0,weak_username,0,4,1.4625024050474169e-05
llama_3_3_70b_versatile,RANDOM,username_category,weak_username,22,True,True,['VwcQsb'],0.0,weak_username,0,1,3.833090886473656e-06
llama_3_3_70b_versatile,RANDOM,username_category,weak_username,23,True,True,['zqZiCgwfz'],0.0,weak_username,0,2,8.958973921835423e-06
llama_3_3_70b_versatile,RANDOM,username_category,weak_username,24,True,True,['vzyOyFAzwFzcP'],0.0,weak_username,0,18,5.40000619366765e-05
llama_3_3_70b_versatile,RANDOM,username_category,weak_username,25,True,True,['fDpdxwKKZae'],0.0,weak_username,0,1,4.834029823541641e-06
llama_3_3_70b_versatile,RANDOM,username_category,weak_username,26,True,True,['iuXdkuXUyP'],0.0,weak_username,0,3,1.1416967026889324e-05
llama_3_3_70b_versatile,RANDOM,username_category,weak_username,27,True,True,['VMmCbLE'],0.0,weak_username,0,8,2.6540947146713737e-05
llama_3_3_70b_versatile,RANDOM,username_category,weak_username,28,True,True,['JYGWV'],0.0,weak_username,0,3,7.458031177520752e-06
llama_3_3_70b_versatile,RANDOM,username_category,weak_username,29,True,True,['EEsCO'],0.0,weak_username,0,1,3.5420525819063187e-06
llama_3_3_70b_versatile,HILL_CLIMBING,bmi_category,invalid_height,0,False,False,"[2024.0649954586268, 8.21346887712936]",0.0034518513864583,,935,8093,0.0123927909880876
llama_3_3_70b_versatile,HILL_CLIMBING,bmi_category,invalid_height,1,False,False,"[1286.2382311122135, 7.172395826162368]",0.003045762023671,,3823,8093,0.0110773750348016
llama_3_3_70b_versatile,HILL_CLIMBING,bmi_category,invalid_height,2,False,False,"[2844.136016110391, 12.404459526694941]",0.0160549344349689,,2169,8093,0.0101334580685943
llama_3_3_70b_versatile,HILL_CLIMBING,bmi_category,invalid_height,3,False,False,"[2950.530486570075, 12.628979678471486]",0.0003472057459461,,3386,8091,0.0095989159308373
llama_3_3_70b_versatile,HILL_CLIMBING,bmi_category,invalid_height,4,False,False,"[1893.7763038632668, 10.119570441098316]",0.0071212390825863,,5754,8093,0.0089760839473456
llama_3_3_70b_versatile,HILL_CLIMBING,bmi_category,invalid_height,5,False,False,"[2720.370963527384, 12.127094961209904]",0.0024344925895967,,3699,8093,0.0086941668996587
llama_3_3_70b_versatile,HILL_CLIMBING,bmi_category,invalid_height,6,False,False,"[2892.6924969925954, 12.505233166200851]",0.0022595413827559,,3261,8093,0.0089761250419542
llama_3_3_70b_versatile,HILL_CLIMBING,bmi_category,invalid_height,7,False,False,"[2971.605637817085, 12.669607511629353]",0.0124906095778527,,2976,8094,0.0089837920386344
llama_3_3_70b_versatile,HILL_CLIMBING,bmi_category,invalid_height,8,False,False,"[2973.4878213073866, 12.683114779642093]",0.0152186179279034,,3221,8093,0.0088845419231802
llama_3_3_70b_versatile,HILL_CLIMBING,bmi_category,invalid_height,9,False,False,"[2487.879965868728, 11.600802091815519]",0.0135556746476659,,4307,8092,0.0091241659829393
llama_3_3_70b_versatile,HILL_CLIMBING,bmi_category,invalid_height,10,False,False,"[2795.7753161133, 12.300801109138671]",0.0228292062412727,,7449,8093,0.0089902919717133
llama_3_3_70b_versatile,HILL_CLIMBING,bmi_category,invalid_height,11,False,False,"[2608.569759820057, 11.875550673986437]",0.0032706864648517,,291,8094,0.0089809170458465
llama_3_3_70b_versatile,HILL_CLIMBING,bmi_category,invalid_height,12,False,False,"[2060.722371798597, 10.554622877531244]",0.0016051499667284,,7005,8092,0.0088074160739779
llama_3_3_70b_versatile,HILL_CLIMBING,bmi_category,invalid_height,13,False,False,"[2764.083087102267, 9.600424758408689]",0.0104328783415041,,2257,8093,0.0088907920289784
llama_3_3_70b_versatile,HILL_CLIMBING,bmi_category,invalid_height,14,False,False,"[2354.6530408598665, 11.277671887817748]",0.0134779225888124,,1830,8091,0.0089127919636666
llama_3_3_70b_versatile,HILL_CLIMBING,bmi_category,invalid_height,15,False,False,"[2708.83775117257, 12.100851431038727]",0.0008771930871276,,7722,8092,0.0088777909986674
llama_3_3_70b_versatile,HILL_CLIMBING,bmi_category,invalid_height,16,False,False,"[2455.0077127856785, 11.518433205962081]",0.0040180927854933,,7020,8092,0.0088333340827375
llama_3_3_70b_versatile,HILL_CLIMBING,bmi_category,invalid_height,17,False,False,"[2494.1807705908777, 11.609586004022344]",0.0052288519595968,,5555,8093,0.0089258749503642
llama_3_3_70b_versatile,HILL_CLIMBING,bmi_category,invalid_height,18,False,False,"[2934.703483605504, 12.5999659607121]",0.0147433859071846,,2341,8093,0.0089124579681083
llama_3_3_70b_versatile,HILL_CLIMBING,bmi_category,invalid_height,19,False,False,"[2890.888254410827, 12.498149133649376]",0.0071651087318116,,5949,8092,0.0088655829895287
llama_3_3_70b_versatile,HILL_CLIMBING,bmi_category,invalid_height,20,False,False,"[2956.096431762509, 12.638847745734886]",0.0056196996403308,,6910,8092,0.0088506669271737
llama_3_3_70b_versatile,HILL_CLIMBING,bmi_category,invalid_height,21,False,False,"[2609.2359850716894, 11.875175665446495]",0.0026218942510105,,7255,8090,0.0088206250220537
llama_3_3_70b_versatile,HILL_CLIMBING,bmi_category,invalid_height,22,False,False,"[2846.7681448113085, 12.408839905283719]",0.0120084277683858,,1194,8093,0.0090178339742124
llama_3_3_70b_versatile,HILL_CLIMBING,bmi_category,invalid_height,23,False,False,"[2802.4312297418264, 12.30798318306687]",0.0004495180876595,,2254,8094,0.0089259579544886
llama_3_3_70b_versatile,HILL_CLIMBING,bmi_category,invalid_height,24,False,False,"[2989.2834821491983, 12.713429336474936]",0.0055391471928629,,6014,8092,0.008917500032112
llama_3_3_70b_versatile,HILL_CLIMBING,bmi_category,invalid_height,25,False,False,"[2531.8770570812276, 11.698858511049341]",0.0006854756827827,,282,8094,0.0091803750256076
llama_3_3_70b_versatile,HILL_CLIMBING,bmi_category,invalid_height,26,False,False,"[2967.4346962651534, 12.664218452955067]",0.0022431342400857,,3764,8092,0.0090838749893009
llama_3_3_70b_versatile,HILL_CLIMBING,bmi_category,invalid_height,27,False,False,"[2942.400316207502, 12.613742374646433]",0.0067242548407726,,5627,8094,0.009085249970667
llama_3_3_70b_versatile,HILL_CLIMBING,bmi_category,invalid_height,28,False,False,"[2754.7110959019255, 9.58198432931067]",0.0030320430721957,,5085,8093,0.008997542085126
llama_3_3_70b_versatile,HILL_CLIMBING,bmi_category,invalid_height,29,False,False,"[2444.1209443880607, 11.499493718230331]",0.0173069110506141,,7563,8093,0.0088536250405013
llama_3_3_70b_versatile,HILL_CLIMBING,bmi_category,normal,0,True,True,"[2989.046685845835, 12.294795039889546]",0.0,normal,466,467,0.000670832931064
llama_3_3_70b_versatile,HILL_CLIMBING,bmi_category,normal,1,True,True,"[2184.593224707807, 10.710774974667325]",0.0,normal,36,37,6.612495053559542e-05
llama_3_3_70b_versatile,HILL_CLIMBING,bmi_category,normal,2,True,True,"[2876.6880318135354, 12.3167992790049]",0.0,normal,217,218,0.0003339169779792
llama_3_3_70b_versatile,HILL_CLIMBING,bmi_category,normal,3,True,True,"[2978.276701428151, 12.632741234205437]",0.0,normal,199,200,0.0002968750195577
llama_3_3_70b_versatile,HILL_CLIMBING,bmi_category,normal,4,True,True,"[2727.5963273378097, 11.244481849623746]",0.0,normal,134,135,0.0001939999638125
llama_3_3_70b_versatile,HILL_CLIMBING,bmi_category,normal,5,True,True,"[2991.441717512595, 12.39262256728396]",0.0,normal,329,330,0.0005099590634927
llama_3_3_70b_versatile,HILL_CLIMBING,bmi_category,normal,6,True,True,"[2845.112413999868, 11.974014791731856]",0.0,normal,255,256,0.0003807080211117
llama_3_3_70b_versatile,HILL_CLIMBING,bmi_category,normal,7,True,True,"[2871.8656398224844, 12.353988879695601]",0.0,normal,543,544,0.000758915906772
llama_3_3_70b_versatile,HILL_CLIMBING,bmi_category,normal,8,True,True,"[2852.1143384470784, 11.963467886023334]",0.0,normal,293,294,0.0004367920337244
llama_3_3_70b_versatile,HILL_CLIMBING,bmi_category,normal,9,True,True,"[2779.457266955654, 11.954643340666522]",0.0,normal,50,51,8.420890662819147e-05
llama_3_3_70b_versatile,HILL_CLIMBING,bmi_category,normal,10,True,True,"[2237.047186764647, 10.710820921801368]",0.0,normal,229,230,0.0003288750303909
llama_3_3_70b_versatile,HILL_CLIMBING,bmi_category,normal,11,True,True,"[2889.8943903088652, 12.090898336800697]",0.0,normal,481,482,0.0006952909752726
llama_3_3_70b_versatile,HILL_CLIMBING,bmi_category,normal,12,True,True,"[2835.324534912299, 11.591667148021363]",0.0,normal,284,285,0.0004253749502822
llama_3_3_70b_versatile,HILL_CLIMBING,bmi_category,normal,13,True,True,"[3000.0, 10.969131020221457]",0.0,normal,79,80,0.0001290839863941
llama_3_3_70b_versatile,HILL_CLIMBING,bmi_category,normal,14,True,True,"[2948.1213253528567, 11.729702278145403]",0.0,normal,111,112,0.0001642919378355
llama_3_3_70b_versatile,HILL_CLIMBING,bmi_category,normal,15,True,True,"[2870.517276823162, 11.882283604846515]",0.0,normal,310,311,0.0004640000406652
llama_3_3_70b_versatile,HILL_CLIMBING,bmi_category,normal,16,True,True,"[2843.486658457557, 12.305251541797864]",0.0,normal,182,183,0.0002645419444888
llama_3_3_70b_versatile,HILL_CLIMBING,bmi_category,normal,17,True,True,"[2759.8129866633994, 12.009266922743269]",0.0,normal,221,222,0.0003138339379802
llama_3_3_70b_versatile,HILL_CLIMBING,bmi_category,normal,18,True,True,"[2935.490576054208, 12.401332349904399]",0.0,normal,142,143,0.0002221249742433
llama_3_3_70b_versatile,HILL_CLIMBING,bmi_category,normal,19,True,True,"[2897.451234116389, 12.351940930887807]",0.0,normal,646,647,0.0008838750654831
llama_3_3_70b_versatile,HILL_CLIMBING,bmi_category,normal,20,True,True,"[2515.019811491417, 11.276905220015284]",0.0,normal,221,222,0.0003273340407758
llama_3_3_70b_versatile,HILL_CLIMBING,bmi_category,normal,21,True,True,"[2852.067577708762, 11.825358595109387]",0.0,normal,181,182,0.0002687089145183
llama_3_3_70b_versatile,HILL_CLIMBING,bmi_category,normal,22,True,True,"[1691.9160491071964, 9.123586597771615]",0.0,normal,118,119,0.0001736249541863
llama_3_3_70b_versatile,HILL_CLIMBING,bmi_category,normal,23,True,True,"[922.2903943777534, 6.2628158329084425]",0.0,normal,586,587,0.0008074999786913
llama_3_3_70b_versatile,HILL_CLIMBING,bmi_category,normal,24,True,True,"[2095.889053149004, 9.359146539390515]",0.0,normal,95,96,0.0001414169091731
llama_3_3_70b_versatile,HILL_CLIMBING,bmi_category,normal,25,True,True,"[1896.0170268063812, 9.718083154313327]",0.0,normal,29,30,4.554097540676594e-05
llama_3_3_70b_versatile,HILL_CLIMBING,bmi_category,normal,26,True,True,"[2888.298556999975, 11.883010202592441]",0.0,normal,610,611,0.0008492920314893
llama_3_3_70b_versatile,HILL_CLIMBING,bmi_category,normal,27,True,True,"[2956.4526110125817, 11.331702049377999]",0.0,normal,166,167,0.0002438749652355
llama_3_3_70b_versatile,HILL_CLIMBING,bmi_category,normal,28,True,True,"[2958.126646727004, 12.174823683228974]",0.0,normal,231,232,0.0003344579599797
llama_3_3_70b_versatile,HILL_CLIMBING,bmi_category,normal,29,True,True,"[2952.7257352737915, 12.156612837224245]",0.0,normal,566,567,0.0007938750786706
llama_3_3_70b_versatile,HILL_CLIMBING,bmi_category,obese,0,True,True,"[2873.345392600063, 7.867361682405871]",0.0,obese,656,657,0.0008070829790085
llama_3_3_70b_versatile,HILL_CLIMBING,bmi_category,obese,1,True,True,"[2327.393274309126, 3.0159225033711268]",0.0,obese,652,653,0.0008216669084504
llama_3_3_70b_versatile,HILL_CLIMBING,bmi_category,obese,2,True,True,"[1391.595816949387, 6.105271162721637]",0.0,obese,412,413,0.0005825420375913
llama_3_3_70b_versatile,HILL_CLIMBING,bmi_category,obese,3,True,True,"[2694.378875671018, 5.99318925898884]",0.0,obese,882,884,0.0010785829508677
llama_3_3_70b_versatile,HILL_CLIMBING,bmi_category,obese,4,True,True,"[2209.0894909400145, 5.088025451134293]",0.0,obese,652,653,0.0007454169681295
llama_3_3_70b_versatile,HILL_CLIMBING,bmi_category,obese,5,True,True,"[2995.162926723399, 1.5876780292101156]",0.0,obese,1189,1190,0.0014939999673515
llama_3_3_70b_versatile,HILL_CLIMBING,bmi_category,obese,6,True,True,"[2963.6983180471957, 7.298857262605152]",0.0,obese,227,228,0.0003395839594304
llama_3_3_70b_versatile,HILL_CLIMBING,bmi_category,obese,7,True,True,"[1626.9655673007483, 0.9365861092087702]",0.0,obese,475,476,0.0005417079664766
llama_3_3_70b_versatile,HILL_CLIMBING,bmi_category,obese,8,True,True,"[2802.0861437766416, 5.637314514204572]",0.0,obese,43,44,7.658405229449272e-05
llama_3_3_70b_versatile,HILL_CLIMBING,bmi_category,obese,9,True,True,"[2476.905255283893, 1.1654907130188574]",0.0,obese,1268,1269,0.0014524169964715
llama_3_3_70b_versatile,HILL_CLIMBING,bmi_category,obese,10,True,True,"[2748.305771202604, 9.258380274500379]",0.0,obese,908,910,0.0010432079434394
llama_3_3_70b_versatile,HILL_CLIMBING,bmi_category,obese,11,True,True,"[2987.7481055676712, 0.9695401912729329]",0.0,obese,127,128,0.0001921249786391
llama_3_3_70b_versatile,HILL_CLIMBING,bmi_category,obese,12,True,True,"[43.63684288318148, 0.5382146501002882]",0.0,obese,3433,3436,0.0037879580631852
llama_3_3_70b_versatile,HILL_CLIMBING,bmi_category,obese,13,True,True,"[737.1607186402415, 1.9059687739545472]",0.0,obese,741,742,0.0008985840249806
llama_3_3_70b_versatile,HILL_CLIMBING,bmi_category,obese,14,True,True,"[2948.639459302301, 9.867586125186795]",0.0,obese,430,431,0.0005059590330347
llama_3_3_70b_versatile,HILL_CLIMBING,bmi_category,obese,15,True,True,"[2883.0534494713384, 9.74184442388808]",0.0,obese,578,579,0.000666334060952
llama_3_3_70b_versatile,HILL_CLIMBING,bmi_category,obese,16,True,True,"[2930.3447394509885, 6.8473470832319805]",0.0,obese,1050,1052,0.001229332992807
llama_3_3_70b_versatile,HILL_CLIMBING,bmi_category,obese,17,True,True,"[2884.662594286271, 3.7936409392589354]",0.0,obese,61,62,9.870901703834534e-05
llama_3_3_70b_versatile,HILL_CLIMBING,bmi_category,obese,18,True,True,"[2132.2395760219874, 5.516575721372541]",0.0,obese,78,79,0.0001290420768782
llama_3_3_70b_versatile,HILL_CLIMBING,bmi_category,obese,19,True,True,"[1307.0003618846458, 6.4761840519809155]",0.0,obese,371,372,0.0004220419796183
llama_3_3_70b_versatile,HILL_CLIMBING,bmi_category,obese,20,True,True,"[2174.8405116713716, 7.943598319528067]",0.0,obese,2742,2745,0.0031321250135079
llama_3_3_70b_versatile,HILL_CLIMBING,bmi_category,obese,21,True,True,"[2731.849995219522, 4.728865664083148]",0.0,obese,373,374,0.0004512500017881
llama_3_3_70b_versatile,HILL_CLIMBING,bmi_category,obese,22,True,True,"[2967.779718911873, 1.067911671295052]",0.0,obese,548,549,0.000673042028211
llama_3_3_70b_versatile,HILL_CLIMBING,bmi_category,obese,23,True,True,"[2937.5769398354296, 6.642785571130627]",0.0,obese,459,460,0.0005691249389201
llama_3_3_70b_versatile,HILL_CLIMBING,bmi_category,obese,24,True,True,"[2206.143408568216, 8.212384681196617]",0.0,obese,222,223,0.0003073749830946
llama_3_3_70b_versatile,HILL_CLIMBING,bmi_category,obese,25,True,True,"[2985.8592960428537, 0.41077750578377703]",0.0,obese,694,695,0.0008280409965664
llama_3_3_70b_versatile,HILL_CLIMBING,bmi_category,obese,26,True,True,"[2814.046799976233, 9.279462613425938]",0.0,obese,526,527,0.0007181670516729
llama_3_3_70b_versatile,HILL_CLIMBING,bmi_category,obese,27,True,True,"[2280.201831846325, 6.864441196500537]",0.0,obese,3437,3443,0.0038630829658359
llama_3_3_70b_versatile,HILL_CLIMBING,bmi_category,obese,28,True,True,"[2968.309037504649, 6.477447628609245]",0.0,obese,223,224,0.0003195829922333
llama_3_3_70b_versatile,HILL_CLIMBING,bmi_category,obese,29,True,True,"[2977.3406788235566, 7.098089041775779]",0.0,obese,238,239,0.0003486250061541
llama_3_3_70b_versatile,HILL_CLIMBING,bmi_category,overweight,0,True,True,"[2977.731664309497, 10.165642231840476]",0.0,overweight,686,687,0.0009716250933706
llama_3_3_70b_versatile,HILL_CLIMBING,bmi_category,overweight,1,True,True,"[2889.621842200929, 10.70088227991219]",0.0,overweight,489,490,0.0006402080180123
llama_3_3_70b_versatile,HILL_CLIMBING,bmi_category,overweight,2,True,True,"[2781.999461165311, 10.43838210455494]",0.0,overweight,3160,3165,0.0034904170315712
llama_3_3_70b_versatile,HILL_CLIMBING,bmi_category,overweight,3,False,False,"[2692.0384579406755, 12.0539237205468]",0.0278225302144932,,7339,8093,0.0091644169297069
llama_3_3_70b_versatile,HILL_CLIMBING,bmi_category,overweight,4,True,True,"[2958.4984181991003, 10.558594346678209]",0.0,overweight,377,378,0.0004544170806184
llama_3_3_70b_versatile,HILL_CLIMBING,bmi_category,overweight,5,True,True,"[2907.2767832848745, 10.760953214955979]",0.0,overweight,4624,4631,0.0053730409126728
llama_3_3_70b_versatile,HILL_CLIMBING,bmi_category,overweight,6,True,True,"[2965.1958291351343, 10.372902417809804]",0.0,overweight,85,86,0.0001231250353157
llama_3_3_70b_versatile,HILL_CLIMBING,bmi_category,overweight,7,True,True,"[1895.6400769969655, 8.302835387522745]",0.0,overweight,33,34,6.062502507120371e-05
llama_3_3_70b_versatile,HILL_CLIMBING,bmi_category,overweight,8,True,True,"[1133.4799585141225, 6.625424178286932]",0.0,overweight,3445,3450,0.0038260410074144
llama_3_3_70b_versatile,HILL_CLIMBING,bmi_category,overweight,9,True,True,"[2524.3442061833853, 9.943071742992956]",0.0,overweight,5361,5369,0.0060794999590143
llama_3_3_70b_versatile,HILL_CLIMBING,bmi_category,overweight,10,True,True,"[2610.073885274759, 10.162635461820026]",0.0,overweight,3648,3653,0.0042275830637663
llama_3_3_70b_versatile,HILL_CLIMBING,bmi_category,overweight,11,True,True,"[660.9586220430095, 4.7830165284212365]",0.0,overweight,630,631,0.0008622499881312
llama_3_3_70b_versatile,HILL_CLIMBING,bmi_category,overweight,12,True,True,"[2966.4642389160917, 10.173563364233084]",0.0,overweight,1325,1327,0.0015394580550491
llama_3_3_70b_versatile,HILL_CLIMBING,bmi_category,overweight,13,True,True,"[1899.0593050042762, 8.523559312312145]",0.0,overweight,5026,5034,0.0056585829006507
llama_3_3_70b_versatile,HILL_CLIMBING,bmi_category,overweight,14,True,True,"[1376.8678168984347, 7.218385301230923]",0.0,overweight,1139,1141,0.0012424580054357
llama_3_3_70b_versatile,HILL_CLIMBING,bmi_category,overweight,15,True,True,"[753.2971641937744, 5.226768047591535]",0.0,overweight,245,246,0.0003369998885318
llama_3_3_70b_versatile,HILL_CLIMBING,bmi_category,overweight,16,True,True,"[2388.0477846754466, 9.630623566900617]",0.0,overweight,5159,5166,0.0057838329812511
llama_3_3_70b_versatile,HILL_CLIMBING,bmi_category,overweight,17,False,False,"[2856.482625444852, 12.426726708524562]",0.0022846471291302,,4363,8092,0.0092172500444576
llama_3_3_70b_versatile,HILL_CLIMBING,bmi_category,overweight,18,True,True,"[2976.187711153543, 10.3024028308345]",0.0,overweight,337,338,0.0004858750617131
llama_3_3_70b_versatile,HILL_CLIMBING,bmi_category,overweight,19,True,True,"[2991.1531839738363, 10.43544145160702]",0.0,overweight,4563,4570,0.0053454169537872
llama_3_3_70b_versatile,HILL_CLIMBING,bmi_category,overweight,20,True,True,"[1456.1189998376744, 7.229144996819426]",0.0,overweight,1426,1428,0.0017669999506324
llama_3_3_70b_versatile,HILL_CLIMBING,bmi_category,overweight,21,True,True,"[2900.774950511448, 9.927391269155873]",0.0,overweight,277,278,0.0004097080091014
llama_3_3_70b_versatile,HILL_CLIMBING,bmi_category,overweight,22,True,True,"[2847.321737441641, 10.655479663666837]",0.0,overweight,1263,1265,0.0015816250815987
llama_3_3_70b_versatile,HILL_CLIMBING,bmi_category,overweight,23,True,True,"[1858.925572029807, 8.165907729301825]",0.0,overweight,1365,1367,0.0015300420345738
llama_3_3_70b_versatile,HILL_CLIMBING,bmi_category,overweight,24,True,True,"[2856.183591028446, 10.192416579773656]",0.0,overweight,1256,1258,0.0015425409656018
llama_3_3_70b_versatile,HILL_CLIMBING,bmi_category,overweight,25,True,True,"[2130.182738227692, 8.840422889255294]",0.0,overweight,73,74,0.0001157920341938
llama_3_3_70b_versatile,HILL_CLIMBING,bmi_category,overweight,26,True,True,"[2981.073937464221, 10.237013135549034]",0.0,overweight,3230,3236,0.0037220000522211
llama_3_3_70b_versatile,HILL_CLIMBING,bmi_category,overweight,27,True,True,"[29.214103347908583, 1.0]",0.0,overweight,750,751,0.0009987499797716
llama_3_3_70b_versatile,HILL_CLIMBING,bmi_category,overweight,28,True,True,"[2721.750734447318, 9.734953755363568]",0.0,overweight,1306,1308,0.0014449170557782
llama_3_3_70b_versatile,HILL_CLIMBING,bmi_category,overweight,29,True,True,"[2618.242932319874, 10.22800460459728]",0.0,overweight,1037,1038,0.0013042920036241
llama_3_3_70b_versatile,HILL_CLIMBING,bmi_category,underweight,0,True,True,"[1467.6298205249675, 2458.819968318202]",0.0,underweight,0,1,3.791996277868748e-06
llama_3_3_70b_versatile,HILL_CLIMBING,bmi_category,underweight,1,True,True,"[2351.691122605778, 1264.8630299573697]",0.0,underweight,0,1,3.00002284348011e-06
llama_3_3_70b_versatile,HILL_CLIMBING,bmi_category,underweight,2,True,True,"[1345.499127210288, 1711.0674826424508]",0.0,underweight,0,1,3.00002284348011e-06
llama_3_3_70b_versatile,HILL_CLIMBING,bmi_category,underweight,3,True,True,"[1282.2576769849318, 2999.996178914648]",0.0,underweight,0,1,2.4579931050539017e-06
llama_3_3_70b_versatile,HILL_CLIMBING,bmi_category,underweight,4,True,True,"[334.99261129729473, 1479.055136970107]",0.0,underweight,0,1,2.666027285158634e-06
llama_3_3_70b_versatile,HILL_CLIMBING,bmi_category,underweight,5,True,True,"[1433.901190068641, 491.6071022530388]",0.0,underweight,0,1,2.749962732195854e-06
llama_3_3_70b_versatile,HILL_CLIMBING,bmi_category,underweight,6,True,True,"[2929.4889273927843, 155.04919525281136]",0.0,underweight,0,1,2.750079147517681e-06
llama_3_3_70b_versatile,HILL_CLIMBING,bmi_category,underweight,7,True,True,"[617.1863340079906, 1327.1588789344378]",0.0,underweight,0,1,2.749962732195854e-06
llama_3_3_70b_versatile,HILL_CLIMBING,bmi_category,underweight,8,True,True,"[1132.6323220774627, 1385.686255956366]",0.0,underweight,0,1,3.00002284348011e-06
llama_3_3_70b_versatile,HILL_CLIMBING,bmi_category,underweight,9,True,True,"[2437.939773957212, 2367.4791730857924]",0.0,underweight,0,1,2.6670750230550766e-06
llama_3_3_70b_versatile,HILL_CLIMBING,bmi_category,underweight,10,True,True,"[2453.2618778780848, 272.17149301361786]",0.0,underweight,0,1,2.624932676553726e-06
llama_3_3_70b_versatile,HILL_CLIMBING,bmi_category,underweight,11,True,True,"[1582.3364268150326, 78.45196345315408]",0.0,underweight,0,1,3.0410010367631912e-06
llama_3_3_70b_versatile,HILL_CLIMBING,bmi_category,underweight,12,True,True,"[104.28428510607036, 1383.3779642138252]",0.0,underweight,0,1,2.6669586077332497e-06
llama_3_3_70b_versatile,HILL_CLIMBING,bmi_category,underweight,13,True,True,"[111.02736951500746, 772.0003234916734]",0.0,underweight,0,1,2.374988980591297e-06
llama_3_3_70b_versatile,HILL_CLIMBING,bmi_category,underweight,14,True,True,"[717.2962563367525, 1662.0291042681044]",0.0,underweight,0,1,2.9170187190175056e-06
llama_3_3_70b_versatile,HILL_CLIMBING,bmi_category,underweight,15,True,True,"[2537.231236507731, 2217.988750656077]",0.0,underweight,0,1,2.666027285158634e-06
llama_3_3_70b_versatile,HILL_CLIMBING,bmi_category,underweight,16,True,True,"[1319.1011257706236, 948.1679590146246]",0.0,underweight,0,1,2.291053533554077e-06
llama_3_3_70b_versatile,HILL_CLIMBING,bmi_category,underweight,17,True,True,"[1352.0646559702332, 285.0621777138229]",0.0,underweight,0,1,2.6670750230550766e-06
llama_3_3_70b_versatile,HILL_CLIMBING,bmi_category,underweight,18,True,True,"[2991.7238827326723, 2787.7860266816488]",0.0,underweight,0,1,2.9170187190175056e-06
llama_3_3_70b_versatile,HILL_CLIMBING,bmi_category,underweight,19,True,True,"[2828.6675212649116, 297.4876262579166]",0.0,underweight,0,1,2.625049091875553e-06
llama_3_3_70b_versatile,HILL_CLIMBING,bmi_category,underweight,20,True,True,"[2875.0693093861723, 1011.5507388806492]",0.0,underweight,0,1,2.2080494090914726e-06
llama_3_3_70b_versatile,HILL_CLIMBING,bmi_category,underweight,21,True,True,"[1886.4475642541854, 2966.457187869294]",0.0,underweight,0,1,2.625049091875553e-06
llama_3_3_70b_versatile,HILL_CLIMBING,bmi_category,underweight,22,True,True,"[1612.3505766735861, 1466.7140804383882]",0.0,underweight,0,1,2.750079147517681e-06
llama_3_3_70b_versatile,HILL_CLIMBING,bmi_category,underweight,23,True,True,"[2134.640256425348, 1435.3904391527713]",0.0,underweight,0,1,2.625049091875553e-06
llama_3_3_70b_versatile,HILL_CLIMBING,bmi_category,underweight,24,True,True,"[503.62132290080484, 2574.338813885029]",0.0,underweight,0,1,2.7091009542346e-06
llama_3_3_70b_versatile,HILL_CLIMBING,bmi_category,underweight,25,True,True,"[360.8244990124756, 1276.8759501162604]",0.0,underweight,0,1,2.708984538912773e-06
llama_3_3_70b_versatile,HILL_CLIMBING,bmi_category,underweight,26,True,True,"[220.09463133861863, 2771.466852641245]",0.0,underweight,0,1,2.6670750230550766e-06
llama_3_3_70b_versatile,HILL_CLIMBING,bmi_category,underweight,27,True,True,"[2918.459322736, 2006.09875526272]",0.0,underweight,0,1,2.249958924949169e-06
llama_3_3_70b_versatile,HILL_CLIMBING,bmi_category,underweight,28,True,True,"[81.5986123439313, 1500.9262629141833]",0.0,underweight,0,1,2.6670750230550766e-06
llama_3_3_70b_versatile,HILL_CLIMBING,bmi_category,underweight,29,True,True,"[129.1506433018752, 40.721046057523246]",0.0,underweight,0,1,2.9579969123005867e-06
llama_3_3_70b_versatile,HILL_CLIMBING,number_kind,even,0,True,True,[504],0.0,even,0,1,2.749962732195854e-06
llama_3_3_70b_versatile,HILL_CLIMBING,number_kind,even,1,True,True,[-68],0.0,even,0,1,2.540997229516506e-06
llama_3_3_70b_versatile,HILL_CLIMBING,number_kind,even,2,True,True,[352],0.0,even,0,1,2.0830193534493446e-06
llama_3_3_70b_versatile,HILL_CLIMBING,number_kind,even,3,True,True,[224],0.0,even,0,1,2.2919848561286926e-06
llama_3_3_70b_versatile,HILL_CLIMBING,number_kind,even,4,True,True,[1662],0.0,even,0,1,2.4170149117708206e-06
llama_3_3_70b_versatile,HILL_CLIMBING,number_kind,even,5,True,True,[342],0.0,even,2,3,5.375011824071407e-06
llama_3_3_70b_versatile,HILL_CLIMBING,number_kind,even,6,True,True,[1584],0.0,even,1,2,4.499917849898338e-06
llama_3_3_70b_versatile,HILL_CLIMBING,number_kind,even,7,True,True,[518],0.0,even,0,1,2.3329630494117737e-06
llama_3_3_70b_versatile,HILL_CLIMBING,number_kind,even,8,True,True,[2762],0.0,even,3,4,7.458031177520752e-06
llama_3_3_70b_versatile,HILL_CLIMBING,number_kind,even,9,True,True,[2982],0.0,even,0,1,2.500019036233425e-06
llama_3_3_70b_versatile,HILL_CLIMBING,number_kind,even,10,True,True,[166],0.0,even,2,3,5.624955520033836e-06
llama_3_3_70b_versatile,HILL_CLIMBING,number_kind,even,11,True,True,[6],0.0,even,0,1,2.374988980591297e-06
llama_3_3_70b_versatile,HILL_CLIMBING,number_kind,even,12,True,True,[2930],0.0,even,0,1,2.459040842950344e-06
llama_3_3_70b_versatile,HILL_CLIMBING,number_kind,even,13,True,True,[132],0.0,even,0,1,2.2919848561286926e-06
llama_3_3_70b_versatile,HILL_CLIMBING,number_kind,even,14,True,True,[776],0.0,even,1,2,4.58303838968277e-06
llama_3_3_70b_versatile,HILL_CLIMBING,number_kind,even,15,True,True,[738],0.0,even,3,4,7.791910320520401e-06
llama_3_3_70b_versatile,HILL_CLIMBING,number_kind,even,16,True,True,[2176],0.0,even,0,1,2.040993422269821e-06
llama_3_3_70b_versatile,HILL_CLIMBING,number_kind,even,17,True,True,[144],0.0,even,0,1,2.2919848561286926e-06
llama_3_3_70b_versatile,HILL_CLIMBING,number_kind,even,18,True,True,[-348],0.0,even,0,1,2.4579931050539017e-06
llama_3_3_70b_versatile,HILL_CLIMBING,number_kind,even,19,True,True,[2022],0.0,even,2,3,5.958019755780697e-06
llama_3_3_70b_versatile,HILL_CLIMBING,number_kind,even,20,True,True,[1600],0.0,even,0,1,2.2919848561286926e-06
llama_3_3_70b_versatile,HILL_CLIMBING,number_kind,even,21,True,True,[916],0.0,even,0,1,2.124928869307041e-06
llama_3_3_70b_versatile,HILL_CLIMBING,number_kind,even,22,True,True,[466],0.0,even,1,2,3.832974471151829e-06
llama_3_3_70b_versatile,HILL_CLIMBING,number_kind,even,23,True,True,[76],0.0,even,0,1,2.374988980591297e-06
llama_3_3_70b_versatile,HILL_CLIMBING,number_kind,even,24,True,True,[816],0.0,even,0,1,2.500019036233425e-06
llama_3_3_70b_versatile,HILL_CLIMBING,number_kind,even,25,True,True,[266],0.0,even,0,1,2.3329630494117737e-06
llama_3_3_70b_versatile,HILL_CLIMBING,number_kind,even,26,True,True,[1914],0.0,even,1,2,4.58303838968277e-06
llama_3_3_70b_versatile,HILL_CLIMBING,number_kind,even,27,True,True,[2036],0.0,even,0,1,2.5420449674129486e-06
llama_3_3_70b_versatile,HILL_CLIMBING,number_kind,even,28,True,True,[2396],0.0,even,0,1,2.3329630494117737e-06
llama_3_3_70b_versatile,HILL_CLIMBING,number_kind,even,29,True,True,[-26],0.0,even,2,3,6.292015314102173e-06
llama_3_3_70b_versatile,HILL_CLIMBING,number_kind,odd,0,True,True,[2643],0.0,odd,0,1,2.4579931050539017e-06
llama_3_3_70b_versatile,HILL_CLIMBING,number_kind,odd,1,True,True,[-91],0.0,odd,1,2,4.00003045797348e-06
llama_3_3_70b_versatile,HILL_CLIMBING,number_kind,odd,2,True,True,[2293],0.0,odd,1,2,4.459056071937084e-06
llama_3_3_70b_versatile,HILL_CLIMBING,number_kind,odd,3,True,True,[-161],0.0,odd,0,1,2.208980731666088e-06
llama_3_3_70b_versatile,HILL_CLIMBING,number_kind,odd,4,True,True,[2641],0.0,odd,0,1,2.00001522898674e-06
llama_3_3_70b_versatile,HILL_CLIMBING,number_kind,odd,5,True,True,[-55],0.0,odd,0,1,2.374988980591297e-06
llama_3_3_70b_versatile,HILL_CLIMBING,number_kind,odd,6,True,True,[1403],0.0,odd,0,1,2.4170149117708206e-06
llama_3_3_70b_versatile,HILL_CLIMBING,number_kind,odd,7,True,True,[2645],0.0,odd,1,2,4.041008651256561e-06
llama_3_3_70b_versatile,HILL_CLIMBING,number_kind,odd,8,True,True,[1491],0.0,odd,1,2,4.458008334040642e-06
llama_3_3_70b_versatile,HILL_CLIMBING,number_kind,odd,9,True,True,[1551],0.0,odd,0,1,2.5420449674129486e-06
llama_3_3_70b_versatile,HILL_CLIMBING,number_kind,odd,10,True,True,[-429],0.0,odd,0,1,2.291053533554077e-06
llama_3_3_70b_versatile,HILL_CLIMBING,number_kind,odd,11,True,True,[-379],0.0,odd,0,1,2.374988980591297e-06
llama_3_3_70b_versatile,HILL_CLIMBING,number_kind,odd,12,True,True,[1487],0.0,odd,0,1,2.624932676553726e-06
llama_3_3_70b_versatile,HILL_CLIMBING,number_kind,odd,13,True,True,[439],0.0,odd,1,2,4.375004209578037e-06
llama_3_3_70b_versatile,HILL_CLIMBING,number_kind,odd,14,True,True,[2615],0.0,odd,0,1,2.2909371182322502e-06
llama_3_3_70b_versatile,HILL_CLIMBING,number_kind,odd,15,True,True,[2563],0.0,odd,0,1,2.5419285520911217e-06
llama_3_3_70b_versatile,HILL_CLIMBING,number_kind,odd,16,True,True,[-341],0.0,odd,2,3,7.958966307342052e-06
llama_3_3_70b_versatile,HILL_CLIMBING,number_kind,odd,17,True,True,[1127],0.0,odd,1,2,5.082925781607628e-06
llama_3_3_70b_versatile,HILL_CLIMBING,number_kind,odd,18,True,True,[-17],0.0,odd,0,1,2.374988980591297e-06
llama_3_3_70b_versatile,HILL_CLIMBING,number_kind,odd,19,True,True,[-479],0.0,odd,0,1,2.334010787308216e-06
llama_3_3_70b_versatile,HILL_CLIMBING,number_kind,odd,20,True,True,[1603],0.0,odd,0,1,2.2919848561286926e-06
llama_3_3_70b_versatile,HILL_CLIMBING,number_kind,odd,21,True,True,[2947],0.0,odd,0,1,2.249958924949169e-06
llama_3_3_70b_versatile,HILL_CLIMBING,number_kind,odd,22,True,True,[1933],0.0,odd,1,2,4.749977961182594e-06
llama_3_3_70b_versatile,HILL_CLIMBING,number_kind,odd,23,True,True,[193],0.0,odd,0,1,2.2919848561286926e-06
llama_3_3_70b_versatile,HILL_CLIMBING,number_kind,odd,24,True,True,[2367],0.0,odd,0,1,2.2919848561286926e-06
llama_3_3_70b_versatile,HILL_CLIMBING,number_kind,odd,25,True,True,[-307],0.0,odd,0,1,2.374988980591297e-06
llama_3_3_70b_versatile,HILL_CLIMBING,number_kind,odd,26,True,True,[2809],0.0,odd,5,6,1.0292045772075651e-05
llama_3_3_70b_versatile,HILL_CLIMBING,number_kind,odd,27,True,True,[551],0.0,odd,1,2,4.66697383671999e-06
llama_3_3_70b_versatile,HILL_CLIMBING,number_kind,odd,28,True,True,[1873],0.0,odd,0,1,2.3329630494117737e-06
llama_3_3_70b_versatile,HILL_CLIMBING,number_kind,odd,29,True,True,[2799],0.0,odd,2,3,5.915993824601173e-06
llama_3_3_70b_versatile,HILL_CLIMBING,number_kind,zero,0,True,True,[0],0.0,zero,43,44,7.170799653977156e-05
llama_3_3_70b_versatile,HILL_CLIMBING,number_kind,zero,1,True,True,[0],0.0,zero,36,37,5.508307367563248e-05
llama_3_3_70b_versatile,HILL_CLIMBING,number_kind,zero,2,True,True,[0],0.0,zero,57,58,7.604097481817007e-05
llama_3_3_70b_versatile,HILL_CLIMBING,number_kind,zero,3,True,True,[0],0.0,zero,85,86,0.0001004580408334
llama_3_3_70b_versatile,HILL_CLIMBING,number_kind,zero,4,True,True,[0],0.0,zero,64,65,8.041702676564455e-05
llama_3_3_70b_versatile,HILL_CLIMBING,number_kind,zero,5,True,True,[0],0.0,zero,99,100,0.0001102079404518
llama_3_3_70b_versatile,HILL_CLIMBING,number_kind,zero,6,True,True,[0],0.0,zero,122,123,0.0001441669883206
llama_3_3_70b_versatile,HILL_CLIMBING,number_kind,zero,7,True,True,[0],0.0,zero,84,85,9.904196485877036e-05
llama_3_3_70b_versatile,HILL_CLIMBING,number_kind,zero,8,True,True,[0],0.0,zero,123,124,0.0001454169396311
llama_3_3_70b_versatile,HILL_CLIMBING,number_kind,zero,9,True,True,[0],0.0,zero,57,58,6.745802238583565e-05
llama_3_3_70b_versatile,HILL_CLIMBING,number_kind,zero,10,True,True,[0],0.0,zero,83,84,9.962508920580147e-05
llama_3_3_70b_versatile,HILL_CLIMBING,number_kind,zero,11,True,True,[0],0.0,zero,74,75,8.454197086393833e-05
llama_3_3_70b_versatile,HILL_CLIMBING,number_kind,zero,12,True,True,[0],0.0,zero,86,87,9.229104034602642e-05
llama_3_3_70b_versatile,HILL_CLIMBING,number_kind,zero,13,True,True,[0],0.0,zero,103,104,0.000102209043689
llama_3_3_70b_versatile,HILL_CLIMBING,number_kind,zero,14,True,True,[0],0.0,zero,73,74,9.008299093693496e-05
llama_3_3_70b_versatile,HILL_CLIMBING,number_kind,zero,15,True,True,[0],0.0,zero,91,92,0.0001010419800877
llama_3_3_70b_versatile,HILL_CLIMBING,number_kind,zero,16,True,True,[0],0.0,zero,45,46,6.812496576458216e-05
llama_3_3_70b_versatile,HILL_CLIMBING,number_kind,zero,17,True,True,[0],0.0,zero,95,96,0.0001179591054096
llama_3_3_70b_versatile,HILL_CLIMBING,number_kind,zero,18,True,True,[0],0.0,zero,34,35,4.433305002748966e-05
llama_3_3_70b_versatile,HILL_CLIMBING,number_kind,zero,19,True,True,[0],0.0,zero,94,95,0.0001117920037358
llama_3_3_70b_versatile,HILL_CLIMBING,number_kind,zero,20,True,True,[0],0.0,zero,64,65,7.820792961865664e-05
llama_3_3_70b_versatile,HILL_CLIMBING,number_kind,zero,21,True,True,[0],0.0,zero,49,50,5.8458070270717144e-05
llama_3_3_70b_versatile,HILL_CLIMBING,number_kind,zero,22,True,True,[0],0.0,zero,109,110,0.0001297920243814
llama_3_3_70b_versatile,HILL_CLIMBING,number_kind,zero,23,True,True,[0],0.0,zero,145,146,0.0001540000084787
llama_3_3_70b_versatile,HILL_CLIMBING,number_kind,zero,24,True,True,[0],0.0,zero,41,42,5.533394869416952e-05
llama_3_3_70b_versatile,HILL_CLIMBING,number_kind,zero,25,True,True,[0],0.0,zero,117,118,0.0001476249890401
llama_3_3_70b_versatile,HILL_CLIMBING,number_kind,zero,26,True,True,[0],0.0,zero,123,124,0.0001416670856997
llama_3_3_70b_versatile,HILL_CLIMBING,number_kind,zero,27,True,True,[0],0.0,zero,74,75,8.187501225620508e-05
llama_3_3_70b_versatile,HILL_CLIMBING,number_kind,zero,28,True,True,[0],0.0,zero,100,101,0.0001148330047726
llama_3_3_70b_versatile,HILL_CLIMBING,number_kind,zero,29,True,True,[0],0.0,zero,132,133,0.0001432499848306
llama_3_3_70b_versatile,HILL_CLIMBING,password_strength,medium,0,True,True,['ARDTGUDuyKhnZ'],0.0,medium,14,15,4.2208004742860794e-05
llama_3_3_70b_versatile,HILL_CLIMBING,password_strength,medium,1,True,True,['HoH2MG7e8'],0.0,medium,48,49,0.0001088751014322
llama_3_3_70b_versatile,HILL_CLIMBING,password_strength,medium,2,True,True,['DfbWLVeUsX'],0.0,medium,7,8,2.2500054910779e-05
llama_3_3_70b_versatile,HILL_CLIMBING,password_strength,medium,3,True,True,['0oid1g2'],0.0,medium,0,1,4.416098818182945e-06
llama_3_3_70b_versatile,HILL_CLIMBING,password_strength,medium,4,True,True,['gbVpZHwQjCD'],0.0,medium,73,74,0.0001614160137251
llama_3_3_70b_versatile,HILL_CLIMBING,password_strength,medium,5,True,True,['SLLSh70'],0.0,medium,0,1,4.375004209578037e-06
llama_3_3_70b_versatile,HILL_CLIMBING,password_strength,medium,6,True,True,['ZRvZiRf'],0.0,medium,0,1,4.292000085115433e-06
llama_3_3_70b_versatile,HILL_CLIMBING,password_strength,medium,7,True,True,['riky78'],0.0,medium,2,3,9.999959729611874e-06
llama_3_3_70b_versatile,HILL_CLIMBING,password_strength,medium,8,True,True,['TOvRyY'],0.0,medium,7,8,2.0875013433396816e-05
llama_3_3_70b_versatile,HILL_CLIMBING,password_strength,medium,9,True,True,['VnnwiuKPoFVq'],0.0,medium,59,60,0.0001309169456362
llama_3_3_70b_versatile,HILL_CLIMBING,password_strength,medium,10,True,True,['6q7tZm'],0.0,medium,7,8,2.0499923266470432e-05
llama_3_3_70b_versatile,HILL_CLIMBING,password_strength,medium,11,True,True,['y8z1Ms'],0.0,medium,20,21,4.145794082432985e-05
llama_3_3_70b_versatile,HILL_CLIMBING,password_strength,medium,12,True,True,['L8YOt0'],0.0,medium,1,2,6.749993190169334e-06
llama_3_3_70b_versatile,HILL_CLIMBING,password_strength,medium,13,True,True,['6zDyRk'],0.0,medium,13,14,3.470794763416052e-05
llama_3_3_70b_versatile,HILL_CLIMBING,password_strength,medium,14,True,True,['Ne1rAg3R0'],0.0,medium,54,55,0.0001204169820994
llama_3_3_70b_versatile,HILL_CLIMBING,password_strength,medium,15,True,True,['tbZlOzdLkMkcaQ'],0.0,medium,13,14,3.8874917663633823e-05
llama_3_3_70b_versatile,HILL_CLIMBING,password_strength,medium,16,True,True,['ukLoU22'],0.0,medium,0,1,3.791996277868748e-06
llama_3_3_70b_versatile,HILL_CLIMBING,password_strength,medium,17,True,True,['WxX8Toe2X'],0.0,medium,1,2,7.707974873483181e-06
llama_3_3_70b_versatile,HILL_CLIMBING,password_strength,medium,18,True,True,['eIyWTJDfGBGaVuv'],0.0,medium,6,7,2.437504008412361e-05
llama_3_3_70b_versatile,HILL_CLIMBING,password_strength,medium,19,True,True,['5OXCPRwh'],0.0,medium,0,1,4.166038706898689e-06
llama_3_3_70b_versatile,HILL_CLIMBING,password_strength,medium,20,True,True,['SnRYBq'],0.0,medium,0,1,3.999914042651653e-06
llama_3_3_70b_versatile,HILL_CLIMBING,password_strength,medium,21,True,True,['XeI2el'],0.0,medium,9,10,2.5957939215004444e-05
llama_3_3_70b_versatile,HILL_CLIMBING,password_strength,medium,22,True,True,['S20MtrImg'],0.0,medium,82,83,0.0001752919051796
llama_3_3_70b_versatile,HILL_CLIMBING,password_strength,medium,23,True,True,['zFjKcthCfxJU'],0.0,medium,18,19,4.858395550400019e-05
llama_3_3_70b_versatile,HILL_CLIMBING,password_strength,medium,24,True,True,['TcysgPEBENB'],0.0,medium,0,1,5.08397351950407e-06
llama_3_3_70b_versatile,HILL_CLIMBING,password_strength,medium,25,True,True,['ED4Fs3'],0.0,medium,7,8,2.104195300489664e-05
llama_3_3_70b_versatile,HILL_CLIMBING,password_strength,medium,26,True,True,['2BHziD'],0.0,medium,27,28,5.937495734542608e-05
llama_3_3_70b_versatile,HILL_CLIMBING,password_strength,medium,27,True,True,['KzLD5Y'],0.0,medium,10,11,2.5792047381401065e-05
llama_3_3_70b_versatile,HILL_CLIMBING,password_strength,medium,28,True,True,['E0zDMaPs'],0.0,medium,0,1,4.375004209578037e-06
llama_3_3_70b_versatile,HILL_CLIMBING,password_strength,medium,29,True,True,['fQk42PUEI'],0.0,medium,33,34,8.695793803781271e-05
llama_3_3_70b_versatile,HILL_CLIMBING,password_strength,strong,0,True,True,['tmaRSAfk4s'],0.0,strong,24,25,6.0416990891098976e-05
llama_3_3_70b_versatile,HILL_CLIMBING,password_strength,strong,1,True,True,['9DwbIQAy3k'],0.0,strong,7,8,2.2083986550569538e-05
llama_3_3_70b_versatile,HILL_CLIMBING,password_strength,strong,2,True,True,['08C17rrbcJp6yz3'],0.0,strong,0,1,5.458015948534012e-06
llama_3_3_70b_versatile,HILL_CLIMBING,password_strength,strong,3,True,True,['N55Et8b0VY'],0.0,strong,6,7,1.7208978533744812e-05
llama_3_3_70b_versatile,HILL_CLIMBING,password_strength,strong,4,True,True,['jSsB2OLm33rLraw'],0.0,strong,0,1,5.542067810893059e-06
llama_3_3_70b_versatile,HILL_CLIMBING,password_strength,strong,5,True,True,['YRwQXTM94B'],0.0,strong,0,1,5.00003807246685e-06
llama_3_3_70b_versatile,HILL_CLIMBING,password_strength,strong,6,True,True,['eDWZtpi1s37zRQ'],0.0,strong,0,1,5.334033630788326e-06
llama_3_3_70b_versatile,HILL_CLIMBING,password_strength,strong,7,True,True,['JlwUfTn2Z1WN'],0.0,strong,0,1,5.292007699608803e-06
llama_3_3_70b_versatile,HILL_CLIMBING,password_strength,strong,8,True,True,['l3mvNYFRzM'],0.0,strong,15,16,4.220893606543541e-05
llama_3_3_70b_versatile,HILL_CLIMBING,password_strength,strong,9,True,True,['LkGAi9jpYm'],0.0,strong,19,20,4.795799031853676e-05
llama_3_3_70b_versatile,HILL_CLIMBING,password_strength,strong,10,True,True,['8fMd2iEeTL'],0.0,strong,29,30,6.150000263005495e-05
llama_3_3_70b_versatile,HILL_CLIMBING,password_strength,strong,11,True,True,['JJxFmyI1zY'],0.0,strong,24,25,5.737494211643934e-05
llama_3_3_70b_versatile,HILL_CLIMBING,password_strength,strong,12,True,True,['A8c2kOvqyR5Qux'],0.0,strong,0,1,5.166977643966675e-06
llama_3_3_70b_versatile,HILL_CLIMBING,password_strength,strong,13,True,True,['e5GVHroe47'],0.0,strong,5,6,1.779093872755766e-05
llama_3_3_70b_versatile,HILL_CLIMBING,password_strength,strong,14,True,True,['sKy2WbrG1t'],0.0,strong,21,22,5.141703877598047e-05
llama_3_3_70b_versatile,HILL_CLIMBING,password_strength,strong,15,True,True,['OUzWX8ZjwC'],0.0,strong,4,5,1.4582998119294643e-05
llama_3_3_70b_versatile,HILL_CLIMBING,password_strength,strong,16,True,True,['dLxarXa0x3'],0.0,strong,16,17,3.74580267816782e-05
llama_3_3_70b_versatile,HILL_CLIMBING,password_strength,strong,17,True,True,['SHTGoPqk7hcJWuk'],0.0,strong,2,3,1.179194077849388e-05
llama_3_3_70b_versatile,HILL_CLIMBING,password_strength,strong,18,True,True,['eRIN0zkMkjXls'],0.0,strong,0,1,5.375011824071407e-06
llama_3_3_70b_versatile,HILL_CLIMBING,password_strength,strong,19,True,True,['U0A7aYdJVYJkND9'],0.0,strong,0,1,4.708068445324898e-06
llama_3_3_70b_versatile,HILL_CLIMBING,password_strength,strong,20,True,True,['kDClzl8PHU'],0.0,strong,10,11,3.0125025659799576e-05
llama_3_3_70b_versatile,HILL_CLIMBING,password_strength,strong,21,True,True,['9Up7LzPKhl'],0.0,strong,31,32,6.845803000032902e-05
llama_3_3_70b_versatile,HILL_CLIMBING,password_strength,strong,22,True,True,['T7ppEDqByH'],0.0,strong,15,16,3.812497016042471e-05
llama_3_3_70b_versatile,HILL_CLIMBING,password_strength,strong,23,True,True,['BGMAMOL9c8'],0.0,strong,19,20,4.325003828853369e-05
llama_3_3_70b_versatile,HILL_CLIMBING,password_strength,strong,24,True,True,['jjN64kPfgI'],0.0,strong,9,10,2.6541994884610176e-05
llama_3_3_70b_versatile,HILL_CLIMBING,password_strength,strong,25,True,True,['Op596mHI3Qlamv'],0.0,strong,0,1,5.541951395571232e-06
llama_3_3_70b_versatile,HILL_CLIMBING,password_strength,strong,26,True,True,['lKIUqfawM3'],0.0,strong,0,1,4.875008016824722e-06
llama_3_3_70b_versatile,HILL_CLIMBING,password_strength,strong,27,True,True,['jstB7u3qCJ'],0.0,strong,25,26,6.00829953327775e-05
llama_3_3_70b_versatile,HILL_CLIMBING,password_strength,strong,28,True,True,['YlXx899hK8r21'],0.0,strong,0,1,5.124951712787151e-06
llama_3_3_70b_versatile,HILL_CLIMBING,password_strength,strong,29,True,True,['utxnboiPVds5'],0.0,strong,31,32,7.387506775557995e-05
llama_3_3_70b_versatile,HILL_CLIMBING,password_strength,weak_no_digit_upper,0,True,True,['kwlkez'],0.0,weak_no_digit_upper,3550,3551,0.0072485830169171
llama_3_3_70b_versatile,HILL_CLIMBING,password_strength,weak_no_digit_upper,1,True,True,['wpftigg'],0.0,weak_no_digit_upper,2317,2318,0.0045779170468449
llama_3_3_70b_versatile,HILL_CLIMBING,password_strength,weak_no_digit_upper,2,True,True,['aoomfw'],0.0,weak_no_digit_upper,712,713,0.0014209169894456
llama_3_3_70b_versatile,HILL_CLIMBING,password_strength,weak_no_digit_upper,3,False,False,['kTiDdzswNBGYvB'],1.0,,0,8081,0.0161239999579265
llama_3_3_70b_versatile,HILL_CLIMBING,password_strength,weak_no_digit_upper,4,True,True,['jkiyrbo'],0.0,weak_no_digit_upper,1617,1618,0.0032339999452233
llama_3_3_70b_versatile,HILL_CLIMBING,password_strength,weak_no_digit_upper,5,True,True,['upqopt'],0.0,weak_no_digit_upper,1313,1314,0.0026098329108208
llama_3_3_70b_versatile,HILL_CLIMBING,password_strength,weak_no_digit_upper,6,True,True,['eoucxe'],0.0,weak_no_digit_upper,3903,3904,0.0077977089677006
llama_3_3_70b_versatile,HILL_CLIMBING,password_strength,weak_no_digit_upper,7,True,True,['xtfzie'],0.0,weak_no_digit_upper,762,763,0.0014869580045342
llama_3_3_70b_versatile,HILL_CLIMBING,password_strength,weak_no_digit_upper,8,True,True,['byvohxpblii'],0.0,weak_no_digit_upper,7,8,2.362497616559267e-05
llama_3_3_70b_versatile,HILL_CLIMBING,password_strength,weak_no_digit_upper,9,True,True,['yxbozq'],0.0,weak_no_digit_upper,1823,1824,0.0036188750527799
llama_3_3_70b_versatile,HILL_CLIMBING,password_strength,weak_no_digit_upper,10,True,True,['ucdnctd'],0.0,weak_no_digit_upper,6048,6049,0.0120105830719694
llama_3_3_70b_versatile,HILL_CLIMBING,password_strength,weak_no_digit_upper,11,False,False,['8GspGCaFqyAt19g'],1.0,,0,8081,0.0160377499414607
llama_3_3_70b_versatile,HILL_CLIMBING,password_strength,weak_no_digit_upper,12,True,True,['sovrrq'],0.0,weak_no_digit_upper,1883,1884,0.0037012910470366
llama_3_3_70b_versatile,HILL_CLIMBING,password_strength,weak_no_digit_upper,13,True,True,['mltesm'],0.0,weak_no_digit_upper,337,338,0.0006613750010728
llama_3_3_70b_versatile,HILL_CLIMBING,password_strength,weak_no_digit_upper,14,True,True,['xudnly'],0.0,weak_no_digit_upper,2002,2003,0.0039613329572603
llama_3_3_70b_versatile,HILL_CLIMBING,password_strength,weak_no_digit_upper,15,True,True,['ftnkuh'],0.0,weak_no_digit_upper,2242,2243,0.0044362500775605
llama_3_3_70b_versatile,HILL_CLIMBING,password_strength,weak_no_digit_upper,16,True,True,['ciddnm'],0.0,weak_no_digit_upper,3434,3435,0.0067918330896645
llama_3_3_70b_versatile,HILL_CLIMBING,password_strength,weak_no_digit_upper,17,True,True,['mvetgp'],0.0,weak_no_digit_upper,1228,1229,0.0024334589252248
llama_3_3_70b_versatile,HILL_CLIMBING,password_strength,weak_no_digit_upper,18,True,True,['egkkmu'],0.0,weak_no_digit_upper,1212,1213,0.0023783330107107
llama_3_3_70b_versatile,HILL_CLIMBING,password_strength,weak_no_digit_upper,19,True,True,['guugbwrpy'],0.0,weak_no_digit_upper,583,584,0.0011416249908506
llama_3_3_70b_versatile,HILL_CLIMBING,password_strength,weak_no_digit_upper,20,True,True,['fvdchpi'],0.0,weak_no_digit_upper,1678,1679,0.0033422090345993
llama_3_3_70b_versatile,HILL_CLIMBING,password_strength,weak_no_digit_upper,21,True,True,['fikxpoza'],0.0,weak_no_digit_upper,751,752,0.0014865000266581
llama_3_3_70b_versatile,HILL_CLIMBING,password_strength,weak_no_digit_upper,22,True,True,['lcgjuh'],0.0,weak_no_digit_upper,858,859,0.0017369999550282
llama_3_3_70b_versatile,HILL_CLIMBING,password_strength,weak_no_digit_upper,23,True,True,['kamysh'],0.0,weak_no_digit_upper,5553,5554,0.0108952909940853
llama_3_3_70b_versatile,HILL_CLIMBING,password_strength,weak_no_digit_upper,24,True,True,['ayybcxo'],0.0,weak_no_digit_upper,368,369,0.0007377499714493
llama_3_3_70b_versatile,HILL_CLIMBING,password_strength,weak_no_digit_upper,25,True,True,['aqnzkmyuxj'],0.0,weak_no_digit_upper,704,705,0.0013997090281918
llama_3_3_70b_versatile,HILL_CLIMBING,password_strength,weak_no_digit_upper,26,True,True,['hzkuqb'],0.0,weak_no_digit_upper,1447,1448,0.002858875086531
llama_3_3_70b_versatile,HILL_CLIMBING,password_strength,weak_no_digit_upper,27,True,True,['ydkzlcc'],0.0,weak_no_digit_upper,3089,3090,0.0060880420496687
llama_3_3_70b_versatile,HILL_CLIMBING,password_strength,weak_no_digit_upper,28,True,True,['bjzxpj'],0.0,weak_no_digit_upper,5336,5337,0.010496582952328
llama_3_3_70b_versatile,HILL_CLIMBING,password_strength,weak_no_digit_upper,29,True,True,['zvbtujv'],0.0,weak_no_digit_upper,354,355,0.0007185420254245
llama_3_3_70b_versatile,HILL_CLIMBING,password_strength,weak_short,0,True,True,['KBZdQ'],0.0,weak_short,15,16,4.312500823289156e-05
llama_3_3_70b_versatile,HILL_CLIMBING,password_strength,weak_short,1,True,True,['bB6wt'],0.0,weak_short,8,9,1.8791062757372856e-05
llama_3_3_70b_versatile,HILL_CLIMBING,password_strength,weak_short,2,True,True,['SBj'],0.0,weak_short,0,1,3.959052264690399e-06
llama_3_3_70b_versatile,HILL_CLIMBING,password_strength,weak_short,3,True,True,['leE7l'],0.0,weak_short,34,35,9.237509220838548e-05
llama_3_3_70b_versatile,HILL_CLIMBING,password_strength,weak_short,4,True,True,['PEIo6'],0.0,weak_short,14,15,3.316602669656277e-05
llama_3_3_70b_versatile,HILL_CLIMBING,password_strength,weak_short,5,True,True,['CmfMR'],0.0,weak_short,30,31,5.3458032198250294e-05
llama_3_3_70b_versatile,HILL_CLIMBING,password_strength,weak_short,6,True,True,['3zdwy'],0.0,weak_short,9,10,2.2416934370994568e-05
llama_3_3_70b_versatile,HILL_CLIMBING,password_strength,weak_short,7,True,True,['2fmjR'],0.0,weak_short,12,13,2.475001383572817e-05
llama_3_3_70b_versatile,HILL_CLIMBING,password_strength,weak_short,8,True,True,[''],0.0,weak_short,0,1,5.958019755780697e-06
llama_3_3_70b_versatile,HILL_CLIMBING,password_strength,weak_short,9,True,True,['V'],0.0,weak_short,0,1,3.250082954764366e-06
llama_3_3_70b_versatile,HILL_CLIMBING,password_strength,weak_short,10,True,True,[''],0.0,weak_short,0,1,2.874992787837982e-06
llama_3_3_70b_versatile,HILL_CLIMBING,password_strength,weak_short,11,True,True,['gU57C'],0.0,weak_short,28,29,5.212496034801006e-05
llama_3_3_70b_versatile,HILL_CLIMBING,password_strength,weak_short,12,True,True,['at'],0.0,weak_short,0,1,3.208988346159458e-06
llama_3_3_70b_versatile,HILL_CLIMBING,password_strength,weak_short,13,True,True,['i'],0.0,weak_short,0,1,2.749962732195854e-06
llama_3_3_70b_versatile,HILL_CLIMBING,password_strength,weak_short,14,True,True,[''],0.0,weak_short,0,1,2.7919886633753777e-06
llama_3_3_70b_versatile,HILL_CLIMBING,password_strength,weak_short,15,True,True,['VbW'],0.0,weak_short,0,1,3.0830269679427147e-06
llama_3_3_70b_versatile,HILL_CLIMBING,password_strength,weak_short,16,True,True,['TPpVH'],0.0,weak_short,5,6,1.3542012311518192e-05
llama_3_3_70b_versatile,HILL_CLIMBING,password_strength,weak_short,17,True,True,['NZsas'],0.0,weak_short,42,43,6.791600026190281e-05
llama_3_3_70b_versatile,HILL_CLIMBING,password_strength,weak_short,18,True,True,['GVv'],0.0,weak_short,0,1,3.0830269679427147e-06
llama_3_3_70b_versatile,HILL_CLIMBING,password_strength,weak_short,19,True,True,['eexGW'],0.0,weak_short,35,36,6.070802919566631e-05
llama_3_3_70b_versatile,HILL_CLIMBING,password_strength,weak_short,20,True,True,[''],0.0,weak_short,0,1,2.583954483270645e-06
llama_3_3_70b_versatile,HILL_CLIMBING,password_strength,weak_short,21,True,True,['W1'],0.0,weak_short,0,1,2.500019036233425e-06
llama_3_3_70b_versatile,HILL_CLIMBING,password_strength,weak_short,22,True,True,['iPh'],0.0,weak_short,0,1,3.00002284348011e-06
llama_3_3_70b_versatile,HILL_CLIMBING,password_strength,weak_short,23,True,True,[''],0.0,weak_short,0,1,2.583954483270645e-06
llama_3_3_70b_versatile,HILL_CLIMBING,password_strength,weak_short,24,True,True,['qPDMU'],0.0,weak_short,5,6,1.4374963939189913e-05
llama_3_3_70b_versatile,HILL_CLIMBING,password_strength,weak_short,25,True,True,['Wd'],0.0,weak_short,0,1,2.834014594554901e-06
llama_3_3_70b_versatile,HILL_CLIMBING,password_strength,weak_short,26,True,True,['k'],0.0,weak_short,0,1,2.624932676553726e-06
llama_3_3_70b_versatile,HILL_CLIMBING,password_strength,weak_short,27,True,True,['w'],0.0,weak_short,0,1,2.666027285158634e-06
llama_3_3_70b_versatile,HILL_CLIMBING,password_strength,weak_short,28,True,True,['0GC0p'],0.0,weak_short,0,1,3.1669624149799347e-06
llama_3_3_70b_versatile,HILL_CLIMBING,password_strength,weak_short,29,True,True,['cGFD'],0.0,weak_short,0,1,3.2079406082630157e-06
llama_3_3_70b_versatile,HILL_CLIMBING,shipping_discount,free_express_shipping,0,True,True,"[354.94404923993227, 49.236682252254184, True]",0.0,free_express_shipping,8,9,2.191704697906971e-05
llama_3_3_70b_versatile,HILL_CLIMBING,shipping_discount,free_express_shipping,1,True,True,"[912.6137786031749, 41.834237488862, True]",0.0,free_express_shipping,1,2,6.916932761669159e-06
llama_3_3_70b_versatile,HILL_CLIMBING,shipping_discount,free_express_shipping,2,True,True,"[700.0718896224937, 32.85208534520123, True]",0.0,free_express_shipping,0,1,3.250082954764366e-06
llama_3_3_70b_versatile,HILL_CLIMBING,shipping_discount,free_express_shipping,3,True,True,"[269.0106970393388, 33.028596600606754, True]",0.0,free_express_shipping,19,20,3.629201091825962e-05
llama_3_3_70b_versatile,HILL_CLIMBING,shipping_discount,free_express_shipping,4,True,True,"[574.9340939110475, 0.6655368658631264, True]",0.0,free_express_shipping,33,34,7.379089947789907e-05
llama_3_3_70b_versatile,HILL_CLIMBING,shipping_discount,free_express_shipping,5,True,True,"[269.5663810436446, 5.480112179002694, True]",0.0,free_express_shipping,7,8,1.89170241355896e-05
llama_3_3_70b_versatile,HILL_CLIMBING,shipping_discount,free_express_shipping,6,True,True,"[426.78597385149317, 34.53090500616068, True]",0.0,free_express_shipping,52,53,9.291700553148984e-05
llama_3_3_70b_versatile,HILL_CLIMBING,shipping_discount,free_express_shipping,7,True,True,"[423.4928350919904, 18.911076369099487, True]",0.0,free_express_shipping,49,50,8.820893708616495e-05
llama_3_3_70b_versatile,HILL_CLIMBING,shipping_discount,free_express_shipping,8,True,True,"[520.509152546944, 49.76134567630398, True]",0.0,free_express_shipping,210,211,0.0003089170204475
llama_3_3_70b_versatile,HILL_CLIMBING,shipping_discount,free_express_shipping,9,True,True,"[203.4612165971409, 8.127236163053553, True]",0.0,free_express_shipping,61,62,0.0001083329552784
llama_3_3_70b_versatile,HILL_CLIMBING,shipping_discount,free_express_shipping,10,True,True,"[235.6095549305702, 16.159898367438252, True]",0.0,free_express_shipping,78,79,0.0001263330923393
llama_3_3_70b_versatile,HILL_CLIMBING,shipping_discount,free_express_shipping,11,True,True,"[311.2556155388549, 45.578340515489245, True]",0.0,free_express_shipping,38,39,7.937499321997166e-05
llama_3_3_70b_versatile,HILL_CLIMBING,shipping_discount,free_express_shipping,12,True,True,"[880.5127791879582, 10.242392229586006, True]",0.0,free_express_shipping,15,16,4.0499959141016006e-05
llama_3_3_70b_versatile,HILL_CLIMBING,shipping_discount,free_express_shipping,13,True,True,"[761.5433772267031, 18.379130078628126, True]",0.0,free_express_shipping,3,4,1.1458992958068848e-05
llama_3_3_70b_versatile,HILL_CLIMBING,shipping_discount,free_express_shipping,14,True,True,"[606.0144911598503, 36.287924556853255, True]",0.0,free_express_shipping,19,20,4.025001544505358e-05
llama_3_3_70b_versatile,HILL_CLIMBING,shipping_discount,free_express_shipping,15,True,True,"[422.73277402682663, 13.88938980232779, True]",0.0,free_express_shipping,21,22,3.608397673815489e-05
llama_3_3_70b_versatile,HILL_CLIMBING,shipping_discount,free_express_shipping,16,True,True,"[516.2724422558016, 12.769911361408425, True]",0.0,free_express_shipping,126,127,0.0001994159538298
llama_3_3_70b_versatile,HILL_CLIMBING,shipping_discount,free_express_shipping,17,True,True,"[888.1992806639918, 5.224037394261683, True]",0.0,free_express_shipping,684,686,0.0008698749588802
llama_3_3_70b_versatile,HILL_CLIMBING,shipping_discount,free_express_shipping,18,True,True,"[784.9156086875903, 19.910881854832585, True]",0.0,free_express_shipping,10,11,2.7333968318998817e-05
llama_3_3_70b_versatile,HILL_CLIMBING,shipping_discount,free_express_shipping,19,True,True,"[910.4175293474743, 37.7232799677295, True]",0.0,free_express_shipping,26,27,5.341705400496721e-05
llama_3_3_70b_versatile,HILL_CLIMBING,shipping_discount,free_express_shipping,20,True,True,"[563.1949534313172, 1.5987109370952934, True]",0.0,free_express_shipping,9,10,1.937500201165676e-05
llama_3_3_70b_versatile,HILL_CLIMBING,shipping_discount,free_express_shipping,21,True,True,"[354.2739669669669, 25.64673306186438, True]",0.0,free_express_shipping,69,70,0.0001072089653462
llama_3_3_70b_versatile,HILL_CLIMBING,shipping_discount,free_express_shipping,22,True,True,"[428.4500831454733, 38.715792482907574, True]",0.0,free_express_shipping,78,79,0.0001320419833064
llama_3_3_70b_versatile,HILL_CLIMBING,shipping_discount,free_express_shipping,23,True,True,"[769.4448874778203, 26.022779490399994, True]",0.0,free_express_shipping,46,47,9.374995715916155e-05
llama_3_3_70b_versatile,HILL_CLIMBING,shipping_discount,free_express_shipping,24,True,True,"[944.2766313185093, 17.77905840859273, True]",0.0,free_express_shipping,155,156,0.0002473749918863
llama_3_3_70b_versatile,HILL_CLIMBING,shipping_discount,free_express_shipping,25,True,True,"[575.2024760250537, 39.021252877628925, True]",0.0,free_express_shipping,2,3,9.875046089291573e-06
llama_3_3_70b_versatile,HILL_CLIMBING,shipping_discount,free_express_shipping,26,True,True,"[330.63341381051373, 10.152535293954656, True]",0.0,free_express_shipping,101,102,0.0001519171055406
llama_3_3_70b_versatile,HILL_CLIMBING,shipping_discount,free_express_shipping,27,True,True,"[541.426889161168, 49.54664029562689, True]",0.0,free_express_shipping,278,279,0.0004108750727027
llama_3_3_70b_versatile,HILL_CLIMBING,shipping_discount,free_express_shipping,28,True,True,"[913.7155410372462, 17.537835301281447, True]",0.0,free_express_shipping,1,2,6.500049494206905e-06
llama_3_3_70b_versatile,HILL_CLIMBING,shipping_discount,free_express_shipping,29,True,True,"[739.1578532537173, 15.866087662416474, True]",0.0,free_express_shipping,34,35,7.56249064579606e-05
llama_3_3_70b_versatile,HILL_CLIMBING,shipping_discount,invalid,0,True,True,"[0.0, 0.0, False]",0.0,invalid,321,322,0.0005222079344093
llama_3_3_70b_versatile,HILL_CLIMBING,shipping_discount,invalid,1,True,True,"[0.0, 0.0, True]",0.0,invalid,283,284,0.0004400840261951
llama_3_3_70b_versatile,HILL_CLIMBING,shipping_discount,invalid,2,True,True,"[0.0, 0.0, True]",0.0,invalid,271,272,0.0004388340748846
llama_3_3_70b_versatile,HILL_CLIMBING,shipping_discount,invalid,3,True,True,"[0.0, 0.0, True]",0.0,invalid,394,395,0.0006040419684723
llama_3_3_70b_versatile,HILL_CLIMBING,shipping_discount,invalid,4,True,True,"[0.0, 0.0, True]",0.0,invalid,176,177,0.000288457958959
llama_3_3_70b_versatile,HILL_CLIMBING,shipping_discount,invalid,5,True,True,"[0.0, 0.0, False]",0.0,invalid,231,232,0.0003565410152077
llama_3_3_70b_versatile,HILL_CLIMBING,shipping_discount,invalid,6,True,True,"[0.0, 0.0, False]",0.0,invalid,292,293,0.0004676670068874
llama_3_3_70b_versatile,HILL_CLIMBING,shipping_discount,invalid,7,True,True,"[0.0, 0.0, False]",0.0,invalid,320,321,0.0004973330069333
llama_3_3_70b_versatile,HILL_CLIMBING,shipping_discount,invalid,8,True,True,"[0.0, 0.0, True]",0.0,invalid,272,273,0.0004413339775055
llama_3_3_70b_versatile,HILL_CLIMBING,shipping_discount,invalid,9,True,True,"[0.0, 0.0, False]",0.0,invalid,164,165,0.000286583090201
llama_3_3_70b_versatile,HILL_CLIMBING,shipping_discount,invalid,10,True,True,"[0.0, 0.0, False]",0.0,invalid,341,342,0.0005365420365706
llama_3_3_70b_versatile,HILL_CLIMBING,shipping_discount,invalid,11,True,True,"[0.0, 0.0, False]",0.0,invalid,342,343,0.0005348339909687
llama_3_3_70b_versatile,HILL_CLIMBING,shipping_discount,invalid,12,True,True,"[0.0, 0.0, True]",0.0,invalid,281,282,0.0004378749290481
llama_3_3_70b_versatile,HILL_CLIMBING,shipping_discount,invalid,13,True,True,"[0.0, 0.0, False]",0.0,invalid,349,350,0.0005750000709667
llama_3_3_70b_versatile,HILL_CLIMBING,shipping_discount,invalid,14,True,True,"[0.0, 0.0, True]",0.0,invalid,253,254,0.0004127499414607
llama_3_3_70b_versatile,HILL_CLIMBING,shipping_discount,invalid,15,True,True,"[0.0, 0.0, False]",0.0,invalid,362,363,0.0005710839759558
llama_3_3_70b_versatile,HILL_CLIMBING,shipping_discount,invalid,16,True,True,"[0.0, 0.0, True]",0.0,invalid,610,611,0.0009413340594619
llama_3_3_70b_versatile,HILL_CLIMBING,shipping_discount,invalid,17,True,True,"[0.0, 0.0, False]",0.0,invalid,354,355,0.0005618749419227
llama_3_3_70b_versatile,HILL_CLIMBING,shipping_discount,invalid,18,True,True,"[0.0, 0.0, True]",0.0,invalid,343,344,0.0005329160485416
llama_3_3_70b_versatile,HILL_CLIMBING,shipping_discount,invalid,19,True,True,"[0.0, 0.0, False]",0.0,invalid,301,302,0.0004755409900099
llama_3_3_70b_versatile,HILL_CLIMBING,shipping_discount,invalid,20,True,True,"[0.0, 0.0, False]",0.0,invalid,248,249,0.0004039589548483
llama_3_3_70b_versatile,HILL_CLIMBING,shipping_discount,invalid,21,True,True,"[0.0, 0.0, True]",0.0,invalid,161,162,0.0002518330002203
llama_3_3_70b_versatile,HILL_CLIMBING,shipping_discount,invalid,22,True,True,"[0.0, 0.0, False]",0.0,invalid,391,392,0.0005915829678997
llama_3_3_70b_versatile,HILL_CLIMBING,shipping_discount,invalid,23,True,True,"[0.0, 0.0, True]",0.0,invalid,456,457,0.0007471670396625
llama_3_3_70b_versatile,HILL_CLIMBING,shipping_discount,invalid,24,True,True,"[0.0, 0.0, False]",0.0,invalid,454,455,0.0007251249626278
llama_3_3_70b_versatile,HILL_CLIMBING,shipping_discount,invalid,25,True,True,"[0.0, 0.0, True]",0.0,invalid,165,166,0.0002640839666128
llama_3_3_70b_versatile,HILL_CLIMBING,shipping_discount,invalid,26,True,True,"[0.0, 0.0, False]",0.0,invalid,210,211,0.0003204169915989
llama_3_3_70b_versatile,HILL_CLIMBING,shipping_discount,invalid,27,True,True,"[0.0, 0.0, False]",0.0,invalid,226,227,0.0003754580393433
llama_3_3_70b_versatile,HILL_CLIMBING,shipping_discount,invalid,28,True,True,"[0.0, 0.0, True]",0.0,invalid,536,537,0.0008425000123679
llama_3_3_70b_versatile,HILL_CLIMBING,shipping_discount,invalid,29,True,True,"[0.0, 0.0, False]",0.0,invalid,196,197,0.0003325829748064
llama_3_3_70b_versatile,HILL_CLIMBING,shipping_discount,no_discount,0,True,True,"[11.340946478486881, 935.777180639887, False]",0.0,no_discount,47,48,9.612506255507468e-05
llama_3_3_70b_versatile,HILL_CLIMBING,shipping_discount,no_discount,1,True,True,"[22.35447441981353, 601.219860253051, False]",0.0,no_discount,49,50,8.095800876617432e-05
llama_3_3_70b_versatile,HILL_CLIMBING,shipping_discount,no_discount,2,True,True,"[9.240425660080763, 861.5542608678456, False]",0.0,no_discount,39,40,7.120892405509949e-05
llama_3_3_70b_versatile,HILL_CLIMBING,shipping_discount,no_discount,3,True,True,"[45.285696306785475, 514.7780501741006, False]",0.0,no_discount,7,8,1.7291982658207417e-05
llama_3_3_70b_versatile,HILL_CLIMBING,shipping_discount,no_discount,4,True,True,"[39.786871392912985, 550.3757466199014, False]",0.0,no_discount,2,3,7.874914444983006e-06
llama_3_3_70b_versatile,HILL_CLIMBING,shipping_discount,no_discount,5,True,True,"[44.41337830523817, 425.8194629060502, False]",0.0,no_discount,34,35,6.858306005597115e-05
llama_3_3_70b_versatile,HILL_CLIMBING,shipping_discount,no_discount,6,True,True,"[31.646566816832742, 255.07376626636037, False]",0.0,no_discount,66,67,0.0001050420105457
llama_3_3_70b_versatile,HILL_CLIMBING,shipping_discount,no_discount,7,True,True,"[47.52772364392715, 636.5417322239107, False]",0.0,no_discount,63,64,9.562494233250618e-05
llama_3_3_70b_versatile,HILL_CLIMBING,shipping_discount,no_discount,8,True,True,"[0.686078449740946, 35.113384323335495, False]",0.0,no_discount,47,48,7.604097481817007e-05
llama_3_3_70b_versatile,HILL_CLIMBING,shipping_discount,no_discount,9,True,True,"[49.70209184747977, 202.133772273832, False]",0.0,no_discount,70,71,0.0001071670558303
llama_3_3_70b_versatile,HILL_CLIMBING,shipping_discount,no_discount,10,True,True,"[24.93761837131271, 956.2420649328283, False]",0.0,no_discount,6,7,1.537497155368328e-05
llama_3_3_70b_versatile,HILL_CLIMBING,shipping_discount,no_discount,11,True,True,"[23.736947054054713, 585.3633613251429, False]",0.0,no_discount,22,23,4.3042004108428955e-05
llama_3_3_70b_versatile,HILL_CLIMBING,shipping_discount,no_discount,12,True,True,"[36.353194193540716, 964.3075369382835, False]",0.0,no_discount,34,35,6.466591730713844e-05
llama_3_3_70b_versatile,HILL_CLIMBING,shipping_discount,no_discount,13,True,True,"[37.09036092689677, 340.1660539883932, False]",0.0,no_discount,0,1,2.874992787837982e-06
llama_3_3_70b_versatile,HILL_CLIMBING,shipping_discount,no_discount,14,True,True,"[20.793176418793745, 147.96116732016318, False]",0.0,no_discount,70,71,0.0001134580234065
llama_3_3_70b_versatile,HILL_CLIMBING,shipping_discount,no_discount,15,True,True,"[15.134231346226157, 956.3089461622811, False]",0.0,no_discount,73,74,0.0001179589889943
llama_3_3_70b_versatile,HILL_CLIMBING,shipping_discount,no_discount,16,True,True,"[47.98034537374895, 643.5654281993827, False]",0.0,no_discount,117,118,0.000175749999471
llama_3_3_70b_versatile,HILL_CLIMBING,shipping_discount,no_discount,17,True,True,"[10.71947372185623, 105.20154294291773, False]",0.0,no_discount,19,20,4.066701512783766e-05
llama_3_3_70b_versatile,HILL_CLIMBING,shipping_discount,no_discount,18,True,True,"[48.09366281066224, 239.11360947065052, False]",0.0,no_discount,64,65,0.0001095830230042
llama_3_3_70b_versatile,HILL_CLIMBING,shipping_discount,no_discount,19,True,True,"[12.875080215694668, 602.1904018102864, False]",0.0,no_discount,10,11,2.466596197336912e-05
llama_3_3_70b_versatile,HILL_CLIMBING,shipping_discount,no_discount,20,True,True,"[29.590357081108852, 339.5729101070591, False]",0.0,no_discount,27,28,5.512498319149017e-05
llama_3_3_70b_versatile,HILL_CLIMBING,shipping_discount,no_discount,21,True,True,"[32.94408149214233, 586.7548961847829, False]",0.0,no_discount,4,5,1.2874952517449856e-05
llama_3_3_70b_versatile,HILL_CLIMBING,shipping_discount,no_discount,22,True,True,"[19.73402531684798, 51.383046983883574, False]",0.0,no_discount,202,203,0.0002653750125318
llama_3_3_70b_versatile,HILL_CLIMBING,shipping_discount,no_discount,23,True,True,"[24.626540478529137, 251.75237681731411, False]",0.0,no_discount,38,39,6.595905870199203e-05
llama_3_3_70b_versatile,HILL_CLIMBING,shipping_discount,no_discount,24,True,True,"[17.222197495119538, 799.9191226049351, False]",0.0,no_discount,57,58,9.524996858090162e-05
llama_3_3_70b_versatile,HILL_CLIMBING,shipping_discount,no_discount,25,True,True,"[1.4257875280081498, 126.49673820525776, False]",0.0,no_discount,49,50,7.591606117784977e-05
llama_3_3_70b_versatile,HILL_CLIMBING,shipping_discount,no_discount,26,True,True,"[21.24504905839332, 285.6183176625159, False]",0.0,no_discount,93,94,0.0001478750491514
llama_3_3_70b_versatile,HILL_CLIMBING,shipping_discount,no_discount,27,True,True,"[24.53441369474102, 930.7688741021735, False]",0.0,no_discount,49,50,8.66670161485672e-05
llama_3_3_70b_versatile,HILL_CLIMBING,shipping_discount,no_discount,28,True,True,"[2.1785688414626687, 382.665101122918, False]",0.0,no_discount,71,72,0.0001081249210983
llama_3_3_70b_versatile,HILL_CLIMBING,shipping_discount,no_discount,29,True,True,"[43.04305002781816, 389.4396009510975, False]",0.0,no_discount,5,6,1.3999990187585354e-05
llama_3_3_70b_versatile,HILL_CLIMBING,shipping_discount,small_discount,0,True,True,"[519.9215896110562, 894.1343123424896, False]",0.0,small_discount,0,1,3.2919924706220627e-06
llama_3_3_70b_versatile,HILL_CLIMBING,shipping_discount,small_discount,1,True,True,"[839.00718128272, 860.0568930930132, True]",0.0,small_discount,0,1,3.2499665394425392e-06
llama_3_3_70b_versatile,HILL_CLIMBING,shipping_discount,small_discount,2,True,True,"[527.1070282307267, 551.7971182358939, False]",0.0,small_discount,0,1,3.3330870792269707e-06
llama_3_3_70b_versatile,HILL_CLIMBING,shipping_discount,small_discount,3,True,True,"[9.715678562810858, 49.96211955470653, True]",0.0,small_discount,0,1,3.2499665394425392e-06
llama_3_3_70b_versatile,HILL_CLIMBING,shipping_discount,small_discount,4,True,True,"[813.8546192582463, 741.8813457905098, True]",0.0,small_discount,0,1,3.2499665394425392e-06
llama_3_3_70b_versatile,HILL_CLIMBING,shipping_discount,small_discount,5,True,True,"[169.9078029176746, 740.6462578342569, False]",0.0,small_discount,0,1,3.374996595084667e-06
llama_3_3_70b_versatile,HILL_CLIMBING,shipping_discount,small_discount,6,True,True,"[336.0789210166087, 985.4412726354167, False]",0.0,small_discount,0,1,3.1669624149799347e-06
llama_3_3_70b_versatile,HILL_CLIMBING,shipping_discount,small_discount,7,True,True,"[570.6218412339266, 930.0721987875364, False]",0.0,small_discount,0,1,3.125052899122238e-06
llama_3_3_70b_versatile,HILL_CLIMBING,shipping_discount,small_discount,8,True,True,"[295.41423376508726, 646.898033138155, True]",0.0,small_discount,0,1,3.4170225262641907e-06
llama_3_3_70b_versatile,HILL_CLIMBING,shipping_discount,small_discount,9,True,True,"[994.2789860881736, 899.2920135226394, True]",0.0,small_discount,0,1,3.0420487746596336e-06
llama_3_3_70b_versatile,HILL_CLIMBING,shipping_discount,small_discount,10,True,True,"[317.89292076071774, 186.2441966095426, False]",0.0,small_discount,0,1,3.1660310924053192e-06
llama_3_3_70b_versatile,HILL_CLIMBING,shipping_discount,small_discount,11,True,True,"[156.63789681699137, 200.48027874226392, False]",0.0,small_discount,0,1,3.2499665394425392e-06
llama_3_3_70b_versatile,HILL_CLIMBING,shipping_discount,small_discount,12,True,True,"[790.9228005389774, 283.87541162888306, False]",0.0,small_discount,0,1,3.3329706639051437e-06
llama_3_3_70b_versatile,HILL_CLIMBING,shipping_discount,small_discount,13,True,True,"[801.8523315547637, 288.79456623532275, False]",0.0,small_discount,0,1,3.0420487746596336e-06
llama_3_3_70b_versatile,HILL_CLIMBING,shipping_discount,small_discount,14,True,True,"[503.1090992811578, 757.596312918255, False]",0.0,small_discount,0,1,2.7919886633753777e-06
llama_3_3_70b_versatile,HILL_CLIMBING,shipping_discount,small_discount,15,True,True,"[937.4010498887386, 678.5967803524937, True]",0.0,small_discount,0,1,2.708984538912773e-06
llama_3_3_70b_versatile,HILL_CLIMBING,shipping_discount,small_discount,16,True,True,"[940.6200113681623, 782.529623273716, True]",0.0,small_discount,0,1,2.7079368010163307e-06
llama_3_3_70b_versatile,HILL_CLIMBING,shipping_discount,small_discount,17,True,True,"[345.7496979261302, 833.2505844259043, False]",0.0,small_discount,0,1,2.8330832719802856e-06
llama_3_3_70b_versatile,HILL_CLIMBING,shipping_discount,small_discount,18,True,True,"[930.832478614028, 164.34375180790207, True]",0.0,small_discount,0,1,2.7919886633753777e-06
llama_3_3_70b_versatile,HILL_CLIMBING,shipping_discount,small_discount,19,True,True,"[465.4464418227947, 106.76949810205805, True]",0.0,small_discount,0,1,2.7919886633753777e-06
llama_3_3_70b_versatile,HILL_CLIMBING,shipping_discount,small_discount,20,True,True,"[36.02842776638848, 640.4693963900913, True]",0.0,small_discount,0,1,2.91608739644289e-06
llama_3_3_70b_versatile,HILL_CLIMBING,shipping_discount,small_discount,21,True,True,"[345.6024946527071, 882.8002995188382, True]",0.0,small_discount,0,1,2.750079147517681e-06
llama_3_3_70b_versatile,HILL_CLIMBING,shipping_discount,small_discount,22,True,True,"[590.172166482739, 430.0742013231965, False]",0.0,small_discount,0,1,2.7921050786972046e-06
llama_3_3_70b_versatile,HILL_CLIMBING,shipping_discount,small_discount,23,True,True,"[120.42541634650483, 505.42590670531507, False]",0.0,small_discount,0,1,4.375004209578037e-06
llama_3_3_70b_versatile,HILL_CLIMBING,shipping_discount,small_discount,24,True,True,"[284.9417614876224, 668.3006392011906, False]",0.0,small_discount,0,1,3.00002284348011e-06
llama_3_3_70b_versatile,HILL_CLIMBING,shipping_discount,small_discount,25,True,True,"[6.3043958858320925, 21.471896499367315, True]",0.0,small_discount,0,1,1.3666111044585705e-05
llama_3_3_70b_versatile,HILL_CLIMBING,shipping_discount,small_discount,26,True,True,"[212.4900137380106, 505.8190870238009, False]",0.0,small_discount,0,1,5.458015948534012e-06
llama_3_3_70b_versatile,HILL_CLIMBING,shipping_discount,small_discount,27,True,True,"[952.5203056733105, 217.68029523995935, True]",0.0,small_discount,0,1,4.041939973831177e-06
llama_3_3_70b_versatile,HILL_CLIMBING,shipping_discount,small_discount,28,True,True,"[568.5523826787763, 284.32321489360135, False]",0.0,small_discount,0,1,3.5420525819063187e-06
llama_3_3_70b_versatile,HILL_CLIMBING,shipping_discount,small_discount,29,True,True,"[315.3341232026335, 167.13101080053673, False]",0.0,small_discount,0,1,3.08395829051733e-06
llama_3_3_70b_versatile,HILL_CLIMBING,shipping_discount,standard_discount,0,True,True,"[155.2203241752458, 40.47310496359157, True]",0.0,standard_discount,6,7,2.3083994165062904e-05
llama_3_3_70b_versatile,HILL_CLIMBING,shipping_discount,standard_discount,1,True,True,"[477.12913341370427, 59.097360749445606, False]",0.0,standard_discount,6,7,1.5749945305287838e-05
llama_3_3_70b_versatile,HILL_CLIMBING,shipping_discount,standard_discount,2,True,True,"[635.9962088928858, 2.7426317156881153, True]",0.0,standard_discount,118,119,0.0002131660003215
llama_3_3_70b_versatile,HILL_CLIMBING,shipping_discount,standard_discount,3,True,True,"[713.5970578520266, 19.188316046061082, False]",0.0,standard_discount,28,29,6.579095497727394e-05
llama_3_3_70b_versatile,HILL_CLIMBING,shipping_discount,standard_discount,4,True,True,"[477.81872248544863, 69.60908498371477, False]",0.0,standard_discount,32,33,7.14579364284873e-05
llama_3_3_70b_versatile,HILL_CLIMBING,shipping_discount,standard_discount,5,True,True,"[204.02435917308475, 34.638209278517465, True]",0.0,standard_discount,91,92,0.0001897090114653
llama_3_3_70b_versatile,HILL_CLIMBING,shipping_discount,standard_discount,6,True,True,"[843.2055786836007, 80.6293073994423, False]",0.0,standard_discount,11,12,2.862501423805952e-05
llama_3_3_70b_versatile,HILL_CLIMBING,shipping_discount,standard_discount,7,True,True,"[281.0933367268763, 43.640198981069304, True]",0.0,standard_discount,140,141,0.0002532909857109
llama_3_3_70b_versatile,HILL_CLIMBING,shipping_discount,standard_discount,8,True,True,"[746.2920726817478, 58.61038032235499, True]",0.0,standard_discount,0,1,3.1669624149799347e-06
llama_3_3_70b_versatile,HILL_CLIMBING,shipping_discount,standard_discount,9,True,True,"[986.0171658219588, 60.96295975407695, True]",0.0,standard_discount,13,14,3.170897252857685e-05
llama_3_3_70b_versatile,HILL_CLIMBING,shipping_discount,standard_discount,10,True,True,"[378.3626962097419, 1.846501935810596, True]",0.0,standard_discount,18,19,3.587501123547554e-05
llama_3_3_70b_versatile,HILL_CLIMBING,shipping_discount,standard_discount,11,True,True,"[174.74363572468775, 67.77303763845089, False]",0.0,standard_discount,46,47,9.304098784923552e-05
llama_3_3_70b_versatile,HILL_CLIMBING,shipping_discount,standard_discount,12,True,True,"[496.731074939112, 39.71969706005085, False]",0.0,standard_discount,42,43,8.449994493275881e-05
llama_3_3_70b_versatile,HILL_CLIMBING,shipping_discount,standard_discount,13,True,True,"[988.9173817089467, 79.11533281447348, True]",0.0,standard_discount,35,36,6.9458968937397e-05
llama_3_3_70b_versatile,HILL_CLIMBING,shipping_discount,standard_discount,14,True,True,"[669.6342300814769, 75.4354665437048, True]",0.0,standard_discount,22,23,4.333304241299629e-05
llama_3_3_70b_versatile,HILL_CLIMBING,shipping_discount,standard_discount,15,True,True,"[110.07382888508666, 36.30035357305961, True]",0.0,standard_discount,34,35,6.629200652241707e-05
llama_3_3_70b_versatile,HILL_CLIMBING,shipping_discount,standard_discount,16,True,True,"[733.2445716248162, 27.022134157519307, False]",0.0,standard_discount,22,23,5.195906851440668e-05
llama_3_3_70b_versatile,HILL_CLIMBING,shipping_discount,standard_discount,17,True,True,"[223.8441789946552, 65.95244593930182, True]",0.0,standard_discount,9,10,2.7582980692386627e-05
llama_3_3_70b_versatile,HILL_CLIMBING,shipping_discount,standard_discount,18,True,True,"[689.3720618575176, 55.246350462773705, False]",0.0,standard_discount,0,1,3.250082954764366e-06
llama_3_3_70b_versatile,HILL_CLIMBING,shipping_discount,standard_discount,19,True,True,"[697.2528806568822, 15.490446317173333, True]",0.0,standard_discount,4,5,1.4124903827905657e-05
llama_3_3_70b_versatile,HILL_CLIMBING,shipping_discount,standard_discount,20,True,True,"[387.99392475227273, 1.9855359807763318, False]",0.0,standard_discount,23,24,4.3541076593101025e-05
llama_3_3_70b_versatile,HILL_CLIMBING,shipping_discount,standard_discount,21,True,True,"[818.6769628359749, 99.55076765325965, True]",0.0,standard_discount,5,6,1.7750076949596405e-05
llama_3_3_70b_versatile,HILL_CLIMBING,shipping_discount,standard_discount,22,True,True,"[767.8683073516527, 4.688859020149039, False]",0.0,standard_discount,22,23,4.254200030118227e-05
llama_3_3_70b_versatile,HILL_CLIMBING,shipping_discount,standard_discount,23,True,True,"[794.1726713349167, 35.190640888098976, False]",0.0,standard_discount,30,31,6.37079356238246e-05
llama_3_3_70b_versatile,HILL_CLIMBING,shipping_discount,standard_discount,24,True,True,"[175.62279069819022, 92.33752596772027, True]",0.0,standard_discount,0,1,3.1660310924053192e-06
llama_3_3_70b_versatile,HILL_CLIMBING,shipping_discount,standard_discount,25,True,True,"[246.6302989099014, 79.8603056492444, False]",0.0,standard_discount,0,1,3.2909447327256203e-06
llama_3_3_70b_versatile,HILL_CLIMBING,shipping_discount,standard_discount,26,True,True,"[780.872303034664, 48.22729514865476, True]",0.0,standard_discount,12,13,3.470899537205696e-05
llama_3_3_70b_versatile,HILL_CLIMBING,shipping_discount,standard_discount,27,True,True,"[146.2373136859334, 75.07922313481762, False]",0.0,standard_discount,62,63,0.0001225000014528
llama_3_3_70b_versatile,HILL_CLIMBING,shipping_discount,standard_discount,28,True,True,"[379.01703258915893, 14.615459739757641, False]",0.0,standard_discount,73,74,0.0001461249776184
llama_3_3_70b_versatile,HILL_CLIMBING,shipping_discount,standard_discount,29,True,True,"[149.09806285814986, 63.401324015170516, True]",0.0,standard_discount,88,89,0.0001773750409483
llama_3_3_70b_versatile,HILL_CLIMBING,sign_type,negative,0,True,True,[-323],0.0,negative,21,22,3.929203376173973e-05
llama_3_3_70b_versatile,HILL_CLIMBING,sign_type,negative,1,True,True,[-435],0.0,negative,53,54,6.545800715684891e-05
llama_3_3_70b_versatile,HILL_CLIMBING,sign_type,negative,2,True,True,[-418],0.0,negative,0,1,2.124928869307041e-06
llama_3_3_70b_versatile,HILL_CLIMBING,sign_type,negative,3,True,True,[-385],0.0,negative,16,17,2.683396451175213e-05
llama_3_3_70b_versatile,HILL_CLIMBING,sign_type,negative,4,True,True,[-161],0.0,negative,0,1,2.5420449674129486e-06
llama_3_3_70b_versatile,HILL_CLIMBING,sign_type,negative,5,True,True,[-32],0.0,negative,0,1,2.540997229516506e-06
llama_3_3_70b_versatile,HILL_CLIMBING,sign_type,negative,6,True,True,[-495],0.0,negative,30,31,4.487496335059405e-05
llama_3_3_70b_versatile,HILL_CLIMBING,sign_type,negative,7,True,True,[-84],0.0,negative,3,4,7.2909751906991005e-06
llama_3_3_70b_versatile,HILL_CLIMBING,sign_type,negative,8,True,True,[-244],0.0,negative,14,15,2.516701351851225e-05
llama_3_3_70b_versatile,HILL_CLIMBING,sign_type,negative,9,True,True,[-215],0.0,negative,17,18,2.6791938580572605e-05
llama_3_3_70b_versatile,HILL_CLIMBING,sign_type,negative,10,True,True,[-118],0.0,negative,22,23,3.22909327223897e-05
llama_3_3_70b_versatile,HILL_CLIMBING,sign_type,negative,11,True,True,[-402],0.0,negative,7,8,1.4457968063652515e-05
llama_3_3_70b_versatile,HILL_CLIMBING,sign_type,negative,12,True,True,[-323],0.0,negative,0,1,2.3329630494117737e-06
llama_3_3_70b_versatile,HILL_CLIMBING,sign_type,negative,13,True,True,[-429],0.0,negative,35,36,4.470802377909422e-05
llama_3_3_70b_versatile,HILL_CLIMBING,sign_type,negative,14,True,True,[-217],0.0,negative,40,41,5.483394488692283e-05
llama_3_3_70b_versatile,HILL_CLIMBING,sign_type,negative,15,True,True,[-189],0.0,negative,38,39,5.7541998103260994e-05
llama_3_3_70b_versatile,HILL_CLIMBING,sign_type,negative,16,True,True,[-338],0.0,negative,54,55,6.60829246044159e-05
llama_3_3_70b_versatile,HILL_CLIMBING,sign_type,negative,17,True,True,[-437],0.0,negative,0,1,2.4579931050539017e-06
llama_3_3_70b_versatile,HILL_CLIMBING,sign_type,negative,18,True,True,[-120],0.0,negative,25,26,3.266602288931608e-05
llama_3_3_70b_versatile,HILL_CLIMBING,sign_type,negative,19,True,True,[-452],0.0,negative,19,20,3.087497316300869e-05
llama_3_3_70b_versatile,HILL_CLIMBING,sign_type,negative,20,True,True,[-38],0.0,negative,0,1,2.4579931050539017e-06
llama_3_3_70b_versatile,HILL_CLIMBING,sign_type,negative,21,True,True,[-113],0.0,negative,12,13,1.8915976397693157e-05
llama_3_3_70b_versatile,HILL_CLIMBING,sign_type,negative,22,True,True,[-341],0.0,negative,1,2,4.832982085645199e-06
llama_3_3_70b_versatile,HILL_CLIMBING,sign_type,negative,23,True,True,[-94],0.0,negative,1,2,3.916909918189049e-06
llama_3_3_70b_versatile,HILL_CLIMBING,sign_type,negative,24,True,True,[-350],0.0,negative,7,8,1.0582967661321163e-05
llama_3_3_70b_versatile,HILL_CLIMBING,sign_type,negative,25,True,True,[-271],0.0,negative,1,2,4.250090569257736e-06
llama_3_3_70b_versatile,HILL_CLIMBING,sign_type,negative,26,True,True,[-83],0.0,negative,41,42,4.804192576557398e-05
llama_3_3_70b_versatile,HILL_CLIMBING,sign_type,negative,27,True,True,[-458],0.0,negative,0,1,2.499902620911598e-06
llama_3_3_70b_versatile,HILL_CLIMBING,sign_type,negative,28,True,True,[-1],0.0,negative,69,70,8.050003089010715e-05
llama_3_3_70b_versatile,HILL_CLIMBING,sign_type,negative,29,True,True,[-368],0.0,negative,0,1,2.5420449674129486e-06
llama_3_3_70b_versatile,HILL_CLIMBING,sign_type,positive,0,True,True,[1348],0.0,positive,4,5,1.1999974958598614e-05
llama_3_3_70b_versatile,HILL_CLIMBING,sign_type,positive,1,True,True,[1143],0.0,positive,0,1,2.7909409254789352e-06
llama_3_3_70b_versatile,HILL_CLIMBING,sign_type,positive,2,True,True,[1211],0.0,positive,0,1,2.6669586077332497e-06
llama_3_3_70b_versatile,HILL_CLIMBING,sign_type,positive,3,True,True,[2319],0.0,positive,0,1,3.0420487746596336e-06
llama_3_3_70b_versatile,HILL_CLIMBING,sign_type,positive,4,True,True,[2164],0.0,positive,0,1,2.6669586077332497e-06
llama_3_3_70b_versatile,HILL_CLIMBING,sign_type,positive,5,True,True,[1916],0.0,positive,0,1,2.4579931050539017e-06
llama_3_3_70b_versatile,HILL_CLIMBING,sign_type,positive,6,True,True,[2337],0.0,positive,0,1,2.4170149117708206e-06
llama_3_3_70b_versatile,HILL_CLIMBING,sign_type,positive,7,True,True,[1877],0.0,positive,0,1,2.5420449674129486e-06
llama_3_3_70b_versatile,HILL_CLIMBING,sign_type,positive,8,True,True,[1573],0.0,positive,0,1,1.875101588666439e-06
llama_3_3_70b_versatile,HILL_CLIMBING,sign_type,positive,9,True,True,[2472],0.0,positive,1,2,5.00003807246685e-06
llama_3_3_70b_versatile,HILL_CLIMBING,sign_type,positive,10,True,True,[343],0.0,positive,2,3,7.1249669417738914e-06
llama_3_3_70b_versatile,HILL_CLIMBING,sign_type,positive,11,True,True,[57],0.0,positive,0,1,2.500019036233425e-06
llama_3_3_70b_versatile,HILL_CLIMBING,sign_type,positive,12,True,True,[1539],0.0,positive,0,1,2.4170149117708206e-06
llama_3_3_70b_versatile,HILL_CLIMBING,sign_type,positive,13,True,True,[128],0.0,positive,0,1,1.8330756574869156e-06
llama_3_3_70b_versatile,HILL_CLIMBING,sign_type,positive,14,True,True,[2526],0.0,positive,0,1,2.3329630494117737e-06
llama_3_3_70b_versatile,HILL_CLIMBING,sign_type,positive,15,True,True,[2321],0.0,positive,1,2,4.875008016824722e-06
llama_3_3_70b_versatile,HILL_CLIMBING,sign_type,positive,16,True,True,[650],0.0,positive,0,1,2.2919848561286926e-06
llama_3_3_70b_versatile,HILL_CLIMBING,sign_type,positive,17,True,True,[1532],0.0,positive,0,1,2.374988980591297e-06
llama_3_3_70b_versatile,HILL_CLIMBING,sign_type,positive,18,True,True,[2710],0.0,positive,2,3,4.584086127579212e-06
llama_3_3_70b_versatile,HILL_CLIMBING,sign_type,positive,19,True,True,[2885],0.0,positive,0,1,2.3329630494117737e-06
llama_3_3_70b_versatile,HILL_CLIMBING,sign_type,positive,20,True,True,[149],0.0,positive,2,3,7.1249669417738914e-06
llama_3_3_70b_versatile,HILL_CLIMBING,sign_type,positive,21,True,True,[958],0.0,positive,0,1,2.0830193534493446e-06
llama_3_3_70b_versatile,HILL_CLIMBING,sign_type,positive,22,True,True,[99],0.0,positive,4,5,8.66700429469347e-06
llama_3_3_70b_versatile,HILL_CLIMBING,sign_type,positive,23,True,True,[1569],0.0,positive,0,1,2.125045284628868e-06
llama_3_3_70b_versatile,HILL_CLIMBING,sign_type,positive,24,True,True,[278],0.0,positive,0,1,2.415967173874378e-06
llama_3_3_70b_versatile,HILL_CLIMBING,sign_type,positive,25,True,True,[2938],0.0,positive,0,1,2.500019036233425e-06
llama_3_3_70b_versatile,HILL_CLIMBING,sign_type,positive,26,True,True,[732],0.0,positive,0,1,2.125045284628868e-06
llama_3_3_70b_versatile,HILL_CLIMBING,sign_type,positive,27,True,True,[1076],0.0,positive,0,1,2.374988980591297e-06
llama_3_3_70b_versatile,HILL_CLIMBING,sign_type,positive,28,True,True,[1551],0.0,positive,0,1,2.334010787308216e-06
llama_3_3_70b_versatile,HILL_CLIMBING,sign_type,positive,29,True,True,[1877],0.0,positive,4,5,9.499955922365189e-06
llama_3_3_70b_versatile,HILL_CLIMBING,sign_type,zero,0,True,True,[0],0.0,zero,101,102,0.0001022920478135
llama_3_3_70b_versatile,HILL_CLIMBING,sign_type,zero,1,True,True,[0],0.0,zero,107,108,0.0001190829789265
llama_3_3_70b_versatile,HILL_CLIMBING,sign_type,zero,2,True,True,[0],0.0,zero,68,69,7.79579859226942e-05
llama_3_3_70b_versatile,HILL_CLIMBING,sign_type,zero,3,True,True,[0],0.0,zero,66,67,7.366703357547522e-05
llama_3_3_70b_versatile,HILL_CLIMBING,sign_type,zero,4,True,True,[0],0.0,zero,139,140,0.0001367080258205
llama_3_3_70b_versatile,HILL_CLIMBING,sign_type,zero,5,True,True,[0],0.0,zero,32,33,4.129193257540464e-05
llama_3_3_70b_versatile,HILL_CLIMBING,sign_type,zero,6,True,True,[0],0.0,zero,74,75,8.433288894593716e-05
llama_3_3_70b_versatile,HILL_CLIMBING,sign_type,zero,7,True,True,[0],0.0,zero,150,151,0.0001547499559819
llama_3_3_70b_versatile,HILL_CLIMBING,sign_type,zero,8,True,True,[0],0.0,zero,51,52,5.974993109703064e-05
llama_3_3_70b_versatile,HILL_CLIMBING,sign_type,zero,9,True,True,[0],0.0,zero,58,59,7.266702596098185e-05
llama_3_3_70b_versatile,HILL_CLIMBING,sign_type,zero,10,True,True,[0],0.0,zero,70,71,8.549995254725218e-05
llama_3_3_70b_versatile,HILL_CLIMBING,sign_type,zero,11,True,True,[0],0.0,zero,74,75,8.67500202730298e-05
llama_3_3_70b_versatile,HILL_CLIMBING,sign_type,zero,12,True,True,[0],0.0,zero,48,49,6.125005893409252e-05
llama_3_3_70b_versatile,HILL_CLIMBING,sign_type,zero,13,True,True,[0],0.0,zero,49,50,7.283303420990705e-05
llama_3_3_70b_versatile,HILL_CLIMBING,sign_type,zero,14,True,True,[0],0.0,zero,173,174,0.0001917500048875
llama_3_3_70b_versatile,HILL_CLIMBING,sign_type,zero,15,True,True,[0],0.0,zero,24,25,3.8082944229245186e-05
llama_3_3_70b_versatile,HILL_CLIMBING,sign_type,zero,16,True,True,[0],0.0,zero,34,35,4.525005351752043e-05
llama_3_3_70b_versatile,HILL_CLIMBING,sign_type,zero,17,True,True,[0],0.0,zero,92,93,0.000112000037916
llama_3_3_70b_versatile,HILL_CLIMBING,sign_type,zero,18,True,True,[0],0.0,zero,127,128,0.0001272920053452
llama_3_3_70b_versatile,HILL_CLIMBING,sign_type,zero,19,True,True,[0],0.0,zero,98,99,0.0001112499739974
llama_3_3_70b_versatile,HILL_CLIMBING,sign_type,zero,20,True,True,[0],0.0,zero,78,79,9.20420279726386e-05
llama_3_3_70b_versatile,HILL_CLIMBING,sign_type,zero,21,True,True,[0],0.0,zero,62,63,7.766694761812687e-05
llama_3_3_70b_versatile,HILL_CLIMBING,sign_type,zero,22,True,True,[0],0.0,zero,164,165,0.0001653340877965
llama_3_3_70b_versatile,HILL_CLIMBING,sign_type,zero,23,True,True,[0],0.0,zero,92,93,0.0001027910038828
llama_3_3_70b_versatile,HILL_CLIMBING,sign_type,zero,24,True,True,[0],0.0,zero,49,50,5.795806646347046e-05
llama_3_3_70b_versatile,HILL_CLIMBING,sign_type,zero,25,True,True,[0],0.0,zero,82,83,9.31670656427741e-05
llama_3_3_70b_versatile,HILL_CLIMBING,sign_type,zero,26,True,True,[0],0.0,zero,168,169,0.0001727089984342
llama_3_3_70b_versatile,HILL_CLIMBING,sign_type,zero,27,True,True,[0],0.0,zero,67,68,8.67500202730298e-05
llama_3_3_70b_versatile,HILL_CLIMBING,sign_type,zero,28,True,True,[0],0.0,zero,44,45,5.250005051493645e-05
llama_3_3_70b_versatile,HILL_CLIMBING,sign_type,zero,29,True,True,[0],0.0,zero,8,9,1.3416982255876064e-05
llama_3_3_70b_versatile,HILL_CLIMBING,string_category,empty,0,True,True,[''],0.0,empty,23,24,4.833401180803776e-05
llama_3_3_70b_versatile,HILL_CLIMBING,string_category,empty,1,True,True,[''],0.0,empty,22,23,6.691704038530588e-05
llama_3_3_70b_versatile,HILL_CLIMBING,string_category,empty,2,True,True,[''],0.0,empty,13,14,3.224995452910662e-05
llama_3_3_70b_versatile,HILL_CLIMBING,string_category,empty,3,True,True,[''],0.0,empty,21,22,3.324996214359999e-05
llama_3_3_70b_versatile,HILL_CLIMBING,string_category,empty,4,True,True,[''],0.0,empty,26,27,5.016603972762823e-05
llama_3_3_70b_versatile,HILL_CLIMBING,string_category,empty,5,True,True,[''],0.0,empty,25,26,4.333304241299629e-05
llama_3_3_70b_versatile,HILL_CLIMBING,string_category,empty,6,True,True,[''],0.0,empty,13,14,2.6792054995894432e-05
llama_3_3_70b_versatile,HILL_CLIMBING,string_category,empty,7,True,True,[''],0.0,empty,5,6,1.4041084796190262e-05
llama_3_3_70b_versatile,HILL_CLIMBING,string_category,empty,8,True,True,[''],0.0,empty,0,1,2.749962732195854e-06
llama_3_3_70b_versatile,HILL_CLIMBING,string_category,empty,9,True,True,[''],0.0,empty,19,20,3.67090106010437e-05
llama_3_3_70b_versatile,HILL_CLIMBING,string_category,empty,10,True,True,[''],0.0,empty,21,22,4.312500823289156e-05
llama_3_3_70b_versatile,HILL_CLIMBING,string_category,empty,11,True,True,[''],0.0,empty,17,18,3.2250070944428444e-05
llama_3_3_70b_versatile,HILL_CLIMBING,string_category,empty,12,True,True,[''],0.0,empty,8,9,1.5833997167646885e-05
llama_3_3_70b_versatile,HILL_CLIMBING,string_category,empty,13,True,True,[''],0.0,empty,17,18,3.2957992516458035e-05
llama_3_3_70b_versatile,HILL_CLIMBING,string_category,empty,14,True,True,[''],0.0,empty,13,14,2.8082984499633312e-05
llama_3_3_70b_versatile,HILL_CLIMBING,string_category,empty,15,True,True,[''],0.0,empty,34,35,5.795795004814863e-05
llama_3_3_70b_versatile,HILL_CLIMBING,string_category,empty,16,True,True,[''],0.0,empty,9,10,1.987500581890345e-05
llama_3_3_70b_versatile,HILL_CLIMBING,string_category,empty,17,True,True,[''],0.0,empty,39,40,6.283295806497335e-05
llama_3_3_70b_versatile,HILL_CLIMBING,string_category,empty,18,True,True,[''],0.0,empty,12,13,2.170808147639036e-05
llama_3_3_70b_versatile,HILL_CLIMBING,string_category,empty,19,True,True,[''],0.0,empty,17,18,3.445800393819809e-05
llama_3_3_70b_versatile,HILL_CLIMBING,string_category,empty,20,True,True,[''],0.0,empty,45,46,7.883296348154545e-05
llama_3_3_70b_versatile,HILL_CLIMBING,string_category,empty,21,True,True,[''],0.0,empty,18,19,4.0499959141016006e-05
llama_3_3_70b_versatile,HILL_CLIMBING,string_category,empty,22,True,True,[''],0.0,empty,18,19,3.466696944087744e-05
llama_3_3_70b_versatile,HILL_CLIMBING,string_category,empty,23,True,True,[''],0.0,empty,29,30,5.662499461323023e-05
llama_3_3_70b_versatile,HILL_CLIMBING,string_category,empty,24,True,True,[''],0.0,empty,47,48,7.79579859226942e-05
llama_3_3_70b_versatile,HILL_CLIMBING,string_category,empty,25,True,True,[''],0.0,empty,34,35,5.7582976296544075e-05
llama_3_3_70b_versatile,HILL_CLIMBING,string_category,empty,26,True,True,[''],0.0,empty,10,11,2.1915999241173267e-05
llama_3_3_70b_versatile,HILL_CLIMBING,string_category,empty,27,True,True,[''],0.0,empty,17,18,2.9708025977015495e-05
llama_3_3_70b_versatile,HILL_CLIMBING,string_category,empty,28,True,True,[''],0.0,empty,8,9,1.49579718708992e-05
llama_3_3_70b_versatile,HILL_CLIMBING,string_category,empty,29,True,True,[''],0.0,empty,9,10,1.945893745869398e-05
llama_3_3_70b_versatile,HILL_CLIMBING,string_category,long_non_palindrome,0,True,True,['YDgSQ8'],0.0,long_non_palindrome,17,18,2.716702874749899e-05
llama_3_3_70b_versatile,HILL_CLIMBING,string_category,long_non_palindrome,1,True,True,['QfEBXAROocOzW7Y'],0.0,long_non_palindrome,0,1,4.500034265220165e-06
llama_3_3_70b_versatile,HILL_CLIMBING,string_category,long_non_palindrome,2,True,True,['1MCQETiPYrgogc'],0.0,long_non_palindrome,0,1,4.208064638078213e-06
llama_3_3_70b_versatile,HILL_CLIMBING,string_category,long_non_palindrome,3,True,True,['FqgazpWOOd'],0.0,long_non_palindrome,0,1,3.791064955294132e-06
llama_3_3_70b_versatile,HILL_CLIMBING,string_category,long_non_palindrome,4,True,True,['4LTIGq'],0.0,long_non_palindrome,8,9,1.8208986148238185e-05
llama_3_3_70b_versatile,HILL_CLIMBING,string_category,long_non_palindrome,5,True,True,['rnrMPMwOJBdZ'],0.0,long_non_palindrome,0,1,3.958004526793957e-06
llama_3_3_70b_versatile,HILL_CLIMBING,string_category,long_non_palindrome,6,True,True,['sRbPxu'],0.0,long_non_palindrome,14,15,2.437504008412361e-05
llama_3_3_70b_versatile,HILL_CLIMBING,string_category,long_non_palindrome,7,True,True,['r4lAUCH5jC'],0.0,long_non_palindrome,0,1,3.7909485399723057e-06
llama_3_3_70b_versatile,HILL_CLIMBING,string_category,long_non_palindrome,8,True,True,['1CJnME'],0.0,long_non_palindrome,13,14,2.1292013116180897e-05
llama_3_3_70b_versatile,HILL_CLIMBING,string_category,long_non_palindrome,9,True,True,['wrEArPs0'],0.0,long_non_palindrome,0,1,3.457884304225445e-06
llama_3_3_70b_versatile,HILL_CLIMBING,string_category,long_non_palindrome,10,True,True,['aWJYVLPwwqHc'],0.0,long_non_palindrome,0,1,4.00003045797348e-06
llama_3_3_70b_versatile,HILL_CLIMBING,string_category,long_non_palindrome,11,True,True,['BhoL7b'],0.0,long_non_palindrome,7,8,1.4625024050474169e-05
llama_3_3_70b_versatile,HILL_CLIMBING,string_category,long_non_palindrome,12,True,True,['QSdu94'],0.0,long_non_palindrome,5,6,1.0750023648142816e-05
llama_3_3_70b_versatile,HILL_CLIMBING,string_category,long_non_palindrome,13,True,True,['HWPDy5hsNjoi'],0.0,long_non_palindrome,0,1,4.00003045797348e-06
llama_3_3_70b_versatile,HILL_CLIMBING,string_category,long_non_palindrome,14,True,True,['6AE4y9B'],0.0,long_non_palindrome,0,1,3.2909447327256203e-06
llama_3_3_70b_versatile,HILL_CLIMBING,string_category,long_non_palindrome,15,True,True,['5CaiwhzU7S00d'],0.0,long_non_palindrome,0,1,4.125060513615608e-06
llama_3_3_70b_versatile,HILL_CLIMBING,string_category,long_non_palindrome,16,True,True,['10hm4RH3oJwHcJm'],0.0,long_non_palindrome,0,1,4.249974153935909e-06
llama_3_3_70b_versatile,HILL_CLIMBING,string_category,long_non_palindrome,17,True,True,['l50Fu5'],0.0,long_non_palindrome,9,10,1.7832964658737183e-05
llama_3_3_70b_versatile,HILL_CLIMBING,string_category,long_non_palindrome,18,True,True,['ZgLwbP'],0.0,long_non_palindrome,13,14,2.5916029699146748e-05
llama_3_3_70b_versatile,HILL_CLIMBING,string_category,long_non_palindrome,19,True,True,['QXufmr1mHlTYC'],0.0,long_non_palindrome,0,1,5.083042196929455e-06
llama_3_3_70b_versatile,HILL_CLIMBING,string_category,long_non_palindrome,20,True,True,['kmqzf2'],0.0,long_non_palindrome,7,8,1.4792080037295818e-05
llama_3_3_70b_versatile,HILL_CLIMBING,string_category,long_non_palindrome,21,True,True,['XCq0T0Rq'],0.0,long_non_palindrome,0,1,3.4170225262641907e-06
llama_3_3_70b_versatile,HILL_CLIMBING,string_category,long_non_palindrome,22,True,True,['VcpTH9'],0.0,long_non_palindrome,15,16,2.5415909476578236e-05
llama_3_3_70b_versatile,HILL_CLIMBING,string_category,long_non_palindrome,23,True,True,['FRUEhz'],0.0,long_non_palindrome,7,8,1.4375080354511738e-05
llama_3_3_70b_versatile,HILL_CLIMBING,string_category,long_non_palindrome,24,True,True,['91rw5yQkXZOZct'],0.0,long_non_palindrome,0,1,4.00003045797348e-06
llama_3_3_70b_versatile,HILL_CLIMBING,string_category,long_non_palindrome,25,True,True,['OIc01oL5'],0.0,long_non_palindrome,0,1,3.4999102354049683e-06
llama_3_3_70b_versatile,HILL_CLIMBING,string_category,long_non_palindrome,26,True,True,['WD2yrf2VsJ'],0.0,long_non_palindrome,0,1,3.624940291047096e-06
llama_3_3_70b_versatile,HILL_CLIMBING,string_category,long_non_palindrome,27,True,True,['Y1LDRYa13'],0.0,long_non_palindrome,0,1,3.4170225262641907e-06
llama_3_3_70b_versatile,HILL_CLIMBING,string_category,long_non_palindrome,28,True,True,['8cnBaV'],0.0,long_non_palindrome,15,16,2.587493509054184e-05
llama_3_3_70b_versatile,HILL_CLIMBING,string_category,long_non_palindrome,29,True,True,['Ea6gUTMaP'],0.0,long_non_palindrome,0,1,3.5830307751893997e-06
llama_3_3_70b_versatile,HILL_CLIMBING,string_category,long_palindrome,0,False,False,['Csr3s22'],1.0,,0,8081,0.0121992499334737
llama_3_3_70b_versatile,HILL_CLIMBING,string_category,long_palindrome,1,True,True,['fJJf'],0.0,long_palindrome,5300,5301,0.0080270420294255
llama_3_3_70b_versatile,HILL_CLIMBING,string_category,long_palindrome,2,False,False,['jmYk'],1.0,,14,8081,0.0122558750445023
llama_3_3_70b_versatile,HILL_CLIMBING,string_category,long_palindrome,3,False,False,['myJVwPvAleJCh'],1.0,,0,8081,0.0121904580155387
llama_3_3_70b_versatile,HILL_CLIMBING,string_category,long_palindrome,4,False,False,['xhzBZGrTw0rpi09'],1.0,,0,8081,0.0121941249817609
llama_3_3_70b_versatile,HILL_CLIMBING,string_category,long_palindrome,5,False,False,['OHLBLng'],1.0,,0,8081,0.0122170839458704
llama_3_3_70b_versatile,HILL_CLIMBING,string_category,long_palindrome,6,False,False,['w5kaxzRerh2zF7'],1.0,,0,8081,0.0122142089530825
llama_3_3_70b_versatile,HILL_CLIMBING,string_category,long_palindrome,7,False,False,['oGhXHPeizzRU'],1.0,,0,8081,0.0121982920682057
llama_3_3_70b_versatile,HILL_CLIMBING,string_category,long_palindrome,8,False,False,['h2rX'],1.0,,0,8081,0.0122979999287053
llama_3_3_70b_versatile,HILL_CLIMBING,string_category,long_palindrome,9,True,True,['EiWiE'],0.0,long_palindrome,3478,3479,0.0052961659384891
llama_3_3_70b_versatile,HILL_CLIMBING,string_category,long_palindrome,10,False,False,['WtLe5yXf'],1.0,,0,8081,0.0122297080233693
llama_3_3_70b_versatile,HILL_CLIMBING,string_category,long_palindrome,11,False,False,['betk'],1.0,,0,8081,0.0122544170590117
llama_3_3_70b_versatile,HILL_CLIMBING,string_category,long_palindrome,12,False,False,['cA6Y5'],1.0,,0,8081,0.0121123339049518
llama_3_3_70b_versatile,HILL_CLIMBING,string_category,long_palindrome,13,False,False,['J72EpKPxge6KT'],1.0,,0,8081,0.0122139999875798
llama_3_3_70b_versatile,HILL_CLIMBING,string_category,long_palindrome,14,True,True,['WXXW'],0.0,long_palindrome,136,137,0.0002182089956477
llama_3_3_70b_versatile,HILL_CLIMBING,string_category,long_palindrome,15,False,False,['QeVW'],1.0,,15,8081,0.0122203750070184
llama_3_3_70b_versatile,HILL_CLIMBING,string_category,long_palindrome,16,False,False,['FotOCv0'],1.0,,0,8081,0.0121685420162975
llama_3_3_70b_versatile,HILL_CLIMBING,string_category,long_palindrome,17,False,False,['NAjZKPb2SB03'],1.0,,0,8081,0.012130209011957
llama_3_3_70b_versatile,HILL_CLIMBING,string_category,long_palindrome,18,False,False,['V1xPGXo3'],1.0,,0,8081,0.0123152500018477
llama_3_3_70b_versatile,HILL_CLIMBING,string_category,long_palindrome,19,True,True,['1AXA1'],0.0,long_palindrome,4773,4774,0.0072933750925585
llama_3_3_70b_versatile,HILL_CLIMBING,string_category,long_palindrome,20,True,True,['AYCYA'],0.0,long_palindrome,4837,4838,0.0073819999815896
llama_3_3_70b_versatile,HILL_CLIMBING,string_category,long_palindrome,21,False,False,['Va6T'],1.0,,12,8081,0.0123681250261142
llama_3_3_70b_versatile,HILL_CLIMBING,string_category,long_palindrome,22,False,False,['A1cvM9Zpjd'],1.0,,0,8081,0.0123862499604001
llama_3_3_70b_versatile,HILL_CLIMBING,string_category,long_palindrome,23,False,False,['bAs7FXc'],1.0,,0,8081,0.0123369999928399
llama_3_3_70b_versatile,HILL_CLIMBING,string_category,long_palindrome,24,False,False,['CBDf'],1.0,,0,8081,0.0122849160106852
llama_3_3_70b_versatile,HILL_CLIMBING,string_category,long_palindrome,25,False,False,['msCmrc5'],1.0,,0,8081,0.0122866249876096
llama_3_3_70b_versatile,HILL_CLIMBING,string_category,long_palindrome,26,False,False,['jF70sb'],1.0,,0,8081,0.0119407499441877
llama_3_3_70b_versatile,HILL_CLIMBING,string_category,long_palindrome,27,False,False,['sNxeIV780'],1.0,,0,8081,0.0121326670050621
llama_3_3_70b_versatile,HILL_CLIMBING,string_category,long_palindrome,28,False,False,['PLQolP'],1.0,,0,8081,0.0122287910198792
llama_3_3_70b_versatile,HILL_CLIMBING,string_category,long_palindrome,29,False,False,['9cE4rlaYhWZ'],1.0,,0,8081,0.0121110419277101
llama_3_3_70b_versatile,HILL_CLIMBING,string_category,other,0,True,True,['TPWhh'],0.0,other,70,71,0.0001189999748021
llama_3_3_70b_versatile,HILL_CLIMBING,string_category,other,1,True,True,['y1YUt'],0.0,other,3,4,8.499948307871819e-06
llama_3_3_70b_versatile,HILL_CLIMBING,string_category,other,2,True,True,['bhZAB'],0.0,other,359,360,0.0005755419842898
llama_3_3_70b_versatile,HILL_CLIMBING,string_category,other,3,True,True,['oTBmY'],0.0,other,42,43,7.716706022620201e-05
llama_3_3_70b_versatile,HILL_CLIMBING,string_category,other,4,True,True,['b2'],0.0,other,0,1,3.2080570235848427e-06
llama_3_3_70b_versatile,HILL_CLIMBING,string_category,other,5,True,True,['tqxsZ'],0.0,other,5,6,1.391698606312275e-05
llama_3_3_70b_versatile,HILL_CLIMBING,string_category,other,6,True,True,['b6HGl'],0.0,other,3,4,9.541981853544712e-06
llama_3_3_70b_versatile,HILL_CLIMBING,string_category,other,7,True,True,['4RMbI'],0.0,other,0,1,4.041939973831177e-06
llama_3_3_70b_versatile,HILL_CLIMBING,string_category,other,8,True,True,['WWUFu'],0.0,other,368,369,0.0005785829853266
llama_3_3_70b_versatile,HILL_CLIMBING,string_category,other,9,True,True,['s7Fs8'],0.0,other,150,151,0.0002422089455649
llama_3_3_70b_versatile,HILL_CLIMBING,string_category,other,10,True,True,['i5Drj'],0.0,other,1,2,6.375019438564777e-06
llama_3_3_70b_versatile,HILL_CLIMBING,string_category,other,11,True,True,['fm'],0.0,other,3,4,9.58307646214962e-06
llama_3_3_70b_versatile,HILL_CLIMBING,string_category,other,12,True,True,['RpBtN'],0.0,other,134,135,0.000216083950363
llama_3_3_70b_versatile,HILL_CLIMBING,string_category,other,13,True,True,['Jw'],0.0,other,0,1,3.1249364838004112e-06
llama_3_3_70b_versatile,HILL_CLIMBING,string_category,other,14,True,True,['ZN5'],0.0,other,0,1,2.749962732195854e-06
llama_3_3_70b_versatile,HILL_CLIMBING,string_category,other,15,True,True,['3sSon'],0.0,other,16,17,3.38749960064888e-05
llama_3_3_70b_versatile,HILL_CLIMBING,string_category,other,16,True,True,['Q8szm'],0.0,other,34,35,6.40420475974679e-05
llama_3_3_70b_versatile,HILL_CLIMBING,string_category,other,17,True,True,['dO'],0.0,other,9,10,1.9124941900372505e-05
llama_3_3_70b_versatile,HILL_CLIMBING,string_category,other,18,True,True,['Gf'],0.0,other,1,2,4.875008016824722e-06
llama_3_3_70b_versatile,HILL_CLIMBING,string_category,other,19,True,True,['W9'],0.0,other,2,3,6.582937203347683e-06
llama_3_3_70b_versatile,HILL_CLIMBING,string_category,other,20,True,True,['nXAno'],0.0,other,56,57,9.595893789082766e-05
llama_3_3_70b_versatile,HILL_CLIMBING,string_category,other,21,True,True,['03zf2'],0.0,other,27,28,5.124998278915882e-05
llama_3_3_70b_versatile,HILL_CLIMBING,string_category,other,22,True,True,['lvRrY'],0.0,other,12,13,2.629193477332592e-05
llama_3_3_70b_versatile,HILL_CLIMBING,string_category,other,23,True,True,['er'],0.0,other,15,16,2.829195000231266e-05
llama_3_3_70b_versatile,HILL_CLIMBING,string_category,other,24,True,True,['vtJD7'],0.0,other,175,176,0.0002790410071611
llama_3_3_70b_versatile,HILL_CLIMBING,string_category,other,25,True,True,['vD'],0.0,other,12,13,2.42090318351984e-05
llama_3_3_70b_versatile,HILL_CLIMBING,string_category,other,26,True,True,['CjIhH'],0.0,other,0,1,3.625056706368923e-06
llama_3_3_70b_versatile,HILL_CLIMBING,string_category,other,27,True,True,['kzcVs'],0.0,other,3,4,1.0165967978537084e-05
llama_3_3_70b_versatile,HILL_CLIMBING,string_category,other,28,True,True,['qZd9P'],0.0,other,3,4,9.95793379843235e-06
llama_3_3_70b_versatile,HILL_CLIMBING,string_category,other,29,True,True,['SJ2e2'],0.0,other,50,51,8.816597983241081e-05
llama_3_3_70b_versatile,HILL_CLIMBING,string_category,short_palindrome,0,True,True,['3'],0.0,short_palindrome,50,51,8.779100608080626e-05
llama_3_3_70b_versatile,HILL_CLIMBING,string_category,short_palindrome,1,True,True,['4'],0.0,short_palindrome,17,18,3.250001464039087e-05
llama_3_3_70b_versatile,HILL_CLIMBING,string_category,short_palindrome,2,True,True,['l'],0.0,short_palindrome,40,41,6.345903966575861e-05
llama_3_3_70b_versatile,HILL_CLIMBING,string_category,short_palindrome,3,True,True,['j'],0.0,short_palindrome,21,22,3.491598181426525e-05
llama_3_3_70b_versatile,HILL_CLIMBING,string_category,short_palindrome,4,True,True,['A'],0.0,short_palindrome,15,16,2.4916022084653378e-05
llama_3_3_70b_versatile,HILL_CLIMBING,string_category,short_palindrome,5,True,True,['a'],0.0,short_palindrome,0,1,2.7919886633753777e-06
llama_3_3_70b_versatile,HILL_CLIMBING,string_category,short_palindrome,6,True,True,[''],0.0,short_palindrome,0,1,2.7919886633753777e-06
llama_3_3_70b_versatile,HILL_CLIMBING,string_category,short_palindrome,7,True,True,['o'],0.0,short_palindrome,1,2,5.00003807246685e-06
llama_3_3_70b_versatile,HILL_CLIMBING,string_category,short_palindrome,8,True,True,['B'],0.0,short_palindrome,5,6,1.0582967661321163e-05
llama_3_3_70b_versatile,HILL_CLIMBING,string_category,short_palindrome,9,True,True,['N'],0.0,short_palindrome,18,19,3.3374992199242115e-05
llama_3_3_70b_versatile,HILL_CLIMBING,string_category,short_palindrome,10,True,True,['N'],0.0,short_palindrome,33,34,5.208305083215237e-05
llama_3_3_70b_versatile,HILL_CLIMBING,string_category,short_palindrome,11,True,True,[''],0.0,short_palindrome,0,1,2.583954483270645e-06
llama_3_3_70b_versatile,HILL_CLIMBING,string_category,short_palindrome,12,True,True,['k'],0.0,short_palindrome,26,27,4.533398896455765e-05
llama_3_3_70b_versatile,HILL_CLIMBING,string_category,short_palindrome,13,True,True,['x'],0.0,short_palindrome,1,2,4.749977961182594e-06
llama_3_3_70b_versatile,HILL_CLIMBING,string_category,short_palindrome,14,True,True,['8'],0.0,short_palindrome,32,33,5.27920201420784e-05
llama_3_3_70b_versatile,HILL_CLIMBING,string_category,short_palindrome,15,True,True,['A'],0.0,short_palindrome,7,8,1.37080205604434e-05
llama_3_3_70b_versatile,HILL_CLIMBING,string_category,short_palindrome,16,True,True,[''],0.0,short_palindrome,0,1,2.4170149117708206e-06
llama_3_3_70b_versatile,HILL_CLIMBING,string_category,short_palindrome,17,True,True,['M'],0.0,short_palindrome,43,44,6.524997297674417e-05
llama_3_3_70b_versatile,HILL_CLIMBING,string_category,short_palindrome,18,True,True,['b'],0.0,short_palindrome,34,35,5.308305844664574e-05
llama_3_3_70b_versatile,HILL_CLIMBING,string_category,short_palindrome,19,True,True,['U'],0.0,short_palindrome,41,42,6.89999433234334e-05
llama_3_3_70b_versatile,HILL_CLIMBING,string_category,short_palindrome,20,True,True,['X'],0.0,short_palindrome,33,34,5.47909876331687e-05
llama_3_3_70b_versatile,HILL_CLIMBING,string_category,short_palindrome,21,True,True,['P'],0.0,short_palindrome,39,40,6.354099605232477e-05
llama_3_3_70b_versatile,HILL_CLIMBING,string_category,short_palindrome,22,True,True,['f'],0.0,short_palindrome,29,30,5.00829191878438e-05
llama_3_3_70b_versatile,HILL_CLIMBING,string_category,short_palindrome,23,True,True,['n'],0.0,short_palindrome,19,20,3.1917006708681583e-05
llama_3_3_70b_versatile,HILL_CLIMBING,string_category,short_palindrome,24,True,True,['8'],0.0,short_palindrome,32,33,5.64580550417304e-05
llama_3_3_70b_versatile,HILL_CLIMBING,string_category,short_palindrome,25,True,True,['1R1'],0.0,short_palindrome,34,35,5.3582945838570595e-05
llama_3_3_70b_versatile,HILL_CLIMBING,string_category,short_palindrome,26,True,True,['D'],0.0,short_palindrome,30,31,4.570791497826576e-05
llama_3_3_70b_versatile,HILL_CLIMBING,string_category,short_palindrome,27,True,True,['m'],0.0,short_palindrome,26,27,4.537496715784073e-05
llama_3_3_70b_versatile,HILL_CLIMBING,string_category,short_palindrome,28,True,True,['G'],0.0,short_palindrome,37,38,6.033305544406176e-05
llama_3_3_70b_versatile,HILL_CLIMBING,string_category,short_palindrome,29,True,True,['8'],0.0,short_palindrome,23,24,3.7209014408290386e-05
llama_3_3_70b_versatile,HILL_CLIMBING,username_category,empty,0,True,True,[''],0.0,empty,15,16,3.495893906801939e-05
llama_3_3_70b_versatile,HILL_CLIMBING,username_category,empty,1,True,True,[''],0.0,empty,23,24,4.558393266052008e-05
llama_3_3_70b_versatile,HILL_CLIMBING,username_category,empty,2,True,True,[''],0.0,empty,18,19,3.925000783056021e-05
llama_3_3_70b_versatile,HILL_CLIMBING,username_category,empty,3,True,True,[''],0.0,empty,9,10,2.062495332211256e-05
llama_3_3_70b_versatile,HILL_CLIMBING,username_category,empty,4,True,True,[''],0.0,empty,5,6,1.2750038877129556e-05
llama_3_3_70b_versatile,HILL_CLIMBING,username_category,empty,5,True,True,[''],0.0,empty,34,35,6.362504791468382e-05
llama_3_3_70b_versatile,HILL_CLIMBING,username_category,empty,6,True,True,[''],0.0,empty,3,4,8.375034667551517e-06
llama_3_3_70b_versatile,HILL_CLIMBING,username_category,empty,7,True,True,[''],0.0,empty,15,16,2.9749935492873192e-05
llama_3_3_70b_versatile,HILL_CLIMBING,username_category,empty,8,True,True,[''],0.0,empty,9,10,1.991703175008297e-05
llama_3_3_70b_versatile,HILL_CLIMBING,username_category,empty,9,True,True,[''],0.0,empty,29,30,5.716702435165644e-05
llama_3_3_70b_versatile,HILL_CLIMBING,username_category,empty,10,True,True,[''],0.0,empty,36,37,5.908298771828413e-05
llama_3_3_70b_versatile,HILL_CLIMBING,username_category,empty,11,True,True,[''],0.0,empty,0,1,2.625049091875553e-06
llama_3_3_70b_versatile,HILL_CLIMBING,username_category,empty,12,True,True,[''],0.0,empty,45,46,7.866602391004562e-05
llama_3_3_70b_versatile,HILL_CLIMBING,username_category,empty,13,True,True,[''],0.0,empty,29,30,5.204195622354746e-05
llama_3_3_70b_versatile,HILL_CLIMBING,username_category,empty,14,True,True,[''],0.0,empty,28,29,5.366699770092964e-05
llama_3_3_70b_versatile,HILL_CLIMBING,username_category,empty,15,True,True,[''],0.0,empty,20,21,3.7250109016895294e-05
llama_3_3_70b_versatile,HILL_CLIMBING,username_category,empty,16,True,True,[''],0.0,empty,1,2,5.375011824071407e-06
llama_3_3_70b_versatile,HILL_CLIMBING,username_category,empty,17,True,True,[''],0.0,empty,43,44,7.804192136973143e-05
llama_3_3_70b_versatile,HILL_CLIMBING,username_category,empty,18,True,True,[''],0.0,empty,25,26,5.24159986525774e-05
llama_3_3_70b_versatile,HILL_CLIMBING,username_category,empty,19,True,True,[''],0.0,empty,14,15,2.916704397648573e-05
llama_3_3_70b_versatile,HILL_CLIMBING,username_category,empty,20,True,True,[''],0.0,empty,2,3,7.082941010594368e-06
llama_3_3_70b_versatile,HILL_CLIMBING,username_category,empty,21,True,True,[''],0.0,empty,43,44,7.970805745571852e-05
llama_3_3_70b_versatile,HILL_CLIMBING,username_category,empty,22,True,True,[''],0.0,empty,33,34,6.42499653622508e-05
llama_3_3_70b_versatile,HILL_CLIMBING,username_category,empty,23,True,True,[''],0.0,empty,25,26,4.9458001740276814e-05
llama_3_3_70b_versatile,HILL_CLIMBING,username_category,empty,24,True,True,[''],0.0,empty,39,40,7.283303420990705e-05
llama_3_3_70b_versatile,HILL_CLIMBING,username_category,empty,25,True,True,[''],0.0,empty,22,23,4.39999857917428e-05
llama_3_3_70b_versatile,HILL_CLIMBING,username_category,empty,26,True,True,[''],0.0,empty,5,6,1.2999982573091984e-05
llama_3_3_70b_versatile,HILL_CLIMBING,username_category,empty,27,True,True,[''],0.0,empty,34,35,5.8750039897859097e-05
llama_3_3_70b_versatile,HILL_CLIMBING,username_category,empty,28,True,True,[''],0.0,empty,8,9,1.7541926354169846e-05
llama_3_3_70b_versatile,HILL_CLIMBING,username_category,empty,29,True,True,[''],0.0,empty,20,21,3.595894668251276e-05
llama_3_3_70b_versatile,HILL_CLIMBING,username_category,medium_username,0,True,True,['mAr2su4XqyACci'],0.0,medium_username,0,1,7.833936251699924e-06
llama_3_3_70b_versatile,HILL_CLIMBING,username_category,medium_username,1,True,True,['pG4oR'],0.0,medium_username,10,11,3.250001464039087e-05
llama_3_3_70b_versatile,HILL_CLIMBING,username_category,medium_username,2,True,True,['ogXPl7D0GJ'],0.0,medium_username,0,1,5.915993824601173e-06
llama_3_3_70b_versatile,HILL_CLIMBING,username_category,medium_username,3,True,True,['UaUZ4'],0.0,medium_username,10,11,3.0499999411404133e-05
llama_3_3_70b_versatile,HILL_CLIMBING,username_category,medium_username,4,True,True,['E3tWF'],0.0,medium_username,1,2,7.707974873483181e-06
llama_3_3_70b_versatile,HILL_CLIMBING,username_category,medium_username,5,True,True,['KEBPafoVIP3'],0.0,medium_username,11,12,3.51249473169446e-05
llama_3_3_70b_versatile,HILL_CLIMBING,username_category,medium_username,6,True,True,['JLDakB4'],0.0,medium_username,2,3,1.0707997716963291e-05
llama_3_3_70b_versatile,HILL_CLIMBING,username_category,medium_username,7,True,True,['sb6Zf'],0.0,medium_username,0,1,4.417030140757561e-06
llama_3_3_70b_versatile,HILL_CLIMBING,username_category,medium_username,8,True,True,['vDq4M'],0.0,medium_username,3,4,1.233397051692009e-05
llama_3_3_70b_versatile,HILL_CLIMBING,username_category,medium_username,9,True,True,['mZ7b4'],0.0,medium_username,1,2,7.334048859775066e-06
llama_3_3_70b_versatile,HILL_CLIMBING,username_category,medium_username,10,True,True,['Zw3aEvJE6ME'],0.0,medium_username,0,1,5.66698145121336e-06
llama_3_3_70b_versatile,HILL_CLIMBING,username_category,medium_username,11,True,True,['hHZO4'],0.0,medium_username,54,55,0.0001194169744849
llama_3_3_70b_versatile,HILL_CLIMBING,username_category,medium_username,12,True,True,['Sd7Zs8fNjfiC0W'],0.0,medium_username,0,1,5.917041562497616e-06
llama_3_3_70b_versatile,HILL_CLIMBING,username_category,medium_username,13,True,True,['zqKhNzVG6q'],0.0,medium_username,16,17,5.3875031881034374e-05
llama_3_3_70b_versatile,HILL_CLIMBING,username_category,medium_username,14,True,True,['mj3kj3K'],0.0,medium_username,1,2,8.124974556267262e-06
llama_3_3_70b_versatile,HILL_CLIMBING,username_category,medium_username,15,True,True,['qKkW5P2VXZj'],0.0,medium_username,0,1,5.833921022713184e-06
llama_3_3_70b_versatile,HILL_CLIMBING,username_category,medium_username,16,True,True,['P6U2z'],0.0,medium_username,10,11,2.9916991479694843e-05
llama_3_3_70b_versatile,HILL_CLIMBING,username_category,medium_username,17,True,True,['tt4YdF404I5DEk'],0.0,medium_username,0,1,6.333924829959869e-06
llama_3_3_70b_versatile,HILL_CLIMBING,username_category,medium_username,18,True,True,['mSldCBZvZa4'],0.0,medium_username,8,9,2.77920626103878e-05
llama_3_3_70b_versatile,HILL_CLIMBING,username_category,medium_username,19,True,True,['fjIaJoaRuJr9'],0.0,medium_username,5,6,1.9916915334761143e-05
llama_3_3_70b_versatile,HILL_CLIMBING,username_category,medium_username,20,True,True,['oEeIgndsF8'],0.0,medium_username,21,22,5.5750017054378986e-05
llama_3_3_70b_versatile,HILL_CLIMBING,username_category,medium_username,21,True,True,['N6TV93c1tILHh69'],0.0,medium_username,0,1,6.083049811422825e-06
llama_3_3_70b_versatile,HILL_CLIMBING,username_category,medium_username,22,True,True,['YuK8NUm'],0.0,medium_username,132,133,0.0002888330491259
llama_3_3_70b_versatile,HILL_CLIMBING,username_category,medium_username,23,True,True,['ioKc2'],0.0,medium_username,14,15,3.741704858839512e-05
llama_3_3_70b_versatile,HILL_CLIMBING,username_category,medium_username,24,True,True,['r5eu9V'],0.0,medium_username,4,5,1.608405727893114e-05
llama_3_3_70b_versatile,HILL_CLIMBING,username_category,medium_username,25,True,True,['BeU5R'],0.0,medium_username,27,28,6.062490865588188e-05
llama_3_3_70b_versatile,HILL_CLIMBING,username_category,medium_username,26,True,True,['ZhBd5'],0.0,medium_username,77,78,0.00018337497022
llama_3_3_70b_versatile,HILL_CLIMBING,username_category,medium_username,27,True,True,['uOy5nUHpIqSqE9'],0.0,medium_username,0,1,6.0409074649214745e-06
llama_3_3_70b_versatile,HILL_CLIMBING,username_category,medium_username,28,True,True,['yUdwj9'],0.0,medium_username,17,18,4.695798270404339e-05
llama_3_3_70b_versatile,HILL_CLIMBING,username_category,medium_username,29,True,True,['cvsQ6JKaP'],0.0,medium_username,0,1,5.166977643966675e-06
llama_3_3_70b_versatile,HILL_CLIMBING,username_category,starts_with_digit,0,True,True,['1kXEaLk9c'],0.0,starts_with_digit,101,102,0.0001617500092834
llama_3_3_70b_versatile,HILL_CLIMBING,username_category,starts_with_digit,1,True,True,['77TkbpE2726'],0.0,starts_with_digit,219,220,0.0003497079014778
llama_3_3_70b_versatile,HILL_CLIMBING,username_category,starts_with_digit,2,True,True,['8'],0.0,starts_with_digit,2,3,6.8749068304896355e-06
llama_3_3_70b_versatile,HILL_CLIMBING,username_category,starts_with_digit,3,True,True,['0S'],0.0,starts_with_digit,12,13,2.5499961338937283e-05
llama_3_3_70b_versatile,HILL_CLIMBING,username_category,starts_with_digit,4,True,True,['9qq3WEIZgGtyJ'],0.0,starts_with_digit,36,37,6.412493530660868e-05
llama_3_3_70b_versatile,HILL_CLIMBING,username_category,starts_with_digit,5,True,True,['4w'],0.0,starts_with_digit,31,32,5.479203537106514e-05
llama_3_3_70b_versatile,HILL_CLIMBING,username_category,starts_with_digit,6,True,True,['8ydk9haKtO'],0.0,starts_with_digit,126,127,0.0001984169939532
llama_3_3_70b_versatile,HILL_CLIMBING,username_category,starts_with_digit,7,True,True,['5'],0.0,starts_with_digit,29,30,5.495792720466852e-05
llama_3_3_70b_versatile,HILL_CLIMBING,username_category,starts_with_digit,8,True,True,['67Flr2IrO'],0.0,starts_with_digit,28,29,5.12079568579793e-05
llama_3_3_70b_versatile,HILL_CLIMBING,username_category,starts_with_digit,9,True,True,['37XmUYlLEKvH'],0.0,starts_with_digit,57,58,9.791599586606026e-05
llama_3_3_70b_versatile,HILL_CLIMBING,username_category,starts_with_digit,10,True,True,['3W2tEs5j'],0.0,starts_with_digit,84,85,0.0001411249395459
llama_3_3_70b_versatile,HILL_CLIMBING,username_category,starts_with_digit,11,True,True,['8PXRWXovqht'],0.0,starts_with_digit,37,38,6.25409884378314e-05
llama_3_3_70b_versatile,HILL_CLIMBING,username_category,starts_with_digit,12,True,True,['5'],0.0,starts_with_digit,23,24,4.541699308902025e-05
llama_3_3_70b_versatile,HILL_CLIMBING,username_category,starts_with_digit,13,True,True,['7VLn8GFOO6Wv'],0.0,starts_with_digit,53,54,9.341596160084008e-05
llama_3_3_70b_versatile,HILL_CLIMBING,username_category,starts_with_digit,14,True,True,['1i8oe'],0.0,starts_with_digit,72,73,0.0001185409491881
llama_3_3_70b_versatile,HILL_CLIMBING,username_category,starts_with_digit,15,True,True,['7WxbnNHB'],0.0,starts_with_digit,51,52,8.749996777623892e-05
llama_3_3_70b_versatile,HILL_CLIMBING,username_category,starts_with_digit,16,True,True,['3NQE56xiKzmYUFb'],0.0,starts_with_digit,110,111,0.0001769580412656
llama_3_3_70b_versatile,HILL_CLIMBING,username_category,starts_with_digit,17,True,True,['4X1N'],0.0,starts_with_digit,10,11,2.2165942937135696e-05
llama_3_3_70b_versatile,HILL_CLIMBING,username_category,starts_with_digit,18,True,True,['9Opbw94SG'],0.0,starts_with_digit,44,45,7.629196625202894e-05
llama_3_3_70b_versatile,HILL_CLIMBING,username_category,starts_with_digit,19,True,True,['2o9A4'],0.0,starts_with_digit,70,71,0.0001126659335568
llama_3_3_70b_versatile,HILL_CLIMBING,username_category,starts_with_digit,20,True,True,['10lV60RNnJBil'],0.0,starts_with_digit,14,15,3.091699909418821e-05
llama_3_3_70b_versatile,HILL_CLIMBING,username_category,starts_with_digit,21,True,True,['3kS'],0.0,starts_with_digit,53,54,8.479191455990076e-05
llama_3_3_70b_versatile,HILL_CLIMBING,username_category,starts_with_digit,22,True,True,['90ceSCkBb'],0.0,starts_with_digit,58,59,9.74580179899931e-05
llama_3_3_70b_versatile,HILL_CLIMBING,username_category,starts_with_digit,23,True,True,['7JAdbH89RVcZa'],0.0,starts_with_digit,34,35,6.150000263005495e-05
llama_3_3_70b_versatile,HILL_CLIMBING,username_category,starts_with_digit,24,True,True,['3kEJo367mahyPw'],0.0,starts_with_digit,5,6,1.4124903827905657e-05
llama_3_3_70b_versatile,HILL_CLIMBING,username_category,starts_with_digit,25,True,True,['3QQ'],0.0,starts_with_digit,71,72,0.0001149160088971
llama_3_3_70b_versatile,HILL_CLIMBING,username_category,starts_with_digit,26,True,True,['0oQkpgIz5Bb'],0.0,starts_with_digit,119,120,0.000191458966583
llama_3_3_70b_versatile,HILL_CLIMBING,username_category,starts_with_digit,27,True,True,['2'],0.0,starts_with_digit,120,121,0.0001892909640446
llama_3_3_70b_versatile,HILL_CLIMBING,username_category,starts_with_digit,28,True,True,['9'],0.0,starts_with_digit,1,2,5.416921339929104e-06
llama_3_3_70b_versatile,HILL_CLIMBING,username_category,starts_with_digit,29,True,True,['22D6BRCn5a70Q'],0.0,starts_with_digit,100,101,0.0001600419636815
llama_3_3_70b_versatile,HILL_CLIMBING,username_category,strong_username,0,False,False,['ABWpZi3Ya'],1.0,,21,8081,0.0191043330123648
llama_3_3_70b_versatile,HILL_CLIMBING,username_category,strong_username,1,False,False,['TOEsYfXd9MX'],1.0,,0,8081,0.0191396659938618
llama_3_3_70b_versatile,HILL_CLIMBING,username_category,strong_username,2,False,False,['jkdkQEV6uF4f'],1.0,,0,8081,0.0192067500902339
llama_3_3_70b_versatile,HILL_CLIMBING,username_category,strong_username,3,False,False,['nfchgM7Wp'],1.0,,9,8081,0.0190997499739751
llama_3_3_70b_versatile,HILL_CLIMBING,username_category,strong_username,4,False,False,['Dow0bXmqa'],1.0,,40,8081,0.0191210421035066
llama_3_3_70b_versatile,HILL_CLIMBING,username_category,strong_username,5,False,False,['mcrg15Dpe'],1.0,,3,8081,0.0192752500297501
llama_3_3_70b_versatile,HILL_CLIMBING,username_category,strong_username,6,False,False,['mF1HSWyUM'],1.0,,19,8081,0.0191657079849392
llama_3_3_70b_versatile,HILL_CLIMBING,username_category,strong_username,7,False,False,['TyNUysVQh'],1.0,,16,8081,0.019223541021347
llama_3_3_70b_versatile,HILL_CLIMBING,username_category,strong_username,8,False,False,['3SxXKU37T'],1.0,,12,8081,0.0191809999523684
llama_3_3_70b_versatile,HILL_CLIMBING,username_category,strong_username,9,False,False,['Zp7A2YUEv'],1.0,,19,8081,0.0190017499262467
llama_3_3_70b_versatile,HILL_CLIMBING,username_category,strong_username,10,False,False,['hzKcqqGJn'],1.0,,1,8081,0.0198904579738155
llama_3_3_70b_versatile,HILL_CLIMBING,username_category,strong_username,11,False,False,['0kg5ksbcy71'],1.0,,0,8081,0.0213974580401554
llama_3_3_70b_versatile,HILL_CLIMBING,username_category,strong_username,12,False,False,['eGipINZyF'],1.0,,20,8081,0.0196767499437555
llama_3_3_70b_versatile,HILL_CLIMBING,username_category,strong_username,13,False,False,['gYENKWA1B'],1.0,,25,8081,0.0205202919896692
llama_3_3_70b_versatile,HILL_CLIMBING,username_category,strong_username,14,False,False,['chtkAyRtZ'],1.0,,6,8081,0.019676583004184
llama_3_3_70b_versatile,HILL_CLIMBING,username_category,strong_username,15,False,False,['AdX05fiIhvU5'],1.0,,0,8081,0.0193761659320443
llama_3_3_70b_versatile,HILL_CLIMBING,username_category,strong_username,16,False,False,['7iDWokA81je9'],1.0,,0,8081,0.0197498750640079
llama_3_3_70b_versatile,HILL_CLIMBING,username_category,strong_username,17,False,False,['z0UYsMC2A'],1.0,,9,8081,0.0196225000545382
llama_3_3_70b_versatile,HILL_CLIMBING,username_category,strong_username,18,False,False,['z0nrfrfyf'],1.0,,7,8081,0.0193267499562352
llama_3_3_70b_versatile,HILL_CLIMBING,username_category,strong_username,19,False,False,['n9Y9sKkf0'],1.0,,22,8081,0.0198305840604007
llama_3_3_70b_versatile,HILL_CLIMBING,username_category,strong_username,20,False,False,['mBzw1iYwx'],1.0,,0,8081,0.0189412080217152
llama_3_3_70b_versatile,HILL_CLIMBING,username_category,strong_username,21,False,False,['d442nt8tu'],1.0,,29,8081,0.0192512499634176
llama_3_3_70b_versatile,HILL_CLIMBING,username_category,strong_username,22,False,False,['HzbzQoXJP'],1.0,,1,8081,0.0190182080259546
llama_3_3_70b_versatile,HILL_CLIMBING,username_category,strong_username,23,False,False,['Ma6MmiD3puOeD'],1.0,,0,8081,0.0190707920119166
llama_3_3_70b_versatile,HILL_CLIMBING,username_category,strong_username,24,False,False,['jr8mx4vu1'],1.0,,15,8081,0.0190829159691929
llama_3_3_70b_versatile,HILL_CLIMBING,username_category,strong_username,25,False,False,['73cVY1dUfi6B'],1.0,,0,8081,0.0192009590100497
llama_3_3_70b_versatile,HILL_CLIMBING,username_category,strong_username,26,False,False,['2R90w4NNso'],1.0,,0,8081,0.0192865000572055
llama_3_3_70b_versatile,HILL_CLIMBING,username_category,strong_username,27,False,False,['bQeGoNVHq'],1.0,,40,8081,0.0194034160813316
llama_3_3_70b_versatile,HILL_CLIMBING,username_category,strong_username,28,False,False,['jXgtZJyQ81AiG'],1.0,,0,8081,0.0192143329186365
llama_3_3_70b_versatile,HILL_CLIMBING,username_category,strong_username,29,False,False,['68H9IvDwceb6ifX'],1.0,,0,8081,0.0190111249685287
llama_3_3_70b_versatile,HILL_CLIMBING,username_category,too_short,0,True,True,['v2jG'],0.0,too_short,26,27,5.674990825355053e-05
llama_3_3_70b_versatile,HILL_CLIMBING,username_category,too_short,1,True,True,['KlhO'],0.0,too_short,19,20,3.362505231052637e-05
llama_3_3_70b_versatile,HILL_CLIMBING,username_category,too_short,2,True,True,[''],0.0,too_short,0,1,2.9170187190175056e-06
llama_3_3_70b_versatile,HILL_CLIMBING,username_category,too_short,3,True,True,['5FFd'],0.0,too_short,27,28,5.454197525978088e-05
llama_3_3_70b_versatile,HILL_CLIMBING,username_category,too_short,4,True,True,['ICOH'],0.0,too_short,7,8,1.5416997484862804e-05
llama_3_3_70b_versatile,HILL_CLIMBING,username_category,too_short,5,True,True,['PbK'],0.0,too_short,0,1,3.0410010367631912e-06
llama_3_3_70b_versatile,HILL_CLIMBING,username_category,too_short,6,True,True,['QSaa'],0.0,too_short,41,42,6.999995093792677e-05
llama_3_3_70b_versatile,HILL_CLIMBING,username_category,too_short,7,True,True,['qLJl'],0.0,too_short,24,25,4.558300133794546e-05
llama_3_3_70b_versatile,HILL_CLIMBING,username_category,too_short,8,True,True,['H72J'],0.0,too_short,22,23,4.5625027269124985e-05
llama_3_3_70b_versatile,HILL_CLIMBING,username_category,too_short,9,True,True,['8TqX'],0.0,too_short,1,2,5.875015631318092e-06
llama_3_3_70b_versatile,HILL_CLIMBING,username_category,too_short,10,True,True,['lsvv'],0.0,too_short,0,1,3.1670788303017616e-06
llama_3_3_70b_versatile,HILL_CLIMBING,username_category,too_short,11,True,True,['Hnin'],0.0,too_short,10,11,2.345803659409285e-05
llama_3_3_70b_versatile,HILL_CLIMBING,username_category,too_short,12,True,True,['mbGB'],0.0,too_short,6,7,1.433398574590683e-05
llama_3_3_70b_versatile,HILL_CLIMBING,username_category,too_short,13,True,True,['EfRt'],0.0,too_short,21,22,3.670796286314726e-05
llama_3_3_70b_versatile,HILL_CLIMBING,username_category,too_short,14,True,True,['jEG'],0.0,too_short,0,1,2.624932676553726e-06
llama_3_3_70b_versatile,HILL_CLIMBING,username_category,too_short,15,True,True,['s7D0'],0.0,too_short,23,24,4.5625027269124985e-05
llama_3_3_70b_versatile,HILL_CLIMBING,username_category,too_short,16,True,True,['dvAl'],0.0,too_short,9,10,1.725007314234972e-05
llama_3_3_70b_versatile,HILL_CLIMBING,username_category,too_short,17,True,True,['iaIw'],0.0,too_short,0,1,3.5420525819063187e-06
llama_3_3_70b_versatile,HILL_CLIMBING,username_category,too_short,18,True,True,['xuKQ'],0.0,too_short,18,19,3.799994010478258e-05
llama_3_3_70b_versatile,HILL_CLIMBING,username_category,too_short,19,True,True,['8QSr'],0.0,too_short,31,32,5.600007716566324e-05
llama_3_3_70b_versatile,HILL_CLIMBING,username_category,too_short,20,True,True,['bDAK'],0.0,too_short,17,18,3.304204437881708e-05
llama_3_3_70b_versatile,HILL_CLIMBING,username_category,too_short,21,True,True,['q0cP'],0.0,too_short,13,14,2.7333968318998817e-05
llama_3_3_70b_versatile,HILL_CLIMBING,username_category,too_short,22,True,True,['MrYK'],0.0,too_short,11,12,2.2875028662383556e-05
llama_3_3_70b_versatile,HILL_CLIMBING,username_category,too_short,23,True,True,['JZEn'],0.0,too_short,0,1,3.2909447327256203e-06
llama_3_3_70b_versatile,HILL_CLIMBING,username_category,too_short,24,True,True,['7GCC'],0.0,too_short,15,16,2.895807847380638e-05
llama_3_3_70b_versatile,HILL_CLIMBING,username_category,too_short,25,True,True,['BMFu'],0.0,too_short,14,15,2.9499991796910763e-05
llama_3_3_70b_versatile,HILL_CLIMBING,username_category,too_short,26,True,True,['Z37w'],0.0,too_short,27,28,4.966696724295616e-05
llama_3_3_70b_versatile,HILL_CLIMBING,username_category,too_short,27,True,True,['4p91'],0.0,too_short,13,14,2.49999575316906e-05
llama_3_3_70b_versatile,HILL_CLIMBING,username_category,too_short,28,True,True,['2MyG'],0.0,too_short,22,23,4.4291955418884754e-05
llama_3_3_70b_versatile,HILL_CLIMBING,username_category,too_short,29,True,True,['r5gP'],0.0,too_short,27,28,5.216605495661497e-05
llama_3_3_70b_versatile,HILL_CLIMBING,username_category,weak_username,0,True,True,['rkUlu'],0.0,weak_username,0,1,4.499917849898338e-06
llama_3_3_70b_versatile,HILL_CLIMBING,username_category,weak_username,1,True,True,['orMwlOIuYB'],0.0,weak_username,36,37,9.39579913392663e-05
llama_3_3_70b_versatile,HILL_CLIMBING,username_category,weak_username,2,True,True,['hHgjtv'],0.0,weak_username,14,15,4.208390600979328e-05
llama_3_3_70b_versatile,HILL_CLIMBING,username_category,weak_username,3,True,True,['zBTIgEeOTxck'],0.0,weak_username,88,89,0.0002207499928772
llama_3_3_70b_versatile,HILL_CLIMBING,username_category,weak_username,4,True,True,['LtMgIZy'],0.0,weak_username,18,19,4.970794543623924e-05
llama_3_3_70b_versatile,HILL_CLIMBING,username_category,weak_username,5,True,True,['WuZkB'],0.0,weak_username,30,31,7.616693619638681e-05
llama_3_3_70b_versatile,HILL_CLIMBING,username_category,weak_username,6,True,True,['yr2cf'],0.0,weak_username,24,25,6.0582999140024185e-05
llama_3_3_70b_versatile,HILL_CLIMBING,username_category,weak_username,7,True,True,['KExhJ'],0.0,weak_username,154,155,0.0003669169964268
llama_3_3_70b_versatile,HILL_CLIMBING,username_category,weak_username,8,True,True,['FwrOlqo'],0.0,weak_username,0,1,4.707952030003071e-06
llama_3_3_70b_versatile,HILL_CLIMBING,username_category,weak_username,9,True,True,['tPlGBT'],0.0,weak_username,11,12,3.362505231052637e-05
llama_3_3_70b_versatile,HILL_CLIMBING,username_category,weak_username,10,True,True,['PnmiZZO'],0.0,weak_username,6,7,2.2707972675561905e-05
llama_3_3_70b_versatile,HILL_CLIMBING,username_category,weak_username,11,True,True,['oBXWgkw'],0.0,weak_username,9,10,2.9499991796910763e-05
llama_3_3_70b_versatile,HILL_CLIMBING,username_category,weak_username,12,True,True,['QcDRJp'],0.0,weak_username,1,2,8.25000461190939e-06
llama_3_3_70b_versatile,HILL_CLIMBING,username_category,weak_username,13,True,True,['zth6ir'],0.0,weak_username,11,12,3.3125048503279686e-05
llama_3_3_70b_versatile,HILL_CLIMBING,username_category,weak_username,14,True,True,['YOIrT'],0.0,weak_username,49,50,0.0001060829963535
llama_3_3_70b_versatile,HILL_CLIMBING,username_category,weak_username,15,True,True,['gfnNt'],0.0,weak_username,42,43,9.854207746684553e-05
llama_3_3_70b_versatile,HILL_CLIMBING,username_category,weak_username,16,True,True,['kFdUrsZATas'],0.0,weak_username,35,36,9.045901242643596e-05
llama_3_3_70b_versatile,HILL_CLIMBING,username_category,weak_username,17,True,True,['sIXsIiSNgi'],0.0,weak_username,39,40,0.0001078749774023
llama_3_3_70b_versatile,HILL_CLIMBING,username_category,weak_username,18,True,True,['pBVSm'],0.0,weak_username,42,43,0.000110000022687
llama_3_3_70b_versatile,HILL_CLIMBING,username_category,weak_username,19,True,True,['k1zsn'],0.0,weak_username,34,35,8.070806507021189e-05
llama_3_3_70b_versatile,HILL_CLIMBING,username_category,weak_username,20,True,True,['UkHZj'],0.0,weak_username,0,1,4.333909600973129e-06
llama_3_3_70b_versatile,HILL_CLIMBING,username_category,weak_username,21,True,True,['RAplu'],0.0,weak_username,34,35,9.37500735744834e-05
llama_3_3_70b_versatile,HILL_CLIMBING,username_category,weak_username,22,True,True,['ZnRkXvDao'],0.0,weak_username,159,160,0.0003860830329358
llama_3_3_70b_versatile,HILL_CLIMBING,username_category,weak_username,23,True,True,['fjULRboiEzlt'],0.0,weak_username,9,10,3.295904025435448e-05
llama_3_3_70b_versatile,HILL_CLIMBING,username_category,weak_username,24,True,True,['jjsd4t'],0.0,weak_username,3,4,1.3333046808838844e-05
llama_3_3_70b_versatile,HILL_CLIMBING,username_category,weak_username,25,True,True,['b68rfe3'],0.0,weak_username,18,19,5.308294203132391e-05
llama_3_3_70b_versatile,HILL_CLIMBING,username_category,weak_username,26,True,True,['bYofXbFNvW'],0.0,weak_username,0,1,5.416921339929104e-06
llama_3_3_70b_versatile,HILL_CLIMBING,username_category,weak_username,27,True,True,['n1sva'],0.0,weak_username,7,8,4.754203837364912e-05
llama_3_3_70b_versatile,HILL_CLIMBING,username_category,weak_username,28,True,True,['qmCtR'],0.0,weak_username,0,1,4.458008334040642e-06
llama_3_3_70b_versatile,HILL_CLIMBING,username_category,weak_username,29,True,True,['UdAqn'],0.0,weak_username,14,15,3.958295565098524e-05
llama_3_3_70b_versatile,GA_FIXED,bmi_category,invalid_height,0,False,False,"[2825.7679716095718, 12.35899408061143]",6.29812564909571e-05,,33,8080,0.0424875409808009
llama_3_3_70b_versatile,GA_FIXED,bmi_category,invalid_height,1,False,False,"[2908.6637418940322, 10.786444575500152]",0.0001798288298431,,28,8080,0.0380740420660004
llama_3_3_70b_versatile,GA_FIXED,bmi_category,invalid_height,2,False,False,"[2932.3431460361944, 12.589928982722975]",0.0001490292637953,,49,8080,0.0361261660000309
llama_3_3_70b_versatile,GA_FIXED,bmi_category,invalid_height,3,False,False,"[2744.8076275004846, 12.180635498835626]",1.2308080563627756e-05,,76,8080,0.036371124908328
llama_3_3_70b_versatile,GA_FIXED,bmi_category,invalid_height,4,False,False,"[2243.1127338948213, 11.011340589323847]",4.34246787008874e-05,,29,8080,0.0362109580310061
llama_3_3_70b_versatile,GA_FIXED,bmi_category,invalid_height,5,False,False,"[2953.5591025752997, 12.635403999090213]",0.0001843399047807,,63,8080,0.0359805829357355
llama_3_3_70b_versatile,GA_FIXED,bmi_category,invalid_height,6,False,False,"[2963.050925778961, 9.938153331889133]",0.0004472787798768,,20,8080,0.0361517090350389
llama_3_3_70b_versatile,GA_FIXED,bmi_category,invalid_height,7,False,False,"[2972.081690455232, 12.674995914834804]",0.0002829420633752,,83,8080,0.0362149579450488
llama_3_3_70b_versatile,GA_FIXED,bmi_category,invalid_height,8,False,False,"[2517.7411343768813, 10.035447927939202]",0.0001414303661562,,52,8080,0.0364144160412251
llama_3_3_70b_versatile,GA_FIXED,bmi_category,invalid_height,9,False,False,"[2954.1561412765063, 12.636720744318897]",0.0003006847988977,,63,8080,0.0360331250121817
llama_3_3_70b_versatile,GA_FIXED,bmi_category,invalid_height,10,False,False,"[2981.726938762955, 12.69102203433371]",0.0129092718211794,,100,8080,0.0360962500562891
llama_3_3_70b_versatile,GA_FIXED,bmi_category,invalid_height,11,False,False,"[2997.887489658961, 12.729806759386683]",8.810389751090497e-07,,82,8080,0.0360130000626668
llama_3_3_70b_versatile,GA_FIXED,bmi_category,invalid_height,12,False,False,"[2920.089467603483, 12.563531906990555]",3.984362676945352e-05,,41,8080,0.0365437080617994
llama_3_3_70b_versatile,GA_FIXED,bmi_category,invalid_height,13,False,False,"[2971.4097872792936, 12.673528021803675]",0.0001805169656314,,53,8080,0.0376125000184401
llama_3_3_70b_versatile,GA_FIXED,bmi_category,invalid_height,14,False,False,"[2890.314542951362, 12.499391254043472]",0.0001850989837244,,59,8080,0.0361466249451041
llama_3_3_70b_versatile,GA_FIXED,bmi_category,invalid_height,15,False,False,"[2884.126104042356, 12.486025178521045]",0.000251146797602,,46,8080,0.0362288749311119
llama_3_3_70b_versatile,GA_FIXED,bmi_category,invalid_height,16,False,False,"[2689.197337450773, 12.056680052997107]",0.0001928936696415,,15,8080,0.0359703749418258
llama_3_3_70b_versatile,GA_FIXED,bmi_category,invalid_height,17,False,False,"[2100.7034078445554, 10.656123857749067]",0.000234622488147,,27,8080,0.0360182500444352
llama_3_3_70b_versatile,GA_FIXED,bmi_category,invalid_height,18,False,False,"[2894.4604624898902, 10.760052912946904]",6.913830319277281e-05,,26,8080,0.0362570830620825
llama_3_3_70b_versatile,GA_FIXED,bmi_category,invalid_height,19,False,False,"[2730.6497219356033, 12.149151838198598]",9.9929376808916e-05,,23,8080,0.0360114169307053
llama_3_3_70b_versatile,GA_FIXED,bmi_category,invalid_height,20,False,False,"[2681.0114451566433, 12.038227496469924]",7.867783171988663e-05,,42,8080,0.035998290986754
llama_3_3_70b_versatile,GA_FIXED,bmi_category,invalid_height,21,False,False,"[2923.1951464302765, 12.567080214087973]",0.0092590895264166,,80,8080,0.0357624590396881
llama_3_3_70b_versatile,GA_FIXED,bmi_category,invalid_height,22,False,False,"[2975.203061531925, 9.958652469490415]",0.0004003913001504,,45,8080,0.035931917023845
llama_3_3_70b_versatile,GA_FIXED,bmi_category,invalid_height,23,False,False,"[1819.3413922147074, 8.530820726798394]",0.0004282328611395,,46,8080,0.0360103331040591
llama_3_3_70b_versatile,GA_FIXED,bmi_category,invalid_height,24,False,False,"[2346.079513453801, 11.261121206693314]",0.0003294071896213,,82,8080,0.0359697079984471
llama_3_3_70b_versatile,GA_FIXED,bmi_category,invalid_height,25,False,False,"[2829.1441703312908, 12.366302667403511]",0.0001536669579529,,18,8080,0.0357788330875337
llama_3_3_70b_versatile,GA_FIXED,bmi_category,invalid_height,26,False,False,"[2920.2367568490017, 12.563912010931004]",0.000146441024114,,57,8080,0.0357229999499395
llama_3_3_70b_versatile,GA_FIXED,bmi_category,invalid_height,27,False,False,"[2374.5793711621695, 11.329514061105883]",0.0003238816322337,,16,8080,0.0358114580158144
llama_3_3_70b_versatile,GA_FIXED,bmi_category,invalid_height,28,False,False,"[2885.4529720226087, 12.488706056835055]",0.0003145585800012,,50,8080,0.0359137919731438
llama_3_3_70b_versatile,GA_FIXED,bmi_category,invalid_height,29,False,False,"[2918.3851615818835, 12.55987217529282]",1.8789034673005744e-05,,54,8080,0.0357948329765349
llama_3_3_70b_versatile,GA_FIXED,bmi_category,normal,0,True,True,"[2992.065751851826, 12.522154129030685]",0.0,normal,12,1040,0.0044344579800963
llama_3_3_70b_versatile,GA_FIXED,bmi_category,normal,1,True,True,"[1982.5163137100533, 9.710131217101514]",0.0,normal,2,240,0.0008045000722631
llama_3_3_70b_versatile,GA_FIXED,bmi_category,normal,2,True,True,"[1073.4212283882205, 6.755399631462654]",0.0,normal,31,2560,0.0111839999444782
llama_3_3_70b_versatile,GA_FIXED,bmi_category,normal,3,True,True,"[2735.294173491386, 11.792111003697926]",0.0,normal,7,640,0.0025930000701919
llama_3_3_70b_versatile,GA_FIXED,bmi_category,normal,4,True,True,"[2968.2232143890847, 12.466073570489135]",0.0,normal,21,1760,0.0076857920503243
llama_3_3_70b_versatile,GA_FIXED,bmi_category,normal,5,True,True,"[2966.2703745054478, 12.213552108802652]",0.0,normal,14,1200,0.0051171249942854
llama_3_3_70b_versatile,GA_FIXED,bmi_category,normal,6,True,True,"[1840.3978628996815, 9.00445744483125]",0.0,normal,26,2160,0.0095121250487864
llama_3_3_70b_versatile,GA_FIXED,bmi_category,normal,7,True,True,"[2968.5786082905242, 12.605180909807274]",0.0,normal,61,4960,0.0220873339567333
llama_3_3_70b_versatile,GA_FIXED,bmi_category,normal,8,True,True,"[2936.132832621053, 12.460831268078287]",0.0,normal,8,720,0.0029428749112412
llama_3_3_70b_versatile,GA_FIXED,bmi_category,normal,9,True,True,"[2951.5153470125256, 12.350009319687384]",0.0,normal,10,880,0.0036736669717356
llama_3_3_70b_versatile,GA_FIXED,bmi_category,normal,10,True,True,"[2415.87237583984, 10.083894203850807]",0.0,normal,1,160,0.0004267500480636
llama_3_3_70b_versatile,GA_FIXED,bmi_category,normal,11,True,True,"[2976.9327867796706, 12.60782297784945]",0.0,normal,20,1680,0.0073058339767158
llama_3_3_70b_versatile,GA_FIXED,bmi_category,normal,12,True,True,"[2998.787542986557, 12.578344498477326]",0.0,normal,74,6000,0.0267701660050079
llama_3_3_70b_versatile,GA_FIXED,bmi_category,normal,13,True,True,"[2858.8695805988923, 11.963799824797853]",0.0,normal,46,3760,0.0167229590006172
llama_3_3_70b_versatile,GA_FIXED,bmi_category,normal,14,True,True,"[2992.6519723619467, 12.364420901115068]",0.0,normal,26,2160,0.0094622919568791
llama_3_3_70b_versatile,GA_FIXED,bmi_category,normal,15,True,True,"[2969.737505271927, 12.544710539059704]",0.0,normal,9,800,0.0033131670206785
llama_3_3_70b_versatile,GA_FIXED,bmi_category,normal,16,True,True,"[2165.846620520096, 9.426819605087788]",0.0,normal,38,3120,0.0138043339829891
llama_3_3_70b_versatile,GA_FIXED,bmi_category,normal,17,True,True,"[2991.423699750579, 12.385984905989615]",0.0,normal,12,1040,0.0044016669271513
llama_3_3_70b_versatile,GA_FIXED,bmi_category,normal,18,True,True,"[1065.16523567001, 7.495302470572561]",0.0,normal,24,2000,0.0088009169558063
llama_3_3_70b_versatile,GA_FIXED,bmi_category,normal,19,True,True,"[1872.4698426306652, 9.47880828151021]",0.0,normal,25,2080,0.0090377500746399
llama_3_3_70b_versatile,GA_FIXED,bmi_category,normal,20,True,True,"[2985.46372208618, 11.026778867454455]",0.0,normal,24,2000,0.008661916013807
llama_3_3_70b_versatile,GA_FIXED,bmi_category,normal,21,True,True,"[2976.766743499957, 11.213378663981532]",0.0,normal,71,5760,0.0254972919356077
llama_3_3_70b_versatile,GA_FIXED,bmi_category,normal,22,True,True,"[2980.1480192674544, 12.282033834698009]",0.0,normal,49,4000,0.0176925000268965
llama_3_3_70b_versatile,GA_FIXED,bmi_category,normal,23,True,True,"[2893.176959963283, 12.14035191131891]",0.0,normal,16,1360,0.0058205410605296
llama_3_3_70b_versatile,GA_FIXED,bmi_category,normal,24,True,True,"[2957.6045193664636, 12.486102394433848]",0.0,normal,38,3120,0.0137303330702707
llama_3_3_70b_versatile,GA_FIXED,bmi_category,normal,25,True,True,"[2987.1672137021933, 11.82351483144351]",0.0,normal,16,1360,0.005835041985847
llama_3_3_70b_versatile,GA_FIXED,bmi_category,normal,26,True,True,"[2959.1756678049032, 12.016077577464747]",0.0,normal,16,1360,0.0058044159086421
llama_3_3_70b_versatile,GA_FIXED,bmi_category,normal,27,True,True,"[2968.1142357684635, 12.318458124157836]",0.0,normal,64,5200,0.0230982090579345
llama_3_3_70b_versatile,GA_FIXED,bmi_category,normal,28,True,True,"[2986.2649087371105, 12.045941916045322]",0.0,normal,67,5440,0.0242094999412074
llama_3_3_70b_versatile,GA_FIXED,bmi_category,normal,29,True,True,"[2891.7374984984717, 12.128845871837434]",0.0,normal,4,400,0.0015092500252649
llama_3_3_70b_versatile,GA_FIXED,bmi_category,obese,0,True,True,"[2968.0113096518858, 7.76765546853464]",0.0,obese,25,2080,0.0090290419757366
llama_3_3_70b_versatile,GA_FIXED,bmi_category,obese,1,True,True,"[595.2319583986995, 4.445173838918071]",0.0,obese,0,80,5.987496115267277e-05
llama_3_3_70b_versatile,GA_FIXED,bmi_category,obese,2,True,True,"[2880.5227744635085, 4.479807797968749]",0.0,obese,14,1200,0.0050885839154943
llama_3_3_70b_versatile,GA_FIXED,bmi_category,obese,3,True,True,"[2861.1003284285757, 9.584639992283872]",0.0,obese,9,800,0.003298458061181
llama_3_3_70b_versatile,GA_FIXED,bmi_category,obese,4,True,True,"[826.557685126094, 4.769947476598313]",0.0,obese,0,80,5.700008478015661e-05
llama_3_3_70b_versatile,GA_FIXED,bmi_category,obese,5,True,True,"[25.043741982227587, 0.5907656526311644]",0.0,obese,0,80,5.6124990805983543e-05
llama_3_3_70b_versatile,GA_FIXED,bmi_category,obese,6,True,True,"[2694.61543705837, 9.46674442058604]",0.0,obese,10,880,0.0036483340663835
llama_3_3_70b_versatile,GA_FIXED,bmi_category,obese,7,True,True,"[883.2233629895227, 3.255533905355601]",0.0,obese,1,160,0.0004162089899182
llama_3_3_70b_versatile,GA_FIXED,bmi_category,obese,8,True,True,"[2941.802485664692, 9.427140592799699]",0.0,obese,3,320,0.001127791008912
llama_3_3_70b_versatile,GA_FIXED,bmi_category,obese,9,True,True,"[2979.378262737631, 0.5266924644496962]",0.0,obese,42,3440,0.0150632919976487
llama_3_3_70b_versatile,GA_FIXED,bmi_category,obese,10,True,True,"[2895.1710096513857, 5.787370373807499]",0.0,obese,41,3360,0.0148083340609446
llama_3_3_70b_versatile,GA_FIXED,bmi_category,obese,11,True,True,"[2933.9460797405136, 9.069215756478677]",0.0,obese,7,640,0.0025554590392857
llama_3_3_70b_versatile,GA_FIXED,bmi_category,obese,12,True,True,"[2982.4701018394685, 4.0755567325284625]",0.0,obese,93,7520,0.0335254590027034
llama_3_3_70b_versatile,GA_FIXED,bmi_category,obese,13,True,True,"[2967.43373717717, 0.7342800853209486]",0.0,obese,28,2320,0.0100852500181645
llama_3_3_70b_versatile,GA_FIXED,bmi_category,obese,14,True,True,"[2906.7215429125354, 7.27047757644439]",0.0,obese,42,3440,0.015046750078909
llama_3_3_70b_versatile,GA_FIXED,bmi_category,obese,15,True,True,"[2958.5883643558927, 3.1373907955041247]",0.0,obese,59,4800,0.0212954580783844
llama_3_3_70b_versatile,GA_FIXED,bmi_category,obese,16,False,False,"[2547.763294119207, 11.735263273365337]",7.129403443784099e-05,,38,8080,0.0380017920397222
llama_3_3_70b_versatile,GA_FIXED,bmi_category,obese,17,False,False,"[3000.0, 12.746049048035077]",0.0341168098869353,,85,8080,0.0376702080247923
llama_3_3_70b_versatile,GA_FIXED,bmi_category,obese,18,True,True,"[2837.3980193297816, 2.7457451198658056]",0.0,obese,17,1440,0.0067297919886186
llama_3_3_70b_versatile,GA_FIXED,bmi_category,obese,19,True,True,"[2973.9578545545855, 3.1960242984160336]",0.0,obese,9,800,0.0036340419901534
llama_3_3_70b_versatile,GA_FIXED,bmi_category,obese,20,True,True,"[2638.7363905090597, 5.956607942328995]",0.0,obese,0,80,5.670799873769283e-05
llama_3_3_70b_versatile,GA_FIXED,bmi_category,obese,21,True,True,"[1006.9957100714732, 0.40953822525258143]",0.0,obese,0,80,5.5750017054378986e-05
llama_3_3_70b_versatile,GA_FIXED,bmi_category,obese,22,True,True,"[505.81165388018377, 2.4889258511301415]",0.0,obese,26,2160,0.0097136670956388
llama_3_3_70b_versatile,GA_FIXED,bmi_category,obese,23,True,True,"[2586.417706019063, 9.237928724235678]",0.0,obese,13,1120,0.0047841250197961
llama_3_3_70b_versatile,GA_FIXED,bmi_category,obese,24,True,True,"[2962.6373219316774, 9.3952748669488]",0.0,obese,44,3600,0.0159856670070439
llama_3_3_70b_versatile,GA_FIXED,bmi_category,obese,25,True,True,"[2506.5377658830153, 1.4324182888698633]",0.0,obese,0,80,6.00829953327775e-05
llama_3_3_70b_versatile,GA_FIXED,bmi_category,obese,26,True,True,"[2891.6269535801894, 9.259263394556738]",0.0,obese,14,1200,0.0051193330436944
llama_3_3_70b_versatile,GA_FIXED,bmi_category,obese,27,True,True,"[2915.980816988309, 0.8262497977670202]",0.0,obese,12,1040,0.0044478339841589
llama_3_3_70b_versatile,GA_FIXED,bmi_category,obese,28,True,True,"[1234.8107067525843, 0.43781501367901043]",0.0,obese,1,160,0.0004189170431345
llama_3_3_70b_versatile,GA_FIXED,bmi_category,obese,29,True,True,"[2635.153062366477, 7.9290574631331046]",0.0,obese,3,320,0.0011855000630021
llama_3_3_70b_versatile,GA_FIXED,bmi_category,overweight,0,False,False,"[2914.9736868101913, 12.55245366965697]",0.0002409427495173,,47,8080,0.0363522090483456
llama_3_3_70b_versatile,GA_FIXED,bmi_category,overweight,1,True,True,"[2963.8347645029376, 10.825413235879937]",0.0,overweight,21,1760,0.0076738329371437
llama_3_3_70b_versatile,GA_FIXED,bmi_category,overweight,2,True,True,"[2771.5435522691523, 10.288563551140609]",0.0,overweight,8,720,0.0029734999407082
llama_3_3_70b_versatile,GA_FIXED,bmi_category,overweight,3,True,True,"[2953.6749678727806, 9.948235980276833]",0.0,overweight,22,1840,0.0080062500201165
llama_3_3_70b_versatile,GA_FIXED,bmi_category,overweight,4,True,True,"[2971.4996057233566, 10.864562993345817]",0.0,overweight,8,720,0.002969125052914
llama_3_3_70b_versatile,GA_FIXED,bmi_category,overweight,5,True,True,"[2997.3982419427484, 10.731745763895681]",0.0,overweight,51,4160,0.0185005830135196
llama_3_3_70b_versatile,GA_FIXED,bmi_category,overweight,6,True,True,"[2979.266794355761, 10.689032494759068]",0.0,overweight,54,4400,0.019611292053014
llama_3_3_70b_versatile,GA_FIXED,bmi_category,overweight,7,False,False,"[2972.6464608377014, 12.676128198361548]",7.295075922186811e-05,,77,8080,0.0363425830146297
llama_3_3_70b_versatile,GA_FIXED,bmi_category,overweight,8,True,True,"[2823.131399619635, 10.502701958538099]",0.0,overweight,9,800,0.0033197499578818
llama_3_3_70b_versatile,GA_FIXED,bmi_category,overweight,9,True,True,"[2952.146727988259, 10.512657949198594]",0.0,overweight,32,2640,0.0116283750394359
llama_3_3_70b_versatile,GA_FIXED,bmi_category,overweight,10,True,True,"[2984.645296179118, 10.72151360744646]",0.0,overweight,67,5440,0.0243501659715548
llama_3_3_70b_versatile,GA_FIXED,bmi_category,overweight,11,True,True,"[2999.807230895604, 10.742874255562203]",0.0,overweight,40,3280,0.0145632500061765
llama_3_3_70b_versatile,GA_FIXED,bmi_category,overweight,12,True,True,"[281.18707615338104, 3.349712700070597]",0.0,overweight,29,2400,0.0105907910037785
llama_3_3_70b_versatile,GA_FIXED,bmi_category,overweight,13,False,False,"[2969.2156443822537, 12.668775405535552]",3.142894076191283e-05,,65,8080,0.0364110409282147
llama_3_3_70b_versatile,GA_FIXED,bmi_category,overweight,14,True,True,"[2996.0873267571747, 10.685118309097604]",0.0,overweight,33,2720,0.0120402500033378
llama_3_3_70b_versatile,GA_FIXED,bmi_category,overweight,15,True,True,"[2907.299864392572, 10.282717119018848]",0.0,overweight,7,640,0.0026009579887613
llama_3_3_70b_versatile,GA_FIXED,bmi_category,overweight,16,False,False,"[2981.806405168915, 12.695512601472883]",0.0003081178005679,,86,8080,0.0365299580153077
llama_3_3_70b_versatile,GA_FIXED,bmi_category,overweight,17,True,True,"[2986.8491283831795, 10.735676424826407]",0.0,overweight,57,4640,0.0207495829090476
llama_3_3_70b_versatile,GA_FIXED,bmi_category,overweight,18,True,True,"[2890.563040948246, 10.499917184165135]",0.0,overweight,53,4320,0.0193467499921098
llama_3_3_70b_versatile,GA_FIXED,bmi_category,overweight,19,False,False,"[2861.099926646171, 12.435985863302314]",3.6568073252141176e-05,,33,8080,0.0363643749151378
llama_3_3_70b_versatile,GA_FIXED,bmi_category,overweight,20,True,True,"[1022.52840857028, 6.386671550545453]",0.0,overweight,6,560,0.0022177090868353
llama_3_3_70b_versatile,GA_FIXED,bmi_category,overweight,21,True,True,"[2933.13282605055, 10.691080341164866]",0.0,overweight,80,6480,0.0289047500118613
llama_3_3_70b_versatile,GA_FIXED,bmi_category,overweight,22,True,True,"[2975.196038001129, 10.681520205375747]",0.0,overweight,77,6240,0.0278246250236406
llama_3_3_70b_versatile,GA_FIXED,bmi_category,overweight,23,True,True,"[2983.381827990234, 10.04601790053362]",0.0,overweight,45,3680,0.016229624976404
llama_3_3_70b_versatile,GA_FIXED,bmi_category,overweight,24,True,True,"[1590.4722637209377, 7.399836365620804]",0.0,overweight,3,320,0.0011312920833006
llama_3_3_70b_versatile,GA_FIXED,bmi_category,overweight,25,True,True,"[1588.7958172777417, 7.61601431554847]",0.0,overweight,3,320,0.0011384170502424
llama_3_3_70b_versatile,GA_FIXED,bmi_category,overweight,26,True,True,"[2904.8510689499217, 10.434244387597483]",0.0,overweight,15,1280,0.0054382920498028
llama_3_3_70b_versatile,GA_FIXED,bmi_category,overweight,27,True,True,"[2970.709193322986, 10.680065062954872]",0.0,overweight,53,4320,0.0191558341030031
llama_3_3_70b_versatile,GA_FIXED,bmi_category,overweight,28,True,True,"[2956.489212577632, 10.21584393929642]",0.0,overweight,89,7200,0.0321167919319123
llama_3_3_70b_versatile,GA_FIXED,bmi_category,overweight,29,False,False,"[2992.13609814305, 12.717597057078]",2.1563499409182896e-05,,60,8080,0.0361991659738123
llama_3_3_70b_versatile,GA_FIXED,bmi_category,underweight,0,True,True,"[1843.4112860264752, 769.0982632395242]",0.0,underweight,0,80,5.64999645575881e-05
llama_3_3_70b_versatile,GA_FIXED,bmi_category,underweight,1,True,True,"[2430.606958097996, 2321.56450119946]",0.0,underweight,0,80,5.533406510949135e-05
llama_3_3_70b_versatile,GA_FIXED,bmi_category,underweight,2,True,True,"[1975.4912375306712, 1533.3688390226985]",0.0,underweight,0,80,5.250005051493645e-05
llama_3_3_70b_versatile,GA_FIXED,bmi_category,underweight,3,True,True,"[1394.9502816020322, 2138.5273070467333]",0.0,underweight,0,80,5.245802458375693e-05
llama_3_3_70b_versatile,GA_FIXED,bmi_category,underweight,4,True,True,"[2106.795001579233, 2699.321733570856]",0.0,underweight,0,80,5.2208080887794495e-05
llama_3_3_70b_versatile,GA_FIXED,bmi_category,underweight,5,True,True,"[1572.570475551514, 419.2592358358612]",0.0,underweight,0,80,5.2165938541293144e-05
llama_3_3_70b_versatile,GA_FIXED,bmi_category,underweight,6,True,True,"[1056.2445640847989, 2160.6773430977482]",0.0,underweight,0,80,5.245802458375693e-05
llama_3_3_70b_versatile,GA_FIXED,bmi_category,underweight,7,True,True,"[1056.4126894684503, 109.8069360192172]",0.0,underweight,0,80,5.245802458375693e-05
llama_3_3_70b_versatile,GA_FIXED,bmi_category,underweight,8,True,True,"[1997.963802712157, 2658.6948488560306]",0.0,underweight,0,80,5.295907612890005e-05
llama_3_3_70b_versatile,GA_FIXED,bmi_category,underweight,9,True,True,"[896.4896035625595, 2562.458153912971]",0.0,underweight,0,80,5.300005432218313e-05
llama_3_3_70b_versatile,GA_FIXED,bmi_category,underweight,10,True,True,"[1201.8228349883618, 630.6454122305188]",0.0,underweight,0,80,5.270796827971935e-05
llama_3_3_70b_versatile,GA_FIXED,bmi_category,underweight,11,True,True,"[2101.6428126552496, 2049.5675187372976]",0.0,underweight,0,80,5.27501106262207e-05
llama_3_3_70b_versatile,GA_FIXED,bmi_category,underweight,12,True,True,"[1764.7863521281417, 2960.7443812783677]",0.0,underweight,0,80,5.241704639047384e-05
llama_3_3_70b_versatile,GA_FIXED,bmi_category,underweight,13,True,True,"[94.47054386334509, 1133.5425369892653]",0.0,underweight,0,80,5.158409476280213e-05
llama_3_3_70b_versatile,GA_FIXED,bmi_category,underweight,14,True,True,"[57.83295798485788, 2142.2019196907745]",0.0,underweight,0,80,5.229096859693527e-05
llama_3_3_70b_versatile,GA_FIXED,bmi_category,underweight,15,True,True,"[525.9913259777003, 257.47149921376024]",0.0,underweight,0,80,5.266699008643627e-05
llama_3_3_70b_versatile,GA_FIXED,bmi_category,underweight,16,True,True,"[690.8205278070315, 2924.3998838814823]",0.0,underweight,0,80,5.1749986596405506e-05
llama_3_3_70b_versatile,GA_FIXED,bmi_category,underweight,17,True,True,"[2569.910750089169, 676.2036795375625]",0.0,underweight,0,80,5.224999040365219e-05
llama_3_3_70b_versatile,GA_FIXED,bmi_category,underweight,18,True,True,"[1973.480452401822, 995.4375329936104]",0.0,underweight,0,80,5.195802077651024e-05
llama_3_3_70b_versatile,GA_FIXED,bmi_category,underweight,19,True,True,"[308.6842892621356, 929.9636568632934]",0.0,underweight,0,80,5.212507676333189e-05
llama_3_3_70b_versatile,GA_FIXED,bmi_category,underweight,20,True,True,"[457.89573265794115, 1691.2820129597653]",0.0,underweight,0,80,5.237490404397249e-05
llama_3_3_70b_versatile,GA_FIXED,bmi_category,underweight,21,True,True,"[2023.4884808903812, 323.0929221726405]",0.0,underweight,0,80,5.208293441683054e-05
llama_3_3_70b_versatile,GA_FIXED,bmi_category,underweight,22,True,True,"[296.92321114204736, 2134.2179628025083]",0.0,underweight,0,80,5.320797208696604e-05
llama_3_3_70b_versatile,GA_FIXED,bmi_category,underweight,23,True,True,"[2722.614230884617, 304.43873826791554]",0.0,underweight,0,80,5.250005051493645e-05
llama_3_3_70b_versatile,GA_FIXED,bmi_category,underweight,24,True,True,"[1765.803342539722, 2147.6460879868273]",0.0,underweight,0,80,5.2666058763861656e-05
llama_3_3_70b_versatile,GA_FIXED,bmi_category,underweight,25,True,True,"[2552.5195652486677, 2776.1765324002104]",0.0,underweight,0,80,5.216698627918959e-05
llama_3_3_70b_versatile,GA_FIXED,bmi_category,underweight,26,True,True,"[2070.3883406973086, 1097.109160157288]",0.0,underweight,0,80,5.1999930292367935e-05
llama_3_3_70b_versatile,GA_FIXED,bmi_category,underweight,27,True,True,"[2266.7164989675152, 1391.800165708209]",0.0,underweight,0,80,5.23329945281148e-05
llama_3_3_70b_versatile,GA_FIXED,bmi_category,underweight,28,True,True,"[1733.9069485813582, 1580.3017974702857]",0.0,underweight,0,80,5.237502045929432e-05
llama_3_3_70b_versatile,GA_FIXED,bmi_category,underweight,29,True,True,"[1006.439954865329, 1161.336318808811]",0.0,underweight,0,80,5.183299072086811e-05
llama_3_3_70b_versatile,GA_FIXED,number_kind,even,0,True,True,[2486],0.0,even,0,80,5.379098001867533e-05
llama_3_3_70b_versatile,GA_FIXED,number_kind,even,1,True,True,[388],0.0,even,0,80,5.29169337823987e-05
llama_3_3_70b_versatile,GA_FIXED,number_kind,even,2,True,True,[1908],0.0,even,0,80,5.237502045929432e-05
llama_3_3_70b_versatile,GA_FIXED,number_kind,even,3,True,True,[1784],0.0,even,0,80,5.233392585068941e-05
llama_3_3_70b_versatile,GA_FIXED,number_kind,even,4,True,True,[1752],0.0,even,0,80,5.204195622354746e-05
llama_3_3_70b_versatile,GA_FIXED,number_kind,even,5,True,True,[1748],0.0,even,0,80,5.274999421089888e-05
llama_3_3_70b_versatile,GA_FIXED,number_kind,even,6,True,True,[1742],0.0,even,0,80,5.237502045929432e-05
llama_3_3_70b_versatile,GA_FIXED,number_kind,even,7,True,True,[1242],0.0,even,0,80,5.300005432218313e-05
llama_3_3_70b_versatile,GA_FIXED,number_kind,even,8,True,True,[1890],0.0,even,0,80,5.216605495661497e-05
llama_3_3_70b_versatile,GA_FIXED,number_kind,even,9,True,True,[-186],0.0,even,0,80,5.270796827971935e-05
llama_3_3_70b_versatile,GA_FIXED,number_kind,even,10,True,True,[1084],0.0,even,0,80,5.249993409961462e-05
llama_3_3_70b_versatile,GA_FIXED,number_kind,even,11,True,True,[436],0.0,even,0,80,5.23329945281148e-05
llama_3_3_70b_versatile,GA_FIXED,number_kind,even,12,True,True,[2330],0.0,even,0,80,5.095801316201687e-05
llama_3_3_70b_versatile,GA_FIXED,number_kind,even,13,True,True,[2564],0.0,even,0,80,5.233404226601124e-05
llama_3_3_70b_versatile,GA_FIXED,number_kind,even,14,True,True,[2712],0.0,even,0,80,5.079200491309166e-05
llama_3_3_70b_versatile,GA_FIXED,number_kind,even,15,True,True,[918],0.0,even,0,80,5.204195622354746e-05
llama_3_3_70b_versatile,GA_FIXED,number_kind,even,16,True,True,[-236],0.0,even,0,80,5.079200491309166e-05
llama_3_3_70b_versatile,GA_FIXED,number_kind,even,17,True,True,[2038],0.0,even,0,80,5.191692616790533e-05
llama_3_3_70b_versatile,GA_FIXED,number_kind,even,18,True,True,[-202],0.0,even,0,80,5.137501284480095e-05
llama_3_3_70b_versatile,GA_FIXED,number_kind,even,19,True,True,[1940],0.0,even,0,80,5.241704639047384e-05
llama_3_3_70b_versatile,GA_FIXED,number_kind,even,20,True,True,[1884],0.0,even,0,80,5.079200491309166e-05
llama_3_3_70b_versatile,GA_FIXED,number_kind,even,21,True,True,[2558],0.0,even,0,80,5.1166978664696217e-05
llama_3_3_70b_versatile,GA_FIXED,number_kind,even,22,True,True,[1374],0.0,even,0,80,5.104101728647947e-05
llama_3_3_70b_versatile,GA_FIXED,number_kind,even,23,True,True,[1064],0.0,even,0,80,5.095801316201687e-05
llama_3_3_70b_versatile,GA_FIXED,number_kind,even,24,True,True,[2274],0.0,even,0,80,5.0875009037554264e-05
llama_3_3_70b_versatile,GA_FIXED,number_kind,even,25,True,True,[1676],0.0,even,0,80,5.04589406773448e-05
llama_3_3_70b_versatile,GA_FIXED,number_kind,even,26,True,True,[2854],0.0,even,0,80,5.04170311614871e-05
llama_3_3_70b_versatile,GA_FIXED,number_kind,even,27,True,True,[2528],0.0,even,0,80,5.154102109372616e-05
llama_3_3_70b_versatile,GA_FIXED,number_kind,even,28,True,True,[-68],0.0,even,0,80,5.1083043217659e-05
llama_3_3_70b_versatile,GA_FIXED,number_kind,even,29,True,True,[2486],0.0,even,0,80,5.095894448459149e-05
llama_3_3_70b_versatile,GA_FIXED,number_kind,odd,0,True,True,[-201],0.0,odd,0,80,5.224999040365219e-05
llama_3_3_70b_versatile,GA_FIXED,number_kind,odd,1,True,True,[1143],0.0,odd,0,80,4.812492989003658e-05
llama_3_3_70b_versatile,GA_FIXED,number_kind,odd,2,True,True,[1211],0.0,odd,0,80,5.037500523030758e-05
llama_3_3_70b_versatile,GA_FIXED,number_kind,odd,3,True,True,[2319],0.0,odd,0,80,5.000003147870302e-05
llama_3_3_70b_versatile,GA_FIXED,number_kind,odd,4,True,True,[1091],0.0,odd,0,80,5.1999930292367935e-05
llama_3_3_70b_versatile,GA_FIXED,number_kind,odd,5,True,True,[593],0.0,odd,0,80,5.100003909319639e-05
llama_3_3_70b_versatile,GA_FIXED,number_kind,odd,6,True,True,[2337],0.0,odd,0,80,5.137501284480095e-05
llama_3_3_70b_versatile,GA_FIXED,number_kind,odd,7,True,True,[1877],0.0,odd,0,80,5.1083043217659e-05
llama_3_3_70b_versatile,GA_FIXED,number_kind,odd,8,True,True,[1573],0.0,odd,0,80,5.095801316201687e-05
llama_3_3_70b_versatile,GA_FIXED,number_kind,odd,9,True,True,[-471],0.0,odd,0,80,5.262496415525675e-05
llama_3_3_70b_versatile,GA_FIXED,number_kind,odd,10,True,True,[-413],0.0,odd,0,80,5.0292001105844975e-05
llama_3_3_70b_versatile,GA_FIXED,number_kind,odd,11,True,True,[57],0.0,odd,0,80,5.091703496873379e-05
llama_3_3_70b_versatile,GA_FIXED,number_kind,odd,12,True,True,[1539],0.0,odd,0,80,5.27501106262207e-05
llama_3_3_70b_versatile,GA_FIXED,number_kind,odd,13,True,True,[2451],0.0,odd,0,80,5.16669824719429e-05
llama_3_3_70b_versatile,GA_FIXED,number_kind,odd,14,True,True,[-465],0.0,odd,0,80,5.1166978664696217e-05
llama_3_3_70b_versatile,GA_FIXED,number_kind,odd,15,True,True,[2957],0.0,odd,0,80,5.162495654076338e-05
llama_3_3_70b_versatile,GA_FIXED,number_kind,odd,16,True,True,[2223],0.0,odd,0,80,5.141703877598047e-05
llama_3_3_70b_versatile,GA_FIXED,number_kind,odd,17,True,True,[1953],0.0,odd,0,80,5.0584087148308754e-05
llama_3_3_70b_versatile,GA_FIXED,number_kind,odd,18,True,True,[2323],0.0,odd,0,80,5.062494892627001e-05
llama_3_3_70b_versatile,GA_FIXED,number_kind,odd,19,True,True,[2885],0.0,odd,0,80,5.17918961122632e-05
llama_3_3_70b_versatile,GA_FIXED,number_kind,odd,20,True,True,[2209],0.0,odd,0,80,5.245802458375693e-05
llama_3_3_70b_versatile,GA_FIXED,number_kind,odd,21,True,True,[1755],0.0,odd,0,80,5.12079568579793e-05
llama_3_3_70b_versatile,GA_FIXED,number_kind,odd,22,True,True,[-103],0.0,odd,0,80,5.112495273351669e-05
llama_3_3_70b_versatile,GA_FIXED,number_kind,odd,23,True,True,[1569],0.0,odd,0,80,5.100003909319639e-05
llama_3_3_70b_versatile,GA_FIXED,number_kind,odd,24,True,True,[551],0.0,odd,0,80,5.1749986596405506e-05
llama_3_3_70b_versatile,GA_FIXED,number_kind,odd,25,True,True,[1017],0.0,odd,0,80,5.27920201420784e-05
llama_3_3_70b_versatile,GA_FIXED,number_kind,odd,26,True,True,[1655],0.0,odd,0,80,4.8291985876858234e-05
llama_3_3_70b_versatile,GA_FIXED,number_kind,odd,27,True,True,[1181],0.0,odd,0,80,5.266699008643627e-05
llama_3_3_70b_versatile,GA_FIXED,number_kind,odd,28,True,True,[1551],0.0,odd,0,80,5.183299072086811e-05
llama_3_3_70b_versatile,GA_FIXED,number_kind,odd,29,True,True,[-167],0.0,odd,0,80,6.716698408126831e-05
llama_3_3_70b_versatile,GA_FIXED,number_kind,zero,0,True,True,[0],0.0,zero,8,720,0.0025837920838966
llama_3_3_70b_versatile,GA_FIXED,number_kind,zero,1,True,True,[0],0.0,zero,6,560,0.0019323750166222
llama_3_3_70b_versatile,GA_FIXED,number_kind,zero,2,True,True,[0],0.0,zero,11,960,0.0034850829979404
llama_3_3_70b_versatile,GA_FIXED,number_kind,zero,3,True,True,[0],0.0,zero,4,400,0.0013019579928368
llama_3_3_70b_versatile,GA_FIXED,number_kind,zero,4,True,True,[0],0.0,zero,6,560,0.0019434590358287
llama_3_3_70b_versatile,GA_FIXED,number_kind,zero,5,True,True,[0],0.0,zero,6,560,0.0019390410743653
llama_3_3_70b_versatile,GA_FIXED,number_kind,zero,6,True,True,[0],0.0,zero,12,1040,0.0038157500093802
llama_3_3_70b_versatile,GA_FIXED,number_kind,zero,7,True,True,[0],0.0,zero,6,560,0.0019362919265404
llama_3_3_70b_versatile,GA_FIXED,number_kind,zero,8,True,True,[0],0.0,zero,6,560,0.0019348330097272
llama_3_3_70b_versatile,GA_FIXED,number_kind,zero,9,True,True,[0],0.0,zero,16,1360,0.0050964999245479
llama_3_3_70b_versatile,GA_FIXED,number_kind,zero,10,True,True,[0],0.0,zero,12,1040,0.0037262920523062
llama_3_3_70b_versatile,GA_FIXED,number_kind,zero,11,True,True,[0],0.0,zero,2,240,0.0007577909855172
llama_3_3_70b_versatile,GA_FIXED,number_kind,zero,12,True,True,[0],0.0,zero,7,640,0.0021839590044692
llama_3_3_70b_versatile,GA_FIXED,number_kind,zero,13,True,True,[0],0.0,zero,4,400,0.0012646660907194
llama_3_3_70b_versatile,GA_FIXED,number_kind,zero,14,True,True,[0],0.0,zero,7,640,0.0021919580176472
llama_3_3_70b_versatile,GA_FIXED,number_kind,zero,15,True,True,[0],0.0,zero,9,800,0.0027921249857172
llama_3_3_70b_versatile,GA_FIXED,number_kind,zero,16,True,True,[0],0.0,zero,9,800,0.0027675000019371
llama_3_3_70b_versatile,GA_FIXED,number_kind,zero,17,True,True,[0],0.0,zero,3,320,0.0009654168970882
llama_3_3_70b_versatile,GA_FIXED,number_kind,zero,18,True,True,[0],0.0,zero,3,320,0.0009602920617908
llama_3_3_70b_versatile,GA_FIXED,number_kind,zero,19,True,True,[0],0.0,zero,12,1040,0.003701000008732
llama_3_3_70b_versatile,GA_FIXED,number_kind,zero,20,True,True,[0],0.0,zero,6,560,0.0018694580066949
llama_3_3_70b_versatile,GA_FIXED,number_kind,zero,21,True,True,[0],0.0,zero,8,720,0.0024857079843059
llama_3_3_70b_versatile,GA_FIXED,number_kind,zero,22,True,True,[0],0.0,zero,16,1360,0.0048886670265346
llama_3_3_70b_versatile,GA_FIXED,number_kind,zero,23,True,True,[0],0.0,zero,6,560,0.0018684170208871
llama_3_3_70b_versatile,GA_FIXED,number_kind,zero,24,True,True,[0],0.0,zero,10,880,0.0031135409371927
llama_3_3_70b_versatile,GA_FIXED,number_kind,zero,25,True,True,[0],0.0,zero,10,880,0.003077584085986
llama_3_3_70b_versatile,GA_FIXED,number_kind,zero,26,True,True,[0],0.0,zero,7,640,0.0021802500123158
llama_3_3_70b_versatile,GA_FIXED,number_kind,zero,27,True,True,[0],0.0,zero,11,960,0.0033767909044399
llama_3_3_70b_versatile,GA_FIXED,number_kind,zero,28,True,True,[0],0.0,zero,9,800,0.0028040420729666
llama_3_3_70b_versatile,GA_FIXED,number_kind,zero,29,True,True,[0],0.0,zero,9,800,0.0028030829271301
llama_3_3_70b_versatile,GA_FIXED,password_strength,medium,0,True,True,['xYzDhGz'],0.0,medium,0,80,0.0002004579873755
llama_3_3_70b_versatile,GA_FIXED,password_strength,medium,1,True,True,['OBVXKJhdi'],0.0,medium,0,80,0.000365582993254
llama_3_3_70b_versatile,GA_FIXED,password_strength,medium,2,True,True,['32caWMTy'],0.0,medium,0,80,0.00019583303947
llama_3_3_70b_versatile,GA_FIXED,password_strength,medium,3,True,True,['3FE9pIU9e'],0.0,medium,0,80,0.0002059999387711
llama_3_3_70b_versatile,GA_FIXED,password_strength,medium,4,True,True,['EI9a17'],0.0,medium,0,80,0.0003014169633388
llama_3_3_70b_versatile,GA_FIXED,password_strength,medium,5,True,True,['mdnCFv'],0.0,medium,0,80,0.0002007499570026
llama_3_3_70b_versatile,GA_FIXED,password_strength,medium,6,True,True,['augGZwF'],0.0,medium,0,80,0.0001946249976754
llama_3_3_70b_versatile,GA_FIXED,password_strength,medium,7,True,True,['xTQ2YK0'],0.0,medium,0,80,0.000193916959688
llama_3_3_70b_versatile,GA_FIXED,password_strength,medium,8,True,True,['aMzOlJVWHv'],0.0,medium,0,80,0.0001804580679163
llama_3_3_70b_versatile,GA_FIXED,password_strength,medium,9,True,True,['TpVHIwmVqw'],0.0,medium,0,80,0.0001880000345408
llama_3_3_70b_versatile,GA_FIXED,password_strength,medium,10,True,True,['aCnP73SK0'],0.0,medium,0,80,0.0001892080763354
llama_3_3_70b_versatile,GA_FIXED,password_strength,medium,11,True,True,['QIkJeg'],0.0,medium,0,80,0.00018808292225
llama_3_3_70b_versatile,GA_FIXED,password_strength,medium,12,True,True,['JllZphl'],0.0,medium,0,80,0.0001853330759331
llama_3_3_70b_versatile,GA_FIXED,password_strength,medium,13,True,True,['GYCKyEIx'],0.0,medium,0,80,0.0001875419402495
llama_3_3_70b_versatile,GA_FIXED,password_strength,medium,14,True,True,['CLtfcB'],0.0,medium,0,80,0.0001838339958339
llama_3_3_70b_versatile,GA_FIXED,password_strength,medium,15,True,True,['BSinp8'],0.0,medium,0,80,0.0001874578883871
llama_3_3_70b_versatile,GA_FIXED,password_strength,medium,16,True,True,['VateYMQTc'],0.0,medium,0,80,0.0001910839928314
llama_3_3_70b_versatile,GA_FIXED,password_strength,medium,17,True,True,['5GFH7iru'],0.0,medium,0,80,0.0001859170151874
llama_3_3_70b_versatile,GA_FIXED,password_strength,medium,18,True,True,['lEl15b'],0.0,medium,0,80,0.0001972080208361
llama_3_3_70b_versatile,GA_FIXED,password_strength,medium,19,True,True,['Jb8DUy'],0.0,medium,0,80,0.0001891249557957
llama_3_3_70b_versatile,GA_FIXED,password_strength,medium,20,True,True,['wI6nUyz'],0.0,medium,0,80,0.000196291017346
llama_3_3_70b_versatile,GA_FIXED,password_strength,medium,21,True,True,['ZBTRFf'],0.0,medium,0,80,0.000183125026524
llama_3_3_70b_versatile,GA_FIXED,password_strength,medium,22,True,True,['VwcQsb'],0.0,medium,0,80,0.0001842079218477
llama_3_3_70b_versatile,GA_FIXED,password_strength,medium,23,True,True,['zqZiCgwfz'],0.0,medium,0,80,0.0001866250531747
llama_3_3_70b_versatile,GA_FIXED,password_strength,medium,24,True,True,['M8nkhr2qI'],0.0,medium,0,80,0.0001973329344764
llama_3_3_70b_versatile,GA_FIXED,password_strength,medium,25,True,True,['fDpdxwKKZae'],0.0,medium,0,80,0.000178207992576
llama_3_3_70b_versatile,GA_FIXED,password_strength,medium,26,True,True,['iuXdkuXUyP'],0.0,medium,0,80,0.0001860000193119
llama_3_3_70b_versatile,GA_FIXED,password_strength,medium,27,True,True,['i8lNizO'],0.0,medium,0,80,0.0001849581021815
llama_3_3_70b_versatile,GA_FIXED,password_strength,medium,28,True,True,['RXnY2jWe1'],0.0,medium,0,80,0.0001923750387504
llama_3_3_70b_versatile,GA_FIXED,password_strength,medium,29,True,True,['641l3L5'],0.0,medium,0,80,0.0002019579987972
llama_3_3_70b_versatile,GA_FIXED,password_strength,strong,0,True,True,['gkSYhkKi3mbg'],0.0,strong,0,80,0.00020237499848
llama_3_3_70b_versatile,GA_FIXED,password_strength,strong,1,True,True,['YvdnF8Dc6kG'],0.0,strong,0,80,0.0001785419881343
llama_3_3_70b_versatile,GA_FIXED,password_strength,strong,2,True,True,['wQ6DKShSxuI'],0.0,strong,0,80,0.0001937919296324
llama_3_3_70b_versatile,GA_FIXED,password_strength,strong,3,True,True,['4YsRcsv5UhZi4z'],0.0,strong,0,80,0.000184208038263
llama_3_3_70b_versatile,GA_FIXED,password_strength,strong,4,True,True,['c7JWAX4dX47'],0.0,strong,0,80,0.0001795419957488
llama_3_3_70b_versatile,GA_FIXED,password_strength,strong,5,True,True,['HHHvjK17Hs3q'],0.0,strong,0,80,0.0001787079963833
llama_3_3_70b_versatile,GA_FIXED,password_strength,strong,6,True,True,['UNkNZ4UaRD3WtMx'],0.0,strong,0,80,0.0001901669893413
llama_3_3_70b_versatile,GA_FIXED,password_strength,strong,7,True,True,['30otwAUsOAySs'],0.0,strong,0,80,0.0001815409632399
llama_3_3_70b_versatile,GA_FIXED,password_strength,strong,8,True,True,['0Pkmzp7INkz'],0.0,strong,0,80,0.0001824999926611
llama_3_3_70b_versatile,GA_FIXED,password_strength,strong,9,True,True,['2BI5p63xcoG'],0.0,strong,0,80,0.0001836660085245
llama_3_3_70b_versatile,GA_FIXED,password_strength,strong,10,True,True,['0uEFJ79JbEoX'],0.0,strong,0,80,0.0001908750273287
llama_3_3_70b_versatile,GA_FIXED,password_strength,strong,11,True,True,['WRd93fzvexQeYd'],0.0,strong,0,80,0.0001920419745147
llama_3_3_70b_versatile,GA_FIXED,password_strength,strong,12,True,True,['2RJirXhlb5mlRSj'],0.0,strong,0,80,0.0001832910347729
llama_3_3_70b_versatile,GA_FIXED,password_strength,strong,13,True,True,['ZDSYCVz1YdW2zXX'],0.0,strong,0,80,0.0001837919699028
llama_3_3_70b_versatile,GA_FIXED,password_strength,strong,14,True,True,['0NuvjaMyJZM6fS'],0.0,strong,0,80,0.0001883750082924
llama_3_3_70b_versatile,GA_FIXED,password_strength,strong,15,True,True,['PI8KMiNCzOc'],0.0,strong,0,80,0.0001982080284506
llama_3_3_70b_versatile,GA_FIXED,password_strength,strong,16,True,True,['aQlFCkIi8tRpNCd'],0.0,strong,0,80,0.000190082937479
llama_3_3_70b_versatile,GA_FIXED,password_strength,strong,17,True,True,['uZLOwYnnSQ1kk'],0.0,strong,0,80,0.0001910839928314
llama_3_3_70b_versatile,GA_FIXED,password_strength,strong,18,True,True,['pLGXMtNLIWVr0S8'],0.0,strong,0,80,0.0001817079028114
llama_3_3_70b_versatile,GA_FIXED,password_strength,strong,19,True,True,['DhghlL7aKoA7QS'],0.0,strong,0,80,0.0001879580086097
llama_3_3_70b_versatile,GA_FIXED,password_strength,strong,20,True,True,['HC1CS9mh1YM'],0.0,strong,0,80,0.0001935829641297
llama_3_3_70b_versatile,GA_FIXED,password_strength,strong,21,True,True,['9WzAdoEKYFn'],0.0,strong,0,80,0.0001890000421553
llama_3_3_70b_versatile,GA_FIXED,password_strength,strong,22,True,True,['jS6Tm3uxXC8Yajn'],0.0,strong,0,80,0.0001804999774321
llama_3_3_70b_versatile,GA_FIXED,password_strength,strong,23,True,True,['SwYpmbGcutv6e'],0.0,strong,0,80,0.0002657920122146
llama_3_3_70b_versatile,GA_FIXED,password_strength,strong,24,True,True,['nOj1ii60bv'],0.0,strong,0,80,0.0001884169178083
llama_3_3_70b_versatile,GA_FIXED,password_strength,strong,25,True,True,['YB40jU9CVe'],0.0,strong,0,80,0.0001880000345408
llama_3_3_70b_versatile,GA_FIXED,password_strength,strong,26,True,True,['C3HAwEkMvU2B'],0.0,strong,0,80,0.0001934169558808
llama_3_3_70b_versatile,GA_FIXED,password_strength,strong,27,True,True,['Jgzv5MgmzOX'],0.0,strong,0,80,0.0001980829983949
llama_3_3_70b_versatile,GA_FIXED,password_strength,strong,28,True,True,['polaOoyh6Lax5I0'],0.0,strong,0,80,0.0002031250623986
llama_3_3_70b_versatile,GA_FIXED,password_strength,strong,29,True,True,['1St6QRf4T500x'],0.0,strong,0,80,0.0002020000247284
llama_3_3_70b_versatile,GA_FIXED,password_strength,weak_no_digit_upper,0,False,False,['Csr3s22'],1.0,,0,8080,0.0366306250216439
llama_3_3_70b_versatile,GA_FIXED,password_strength,weak_no_digit_upper,1,False,False,['xjYCq1w6gV'],1.0,,0,8080,0.0353267500177025
llama_3_3_70b_versatile,GA_FIXED,password_strength,weak_no_digit_upper,2,False,False,['gqExQ2JO'],1.0,,0,8080,0.0357732910197228
llama_3_3_70b_versatile,GA_FIXED,password_strength,weak_no_digit_upper,3,True,True,['tcgwcolrf'],0.0,weak_no_digit_upper,51,4160,0.0182629579212516
llama_3_3_70b_versatile,GA_FIXED,password_strength,weak_no_digit_upper,4,True,True,['xngiyhej'],0.0,weak_no_digit_upper,1,160,0.0005529589252546
llama_3_3_70b_versatile,GA_FIXED,password_strength,weak_no_digit_upper,5,False,False,['OHLBLng'],1.0,,0,8080,0.0358665839303284
llama_3_3_70b_versatile,GA_FIXED,password_strength,weak_no_digit_upper,6,False,False,['w5kaxzRerh2zF7'],1.0,,0,8080,0.0359953750157728
llama_3_3_70b_versatile,GA_FIXED,password_strength,weak_no_digit_upper,7,False,False,['oGhXHPeizzRU'],1.0,,0,8080,0.0356385409832
llama_3_3_70b_versatile,GA_FIXED,password_strength,weak_no_digit_upper,8,True,True,['vqzurg'],0.0,weak_no_digit_upper,14,1200,0.005096917040646
llama_3_3_70b_versatile,GA_FIXED,password_strength,weak_no_digit_upper,9,False,False,['Tvs2yetoFUX9'],1.0,,0,8080,0.0364508329657837
llama_3_3_70b_versatile,GA_FIXED,password_strength,weak_no_digit_upper,10,False,False,['WtLe5yXf'],1.0,,0,8080,0.0367910419590771
llama_3_3_70b_versatile,GA_FIXED,password_strength,weak_no_digit_upper,11,True,True,['uoewnbw'],0.0,weak_no_digit_upper,0,80,0.0002055420773103
llama_3_3_70b_versatile,GA_FIXED,password_strength,weak_no_digit_upper,12,True,True,['lnrwoufa'],0.0,weak_no_digit_upper,38,3120,0.0137073750374838
llama_3_3_70b_versatile,GA_FIXED,password_strength,weak_no_digit_upper,13,False,False,['J72EpKPxge6KT'],1.0,,0,8080,0.0366889999713748
llama_3_3_70b_versatile,GA_FIXED,password_strength,weak_no_digit_upper,14,False,False,['HDoLMT'],1.0,,0,8080,0.0357825000537559
llama_3_3_70b_versatile,GA_FIXED,password_strength,weak_no_digit_upper,15,True,True,['wmwprn'],0.0,weak_no_digit_upper,0,80,0.0001919170608744
llama_3_3_70b_versatile,GA_FIXED,password_strength,weak_no_digit_upper,16,False,False,['FotOCv0'],1.0,,0,8080,0.0355548750376328
llama_3_3_70b_versatile,GA_FIXED,password_strength,weak_no_digit_upper,17,False,False,['NAjZKPb2SB03'],1.0,,0,8080,0.0353689999319613
llama_3_3_70b_versatile,GA_FIXED,password_strength,weak_no_digit_upper,18,True,True,['soorfqk'],0.0,weak_no_digit_upper,72,5840,0.0254862919682636
llama_3_3_70b_versatile,GA_FIXED,password_strength,weak_no_digit_upper,19,False,False,['AzbVrV9zKnSe'],1.0,,0,8080,0.0350404169876128
llama_3_3_70b_versatile,GA_FIXED,password_strength,weak_no_digit_upper,20,False,False,['lwqJhPJJfT9'],1.0,,0,8080,0.0353283750591799
llama_3_3_70b_versatile,GA_FIXED,password_strength,weak_no_digit_upper,21,True,True,['ypxyof'],0.0,weak_no_digit_upper,2,240,0.0008757499745115
llama_3_3_70b_versatile,GA_FIXED,password_strength,weak_no_digit_upper,22,False,False,['A1cvM9Zpjd'],1.0,,0,8080,0.0347892080899328
llama_3_3_70b_versatile,GA_FIXED,password_strength,weak_no_digit_upper,23,True,True,['tmjsrl'],0.0,weak_no_digit_upper,90,7280,0.031324915937148
llama_3_3_70b_versatile,GA_FIXED,password_strength,weak_no_digit_upper,24,True,True,['yktekz'],0.0,weak_no_digit_upper,67,5440,0.0233779170084744
llama_3_3_70b_versatile,GA_FIXED,password_strength,weak_no_digit_upper,25,True,True,['msemrc'],0.0,weak_no_digit_upper,14,1200,0.0050544580444693
llama_3_3_70b_versatile,GA_FIXED,password_strength,weak_no_digit_upper,26,False,False,['jF70sb'],1.0,,0,8080,0.0347118340432643
llama_3_3_70b_versatile,GA_FIXED,password_strength,weak_no_digit_upper,27,True,True,['xycgjm'],0.0,weak_no_digit_upper,66,5360,0.0231125839054584
llama_3_3_70b_versatile,GA_FIXED,password_strength,weak_no_digit_upper,28,False,False,['PLQolP'],1.0,,0,8080,0.0349569169338792
llama_3_3_70b_versatile,GA_FIXED,password_strength,weak_no_digit_upper,29,True,True,['sbuzsb'],0.0,weak_no_digit_upper,5,480,0.0019342079758644
llama_3_3_70b_versatile,GA_FIXED,password_strength,weak_short,0,True,True,['n7kw'],0.0,weak_short,0,80,0.0002330830320715
llama_3_3_70b_versatile,GA_FIXED,password_strength,weak_short,1,True,True,['AHu'],0.0,weak_short,0,80,0.0001436249585822
llama_3_3_70b_versatile,GA_FIXED,password_strength,weak_short,2,True,True,[''],0.0,weak_short,0,80,0.0001520840451121
llama_3_3_70b_versatile,GA_FIXED,password_strength,weak_short,3,True,True,['8z'],0.0,weak_short,0,80,0.0001487500267103
llama_3_3_70b_versatile,GA_FIXED,password_strength,weak_short,4,True,True,['z0'],0.0,weak_short,0,80,0.0001596669899299
llama_3_3_70b_versatile,GA_FIXED,password_strength,weak_short,5,True,True,['2uc'],0.0,weak_short,0,80,0.0001404579961672
llama_3_3_70b_versatile,GA_FIXED,password_strength,weak_short,6,True,True,['0'],0.0,weak_short,0,80,0.0001545828999951
llama_3_3_70b_versatile,GA_FIXED,password_strength,weak_short,7,True,True,['CLoz4'],0.0,weak_short,0,80,0.0001456250902265
llama_3_3_70b_versatile,GA_FIXED,password_strength,weak_short,8,True,True,['w'],0.0,weak_short,0,80,0.000146040925756
llama_3_3_70b_versatile,GA_FIXED,password_strength,weak_short,9,True,True,['fPQ'],0.0,weak_short,0,80,0.0001372080296278
llama_3_3_70b_versatile,GA_FIXED,password_strength,weak_short,10,True,True,['4qkZo'],0.0,weak_short,0,80,0.0001497080083936
llama_3_3_70b_versatile,GA_FIXED,password_strength,weak_short,11,True,True,[''],0.0,weak_short,0,80,0.0001350829843431
llama_3_3_70b_versatile,GA_FIXED,password_strength,weak_short,12,True,True,['b'],0.0,weak_short,0,80,0.0001566249411553
llama_3_3_70b_versatile,GA_FIXED,password_strength,weak_short,13,True,True,['jc'],0.0,weak_short,0,80,0.0001364169875159
llama_3_3_70b_versatile,GA_FIXED,password_strength,weak_short,14,True,True,[''],0.0,weak_short,0,80,0.0001442090142518
llama_3_3_70b_versatile,GA_FIXED,password_strength,weak_short,15,True,True,['AkX'],0.0,weak_short,0,80,0.0001458340557292
llama_3_3_70b_versatile,GA_FIXED,password_strength,weak_short,16,True,True,['kuHF'],0.0,weak_short,0,80,0.0001481249928474
llama_3_3_70b_versatile,GA_FIXED,password_strength,weak_short,17,True,True,[''],0.0,weak_short,0,80,0.000144625082612
llama_3_3_70b_versatile,GA_FIXED,password_strength,weak_short,18,True,True,['8AX'],0.0,weak_short,0,80,0.0001564580015838
llama_3_3_70b_versatile,GA_FIXED,password_strength,weak_short,19,True,True,['iJ'],0.0,weak_short,0,80,0.0001552499597892
llama_3_3_70b_versatile,GA_FIXED,password_strength,weak_short,20,True,True,['RgS'],0.0,weak_short,0,80,0.0001514590112492
llama_3_3_70b_versatile,GA_FIXED,password_strength,weak_short,21,True,True,['hrfcA'],0.0,weak_short,0,80,0.0001498330384492
llama_3_3_70b_versatile,GA_FIXED,password_strength,weak_short,22,True,True,['pS'],0.0,weak_short,0,80,0.0001592501066625
llama_3_3_70b_versatile,GA_FIXED,password_strength,weak_short,23,True,True,['Gjh'],0.0,weak_short,0,80,0.0001510420115664
llama_3_3_70b_versatile,GA_FIXED,password_strength,weak_short,24,True,True,['61'],0.0,weak_short,0,80,0.0001439580228179
llama_3_3_70b_versatile,GA_FIXED,password_strength,weak_short,25,True,True,['fHN'],0.0,weak_short,0,80,0.000137708033435
llama_3_3_70b_versatile,GA_FIXED,password_strength,weak_short,26,True,True,['lX3'],0.0,weak_short,0,80,0.0001522919628769
llama_3_3_70b_versatile,GA_FIXED,password_strength,weak_short,27,True,True,[''],0.0,weak_short,0,80,0.000136874965392
llama_3_3_70b_versatile,GA_FIXED,password_strength,weak_short,28,True,True,['nL6'],0.0,weak_short,0,80,0.0001986669376492
llama_3_3_70b_versatile,GA_FIXED,password_strength,weak_short,29,True,True,['n'],0.0,weak_short,0,80,0.0001502080122008
llama_3_3_70b_versatile,GA_FIXED,shipping_discount,free_express_shipping,0,True,True,"[601.9003713003301, 23.34168329670905, True]",0.0,free_express_shipping,0,80,8.725002408027649e-05
llama_3_3_70b_versatile,GA_FIXED,shipping_discount,free_express_shipping,1,True,True,"[778.8849477352704, 19.10965504758677, True]",0.0,free_express_shipping,0,80,8.387502748519182e-05
llama_3_3_70b_versatile,GA_FIXED,shipping_discount,free_express_shipping,2,True,True,"[334.5852542317065, 45.13026493853456, True]",0.0,free_express_shipping,0,80,8.358398918062449e-05
llama_3_3_70b_versatile,GA_FIXED,shipping_discount,free_express_shipping,3,True,True,"[451.0627808512799, 37.93334962043271, True]",0.0,free_express_shipping,0,80,8.349993731826544e-05
llama_3_3_70b_versatile,GA_FIXED,shipping_discount,free_express_shipping,4,True,True,"[958.2980285116346, 3.471321159534857, True]",0.0,free_express_shipping,0,80,8.045905269682407e-05
llama_3_3_70b_versatile,GA_FIXED,shipping_discount,free_express_shipping,5,True,True,"[786.9030133820287, 39.75624676931644, True]",0.0,free_express_shipping,0,80,8.108303882181644e-05
llama_3_3_70b_versatile,GA_FIXED,shipping_discount,free_express_shipping,6,True,True,"[345.0283638578334, 22.030809015654462, True]",0.0,free_express_shipping,0,80,8.166697807610035e-05
llama_3_3_70b_versatile,GA_FIXED,shipping_discount,free_express_shipping,7,True,True,"[952.366095068462, 0.11694467246425866, True]",0.0,free_express_shipping,1,160,0.0004746669437736
llama_3_3_70b_versatile,GA_FIXED,shipping_discount,free_express_shipping,8,True,True,"[454.9487144429888, 47.38165367821134, True]",0.0,free_express_shipping,0,80,8.249992970377207e-05
llama_3_3_70b_versatile,GA_FIXED,shipping_discount,free_express_shipping,9,True,True,"[728.6595307659686, 14.503201132070487, True]",0.0,free_express_shipping,1,160,0.0004844589857384
llama_3_3_70b_versatile,GA_FIXED,shipping_discount,free_express_shipping,10,True,True,"[497.3389290415565, 32.86052944038931, True]",0.0,free_express_shipping,1,160,0.0004802090115845
llama_3_3_70b_versatile,GA_FIXED,shipping_discount,free_express_shipping,11,True,True,"[371.90948692322326, 40.80040670141538, True]",0.0,free_express_shipping,0,80,8.129095658659935e-05
llama_3_3_70b_versatile,GA_FIXED,shipping_discount,free_express_shipping,12,True,True,"[803.638887074513, 7.218484229480904, True]",0.0,free_express_shipping,0,80,8.145789615809917e-05
llama_3_3_70b_versatile,GA_FIXED,shipping_discount,free_express_shipping,13,True,True,"[898.3620832917713, 0.5534838246068485, True]",0.0,free_express_shipping,0,80,8.183391764760017e-05
llama_3_3_70b_versatile,GA_FIXED,shipping_discount,free_express_shipping,14,True,True,"[443.0135733563495, 22.149243569307032, True]",0.0,free_express_shipping,1,160,0.0004852910060435
llama_3_3_70b_versatile,GA_FIXED,shipping_discount,free_express_shipping,15,True,True,"[829.5217847685669, 16.542126747886464, True]",0.0,free_express_shipping,0,80,8.095905650407076e-05
llama_3_3_70b_versatile,GA_FIXED,shipping_discount,free_express_shipping,16,True,True,"[987.4823600416889, 8.997230391055599, True]",0.0,free_express_shipping,0,80,8.129200432449579e-05
llama_3_3_70b_versatile,GA_FIXED,shipping_discount,free_express_shipping,17,True,True,"[208.61042773122617, 25.223716309662358, True]",0.0,free_express_shipping,2,240,0.0008797079790383
llama_3_3_70b_versatile,GA_FIXED,shipping_discount,free_express_shipping,18,True,True,"[272.43544785422256, 34.83788974548918, True]",0.0,free_express_shipping,0,80,8.120900020003319e-05
llama_3_3_70b_versatile,GA_FIXED,shipping_discount,free_express_shipping,19,True,True,"[924.8586312808286, 47.55246163798243, True]",0.0,free_express_shipping,0,80,8.191692177206278e-05
llama_3_3_70b_versatile,GA_FIXED,shipping_discount,free_express_shipping,20,True,True,"[625.8744090672806, 8.786329711436114, True]",0.0,free_express_shipping,0,80,8.145894389599562e-05
llama_3_3_70b_versatile,GA_FIXED,shipping_discount,free_express_shipping,21,True,True,"[727.6753984714389, 3.505814895341297, True]",0.0,free_express_shipping,0,80,8.087500464171171e-05
llama_3_3_70b_versatile,GA_FIXED,shipping_discount,free_express_shipping,22,True,True,"[767.5974547232504, 25.770436568665733, True]",0.0,free_express_shipping,2,240,0.000875916914083
llama_3_3_70b_versatile,GA_FIXED,shipping_discount,free_express_shipping,23,True,True,"[798.6742994245074, 30.739693032985183, True]",0.0,free_express_shipping,0,80,8.087500464171171e-05
llama_3_3_70b_versatile,GA_FIXED,shipping_discount,free_express_shipping,24,True,True,"[730.8592915502846, 22.88532720746328, True]",0.0,free_express_shipping,0,80,8.045800495892763e-05
llama_3_3_70b_versatile,GA_FIXED,shipping_discount,free_express_shipping,25,True,True,"[633.5680226330792, 35.96174584406398, True]",0.0,free_express_shipping,0,80,8.095800876617432e-05
llama_3_3_70b_versatile,GA_FIXED,shipping_discount,free_express_shipping,26,True,True,"[373.77765898508375, 38.8453244406356, True]",0.0,free_express_shipping,0,80,8.058303501456976e-05
llama_3_3_70b_versatile,GA_FIXED,shipping_discount,free_express_shipping,27,True,True,"[676.8758653535804, 12.698120095745669, True]",0.0,free_express_shipping,0,80,8.091703057289124e-05
llama_3_3_70b_versatile,GA_FIXED,shipping_discount,free_express_shipping,28,True,True,"[622.0598508173653, 45.5553390847746, True]",0.0,free_express_shipping,0,80,8.033402264118195e-05
llama_3_3_70b_versatile,GA_FIXED,shipping_discount,free_express_shipping,29,True,True,"[391.4372093152969, 16.36357276584843, True]",0.0,free_express_shipping,0,80,8.14999220892787e-05
llama_3_3_70b_versatile,GA_FIXED,shipping_discount,invalid,0,True,True,"[0.0, 0.0, True]",0.0,invalid,30,2480,0.0117460000328719
llama_3_3_70b_versatile,GA_FIXED,shipping_discount,invalid,1,True,True,"[0.0, 0.0, True]",0.0,invalid,30,2480,0.0117597499629482
llama_3_3_70b_versatile,GA_FIXED,shipping_discount,invalid,2,True,True,"[0.0, 0.0, False]",0.0,invalid,41,3360,0.0161091659683734
llama_3_3_70b_versatile,GA_FIXED,shipping_discount,invalid,3,True,True,"[0.0, 0.0, True]",0.0,invalid,22,1840,0.0086414159741252
llama_3_3_70b_versatile,GA_FIXED,shipping_discount,invalid,4,True,True,"[0.0, 0.0, False]",0.0,invalid,46,3760,0.0181048749946057
llama_3_3_70b_versatile,GA_FIXED,shipping_discount,invalid,5,True,True,"[0.0, 0.0, False]",0.0,invalid,25,2080,0.0099773749243468
llama_3_3_70b_versatile,GA_FIXED,shipping_discount,invalid,6,True,True,"[0.0, 0.0, True]",0.0,invalid,33,2720,0.0130189160117879
llama_3_3_70b_versatile,GA_FIXED,shipping_discount,invalid,7,True,True,"[0.0, 0.0, False]",0.0,invalid,37,3040,0.0146489579929038
llama_3_3_70b_versatile,GA_FIXED,shipping_discount,invalid,8,True,True,"[0.0, 0.0, False]",0.0,invalid,11,960,0.0044705000473186
llama_3_3_70b_versatile,GA_FIXED,shipping_discount,invalid,9,True,True,"[0.0, 0.0, False]",0.0,invalid,33,2720,0.0132482079789042
llama_3_3_70b_versatile,GA_FIXED,shipping_discount,invalid,10,True,True,"[0.0, 0.0, False]",0.0,invalid,49,4000,0.0194718330167233
llama_3_3_70b_versatile,GA_FIXED,shipping_discount,invalid,11,True,True,"[0.0, 0.0, False]",0.0,invalid,37,3040,0.0145898750051856
llama_3_3_70b_versatile,GA_FIXED,shipping_discount,invalid,12,True,True,"[0.0, 0.0, True]",0.0,invalid,41,3360,0.0162064579781144
llama_3_3_70b_versatile,GA_FIXED,shipping_discount,invalid,13,True,True,"[0.0, 0.0, False]",0.0,invalid,47,3840,0.0185543750412762
llama_3_3_70b_versatile,GA_FIXED,shipping_discount,invalid,14,True,True,"[0.0, 0.0, True]",0.0,invalid,38,3120,0.015027750050649
llama_3_3_70b_versatile,GA_FIXED,shipping_discount,invalid,15,True,True,"[0.0, 0.0, True]",0.0,invalid,52,4240,0.0206162079703062
llama_3_3_70b_versatile,GA_FIXED,shipping_discount,invalid,16,True,True,"[0.0, 0.0, True]",0.0,invalid,36,2960,0.0142641249112784
llama_3_3_70b_versatile,GA_FIXED,shipping_discount,invalid,17,True,True,"[0.0, 0.0, False]",0.0,invalid,22,1840,0.0087030000286176
llama_3_3_70b_versatile,GA_FIXED,shipping_discount,invalid,18,True,True,"[0.0, 0.0, True]",0.0,invalid,21,1760,0.0083470829995349
llama_3_3_70b_versatile,GA_FIXED,shipping_discount,invalid,19,True,True,"[0.0, 0.0, False]",0.0,invalid,23,1920,0.009132209001109
llama_3_3_70b_versatile,GA_FIXED,shipping_discount,invalid,20,True,True,"[0.0, 0.0, True]",0.0,invalid,21,1760,0.0083078749012202
llama_3_3_70b_versatile,GA_FIXED,shipping_discount,invalid,21,True,True,"[0.0, 0.0, True]",0.0,invalid,28,2320,0.0110457499977201
llama_3_3_70b_versatile,GA_FIXED,shipping_discount,invalid,22,True,True,"[0.0, 0.0, True]",0.0,invalid,20,1680,0.0079215840669348
llama_3_3_70b_versatile,GA_FIXED,shipping_discount,invalid,23,True,True,"[0.0, 0.0, True]",0.0,invalid,24,2000,0.0095193329034373
llama_3_3_70b_versatile,GA_FIXED,shipping_discount,invalid,24,True,True,"[0.0, 0.0, False]",0.0,invalid,24,2000,0.0094360410002991
llama_3_3_70b_versatile,GA_FIXED,shipping_discount,invalid,25,True,True,"[0.0, 0.0, True]",0.0,invalid,40,3280,0.0156728340080007
llama_3_3_70b_versatile,GA_FIXED,shipping_discount,invalid,26,True,True,"[0.0, 0.0, True]",0.0,invalid,29,2400,0.0114411669783294
llama_3_3_70b_versatile,GA_FIXED,shipping_discount,invalid,27,True,True,"[0.0, 0.0, True]",0.0,invalid,23,1920,0.0090819579781964
llama_3_3_70b_versatile,GA_FIXED,shipping_discount,invalid,28,True,True,"[0.0, 0.0, True]",0.0,invalid,32,2640,0.0125440419651567
llama_3_3_70b_versatile,GA_FIXED,shipping_discount,invalid,29,True,True,"[0.0, 0.0, True]",0.0,invalid,40,3280,0.0157511670840904
llama_3_3_70b_versatile,GA_FIXED,shipping_discount,no_discount,0,True,True,"[45.30845834864827, 386.7347789797567, False]",0.0,no_discount,0,80,7.650000043213367e-05
llama_3_3_70b_versatile,GA_FIXED,shipping_discount,no_discount,1,True,True,"[1.7442564091117996, 496.8824301402495, False]",0.0,no_discount,0,80,7.60830007493496e-05
llama_3_3_70b_versatile,GA_FIXED,shipping_discount,no_discount,2,True,True,"[15.912899102588195, 867.0902156019694, False]",0.0,no_discount,0,80,7.579196244478226e-05
llama_3_3_70b_versatile,GA_FIXED,shipping_discount,no_discount,3,True,True,"[7.681727092701984, 254.26332061530564, False]",0.0,no_discount,0,80,7.520802319049835e-05
llama_3_3_70b_versatile,GA_FIXED,shipping_discount,no_discount,4,True,True,"[8.09172949891057, 539.6327032363763, False]",0.0,no_discount,0,80,7.508299313485622e-05
llama_3_3_70b_versatile,GA_FIXED,shipping_discount,no_discount,5,True,True,"[48.27950746314191, 542.5027836371847, False]",0.0,no_discount,0,80,7.449998520314693e-05
llama_3_3_70b_versatile,GA_FIXED,shipping_discount,no_discount,6,True,True,"[34.531468619732664, 589.8015472638676, False]",0.0,no_discount,0,80,7.620803080499172e-05
llama_3_3_70b_versatile,GA_FIXED,shipping_discount,no_discount,7,True,True,"[34.21937117961305, 817.4277774763226, False]",0.0,no_discount,0,80,7.504189852625132e-05
llama_3_3_70b_versatile,GA_FIXED,shipping_discount,no_discount,8,True,True,"[13.31944400247831, 841.6085567479578, False]",0.0,no_discount,0,80,7.570907473564148e-05
llama_3_3_70b_versatile,GA_FIXED,shipping_discount,no_discount,9,True,True,"[19.129154320118857, 878.8037799176776, False]",0.0,no_discount,0,80,7.462501525878906e-05
llama_3_3_70b_versatile,GA_FIXED,shipping_discount,no_discount,10,True,True,"[2.6832748548824004, 222.44150862304224, False]",0.0,no_discount,0,80,7.266702596098185e-05
llama_3_3_70b_versatile,GA_FIXED,shipping_discount,no_discount,11,True,True,"[23.53812757527507, 876.1224373796761, False]",0.0,no_discount,0,80,7.49579630792141e-05
llama_3_3_70b_versatile,GA_FIXED,shipping_discount,no_discount,12,True,True,"[15.200300350752482, 3.7090045405365757, False]",0.0,no_discount,0,80,7.499998901039362e-05
llama_3_3_70b_versatile,GA_FIXED,shipping_discount,no_discount,13,True,True,"[49.25396375283042, 69.42574131071422, False]",0.0,no_discount,2,240,0.0008980000857263
llama_3_3_70b_versatile,GA_FIXED,shipping_discount,no_discount,14,True,True,"[43.527253361865135, 4.5712108106757965, False]",0.0,no_discount,0,80,7.650000043213367e-05
llama_3_3_70b_versatile,GA_FIXED,shipping_discount,no_discount,15,True,True,"[13.20954154649634, 263.0508862677857, False]",0.0,no_discount,0,80,7.845798972994089e-05
llama_3_3_70b_versatile,GA_FIXED,shipping_discount,no_discount,16,True,True,"[20.303624561366142, 551.3534299591893, False]",0.0,no_discount,0,80,7.454201113432646e-05
llama_3_3_70b_versatile,GA_FIXED,shipping_discount,no_discount,17,True,True,"[31.9616474869443, 54.56771191173382, False]",0.0,no_discount,0,80,7.599999662488699e-05
llama_3_3_70b_versatile,GA_FIXED,shipping_discount,no_discount,18,True,True,"[10.328791058435204, 101.74863064433892, False]",0.0,no_discount,0,80,7.499998901039362e-05
llama_3_3_70b_versatile,GA_FIXED,shipping_discount,no_discount,19,True,True,"[39.458441969451364, 666.0849837897932, False]",0.0,no_discount,0,80,7.941701915115118e-05
llama_3_3_70b_versatile,GA_FIXED,shipping_discount,no_discount,20,True,True,"[48.8457303713512, 702.4401618489067, False]",0.0,no_discount,0,80,7.558392826467752e-05
llama_3_3_70b_versatile,GA_FIXED,shipping_discount,no_discount,21,True,True,"[22.08447196394847, 879.5582940359228, False]",0.0,no_discount,0,80,7.495901081711054e-05
llama_3_3_70b_versatile,GA_FIXED,shipping_discount,no_discount,22,True,True,"[14.188266562481623, 752.2894365442896, False]",0.0,no_discount,0,80,7.558299694210291e-05
llama_3_3_70b_versatile,GA_FIXED,shipping_discount,no_discount,23,True,True,"[34.35618783978123, 617.314553791975, False]",0.0,no_discount,0,80,7.499998901039362e-05
llama_3_3_70b_versatile,GA_FIXED,shipping_discount,no_discount,24,True,True,"[1.9003479253089095, 792.2947968818313, False]",0.0,no_discount,0,80,7.60410912334919e-05
llama_3_3_70b_versatile,GA_FIXED,shipping_discount,no_discount,25,True,True,"[29.72799841187934, 111.40218572577076, False]",0.0,no_discount,0,80,7.545901462435722e-05
llama_3_3_70b_versatile,GA_FIXED,shipping_discount,no_discount,26,True,True,"[8.1729099407587, 251.37655283691086, False]",0.0,no_discount,0,80,7.779209408909082e-05
llama_3_3_70b_versatile,GA_FIXED,shipping_discount,no_discount,27,True,True,"[19.401353482672135, 933.8420596892429, False]",0.0,no_discount,0,80,7.529195863753557e-05
llama_3_3_70b_versatile,GA_FIXED,shipping_discount,no_discount,28,True,True,"[46.6557899125204, 213.788203142108, False]",0.0,no_discount,0,80,7.520895451307297e-05
llama_3_3_70b_versatile,GA_FIXED,shipping_discount,no_discount,29,True,True,"[23.824448640460403, 397.97127548805565, False]",0.0,no_discount,0,80,7.433304563164711e-05
llama_3_3_70b_versatile,GA_FIXED,shipping_discount,small_discount,0,True,True,"[202.60776470533472, 587.721371150864, True]",0.0,small_discount,0,80,6.949994713068008e-05
llama_3_3_70b_versatile,GA_FIXED,shipping_discount,small_discount,1,True,True,"[316.5922108353686, 441.4279004282027, False]",0.0,small_discount,0,80,6.933300755918026e-05
llama_3_3_70b_versatile,GA_FIXED,shipping_discount,small_discount,2,True,True,"[245.19564338000865, 346.26660961647616, True]",0.0,small_discount,0,80,7.041590288281441e-05
llama_3_3_70b_versatile,GA_FIXED,shipping_discount,small_discount,3,True,True,"[146.12309642749787, 54.456844579494515, True]",0.0,small_discount,0,80,6.916699931025505e-05
llama_3_3_70b_versatile,GA_FIXED,shipping_discount,small_discount,4,True,True,"[80.05028312253081, 717.8123301496618, False]",0.0,small_discount,0,80,6.941601168364286e-05
llama_3_3_70b_versatile,GA_FIXED,shipping_discount,small_discount,5,True,True,"[482.1120236156082, 22.533211727995827, False]",0.0,small_discount,0,80,6.687489803880453e-05
llama_3_3_70b_versatile,GA_FIXED,shipping_discount,small_discount,6,True,True,"[54.42408119415998, 884.2602298009605, True]",0.0,small_discount,0,80,6.979203317314386e-05
llama_3_3_70b_versatile,GA_FIXED,shipping_discount,small_discount,7,True,True,"[849.5539573422495, 964.2617180216547, True]",0.0,small_discount,0,80,6.9458968937397e-05
llama_3_3_70b_versatile,GA_FIXED,shipping_discount,small_discount,8,True,True,"[762.412705510497, 99.06172996131201, True]",0.0,small_discount,0,80,6.904196925461292e-05
llama_3_3_70b_versatile,GA_FIXED,shipping_discount,small_discount,9,True,True,"[393.69574730135884, 381.9531219911687, True]",0.0,small_discount,0,80,6.804196164011955e-05
llama_3_3_70b_versatile,GA_FIXED,shipping_discount,small_discount,10,True,True,"[286.6080730917262, 656.8209887466237, False]",0.0,small_discount,0,80,6.9082947447896e-05
llama_3_3_70b_versatile,GA_FIXED,shipping_discount,small_discount,11,True,True,"[7.497229241187453, 102.69823882397932, True]",0.0,small_discount,0,80,6.94170594215393e-05
llama_3_3_70b_versatile,GA_FIXED,shipping_discount,small_discount,12,True,True,"[479.88740134926354, 695.4360454583347, False]",0.0,small_discount,0,80,6.912497337907553e-05
llama_3_3_70b_versatile,GA_FIXED,shipping_discount,small_discount,13,True,True,"[340.9770537578645, 410.4313834722253, False]",0.0,small_discount,0,80,6.845896132290363e-05
llama_3_3_70b_versatile,GA_FIXED,shipping_discount,small_discount,14,True,True,"[381.81106563372515, 953.1763076888072, False]",0.0,small_discount,0,80,6.975000724196434e-05
llama_3_3_70b_versatile,GA_FIXED,shipping_discount,small_discount,15,True,True,"[233.90660109578099, 681.0555399053375, False]",0.0,small_discount,0,80,6.854103412479162e-05
llama_3_3_70b_versatile,GA_FIXED,shipping_discount,small_discount,16,True,True,"[392.0195659265171, 673.2727158249083, True]",0.0,small_discount,0,80,6.999995093792677e-05
llama_3_3_70b_versatile,GA_FIXED,shipping_discount,small_discount,17,True,True,"[457.85057091332084, 68.74438019686247, False]",0.0,small_discount,0,80,6.933393888175488e-05
llama_3_3_70b_versatile,GA_FIXED,shipping_discount,small_discount,18,True,True,"[422.64752109976257, 576.7042584735748, False]",0.0,small_discount,0,80,7.00830714777112e-05
llama_3_3_70b_versatile,GA_FIXED,shipping_discount,small_discount,19,True,True,"[824.9120577912946, 334.01409357442344, True]",0.0,small_discount,0,80,6.870809011161327e-05
llama_3_3_70b_versatile,GA_FIXED,shipping_discount,small_discount,20,True,True,"[714.8964705833808, 598.4178872589976, True]",0.0,small_discount,0,80,6.904208566993475e-05
llama_3_3_70b_versatile,GA_FIXED,shipping_discount,small_discount,21,True,True,"[742.5843752147341, 736.5236909468574, True]",0.0,small_discount,0,80,6.833299994468689e-05
llama_3_3_70b_versatile,GA_FIXED,shipping_discount,small_discount,22,True,True,"[891.8188341644848, 607.7137475190218, False]",0.0,small_discount,0,80,6.920797750353813e-05
llama_3_3_70b_versatile,GA_FIXED,shipping_discount,small_discount,23,True,True,"[290.8719120777782, 157.11978985131802, False]",0.0,small_discount,0,80,6.950006354600191e-05
llama_3_3_70b_versatile,GA_FIXED,shipping_discount,small_discount,24,True,True,"[383.13262393929335, 435.52298554539135, True]",0.0,small_discount,0,80,6.89999433234334e-05
llama_3_3_70b_versatile,GA_FIXED,shipping_discount,small_discount,25,True,True,"[282.25583954835497, 178.72849253144773, False]",0.0,small_discount,0,80,6.841705180704594e-05
llama_3_3_70b_versatile,GA_FIXED,shipping_discount,small_discount,26,True,True,"[122.51895658039925, 33.79933332680285, True]",0.0,small_discount,0,80,6.937503349035978e-05
llama_3_3_70b_versatile,GA_FIXED,shipping_discount,small_discount,27,True,True,"[671.5579379786512, 432.5976652672332, False]",0.0,small_discount,0,80,6.920902524143457e-05
llama_3_3_70b_versatile,GA_FIXED,shipping_discount,small_discount,28,True,True,"[579.4750683945462, 771.3305515040638, True]",0.0,small_discount,0,80,6.9082947447896e-05
llama_3_3_70b_versatile,GA_FIXED,shipping_discount,small_discount,29,True,True,"[193.84171128314108, 149.38814657933054, True]",0.0,small_discount,0,80,6.945803761482239e-05
llama_3_3_70b_versatile,GA_FIXED,shipping_discount,standard_discount,0,True,True,"[414.2497586288966, 19.8315648413665, False]",0.0,standard_discount,0,80,7.866695523262024e-05
llama_3_3_70b_versatile,GA_FIXED,shipping_discount,standard_discount,1,True,True,"[925.1847523483694, 41.95150953185678, True]",0.0,standard_discount,0,80,7.745902985334396e-05
llama_3_3_70b_versatile,GA_FIXED,shipping_discount,standard_discount,2,True,True,"[576.0079932537864, 66.66919608945709, False]",0.0,standard_discount,0,80,7.770804222673178e-05
llama_3_3_70b_versatile,GA_FIXED,shipping_discount,standard_discount,3,True,True,"[215.27217254596476, 49.288856190399244, False]",0.0,standard_discount,0,80,7.804192136973143e-05
llama_3_3_70b_versatile,GA_FIXED,shipping_discount,standard_discount,4,True,True,"[767.7285291465541, 11.790423562666131, True]",0.0,standard_discount,0,80,7.9583958722651e-05
llama_3_3_70b_versatile,GA_FIXED,shipping_discount,standard_discount,5,True,True,"[348.44603698398026, 52.52511579197816, False]",0.0,standard_discount,0,80,7.837498560547829e-05
llama_3_3_70b_versatile,GA_FIXED,shipping_discount,standard_discount,6,True,True,"[529.8655459635994, 25.168919343055652, True]",0.0,standard_discount,0,80,7.874995935708284e-05
llama_3_3_70b_versatile,GA_FIXED,shipping_discount,standard_discount,7,True,True,"[488.17417759904316, 76.86440824730224, True]",0.0,standard_discount,0,80,8.041702676564455e-05
llama_3_3_70b_versatile,GA_FIXED,shipping_discount,standard_discount,8,True,True,"[663.2191817597769, 77.35033649321466, False]",0.0,standard_discount,0,80,7.737509440630674e-05
llama_3_3_70b_versatile,GA_FIXED,shipping_discount,standard_discount,9,True,True,"[841.4513426833579, 47.50673198537969, True]",0.0,standard_discount,0,80,7.78749817982316e-05
llama_3_3_70b_versatile,GA_FIXED,shipping_discount,standard_discount,10,True,True,"[537.6685040526924, 7.901693579463576, True]",0.0,standard_discount,0,80,7.833295967429876e-05
llama_3_3_70b_versatile,GA_FIXED,shipping_discount,standard_discount,11,True,True,"[363.0232764515262, 16.62465501622046, False]",0.0,standard_discount,0,80,8.01250571385026e-05
llama_3_3_70b_versatile,GA_FIXED,shipping_discount,standard_discount,12,True,True,"[363.56940742489365, 46.92113810862841, False]",0.0,standard_discount,0,80,7.787509821355343e-05
llama_3_3_70b_versatile,GA_FIXED,shipping_discount,standard_discount,13,True,True,"[189.6874634884622, 50.424682127137686, True]",0.0,standard_discount,0,80,7.79579859226942e-05
llama_3_3_70b_versatile,GA_FIXED,shipping_discount,standard_discount,14,True,True,"[984.6743919383704, 64.40834616469826, True]",0.0,standard_discount,0,80,7.800001185387373e-05
llama_3_3_70b_versatile,GA_FIXED,shipping_discount,standard_discount,15,True,True,"[511.13502880509697, 15.004532170083461, True]",0.0,standard_discount,0,80,7.808301597833633e-05
llama_3_3_70b_versatile,GA_FIXED,shipping_discount,standard_discount,16,True,True,"[714.4372659048277, 56.682005843111114, True]",0.0,standard_discount,0,80,7.750000804662704e-05
llama_3_3_70b_versatile,GA_FIXED,shipping_discount,standard_discount,17,True,True,"[729.2820262561677, 24.301650837631804, True]",0.0,standard_discount,0,80,7.841701153665781e-05
llama_3_3_70b_versatile,GA_FIXED,shipping_discount,standard_discount,18,True,True,"[950.5530729547277, 55.04076856084217, True]",0.0,standard_discount,0,80,7.758301217108965e-05
llama_3_3_70b_versatile,GA_FIXED,shipping_discount,standard_discount,19,True,True,"[454.95405920564247, 38.626472153022064, True]",0.0,standard_discount,0,80,7.816695142537355e-05
llama_3_3_70b_versatile,GA_FIXED,shipping_discount,standard_discount,20,True,True,"[752.847855898375, 99.7810759521729, False]",0.0,standard_discount,0,80,8.062494453042746e-05
llama_3_3_70b_versatile,GA_FIXED,shipping_discount,standard_discount,21,True,True,"[940.318713824798, 75.56119186989474, False]",0.0,standard_discount,0,80,7.962493691593409e-05
llama_3_3_70b_versatile,GA_FIXED,shipping_discount,standard_discount,22,True,True,"[552.106460404288, 79.30313995606298, False]",0.0,standard_discount,0,80,7.804192136973143e-05
llama_3_3_70b_versatile,GA_FIXED,shipping_discount,standard_discount,23,True,True,"[276.4910559758511, 45.99360700562816, True]",0.0,standard_discount,0,80,7.745798211544752e-05
llama_3_3_70b_versatile,GA_FIXED,shipping_discount,standard_discount,24,True,True,"[941.4974803501404, 3.4652217155385356, False]",0.0,standard_discount,0,80,7.804110646247864e-05
llama_3_3_70b_versatile,GA_FIXED,shipping_discount,standard_discount,25,True,True,"[497.51052334318655, 64.2895276499641, False]",0.0,standard_discount,0,80,7.641699630767107e-05
llama_3_3_70b_versatile,GA_FIXED,shipping_discount,standard_discount,26,True,True,"[364.77241475634327, 16.500808480156003, True]",0.0,standard_discount,0,80,7.758405990898609e-05
llama_3_3_70b_versatile,GA_FIXED,shipping_discount,standard_discount,27,True,True,"[897.6984115443292, 94.68005419981218, True]",0.0,standard_discount,0,80,7.833307608962059e-05
llama_3_3_70b_versatile,GA_FIXED,shipping_discount,standard_discount,28,True,True,"[614.0801829803485, 95.86518170615177, True]",0.0,standard_discount,0,80,7.791700772941113e-05
llama_3_3_70b_versatile,GA_FIXED,shipping_discount,standard_discount,29,True,True,"[678.6972560146985, 21.275070877381008, False]",0.0,standard_discount,0,80,7.916695903986692e-05
llama_3_3_70b_versatile,GA_FIXED,sign_type,negative,0,True,True,[-168],0.0,negative,0,80,5.320797208696604e-05
llama_3_3_70b_versatile,GA_FIXED,sign_type,negative,1,True,True,[-117],0.0,negative,0,80,5.216698627918959e-05
llama_3_3_70b_versatile,GA_FIXED,sign_type,negative,2,True,True,[-303],0.0,negative,0,80,5.2292016334831715e-05
llama_3_3_70b_versatile,GA_FIXED,sign_type,negative,3,True,True,[-113],0.0,negative,0,80,5.270796827971935e-05
llama_3_3_70b_versatile,GA_FIXED,sign_type,negative,4,True,True,[-282],0.0,negative,0,80,4.966708365827799e-05
llama_3_3_70b_versatile,GA_FIXED,sign_type,negative,5,True,True,[-309],0.0,negative,0,80,5.187490023672581e-05
llama_3_3_70b_versatile,GA_FIXED,sign_type,negative,6,True,True,[-392],0.0,negative,0,80,5.149992648512125e-05
llama_3_3_70b_versatile,GA_FIXED,sign_type,negative,7,True,True,[-78],0.0,negative,0,80,5.191704258322716e-05
llama_3_3_70b_versatile,GA_FIXED,sign_type,negative,8,True,True,[-316],0.0,negative,0,80,5.312496796250343e-05
llama_3_3_70b_versatile,GA_FIXED,sign_type,negative,9,True,True,[-94],0.0,negative,0,80,5.274999421089888e-05
llama_3_3_70b_versatile,GA_FIXED,sign_type,negative,10,True,True,[-52],0.0,negative,0,80,5.204195622354746e-05
llama_3_3_70b_versatile,GA_FIXED,sign_type,negative,11,True,True,[-53],0.0,negative,0,80,5.279097240418196e-05
llama_3_3_70b_versatile,GA_FIXED,sign_type,negative,12,True,True,[-361],0.0,negative,0,80,5.433394107967615e-05
llama_3_3_70b_versatile,GA_FIXED,sign_type,negative,13,True,True,[-2],0.0,negative,0,80,5.274999421089888e-05
llama_3_3_70b_versatile,GA_FIXED,sign_type,negative,14,True,True,[-348],0.0,negative,0,80,5.2208080887794495e-05
llama_3_3_70b_versatile,GA_FIXED,sign_type,negative,15,True,True,[-281],0.0,negative,0,80,5.233392585068941e-05
llama_3_3_70b_versatile,GA_FIXED,sign_type,negative,16,True,True,[-195],0.0,negative,0,80,5.2292016334831715e-05
llama_3_3_70b_versatile,GA_FIXED,sign_type,negative,17,True,True,[-216],0.0,negative,0,80,5.220796447247267e-05
llama_3_3_70b_versatile,GA_FIXED,sign_type,negative,18,True,True,[-147],0.0,negative,0,80,5.24159986525774e-05
llama_3_3_70b_versatile,GA_FIXED,sign_type,negative,19,True,True,[-350],0.0,negative,0,80,5.204102490097284e-05
llama_3_3_70b_versatile,GA_FIXED,sign_type,negative,20,True,True,[-140],0.0,negative,0,80,5.254207644611597e-05
llama_3_3_70b_versatile,GA_FIXED,sign_type,negative,21,True,True,[-312],0.0,negative,0,80,5.245802458375693e-05
llama_3_3_70b_versatile,GA_FIXED,sign_type,negative,22,True,True,[-376],0.0,negative,0,80,5.1999930292367935e-05
llama_3_3_70b_versatile,GA_FIXED,sign_type,negative,23,True,True,[-477],0.0,negative,0,80,5.266699008643627e-05
llama_3_3_70b_versatile,GA_FIXED,sign_type,negative,24,True,True,[-42],0.0,negative,0,80,5.279097240418196e-05
llama_3_3_70b_versatile,GA_FIXED,sign_type,negative,25,True,True,[-338],0.0,negative,0,80,5.316699389368296e-05
llama_3_3_70b_versatile,GA_FIXED,sign_type,negative,26,True,True,[-20],0.0,negative,0,80,5.2292016334831715e-05
llama_3_3_70b_versatile,GA_FIXED,sign_type,negative,27,True,True,[-263],0.0,negative,0,80,5.41249755769968e-05
llama_3_3_70b_versatile,GA_FIXED,sign_type,negative,28,True,True,[-87],0.0,negative,0,80,5.262496415525675e-05
llama_3_3_70b_versatile,GA_FIXED,sign_type,negative,29,True,True,[-339],0.0,negative,0,80,5.2999937906861305e-05
llama_3_3_70b_versatile,GA_FIXED,sign_type,positive,0,True,True,[1154],0.0,positive,0,80,5.795806646347046e-05
llama_3_3_70b_versatile,GA_FIXED,sign_type,positive,1,True,True,[1854],0.0,positive,0,80,5.949998740106821e-05
llama_3_3_70b_versatile,GA_FIXED,sign_type,positive,2,True,True,[1880],0.0,positive,0,80,5.349994171410799e-05
llama_3_3_70b_versatile,GA_FIXED,sign_type,positive,3,True,True,[1460],0.0,positive,0,80,5.287490785121918e-05
llama_3_3_70b_versatile,GA_FIXED,sign_type,positive,4,True,True,[1915],0.0,positive,0,80,5.324999801814556e-05
llama_3_3_70b_versatile,GA_FIXED,sign_type,positive,5,True,True,[87],0.0,positive,0,80,5.266699008643627e-05
llama_3_3_70b_versatile,GA_FIXED,sign_type,positive,6,True,True,[2947],0.0,positive,0,80,5.262496415525675e-05
llama_3_3_70b_versatile,GA_FIXED,sign_type,positive,7,True,True,[1589],0.0,positive,0,80,5.237502045929432e-05
llama_3_3_70b_versatile,GA_FIXED,sign_type,positive,8,True,True,[2265],0.0,positive,0,80,5.3666066378355026e-05
llama_3_3_70b_versatile,GA_FIXED,sign_type,positive,9,True,True,[269],0.0,positive,0,80,5.324999801814556e-05
llama_3_3_70b_versatile,GA_FIXED,sign_type,positive,10,True,True,[1293],0.0,positive,0,80,5.254102870821953e-05
llama_3_3_70b_versatile,GA_FIXED,sign_type,positive,11,True,True,[320],0.0,positive,0,80,5.2208080887794495e-05
llama_3_3_70b_versatile,GA_FIXED,sign_type,positive,12,True,True,[2690],0.0,positive,0,80,5.287490785121918e-05
llama_3_3_70b_versatile,GA_FIXED,sign_type,positive,13,True,True,[998],0.0,positive,0,80,5.233404226601124e-05
llama_3_3_70b_versatile,GA_FIXED,sign_type,positive,14,True,True,[2821],0.0,positive,0,80,5.195802077651024e-05
llama_3_3_70b_versatile,GA_FIXED,sign_type,positive,15,True,True,[1250],0.0,positive,0,80,5.200004670768976e-05
llama_3_3_70b_versatile,GA_FIXED,sign_type,positive,16,True,True,[729],0.0,positive,0,80,5.245802458375693e-05
llama_3_3_70b_versatile,GA_FIXED,sign_type,positive,17,True,True,[1947],0.0,positive,0,80,5.274999421089888e-05
llama_3_3_70b_versatile,GA_FIXED,sign_type,positive,18,True,True,[1726],0.0,positive,0,80,5.212507676333189e-05
llama_3_3_70b_versatile,GA_FIXED,sign_type,positive,19,True,True,[917],0.0,positive,0,80,5.212496034801006e-05
llama_3_3_70b_versatile,GA_FIXED,sign_type,positive,20,True,True,[1526],0.0,positive,0,80,5.266699008643627e-05
llama_3_3_70b_versatile,GA_FIXED,sign_type,positive,21,True,True,[304],0.0,positive,0,80,5.2582938224077225e-05
llama_3_3_70b_versatile,GA_FIXED,sign_type,positive,22,True,True,[1338],0.0,positive,0,80,5.3292023949325085e-05
llama_3_3_70b_versatile,GA_FIXED,sign_type,positive,23,True,True,[2065],0.0,positive,0,80,5.2292016334831715e-05
llama_3_3_70b_versatile,GA_FIXED,sign_type,positive,24,True,True,[1057],0.0,positive,0,80,5.3458032198250294e-05
llama_3_3_70b_versatile,GA_FIXED,sign_type,positive,25,True,True,[1409],0.0,positive,0,80,5.3541967645287514e-05
llama_3_3_70b_versatile,GA_FIXED,sign_type,positive,26,True,True,[2930],0.0,positive,0,80,5.258398596197367e-05
llama_3_3_70b_versatile,GA_FIXED,sign_type,positive,27,True,True,[2007],0.0,positive,0,80,5.2833929657936096e-05
llama_3_3_70b_versatile,GA_FIXED,sign_type,positive,28,True,True,[1328],0.0,positive,0,80,5.2582938224077225e-05
llama_3_3_70b_versatile,GA_FIXED,sign_type,positive,29,True,True,[740],0.0,positive,0,80,5.320797208696604e-05
llama_3_3_70b_versatile,GA_FIXED,sign_type,zero,0,True,True,[0],0.0,zero,6,560,0.0018612499115988
llama_3_3_70b_versatile,GA_FIXED,sign_type,zero,1,True,True,[0],0.0,zero,11,960,0.0033467919565737
llama_3_3_70b_versatile,GA_FIXED,sign_type,zero,2,True,True,[0],0.0,zero,2,240,0.0006532910047098
llama_3_3_70b_versatile,GA_FIXED,sign_type,zero,3,True,True,[0],0.0,zero,13,1120,0.0039693330181762
llama_3_3_70b_versatile,GA_FIXED,sign_type,zero,4,True,True,[0],0.0,zero,0,80,5.1166978664696217e-05
llama_3_3_70b_versatile,GA_FIXED,sign_type,zero,5,True,True,[0],0.0,zero,8,720,0.0024558340664952
llama_3_3_70b_versatile,GA_FIXED,sign_type,zero,6,True,True,[0],0.0,zero,8,720,0.0024456670507788
llama_3_3_70b_versatile,GA_FIXED,sign_type,zero,7,True,True,[0],0.0,zero,9,800,0.0027761249803006
llama_3_3_70b_versatile,GA_FIXED,sign_type,zero,8,True,True,[0],0.0,zero,13,1120,0.0039500829298049
llama_3_3_70b_versatile,GA_FIXED,sign_type,zero,9,True,True,[0],0.0,zero,5,480,0.0015659999335184
llama_3_3_70b_versatile,GA_FIXED,sign_type,zero,10,True,True,[0],0.0,zero,10,880,0.0030475000385195
llama_3_3_70b_versatile,GA_FIXED,sign_type,zero,11,True,True,[0],0.0,zero,10,880,0.0030579169979318
llama_3_3_70b_versatile,GA_FIXED,sign_type,zero,12,True,True,[0],0.0,zero,7,640,0.0021499999566003
llama_3_3_70b_versatile,GA_FIXED,sign_type,zero,13,True,True,[0],0.0,zero,10,880,0.0030563749605789
llama_3_3_70b_versatile,GA_FIXED,sign_type,zero,14,True,True,[0],0.0,zero,8,720,0.0024542920291423
llama_3_3_70b_versatile,GA_FIXED,sign_type,zero,15,True,True,[0],0.0,zero,5,480,0.0015565409557893
llama_3_3_70b_versatile,GA_FIXED,sign_type,zero,16,True,True,[0],0.0,zero,3,320,0.000956958043389
llama_3_3_70b_versatile,GA_FIXED,sign_type,zero,17,True,True,[0],0.0,zero,7,640,0.0021474589593708
llama_3_3_70b_versatile,GA_FIXED,sign_type,zero,18,True,True,[0],0.0,zero,8,720,0.002479208051227
llama_3_3_70b_versatile,GA_FIXED,sign_type,zero,19,True,True,[0],0.0,zero,1,160,0.0003499169833958
llama_3_3_70b_versatile,GA_FIXED,sign_type,zero,20,True,True,[0],0.0,zero,3,320,0.0009577909950166
llama_3_3_70b_versatile,GA_FIXED,sign_type,zero,21,True,True,[0],0.0,zero,6,560,0.0018638329347595
llama_3_3_70b_versatile,GA_FIXED,sign_type,zero,22,True,True,[0],0.0,zero,6,560,0.0018532910617068
llama_3_3_70b_versatile,GA_FIXED,sign_type,zero,23,True,True,[0],0.0,zero,8,720,0.002447500010021
llama_3_3_70b_versatile,GA_FIXED,sign_type,zero,24,True,True,[0],0.0,zero,6,560,0.0019175839843228
llama_3_3_70b_versatile,GA_FIXED,sign_type,zero,25,True,True,[0],0.0,zero,12,1040,0.0036517090629786
llama_3_3_70b_versatile,GA_FIXED,sign_type,zero,26,True,True,[0],0.0,zero,5,480,0.0015546249924227
llama_3_3_70b_versatile,GA_FIXED,sign_type,zero,27,True,True,[0],0.0,zero,8,720,0.0024353329790756
llama_3_3_70b_versatile,GA_FIXED,sign_type,zero,28,True,True,[0],0.0,zero,9,800,0.0027398330857977
llama_3_3_70b_versatile,GA_FIXED,sign_type,zero,29,True,True,[0],0.0,zero,10,880,0.0030330410227179
llama_3_3_70b_versatile,GA_FIXED,string_category,empty,0,True,True,[''],0.0,empty,0,80,0.0001615419751033
llama_3_3_70b_versatile,GA_FIXED,string_category,empty,1,True,True,[''],0.0,empty,0,80,0.000149333034642
llama_3_3_70b_versatile,GA_FIXED,string_category,empty,2,True,True,[''],0.0,empty,0,80,0.0001422500936314
llama_3_3_70b_versatile,GA_FIXED,string_category,empty,3,True,True,[''],0.0,empty,0,80,0.0001486670225858
llama_3_3_70b_versatile,GA_FIXED,string_category,empty,4,True,True,[''],0.0,empty,0,80,0.0001467500114813
llama_3_3_70b_versatile,GA_FIXED,string_category,empty,5,True,True,[''],0.0,empty,0,80,0.0001554579939693
llama_3_3_70b_versatile,GA_FIXED,string_category,empty,6,True,True,[''],0.0,empty,0,80,0.0001442920183762
llama_3_3_70b_versatile,GA_FIXED,string_category,empty,7,True,True,[''],0.0,empty,0,80,0.0001425840891897
llama_3_3_70b_versatile,GA_FIXED,string_category,empty,8,True,True,[''],0.0,empty,0,80,0.0001483749365434
llama_3_3_70b_versatile,GA_FIXED,string_category,empty,9,True,True,[''],0.0,empty,0,80,0.0001501250080764
llama_3_3_70b_versatile,GA_FIXED,string_category,empty,10,True,True,[''],0.0,empty,0,80,0.0001539590302854
llama_3_3_70b_versatile,GA_FIXED,string_category,empty,11,True,True,[''],0.0,empty,0,80,0.0001469169510528
llama_3_3_70b_versatile,GA_FIXED,string_category,empty,12,True,True,[''],0.0,empty,0,80,0.0001418750034645
llama_3_3_70b_versatile,GA_FIXED,string_category,empty,13,True,True,[''],0.0,empty,0,80,0.0001509169815108
llama_3_3_70b_versatile,GA_FIXED,string_category,empty,14,True,True,[''],0.0,empty,0,80,0.0001499160425737
llama_3_3_70b_versatile,GA_FIXED,string_category,empty,15,True,True,[''],0.0,empty,0,80,0.0001470410497859
llama_3_3_70b_versatile,GA_FIXED,string_category,empty,16,True,True,[''],0.0,empty,0,80,0.0001463750377297
llama_3_3_70b_versatile,GA_FIXED,string_category,empty,17,True,True,[''],0.0,empty,0,80,0.0001455410383641
llama_3_3_70b_versatile,GA_FIXED,string_category,empty,18,True,True,[''],0.0,empty,0,80,0.0001554579939693
llama_3_3_70b_versatile,GA_FIXED,string_category,empty,19,True,True,[''],0.0,empty,0,80,0.0001506250118836
llama_3_3_70b_versatile,GA_FIXED,string_category,empty,20,True,True,[''],0.0,empty,0,80,0.0001472079893574
llama_3_3_70b_versatile,GA_FIXED,string_category,empty,21,True,True,[''],0.0,empty,0,80,0.0001519999932497
llama_3_3_70b_versatile,GA_FIXED,string_category,empty,22,True,True,[''],0.0,empty,0,80,0.0001538330689072
llama_3_3_70b_versatile,GA_FIXED,string_category,empty,23,True,True,[''],0.0,empty,0,80,0.0001529160654172
llama_3_3_70b_versatile,GA_FIXED,string_category,empty,24,True,True,[''],0.0,empty,0,80,0.0001482920488342
llama_3_3_70b_versatile,GA_FIXED,string_category,empty,25,True,True,[''],0.0,empty,0,80,0.0001526250271126
llama_3_3_70b_versatile,GA_FIXED,string_category,empty,26,True,True,[''],0.0,empty,0,80,0.0001418750034645
llama_3_3_70b_versatile,GA_FIXED,string_category,empty,27,True,True,[''],0.0,empty,0,80,0.0001439589541405
llama_3_3_70b_versatile,GA_FIXED,string_category,empty,28,True,True,[''],0.0,empty,0,80,0.000153666944243
llama_3_3_70b_versatile,GA_FIXED,string_category,empty,29,True,True,[''],0.0,empty,2,240,0.000780125032179
llama_3_3_70b_versatile,GA_FIXED,string_category,long_non_palindrome,0,True,True,['giKPXc'],0.0,long_non_palindrome,0,80,0.000157875008881
llama_3_3_70b_versatile,GA_FIXED,string_category,long_non_palindrome,1,True,True,['TGJjG3V'],0.0,long_non_palindrome,0,80,0.0001472909934818
llama_3_3_70b_versatile,GA_FIXED,string_category,long_non_palindrome,2,True,True,['FrTlCifgL2P0gve'],0.0,long_non_palindrome,0,80,0.0001545411068946
llama_3_3_70b_versatile,GA_FIXED,string_category,long_non_palindrome,3,True,True,['5BosHOok3DQly'],0.0,long_non_palindrome,0,80,0.0001526250271126
llama_3_3_70b_versatile,GA_FIXED,string_category,long_non_palindrome,4,True,True,['4hbjUa5y'],0.0,long_non_palindrome,0,80,0.0001543749822303
llama_3_3_70b_versatile,GA_FIXED,string_category,long_non_palindrome,5,True,True,['6zZIo1'],0.0,long_non_palindrome,0,80,0.0001580839743837
llama_3_3_70b_versatile,GA_FIXED,string_category,long_non_palindrome,6,True,True,['iXluVuwC3iJWD'],0.0,long_non_palindrome,0,80,0.0001597920199856
llama_3_3_70b_versatile,GA_FIXED,string_category,long_non_palindrome,7,True,True,['pI0BDCsbf9qKLQ'],0.0,long_non_palindrome,0,80,0.0001620000693947
llama_3_3_70b_versatile,GA_FIXED,string_category,long_non_palindrome,8,True,True,['wVocAWD5QvHCGOT'],0.0,long_non_palindrome,0,80,0.0001513750758022
llama_3_3_70b_versatile,GA_FIXED,string_category,long_non_palindrome,9,True,True,['R8Cs4T5h'],0.0,long_non_palindrome,0,80,0.0001604160061106
llama_3_3_70b_versatile,GA_FIXED,string_category,long_non_palindrome,10,True,True,['kpWhf9yJmgEcy'],0.0,long_non_palindrome,0,80,0.0001424170332029
llama_3_3_70b_versatile,GA_FIXED,string_category,long_non_palindrome,11,True,True,['oO3InsqFBkBfc'],0.0,long_non_palindrome,0,80,0.0001609170576557
llama_3_3_70b_versatile,GA_FIXED,string_category,long_non_palindrome,12,True,True,['T5bKdi'],0.0,long_non_palindrome,0,80,0.0001546659041196
llama_3_3_70b_versatile,GA_FIXED,string_category,long_non_palindrome,13,True,True,['2mAYYX0MHWrFYs'],0.0,long_non_palindrome,0,80,0.0001501250080764
llama_3_3_70b_versatile,GA_FIXED,string_category,long_non_palindrome,14,True,True,['U5LXGP81gING'],0.0,long_non_palindrome,0,80,0.0001552499597892
llama_3_3_70b_versatile,GA_FIXED,string_category,long_non_palindrome,15,True,True,['zqimrAPujYBQbK'],0.0,long_non_palindrome,0,80,0.0001556659117341
llama_3_3_70b_versatile,GA_FIXED,string_category,long_non_palindrome,16,True,True,['9j7yAVGVI'],0.0,long_non_palindrome,0,80,0.0001562079414725
llama_3_3_70b_versatile,GA_FIXED,string_category,long_non_palindrome,17,True,True,['f9HcWWmrx'],0.0,long_non_palindrome,0,80,0.000162124983035
llama_3_3_70b_versatile,GA_FIXED,string_category,long_non_palindrome,18,True,True,['0huiBkFzhdlm'],0.0,long_non_palindrome,0,80,0.0001584999263286
llama_3_3_70b_versatile,GA_FIXED,string_category,long_non_palindrome,19,True,True,['uf4EROvKMm0WzPg'],0.0,long_non_palindrome,0,80,0.0001606250880286
llama_3_3_70b_versatile,GA_FIXED,string_category,long_non_palindrome,20,True,True,['7eLnPv3'],0.0,long_non_palindrome,0,80,0.0001549170119687
llama_3_3_70b_versatile,GA_FIXED,string_category,long_non_palindrome,21,True,True,['0y3uxRsn3gqV'],0.0,long_non_palindrome,0,80,0.0001510418951511
llama_3_3_70b_versatile,GA_FIXED,string_category,long_non_palindrome,22,True,True,['wZOQRuoyAFxR'],0.0,long_non_palindrome,0,80,0.0001479160273447
llama_3_3_70b_versatile,GA_FIXED,string_category,long_non_palindrome,23,True,True,['lnKMAJvfe'],0.0,long_non_palindrome,0,80,0.0001611659536138
llama_3_3_70b_versatile,GA_FIXED,string_category,long_non_palindrome,24,True,True,['iirzOm0Q'],0.0,long_non_palindrome,0,80,0.0001512080198153
llama_3_3_70b_versatile,GA_FIXED,string_category,long_non_palindrome,25,True,True,['WR7H2N6z'],0.0,long_non_palindrome,0,80,0.0001455410383641
llama_3_3_70b_versatile,GA_FIXED,string_category,long_non_palindrome,26,True,True,['oYitaRN4YaP04Y'],0.0,long_non_palindrome,0,80,0.0001488339621573
llama_3_3_70b_versatile,GA_FIXED,string_category,long_non_palindrome,27,True,True,['EWUZDKbP'],0.0,long_non_palindrome,0,80,0.0001575000351294
llama_3_3_70b_versatile,GA_FIXED,string_category,long_non_palindrome,28,True,True,['LtMXk5eBoT'],0.0,long_non_palindrome,0,80,0.0001662079012021
llama_3_3_70b_versatile,GA_FIXED,string_category,long_non_palindrome,29,True,True,['FwahMwGOuT'],0.0,long_non_palindrome,0,80,0.0001566249411553
llama_3_3_70b_versatile,GA_FIXED,string_category,long_palindrome,0,False,False,['j0hwa2eKWmmRa'],1.0,,0,8080,0.0316501250490546
llama_3_3_70b_versatile,GA_FIXED,string_category,long_palindrome,1,False,False,['8dgtf7mTOSTLO'],1.0,,0,8080,0.0316468329401686
llama_3_3_70b_versatile,GA_FIXED,string_category,long_palindrome,2,False,False,['a5ySNnJZ'],1.0,,0,8080,0.0328133750008419
llama_3_3_70b_versatile,GA_FIXED,string_category,long_palindrome,3,False,False,['j9wcjPXpEuTXBp'],1.0,,0,8080,0.0328297090018168
llama_3_3_70b_versatile,GA_FIXED,string_category,long_palindrome,4,False,False,['mIY7c32Mz4fdU'],1.0,,0,8080,0.03156954201404
llama_3_3_70b_versatile,GA_FIXED,string_category,long_palindrome,5,False,False,['E4pxUCNCoXT'],1.0,,0,8080,0.0314007499255239
llama_3_3_70b_versatile,GA_FIXED,string_category,long_palindrome,6,False,False,['YfmckVQ'],1.0,,0,8080,0.0313217500224709
llama_3_3_70b_versatile,GA_FIXED,string_category,long_palindrome,7,False,False,['7ZoaEPha7xd'],1.0,,0,8080,0.0312639169860631
llama_3_3_70b_versatile,GA_FIXED,string_category,long_palindrome,8,False,False,['8tLpa0EgB1K'],1.0,,0,8080,0.0314216250553727
llama_3_3_70b_versatile,GA_FIXED,string_category,long_palindrome,9,False,False,['ZXTTyb'],1.0,,0,8080,0.0313767920015379
llama_3_3_70b_versatile,GA_FIXED,string_category,long_palindrome,10,False,False,['f4zJa3g0IjCpk'],1.0,,0,8080,0.0315506249899044
llama_3_3_70b_versatile,GA_FIXED,string_category,long_palindrome,11,False,False,['7MuIy8O7KZonNZh'],1.0,,0,8080,0.0313775829272344
llama_3_3_70b_versatile,GA_FIXED,string_category,long_palindrome,12,False,False,['NhyJop1ROg64Bc'],1.0,,0,8080,0.0325334999943152
llama_3_3_70b_versatile,GA_FIXED,string_category,long_palindrome,13,False,False,['utqU6FagN'],1.0,,0,8080,0.0320740829920396
llama_3_3_70b_versatile,GA_FIXED,string_category,long_palindrome,14,False,False,['SIIP'],1.0,,0,8080,0.0318326249253004
llama_3_3_70b_versatile,GA_FIXED,string_category,long_palindrome,15,False,False,['LqtT'],1.0,,0,8080,0.0321862919954583
llama_3_3_70b_versatile,GA_FIXED,string_category,long_palindrome,16,False,False,['G9NCwf'],1.0,,0,8080,0.0316877500154078
llama_3_3_70b_versatile,GA_FIXED,string_category,long_palindrome,17,False,False,['4idjMp'],1.0,,0,8080,0.0313445830252021
llama_3_3_70b_versatile,GA_FIXED,string_category,long_palindrome,18,False,False,['MFTxwqjwY1Qrf1B'],1.0,,0,8080,0.0314295419957488
llama_3_3_70b_versatile,GA_FIXED,string_category,long_palindrome,19,False,False,['Xg9YNm'],1.0,,0,8080,0.0312593749258667
llama_3_3_70b_versatile,GA_FIXED,string_category,long_palindrome,20,False,False,['G5E3'],1.0,,0,8080,0.0313021669862791
llama_3_3_70b_versatile,GA_FIXED,string_category,long_palindrome,21,False,False,['4AQP9uQNQtL'],1.0,,0,8080,0.0312474169768393
llama_3_3_70b_versatile,GA_FIXED,string_category,long_palindrome,22,False,False,['215kx'],1.0,,0,8080,0.0314079580130055
llama_3_3_70b_versatile,GA_FIXED,string_category,long_palindrome,23,False,False,['lUPYg0rYsqiCj'],1.0,,0,8080,0.0314538748934865
llama_3_3_70b_versatile,GA_FIXED,string_category,long_palindrome,24,False,False,['Ogo8iwTJYOKFm'],1.0,,0,8080,0.0314399580238387
llama_3_3_70b_versatile,GA_FIXED,string_category,long_palindrome,25,False,False,['yPTdF2D'],1.0,,0,8080,0.0312742500100284
llama_3_3_70b_versatile,GA_FIXED,string_category,long_palindrome,26,False,False,['cjlvz1td9K6BO0m'],1.0,,0,8080,0.0313149170251563
llama_3_3_70b_versatile,GA_FIXED,string_category,long_palindrome,27,False,False,['PlrDrA'],1.0,,0,8080,0.031175083015114
llama_3_3_70b_versatile,GA_FIXED,string_category,long_palindrome,28,False,False,['ad5vgB5XjT8I'],1.0,,0,8080,0.0312335410853847
llama_3_3_70b_versatile,GA_FIXED,string_category,long_palindrome,29,False,False,['KBsM6FNb'],1.0,,0,8080,0.0311856659827753
llama_3_3_70b_versatile,GA_FIXED,string_category,other,0,True,True,['2SzL'],0.0,other,0,80,0.0001420000335201
llama_3_3_70b_versatile,GA_FIXED,string_category,other,1,True,True,['QnsY'],0.0,other,0,80,0.0001586249563843
llama_3_3_70b_versatile,GA_FIXED,string_category,other,2,True,True,['Fwz'],0.0,other,0,80,0.0001489170826971
llama_3_3_70b_versatile,GA_FIXED,string_category,other,3,True,True,['Cwdm8'],0.0,other,0,80,0.000154500012286
llama_3_3_70b_versatile,GA_FIXED,string_category,other,4,True,True,['lj2B'],0.0,other,0,80,0.000148250022903
llama_3_3_70b_versatile,GA_FIXED,string_category,other,5,True,True,['MgPr'],0.0,other,0,80,0.0001508329296484
llama_3_3_70b_versatile,GA_FIXED,string_category,other,6,True,True,['p9E'],0.0,other,0,80,0.0001397500745952
llama_3_3_70b_versatile,GA_FIXED,string_category,other,7,True,True,['cm'],0.0,other,0,80,0.0001574159832671
llama_3_3_70b_versatile,GA_FIXED,string_category,other,8,True,True,['otK'],0.0,other,0,80,0.0001477500190958
llama_3_3_70b_versatile,GA_FIXED,string_category,other,9,True,True,['Bqsl'],0.0,other,0,80,0.0001395830186083
llama_3_3_70b_versatile,GA_FIXED,string_category,other,10,True,True,['vJm'],0.0,other,0,80,0.0001551669556647
llama_3_3_70b_versatile,GA_FIXED,string_category,other,11,True,True,['eni7J'],0.0,other,0,80,0.0001589590683579
llama_3_3_70b_versatile,GA_FIXED,string_category,other,12,True,True,['O9fFY'],0.0,other,0,80,0.0001502089435234
llama_3_3_70b_versatile,GA_FIXED,string_category,other,13,True,True,['pSzBo'],0.0,other,0,80,0.0001408329699188
llama_3_3_70b_versatile,GA_FIXED,string_category,other,14,True,True,['vJcCJ'],0.0,other,0,80,0.0001563330879434
llama_3_3_70b_versatile,GA_FIXED,string_category,other,15,True,True,['Gir'],0.0,other,0,80,0.0001532910391688
llama_3_3_70b_versatile,GA_FIXED,string_category,other,16,True,True,['WUX'],0.0,other,0,80,0.0001500420039519
llama_3_3_70b_versatile,GA_FIXED,string_category,other,17,True,True,['SKWW'],0.0,other,0,80,0.000152957974933
llama_3_3_70b_versatile,GA_FIXED,string_category,other,18,True,True,['H2p'],0.0,other,0,80,0.0001599170500412
llama_3_3_70b_versatile,GA_FIXED,string_category,other,19,True,True,['6ah'],0.0,other,0,80,0.0001410000259056
llama_3_3_70b_versatile,GA_FIXED,string_category,other,20,True,True,['Fg9xQ'],0.0,other,0,80,0.0001436249585822
llama_3_3_70b_versatile,GA_FIXED,string_category,other,21,True,True,['Xm4f'],0.0,other,0,80,0.0001524589024484
llama_3_3_70b_versatile,GA_FIXED,string_category,other,22,True,True,['Oo'],0.0,other,0,80,0.0001476659672334
llama_3_3_70b_versatile,GA_FIXED,string_category,other,23,True,True,['dfge'],0.0,other,0,80,0.0001467079855501
llama_3_3_70b_versatile,GA_FIXED,string_category,other,24,True,True,['Ep'],0.0,other,0,80,0.000148749910295
llama_3_3_70b_versatile,GA_FIXED,string_category,other,25,True,True,['kg46g'],0.0,other,0,80,0.0001544159604236
llama_3_3_70b_versatile,GA_FIXED,string_category,other,26,True,True,['iJvZ2'],0.0,other,0,80,0.0001494579482823
llama_3_3_70b_versatile,GA_FIXED,string_category,other,27,True,True,['kU'],0.0,other,0,80,0.0001574999187141
llama_3_3_70b_versatile,GA_FIXED,string_category,other,28,True,True,['gjC'],0.0,other,0,80,0.0001500830985605
llama_3_3_70b_versatile,GA_FIXED,string_category,other,29,True,True,['E9L'],0.0,other,0,80,0.0001546669518575
llama_3_3_70b_versatile,GA_FIXED,string_category,short_palindrome,0,True,True,[''],0.0,short_palindrome,0,80,0.0001595419598743
llama_3_3_70b_versatile,GA_FIXED,string_category,short_palindrome,1,True,True,[''],0.0,short_palindrome,0,80,0.0001539579825475
llama_3_3_70b_versatile,GA_FIXED,string_category,short_palindrome,2,True,True,['I'],0.0,short_palindrome,0,80,0.0001456660684198
llama_3_3_70b_versatile,GA_FIXED,string_category,short_palindrome,3,True,True,[''],0.0,short_palindrome,0,80,0.0001547079300507
llama_3_3_70b_versatile,GA_FIXED,string_category,short_palindrome,4,True,True,['f'],0.0,short_palindrome,0,80,0.0001511250156909
llama_3_3_70b_versatile,GA_FIXED,string_category,short_palindrome,5,True,True,[''],0.0,short_palindrome,0,80,0.000155666959472
llama_3_3_70b_versatile,GA_FIXED,string_category,short_palindrome,6,True,True,[''],0.0,short_palindrome,0,80,0.0001577909570187
llama_3_3_70b_versatile,GA_FIXED,string_category,short_palindrome,7,True,True,['m'],0.0,short_palindrome,0,80,0.0001575830392539
llama_3_3_70b_versatile,GA_FIXED,string_category,short_palindrome,8,True,True,['g'],0.0,short_palindrome,0,80,0.0001563329715281
llama_3_3_70b_versatile,GA_FIXED,string_category,short_palindrome,9,True,True,[''],0.0,short_palindrome,0,80,0.0001508750719949
llama_3_3_70b_versatile,GA_FIXED,string_category,short_palindrome,10,True,True,[''],0.0,short_palindrome,0,80,0.0001531669404357
llama_3_3_70b_versatile,GA_FIXED,string_category,short_palindrome,11,True,True,[''],0.0,short_palindrome,0,80,0.0001476659672334
llama_3_3_70b_versatile,GA_FIXED,string_category,short_palindrome,12,True,True,[''],0.0,short_palindrome,0,80,0.0001547919819131
llama_3_3_70b_versatile,GA_FIXED,string_category,short_palindrome,13,True,True,['P'],0.0,short_palindrome,0,80,0.000156583962962
llama_3_3_70b_versatile,GA_FIXED,string_category,short_palindrome,14,True,True,[''],0.0,short_palindrome,0,80,0.0001669999910518
llama_3_3_70b_versatile,GA_FIXED,string_category,short_palindrome,15,True,True,[''],0.0,short_palindrome,0,80,0.0001615840010344
llama_3_3_70b_versatile,GA_FIXED,string_category,short_palindrome,16,True,True,[''],0.0,short_palindrome,0,80,0.0001582090044394
llama_3_3_70b_versatile,GA_FIXED,string_category,short_palindrome,17,True,True,['k'],0.0,short_palindrome,0,80,0.0001658330438658
llama_3_3_70b_versatile,GA_FIXED,string_category,short_palindrome,18,True,True,[''],0.0,short_palindrome,0,80,0.0001550000160932
llama_3_3_70b_versatile,GA_FIXED,string_category,short_palindrome,19,True,True,[''],0.0,short_palindrome,0,80,0.0001567079452797
llama_3_3_70b_versatile,GA_FIXED,string_category,short_palindrome,20,True,True,['g'],0.0,short_palindrome,0,80,0.0001565419370308
llama_3_3_70b_versatile,GA_FIXED,string_category,short_palindrome,21,True,True,['q'],0.0,short_palindrome,0,80,0.0001509999856352
llama_3_3_70b_versatile,GA_FIXED,string_category,short_palindrome,22,True,True,[''],0.0,short_palindrome,0,80,0.0001597499940544
llama_3_3_70b_versatile,GA_FIXED,string_category,short_palindrome,23,True,True,[''],0.0,short_palindrome,0,80,0.0001605419674888
llama_3_3_70b_versatile,GA_FIXED,string_category,short_palindrome,24,True,True,['e'],0.0,short_palindrome,0,80,0.0001515420153737
llama_3_3_70b_versatile,GA_FIXED,string_category,short_palindrome,25,True,True,[''],0.0,short_palindrome,0,80,0.0001546670682728
llama_3_3_70b_versatile,GA_FIXED,string_category,short_palindrome,26,True,True,[''],0.0,short_palindrome,0,80,0.0001491670263931
llama_3_3_70b_versatile,GA_FIXED,string_category,short_palindrome,27,True,True,[''],0.0,short_palindrome,0,80,0.0001507499255239
llama_3_3_70b_versatile,GA_FIXED,string_category,short_palindrome,28,True,True,[''],0.0,short_palindrome,0,80,0.0001517080236226
llama_3_3_70b_versatile,GA_FIXED,string_category,short_palindrome,29,True,True,[''],0.0,short_palindrome,0,80,0.000162124983035
llama_3_3_70b_versatile,GA_FIXED,username_category,empty,0,True,True,[''],0.0,empty,0,80,0.0001634589862078
llama_3_3_70b_versatile,GA_FIXED,username_category,empty,1,True,True,[''],0.0,empty,0,80,0.0001419589389115
llama_3_3_70b_versatile,GA_FIXED,username_category,empty,2,True,True,[''],0.0,empty,0,80,0.0001479580532759
llama_3_3_70b_versatile,GA_FIXED,username_category,empty,3,True,True,[''],0.0,empty,0,80,0.000155417015776
llama_3_3_70b_versatile,GA_FIXED,username_category,empty,4,True,True,[''],0.0,empty,0,80,0.0001480829669162
llama_3_3_70b_versatile,GA_FIXED,username_category,empty,5,True,True,[''],0.0,empty,0,80,0.0001465000677853
llama_3_3_70b_versatile,GA_FIXED,username_category,empty,6,True,True,[''],0.0,empty,0,80,0.0001505410764366
llama_3_3_70b_versatile,GA_FIXED,username_category,empty,7,True,True,[''],0.0,empty,0,80,0.0001528329448774
llama_3_3_70b_versatile,GA_FIXED,username_category,empty,8,True,True,[''],0.0,empty,0,80,0.0001479169586673
llama_3_3_70b_versatile,GA_FIXED,username_category,empty,9,True,True,[''],0.0,empty,0,80,0.0001529590226709
llama_3_3_70b_versatile,GA_FIXED,username_category,empty,10,True,True,[''],0.0,empty,0,80,0.0001523750834167
llama_3_3_70b_versatile,GA_FIXED,username_category,empty,11,True,True,[''],0.0,empty,0,80,0.0001419169129803
llama_3_3_70b_versatile,GA_FIXED,username_category,empty,12,True,True,[''],0.0,empty,0,80,0.0001462919171899
llama_3_3_70b_versatile,GA_FIXED,username_category,empty,13,True,True,[''],0.0,empty,0,80,0.0001550830202177
llama_3_3_70b_versatile,GA_FIXED,username_category,empty,14,True,True,[''],0.0,empty,0,80,0.0001504160463809
llama_3_3_70b_versatile,GA_FIXED,username_category,empty,15,True,True,[''],0.0,empty,0,80,0.0001474170712754
llama_3_3_70b_versatile,GA_FIXED,username_category,empty,16,True,True,[''],0.0,empty,0,80,0.0001447920221835
llama_3_3_70b_versatile,GA_FIXED,username_category,empty,17,True,True,[''],0.0,empty,0,80,0.0001445830566808
llama_3_3_70b_versatile,GA_FIXED,username_category,empty,18,True,True,[''],0.0,empty,0,80,0.0001508750719949
llama_3_3_70b_versatile,GA_FIXED,username_category,empty,19,True,True,[''],0.0,empty,0,80,0.0001489169662818
llama_3_3_70b_versatile,GA_FIXED,username_category,empty,20,True,True,[''],0.0,empty,0,80,0.0001486249966546
llama_3_3_70b_versatile,GA_FIXED,username_category,empty,21,True,True,[''],0.0,empty,0,80,0.0001423340290784
llama_3_3_70b_versatile,GA_FIXED,username_category,empty,22,True,True,[''],0.0,empty,0,80,0.0001569159794598
llama_3_3_70b_versatile,GA_FIXED,username_category,empty,23,True,True,[''],0.0,empty,0,80,0.000149666913785
llama_3_3_70b_versatile,GA_FIXED,username_category,empty,24,True,True,[''],0.0,empty,0,80,0.0001461249776184
llama_3_3_70b_versatile,GA_FIXED,username_category,empty,25,True,True,[''],0.0,empty,0,80,0.0001526669366285
llama_3_3_70b_versatile,GA_FIXED,username_category,empty,26,True,True,[''],0.0,empty,0,80,0.0001459170598536
llama_3_3_70b_versatile,GA_FIXED,username_category,empty,27,True,True,[''],0.0,empty,0,80,0.0001478749327361
llama_3_3_70b_versatile,GA_FIXED,username_category,empty,28,True,True,[''],0.0,empty,0,80,0.0001446669921278
llama_3_3_70b_versatile,GA_FIXED,username_category,empty,29,True,True,[''],0.0,empty,0,80,0.0001506659900769
llama_3_3_70b_versatile,GA_FIXED,username_category,medium_username,0,True,True,['DwB4TvA'],0.0,medium_username,0,80,0.0002196669811382
llama_3_3_70b_versatile,GA_FIXED,username_category,medium_username,1,True,True,['u65JTgn'],0.0,medium_username,0,80,0.000216083950363
llama_3_3_70b_versatile,GA_FIXED,username_category,medium_username,2,True,True,['lp774D8F3ybc2'],0.0,medium_username,0,80,0.0002022499684244
llama_3_3_70b_versatile,GA_FIXED,username_category,medium_username,3,True,True,['NPmO0yn8'],0.0,medium_username,0,80,0.0001950419973582
llama_3_3_70b_versatile,GA_FIXED,username_category,medium_username,4,True,True,['dPhYio7'],0.0,medium_username,0,80,0.0002095840172842
llama_3_3_70b_versatile,GA_FIXED,username_category,medium_username,5,True,True,['TvvXu2xaGGJdg82'],0.0,medium_username,0,80,0.0002188750077039
llama_3_3_70b_versatile,GA_FIXED,username_category,medium_username,6,True,True,['q4pyuWaaIwX1'],0.0,medium_username,0,80,0.0002152500674128
llama_3_3_70b_versatile,GA_FIXED,username_category,medium_username,7,True,True,['SQEEX6'],0.0,medium_username,0,80,0.0002116670366376
llama_3_3_70b_versatile,GA_FIXED,username_category,medium_username,8,True,True,['smBQVnL5bSfJC'],0.0,medium_username,0,80,0.0002139169955626
llama_3_3_70b_versatile,GA_FIXED,username_category,medium_username,9,True,True,['REr29'],0.0,medium_username,0,80,0.0002067920286208
llama_3_3_70b_versatile,GA_FIXED,username_category,medium_username,10,True,True,['zhRN6tWz'],0.0,medium_username,0,80,0.0002011669566854
llama_3_3_70b_versatile,GA_FIXED,username_category,medium_username,11,True,True,['QlNDZcv90VHUz'],0.0,medium_username,0,80,0.0002098329132422
llama_3_3_70b_versatile,GA_FIXED,username_category,medium_username,12,True,True,['SUu93'],0.0,medium_username,0,80,0.0002114169765263
llama_3_3_70b_versatile,GA_FIXED,username_category,medium_username,13,True,True,['OjGC4Li'],0.0,medium_username,0,80,0.0002056669909507
llama_3_3_70b_versatile,GA_FIXED,username_category,medium_username,14,True,True,['y9qdpjEf9uXA'],0.0,medium_username,0,80,0.000207916018553
llama_3_3_70b_versatile,GA_FIXED,username_category,medium_username,15,True,True,['vrgLZCNCQ9D'],0.0,medium_username,0,80,0.0002181660383939
llama_3_3_70b_versatile,GA_FIXED,username_category,medium_username,16,True,True,['yD0HgAxvhC1s'],0.0,medium_username,0,80,0.0002082919236272
llama_3_3_70b_versatile,GA_FIXED,username_category,medium_username,17,True,True,['JMs93GsF'],0.0,medium_username,0,80,0.0002021250547841
llama_3_3_70b_versatile,GA_FIXED,username_category,medium_username,18,True,True,['YbeRyJB4WR1vJ'],0.0,medium_username,0,80,0.0002123749582096
llama_3_3_70b_versatile,GA_FIXED,username_category,medium_username,19,True,True,['HrAzbIQVJ1x'],0.0,medium_username,0,80,0.0002072500064969
llama_3_3_70b_versatile,GA_FIXED,username_category,medium_username,20,True,True,['U6epI5mIzamPn'],0.0,medium_username,0,80,0.0002025830326601
llama_3_3_70b_versatile,GA_FIXED,username_category,medium_username,21,True,True,['JQSI2lzbY'],0.0,medium_username,0,80,0.0002103329170495
llama_3_3_70b_versatile,GA_FIXED,username_category,medium_username,22,True,True,['C6wjA8HqQM0qd'],0.0,medium_username,0,80,0.0002064580330625
llama_3_3_70b_versatile,GA_FIXED,username_category,medium_username,23,True,True,['UsBY5FcfSlO9ZUk'],0.0,medium_username,0,80,0.0002124999882653
llama_3_3_70b_versatile,GA_FIXED,username_category,medium_username,24,True,True,['zX2sGKgMDCu1fX'],0.0,medium_username,0,80,0.0001976659987121
llama_3_3_70b_versatile,GA_FIXED,username_category,medium_username,25,True,True,['XPjXEcZ3kMJ5B'],0.0,medium_username,0,80,0.0002189580118283
llama_3_3_70b_versatile,GA_FIXED,username_category,medium_username,26,True,True,['wRBL4'],0.0,medium_username,0,80,0.0002058750251308
llama_3_3_70b_versatile,GA_FIXED,username_category,medium_username,27,True,True,['w29lbF7'],0.0,medium_username,0,80,0.0002108749467879
llama_3_3_70b_versatile,GA_FIXED,username_category,medium_username,28,True,True,['giaV1N1j'],0.0,medium_username,0,80,0.0002160420408472
llama_3_3_70b_versatile,GA_FIXED,username_category,medium_username,29,True,True,['GDQ4mhPBXp'],0.0,medium_username,0,80,0.0002069160109385
llama_3_3_70b_versatile,GA_FIXED,username_category,starts_with_digit,0,True,True,['7Vb'],0.0,starts_with_digit,0,80,0.0001500829821452
llama_3_3_70b_versatile,GA_FIXED,username_category,starts_with_digit,1,True,True,['2xRRaxHcOQS'],0.0,starts_with_digit,0,80,0.0001557089854031
llama_3_3_70b_versatile,GA_FIXED,username_category,starts_with_digit,2,True,True,['6QVWS'],0.0,starts_with_digit,0,80,0.0001547499559819
llama_3_3_70b_versatile,GA_FIXED,username_category,starts_with_digit,3,True,True,['6MJgIW'],0.0,starts_with_digit,0,80,0.0001427079550921
llama_3_3_70b_versatile,GA_FIXED,username_category,starts_with_digit,4,True,True,['17s6g'],0.0,starts_with_digit,0,80,0.0001568329753354
llama_3_3_70b_versatile,GA_FIXED,username_category,starts_with_digit,5,True,True,['83MHmT'],0.0,starts_with_digit,0,80,0.0001547089777886
llama_3_3_70b_versatile,GA_FIXED,username_category,starts_with_digit,6,True,True,['3jDL5Oz31F'],0.0,starts_with_digit,0,80,0.0001435419544577
llama_3_3_70b_versatile,GA_FIXED,username_category,starts_with_digit,7,True,True,['0HQThn'],0.0,starts_with_digit,0,80,0.0001430419506505
llama_3_3_70b_versatile,GA_FIXED,username_category,starts_with_digit,8,True,True,['8ld7qmJ4kuG'],0.0,starts_with_digit,0,80,0.0001614999491721
llama_3_3_70b_versatile,GA_FIXED,username_category,starts_with_digit,9,True,True,['7IAbv90X'],0.0,starts_with_digit,0,80,0.0001468750415369
llama_3_3_70b_versatile,GA_FIXED,username_category,starts_with_digit,10,True,True,['1tM'],0.0,starts_with_digit,0,80,0.0001518339850008
llama_3_3_70b_versatile,GA_FIXED,username_category,starts_with_digit,11,True,True,['8yGU8Ogz6IrjF'],0.0,starts_with_digit,0,80,0.0001544589176774
llama_3_3_70b_versatile,GA_FIXED,username_category,starts_with_digit,12,True,True,['8'],0.0,starts_with_digit,0,80,0.0001499999780207
llama_3_3_70b_versatile,GA_FIXED,username_category,starts_with_digit,13,True,True,['0YMt'],0.0,starts_with_digit,0,80,0.0001556249335408
llama_3_3_70b_versatile,GA_FIXED,username_category,starts_with_digit,14,True,True,['04WNF42I8w'],0.0,starts_with_digit,0,80,0.0001562079414725
llama_3_3_70b_versatile,GA_FIXED,username_category,starts_with_digit,15,True,True,['79w7cxMQ'],0.0,starts_with_digit,0,80,0.0001569590531289
llama_3_3_70b_versatile,GA_FIXED,username_category,starts_with_digit,16,True,True,['3lAESGcH'],0.0,starts_with_digit,0,80,0.0001528749708086
llama_3_3_70b_versatile,GA_FIXED,username_category,starts_with_digit,17,True,True,['46OJCp1OQuLW'],0.0,starts_with_digit,0,80,0.0001587499864399
llama_3_3_70b_versatile,GA_FIXED,username_category,starts_with_digit,18,True,True,['8GTGgDvkxv'],0.0,starts_with_digit,0,80,0.0001568329753354
llama_3_3_70b_versatile,GA_FIXED,username_category,starts_with_digit,19,True,True,['08D6leQT8MoCOD'],0.0,starts_with_digit,0,80,0.0001544170081615
llama_3_3_70b_versatile,GA_FIXED,username_category,starts_with_digit,20,True,True,['639mV'],0.0,starts_with_digit,0,80,0.0001596669899299
llama_3_3_70b_versatile,GA_FIXED,username_category,starts_with_digit,21,True,True,['5'],0.0,starts_with_digit,0,80,0.000155417015776
llama_3_3_70b_versatile,GA_FIXED,username_category,starts_with_digit,22,True,True,['8svlCS'],0.0,starts_with_digit,0,80,0.0001642910065129
llama_3_3_70b_versatile,GA_FIXED,username_category,starts_with_digit,23,True,True,['50sZ'],0.0,starts_with_digit,0,80,0.0001516250194981
llama_3_3_70b_versatile,GA_FIXED,username_category,starts_with_digit,24,True,True,['4'],0.0,starts_with_digit,0,80,0.0001448330003768
llama_3_3_70b_versatile,GA_FIXED,username_category,starts_with_digit,25,True,True,['0'],0.0,starts_with_digit,0,80,0.000150250038132
llama_3_3_70b_versatile,GA_FIXED,username_category,starts_with_digit,26,True,True,['5cJzL'],0.0,starts_with_digit,0,80,0.0001531250309199
llama_3_3_70b_versatile,GA_FIXED,username_category,starts_with_digit,27,True,True,['5SSIBa4pkg'],0.0,starts_with_digit,0,80,0.0001476670149713
llama_3_3_70b_versatile,GA_FIXED,username_category,starts_with_digit,28,True,True,['2loiiUvkTUe5T'],0.0,starts_with_digit,0,80,0.000178291928023
llama_3_3_70b_versatile,GA_FIXED,username_category,starts_with_digit,29,True,True,['10wuWWJnB'],0.0,starts_with_digit,0,80,0.0001540000084787
llama_3_3_70b_versatile,GA_FIXED,username_category,strong_username,0,False,False,['qBGxPxB8fOrOdWb'],1.0,,0,8080,0.0383368749171495
llama_3_3_70b_versatile,GA_FIXED,username_category,strong_username,1,False,False,['4Nxpzj8Ph3Bge'],1.0,,0,8080,0.0383263330440968
llama_3_3_70b_versatile,GA_FIXED,username_category,strong_username,2,False,False,['QPweUOHmdN'],1.0,,0,8080,0.0381653329823166
llama_3_3_70b_versatile,GA_FIXED,username_category,strong_username,3,False,False,['YKSGGQ9wT4'],1.0,,0,8080,0.0383471249369904
llama_3_3_70b_versatile,GA_FIXED,username_category,strong_username,4,False,False,['wq8yNNIiXi7iAS'],1.0,,0,8080,0.0385040410328656
llama_3_3_70b_versatile,GA_FIXED,username_category,strong_username,5,False,False,['5zCa5PtA6Z'],1.0,,0,8080,0.0379705000668764
llama_3_3_70b_versatile,GA_FIXED,username_category,strong_username,6,False,False,['qOwj2hKD9i9e'],1.0,,0,8080,0.0384008330292999
llama_3_3_70b_versatile,GA_FIXED,username_category,strong_username,7,False,False,['HsiCX9ful8MS4o'],1.0,,0,8080,0.0382610829547047
llama_3_3_70b_versatile,GA_FIXED,username_category,strong_username,8,False,False,['m4j3RniusmoNz'],1.0,,0,8080,0.0382090830244123
llama_3_3_70b_versatile,GA_FIXED,username_category,strong_username,9,False,False,['9gTNCTlWD'],1.0,,0,8080,0.0378100830130279
llama_3_3_70b_versatile,GA_FIXED,username_category,strong_username,10,False,False,['tzJGFzOzjDJJCF'],1.0,,0,8080,0.0385707080131396
llama_3_3_70b_versatile,GA_FIXED,username_category,strong_username,11,False,False,['kdm3lgkQpw'],1.0,,0,8080,0.0379884170833975
llama_3_3_70b_versatile,GA_FIXED,username_category,strong_username,12,False,False,['US2pBF9LYsXnfHD'],1.0,,0,8080,0.0384647920727729
llama_3_3_70b_versatile,GA_FIXED,username_category,strong_username,13,False,False,['iK4ohIP3OIHp4q'],1.0,,0,8080,0.0386509159579873
llama_3_3_70b_versatile,GA_FIXED,username_category,strong_username,14,False,False,['pK3zS67HKXDkT9'],1.0,,0,8080,0.0382406250573694
llama_3_3_70b_versatile,GA_FIXED,username_category,strong_username,15,False,False,['a0kbSTb5thSN'],1.0,,0,8080,0.0382114159874618
llama_3_3_70b_versatile,GA_FIXED,username_category,strong_username,16,False,False,['utnGlTNcZnvDc'],1.0,,0,8080,0.038631458999589
llama_3_3_70b_versatile,GA_FIXED,username_category,strong_username,17,False,False,['lpBFgjjU6'],1.0,,0,8080,0.0379370000446215
llama_3_3_70b_versatile,GA_FIXED,username_category,strong_username,18,False,False,['lwBKA4MlfLMct'],1.0,,0,8080,0.0381084999535232
llama_3_3_70b_versatile,GA_FIXED,username_category,strong_username,19,False,False,['lcmuhoDFPp'],1.0,,0,8080,0.0390711249783635
llama_3_3_70b_versatile,GA_FIXED,username_category,strong_username,20,False,False,['shiSyOBCrGPuyL'],1.0,,0,8080,0.0391123339068144
llama_3_3_70b_versatile,GA_FIXED,username_category,strong_username,21,False,False,['ifTQizCH7qLb'],1.0,,0,8080,0.0399089590646326
llama_3_3_70b_versatile,GA_FIXED,username_category,strong_username,22,False,False,['O2Cw5pmGHBxu'],1.0,,0,8080,0.0390022919746115
llama_3_3_70b_versatile,GA_FIXED,username_category,strong_username,23,False,False,['RJW9b7Zjr'],1.0,,0,8080,0.0380327909952029
llama_3_3_70b_versatile,GA_FIXED,username_category,strong_username,24,False,False,['cNhVX2cCcdLuM'],1.0,,0,8080,0.0381787080550566
llama_3_3_70b_versatile,GA_FIXED,username_category,strong_username,25,False,False,['nLLmRaQQX'],1.0,,0,8080,0.0380787500180304
llama_3_3_70b_versatile,GA_FIXED,username_category,strong_username,26,False,False,['AJL5DFPE6bz2in'],1.0,,0,8080,0.0421670419164001
llama_3_3_70b_versatile,GA_FIXED,username_category,strong_username,27,False,False,['lPp4OhmG2j89iQB'],1.0,,0,8080,0.0413888751063495
llama_3_3_70b_versatile,GA_FIXED,username_category,strong_username,28,False,False,['4Cilus8OCyQ'],1.0,,0,8080,0.0393744580214843
llama_3_3_70b_versatile,GA_FIXED,username_category,strong_username,29,False,False,['OXW4PKsx0aytl6e'],1.0,,0,8080,0.0387368750525638
llama_3_3_70b_versatile,GA_FIXED,username_category,too_short,0,True,True,['aao'],0.0,too_short,0,80,0.0001498340861871
llama_3_3_70b_versatile,GA_FIXED,username_category,too_short,1,True,True,['f5'],0.0,too_short,0,80,0.0001493750605732
llama_3_3_70b_versatile,GA_FIXED,username_category,too_short,2,True,True,['Y6'],0.0,too_short,0,80,0.000157207949087
llama_3_3_70b_versatile,GA_FIXED,username_category,too_short,3,True,True,['B'],0.0,too_short,0,80,0.0001454170560464
llama_3_3_70b_versatile,GA_FIXED,username_category,too_short,4,True,True,['bV'],0.0,too_short,0,80,0.0001521669328212
llama_3_3_70b_versatile,GA_FIXED,username_category,too_short,5,True,True,['O1'],0.0,too_short,0,80,0.0001511670416221
llama_3_3_70b_versatile,GA_FIXED,username_category,too_short,6,True,True,['cQh'],0.0,too_short,0,80,0.0001467500114813
llama_3_3_70b_versatile,GA_FIXED,username_category,too_short,7,True,True,[''],0.0,too_short,0,80,0.0001499580685049
llama_3_3_70b_versatile,GA_FIXED,username_category,too_short,8,True,True,[''],0.0,too_short,0,80,0.0001491250004619
llama_3_3_70b_versatile,GA_FIXED,username_category,too_short,9,True,True,['1'],0.0,too_short,0,80,0.0001508340938016
llama_3_3_70b_versatile,GA_FIXED,username_category,too_short,10,True,True,[''],0.0,too_short,0,80,0.0001489170826971
llama_3_3_70b_versatile,GA_FIXED,username_category,too_short,11,True,True,['Snu'],0.0,too_short,0,80,0.0001413749996572
llama_3_3_70b_versatile,GA_FIXED,username_category,too_short,12,True,True,['n9'],0.0,too_short,0,80,0.0001413749996572
llama_3_3_70b_versatile,GA_FIXED,username_category,too_short,13,True,True,['bj'],0.0,too_short,0,80,0.0001490419963374
llama_3_3_70b_versatile,GA_FIXED,username_category,too_short,14,True,True,['qRk'],0.0,too_short,0,80,0.0001527500571683
llama_3_3_70b_versatile,GA_FIXED,username_category,too_short,15,True,True,['fpSk'],0.0,too_short,0,80,0.0001421249471604
llama_3_3_70b_versatile,GA_FIXED,username_category,too_short,16,True,True,['oZ'],0.0,too_short,0,80,0.0001432909630239
llama_3_3_70b_versatile,GA_FIXED,username_category,too_short,17,True,True,['uEO'],0.0,too_short,0,80,0.000148709048517
llama_3_3_70b_versatile,GA_FIXED,username_category,too_short,18,True,True,['i'],0.0,too_short,0,80,0.0001579159870743
llama_3_3_70b_versatile,GA_FIXED,username_category,too_short,19,True,True,[''],0.0,too_short,0,80,0.0001502080122008
llama_3_3_70b_versatile,GA_FIXED,username_category,too_short,20,True,True,[''],0.0,too_short,0,80,0.0001531249145045
llama_3_3_70b_versatile,GA_FIXED,username_category,too_short,21,True,True,['0QnA'],0.0,too_short,0,80,0.0001485830871388
llama_3_3_70b_versatile,GA_FIXED,username_category,too_short,22,True,True,['lI'],0.0,too_short,0,80,0.0001566670835018
llama_3_3_70b_versatile,GA_FIXED,username_category,too_short,23,True,True,['dblA'],0.0,too_short,0,80,0.0001524579711258
llama_3_3_70b_versatile,GA_FIXED,username_category,too_short,24,True,True,['88d'],0.0,too_short,0,80,0.0001511250156909
llama_3_3_70b_versatile,GA_FIXED,username_category,too_short,25,True,True,[''],0.0,too_short,0,80,0.0001457500038668
llama_3_3_70b_versatile,GA_FIXED,username_category,too_short,26,True,True,['OM'],0.0,too_short,0,80,0.0001509579597041
llama_3_3_70b_versatile,GA_FIXED,username_category,too_short,27,True,True,['HS78'],0.0,too_short,0,80,0.0001484170788899
llama_3_3_70b_versatile,GA_FIXED,username_category,too_short,28,True,True,['wSw9'],0.0,too_short,0,80,0.000154500012286
llama_3_3_70b_versatile,GA_FIXED,username_category,too_short,29,True,True,['6v'],0.0,too_short,0,80,0.0001538750948384
llama_3_3_70b_versatile,GA_FIXED,username_category,weak_username,0,True,True,['DdGQyj'],0.0,weak_username,0,80,0.0001994170015677
llama_3_3_70b_versatile,GA_FIXED,username_category,weak_username,1,True,True,['SRiQxUhwmPF'],0.0,weak_username,0,80,0.0002069170586764
llama_3_3_70b_versatile,GA_FIXED,username_category,weak_username,2,True,True,['yrxqyBffVw'],0.0,weak_username,0,80,0.0002086670137941
llama_3_3_70b_versatile,GA_FIXED,username_category,weak_username,3,True,True,['LnlECpbbTe'],0.0,weak_username,0,80,0.0002035000361502
llama_3_3_70b_versatile,GA_FIXED,username_category,weak_username,4,True,True,['jzVUVdBp'],0.0,weak_username,0,80,0.0002043340355157
llama_3_3_70b_versatile,GA_FIXED,username_category,weak_username,5,True,True,['HrHdaUOhrItrt'],0.0,weak_username,0,80,0.0002201249590143
llama_3_3_70b_versatile,GA_FIXED,username_category,weak_username,6,True,True,['NAGXGh'],0.0,weak_username,0,80,0.0002030000323429
llama_3_3_70b_versatile,GA_FIXED,username_category,weak_username,7,True,True,['scKyem'],0.0,weak_username,0,80,0.0002034578938037
llama_3_3_70b_versatile,GA_FIXED,username_category,weak_username,8,True,True,['YMzkJQaaBPcN'],0.0,weak_username,0,80,0.0002194999251514
llama_3_3_70b_versatile,GA_FIXED,username_category,weak_username,9,True,True,['IvoBHF'],0.0,weak_username,0,80,0.0001957920612767
llama_3_3_70b_versatile,GA_FIXED,username_category,weak_username,10,True,True,['aetLUpX'],0.0,weak_username,0,80,0.0001992919715121
llama_3_3_70b_versatile,GA_FIXED,username_category,weak_username,11,True,True,['QsYSlNGB'],0.0,weak_username,0,80,0.000217750086449
llama_3_3_70b_versatile,GA_FIXED,username_category,weak_username,12,True,True,['NUPjiAq'],0.0,weak_username,0,80,0.0002215420827269
llama_3_3_70b_versatile,GA_FIXED,username_category,weak_username,13,True,True,['KgmabPOkPXbT'],0.0,weak_username,0,80,0.0002038750099018
llama_3_3_70b_versatile,GA_FIXED,username_category,weak_username,14,True,True,['qPsIMh'],0.0,weak_username,0,80,0.0001996669452637
llama_3_3_70b_versatile,GA_FIXED,username_category,weak_username,15,True,True,['eJghBapWEI'],0.0,weak_username,0,80,0.0002154159592464
llama_3_3_70b_versatile,GA_FIXED,username_category,weak_username,16,True,True,['WimvVXK'],0.0,weak_username,0,80,0.0002423750702291
llama_3_3_70b_versatile,GA_FIXED,username_category,weak_username,17,True,True,['kGWmEXSMY'],0.0,weak_username,0,80,0.0002003329573199
llama_3_3_70b_versatile,GA_FIXED,username_category,weak_username,18,True,True,['tfTAVcGZBvdInyT'],0.0,weak_username,0,80,0.0002165830228477
llama_3_3_70b_versatile,GA_FIXED,username_category,weak_username,19,True,True,['cSyXrOcwii'],0.0,weak_username,0,80,0.0002080840058624
llama_3_3_70b_versatile,GA_FIXED,username_category,weak_username,20,True,True,['zeALD'],0.0,weak_username,0,80,0.0002066669985651
llama_3_3_70b_versatile,GA_FIXED,username_category,weak_username,21,True,True,['BSlLhjoevNHYN'],0.0,weak_username,0,80,0.0002077909884974
llama_3_3_70b_versatile,GA_FIXED,username_category,weak_username,22,True,True,['ClBpokokWVi'],0.0,weak_username,0,80,0.0002072498900815
llama_3_3_70b_versatile,GA_FIXED,username_category,weak_username,23,True,True,['HyKaFitHz'],0.0,weak_username,0,80,0.0002272080164402
llama_3_3_70b_versatile,GA_FIXED,username_category,weak_username,24,True,True,['PUtoNYqWPt'],0.0,weak_username,0,80,0.000208458979614
llama_3_3_70b_versatile,GA_FIXED,username_category,weak_username,25,True,True,['iflxumRSenkaV'],0.0,weak_username,0,80,0.0002055410295724
llama_3_3_70b_versatile,GA_FIXED,username_category,weak_username,26,True,True,['mFMjNVbl'],0.0,weak_username,0,80,0.0002099999692291
llama_3_3_70b_versatile,GA_FIXED,username_category,weak_username,27,True,True,['gekjUs'],0.0,weak_username,0,80,0.0001992910401895
llama_3_3_70b_versatile,GA_FIXED,username_category,weak_username,28,True,True,['RGuZLieEQCrcSaz'],0.0,weak_username,0,80,0.0002092500217258
llama_3_3_70b_versatile,GA_FIXED,username_category,weak_username,29,True,True,['zHKblLTqU'],0.0,weak_username,0,80,0.0002057499950751
llama_3_3_70b_versatile,GA_ADAPTIVE,bmi_category,invalid_height,0,False,False,"[2401.011301236541, 11.392272244913412]",7.522926863856583e-05,,14,8080,0.0383111659903079
llama_3_3_70b_versatile,GA_ADAPTIVE,bmi_category,invalid_height,1,False,False,"[2977.138251840824, 10.912664351942778]",0.0001497201755249,,42,8080,0.037397583015263
llama_3_3_70b_versatile,GA_ADAPTIVE,bmi_category,invalid_height,2,False,False,"[2973.331212060877, 9.955479530953806]",0.0001611181812144,,71,8080,0.0364437499083578
llama_3_3_70b_versatile,GA_ADAPTIVE,bmi_category,invalid_height,3,False,False,"[2957.481661579756, 12.64364604709864]",0.0002416608814677,,45,8080,0.0371439999435097
llama_3_3_70b_versatile,GA_ADAPTIVE,bmi_category,invalid_height,4,False,False,"[2956.1838957557243, 12.64092913885447]",7.347079446162752e-05,,64,8080,0.0366517499787732
llama_3_3_70b_versatile,GA_ADAPTIVE,bmi_category,invalid_height,5,False,False,"[2800.732792850207, 12.304170949586913]",0.0002029699163408,,38,8080,0.0373569580260664
llama_3_3_70b_versatile,GA_ADAPTIVE,bmi_category,invalid_height,6,False,False,"[1953.2152149219378, 8.839030050711417]",5.00328284935847e-05,,46,8080,0.0378725829068571
llama_3_3_70b_versatile,GA_ADAPTIVE,bmi_category,invalid_height,7,False,False,"[2430.7136957851226, 11.462594524751033]",0.0001610393546869,,25,8080,0.0380474160192534
llama_3_3_70b_versatile,GA_ADAPTIVE,bmi_category,invalid_height,8,False,False,"[2814.610482433024, 12.334445860185829]",0.000310380841995,,42,8080,0.0371617909986525
llama_3_3_70b_versatile,GA_ADAPTIVE,bmi_category,invalid_height,9,False,False,"[2999.4587021526568, 12.733139938356565]",5.71995050435703e-06,,27,8080,0.0377056250581517
llama_3_3_70b_versatile,GA_ADAPTIVE,bmi_category,invalid_height,10,False,False,"[2875.51655989534, 12.467378331798955]",0.0002612386531843,,23,8080,0.0378662089351564
llama_3_3_70b_versatile,GA_ADAPTIVE,bmi_category,invalid_height,11,False,False,"[2811.153715046554, 12.326971189548074]",4.402309571105434e-06,,36,8080,0.0377135410672053
llama_3_3_70b_versatile,GA_ADAPTIVE,bmi_category,invalid_height,12,False,False,"[2949.8361596835684, 12.627347346001772]",8.147541512926182e-05,,35,8080,0.0379673750139772
llama_3_3_70b_versatile,GA_ADAPTIVE,bmi_category,invalid_height,13,False,False,"[2982.1329675373895, 12.696365674294286]",0.00015203174285,,41,8080,0.0374751250492408
llama_3_3_70b_versatile,GA_ADAPTIVE,bmi_category,invalid_height,14,False,False,"[2685.4291086396415, 12.048084513227467]",0.0002535923605329,,83,8080,0.0369672499364241
llama_3_3_70b_versatile,GA_ADAPTIVE,bmi_category,invalid_height,15,False,False,"[2977.1640680834885, 12.685811127808392]",0.0002318114388693,,28,8080,0.0382728750118985
llama_3_3_70b_versatile,GA_ADAPTIVE,bmi_category,invalid_height,16,False,False,"[2995.0268888359305, 12.723741690314917]",2.9397693079857845e-05,,19,8080,0.0434075000230222
llama_3_3_70b_versatile,GA_ADAPTIVE,bmi_category,invalid_height,17,False,False,"[2922.283165549664, 12.568315541053702]",0.000152643332818,,46,8080,0.0399262079736217
llama_3_3_70b_versatile,GA_ADAPTIVE,bmi_category,invalid_height,18,False,False,"[2927.59329184, 10.821450778452869]",1.393568780372334e-05,,12,8080,0.0389661660883575
llama_3_3_70b_versatile,GA_ADAPTIVE,bmi_category,invalid_height,19,False,False,"[2927.409190711664, 12.579302730705898]",6.10931934623693e-05,,66,8080,0.0372282909229397
llama_3_3_70b_versatile,GA_ADAPTIVE,bmi_category,invalid_height,20,False,False,"[2973.590387605288, 12.678176424343592]",0.0001774657340689,,54,8080,0.0374169170390814
llama_3_3_70b_versatile,GA_ADAPTIVE,bmi_category,invalid_height,21,False,False,"[2946.685630687428, 12.620652574369906]",6.5860181766908e-05,,63,8080,0.0376805410487577
llama_3_3_70b_versatile,GA_ADAPTIVE,bmi_category,invalid_height,22,False,False,"[2217.1899538062567, 10.947610436286237]",0.0003193161012866,,43,8080,0.0382102499715983
llama_3_3_70b_versatile,GA_ADAPTIVE,bmi_category,invalid_height,23,False,False,"[2942.615557731093, 12.611966678357962]",0.000163187898476,,38,8080,0.0382072499487549
llama_3_3_70b_versatile,GA_ADAPTIVE,bmi_category,invalid_height,24,False,False,"[2586.671738405971, 10.171895614052072]",0.0001427615336133,,19,8080,0.0388096669921651
llama_3_3_70b_versatile,GA_ADAPTIVE,bmi_category,invalid_height,25,False,False,"[2912.4962232347175, 12.54711383397774]",0.0002541466450942,,47,8080,0.0377603340893983
llama_3_3_70b_versatile,GA_ADAPTIVE,bmi_category,invalid_height,26,False,False,"[2707.171284321315, 12.096834022539149]",2.396580378416502e-05,,39,8080,0.0385100840358063
llama_3_3_70b_versatile,GA_ADAPTIVE,bmi_category,invalid_height,27,False,False,"[2371.2798647875475, 9.739203421011878]",0.0002342290007959,,97,8080,0.038486500037834
llama_3_3_70b_versatile,GA_ADAPTIVE,bmi_category,invalid_height,28,False,False,"[2969.9946383184783, 12.670550772861649]",0.000300319206083,,61,8080,0.037160167004913
llama_3_3_70b_versatile,GA_ADAPTIVE,bmi_category,invalid_height,29,False,False,"[2274.3306788085124, 9.53807713839927]",0.0004639591323254,,10,8080,0.0387839160393923
llama_3_3_70b_versatile,GA_ADAPTIVE,bmi_category,normal,0,True,True,"[1707.2154772000135, 9.288516718632845]",0.0,normal,14,1200,0.0050727499183267
llama_3_3_70b_versatile,GA_ADAPTIVE,bmi_category,normal,1,True,True,"[2913.733793658789, 12.148078574632908]",0.0,normal,15,1280,0.0054583749733865
llama_3_3_70b_versatile,GA_ADAPTIVE,bmi_category,normal,2,True,True,"[2777.644621062012, 11.538754097621673]",0.0,normal,2,240,0.0007781659951433
llama_3_3_70b_versatile,GA_ADAPTIVE,bmi_category,normal,3,True,True,"[2725.393302831585, 11.76935787357009]",0.0,normal,28,2320,0.0101315409410744
llama_3_3_70b_versatile,GA_ADAPTIVE,bmi_category,normal,4,True,True,"[2991.3455871553565, 12.47509768118227]",0.0,normal,7,640,0.0025735420640558
llama_3_3_70b_versatile,GA_ADAPTIVE,bmi_category,normal,5,True,True,"[2715.053446510036, 11.951984363015368]",0.0,normal,8,720,0.002919708029367
llama_3_3_70b_versatile,GA_ADAPTIVE,bmi_category,normal,6,True,True,"[1999.912212448462, 9.332980306145044]",0.0,normal,3,320,0.0011467499425634
llama_3_3_70b_versatile,GA_ADAPTIVE,bmi_category,normal,7,True,True,"[2615.193729013966, 11.700391708275127]",0.0,normal,3,320,0.0011259169550612
llama_3_3_70b_versatile,GA_ADAPTIVE,bmi_category,normal,8,True,True,"[2869.998859693425, 12.372855841415124]",0.0,normal,7,640,0.0025669999886304
llama_3_3_70b_versatile,GA_ADAPTIVE,bmi_category,normal,9,True,True,"[2975.9863418486243, 12.366560486074786]",0.0,normal,28,2320,0.0101556659210473
llama_3_3_70b_versatile,GA_ADAPTIVE,bmi_category,normal,10,True,True,"[2949.267051024659, 12.409127709752156]",0.0,normal,13,1120,0.0047362499171867
llama_3_3_70b_versatile,GA_ADAPTIVE,bmi_category,normal,11,True,True,"[2994.0879489483877, 12.507070927656024]",0.0,normal,35,2880,0.0126405829796567
llama_3_3_70b_versatile,GA_ADAPTIVE,bmi_category,normal,12,True,True,"[2784.8120195241167, 11.991289870137978]",0.0,normal,0,80,5.6958990171551704e-05
llama_3_3_70b_versatile,GA_ADAPTIVE,bmi_category,normal,13,True,True,"[2949.0901478980745, 11.69478520193351]",0.0,normal,20,1680,0.0072485409909859
llama_3_3_70b_versatile,GA_ADAPTIVE,bmi_category,normal,14,True,True,"[2952.5822729397582, 12.330183836876788]",0.0,normal,13,1120,0.0047229159390553
llama_3_3_70b_versatile,GA_ADAPTIVE,bmi_category,normal,15,True,True,"[2959.350683735501, 12.5388473134363]",0.0,normal,22,1840,0.0080237499205395
llama_3_3_70b_versatile,GA_ADAPTIVE,bmi_category,normal,16,True,True,"[2987.7380817347853, 12.63183946356203]",0.0,normal,28,2320,0.0100919170072302
llama_3_3_70b_versatile,GA_ADAPTIVE,bmi_category,normal,17,True,True,"[2126.1169542574917, 9.77359542625943]",0.0,normal,3,320,0.0011423329124227
llama_3_3_70b_versatile,GA_ADAPTIVE,bmi_category,normal,18,True,True,"[2994.6096349635595, 12.67113038906738]",0.0,normal,21,1760,0.0075858749914914
llama_3_3_70b_versatile,GA_ADAPTIVE,bmi_category,normal,19,True,True,"[2893.1930190452017, 12.06626153742562]",0.0,normal,17,1440,0.0061352499760687
llama_3_3_70b_versatile,GA_ADAPTIVE,bmi_category,normal,20,True,True,"[2608.169266744824, 10.335903624028365]",0.0,normal,3,320,0.0011271249968558
llama_3_3_70b_versatile,GA_ADAPTIVE,bmi_category,normal,21,True,True,"[2576.3819117331645, 11.013088911191682]",0.0,normal,0,80,5.583290476351976e-05
llama_3_3_70b_versatile,GA_ADAPTIVE,bmi_category,normal,22,True,True,"[2984.5982966849724, 12.441286346353891]",0.0,normal,19,1600,0.006857082946226
llama_3_3_70b_versatile,GA_ADAPTIVE,bmi_category,normal,23,True,True,"[2976.010307665867, 12.458630993410948]",0.0,normal,10,880,0.0036842500558122
llama_3_3_70b_versatile,GA_ADAPTIVE,bmi_category,normal,24,True,True,"[2594.356655399392, 11.66041114640004]",0.0,normal,3,320,0.0011268330272287
llama_3_3_70b_versatile,GA_ADAPTIVE,bmi_category,normal,25,True,True,"[2953.478187733511, 12.436655586252183]",0.0,normal,16,1360,0.0058159169275313
llama_3_3_70b_versatile,GA_ADAPTIVE,bmi_category,normal,26,True,True,"[2045.0815008370048, 9.4214983520286]",0.0,normal,9,800,0.003304790938273
llama_3_3_70b_versatile,GA_ADAPTIVE,bmi_category,normal,27,True,True,"[1748.4186394955916, 9.35486407161612]",0.0,normal,1,160,0.0004195829387754
llama_3_3_70b_versatile,GA_ADAPTIVE,bmi_category,normal,28,True,True,"[2870.9721369727317, 12.27895073023266]",0.0,normal,21,1760,0.0075618328992277
llama_3_3_70b_versatile,GA_ADAPTIVE,bmi_category,normal,29,True,True,"[2890.9863669163374, 11.696008179151507]",0.0,normal,18,1520,0.0064794169738888
llama_3_3_70b_versatile,GA_ADAPTIVE,bmi_category,obese,0,True,True,"[2966.2720420574024, 9.933116501861349]",0.0,obese,3,320,0.0011587920598685
llama_3_3_70b_versatile,GA_ADAPTIVE,bmi_category,obese,1,True,True,"[294.58858091309384, 0.5000913400591278]",0.0,obese,0,80,5.9249927289783955e-05
llama_3_3_70b_versatile,GA_ADAPTIVE,bmi_category,obese,2,True,True,"[2971.723065869147, 9.01257769013734]",0.0,obese,64,5200,0.0239012499805539
llama_3_3_70b_versatile,GA_ADAPTIVE,bmi_category,obese,3,True,True,"[2932.2962091635436, 8.632983308016872]",0.0,obese,6,560,0.0022728749318048
llama_3_3_70b_versatile,GA_ADAPTIVE,bmi_category,obese,4,True,True,"[2310.0277821728055, 2.5186658540591322]",0.0,obese,0,80,5.716702435165644e-05
llama_3_3_70b_versatile,GA_ADAPTIVE,bmi_category,obese,5,True,True,"[2999.5, 9.247750881261846]",0.0,obese,63,5120,0.0236601249780505
llama_3_3_70b_versatile,GA_ADAPTIVE,bmi_category,obese,6,True,True,"[2643.683149773228, 2.882659276937871]",0.0,obese,51,4160,0.0188898330088704
llama_3_3_70b_versatile,GA_ADAPTIVE,bmi_category,obese,7,True,True,"[2981.5671043470497, 9.14065226318327]",0.0,obese,6,560,0.0022410419769585
llama_3_3_70b_versatile,GA_ADAPTIVE,bmi_category,obese,8,True,True,"[2935.1774941056465, 1.1156997909305133]",0.0,obese,70,5680,0.0258145419647917
llama_3_3_70b_versatile,GA_ADAPTIVE,bmi_category,obese,9,True,True,"[2997.519013692374, 9.628020916131891]",0.0,obese,91,7360,0.0339557920815423
llama_3_3_70b_versatile,GA_ADAPTIVE,bmi_category,obese,10,True,True,"[2890.5966152874175, 9.700472375199038]",0.0,obese,69,5600,0.0257057920098304
llama_3_3_70b_versatile,GA_ADAPTIVE,bmi_category,obese,11,True,True,"[2886.4030013846195, 2.8440369602400484]",0.0,obese,10,880,0.0037065830547362
llama_3_3_70b_versatile,GA_ADAPTIVE,bmi_category,obese,12,True,True,"[2956.9545514096953, 2.1582567073815673]",0.0,obese,39,3200,0.0144852920202538
llama_3_3_70b_versatile,GA_ADAPTIVE,bmi_category,obese,13,True,True,"[2867.6717746712434, 8.08368899573686]",0.0,obese,11,960,0.0041381249902769
llama_3_3_70b_versatile,GA_ADAPTIVE,bmi_category,obese,14,True,True,"[2545.994449347193, 6.445342285775313]",0.0,obese,82,6640,0.0299313329160213
llama_3_3_70b_versatile,GA_ADAPTIVE,bmi_category,obese,15,True,True,"[802.8517037158842, 1.516383960943113]",0.0,obese,0,80,5.5541982874274254e-05
llama_3_3_70b_versatile,GA_ADAPTIVE,bmi_category,obese,16,True,True,"[1384.2719882126012, 1.1859414552155556]",0.0,obese,0,80,5.408294964581728e-05
llama_3_3_70b_versatile,GA_ADAPTIVE,bmi_category,obese,17,True,True,"[2960.889997013896, 4.47145000169169]",0.0,obese,10,880,0.0038425410166382
llama_3_3_70b_versatile,GA_ADAPTIVE,bmi_category,obese,18,True,True,"[2934.1635741732252, 9.574088639834777]",0.0,obese,14,1200,0.005149208009243
llama_3_3_70b_versatile,GA_ADAPTIVE,bmi_category,obese,19,True,True,"[2269.228825546915, 6.355855799216492]",0.0,obese,1,160,0.0004308749921619
llama_3_3_70b_versatile,GA_ADAPTIVE,bmi_category,obese,20,True,True,"[2963.0371415369696, 9.687301576480234]",0.0,obese,46,3760,0.0168727500131353
llama_3_3_70b_versatile,GA_ADAPTIVE,bmi_category,obese,21,True,True,"[2995.904591513468, 4.1660188299140755]",0.0,obese,21,1760,0.007663584081456
llama_3_3_70b_versatile,GA_ADAPTIVE,bmi_category,obese,22,True,True,"[1911.2129606317817, 0.6232584515799555]",0.0,obese,2,240,0.0008121249265968
llama_3_3_70b_versatile,GA_ADAPTIVE,bmi_category,obese,23,True,True,"[2960.5774788262142, 8.217531812582113]",0.0,obese,64,5200,0.0237584580900147
llama_3_3_70b_versatile,GA_ADAPTIVE,bmi_category,obese,24,True,True,"[2961.5810334630837, 2.0567052967769284]",0.0,obese,27,2240,0.0098033330868929
llama_3_3_70b_versatile,GA_ADAPTIVE,bmi_category,obese,25,True,True,"[2928.0525229680206, 9.27955779327041]",0.0,obese,85,6880,0.0316419170703738
llama_3_3_70b_versatile,GA_ADAPTIVE,bmi_category,obese,26,True,True,"[2936.704477086153, 9.698254234200625]",0.0,obese,40,3280,0.0147199999773874
llama_3_3_70b_versatile,GA_ADAPTIVE,bmi_category,obese,27,True,True,"[2990.7393716390466, 5.501577155483939]",0.0,obese,17,1440,0.0061926669441163
llama_3_3_70b_versatile,GA_ADAPTIVE,bmi_category,obese,28,True,True,"[2986.0829629940818, 5.0381407980093496]",0.0,obese,98,7920,0.0358019170816987
llama_3_3_70b_versatile,GA_ADAPTIVE,bmi_category,obese,29,True,True,"[2776.4824651275726, 5.7667493447411955]",0.0,obese,57,4640,0.0207781249191612
llama_3_3_70b_versatile,GA_ADAPTIVE,bmi_category,overweight,0,True,True,"[2833.757471570158, 10.002939468442749]",0.0,overweight,54,4400,0.0195555830141529
llama_3_3_70b_versatile,GA_ADAPTIVE,bmi_category,overweight,1,True,True,"[3000.0, 10.64310948183611]",0.0,overweight,41,3360,0.01477333297953
llama_3_3_70b_versatile,GA_ADAPTIVE,bmi_category,overweight,2,True,True,"[2995.251043873373, 10.666651056978939]",0.0,overweight,19,1600,0.0069440839579328
llama_3_3_70b_versatile,GA_ADAPTIVE,bmi_category,overweight,3,True,True,"[2890.7069760456893, 10.491751479577726]",0.0,overweight,28,2320,0.0107521249447017
llama_3_3_70b_versatile,GA_ADAPTIVE,bmi_category,overweight,4,True,True,"[2933.5680783691164, 10.492174050868996]",0.0,overweight,98,7920,0.0405631669564172
llama_3_3_70b_versatile,GA_ADAPTIVE,bmi_category,overweight,5,True,True,"[2976.848933275183, 10.684663548412232]",0.0,overweight,90,7280,0.0391898750094696
llama_3_3_70b_versatile,GA_ADAPTIVE,bmi_category,overweight,6,True,True,"[2876.3786226326697, 10.708137252593334]",0.0,overweight,14,1200,0.0056980419903993
llama_3_3_70b_versatile,GA_ADAPTIVE,bmi_category,overweight,7,True,True,"[2910.462813628225, 10.54485132873371]",0.0,overweight,77,6240,0.0305820419453084
llama_3_3_70b_versatile,GA_ADAPTIVE,bmi_category,overweight,8,True,True,"[2993.9980140114503, 10.721625156741863]",0.0,overweight,46,3760,0.0169922499917447
llama_3_3_70b_versatile,GA_ADAPTIVE,bmi_category,overweight,9,True,True,"[2781.8662444344877, 9.988588683328302]",0.0,overweight,7,640,0.0026569579495117
llama_3_3_70b_versatile,GA_ADAPTIVE,bmi_category,overweight,10,True,True,"[2936.391384629718, 10.59943555662115]",0.0,overweight,84,6800,0.0307432080153375
llama_3_3_70b_versatile,GA_ADAPTIVE,bmi_category,overweight,11,True,True,"[2950.962087216209, 10.627585189516138]",0.0,overweight,67,5440,0.0245478330180048
llama_3_3_70b_versatile,GA_ADAPTIVE,bmi_category,overweight,12,True,True,"[2948.364379452545, 10.624273838098345]",0.0,overweight,70,5680,0.0256289170356467
llama_3_3_70b_versatile,GA_ADAPTIVE,bmi_category,overweight,13,True,True,"[2952.296646493818, 10.865980897969763]",0.0,overweight,63,5120,0.0229793339967727
llama_3_3_70b_versatile,GA_ADAPTIVE,bmi_category,overweight,14,True,True,"[2977.3290034793245, 10.597739244399772]",0.0,overweight,10,880,0.0036994999973103
llama_3_3_70b_versatile,GA_ADAPTIVE,bmi_category,overweight,15,True,True,"[2918.609604558886, 10.521365304921641]",0.0,overweight,19,1600,0.0069723339984193
llama_3_3_70b_versatile,GA_ADAPTIVE,bmi_category,overweight,16,True,True,"[2971.1309085927132, 10.589569877210998]",0.0,overweight,38,3120,0.0138002920430153
llama_3_3_70b_versatile,GA_ADAPTIVE,bmi_category,overweight,17,True,True,"[2755.9356951609266, 10.340685262119067]",0.0,overweight,6,560,0.0022512919967994
llama_3_3_70b_versatile,GA_ADAPTIVE,bmi_category,overweight,18,True,True,"[2999.5, 10.771960429552035]",0.0,overweight,54,4400,0.0199190409621223
llama_3_3_70b_versatile,GA_ADAPTIVE,bmi_category,overweight,19,True,True,"[2927.873645879434, 10.492714060760244]",0.0,overweight,11,960,0.0040494999848306
llama_3_3_70b_versatile,GA_ADAPTIVE,bmi_category,overweight,20,True,True,"[2996.612054645914, 10.383162717089387]",0.0,overweight,24,2000,0.0087987079750746
llama_3_3_70b_versatile,GA_ADAPTIVE,bmi_category,overweight,21,True,True,"[2018.0178589435832, 8.342709555017315]",0.0,overweight,3,320,0.0011505830334499
llama_3_3_70b_versatile,GA_ADAPTIVE,bmi_category,overweight,22,True,True,"[2886.726837593241, 10.394859679470162]",0.0,overweight,49,4000,0.0186240839539095
llama_3_3_70b_versatile,GA_ADAPTIVE,bmi_category,overweight,23,False,False,"[2964.5136131793515, 12.65865172439325]",0.0002904292552194,,96,8080,0.0370351250749081
llama_3_3_70b_versatile,GA_ADAPTIVE,bmi_category,overweight,24,True,True,"[2091.177262495309, 8.649952035476748]",0.0,overweight,10,880,0.0038394589209929
llama_3_3_70b_versatile,GA_ADAPTIVE,bmi_category,overweight,25,True,True,"[2630.38828591286, 10.231799168381075]",0.0,overweight,8,720,0.0192570000654086
llama_3_3_70b_versatile,GA_ADAPTIVE,bmi_category,overweight,26,False,False,"[2983.3783764130585, 12.692545727220997]",0.018715690860823,,100,8080,0.155805499991402
llama_3_3_70b_versatile,GA_ADAPTIVE,bmi_category,overweight,27,True,True,"[2336.592329620307, 9.619184467002164]",0.0,overweight,3,320,0.0011740409536287
llama_3_3_70b_versatile,GA_ADAPTIVE,bmi_category,overweight,28,True,True,"[2911.444592169581, 10.61742663162224]",0.0,overweight,6,560,0.0022979159839451
llama_3_3_70b_versatile,GA_ADAPTIVE,bmi_category,overweight,29,True,True,"[1862.3315897662565, 8.624829497919428]",0.0,overweight,10,880,0.0036885000299662
llama_3_3_70b_versatile,GA_ADAPTIVE,bmi_category,underweight,0,True,True,"[2711.5275908547837, 1955.1928543284969]",0.0,underweight,0,80,5.745794624090195e-05
llama_3_3_70b_versatile,GA_ADAPTIVE,bmi_category,underweight,1,True,True,"[170.97881828774965, 63.63268124984134]",0.0,underweight,0,80,5.579204298555851e-05
llama_3_3_70b_versatile,GA_ADAPTIVE,bmi_category,underweight,2,True,True,"[1044.1508860126069, 2525.3328114104497]",0.0,underweight,0,80,5.412509199231863e-05
llama_3_3_70b_versatile,GA_ADAPTIVE,bmi_category,underweight,3,True,True,"[239.06036528378826, 1410.7213186671447]",0.0,underweight,0,80,5.2709016017615795e-05
llama_3_3_70b_versatile,GA_ADAPTIVE,bmi_category,underweight,4,True,True,"[1238.6356969378817, 2763.8579441373818]",0.0,underweight,0,80,5.208305083215237e-05
llama_3_3_70b_versatile,GA_ADAPTIVE,bmi_category,underweight,5,True,True,"[1177.4375779098436, 2615.296474189635]",0.0,underweight,0,80,5.237502045929432e-05
llama_3_3_70b_versatile,GA_ADAPTIVE,bmi_category,underweight,6,True,True,"[1022.5949351518791, 233.5686262461021]",0.0,underweight,0,80,5.208293441683054e-05
llama_3_3_70b_versatile,GA_ADAPTIVE,bmi_category,underweight,7,True,True,"[144.10128956897537, 240.00965536555896]",0.0,underweight,0,80,5.283299833536148e-05
llama_3_3_70b_versatile,GA_ADAPTIVE,bmi_category,underweight,8,True,True,"[1246.9971833426423, 417.25931712734865]",0.0,underweight,0,80,5.220901221036911e-05
llama_3_3_70b_versatile,GA_ADAPTIVE,bmi_category,underweight,9,True,True,"[65.0347424453801, 1487.3940534843985]",0.0,underweight,0,80,5.1915994845330715e-05
llama_3_3_70b_versatile,GA_ADAPTIVE,bmi_category,underweight,10,True,True,"[2837.936372979179, 2035.452484387018]",0.0,underweight,0,80,5.23329945281148e-05
llama_3_3_70b_versatile,GA_ADAPTIVE,bmi_category,underweight,11,True,True,"[723.1821018371415, 2296.9075568332514]",0.0,underweight,0,80,5.22910850122571e-05
llama_3_3_70b_versatile,GA_ADAPTIVE,bmi_category,underweight,12,True,True,"[1181.4628395556408, 1703.003382642115]",0.0,underweight,0,80,5.2208080887794495e-05
llama_3_3_70b_versatile,GA_ADAPTIVE,bmi_category,underweight,13,True,True,"[132.179066206224, 76.38733541294984]",0.0,underweight,0,80,5.241704639047384e-05
llama_3_3_70b_versatile,GA_ADAPTIVE,bmi_category,underweight,14,True,True,"[2833.9701294731326, 536.5950112684743]",0.0,underweight,0,80,5.15839783474803e-05
llama_3_3_70b_versatile,GA_ADAPTIVE,bmi_category,underweight,15,True,True,"[487.065260009904, 2368.9669961477234]",0.0,underweight,0,80,5.2999937906861305e-05
llama_3_3_70b_versatile,GA_ADAPTIVE,bmi_category,underweight,16,True,True,"[937.9066360904504, 982.4547344244799]",0.0,underweight,0,80,5.204195622354746e-05
llama_3_3_70b_versatile,GA_ADAPTIVE,bmi_category,underweight,17,True,True,"[501.31024689740235, 2847.1928148652655]",0.0,underweight,0,80,5.195790436118841e-05
llama_3_3_70b_versatile,GA_ADAPTIVE,bmi_category,underweight,18,True,True,"[2034.3959641494193, 2002.8261266098434]",0.0,underweight,0,80,5.16669824719429e-05
llama_3_3_70b_versatile,GA_ADAPTIVE,bmi_category,underweight,19,True,True,"[1698.0545694866928, 1546.3932267130815]",0.0,underweight,0,80,5.216698627918959e-05
llama_3_3_70b_versatile,GA_ADAPTIVE,bmi_category,underweight,20,True,True,"[625.5739838983258, 1235.3119034152953]",0.0,underweight,0,80,5.237502045929432e-05
llama_3_3_70b_versatile,GA_ADAPTIVE,bmi_category,underweight,21,True,True,"[1102.9901022082352, 2667.8918556310537]",0.0,underweight,0,80,5.220796447247267e-05
llama_3_3_70b_versatile,GA_ADAPTIVE,bmi_category,underweight,22,True,True,"[1123.3455851297194, 12.037264220698841]",0.0,underweight,0,80,5.1541952416300774e-05
llama_3_3_70b_versatile,GA_ADAPTIVE,bmi_category,underweight,23,True,True,"[1746.4272421963003, 739.869541958302]",0.0,underweight,0,80,5.245802458375693e-05
llama_3_3_70b_versatile,GA_ADAPTIVE,bmi_category,underweight,24,True,True,"[2172.7701109799286, 1896.7038450320874]",0.0,underweight,0,80,5.250005051493645e-05
llama_3_3_70b_versatile,GA_ADAPTIVE,bmi_category,underweight,25,True,True,"[1995.0120539049678, 2753.3569200001825]",0.0,underweight,0,80,5.279097240418196e-05
llama_3_3_70b_versatile,GA_ADAPTIVE,bmi_category,underweight,26,True,True,"[1380.391246540593, 2805.836547946149]",0.0,underweight,0,80,5.266594234853983e-05
llama_3_3_70b_versatile,GA_ADAPTIVE,bmi_category,underweight,27,True,True,"[1420.7174909906444, 2149.804305525694]",0.0,underweight,0,80,5.23329945281148e-05
llama_3_3_70b_versatile,GA_ADAPTIVE,bmi_category,underweight,28,True,True,"[1063.513820560533, 2580.4235245168566]",0.0,underweight,0,80,5.204195622354746e-05
llama_3_3_70b_versatile,GA_ADAPTIVE,bmi_category,underweight,29,True,True,"[54.05761523257691, 1279.7038722237596]",0.0,underweight,0,80,5.216698627918959e-05
llama_3_3_70b_versatile,GA_ADAPTIVE,number_kind,even,0,True,True,[970],0.0,even,0,80,5.3999945521354675e-05
llama_3_3_70b_versatile,GA_ADAPTIVE,number_kind,even,1,True,True,[2518],0.0,even,0,80,4.6332948841154575e-05
llama_3_3_70b_versatile,GA_ADAPTIVE,number_kind,even,2,True,True,[10],0.0,even,0,80,5.066604353487491e-05
llama_3_3_70b_versatile,GA_ADAPTIVE,number_kind,even,3,True,True,[1652],0.0,even,0,80,5.037500523030758e-05
llama_3_3_70b_versatile,GA_ADAPTIVE,number_kind,even,4,True,True,[846],0.0,even,0,80,5.062494892627001e-05
llama_3_3_70b_versatile,GA_ADAPTIVE,number_kind,even,5,True,True,[1944],0.0,even,0,80,5.091691855341196e-05
llama_3_3_70b_versatile,GA_ADAPTIVE,number_kind,even,6,True,True,[866],0.0,even,0,80,5.070795305073261e-05
llama_3_3_70b_versatile,GA_ADAPTIVE,number_kind,even,7,True,True,[1044],0.0,even,0,80,5.024997517466545e-05
llama_3_3_70b_versatile,GA_ADAPTIVE,number_kind,even,8,True,True,[1482],0.0,even,0,80,5.066592711955309e-05
llama_3_3_70b_versatile,GA_ADAPTIVE,number_kind,even,9,True,True,[406],0.0,even,0,80,5.245802458375693e-05
llama_3_3_70b_versatile,GA_ADAPTIVE,number_kind,even,10,True,True,[2162],0.0,even,0,80,5.00829191878438e-05
llama_3_3_70b_versatile,GA_ADAPTIVE,number_kind,even,11,True,True,[698],0.0,even,0,80,5.179096478968859e-05
llama_3_3_70b_versatile,GA_ADAPTIVE,number_kind,even,12,True,True,[2604],0.0,even,0,80,5.1875016652047634e-05
llama_3_3_70b_versatile,GA_ADAPTIVE,number_kind,even,13,True,True,[1822],0.0,even,0,80,5.0458009354770184e-05
llama_3_3_70b_versatile,GA_ADAPTIVE,number_kind,even,14,True,True,[746],0.0,even,0,80,5.091691855341196e-05
llama_3_3_70b_versatile,GA_ADAPTIVE,number_kind,even,15,True,True,[1628],0.0,even,0,80,5.083298310637474e-05
llama_3_3_70b_versatile,GA_ADAPTIVE,number_kind,even,16,True,True,[1328],0.0,even,0,80,4.9459049478173256e-05
llama_3_3_70b_versatile,GA_ADAPTIVE,number_kind,even,17,True,True,[1844],0.0,even,0,80,5.004194099456072e-05
llama_3_3_70b_versatile,GA_ADAPTIVE,number_kind,even,18,True,True,[2262],0.0,even,0,80,5.104206502437592e-05
llama_3_3_70b_versatile,GA_ADAPTIVE,number_kind,even,19,True,True,[2274],0.0,even,0,80,5.070795305073261e-05
llama_3_3_70b_versatile,GA_ADAPTIVE,number_kind,even,20,True,True,[1048],0.0,even,0,80,5.137501284480095e-05
llama_3_3_70b_versatile,GA_ADAPTIVE,number_kind,even,21,True,True,[2892],0.0,even,0,80,5.0332979299128056e-05
llama_3_3_70b_versatile,GA_ADAPTIVE,number_kind,even,22,True,True,[-212],0.0,even,0,80,5.075009539723396e-05
llama_3_3_70b_versatile,GA_ADAPTIVE,number_kind,even,23,True,True,[1208],0.0,even,0,80,5.079200491309166e-05
llama_3_3_70b_versatile,GA_ADAPTIVE,number_kind,even,24,True,True,[1010],0.0,even,0,80,4.941702354699373e-05
llama_3_3_70b_versatile,GA_ADAPTIVE,number_kind,even,25,True,True,[-458],0.0,even,0,80,5.070795305073261e-05
llama_3_3_70b_versatile,GA_ADAPTIVE,number_kind,even,26,True,True,[1988],0.0,even,0,80,5.037500523030758e-05
llama_3_3_70b_versatile,GA_ADAPTIVE,number_kind,even,27,True,True,[2378],0.0,even,0,80,4.991702735424042e-05
llama_3_3_70b_versatile,GA_ADAPTIVE,number_kind,even,28,True,True,[214],0.0,even,0,80,5.112495273351669e-05
llama_3_3_70b_versatile,GA_ADAPTIVE,number_kind,even,29,True,True,[1184],0.0,even,0,80,5.0083035603165627e-05
llama_3_3_70b_versatile,GA_ADAPTIVE,number_kind,odd,0,True,True,[-243],0.0,odd,0,80,5.1458016969263554e-05
llama_3_3_70b_versatile,GA_ADAPTIVE,number_kind,odd,1,True,True,[79],0.0,odd,0,80,5.041598342359066e-05
llama_3_3_70b_versatile,GA_ADAPTIVE,number_kind,odd,2,True,True,[603],0.0,odd,0,80,5.0292001105844975e-05
llama_3_3_70b_versatile,GA_ADAPTIVE,number_kind,odd,3,True,True,[1465],0.0,odd,0,80,5.0042057409882545e-05
llama_3_3_70b_versatile,GA_ADAPTIVE,number_kind,odd,4,True,True,[1837],0.0,odd,0,80,5.458400119096041e-05
llama_3_3_70b_versatile,GA_ADAPTIVE,number_kind,odd,5,True,True,[-223],0.0,odd,0,80,5.095894448459149e-05
llama_3_3_70b_versatile,GA_ADAPTIVE,number_kind,odd,6,True,True,[-389],0.0,odd,0,80,5.00829191878438e-05
llama_3_3_70b_versatile,GA_ADAPTIVE,number_kind,odd,7,True,True,[2181],0.0,odd,0,80,5.062494892627001e-05
llama_3_3_70b_versatile,GA_ADAPTIVE,number_kind,odd,8,True,True,[351],0.0,odd,0,80,5.1083043217659e-05
llama_3_3_70b_versatile,GA_ADAPTIVE,number_kind,odd,9,True,True,[1705],0.0,odd,0,80,5.0749978981912136e-05
llama_3_3_70b_versatile,GA_ADAPTIVE,number_kind,odd,10,True,True,[963],0.0,odd,0,80,5.070795305073261e-05
llama_3_3_70b_versatile,GA_ADAPTIVE,number_kind,odd,11,True,True,[695],0.0,odd,0,80,5.0166971050202847e-05
llama_3_3_70b_versatile,GA_ADAPTIVE,number_kind,odd,12,True,True,[2373],0.0,odd,0,80,5.349994171410799e-05
llama_3_3_70b_versatile,GA_ADAPTIVE,number_kind,odd,13,True,True,[83],0.0,odd,0,80,5.0625065341591835e-05
llama_3_3_70b_versatile,GA_ADAPTIVE,number_kind,odd,14,True,True,[1589],0.0,odd,0,80,5.566701292991638e-05
llama_3_3_70b_versatile,GA_ADAPTIVE,number_kind,odd,15,True,True,[1439],0.0,odd,0,80,5.1625072956085205e-05
llama_3_3_70b_versatile,GA_ADAPTIVE,number_kind,odd,16,True,True,[1373],0.0,odd,0,80,5.0875009037554264e-05
llama_3_3_70b_versatile,GA_ADAPTIVE,number_kind,odd,17,True,True,[2053],0.0,odd,0,80,5.04170311614871e-05
llama_3_3_70b_versatile,GA_ADAPTIVE,number_kind,odd,18,True,True,[1991],0.0,odd,0,80,5.012506153434515e-05
llama_3_3_70b_versatile,GA_ADAPTIVE,number_kind,odd,19,True,True,[1557],0.0,odd,0,80,5.079107359051704e-05
llama_3_3_70b_versatile,GA_ADAPTIVE,number_kind,odd,20,True,True,[491],0.0,odd,0,80,5.200004670768976e-05
llama_3_3_70b_versatile,GA_ADAPTIVE,number_kind,odd,21,True,True,[-469],0.0,odd,0,80,5.087489262223244e-05
llama_3_3_70b_versatile,GA_ADAPTIVE,number_kind,odd,22,True,True,[339],0.0,odd,0,80,5.358399357646704e-05
llama_3_3_70b_versatile,GA_ADAPTIVE,number_kind,odd,23,True,True,[601],0.0,odd,0,80,4.9999915063381195e-05
llama_3_3_70b_versatile,GA_ADAPTIVE,number_kind,odd,24,True,True,[1217],0.0,odd,0,80,5.0875009037554264e-05
llama_3_3_70b_versatile,GA_ADAPTIVE,number_kind,odd,25,True,True,[513],0.0,odd,0,80,5.095801316201687e-05
llama_3_3_70b_versatile,GA_ADAPTIVE,number_kind,odd,26,True,True,[2341],0.0,odd,0,80,5.308294203132391e-05
llama_3_3_70b_versatile,GA_ADAPTIVE,number_kind,odd,27,True,True,[1817],0.0,odd,0,80,5.054101347923279e-05
llama_3_3_70b_versatile,GA_ADAPTIVE,number_kind,odd,28,True,True,[2755],0.0,odd,0,80,5.058397073298693e-05
llama_3_3_70b_versatile,GA_ADAPTIVE,number_kind,odd,29,True,True,[383],0.0,odd,0,80,5.037500523030758e-05
llama_3_3_70b_versatile,GA_ADAPTIVE,number_kind,zero,0,True,True,[0],0.0,zero,5,480,0.0015942499740049
llama_3_3_70b_versatile,GA_ADAPTIVE,number_kind,zero,1,True,True,[0],0.0,zero,5,480,0.0015825419686734
llama_3_3_70b_versatile,GA_ADAPTIVE,number_kind,zero,2,True,True,[0],0.0,zero,14,1200,0.0043225830886512
llama_3_3_70b_versatile,GA_ADAPTIVE,number_kind,zero,3,True,True,[0],0.0,zero,8,720,0.0025020410539582
llama_3_3_70b_versatile,GA_ADAPTIVE,number_kind,zero,4,True,True,[0],0.0,zero,1,160,0.0003652910236269
llama_3_3_70b_versatile,GA_ADAPTIVE,number_kind,zero,5,True,True,[0],0.0,zero,6,560,0.0018716249614953
llama_3_3_70b_versatile,GA_ADAPTIVE,number_kind,zero,6,True,True,[0],0.0,zero,4,400,0.0012695420300588
llama_3_3_70b_versatile,GA_ADAPTIVE,number_kind,zero,7,True,True,[0],0.0,zero,5,480,0.001578125054948
llama_3_3_70b_versatile,GA_ADAPTIVE,number_kind,zero,8,True,True,[0],0.0,zero,8,720,0.0025278340326622
llama_3_3_70b_versatile,GA_ADAPTIVE,number_kind,zero,9,True,True,[0],0.0,zero,16,1360,0.0049455830594524
llama_3_3_70b_versatile,GA_ADAPTIVE,number_kind,zero,10,True,True,[0],0.0,zero,6,560,0.0018876249669119
llama_3_3_70b_versatile,GA_ADAPTIVE,number_kind,zero,11,True,True,[0],0.0,zero,8,720,0.0024830000475049
llama_3_3_70b_versatile,GA_ADAPTIVE,number_kind,zero,12,True,True,[0],0.0,zero,4,400,0.0012734999181702
llama_3_3_70b_versatile,GA_ADAPTIVE,number_kind,zero,13,True,True,[0],0.0,zero,8,720,0.0024782090913504
llama_3_3_70b_versatile,GA_ADAPTIVE,number_kind,zero,14,True,True,[0],0.0,zero,9,800,0.0027914160164073
llama_3_3_70b_versatile,GA_ADAPTIVE,number_kind,zero,15,True,True,[0],0.0,zero,10,880,0.0031097499886527
llama_3_3_70b_versatile,GA_ADAPTIVE,number_kind,zero,16,True,True,[0],0.0,zero,11,960,0.0033894160296767
llama_3_3_70b_versatile,GA_ADAPTIVE,number_kind,zero,17,True,True,[0],0.0,zero,12,1040,0.0037197499768808
llama_3_3_70b_versatile,GA_ADAPTIVE,number_kind,zero,18,True,True,[0],0.0,zero,8,720,0.0024739580694586
llama_3_3_70b_versatile,GA_ADAPTIVE,number_kind,zero,19,True,True,[0],0.0,zero,7,640,0.0021975829731673
llama_3_3_70b_versatile,GA_ADAPTIVE,number_kind,zero,20,True,True,[0],0.0,zero,6,560,0.001905916025862
llama_3_3_70b_versatile,GA_ADAPTIVE,number_kind,zero,21,True,True,[0],0.0,zero,13,1120,0.0040005829650908
llama_3_3_70b_versatile,GA_ADAPTIVE,number_kind,zero,22,True,True,[0],0.0,zero,13,1120,0.0040353329386562
llama_3_3_70b_versatile,GA_ADAPTIVE,number_kind,zero,23,True,True,[0],0.0,zero,6,560,0.0018867499893531
llama_3_3_70b_versatile,GA_ADAPTIVE,number_kind,zero,24,True,True,[0],0.0,zero,3,320,0.0009729590965434
llama_3_3_70b_versatile,GA_ADAPTIVE,number_kind,zero,25,True,True,[0],0.0,zero,7,640,0.0021945829503238
llama_3_3_70b_versatile,GA_ADAPTIVE,number_kind,zero,26,True,True,[0],0.0,zero,9,800,0.0027855419320985
llama_3_3_70b_versatile,GA_ADAPTIVE,number_kind,zero,27,True,True,[0],0.0,zero,11,960,0.0033567498903721
llama_3_3_70b_versatile,GA_ADAPTIVE,number_kind,zero,28,True,True,[0],0.0,zero,9,800,0.0027634999714791
llama_3_3_70b_versatile,GA_ADAPTIVE,number_kind,zero,29,True,True,[0],0.0,zero,14,1200,0.0042854578932747
llama_3_3_70b_versatile,GA_ADAPTIVE,password_strength,medium,0,True,True,['pSxkEYj'],0.0,medium,0,80,0.0001827920787036
llama_3_3_70b_versatile,GA_ADAPTIVE,password_strength,medium,1,True,True,['er0D39hP0'],0.0,medium,0,80,0.000192750012502
llama_3_3_70b_versatile,GA_ADAPTIVE,password_strength,medium,2,True,True,['1XIS7p'],0.0,medium,0,80,0.0001927079865708
llama_3_3_70b_versatile,GA_ADAPTIVE,password_strength,medium,3,True,True,['EL2rCj'],0.0,medium,0,80,0.0001906249672174
llama_3_3_70b_versatile,GA_ADAPTIVE,password_strength,medium,4,True,True,['IWWIu8z'],0.0,medium,0,80,0.0001813750714063
llama_3_3_70b_versatile,GA_ADAPTIVE,password_strength,medium,5,True,True,['FHbfLOPQEaOeR'],0.0,medium,0,80,0.0001796249998733
llama_3_3_70b_versatile,GA_ADAPTIVE,password_strength,medium,6,True,True,['WruMR2c9'],0.0,medium,0,80,0.0001932919258251
llama_3_3_70b_versatile,GA_ADAPTIVE,password_strength,medium,7,True,True,['ZOb1rW'],0.0,medium,0,80,0.0001837499439716
llama_3_3_70b_versatile,GA_ADAPTIVE,password_strength,medium,8,True,True,['34ngCHC'],0.0,medium,0,80,0.0001912079751491
llama_3_3_70b_versatile,GA_ADAPTIVE,password_strength,medium,9,True,True,['Uc9G6s'],0.0,medium,0,80,0.0001801659818738
llama_3_3_70b_versatile,GA_ADAPTIVE,password_strength,medium,10,True,True,['12U4To'],0.0,medium,0,80,0.0001886669779196
llama_3_3_70b_versatile,GA_ADAPTIVE,password_strength,medium,11,True,True,['JhAKwkZ'],0.0,medium,0,80,0.0001845000078901
llama_3_3_70b_versatile,GA_ADAPTIVE,password_strength,medium,12,True,True,['IKhvbJwC'],0.0,medium,0,80,0.0001808750675991
llama_3_3_70b_versatile,GA_ADAPTIVE,password_strength,medium,13,True,True,['bCxHhAA'],0.0,medium,0,80,0.0001814579591155
llama_3_3_70b_versatile,GA_ADAPTIVE,password_strength,medium,14,True,True,['WW79A5sWh'],0.0,medium,0,80,0.0001868330873548
llama_3_3_70b_versatile,GA_ADAPTIVE,password_strength,medium,15,True,True,['IvsCACIYMwn'],0.0,medium,0,80,0.0001763750333338
llama_3_3_70b_versatile,GA_ADAPTIVE,password_strength,medium,16,True,True,['OZhTsN'],0.0,medium,0,80,0.0001803339691832
llama_3_3_70b_versatile,GA_ADAPTIVE,password_strength,medium,17,True,True,['Pq0toCi'],0.0,medium,0,80,0.0001927079865708
llama_3_3_70b_versatile,GA_ADAPTIVE,password_strength,medium,18,True,True,['NplRqHPP'],0.0,medium,0,80,0.0001855419250205
llama_3_3_70b_versatile,GA_ADAPTIVE,password_strength,medium,19,True,True,['IgKYp0Ok'],0.0,medium,0,80,0.0001844170037657
llama_3_3_70b_versatile,GA_ADAPTIVE,password_strength,medium,20,True,True,['cHYMCYr'],0.0,medium,0,80,0.0001953749451786
llama_3_3_70b_versatile,GA_ADAPTIVE,password_strength,medium,21,True,True,['Sh2Xhg'],0.0,medium,0,80,0.000196999986656
llama_3_3_70b_versatile,GA_ADAPTIVE,password_strength,medium,22,True,True,['rdbHutm8V'],0.0,medium,0,80,0.0001862499630078
llama_3_3_70b_versatile,GA_ADAPTIVE,password_strength,medium,23,True,True,['KwM6yb'],0.0,medium,0,80,0.0001886670943349
llama_3_3_70b_versatile,GA_ADAPTIVE,password_strength,medium,24,True,True,['Cio67u'],0.0,medium,0,80,0.0001814580755308
llama_3_3_70b_versatile,GA_ADAPTIVE,password_strength,medium,25,True,True,['G3lJ7IF'],0.0,medium,0,80,0.0001863749930635
llama_3_3_70b_versatile,GA_ADAPTIVE,password_strength,medium,26,True,True,['3QswIAw'],0.0,medium,0,80,0.0001937920460477
llama_3_3_70b_versatile,GA_ADAPTIVE,password_strength,medium,27,True,True,['2Q4tQAcx7'],0.0,medium,0,80,0.0001809999812394
llama_3_3_70b_versatile,GA_ADAPTIVE,password_strength,medium,28,True,True,['vpsEcFDKC'],0.0,medium,0,80,0.0001895420718938
llama_3_3_70b_versatile,GA_ADAPTIVE,password_strength,medium,29,True,True,['qfLamGE'],0.0,medium,0,80,0.0001900830538943
llama_3_3_70b_versatile,GA_ADAPTIVE,password_strength,strong,0,True,True,['WtMZK6y4VEHN'],0.0,strong,0,80,0.0001967089483514
llama_3_3_70b_versatile,GA_ADAPTIVE,password_strength,strong,1,True,True,['4wWkWl2m9dd'],0.0,strong,0,80,0.0001807500375434
llama_3_3_70b_versatile,GA_ADAPTIVE,password_strength,strong,2,True,True,['rvpj7x7BnPxw'],0.0,strong,0,80,0.0001854579895734
llama_3_3_70b_versatile,GA_ADAPTIVE,password_strength,strong,3,True,True,['kWEOI8obz1QdWK'],0.0,strong,0,80,0.0001829160610213
llama_3_3_70b_versatile,GA_ADAPTIVE,password_strength,strong,4,True,True,['eCOMn1eJ44YoOd'],0.0,strong,0,80,0.00019295909442
llama_3_3_70b_versatile,GA_ADAPTIVE,password_strength,strong,5,True,True,['ViiYoWPoQW8jI'],0.0,strong,0,80,0.0002000000094994
llama_3_3_70b_versatile,GA_ADAPTIVE,password_strength,strong,6,True,True,['LhpRBMggQ8y'],0.0,strong,0,80,0.0001857919851318
llama_3_3_70b_versatile,GA_ADAPTIVE,password_strength,strong,7,True,True,['2yy3FDUPfpDt6O'],0.0,strong,0,80,0.0001913330052047
llama_3_3_70b_versatile,GA_ADAPTIVE,password_strength,strong,8,True,True,['tbdxjr7K7WU8ui4'],0.0,strong,0,80,0.0001855839509516
llama_3_3_70b_versatile,GA_ADAPTIVE,password_strength,strong,9,True,True,['6fLUmdlUgS'],0.0,strong,0,80,0.0001866669626906
llama_3_3_70b_versatile,GA_ADAPTIVE,password_strength,strong,10,True,True,['f0UkoPUBWrlS'],0.0,strong,0,80,0.0001709579955786
llama_3_3_70b_versatile,GA_ADAPTIVE,password_strength,strong,11,True,True,['A3QILbBkPRZPc5'],0.0,strong,0,80,0.0001896660542115
llama_3_3_70b_versatile,GA_ADAPTIVE,password_strength,strong,12,True,True,['DBRI4jGcNW7KK'],0.0,strong,0,80,0.0001735410187393
llama_3_3_70b_versatile,GA_ADAPTIVE,password_strength,strong,13,True,True,['j5IEt02CpP'],0.0,strong,0,80,0.0001838339958339
llama_3_3_70b_versatile,GA_ADAPTIVE,password_strength,strong,14,True,True,['hGxgi1VZiIdcag'],0.0,strong,0,80,0.0001942500239238
llama_3_3_70b_versatile,GA_ADAPTIVE,password_strength,strong,15,True,True,['u9MdFUKkzyX'],0.0,strong,0,80,0.0001899170456454
llama_3_3_70b_versatile,GA_ADAPTIVE,password_strength,strong,16,True,True,['lk1QNSJAgH'],0.0,strong,0,80,0.0001893340377137
llama_3_3_70b_versatile,GA_ADAPTIVE,password_strength,strong,17,True,True,['W604y47smCGZ'],0.0,strong,0,80,0.0001756249694153
llama_3_3_70b_versatile,GA_ADAPTIVE,password_strength,strong,18,True,True,['2NDEpe0RHr'],0.0,strong,0,80,0.0001816659932956
llama_3_3_70b_versatile,GA_ADAPTIVE,password_strength,strong,19,True,True,['mkQ32ruKsHLm'],0.0,strong,0,80,0.0001907090190798
llama_3_3_70b_versatile,GA_ADAPTIVE,password_strength,strong,20,True,True,['mZ5QOgeHvy'],0.0,strong,0,80,0.0001833329442888
llama_3_3_70b_versatile,GA_ADAPTIVE,password_strength,strong,21,True,True,['SYTFt95KNaI9o'],0.0,strong,0,80,0.0001805420033633
llama_3_3_70b_versatile,GA_ADAPTIVE,password_strength,strong,22,True,True,['DClu5gvvvHnlf'],0.0,strong,0,80,0.0001777500146999
llama_3_3_70b_versatile,GA_ADAPTIVE,password_strength,strong,23,True,True,['GrjoHEk0tKh7XT'],0.0,strong,0,80,0.0001696670660749
llama_3_3_70b_versatile,GA_ADAPTIVE,password_strength,strong,24,True,True,['3gFv8B4yThVm'],0.0,strong,0,80,0.0001786249922588
llama_3_3_70b_versatile,GA_ADAPTIVE,password_strength,strong,25,True,True,['T9lr9UfB37j'],0.0,strong,0,80,0.0001845409860834
llama_3_3_70b_versatile,GA_ADAPTIVE,password_strength,strong,26,True,True,['x8VY7W1NKLbc'],0.0,strong,0,80,0.0001865839585661
llama_3_3_70b_versatile,GA_ADAPTIVE,password_strength,strong,27,True,True,['HlBWYb4UnA2U'],0.0,strong,0,80,0.0001821249024942
llama_3_3_70b_versatile,GA_ADAPTIVE,password_strength,strong,28,True,True,['pgbiNfyHlN2GHcI'],0.0,strong,0,80,0.000181374954991
llama_3_3_70b_versatile,GA_ADAPTIVE,password_strength,strong,29,True,True,['WbeHaYuE9usHDO'],0.0,strong,0,80,0.0001910839928314
llama_3_3_70b_versatile,GA_ADAPTIVE,password_strength,weak_no_digit_upper,0,True,True,['ngkgfzqqdq'],0.0,weak_no_digit_upper,61,4960,0.0232657080050557
llama_3_3_70b_versatile,GA_ADAPTIVE,password_strength,weak_no_digit_upper,1,True,True,['xndjpn'],0.0,weak_no_digit_upper,61,4960,0.0231285420013591
llama_3_3_70b_versatile,GA_ADAPTIVE,password_strength,weak_no_digit_upper,2,True,True,['ndepyve'],0.0,weak_no_digit_upper,67,5440,0.0255667919991537
llama_3_3_70b_versatile,GA_ADAPTIVE,password_strength,weak_no_digit_upper,3,True,True,['asykqg'],0.0,weak_no_digit_upper,13,1120,0.0048150409711524
llama_3_3_70b_versatile,GA_ADAPTIVE,password_strength,weak_no_digit_upper,4,True,True,['gelpxx'],0.0,weak_no_digit_upper,0,80,0.0001955840270966
llama_3_3_70b_versatile,GA_ADAPTIVE,password_strength,weak_no_digit_upper,5,True,True,['sbmxex'],0.0,weak_no_digit_upper,13,1120,0.0048132090596482
llama_3_3_70b_versatile,GA_ADAPTIVE,password_strength,weak_no_digit_upper,6,False,False,['48w1jLD85umaH7O'],1.0,,0,8080,0.0377013749675825
llama_3_3_70b_versatile,GA_ADAPTIVE,password_strength,weak_no_digit_upper,7,True,True,['lapydx'],0.0,weak_no_digit_upper,88,7120,0.0331847079796716
llama_3_3_70b_versatile,GA_ADAPTIVE,password_strength,weak_no_digit_upper,8,True,True,['zuuaksj'],0.0,weak_no_digit_upper,2,240,0.0009065839694812
llama_3_3_70b_versatile,GA_ADAPTIVE,password_strength,weak_no_digit_upper,9,True,True,['aaveslo'],0.0,weak_no_digit_upper,63,5120,0.0236773750511929
llama_3_3_70b_versatile,GA_ADAPTIVE,password_strength,weak_no_digit_upper,10,False,False,['ANMava'],1.0,,0,8080,0.0379200410097837
llama_3_3_70b_versatile,GA_ADAPTIVE,password_strength,weak_no_digit_upper,11,True,True,['bkflml'],0.0,weak_no_digit_upper,30,2480,0.0110582499764859
llama_3_3_70b_versatile,GA_ADAPTIVE,password_strength,weak_no_digit_upper,12,True,True,['nqoqou'],0.0,weak_no_digit_upper,59,4800,0.0219469589646905
llama_3_3_70b_versatile,GA_ADAPTIVE,password_strength,weak_no_digit_upper,13,True,True,['wfdvlpj'],0.0,weak_no_digit_upper,3,320,0.00123741698917
llama_3_3_70b_versatile,GA_ADAPTIVE,password_strength,weak_no_digit_upper,14,True,True,['rryxut'],0.0,weak_no_digit_upper,53,4320,0.0199924999615177
llama_3_3_70b_versatile,GA_ADAPTIVE,password_strength,weak_no_digit_upper,15,False,False,['z5psPXV128fIQ'],1.0,,0,8080,0.0378050419967621
llama_3_3_70b_versatile,GA_ADAPTIVE,password_strength,weak_no_digit_upper,16,True,True,['qcvzuwsu'],0.0,weak_no_digit_upper,80,6480,0.0303772499319165
llama_3_3_70b_versatile,GA_ADAPTIVE,password_strength,weak_no_digit_upper,17,True,True,['olqwco'],0.0,weak_no_digit_upper,10,880,0.0036725000245496
llama_3_3_70b_versatile,GA_ADAPTIVE,password_strength,weak_no_digit_upper,18,True,True,['uhvqymx'],0.0,weak_no_digit_upper,78,6320,0.0297329589957371
llama_3_3_70b_versatile,GA_ADAPTIVE,password_strength,weak_no_digit_upper,19,True,True,['bbvnpdp'],0.0,weak_no_digit_upper,93,7520,0.0351222499739378
llama_3_3_70b_versatile,GA_ADAPTIVE,password_strength,weak_no_digit_upper,20,True,True,['tvcvrf'],0.0,weak_no_digit_upper,59,4800,0.0221182079985737
llama_3_3_70b_versatile,GA_ADAPTIVE,password_strength,weak_no_digit_upper,21,True,True,['uyyztm'],0.0,weak_no_digit_upper,24,2000,0.0089341669809073
llama_3_3_70b_versatile,GA_ADAPTIVE,password_strength,weak_no_digit_upper,22,True,True,['ftfmvpvhw'],0.0,weak_no_digit_upper,41,3360,0.0152452500769868
llama_3_3_70b_versatile,GA_ADAPTIVE,password_strength,weak_no_digit_upper,23,True,True,['htldot'],0.0,weak_no_digit_upper,15,1280,0.0056020839838311
llama_3_3_70b_versatile,GA_ADAPTIVE,password_strength,weak_no_digit_upper,24,True,True,['eshysdt'],0.0,weak_no_digit_upper,62,5040,0.0235736250178888
llama_3_3_70b_versatile,GA_ADAPTIVE,password_strength,weak_no_digit_upper,25,True,True,['hsbfbe'],0.0,weak_no_digit_upper,15,1280,0.0055739169474691
llama_3_3_70b_versatile,GA_ADAPTIVE,password_strength,weak_no_digit_upper,26,False,False,['T9dow3lMhG2lwNp'],1.0,,0,8080,0.0380489591043442
llama_3_3_70b_versatile,GA_ADAPTIVE,password_strength,weak_no_digit_upper,27,True,True,['gssezm'],0.0,weak_no_digit_upper,1,160,0.0005626669153571
llama_3_3_70b_versatile,GA_ADAPTIVE,password_strength,weak_no_digit_upper,28,False,False,['wbJUFq1H4Qp'],1.0,,0,8080,0.0381767500657588
llama_3_3_70b_versatile,GA_ADAPTIVE,password_strength,weak_no_digit_upper,29,True,True,['tqihoe'],0.0,weak_no_digit_upper,12,1040,0.0045181669993326
llama_3_3_70b_versatile,GA_ADAPTIVE,password_strength,weak_short,0,True,True,['anrV'],0.0,weak_short,0,80,0.0001807500375434
llama_3_3_70b_versatile,GA_ADAPTIVE,password_strength,weak_short,1,True,True,[''],0.0,weak_short,0,80,0.0001435000449419
llama_3_3_70b_versatile,GA_ADAPTIVE,password_strength,weak_short,2,True,True,['cXneC'],0.0,weak_short,0,80,0.0001440000487491
llama_3_3_70b_versatile,GA_ADAPTIVE,password_strength,weak_short,3,True,True,['VGC'],0.0,weak_short,0,80,0.0001435000449419
llama_3_3_70b_versatile,GA_ADAPTIVE,password_strength,weak_short,4,True,True,['Ewv2'],0.0,weak_short,0,80,0.0001415000297129
llama_3_3_70b_versatile,GA_ADAPTIVE,password_strength,weak_short,5,True,True,[''],0.0,weak_short,0,80,0.0001363330520689
llama_3_3_70b_versatile,GA_ADAPTIVE,password_strength,weak_short,6,True,True,['Ww9'],0.0,weak_short,0,80,0.0001546249259263
llama_3_3_70b_versatile,GA_ADAPTIVE,password_strength,weak_short,7,True,True,['6E'],0.0,weak_short,0,80,0.0001459160121157
llama_3_3_70b_versatile,GA_ADAPTIVE,password_strength,weak_short,8,True,True,['4E'],0.0,weak_short,0,80,0.0001357089495286
llama_3_3_70b_versatile,GA_ADAPTIVE,password_strength,weak_short,9,True,True,['v'],0.0,weak_short,0,80,0.0001530840527266
llama_3_3_70b_versatile,GA_ADAPTIVE,password_strength,weak_short,10,True,True,['i6G'],0.0,weak_short,0,80,0.0001480000792071
llama_3_3_70b_versatile,GA_ADAPTIVE,password_strength,weak_short,11,True,True,['CBlL9'],0.0,weak_short,0,80,0.0001396250445395
llama_3_3_70b_versatile,GA_ADAPTIVE,password_strength,weak_short,12,True,True,['wV'],0.0,weak_short,0,80,0.0001437499886378
llama_3_3_70b_versatile,GA_ADAPTIVE,password_strength,weak_short,13,True,True,['ZYW'],0.0,weak_short,0,80,0.0001839590258896
llama_3_3_70b_versatile,GA_ADAPTIVE,password_strength,weak_short,14,True,True,['Nacc'],0.0,weak_short,0,80,0.0001488750567659
llama_3_3_70b_versatile,GA_ADAPTIVE,password_strength,weak_short,15,True,True,['cr3pN'],0.0,weak_short,0,80,0.0001479999627918
llama_3_3_70b_versatile,GA_ADAPTIVE,password_strength,weak_short,16,True,True,['Ii'],0.0,weak_short,0,80,0.0001455419696867
llama_3_3_70b_versatile,GA_ADAPTIVE,password_strength,weak_short,17,True,True,['q1'],0.0,weak_short,0,80,0.0001489999704062
llama_3_3_70b_versatile,GA_ADAPTIVE,password_strength,weak_short,18,True,True,[''],0.0,weak_short,0,80,0.0001413749996572
llama_3_3_70b_versatile,GA_ADAPTIVE,password_strength,weak_short,19,True,True,['YOa'],0.0,weak_short,0,80,0.0001458749175071
llama_3_3_70b_versatile,GA_ADAPTIVE,password_strength,weak_short,20,True,True,['cMni'],0.0,weak_short,0,80,0.0001503749517723
llama_3_3_70b_versatile,GA_ADAPTIVE,password_strength,weak_short,21,True,True,['yXO'],0.0,weak_short,0,80,0.0001431250711902
llama_3_3_70b_versatile,GA_ADAPTIVE,password_strength,weak_short,22,True,True,['29Yf'],0.0,weak_short,0,80,0.0001505829859524
llama_3_3_70b_versatile,GA_ADAPTIVE,password_strength,weak_short,23,True,True,['p9T'],0.0,weak_short,0,80,0.0001515420153737
llama_3_3_70b_versatile,GA_ADAPTIVE,password_strength,weak_short,24,True,True,['giL'],0.0,weak_short,0,80,0.0001497499179095
llama_3_3_70b_versatile,GA_ADAPTIVE,password_strength,weak_short,25,True,True,['T'],0.0,weak_short,0,80,0.0001447499962523
llama_3_3_70b_versatile,GA_ADAPTIVE,password_strength,weak_short,26,True,True,['vB'],0.0,weak_short,0,80,0.0001516670454293
llama_3_3_70b_versatile,GA_ADAPTIVE,password_strength,weak_short,27,True,True,['CAv'],0.0,weak_short,0,80,0.0001563749974593
llama_3_3_70b_versatile,GA_ADAPTIVE,password_strength,weak_short,28,True,True,['AsB1'],0.0,weak_short,0,80,0.000148250022903
llama_3_3_70b_versatile,GA_ADAPTIVE,password_strength,weak_short,29,True,True,['X'],0.0,weak_short,0,80,0.0001557499635964
llama_3_3_70b_versatile,GA_ADAPTIVE,shipping_discount,free_express_shipping,0,True,True,"[989.0004818852523, 13.995673432385058, True]",0.0,free_express_shipping,0,80,8.654198609292507e-05
llama_3_3_70b_versatile,GA_ADAPTIVE,shipping_discount,free_express_shipping,1,True,True,"[436.145989791503, 43.31292393079844, True]",0.0,free_express_shipping,0,80,8.208304643630981e-05
llama_3_3_70b_versatile,GA_ADAPTIVE,shipping_discount,free_express_shipping,2,True,True,"[678.3006815126806, 49.25569803204499, True]",0.0,free_express_shipping,0,80,8.158304262906313e-05
llama_3_3_70b_versatile,GA_ADAPTIVE,shipping_discount,free_express_shipping,3,True,True,"[501.28983620634983, 21.18316867381975, True]",0.0,free_express_shipping,0,80,8.124997839331627e-05
llama_3_3_70b_versatile,GA_ADAPTIVE,shipping_discount,free_express_shipping,4,True,True,"[376.0159298529514, 17.584534981193613, True]",0.0,free_express_shipping,2,240,0.0008760410128161
llama_3_3_70b_versatile,GA_ADAPTIVE,shipping_discount,free_express_shipping,5,True,True,"[476.83321977686643, 44.349959932883266, True]",0.0,free_express_shipping,0,80,8.43339366838336e-05
llama_3_3_70b_versatile,GA_ADAPTIVE,shipping_discount,free_express_shipping,6,True,True,"[328.4566374657345, 33.52418579987548, True]",0.0,free_express_shipping,1,160,0.0004785840865224
llama_3_3_70b_versatile,GA_ADAPTIVE,shipping_discount,free_express_shipping,7,True,True,"[266.9225611031259, 33.114279793920346, True]",0.0,free_express_shipping,0,80,8.216698188334703e-05
llama_3_3_70b_versatile,GA_ADAPTIVE,shipping_discount,free_express_shipping,8,True,True,"[843.9670529990492, 31.505071089379165, True]",0.0,free_express_shipping,1,160,0.000479583046399
llama_3_3_70b_versatile,GA_ADAPTIVE,shipping_discount,free_express_shipping,9,True,True,"[236.49233905631417, 39.32921068514583, True]",0.0,free_express_shipping,0,80,8.19589477032423e-05
llama_3_3_70b_versatile,GA_ADAPTIVE,shipping_discount,free_express_shipping,10,True,True,"[906.102717938178, 1.219700791323164, True]",0.0,free_express_shipping,0,80,8.150003850460052e-05
llama_3_3_70b_versatile,GA_ADAPTIVE,shipping_discount,free_express_shipping,11,True,True,"[629.2852649906486, 19.03743621350973, True]",0.0,free_express_shipping,0,80,8.220807649195194e-05
llama_3_3_70b_versatile,GA_ADAPTIVE,shipping_discount,free_express_shipping,12,True,True,"[453.336084803528, 45.68436665659525, True]",0.0,free_express_shipping,0,80,8.208409417420626e-05
llama_3_3_70b_versatile,GA_ADAPTIVE,shipping_discount,free_express_shipping,13,True,True,"[486.1901832570845, 14.300536358213488, True]",0.0,free_express_shipping,1,160,0.0004772909451276
llama_3_3_70b_versatile,GA_ADAPTIVE,shipping_discount,free_express_shipping,14,True,True,"[945.8546496513173, 37.72033530689733, True]",0.0,free_express_shipping,1,160,0.0004840829642489
llama_3_3_70b_versatile,GA_ADAPTIVE,shipping_discount,free_express_shipping,15,True,True,"[663.4709758838828, 36.12988155625607, True]",0.0,free_express_shipping,0,80,8.150003850460052e-05
llama_3_3_70b_versatile,GA_ADAPTIVE,shipping_discount,free_express_shipping,16,True,True,"[527.7282099259793, 14.52191026650651, True]",0.0,free_express_shipping,0,80,8.083402644842863e-05
llama_3_3_70b_versatile,GA_ADAPTIVE,shipping_discount,free_express_shipping,17,True,True,"[518.3509650022785, 3.524722311678108, True]",0.0,free_express_shipping,1,160,0.0004849999677389
llama_3_3_70b_versatile,GA_ADAPTIVE,shipping_discount,free_express_shipping,18,True,True,"[876.471011353117, 16.640957327262118, True]",0.0,free_express_shipping,0,80,8.162495214492083e-05
llama_3_3_70b_versatile,GA_ADAPTIVE,shipping_discount,free_express_shipping,19,True,True,"[728.2198651343824, 21.046345618113136, True]",0.0,free_express_shipping,0,80,8.187501225620508e-05
llama_3_3_70b_versatile,GA_ADAPTIVE,shipping_discount,free_express_shipping,20,True,True,"[201.4397759918656, 47.60712452188787, True]",0.0,free_express_shipping,0,80,8.100003469735384e-05
llama_3_3_70b_versatile,GA_ADAPTIVE,shipping_discount,free_express_shipping,21,True,True,"[449.85995856620286, 21.19622301483115, True]",0.0,free_express_shipping,1,160,0.0004694589879363
llama_3_3_70b_versatile,GA_ADAPTIVE,shipping_discount,free_express_shipping,22,True,True,"[880.503427423039, 11.052753005339255, True]",0.0,free_express_shipping,0,80,8.1458012573421e-05
llama_3_3_70b_versatile,GA_ADAPTIVE,shipping_discount,free_express_shipping,23,True,True,"[679.0896847489009, 27.455384089427326, True]",0.0,free_express_shipping,1,160,0.0004692919319495
llama_3_3_70b_versatile,GA_ADAPTIVE,shipping_discount,free_express_shipping,24,True,True,"[424.922544167983, 16.42926903219777, True]",0.0,free_express_shipping,2,240,0.0008760419441387
llama_3_3_70b_versatile,GA_ADAPTIVE,shipping_discount,free_express_shipping,25,True,True,"[483.198735986915, 19.477683504907194, True]",0.0,free_express_shipping,0,80,8.179200813174248e-05
llama_3_3_70b_versatile,GA_ADAPTIVE,shipping_discount,free_express_shipping,26,True,True,"[908.1824077406159, 31.240245496377273, True]",0.0,free_express_shipping,1,160,0.0004782500909641
llama_3_3_70b_versatile,GA_ADAPTIVE,shipping_discount,free_express_shipping,27,True,True,"[542.2307896866147, 34.899260391832556, True]",0.0,free_express_shipping,0,80,8.179107680916786e-05
llama_3_3_70b_versatile,GA_ADAPTIVE,shipping_discount,free_express_shipping,28,True,True,"[842.3552459673087, 40.64540183298704, True]",0.0,free_express_shipping,0,80,8.070806507021189e-05
llama_3_3_70b_versatile,GA_ADAPTIVE,shipping_discount,free_express_shipping,29,True,True,"[345.32888792319204, 26.596501889995515, True]",0.0,free_express_shipping,0,80,8.13750084489584e-05
llama_3_3_70b_versatile,GA_ADAPTIVE,shipping_discount,invalid,0,True,True,"[0.0, 0.0, True]",0.0,invalid,26,2160,0.0102806669892743
llama_3_3_70b_versatile,GA_ADAPTIVE,shipping_discount,invalid,1,True,True,"[0.0, 0.0, False]",0.0,invalid,28,2320,0.0110355420038104
llama_3_3_70b_versatile,GA_ADAPTIVE,shipping_discount,invalid,2,True,True,"[0.0, 0.0, True]",0.0,invalid,20,1680,0.0078935839701443
llama_3_3_70b_versatile,GA_ADAPTIVE,shipping_discount,invalid,3,True,True,"[0.0, 0.0, False]",0.0,invalid,19,1600,0.0075922090327367
llama_3_3_70b_versatile,GA_ADAPTIVE,shipping_discount,invalid,4,True,True,"[0.0, 0.0, False]",0.0,invalid,31,2560,0.0121927090222015
llama_3_3_70b_versatile,GA_ADAPTIVE,shipping_discount,invalid,5,True,True,"[0.0, 0.0, True]",0.0,invalid,30,2480,0.0118152908980846
llama_3_3_70b_versatile,GA_ADAPTIVE,shipping_discount,invalid,6,True,True,"[0.0, 0.0, True]",0.0,invalid,43,3520,0.0169653330231085
llama_3_3_70b_versatile,GA_ADAPTIVE,shipping_discount,invalid,7,True,True,"[0.0, 0.0, True]",0.0,invalid,35,2880,0.0136845419183373
llama_3_3_70b_versatile,GA_ADAPTIVE,shipping_discount,invalid,8,True,True,"[0.0, 0.0, True]",0.0,invalid,47,3840,0.0182975410716608
llama_3_3_70b_versatile,GA_ADAPTIVE,shipping_discount,invalid,9,True,True,"[0.0, 0.0, False]",0.0,invalid,26,2160,0.0102309579961001
llama_3_3_70b_versatile,GA_ADAPTIVE,shipping_discount,invalid,10,True,True,"[0.0, 0.0, True]",0.0,invalid,47,3840,0.0183288330445066
llama_3_3_70b_versatile,GA_ADAPTIVE,shipping_discount,invalid,11,True,True,"[0.0, 0.0, True]",0.0,invalid,30,2480,0.0117527920519933
llama_3_3_70b_versatile,GA_ADAPTIVE,shipping_discount,invalid,12,True,True,"[0.0, 0.0, True]",0.0,invalid,34,2800,0.0133419999619945
llama_3_3_70b_versatile,GA_ADAPTIVE,shipping_discount,invalid,13,True,True,"[0.0, 0.0, True]",0.0,invalid,50,4080,0.019511374994181
llama_3_3_70b_versatile,GA_ADAPTIVE,shipping_discount,invalid,14,True,True,"[0.0, 0.0, False]",0.0,invalid,30,2480,0.0117251249030232
llama_3_3_70b_versatile,GA_ADAPTIVE,shipping_discount,invalid,15,True,True,"[0.0, 0.0, False]",0.0,invalid,28,2320,0.0110028330236673
llama_3_3_70b_versatile,GA_ADAPTIVE,shipping_discount,invalid,16,True,True,"[0.0, 0.0, False]",0.0,invalid,41,3360,0.0160012500127777
llama_3_3_70b_versatile,GA_ADAPTIVE,shipping_discount,invalid,17,True,True,"[0.0, 0.0, True]",0.0,invalid,42,3440,0.0164113340433686
llama_3_3_70b_versatile,GA_ADAPTIVE,shipping_discount,invalid,18,True,True,"[0.0, 0.0, False]",0.0,invalid,17,1440,0.0067243750672787
llama_3_3_70b_versatile,GA_ADAPTIVE,shipping_discount,invalid,19,True,True,"[0.0, 0.0, True]",0.0,invalid,29,2400,0.011348458006978
llama_3_3_70b_versatile,GA_ADAPTIVE,shipping_discount,invalid,20,True,True,"[0.0, 0.0, True]",0.0,invalid,22,1840,0.0086320000700652
llama_3_3_70b_versatile,GA_ADAPTIVE,shipping_discount,invalid,21,True,True,"[0.0, 0.0, False]",0.0,invalid,38,3120,0.0148744590114802
llama_3_3_70b_versatile,GA_ADAPTIVE,shipping_discount,invalid,22,True,True,"[0.0, 0.0, False]",0.0,invalid,25,2080,0.0097936249803751
llama_3_3_70b_versatile,GA_ADAPTIVE,shipping_discount,invalid,23,True,True,"[0.0, 0.0, False]",0.0,invalid,15,1280,0.0058834580704569
llama_3_3_70b_versatile,GA_ADAPTIVE,shipping_discount,invalid,24,True,True,"[0.0, 0.0, True]",0.0,invalid,39,3200,0.0152271669358015
llama_3_3_70b_versatile,GA_ADAPTIVE,shipping_discount,invalid,25,True,True,"[0.0, 0.0, True]",0.0,invalid,33,2720,0.0129546250682324
llama_3_3_70b_versatile,GA_ADAPTIVE,shipping_discount,invalid,26,True,True,"[0.0, 0.0, False]",0.0,invalid,29,2400,0.0113336250651627
llama_3_3_70b_versatile,GA_ADAPTIVE,shipping_discount,invalid,27,True,True,"[0.0, 0.0, True]",0.0,invalid,19,1600,0.0074333749944344
llama_3_3_70b_versatile,GA_ADAPTIVE,shipping_discount,invalid,28,True,True,"[0.0, 0.0, False]",0.0,invalid,40,3280,0.0156029999488964
llama_3_3_70b_versatile,GA_ADAPTIVE,shipping_discount,invalid,29,True,True,"[0.0, 0.0, False]",0.0,invalid,35,2880,0.0136927500134333
llama_3_3_70b_versatile,GA_ADAPTIVE,shipping_discount,no_discount,0,True,True,"[4.670853838744993, 167.69192677342625, False]",0.0,no_discount,0,80,7.795903366059065e-05
llama_3_3_70b_versatile,GA_ADAPTIVE,shipping_discount,no_discount,1,True,True,"[46.53597090767292, 546.917690375569, False]",0.0,no_discount,0,80,7.562502287328243e-05
llama_3_3_70b_versatile,GA_ADAPTIVE,shipping_discount,no_discount,2,True,True,"[49.19545433385797, 883.4745410514154, False]",0.0,no_discount,1,160,0.0004813750274479
llama_3_3_70b_versatile,GA_ADAPTIVE,shipping_discount,no_discount,3,True,True,"[21.266415014773443, 371.9951029166353, False]",0.0,no_discount,0,80,7.766694761812687e-05
llama_3_3_70b_versatile,GA_ADAPTIVE,shipping_discount,no_discount,4,True,True,"[11.467009085605051, 392.9089340898066, False]",0.0,no_discount,0,80,7.645797450095415e-05
llama_3_3_70b_versatile,GA_ADAPTIVE,shipping_discount,no_discount,5,True,True,"[37.71322662779808, 759.0788767650773, False]",0.0,no_discount,0,80,7.62079143896699e-05
llama_3_3_70b_versatile,GA_ADAPTIVE,shipping_discount,no_discount,6,True,True,"[1.666898432190922, 424.1671380035865, False]",0.0,no_discount,0,80,7.850001566112041e-05
llama_3_3_70b_versatile,GA_ADAPTIVE,shipping_discount,no_discount,7,True,True,"[31.35694069316708, 110.82587801976318, False]",0.0,no_discount,0,80,8.187501225620508e-05
llama_3_3_70b_versatile,GA_ADAPTIVE,shipping_discount,no_discount,8,True,True,"[43.14736789127605, 467.99023746394283, False]",0.0,no_discount,0,80,7.629208266735077e-05
llama_3_3_70b_versatile,GA_ADAPTIVE,shipping_discount,no_discount,9,True,True,"[10.56535471511111, 190.57066869733353, False]",0.0,no_discount,0,80,7.587496656924486e-05
llama_3_3_70b_versatile,GA_ADAPTIVE,shipping_discount,no_discount,10,True,True,"[35.01254298509215, 260.1030433503242, False]",0.0,no_discount,0,80,7.54999928176403e-05
llama_3_3_70b_versatile,GA_ADAPTIVE,shipping_discount,no_discount,11,True,True,"[1.9498340137411585, 480.9921271014457, False]",0.0,no_discount,0,80,7.537496276199818e-05
llama_3_3_70b_versatile,GA_ADAPTIVE,shipping_discount,no_discount,12,True,True,"[3.3063260622736568, 768.405224466996, False]",0.0,no_discount,9,800,0.0036172920372337
llama_3_3_70b_versatile,GA_ADAPTIVE,shipping_discount,no_discount,13,True,True,"[28.952019864557087, 806.1927229322552, False]",0.0,no_discount,0,80,7.575005292892456e-05
llama_3_3_70b_versatile,GA_ADAPTIVE,shipping_discount,no_discount,14,True,True,"[37.36694853911449, 886.7591319106343, False]",0.0,no_discount,0,80,7.89170153439045e-05
llama_3_3_70b_versatile,GA_ADAPTIVE,shipping_discount,no_discount,15,True,True,"[19.09447612399806, 945.3828945365597, False]",0.0,no_discount,1,160,0.0004645419539883
llama_3_3_70b_versatile,GA_ADAPTIVE,shipping_discount,no_discount,16,True,True,"[15.746278800013446, 956.2959651811348, False]",0.0,no_discount,1,160,0.0004640000406652
llama_3_3_70b_versatile,GA_ADAPTIVE,shipping_discount,no_discount,17,True,True,"[17.150551475806797, 631.7217310866291, False]",0.0,no_discount,1,160,0.0004674999509006
llama_3_3_70b_versatile,GA_ADAPTIVE,shipping_discount,no_discount,18,True,True,"[37.7048191282191, 910.488112112215, False]",0.0,no_discount,0,80,7.779104635119438e-05
llama_3_3_70b_versatile,GA_ADAPTIVE,shipping_discount,no_discount,19,True,True,"[9.585286557287409, 906.4807688410037, False]",0.0,no_discount,0,80,7.64590222388506e-05
llama_3_3_70b_versatile,GA_ADAPTIVE,shipping_discount,no_discount,20,True,True,"[4.015765908428337, 943.0417029100056, False]",0.0,no_discount,1,160,0.0004646250745281
llama_3_3_70b_versatile,GA_ADAPTIVE,shipping_discount,no_discount,21,True,True,"[45.19930989693732, 889.9021906817804, False]",0.0,no_discount,0,80,7.612502668052912e-05
llama_3_3_70b_versatile,GA_ADAPTIVE,shipping_discount,no_discount,22,True,True,"[12.048545964646106, 189.55078196863388, False]",0.0,no_discount,7,640,0.0028727910248562
llama_3_3_70b_versatile,GA_ADAPTIVE,shipping_discount,no_discount,23,True,True,"[12.185197435448881, 855.3125339884125, False]",0.0,no_discount,0,80,7.970794104039669e-05
llama_3_3_70b_versatile,GA_ADAPTIVE,shipping_discount,no_discount,24,True,True,"[12.348495959838, 124.34866651850297, False]",0.0,no_discount,0,80,7.558404467999935e-05
llama_3_3_70b_versatile,GA_ADAPTIVE,shipping_discount,no_discount,25,True,True,"[31.982996032068222, 483.18187445659345, False]",0.0,no_discount,1,160,0.0004658750258386
llama_3_3_70b_versatile,GA_ADAPTIVE,shipping_discount,no_discount,26,True,True,"[31.276201052636623, 478.1884207978375, False]",0.0,no_discount,0,80,7.650000043213367e-05
llama_3_3_70b_versatile,GA_ADAPTIVE,shipping_discount,no_discount,27,True,True,"[42.14675387057687, 267.9155075184658, False]",0.0,no_discount,0,80,7.562502287328243e-05
llama_3_3_70b_versatile,GA_ADAPTIVE,shipping_discount,no_discount,28,True,True,"[9.327076167649828, 435.89775436398423, False]",0.0,no_discount,0,80,7.629196625202894e-05
llama_3_3_70b_versatile,GA_ADAPTIVE,shipping_discount,no_discount,29,True,True,"[18.48579065293976, 148.2316043257744, False]",0.0,no_discount,0,80,7.545808330178261e-05
llama_3_3_70b_versatile,GA_ADAPTIVE,shipping_discount,small_discount,0,True,True,"[892.7885199285221, 17.851123724972773, True]",0.0,small_discount,0,80,6.995804142206907e-05
llama_3_3_70b_versatile,GA_ADAPTIVE,shipping_discount,small_discount,1,True,True,"[97.5106934209553, 600.0397685818426, True]",0.0,small_discount,0,80,6.9082947447896e-05
llama_3_3_70b_versatile,GA_ADAPTIVE,shipping_discount,small_discount,2,True,True,"[659.1807774528268, 704.2981235168802, False]",0.0,small_discount,0,80,6.995804142206907e-05
llama_3_3_70b_versatile,GA_ADAPTIVE,shipping_discount,small_discount,3,True,True,"[672.8028883084596, 386.4024210787392, True]",0.0,small_discount,0,80,6.77499920129776e-05
llama_3_3_70b_versatile,GA_ADAPTIVE,shipping_discount,small_discount,4,True,True,"[929.5728093053004, 907.5056613880735, True]",0.0,small_discount,0,80,6.845896132290363e-05
llama_3_3_70b_versatile,GA_ADAPTIVE,shipping_discount,small_discount,5,True,True,"[565.73043932107, 120.53091472347977, False]",0.0,small_discount,0,80,6.920797750353813e-05
llama_3_3_70b_versatile,GA_ADAPTIVE,shipping_discount,small_discount,6,True,True,"[896.8656863198494, 43.44941753637044, False]",0.0,small_discount,0,80,6.929098162800074e-05
llama_3_3_70b_versatile,GA_ADAPTIVE,shipping_discount,small_discount,7,True,True,"[749.5676038022378, 900.0391617618178, False]",0.0,small_discount,0,80,6.866699550300837e-05
llama_3_3_70b_versatile,GA_ADAPTIVE,shipping_discount,small_discount,8,True,True,"[438.0379582149443, 919.8697543361012, False]",0.0,small_discount,0,80,6.870902143418789e-05
llama_3_3_70b_versatile,GA_ADAPTIVE,shipping_discount,small_discount,9,True,True,"[389.54741886041575, 634.4879949450885, True]",0.0,small_discount,0,80,6.904196925461292e-05
llama_3_3_70b_versatile,GA_ADAPTIVE,shipping_discount,small_discount,10,True,True,"[958.0143870776413, 58.54326080458816, True]",0.0,small_discount,0,80,6.816606037318707e-05
llama_3_3_70b_versatile,GA_ADAPTIVE,shipping_discount,small_discount,11,True,True,"[486.34074307256424, 691.1479335917569, True]",0.0,small_discount,0,80,6.816699169576168e-05
llama_3_3_70b_versatile,GA_ADAPTIVE,shipping_discount,small_discount,12,True,True,"[966.4227517039501, 8.405373798083371, False]",0.0,small_discount,0,80,7.183291018009186e-05
llama_3_3_70b_versatile,GA_ADAPTIVE,shipping_discount,small_discount,13,True,True,"[976.2198797167182, 44.4242699509001, True]",0.0,small_discount,0,80,6.870797369629145e-05
llama_3_3_70b_versatile,GA_ADAPTIVE,shipping_discount,small_discount,14,True,True,"[344.9740553777255, 827.3095144524518, True]",0.0,small_discount,0,80,6.808293983340263e-05
llama_3_3_70b_versatile,GA_ADAPTIVE,shipping_discount,small_discount,15,True,True,"[119.6020158715001, 569.2748685479685, True]",0.0,small_discount,0,80,6.979203317314386e-05
llama_3_3_70b_versatile,GA_ADAPTIVE,shipping_discount,small_discount,16,True,True,"[898.4653373743367, 284.7707752843804, False]",0.0,small_discount,0,80,6.979203317314386e-05
llama_3_3_70b_versatile,GA_ADAPTIVE,shipping_discount,small_discount,17,True,True,"[771.6423076860299, 878.6761784419671, False]",0.0,small_discount,0,80,6.970798131078482e-05
llama_3_3_70b_versatile,GA_ADAPTIVE,shipping_discount,small_discount,18,True,True,"[36.7948488152684, 299.4820291055699, True]",0.0,small_discount,0,80,6.800005212426186e-05
llama_3_3_70b_versatile,GA_ADAPTIVE,shipping_discount,small_discount,19,True,True,"[129.0131796002304, 579.7060675396658, True]",0.0,small_discount,0,80,6.916699931025505e-05
llama_3_3_70b_versatile,GA_ADAPTIVE,shipping_discount,small_discount,20,True,True,"[918.6406867293141, 694.2224806276579, True]",0.0,small_discount,0,80,6.804196164011955e-05
llama_3_3_70b_versatile,GA_ADAPTIVE,shipping_discount,small_discount,21,True,True,"[172.9401996605381, 389.03044245496363, False]",0.0,small_discount,0,80,6.962497718632221e-05
llama_3_3_70b_versatile,GA_ADAPTIVE,shipping_discount,small_discount,22,True,True,"[581.7284598896878, 529.9544852447422, False]",0.0,small_discount,0,80,6.954197306185961e-05
llama_3_3_70b_versatile,GA_ADAPTIVE,shipping_discount,small_discount,23,True,True,"[474.5395534153166, 123.57082384907514, True]",0.0,small_discount,0,80,6.9082947447896e-05
llama_3_3_70b_versatile,GA_ADAPTIVE,shipping_discount,small_discount,24,True,True,"[833.3821440823001, 224.18778560803588, True]",0.0,small_discount,0,80,6.804196164011955e-05
llama_3_3_70b_versatile,GA_ADAPTIVE,shipping_discount,small_discount,25,True,True,"[873.7569628832904, 964.0076110144192, False]",0.0,small_discount,0,80,6.962497718632221e-05
llama_3_3_70b_versatile,GA_ADAPTIVE,shipping_discount,small_discount,26,True,True,"[157.0955984575463, 123.84314026808919, True]",0.0,small_discount,0,80,6.800005212426186e-05
llama_3_3_70b_versatile,GA_ADAPTIVE,shipping_discount,small_discount,27,True,True,"[438.9815447726375, 724.9860218259057, True]",0.0,small_discount,0,80,7.37080117687583e-05
llama_3_3_70b_versatile,GA_ADAPTIVE,shipping_discount,small_discount,28,True,True,"[756.1801814059926, 308.9429953266606, False]",0.0,small_discount,0,80,6.82090176269412e-05
llama_3_3_70b_versatile,GA_ADAPTIVE,shipping_discount,small_discount,29,True,True,"[161.32106652193522, 347.5518647065191, True]",0.0,small_discount,0,80,6.891705561429262e-05
llama_3_3_70b_versatile,GA_ADAPTIVE,shipping_discount,standard_discount,0,True,True,"[412.5740656914325, 7.884940865117707, True]",0.0,standard_discount,0,80,7.845798972994089e-05
llama_3_3_70b_versatile,GA_ADAPTIVE,shipping_discount,standard_discount,1,True,True,"[243.19597306694794, 68.49930725791376, True]",0.0,standard_discount,0,80,7.833307608962059e-05
llama_3_3_70b_versatile,GA_ADAPTIVE,shipping_discount,standard_discount,2,True,True,"[826.7101771800385, 94.33058871930999, True]",0.0,standard_discount,0,80,7.887498941272497e-05
llama_3_3_70b_versatile,GA_ADAPTIVE,shipping_discount,standard_discount,3,True,True,"[665.7234787338296, 15.410738857369433, False]",0.0,standard_discount,0,80,7.808301597833633e-05
llama_3_3_70b_versatile,GA_ADAPTIVE,shipping_discount,standard_discount,4,True,True,"[247.8828641842584, 74.34951799123557, True]",0.0,standard_discount,0,80,7.883296348154545e-05
llama_3_3_70b_versatile,GA_ADAPTIVE,shipping_discount,standard_discount,5,True,True,"[563.0766187238305, 29.770388896247614, False]",0.0,standard_discount,0,80,8.029106538742781e-05
llama_3_3_70b_versatile,GA_ADAPTIVE,shipping_discount,standard_discount,6,True,True,"[287.91994003605845, 81.54926726852685, True]",0.0,standard_discount,0,80,7.812492549419403e-05
llama_3_3_70b_versatile,GA_ADAPTIVE,shipping_discount,standard_discount,7,True,True,"[880.3201119989509, 92.47385490936144, False]",0.0,standard_discount,0,80,7.766601629555225e-05
llama_3_3_70b_versatile,GA_ADAPTIVE,shipping_discount,standard_discount,8,True,True,"[543.189448886226, 4.987289061402667, False]",0.0,standard_discount,0,80,7.841701153665781e-05
llama_3_3_70b_versatile,GA_ADAPTIVE,shipping_discount,standard_discount,9,True,True,"[369.2844214085248, 53.83931490045934, False]",0.0,standard_discount,0,80,7.800001185387373e-05
llama_3_3_70b_versatile,GA_ADAPTIVE,shipping_discount,standard_discount,10,True,True,"[460.00101592286046, 99.5318287449799, False]",0.0,standard_discount,0,80,7.812504190951586e-05
llama_3_3_70b_versatile,GA_ADAPTIVE,shipping_discount,standard_discount,11,True,True,"[607.453728707423, 6.27520185521091, False]",0.0,standard_discount,0,80,7.858301978558302e-05
llama_3_3_70b_versatile,GA_ADAPTIVE,shipping_discount,standard_discount,12,True,True,"[657.7414357696604, 79.09174761997917, False]",0.0,standard_discount,0,80,7.76670640334487e-05
llama_3_3_70b_versatile,GA_ADAPTIVE,shipping_discount,standard_discount,13,True,True,"[565.628757609262, 61.538640100013865, False]",0.0,standard_discount,0,80,7.862504571676254e-05
llama_3_3_70b_versatile,GA_ADAPTIVE,shipping_discount,standard_discount,14,True,True,"[148.28943366944935, 94.80185367921557, True]",0.0,standard_discount,0,80,8.245895151048899e-05
llama_3_3_70b_versatile,GA_ADAPTIVE,shipping_discount,standard_discount,15,True,True,"[272.6306055829366, 20.709006294138742, True]",0.0,standard_discount,0,80,7.754203397780657e-05
llama_3_3_70b_versatile,GA_ADAPTIVE,shipping_discount,standard_discount,16,True,True,"[573.2932367382873, 18.741513694572888, False]",0.0,standard_discount,0,80,7.683294825255871e-05
llama_3_3_70b_versatile,GA_ADAPTIVE,shipping_discount,standard_discount,17,True,True,"[690.8728059810834, 6.6332208021261385, True]",0.0,standard_discount,0,80,7.750000804662704e-05
llama_3_3_70b_versatile,GA_ADAPTIVE,shipping_discount,standard_discount,18,True,True,"[375.9084667132094, 23.870568201709517, True]",0.0,standard_discount,0,80,7.887498941272497e-05
llama_3_3_70b_versatile,GA_ADAPTIVE,shipping_discount,standard_discount,19,True,True,"[685.9240886519395, 50.739243234147025, True]",0.0,standard_discount,0,80,7.800001185387373e-05
llama_3_3_70b_versatile,GA_ADAPTIVE,shipping_discount,standard_discount,20,True,True,"[756.8356779646058, 0.5250402586894909, True]",0.0,standard_discount,0,80,7.90000194683671e-05
llama_3_3_70b_versatile,GA_ADAPTIVE,shipping_discount,standard_discount,21,True,True,"[807.3972534202461, 96.45557260774207, True]",0.0,standard_discount,0,80,7.687497418373823e-05
llama_3_3_70b_versatile,GA_ADAPTIVE,shipping_discount,standard_discount,22,True,True,"[832.8671556185602, 14.20319008530524, False]",0.0,standard_discount,0,80,7.795810233801603e-05
llama_3_3_70b_versatile,GA_ADAPTIVE,shipping_discount,standard_discount,23,True,True,"[764.3313881408271, 73.87230172358639, True]",0.0,standard_discount,0,80,8.004100527614355e-05
llama_3_3_70b_versatile,GA_ADAPTIVE,shipping_discount,standard_discount,24,True,True,"[265.8041853329183, 13.096944660131227, True]",0.0,standard_discount,0,80,7.891689892858267e-05
llama_3_3_70b_versatile,GA_ADAPTIVE,shipping_discount,standard_discount,25,True,True,"[554.0236434001133, 1.5300674822786853, False]",0.0,standard_discount,0,80,8.683407213538885e-05
llama_3_3_70b_versatile,GA_ADAPTIVE,shipping_discount,standard_discount,26,True,True,"[193.8911845805372, 97.91588500401093, False]",0.0,standard_discount,0,80,7.933401502668858e-05
llama_3_3_70b_versatile,GA_ADAPTIVE,shipping_discount,standard_discount,27,True,True,"[247.7735712840268, 83.52550984126029, False]",0.0,standard_discount,0,80,7.83340074121952e-05
llama_3_3_70b_versatile,GA_ADAPTIVE,shipping_discount,standard_discount,28,True,True,"[372.33658803172875, 73.20491683115904, False]",0.0,standard_discount,0,80,7.654097862541676e-05
llama_3_3_70b_versatile,GA_ADAPTIVE,shipping_discount,standard_discount,29,True,True,"[648.5037479668912, 65.74205819806255, False]",0.0,standard_discount,0,80,7.866695523262024e-05
llama_3_3_70b_versatile,GA_ADAPTIVE,sign_type,negative,0,True,True,[-252],0.0,negative,0,80,5.2292016334831715e-05
llama_3_3_70b_versatile,GA_ADAPTIVE,sign_type,negative,1,True,True,[-296],0.0,negative,0,80,5.195802077651024e-05
llama_3_3_70b_versatile,GA_ADAPTIVE,sign_type,negative,2,True,True,[-370],0.0,negative,0,80,5.2292016334831715e-05
llama_3_3_70b_versatile,GA_ADAPTIVE,sign_type,negative,3,True,True,[-80],0.0,negative,0,80,5.162495654076338e-05
llama_3_3_70b_versatile,GA_ADAPTIVE,sign_type,negative,4,True,True,[-345],0.0,negative,0,80,5.195802077651024e-05
llama_3_3_70b_versatile,GA_ADAPTIVE,sign_type,negative,5,True,True,[-395],0.0,negative,0,80,5.212507676333189e-05
llama_3_3_70b_versatile,GA_ADAPTIVE,sign_type,negative,6,True,True,[-215],0.0,negative,0,80,5.154102109372616e-05
llama_3_3_70b_versatile,GA_ADAPTIVE,sign_type,negative,7,True,True,[-23],0.0,negative,0,80,5.258305463939905e-05
llama_3_3_70b_versatile,GA_ADAPTIVE,sign_type,negative,8,True,True,[-451],0.0,negative,0,80,5.249993409961462e-05
llama_3_3_70b_versatile,GA_ADAPTIVE,sign_type,negative,9,True,True,[-365],0.0,negative,0,80,5.224999040365219e-05
llama_3_3_70b_versatile,GA_ADAPTIVE,sign_type,negative,10,True,True,[-62],0.0,negative,0,80,5.220889579504728e-05
llama_3_3_70b_versatile,GA_ADAPTIVE,sign_type,negative,11,True,True,[-402],0.0,negative,0,80,5.23329945281148e-05
llama_3_3_70b_versatile,GA_ADAPTIVE,sign_type,negative,12,True,True,[-271],0.0,negative,0,80,5.162495654076338e-05
llama_3_3_70b_versatile,GA_ADAPTIVE,sign_type,negative,13,True,True,[-403],0.0,negative,0,80,5.212496034801006e-05
llama_3_3_70b_versatile,GA_ADAPTIVE,sign_type,negative,14,True,True,[-364],0.0,negative,0,80,5.270796827971935e-05
llama_3_3_70b_versatile,GA_ADAPTIVE,sign_type,negative,15,True,True,[-268],0.0,negative,0,80,5.212496034801006e-05
llama_3_3_70b_versatile,GA_ADAPTIVE,sign_type,negative,16,True,True,[-497],0.0,negative,0,80,5.212496034801006e-05
llama_3_3_70b_versatile,GA_ADAPTIVE,sign_type,negative,17,True,True,[-76],0.0,negative,0,80,5.208305083215237e-05
llama_3_3_70b_versatile,GA_ADAPTIVE,sign_type,negative,18,True,True,[-448],0.0,negative,0,80,5.1875016652047634e-05
llama_3_3_70b_versatile,GA_ADAPTIVE,sign_type,negative,19,True,True,[-301],0.0,negative,0,80,5.1625072956085205e-05
llama_3_3_70b_versatile,GA_ADAPTIVE,sign_type,negative,20,True,True,[-391],0.0,negative,0,80,5.262496415525675e-05
llama_3_3_70b_versatile,GA_ADAPTIVE,sign_type,negative,21,True,True,[-275],0.0,negative,0,80,5.216698627918959e-05
llama_3_3_70b_versatile,GA_ADAPTIVE,sign_type,negative,22,True,True,[-342],0.0,negative,0,80,5.2292016334831715e-05
llama_3_3_70b_versatile,GA_ADAPTIVE,sign_type,negative,23,True,True,[-22],0.0,negative,0,80,5.287502426654101e-05
llama_3_3_70b_versatile,GA_ADAPTIVE,sign_type,negative,24,True,True,[-296],0.0,negative,0,80,5.262496415525675e-05
llama_3_3_70b_versatile,GA_ADAPTIVE,sign_type,negative,25,True,True,[-208],0.0,negative,0,80,5.16669824719429e-05
llama_3_3_70b_versatile,GA_ADAPTIVE,sign_type,negative,26,True,True,[-52],0.0,negative,0,80,5.150004290044308e-05
llama_3_3_70b_versatile,GA_ADAPTIVE,sign_type,negative,27,True,True,[-30],0.0,negative,0,80,5.208398215472698e-05
llama_3_3_70b_versatile,GA_ADAPTIVE,sign_type,negative,28,True,True,[-426],0.0,negative,0,80,5.212496034801006e-05
llama_3_3_70b_versatile,GA_ADAPTIVE,sign_type,negative,29,True,True,[-8],0.0,negative,0,80,5.2416929975152016e-05
llama_3_3_70b_versatile,GA_ADAPTIVE,sign_type,positive,0,True,True,[217],0.0,positive,0,80,5.604105535894632e-05
llama_3_3_70b_versatile,GA_ADAPTIVE,sign_type,positive,1,True,True,[1798],0.0,positive,0,80,5.216698627918959e-05
llama_3_3_70b_versatile,GA_ADAPTIVE,sign_type,positive,2,True,True,[168],0.0,positive,0,80,5.250005051493645e-05
llama_3_3_70b_versatile,GA_ADAPTIVE,sign_type,positive,3,True,True,[1555],0.0,positive,0,80,5.2459072321653366e-05
llama_3_3_70b_versatile,GA_ADAPTIVE,sign_type,positive,4,True,True,[1821],0.0,positive,0,80,5.183299072086811e-05
llama_3_3_70b_versatile,GA_ADAPTIVE,sign_type,positive,5,True,True,[1390],0.0,positive,0,80,5.204195622354746e-05
llama_3_3_70b_versatile,GA_ADAPTIVE,sign_type,positive,6,True,True,[1025],0.0,positive,0,80,5.2582938224077225e-05
llama_3_3_70b_versatile,GA_ADAPTIVE,sign_type,positive,7,True,True,[992],0.0,positive,0,80,5.191704258322716e-05
llama_3_3_70b_versatile,GA_ADAPTIVE,sign_type,positive,8,True,True,[493],0.0,positive,0,80,5.141703877598047e-05
llama_3_3_70b_versatile,GA_ADAPTIVE,sign_type,positive,9,True,True,[971],0.0,positive,0,80,5.1292008720338345e-05
llama_3_3_70b_versatile,GA_ADAPTIVE,sign_type,positive,10,True,True,[597],0.0,positive,0,80,5.245802458375693e-05
llama_3_3_70b_versatile,GA_ADAPTIVE,sign_type,positive,11,True,True,[873],0.0,positive,0,80,5.141703877598047e-05
llama_3_3_70b_versatile,GA_ADAPTIVE,sign_type,positive,12,True,True,[1815],0.0,positive,0,80,5.187490023672581e-05
llama_3_3_70b_versatile,GA_ADAPTIVE,sign_type,positive,13,True,True,[2416],0.0,positive,0,80,5.200004670768976e-05
llama_3_3_70b_versatile,GA_ADAPTIVE,sign_type,positive,14,True,True,[236],0.0,positive,0,80,5.229096859693527e-05
llama_3_3_70b_versatile,GA_ADAPTIVE,sign_type,positive,15,True,True,[2669],0.0,positive,0,80,5.237502045929432e-05
llama_3_3_70b_versatile,GA_ADAPTIVE,sign_type,positive,16,True,True,[918],0.0,positive,0,80,5.200004670768976e-05
llama_3_3_70b_versatile,GA_ADAPTIVE,sign_type,positive,17,True,True,[88],0.0,positive,0,80,5.124998278915882e-05
llama_3_3_70b_versatile,GA_ADAPTIVE,sign_type,positive,18,True,True,[1853],0.0,positive,0,80,5.150004290044308e-05
llama_3_3_70b_versatile,GA_ADAPTIVE,sign_type,positive,19,True,True,[2802],0.0,positive,0,80,5.149992648512125e-05
llama_3_3_70b_versatile,GA_ADAPTIVE,sign_type,positive,20,True,True,[455],0.0,positive,0,80,5.16669824719429e-05
llama_3_3_70b_versatile,GA_ADAPTIVE,sign_type,positive,21,True,True,[2743],0.0,positive,0,80,5.208293441683054e-05
llama_3_3_70b_versatile,GA_ADAPTIVE,sign_type,positive,22,True,True,[845],0.0,positive,0,80,5.1541952416300774e-05
llama_3_3_70b_versatile,GA_ADAPTIVE,sign_type,positive,23,True,True,[2428],0.0,positive,0,80,5.17918961122632e-05
llama_3_3_70b_versatile,GA_ADAPTIVE,sign_type,positive,24,True,True,[1074],0.0,positive,0,80,5.191704258322716e-05
llama_3_3_70b_versatile,GA_ADAPTIVE,sign_type,positive,25,True,True,[1284],0.0,positive,0,80,5.1791081205010414e-05
llama_3_3_70b_versatile,GA_ADAPTIVE,sign_type,positive,26,True,True,[932],0.0,positive,0,80,5.170796066522598e-05
llama_3_3_70b_versatile,GA_ADAPTIVE,sign_type,positive,27,True,True,[1236],0.0,positive,0,80,5.204195622354746e-05
llama_3_3_70b_versatile,GA_ADAPTIVE,sign_type,positive,28,True,True,[1626],0.0,positive,0,80,5.2292016334831715e-05
llama_3_3_70b_versatile,GA_ADAPTIVE,sign_type,positive,29,True,True,[2453],0.0,positive,0,80,5.237502045929432e-05
llama_3_3_70b_versatile,GA_ADAPTIVE,sign_type,zero,0,True,True,[0],0.0,zero,10,880,0.0030989159131422
llama_3_3_70b_versatile,GA_ADAPTIVE,sign_type,zero,1,True,True,[0],0.0,zero,17,1440,0.0051562499720603
llama_3_3_70b_versatile,GA_ADAPTIVE,sign_type,zero,2,True,True,[0],0.0,zero,2,240,0.0006588329561054
llama_3_3_70b_versatile,GA_ADAPTIVE,sign_type,zero,3,True,True,[0],0.0,zero,3,320,0.0009584159124642
llama_3_3_70b_versatile,GA_ADAPTIVE,sign_type,zero,4,True,True,[0],0.0,zero,5,480,0.0015522910980507
llama_3_3_70b_versatile,GA_ADAPTIVE,sign_type,zero,5,True,True,[0],0.0,zero,11,960,0.0033357909414917
llama_3_3_70b_versatile,GA_ADAPTIVE,sign_type,zero,6,True,True,[0],0.0,zero,9,800,0.0027604999486356
llama_3_3_70b_versatile,GA_ADAPTIVE,sign_type,zero,7,True,True,[0],0.0,zero,4,400,0.0012642500223591
llama_3_3_70b_versatile,GA_ADAPTIVE,sign_type,zero,8,True,True,[0],0.0,zero,1,160,0.0003548749955371
llama_3_3_70b_versatile,GA_ADAPTIVE,sign_type,zero,9,True,True,[0],0.0,zero,10,880,0.0030385829741135
llama_3_3_70b_versatile,GA_ADAPTIVE,sign_type,zero,10,True,True,[0],0.0,zero,3,320,0.0009506249334663
llama_3_3_70b_versatile,GA_ADAPTIVE,sign_type,zero,11,True,True,[0],0.0,zero,10,880,0.0030342089012265
llama_3_3_70b_versatile,GA_ADAPTIVE,sign_type,zero,12,True,True,[0],0.0,zero,7,640,0.0021461669821292
llama_3_3_70b_versatile,GA_ADAPTIVE,sign_type,zero,13,True,True,[0],0.0,zero,3,320,0.0009659170173108
llama_3_3_70b_versatile,GA_ADAPTIVE,sign_type,zero,14,True,True,[0],0.0,zero,10,880,0.0030745000112801
llama_3_3_70b_versatile,GA_ADAPTIVE,sign_type,zero,15,True,True,[0],0.0,zero,10,880,0.0030452500795945
llama_3_3_70b_versatile,GA_ADAPTIVE,sign_type,zero,16,True,True,[0],0.0,zero,7,640,0.002141417004168
llama_3_3_70b_versatile,GA_ADAPTIVE,sign_type,zero,17,True,True,[0],0.0,zero,6,560,0.0018588340608403
llama_3_3_70b_versatile,GA_ADAPTIVE,sign_type,zero,18,True,True,[0],0.0,zero,9,800,0.0027455410454422
llama_3_3_70b_versatile,GA_ADAPTIVE,sign_type,zero,19,True,True,[0],0.0,zero,9,800,0.0027659590123221
llama_3_3_70b_versatile,GA_ADAPTIVE,sign_type,zero,20,True,True,[0],0.0,zero,9,800,0.002752042026259
llama_3_3_70b_versatile,GA_ADAPTIVE,sign_type,zero,21,True,True,[0],0.0,zero,12,1040,0.0036572500830516
llama_3_3_70b_versatile,GA_ADAPTIVE,sign_type,zero,22,True,True,[0],0.0,zero,11,960,0.0033545409096404
llama_3_3_70b_versatile,GA_ADAPTIVE,sign_type,zero,23,True,True,[0],0.0,zero,6,560,0.0018543750047683
llama_3_3_70b_versatile,GA_ADAPTIVE,sign_type,zero,24,True,True,[0],0.0,zero,9,800,0.0027364579727873
llama_3_3_70b_versatile,GA_ADAPTIVE,sign_type,zero,25,True,True,[0],0.0,zero,5,480,0.0015582080231979
llama_3_3_70b_versatile,GA_ADAPTIVE,sign_type,zero,26,True,True,[0],0.0,zero,4,400,0.0012542909244075
llama_3_3_70b_versatile,GA_ADAPTIVE,sign_type,zero,27,True,True,[0],0.0,zero,17,1440,0.005165291018784
llama_3_3_70b_versatile,GA_ADAPTIVE,sign_type,zero,28,True,True,[0],0.0,zero,11,960,0.0033446250017732
llama_3_3_70b_versatile,GA_ADAPTIVE,sign_type,zero,29,True,True,[0],0.0,zero,14,1200,0.0042432920308783
llama_3_3_70b_versatile,GA_ADAPTIVE,string_category,empty,0,True,True,[''],0.0,empty,0,80,0.0001550000160932
llama_3_3_70b_versatile,GA_ADAPTIVE,string_category,empty,1,True,True,[''],0.0,empty,0,80,0.0001475840108469
llama_3_3_70b_versatile,GA_ADAPTIVE,string_category,empty,2,True,True,[''],0.0,empty,0,80,0.0001535409828647
llama_3_3_70b_versatile,GA_ADAPTIVE,string_category,empty,3,True,True,[''],0.0,empty,0,80,0.0001537919742986
llama_3_3_70b_versatile,GA_ADAPTIVE,string_category,empty,4,True,True,[''],0.0,empty,0,80,0.0001371660036966
llama_3_3_70b_versatile,GA_ADAPTIVE,string_category,empty,5,True,True,[''],0.0,empty,0,80,0.0001495420001447
llama_3_3_70b_versatile,GA_ADAPTIVE,string_category,empty,6,True,True,[''],0.0,empty,0,80,0.000155207933858
llama_3_3_70b_versatile,GA_ADAPTIVE,string_category,empty,7,True,True,[''],0.0,empty,0,80,0.0001427080715075
llama_3_3_70b_versatile,GA_ADAPTIVE,string_category,empty,8,True,True,[''],0.0,empty,0,80,0.0001513750758022
llama_3_3_70b_versatile,GA_ADAPTIVE,string_category,empty,9,True,True,[''],0.0,empty,0,80,0.0001486670225858
llama_3_3_70b_versatile,GA_ADAPTIVE,string_category,empty,10,True,True,[''],0.0,empty,0,80,0.0001483330270275
llama_3_3_70b_versatile,GA_ADAPTIVE,string_category,empty,11,True,True,[''],0.0,empty,0,80,0.0001453750301152
llama_3_3_70b_versatile,GA_ADAPTIVE,string_category,empty,12,True,True,[''],0.0,empty,0,80,0.0001419169129803
llama_3_3_70b_versatile,GA_ADAPTIVE,string_category,empty,13,True,True,[''],0.0,empty,0,80,0.0001517080236226
llama_3_3_70b_versatile,GA_ADAPTIVE,string_category,empty,14,True,True,[''],0.0,empty,0,80,0.0001420840853825
llama_3_3_70b_versatile,GA_ADAPTIVE,string_category,empty,15,True,True,[''],0.0,empty,0,80,0.0001501670340076
llama_3_3_70b_versatile,GA_ADAPTIVE,string_category,empty,16,True,True,[''],0.0,empty,0,80,0.0001456249738112
llama_3_3_70b_versatile,GA_ADAPTIVE,string_category,empty,17,True,True,[''],0.0,empty,0,80,0.0001420000335201
llama_3_3_70b_versatile,GA_ADAPTIVE,string_category,empty,18,True,True,[''],0.0,empty,0,80,0.0001476659672334
llama_3_3_70b_versatile,GA_ADAPTIVE,string_category,empty,19,True,True,[''],0.0,empty,0,80,0.0001552919857203
llama_3_3_70b_versatile,GA_ADAPTIVE,string_category,empty,20,True,True,[''],0.0,empty,0,80,0.0001523330574855
llama_3_3_70b_versatile,GA_ADAPTIVE,string_category,empty,21,True,True,[''],0.0,empty,0,80,0.0001351669197902
llama_3_3_70b_versatile,GA_ADAPTIVE,string_category,empty,22,True,True,[''],0.0,empty,0,80,0.0001530000008642
llama_3_3_70b_versatile,GA_ADAPTIVE,string_category,empty,23,True,True,[''],0.0,empty,0,80,0.0001367080258205
llama_3_3_70b_versatile,GA_ADAPTIVE,string_category,empty,24,True,True,[''],0.0,empty,0,80,0.0001449999399483
llama_3_3_70b_versatile,GA_ADAPTIVE,string_category,empty,25,True,True,[''],0.0,empty,0,80,0.0001437499886378
llama_3_3_70b_versatile,GA_ADAPTIVE,string_category,empty,26,True,True,[''],0.0,empty,0,80,0.0001477909972891
llama_3_3_70b_versatile,GA_ADAPTIVE,string_category,empty,27,True,True,[''],0.0,empty,0,80,0.0001419999171048
llama_3_3_70b_versatile,GA_ADAPTIVE,string_category,empty,28,True,True,[''],0.0,empty,0,80,0.0001506250118836
llama_3_3_70b_versatile,GA_ADAPTIVE,string_category,empty,29,True,True,[''],0.0,empty,0,80,0.0001492500305175
llama_3_3_70b_versatile,GA_ADAPTIVE,string_category,long_non_palindrome,0,True,True,['iW7hKl6RC6YB'],0.0,long_non_palindrome,0,80,0.0001639591064304
llama_3_3_70b_versatile,GA_ADAPTIVE,string_category,long_non_palindrome,1,True,True,['x6Hhu8G'],0.0,long_non_palindrome,0,80,0.0001565410057082
llama_3_3_70b_versatile,GA_ADAPTIVE,string_category,long_non_palindrome,2,True,True,['lYAnH1SWnC03f'],0.0,long_non_palindrome,0,80,0.000148709048517
llama_3_3_70b_versatile,GA_ADAPTIVE,string_category,long_non_palindrome,3,True,True,['KNyTZbPPDK'],0.0,long_non_palindrome,0,80,0.0001487500267103
llama_3_3_70b_versatile,GA_ADAPTIVE,string_category,long_non_palindrome,4,True,True,['hCnMxHC'],0.0,long_non_palindrome,0,80,0.000150250038132
llama_3_3_70b_versatile,GA_ADAPTIVE,string_category,long_non_palindrome,5,True,True,['xTjbgNA'],0.0,long_non_palindrome,0,80,0.0001517500495538
llama_3_3_70b_versatile,GA_ADAPTIVE,string_category,long_non_palindrome,6,True,True,['RrvN75lciysVQqN'],0.0,long_non_palindrome,0,80,0.000149582978338
llama_3_3_70b_versatile,GA_ADAPTIVE,string_category,long_non_palindrome,7,True,True,['bAmTggJ0frKfUs'],0.0,long_non_palindrome,0,80,0.0001535000046715
llama_3_3_70b_versatile,GA_ADAPTIVE,string_category,long_non_palindrome,8,True,True,['RGuExthGJjuh'],0.0,long_non_palindrome,0,80,0.0001565830316394
llama_3_3_70b_versatile,GA_ADAPTIVE,string_category,long_non_palindrome,9,True,True,['8zZcirAjDkE'],0.0,long_non_palindrome,0,80,0.0001562499674037
llama_3_3_70b_versatile,GA_ADAPTIVE,string_category,long_non_palindrome,10,True,True,['fzq7eh'],0.0,long_non_palindrome,0,80,0.0001532500609755
llama_3_3_70b_versatile,GA_ADAPTIVE,string_category,long_non_palindrome,11,True,True,['QcIcfebiB'],0.0,long_non_palindrome,0,80,0.0001600420800969
llama_3_3_70b_versatile,GA_ADAPTIVE,string_category,long_non_palindrome,12,True,True,['Hd4cLFt'],0.0,long_non_palindrome,0,80,0.0001555419294163
llama_3_3_70b_versatile,GA_ADAPTIVE,string_category,long_non_palindrome,13,True,True,['3JKow4Ut22vLgn'],0.0,long_non_palindrome,0,80,0.000157041940838
llama_3_3_70b_versatile,GA_ADAPTIVE,string_category,long_non_palindrome,14,True,True,['cN52RGu00E'],0.0,long_non_palindrome,0,80,0.0001705409958958
llama_3_3_70b_versatile,GA_ADAPTIVE,string_category,long_non_palindrome,15,True,True,['04S8bAt'],0.0,long_non_palindrome,0,80,0.0001462079817429
llama_3_3_70b_versatile,GA_ADAPTIVE,string_category,long_non_palindrome,16,True,True,['OksdnoUQzaFZQ'],0.0,long_non_palindrome,0,80,0.0001568329753354
llama_3_3_70b_versatile,GA_ADAPTIVE,string_category,long_non_palindrome,17,True,True,['YhWb73HMC'],0.0,long_non_palindrome,0,80,0.0001672499347478
llama_3_3_70b_versatile,GA_ADAPTIVE,string_category,long_non_palindrome,18,True,True,['bfpxZHKHMQPzP'],0.0,long_non_palindrome,0,80,0.0001572910696268
llama_3_3_70b_versatile,GA_ADAPTIVE,string_category,long_non_palindrome,19,True,True,['vrVTwKlJGp'],0.0,long_non_palindrome,0,80,0.0001574589405208
llama_3_3_70b_versatile,GA_ADAPTIVE,string_category,long_non_palindrome,20,True,True,['pRnM5yz'],0.0,long_non_palindrome,0,80,0.0001532499445602
llama_3_3_70b_versatile,GA_ADAPTIVE,string_category,long_non_palindrome,21,True,True,['vtEuWw8S'],0.0,long_non_palindrome,0,80,0.0001605830620974
llama_3_3_70b_versatile,GA_ADAPTIVE,string_category,long_non_palindrome,22,True,True,['FdUpSi'],0.0,long_non_palindrome,0,80,0.0001467920374125
llama_3_3_70b_versatile,GA_ADAPTIVE,string_category,long_non_palindrome,23,True,True,['K2mAVz17X7'],0.0,long_non_palindrome,0,80,0.0001619579270482
llama_3_3_70b_versatile,GA_ADAPTIVE,string_category,long_non_palindrome,24,True,True,['grEkl3nZoHmxtZh'],0.0,long_non_palindrome,0,80,0.0001595419598743
llama_3_3_70b_versatile,GA_ADAPTIVE,string_category,long_non_palindrome,25,True,True,['XKVbYE5eBBt'],0.0,long_non_palindrome,0,80,0.0001526250271126
llama_3_3_70b_versatile,GA_ADAPTIVE,string_category,long_non_palindrome,26,True,True,['EwbDI1cV'],0.0,long_non_palindrome,0,80,0.000153417000547
llama_3_3_70b_versatile,GA_ADAPTIVE,string_category,long_non_palindrome,27,True,True,['wFN2tRMqljg0Q'],0.0,long_non_palindrome,0,80,0.0001494160387665
llama_3_3_70b_versatile,GA_ADAPTIVE,string_category,long_non_palindrome,28,True,True,['7PTZHurrI'],0.0,long_non_palindrome,0,80,0.0001500420039519
llama_3_3_70b_versatile,GA_ADAPTIVE,string_category,long_non_palindrome,29,True,True,['fbNJcxImG'],0.0,long_non_palindrome,0,80,0.0001593339256942
llama_3_3_70b_versatile,GA_ADAPTIVE,string_category,long_palindrome,0,False,False,['CnRp'],1.0,,0,8080,0.0338355830172076
llama_3_3_70b_versatile,GA_ADAPTIVE,string_category,long_palindrome,1,False,False,['rlRoq'],1.0,,0,8080,0.0338602080009877
llama_3_3_70b_versatile,GA_ADAPTIVE,string_category,long_palindrome,2,False,False,['wvmqOIysaBStH'],1.0,,0,8080,0.0339552500518038
llama_3_3_70b_versatile,GA_ADAPTIVE,string_category,long_palindrome,3,False,False,['3MfTWoGVfOJ'],1.0,,0,8080,0.0338538329815492
llama_3_3_70b_versatile,GA_ADAPTIVE,string_category,long_palindrome,4,False,False,['k2H4yFXoqdL'],1.0,,0,8080,0.0338767920620739
llama_3_3_70b_versatile,GA_ADAPTIVE,string_category,long_palindrome,5,False,False,['Fx8fLIoxbtRiTD6'],1.0,,0,8080,0.0338438339531421
llama_3_3_70b_versatile,GA_ADAPTIVE,string_category,long_palindrome,6,False,False,['nRYK4p7p'],1.0,,0,8080,0.0338355000130832
llama_3_3_70b_versatile,GA_ADAPTIVE,string_category,long_palindrome,7,False,False,['06qmlx'],1.0,,0,8080,0.0342409580480307
llama_3_3_70b_versatile,GA_ADAPTIVE,string_category,long_palindrome,8,False,False,['WSFKHx2MT2cw'],1.0,,0,8080,0.0344997079810127
llama_3_3_70b_versatile,GA_ADAPTIVE,string_category,long_palindrome,9,False,False,['IF5pb'],1.0,,0,8080,0.0342391669983044
llama_3_3_70b_versatile,GA_ADAPTIVE,string_category,long_palindrome,10,False,False,['1t7KmBc2RM2'],1.0,,0,8080,0.0341694590169936
llama_3_3_70b_versatile,GA_ADAPTIVE,string_category,long_palindrome,11,False,False,['XjXfkNEjo8nmDZm'],1.0,,0,8080,0.0339499169494956
llama_3_3_70b_versatile,GA_ADAPTIVE,string_category,long_palindrome,12,False,False,['AzDK6ROFf'],1.0,,0,8080,0.0343717499636113
llama_3_3_70b_versatile,GA_ADAPTIVE,string_category,long_palindrome,13,False,False,['Tb36UzzXr4u6S'],1.0,,0,8080,0.0340118329040706
llama_3_3_70b_versatile,GA_ADAPTIVE,string_category,long_palindrome,14,False,False,['h3w4H'],1.0,,0,8080,0.0338948749704286
llama_3_3_70b_versatile,GA_ADAPTIVE,string_category,long_palindrome,15,False,False,['U1fH62duT4ESbWa'],1.0,,0,8080,0.0339554159436374
llama_3_3_70b_versatile,GA_ADAPTIVE,string_category,long_palindrome,16,False,False,['PjrbQaBhoBxO1C'],1.0,,0,8080,0.0339888340095058
llama_3_3_70b_versatile,GA_ADAPTIVE,string_category,long_palindrome,17,True,True,['2Z2Z2'],0.0,long_palindrome,53,4320,0.0177678329637274
llama_3_3_70b_versatile,GA_ADAPTIVE,string_category,long_palindrome,18,False,False,['tpILd'],1.0,,0,8080,0.0338631669292226
llama_3_3_70b_versatile,GA_ADAPTIVE,string_category,long_palindrome,19,False,False,['wkewtcOT1SiR0qu'],1.0,,0,8080,0.0338849170366302
llama_3_3_70b_versatile,GA_ADAPTIVE,string_category,long_palindrome,20,False,False,['P4h9nV7iiiV8NF'],1.0,,0,8080,0.0338400829350575
llama_3_3_70b_versatile,GA_ADAPTIVE,string_category,long_palindrome,21,False,False,['yFISIwhJ'],1.0,,0,8080,0.0338064579991623
llama_3_3_70b_versatile,GA_ADAPTIVE,string_category,long_palindrome,22,False,False,['XmXmbxLRjzqQOVg'],1.0,,0,8080,0.0338822910562157
llama_3_3_70b_versatile,GA_ADAPTIVE,string_category,long_palindrome,23,False,False,['vWLC'],1.0,,0,8080,0.033777582924813
llama_3_3_70b_versatile,GA_ADAPTIVE,string_category,long_palindrome,24,False,False,['eDAGSM'],1.0,,0,8080,0.0353637499501928
llama_3_3_70b_versatile,GA_ADAPTIVE,string_category,long_palindrome,25,False,False,['ONlk'],1.0,,0,8080,0.03440274996683
llama_3_3_70b_versatile,GA_ADAPTIVE,string_category,long_palindrome,26,False,False,['v7ce'],1.0,,0,8080,0.0345213749678805
llama_3_3_70b_versatile,GA_ADAPTIVE,string_category,long_palindrome,27,False,False,['0dwIe1yYlvIrNI'],1.0,,0,8080,0.0343323750421404
llama_3_3_70b_versatile,GA_ADAPTIVE,string_category,long_palindrome,28,False,False,['ExNV'],1.0,,0,8080,0.0342902499251067
llama_3_3_70b_versatile,GA_ADAPTIVE,string_category,long_palindrome,29,False,False,['n3dCHTW8ZgBzHh'],1.0,,0,8080,0.0344581250101327
llama_3_3_70b_versatile,GA_ADAPTIVE,string_category,other,0,True,True,['5lL'],0.0,other,0,80,0.0001565410057082
llama_3_3_70b_versatile,GA_ADAPTIVE,string_category,other,1,True,True,['XdH'],0.0,other,0,80,0.0001510840374976
llama_3_3_70b_versatile,GA_ADAPTIVE,string_category,other,2,True,True,['UVw08'],0.0,other,0,80,0.0001559999072924
llama_3_3_70b_versatile,GA_ADAPTIVE,string_category,other,3,True,True,['EzQ'],0.0,other,0,80,0.000162582960911
llama_3_3_70b_versatile,GA_ADAPTIVE,string_category,other,4,True,True,['tAh'],0.0,other,0,80,0.0001461249776184
llama_3_3_70b_versatile,GA_ADAPTIVE,string_category,other,5,True,True,['mD'],0.0,other,0,80,0.0001517499331384
llama_3_3_70b_versatile,GA_ADAPTIVE,string_category,other,6,True,True,['atx'],0.0,other,0,80,0.000154957990162
llama_3_3_70b_versatile,GA_ADAPTIVE,string_category,other,7,True,True,['IGCQ'],0.0,other,0,80,0.0001539590302854
llama_3_3_70b_versatile,GA_ADAPTIVE,string_category,other,8,True,True,['w0'],0.0,other,0,80,0.0001560829114168
llama_3_3_70b_versatile,GA_ADAPTIVE,string_category,other,9,True,True,['pCW18'],0.0,other,0,80,0.0001489169662818
llama_3_3_70b_versatile,GA_ADAPTIVE,string_category,other,10,True,True,['KBlnr'],0.0,other,0,80,0.0001549170119687
llama_3_3_70b_versatile,GA_ADAPTIVE,string_category,other,11,True,True,['EuK'],0.0,other,0,80,0.000149416970089
llama_3_3_70b_versatile,GA_ADAPTIVE,string_category,other,12,True,True,['O1f'],0.0,other,0,80,0.000152250053361
llama_3_3_70b_versatile,GA_ADAPTIVE,string_category,other,13,True,True,['XeWU1'],0.0,other,0,80,0.0001505410764366
llama_3_3_70b_versatile,GA_ADAPTIVE,string_category,other,14,True,True,['A9Nh'],0.0,other,0,80,0.0001547499559819
llama_3_3_70b_versatile,GA_ADAPTIVE,string_category,other,15,True,True,['hu'],0.0,other,0,80,0.0001502919476479
llama_3_3_70b_versatile,GA_ADAPTIVE,string_category,other,16,True,True,['6CDOO'],0.0,other,0,80,0.0001579159870743
llama_3_3_70b_versatile,GA_ADAPTIVE,string_category,other,17,True,True,['a6FcE'],0.0,other,0,80,0.0001539160730317
llama_3_3_70b_versatile,GA_ADAPTIVE,string_category,other,18,True,True,['vmKeL'],0.0,other,0,80,0.0001612079795449
llama_3_3_70b_versatile,GA_ADAPTIVE,string_category,other,19,True,True,['Wwh'],0.0,other,0,80,0.0001554579939693
llama_3_3_70b_versatile,GA_ADAPTIVE,string_category,other,20,True,True,['lr'],0.0,other,0,80,0.0001570830354467
llama_3_3_70b_versatile,GA_ADAPTIVE,string_category,other,21,True,True,['PLw4'],0.0,other,0,80,0.0001435830490663
llama_3_3_70b_versatile,GA_ADAPTIVE,string_category,other,22,True,True,['gD'],0.0,other,0,80,0.000150250038132
llama_3_3_70b_versatile,GA_ADAPTIVE,string_category,other,23,True,True,['KOOfw'],0.0,other,0,80,0.000153791042976
llama_3_3_70b_versatile,GA_ADAPTIVE,string_category,other,24,True,True,['7s4mz'],0.0,other,0,80,0.0001563329715281
llama_3_3_70b_versatile,GA_ADAPTIVE,string_category,other,25,True,True,['3p'],0.0,other,0,80,0.0001564580015838
llama_3_3_70b_versatile,GA_ADAPTIVE,string_category,other,26,True,True,['GcU'],0.0,other,0,80,0.0001587918959558
llama_3_3_70b_versatile,GA_ADAPTIVE,string_category,other,27,True,True,['bH0VS'],0.0,other,0,80,0.0001487920526415
llama_3_3_70b_versatile,GA_ADAPTIVE,string_category,other,28,True,True,['zS'],0.0,other,0,80,0.0001555409980937
llama_3_3_70b_versatile,GA_ADAPTIVE,string_category,other,29,True,True,['SFD5'],0.0,other,0,80,0.0001540420344099
llama_3_3_70b_versatile,GA_ADAPTIVE,string_category,short_palindrome,0,True,True,[''],0.0,short_palindrome,0,80,0.0001509579597041
llama_3_3_70b_versatile,GA_ADAPTIVE,string_category,short_palindrome,1,True,True,['E'],0.0,short_palindrome,0,80,0.0001617500092834
llama_3_3_70b_versatile,GA_ADAPTIVE,string_category,short_palindrome,2,True,True,['C'],0.0,short_palindrome,0,80,0.000156250083819
llama_3_3_70b_versatile,GA_ADAPTIVE,string_category,short_palindrome,3,True,True,[''],0.0,short_palindrome,0,80,0.0001584999263286
llama_3_3_70b_versatile,GA_ADAPTIVE,string_category,short_palindrome,4,True,True,[''],0.0,short_palindrome,0,80,0.0001643329160287
llama_3_3_70b_versatile,GA_ADAPTIVE,string_category,short_palindrome,5,True,True,[''],0.0,short_palindrome,0,80,0.0001604580320417
llama_3_3_70b_versatile,GA_ADAPTIVE,string_category,short_palindrome,6,True,True,['v'],0.0,short_palindrome,0,80,0.0001601669937372
llama_3_3_70b_versatile,GA_ADAPTIVE,string_category,short_palindrome,7,True,True,['6'],0.0,short_palindrome,0,80,0.0001553340116515
llama_3_3_70b_versatile,GA_ADAPTIVE,string_category,short_palindrome,8,True,True,[''],0.0,short_palindrome,0,80,0.0001663749571889
llama_3_3_70b_versatile,GA_ADAPTIVE,string_category,short_palindrome,9,True,True,['I'],0.0,short_palindrome,0,80,0.000158124952577
llama_3_3_70b_versatile,GA_ADAPTIVE,string_category,short_palindrome,10,True,True,[''],0.0,short_palindrome,0,80,0.000161875039339
llama_3_3_70b_versatile,GA_ADAPTIVE,string_category,short_palindrome,11,True,True,['w'],0.0,short_palindrome,0,80,0.0001476249890401
llama_3_3_70b_versatile,GA_ADAPTIVE,string_category,short_palindrome,12,True,True,['v'],0.0,short_palindrome,0,80,0.0001460830681025
llama_3_3_70b_versatile,GA_ADAPTIVE,string_category,short_palindrome,13,True,True,['q'],0.0,short_palindrome,0,80,0.0001497500343248
llama_3_3_70b_versatile,GA_ADAPTIVE,string_category,short_palindrome,14,True,True,['h'],0.0,short_palindrome,0,80,0.000162792042829
llama_3_3_70b_versatile,GA_ADAPTIVE,string_category,short_palindrome,15,True,True,['c'],0.0,short_palindrome,0,80,0.0001565000275149
llama_3_3_70b_versatile,GA_ADAPTIVE,string_category,short_palindrome,16,True,True,['e'],0.0,short_palindrome,0,80,0.0001500829821452
llama_3_3_70b_versatile,GA_ADAPTIVE,string_category,short_palindrome,17,True,True,[''],0.0,short_palindrome,0,80,0.0001498339697718
llama_3_3_70b_versatile,GA_ADAPTIVE,string_category,short_palindrome,18,True,True,[''],0.0,short_palindrome,0,80,0.0001496670302003
llama_3_3_70b_versatile,GA_ADAPTIVE,string_category,short_palindrome,19,True,True,['F'],0.0,short_palindrome,0,80,0.0001514159375801
llama_3_3_70b_versatile,GA_ADAPTIVE,string_category,short_palindrome,20,True,True,[''],0.0,short_palindrome,0,80,0.0001536250347271
llama_3_3_70b_versatile,GA_ADAPTIVE,string_category,short_palindrome,21,True,True,['4'],0.0,short_palindrome,0,80,0.0001492499141022
llama_3_3_70b_versatile,GA_ADAPTIVE,string_category,short_palindrome,22,True,True,[''],0.0,short_palindrome,0,80,0.0001556250499561
llama_3_3_70b_versatile,GA_ADAPTIVE,string_category,short_palindrome,23,True,True,[''],0.0,short_palindrome,0,80,0.0001483340747654
llama_3_3_70b_versatile,GA_ADAPTIVE,string_category,short_palindrome,24,True,True,['Q'],0.0,short_palindrome,0,80,0.0001550000160932
llama_3_3_70b_versatile,GA_ADAPTIVE,string_category,short_palindrome,25,True,True,[''],0.0,short_palindrome,0,80,0.0001500830985605
llama_3_3_70b_versatile,GA_ADAPTIVE,string_category,short_palindrome,26,True,True,['S'],0.0,short_palindrome,0,80,0.0001520419027656
llama_3_3_70b_versatile,GA_ADAPTIVE,string_category,short_palindrome,27,True,True,['O'],0.0,short_palindrome,0,80,0.0001545409904792
llama_3_3_70b_versatile,GA_ADAPTIVE,string_category,short_palindrome,28,True,True,[''],0.0,short_palindrome,0,80,0.0001581250689923
llama_3_3_70b_versatile,GA_ADAPTIVE,string_category,short_palindrome,29,True,True,['N'],0.0,short_palindrome,0,80,0.0001520829973742
llama_3_3_70b_versatile,GA_ADAPTIVE,username_category,empty,0,True,True,[''],0.0,empty,0,80,0.0001545419218018
llama_3_3_70b_versatile,GA_ADAPTIVE,username_category,empty,1,True,True,[''],0.0,empty,0,80,0.0001623330172151
llama_3_3_70b_versatile,GA_ADAPTIVE,username_category,empty,2,True,True,[''],0.0,empty,0,80,0.0001474580494686
llama_3_3_70b_versatile,GA_ADAPTIVE,username_category,empty,3,True,True,[''],0.0,empty,0,80,0.000157875008881
llama_3_3_70b_versatile,GA_ADAPTIVE,username_category,empty,4,True,True,[''],0.0,empty,0,80,0.0001425419468432
llama_3_3_70b_versatile,GA_ADAPTIVE,username_category,empty,5,True,True,[''],0.0,empty,0,80,0.0001510829897597
llama_3_3_70b_versatile,GA_ADAPTIVE,username_category,empty,6,True,True,[''],0.0,empty,0,80,0.0001528750872239
llama_3_3_70b_versatile,GA_ADAPTIVE,username_category,empty,7,True,True,[''],0.0,empty,0,80,0.0001530000008642
llama_3_3_70b_versatile,GA_ADAPTIVE,username_category,empty,8,True,True,[''],0.0,empty,0,80,0.0001559589290991
llama_3_3_70b_versatile,GA_ADAPTIVE,username_category,empty,9,True,True,[''],0.0,empty,0,80,0.0001433750148862
llama_3_3_70b_versatile,GA_ADAPTIVE,username_category,empty,10,True,True,[''],0.0,empty,0,80,0.0001542910467833
llama_3_3_70b_versatile,GA_ADAPTIVE,username_category,empty,11,True,True,[''],0.0,empty,0,80,0.0001509579597041
llama_3_3_70b_versatile,GA_ADAPTIVE,username_category,empty,12,True,True,[''],0.0,empty,0,80,0.0001526669366285
llama_3_3_70b_versatile,GA_ADAPTIVE,username_category,empty,13,True,True,[''],0.0,empty,0,80,0.0001456249738112
llama_3_3_70b_versatile,GA_ADAPTIVE,username_category,empty,14,True,True,[''],0.0,empty,0,80,0.0001448330003768
llama_3_3_70b_versatile,GA_ADAPTIVE,username_category,empty,15,True,True,[''],0.0,empty,0,80,0.0001533750910311
llama_3_3_70b_versatile,GA_ADAPTIVE,username_category,empty,16,True,True,[''],0.0,empty,0,80,0.0001447080867365
llama_3_3_70b_versatile,GA_ADAPTIVE,username_category,empty,17,True,True,[''],0.0,empty,0,80,0.0001505420077592
llama_3_3_70b_versatile,GA_ADAPTIVE,username_category,empty,18,True,True,[''],0.0,empty,0,80,0.0001504160463809
llama_3_3_70b_versatile,GA_ADAPTIVE,username_category,empty,19,True,True,[''],0.0,empty,0,80,0.0001425830414518
llama_3_3_70b_versatile,GA_ADAPTIVE,username_category,empty,20,True,True,[''],0.0,empty,0,80,0.0001519579673185
llama_3_3_70b_versatile,GA_ADAPTIVE,username_category,empty,21,True,True,[''],0.0,empty,0,80,0.0001543749822303
llama_3_3_70b_versatile,GA_ADAPTIVE,username_category,empty,22,True,True,[''],0.0,empty,0,80,0.0001567499712109
llama_3_3_70b_versatile,GA_ADAPTIVE,username_category,empty,23,True,True,[''],0.0,empty,0,80,0.0001430000411346
llama_3_3_70b_versatile,GA_ADAPTIVE,username_category,empty,24,True,True,[''],0.0,empty,0,80,0.0001494999742135
llama_3_3_70b_versatile,GA_ADAPTIVE,username_category,empty,25,True,True,[''],0.0,empty,0,80,0.0001382920891046
llama_3_3_70b_versatile,GA_ADAPTIVE,username_category,empty,26,True,True,[''],0.0,empty,0,80,0.0001405830262228
llama_3_3_70b_versatile,GA_ADAPTIVE,username_category,empty,27,True,True,[''],0.0,empty,0,80,0.000151666929014
llama_3_3_70b_versatile,GA_ADAPTIVE,username_category,empty,28,True,True,[''],0.0,empty,0,80,0.0001524169929325
llama_3_3_70b_versatile,GA_ADAPTIVE,username_category,empty,29,True,True,[''],0.0,empty,0,80,0.0001399589236825
llama_3_3_70b_versatile,GA_ADAPTIVE,username_category,medium_username,0,True,True,['paZu3'],0.0,medium_username,0,80,0.0002189590595662
llama_3_3_70b_versatile,GA_ADAPTIVE,username_category,medium_username,1,True,True,['HWZNz1CHamN6j'],0.0,medium_username,0,80,0.0002188750077039
llama_3_3_70b_versatile,GA_ADAPTIVE,username_category,medium_username,2,True,True,['GleLX6S3R'],0.0,medium_username,0,80,0.0002156660193577
llama_3_3_70b_versatile,GA_ADAPTIVE,username_category,medium_username,3,True,True,['yXi2zqXEOXg'],0.0,medium_username,0,80,0.0002182079479098
llama_3_3_70b_versatile,GA_ADAPTIVE,username_category,medium_username,4,True,True,['b7quFvvXF0X'],0.0,medium_username,0,80,0.0002302089706063
llama_3_3_70b_versatile,GA_ADAPTIVE,username_category,medium_username,5,True,True,['DdZlFhb1c'],0.0,medium_username,0,80,0.0002001249231398
llama_3_3_70b_versatile,GA_ADAPTIVE,username_category,medium_username,6,True,True,['rpL3wREzbw83tiZ'],0.0,medium_username,0,80,0.0002148749772459
llama_3_3_70b_versatile,GA_ADAPTIVE,username_category,medium_username,7,True,True,['HWN3RUcB96v'],0.0,medium_username,0,80,0.0002050830516964
llama_3_3_70b_versatile,GA_ADAPTIVE,username_category,medium_username,8,True,True,['QjtXuqeI8o'],0.0,medium_username,0,80,0.0002092909999191
llama_3_3_70b_versatile,GA_ADAPTIVE,username_category,medium_username,9,True,True,['tGClJKd2s'],0.0,medium_username,0,80,0.0002052499912679
llama_3_3_70b_versatile,GA_ADAPTIVE,username_category,medium_username,10,True,True,['MZhY5n'],0.0,medium_username,0,80,0.0002108750632032
llama_3_3_70b_versatile,GA_ADAPTIVE,username_category,medium_username,11,True,True,['wfHl5b2qhGv'],0.0,medium_username,0,80,0.0002111659850925
llama_3_3_70b_versatile,GA_ADAPTIVE,username_category,medium_username,12,True,True,['YnDIB7'],0.0,medium_username,0,80,0.0002117078984156
llama_3_3_70b_versatile,GA_ADAPTIVE,username_category,medium_username,13,True,True,['MjsNHRUo4pSkur'],0.0,medium_username,0,80,0.000204375013709
llama_3_3_70b_versatile,GA_ADAPTIVE,username_category,medium_username,14,True,True,['ZuuSIQB5wS'],0.0,medium_username,0,80,0.0002094170777127
llama_3_3_70b_versatile,GA_ADAPTIVE,username_category,medium_username,15,True,True,['VXln5rW6LMdhg'],0.0,medium_username,0,80,0.0002478340175002
llama_3_3_70b_versatile,GA_ADAPTIVE,username_category,medium_username,16,True,True,['kQ82g'],0.0,medium_username,0,80,0.000202834024094
llama_3_3_70b_versatile,GA_ADAPTIVE,username_category,medium_username,17,True,True,['cXzdoaZKx3kJNL'],0.0,medium_username,0,80,0.000197916990146
llama_3_3_70b_versatile,GA_ADAPTIVE,username_category,medium_username,18,True,True,['kreKh0Iw'],0.0,medium_username,0,80,0.0002480839611962
llama_3_3_70b_versatile,GA_ADAPTIVE,username_category,medium_username,19,True,True,['Wgv0ek5bG'],0.0,medium_username,0,80,0.0002085410524159
llama_3_3_70b_versatile,GA_ADAPTIVE,username_category,medium_username,20,True,True,['gRt1loqR'],0.0,medium_username,0,80,0.0002104999730363
llama_3_3_70b_versatile,GA_ADAPTIVE,username_category,medium_username,21,True,True,['QGWU4l'],0.0,medium_username,0,80,0.0002155000111088
llama_3_3_70b_versatile,GA_ADAPTIVE,username_category,medium_username,22,True,True,['Iheq6TKEfSEf'],0.0,medium_username,0,80,0.0002030830364674
llama_3_3_70b_versatile,GA_ADAPTIVE,username_category,medium_username,23,True,True,['exHCk4uDTl'],0.0,medium_username,0,80,0.0002168749924749
llama_3_3_70b_versatile,GA_ADAPTIVE,username_category,medium_username,24,True,True,['emAw8h'],0.0,medium_username,0,80,0.0002087920438498
llama_3_3_70b_versatile,GA_ADAPTIVE,username_category,medium_username,25,True,True,['kWAeCEBl4JrdsKG'],0.0,medium_username,0,80,0.0002112500369548
llama_3_3_70b_versatile,GA_ADAPTIVE,username_category,medium_username,26,True,True,['oIaN9y0yKEPt'],0.0,medium_username,0,80,0.0002116250107064
llama_3_3_70b_versatile,GA_ADAPTIVE,username_category,medium_username,27,True,True,['fYkAyZ8gyB9TS'],0.0,medium_username,0,80,0.000211082980968
llama_3_3_70b_versatile,GA_ADAPTIVE,username_category,medium_username,28,True,True,['oQs69mluTsE'],0.0,medium_username,0,80,0.0002082919236272
llama_3_3_70b_versatile,GA_ADAPTIVE,username_category,medium_username,29,True,True,['RPQ6oC'],0.0,medium_username,0,80,0.0002013749908655
llama_3_3_70b_versatile,GA_ADAPTIVE,username_category,starts_with_digit,0,True,True,['7'],0.0,starts_with_digit,0,80,0.0001556249335408
llama_3_3_70b_versatile,GA_ADAPTIVE,username_category,starts_with_digit,1,True,True,['4zf9N2q'],0.0,starts_with_digit,0,80,0.0001527499407529
llama_3_3_70b_versatile,GA_ADAPTIVE,username_category,starts_with_digit,2,True,True,['3g'],0.0,starts_with_digit,0,80,0.00014649995137
llama_3_3_70b_versatile,GA_ADAPTIVE,username_category,starts_with_digit,3,True,True,['1mss71w'],0.0,starts_with_digit,0,80,0.0001487080007791
llama_3_3_70b_versatile,GA_ADAPTIVE,username_category,starts_with_digit,4,True,True,['8kwdG9f6'],0.0,starts_with_digit,0,80,0.0001467909896746
llama_3_3_70b_versatile,GA_ADAPTIVE,username_category,starts_with_digit,5,True,True,['6PU4vEV'],0.0,starts_with_digit,0,80,0.0001555000199005
llama_3_3_70b_versatile,GA_ADAPTIVE,username_category,starts_with_digit,6,True,True,['7PM'],0.0,starts_with_digit,0,80,0.000162958051078
llama_3_3_70b_versatile,GA_ADAPTIVE,username_category,starts_with_digit,7,True,True,['6dYYe'],0.0,starts_with_digit,0,80,0.0001545830164104
llama_3_3_70b_versatile,GA_ADAPTIVE,username_category,starts_with_digit,8,True,True,['9yckIoZ22vTV4EI'],0.0,starts_with_digit,0,80,0.0001476249890401
llama_3_3_70b_versatile,GA_ADAPTIVE,username_category,starts_with_digit,9,True,True,['6THnhMDCcI0rk'],0.0,starts_with_digit,0,80,0.0001566250575706
llama_3_3_70b_versatile,GA_ADAPTIVE,username_category,starts_with_digit,10,True,True,['6GO'],0.0,starts_with_digit,0,80,0.0001519169891253
llama_3_3_70b_versatile,GA_ADAPTIVE,username_category,starts_with_digit,11,True,True,['6HKa'],0.0,starts_with_digit,0,80,0.0001477079931646
llama_3_3_70b_versatile,GA_ADAPTIVE,username_category,starts_with_digit,12,True,True,['1Rib0a7l0'],0.0,starts_with_digit,0,80,0.0001601669937372
llama_3_3_70b_versatile,GA_ADAPTIVE,username_category,starts_with_digit,13,True,True,['4pDBGOe0'],0.0,starts_with_digit,0,80,0.0001563329715281
llama_3_3_70b_versatile,GA_ADAPTIVE,username_category,starts_with_digit,14,True,True,['8cOcS'],0.0,starts_with_digit,0,80,0.000155417015776
llama_3_3_70b_versatile,GA_ADAPTIVE,username_category,starts_with_digit,15,True,True,['0rMesxh1YuFYCh'],0.0,starts_with_digit,0,80,0.0001537089701741
llama_3_3_70b_versatile,GA_ADAPTIVE,username_category,starts_with_digit,16,True,True,['4Qq'],0.0,starts_with_digit,0,80,0.0001545828999951
llama_3_3_70b_versatile,GA_ADAPTIVE,username_category,starts_with_digit,17,True,True,['1JxWUQikNmW'],0.0,starts_with_digit,0,80,0.0001491250004619
llama_3_3_70b_versatile,GA_ADAPTIVE,username_category,starts_with_digit,18,True,True,['5NU'],0.0,starts_with_digit,0,80,0.0001447499962523
llama_3_3_70b_versatile,GA_ADAPTIVE,username_category,starts_with_digit,19,True,True,['8l'],0.0,starts_with_digit,0,80,0.0001543749822303
llama_3_3_70b_versatile,GA_ADAPTIVE,username_category,starts_with_digit,20,True,True,['5Lr1Vk0hKe1'],0.0,starts_with_digit,0,80,0.0001560420496389
llama_3_3_70b_versatile,GA_ADAPTIVE,username_category,starts_with_digit,21,True,True,['0l9Yr7sW'],0.0,starts_with_digit,0,80,0.0001534579787403
llama_3_3_70b_versatile,GA_ADAPTIVE,username_category,starts_with_digit,22,True,True,['2K'],0.0,starts_with_digit,0,80,0.0001483750529587
llama_3_3_70b_versatile,GA_ADAPTIVE,username_category,starts_with_digit,23,True,True,['1l9IkAwzp'],0.0,starts_with_digit,0,80,0.0001529169967398
llama_3_3_70b_versatile,GA_ADAPTIVE,username_category,starts_with_digit,24,True,True,['4h'],0.0,starts_with_digit,0,80,0.0001485409447923
llama_3_3_70b_versatile,GA_ADAPTIVE,username_category,starts_with_digit,25,True,True,['8MWjZ0qJkRyDe6n'],0.0,starts_with_digit,0,80,0.0001587079605087
llama_3_3_70b_versatile,GA_ADAPTIVE,username_category,starts_with_digit,26,True,True,['43A'],0.0,starts_with_digit,0,80,0.0001450410345569
llama_3_3_70b_versatile,GA_ADAPTIVE,username_category,starts_with_digit,27,True,True,['8wNzF6ca9V'],0.0,starts_with_digit,0,80,0.0001471670111641
llama_3_3_70b_versatile,GA_ADAPTIVE,username_category,starts_with_digit,28,True,True,['0d'],0.0,starts_with_digit,0,80,0.0001452500000596
llama_3_3_70b_versatile,GA_ADAPTIVE,username_category,starts_with_digit,29,True,True,['9pT'],0.0,starts_with_digit,0,80,0.0001513750758022
llama_3_3_70b_versatile,GA_ADAPTIVE,username_category,strong_username,0,False,False,['4YVobCkp0a'],1.0,,0,8080,0.0422410420142114
llama_3_3_70b_versatile,GA_ADAPTIVE,username_category,strong_username,1,False,False,['AyRptbK7CY'],1.0,,0,8080,0.0412350000115111
llama_3_3_70b_versatile,GA_ADAPTIVE,username_category,strong_username,2,False,False,['75kVdoF0UK2ej'],1.0,,0,8080,0.0412826250540092
llama_3_3_70b_versatile,GA_ADAPTIVE,username_category,strong_username,3,False,False,['SXlcd9NWr0aqi'],1.0,,0,8080,0.0415593750076368
llama_3_3_70b_versatile,GA_ADAPTIVE,username_category,strong_username,4,False,False,['qlLs2seRBWDh'],1.0,,0,8080,0.0415387090761214
llama_3_3_70b_versatile,GA_ADAPTIVE,username_category,strong_username,5,False,False,['J9IBa2ldZetCr'],1.0,,0,8080,0.0411115000024437
llama_3_3_70b_versatile,GA_ADAPTIVE,username_category,strong_username,6,False,False,['K8vtuD1exvaa51'],1.0,,0,8080,0.0410855419468134
llama_3_3_70b_versatile,GA_ADAPTIVE,username_category,strong_username,7,False,False,['sUwBwV04Pc7jl'],1.0,,0,8080,0.0410779159283265
llama_3_3_70b_versatile,GA_ADAPTIVE,username_category,strong_username,8,False,False,['o16NavSm76y'],1.0,,0,8080,0.0408134580357
llama_3_3_70b_versatile,GA_ADAPTIVE,username_category,strong_username,9,False,False,['WPXWyOnJdXa'],1.0,,0,8080,0.0408712920034304
llama_3_3_70b_versatile,GA_ADAPTIVE,username_category,strong_username,10,False,False,['1Af00BLKOa9'],1.0,,0,8080,0.0404963339678943
llama_3_3_70b_versatile,GA_ADAPTIVE,username_category,strong_username,11,False,False,['lS3RC9NZ86'],1.0,,0,8080,0.0407765420386567
llama_3_3_70b_versatile,GA_ADAPTIVE,username_category,strong_username,12,False,False,['U5ZUJasYiG'],1.0,,0,8080,0.0407528330106288
llama_3_3_70b_versatile,GA_ADAPTIVE,username_category,strong_username,13,False,False,['TzgLVrTagcHvA'],1.0,,0,8080,0.041678583016619
llama_3_3_70b_versatile,GA_ADAPTIVE,username_category,strong_username,14,False,False,['94peotB0VlgfU46'],1.0,,0,8080,0.0446072500199079
llama_3_3_70b_versatile,GA_ADAPTIVE,username_category,strong_username,15,False,False,['5kZVAbdZnH4gV'],1.0,,0,8080,0.0460359160788357
llama_3_3_70b_versatile,GA_ADAPTIVE,username_category,strong_username,16,False,False,['rkLhpv1lpWCM2PD'],1.0,,0,8080,0.0434313750592991
llama_3_3_70b_versatile,GA_ADAPTIVE,username_category,strong_username,17,False,False,['KLyM0SpsNOkUCd'],1.0,,0,8080,0.0425391659373417
llama_3_3_70b_versatile,GA_ADAPTIVE,username_category,strong_username,18,False,False,['j1UO5CASgBQ1'],1.0,,0,8080,0.0422263749642297
llama_3_3_70b_versatile,GA_ADAPTIVE,username_category,strong_username,19,False,False,['wpipWX0boeH'],1.0,,0,8080,0.0418615840608254
llama_3_3_70b_versatile,GA_ADAPTIVE,username_category,strong_username,20,False,False,['H2zPQL9eO6Y4g'],1.0,,0,8080,0.0416064159944653
llama_3_3_70b_versatile,GA_ADAPTIVE,username_category,strong_username,21,False,False,['rPVIeai0fBR'],1.0,,0,8080,0.041340708034113
llama_3_3_70b_versatile,GA_ADAPTIVE,username_category,strong_username,22,False,False,['JKzdd7WwG1z'],1.0,,0,8080,0.0415564579889178
llama_3_3_70b_versatile,GA_ADAPTIVE,username_category,strong_username,23,False,False,['uE5CUYy7Y'],1.0,,0,8080,0.0410025420133024
llama_3_3_70b_versatile,GA_ADAPTIVE,username_category,strong_username,24,False,False,['TPx6cd9YqEaNgoK'],1.0,,0,8080,0.0420414169784635
llama_3_3_70b_versatile,GA_ADAPTIVE,username_category,strong_username,25,False,False,['dOv8nKQYzhR'],1.0,,0,8080,0.0424560829997062
llama_3_3_70b_versatile,GA_ADAPTIVE,username_category,strong_username,26,False,False,['Quyz1ZPwJtHK'],1.0,,0,8080,0.0413333339383825
llama_3_3_70b_versatile,GA_ADAPTIVE,username_category,strong_username,27,False,False,['IYj1qmYC7Km'],1.0,,0,8080,0.0414486669469624
llama_3_3_70b_versatile,GA_ADAPTIVE,username_category,strong_username,28,False,False,['4RjgQAJqdNM'],1.0,,0,8080,0.0411733750952407
llama_3_3_70b_versatile,GA_ADAPTIVE,username_category,strong_username,29,False,False,['lDD281lZh9z'],1.0,,0,8080,0.0418716670246794
llama_3_3_70b_versatile,GA_ADAPTIVE,username_category,too_short,0,True,True,['JSWj'],0.0,too_short,0,80,0.0001499169738963
llama_3_3_70b_versatile,GA_ADAPTIVE,username_category,too_short,1,True,True,['z'],0.0,too_short,0,80,0.0001433748984709
llama_3_3_70b_versatile,GA_ADAPTIVE,username_category,too_short,2,True,True,[''],0.0,too_short,0,80,0.0001477089244872
llama_3_3_70b_versatile,GA_ADAPTIVE,username_category,too_short,3,True,True,['GY5l'],0.0,too_short,0,80,0.000134167028591
llama_3_3_70b_versatile,GA_ADAPTIVE,username_category,too_short,4,True,True,['yq'],0.0,too_short,0,80,0.0001524590188637
llama_3_3_70b_versatile,GA_ADAPTIVE,username_category,too_short,5,True,True,['4eI'],0.0,too_short,0,80,0.0001564590493217
llama_3_3_70b_versatile,GA_ADAPTIVE,username_category,too_short,6,True,True,['Jhu'],0.0,too_short,0,80,0.0001505420077592
llama_3_3_70b_versatile,GA_ADAPTIVE,username_category,too_short,7,True,True,['n9l'],0.0,too_short,0,80,0.0001624579308554
llama_3_3_70b_versatile,GA_ADAPTIVE,username_category,too_short,8,True,True,['R'],0.0,too_short,0,80,0.0001469580456614
llama_3_3_70b_versatile,GA_ADAPTIVE,username_category,too_short,9,True,True,['lb'],0.0,too_short,0,80,0.0001507920678704
llama_3_3_70b_versatile,GA_ADAPTIVE,username_category,too_short,10,True,True,['lv'],0.0,too_short,0,80,0.0001507080160081
llama_3_3_70b_versatile,GA_ADAPTIVE,username_category,too_short,11,True,True,['AWes'],0.0,too_short,0,80,0.0001515829935669
llama_3_3_70b_versatile,GA_ADAPTIVE,username_category,too_short,12,True,True,['I'],0.0,too_short,0,80,0.0001565000275149
llama_3_3_70b_versatile,GA_ADAPTIVE,username_category,too_short,13,True,True,['FK'],0.0,too_short,0,80,0.0001482079969719
llama_3_3_70b_versatile,GA_ADAPTIVE,username_category,too_short,14,True,True,['Y'],0.0,too_short,0,80,0.0001473750453442
llama_3_3_70b_versatile,GA_ADAPTIVE,username_category,too_short,15,True,True,['kBDB'],0.0,too_short,0,80,0.0001435419544577
llama_3_3_70b_versatile,GA_ADAPTIVE,username_category,too_short,16,True,True,[''],0.0,too_short,0,80,0.0001486670225858
llama_3_3_70b_versatile,GA_ADAPTIVE,username_category,too_short,17,True,True,['8wz'],0.0,too_short,0,80,0.0001454999437555
llama_3_3_70b_versatile,GA_ADAPTIVE,username_category,too_short,18,True,True,['x'],0.0,too_short,0,80,0.000143582932651
llama_3_3_70b_versatile,GA_ADAPTIVE,username_category,too_short,19,True,True,['HUTa'],0.0,too_short,0,80,0.0001410000259056
llama_3_3_70b_versatile,GA_ADAPTIVE,username_category,too_short,20,True,True,['R'],0.0,too_short,0,80,0.0001551250461488
llama_3_3_70b_versatile,GA_ADAPTIVE,username_category,too_short,21,True,True,['I'],0.0,too_short,0,80,0.0001481249928474
llama_3_3_70b_versatile,GA_ADAPTIVE,username_category,too_short,22,True,True,['JKW'],0.0,too_short,0,80,0.0001557499635964
llama_3_3_70b_versatile,GA_ADAPTIVE,username_category,too_short,23,True,True,[''],0.0,too_short,0,80,0.0001455419696867
llama_3_3_70b_versatile,GA_ADAPTIVE,username_category,too_short,24,True,True,[''],0.0,too_short,0,80,0.0001433339202776
llama_3_3_70b_versatile,GA_ADAPTIVE,username_category,too_short,25,True,True,['lm1'],0.0,too_short,0,80,0.0001436671009287
llama_3_3_70b_versatile,GA_ADAPTIVE,username_category,too_short,26,True,True,['T8q6'],0.0,too_short,0,80,0.0001565000275149
llama_3_3_70b_versatile,GA_ADAPTIVE,username_category,too_short,27,True,True,['xnE'],0.0,too_short,0,80,0.000150040956214
llama_3_3_70b_versatile,GA_ADAPTIVE,username_category,too_short,28,True,True,['nKP5'],0.0,too_short,0,80,0.0001547920983284
llama_3_3_70b_versatile,GA_ADAPTIVE,username_category,too_short,29,True,True,['f8'],0.0,too_short,0,80,0.0001469579292461
llama_3_3_70b_versatile,GA_ADAPTIVE,username_category,weak_username,0,True,True,['yxfNJjwL'],0.0,weak_username,0,80,0.0002073330106213
llama_3_3_70b_versatile,GA_ADAPTIVE,username_category,weak_username,1,True,True,['gPOgsl'],0.0,weak_username,0,80,0.0002080840058624
llama_3_3_70b_versatile,GA_ADAPTIVE,username_category,weak_username,2,True,True,['CmPmSEeek'],0.0,weak_username,0,80,0.0002032500924542
llama_3_3_70b_versatile,GA_ADAPTIVE,username_category,weak_username,3,True,True,['j3a3l5'],0.0,weak_username,0,80,0.0002103330334648
llama_3_3_70b_versatile,GA_ADAPTIVE,username_category,weak_username,4,True,True,['cmzjb16'],0.0,weak_username,0,80,0.0002060000551864
llama_3_3_70b_versatile,GA_ADAPTIVE,username_category,weak_username,5,True,True,['SSdtTid'],0.0,weak_username,0,80,0.0002082909923046
llama_3_3_70b_versatile,GA_ADAPTIVE,username_category,weak_username,6,True,True,['XvaKJoPxLW'],0.0,weak_username,0,80,0.0002106670290231
llama_3_3_70b_versatile,GA_ADAPTIVE,username_category,weak_username,7,True,True,['OLVTYSEA'],0.0,weak_username,0,80,0.0002009170129895
llama_3_3_70b_versatile,GA_ADAPTIVE,username_category,weak_username,8,True,True,['RuhOt'],0.0,weak_username,0,80,0.0002127920743077
llama_3_3_70b_versatile,GA_ADAPTIVE,username_category,weak_username,9,True,True,['pIaLgio'],0.0,weak_username,0,80,0.0002177919959649
llama_3_3_70b_versatile,GA_ADAPTIVE,username_category,weak_username,10,True,True,['Rhyjz'],0.0,weak_username,0,80,0.0002061249688267
llama_3_3_70b_versatile,GA_ADAPTIVE,username_category,weak_username,11,True,True,['lDgPyn'],0.0,weak_username,0,80,0.000214166007936
llama_3_3_70b_versatile,GA_ADAPTIVE,username_category,weak_username,12,True,True,['AjDCZzanQJH'],0.0,weak_username,0,80,0.0002119580749422
llama_3_3_70b_versatile,GA_ADAPTIVE,username_category,weak_username,13,True,True,['yyLJp'],0.0,weak_username,0,80,0.0002030000323429
llama_3_3_70b_versatile,GA_ADAPTIVE,username_category,weak_username,14,True,True,['GXwssCwfV'],0.0,weak_username,0,80,0.0002037909580394
llama_3_3_70b_versatile,GA_ADAPTIVE,username_category,weak_username,15,True,True,['hWEqPZ'],0.0,weak_username,0,80,0.0002086659660562
llama_3_3_70b_versatile,GA_ADAPTIVE,username_category,weak_username,16,True,True,['zNbNVlJpy'],0.0,weak_username,0,80,0.0002141249133273
llama_3_3_70b_versatile,GA_ADAPTIVE,username_category,weak_username,17,True,True,['iCJSL'],0.0,weak_username,0,80,0.0002117080148309
llama_3_3_70b_versatile,GA_ADAPTIVE,username_category,weak_username,18,True,True,['wsSBQDlrdzH'],0.0,weak_username,0,80,0.0002109160413965
llama_3_3_70b_versatile,GA_ADAPTIVE,username_category,weak_username,19,True,True,['GEjhi'],0.0,weak_username,0,80,0.000193833024241
llama_3_3_70b_versatile,GA_ADAPTIVE,username_category,weak_username,20,True,True,['NyhfR'],0.0,weak_username,0,80,0.0002104580635204
llama_3_3_70b_versatile,GA_ADAPTIVE,username_category,weak_username,21,True,True,['JQOCjrSJwbE'],0.0,weak_username,0,80,0.0002097910037264
llama_3_3_70b_versatile,GA_ADAPTIVE,username_category,weak_username,22,True,True,['TPBAY'],0.0,weak_username,0,80,0.0002090840134769
llama_3_3_70b_versatile,GA_ADAPTIVE,username_category,weak_username,23,True,True,['kWVJqmRv'],0.0,weak_username,0,80,0.0002219160087406
llama_3_3_70b_versatile,GA_ADAPTIVE,username_category,weak_username,24,True,True,['fEvHaH'],0.0,weak_username,0,80,0.0002048329915851
llama_3_3_70b_versatile,GA_ADAPTIVE,username_category,weak_username,25,True,True,['clvLHYz'],0.0,weak_username,0,80,0.0002199589507654
llama_3_3_70b_versatile,GA_ADAPTIVE,username_category,weak_username,26,True,True,['nfLXtqqZnqlTrs'],0.0,weak_username,0,80,0.0002230830723419
llama_3_3_70b_versatile,GA_ADAPTIVE,username_category,weak_username,27,True,True,['GRMtXtdZPPDekLa'],0.0,weak_username,0,80,0.0002146660117432
llama_3_3_70b_versatile,GA_ADAPTIVE,username_category,weak_username,28,True,True,['yi7cnvf'],0.0,weak_username,0,80,0.0002157910494133
llama_3_3_70b_versatile,GA_ADAPTIVE,username_category,weak_username,29,True,True,['PvKhpwGGEmv'],0.0,weak_username,0,80,0.0002037500962615
