model,method,function_name,target,run_id,found,validated,best_chromosome,best_fitness,reached_branch,generation,evaluations,runtime
gemini_2_5_flash,HILL_CLIMBING,bmi_category,invalid_height,0,True,True,"[2421.314415658075, 0.0]",0.0,invalid_height,110,111,0.0002952920040115714
gemini_2_5_flash,HILL_CLIMBING,bmi_category,invalid_height,1,True,True,"[1382.963568674873, 0.0]",0.0,invalid_height,555,556,0.0009557920275256038
gemini_2_5_flash,HILL_CLIMBING,bmi_category,invalid_height,2,True,True,"[232.39533027696012, 0.0]",0.0,invalid_height,456,457,0.0007417919114232063
gemini_2_5_flash,HILL_CLIMBING,bmi_category,invalid_height,3,True,True,"[2508.797339444712, 0.0]",0.0,invalid_height,227,228,0.00039041705895215273
gemini_2_5_flash,HILL_CLIMBING,bmi_category,invalid_height,4,True,True,"[1375.202773194734, 0.0]",0.0,invalid_height,293,294,0.00048216700088232756
gemini_2_5_flash,HILL_CLIMBING,bmi_category,invalid_height,5,True,True,"[11.130467905116303, 0.0]",0.0,invalid_height,184,185,0.000374582945369184
gemini_2_5_flash,HILL_CLIMBING,bmi_category,invalid_height,6,True,True,"[2574.5366419085294, 0.0]",0.0,invalid_height,205,206,0.00042741699144244194
gemini_2_5_flash,HILL_CLIMBING,bmi_category,invalid_height,7,True,True,"[2468.1588985674102, 0.0]",0.0,invalid_height,371,372,0.000750000006519258
gemini_2_5_flash,HILL_CLIMBING,bmi_category,invalid_height,8,True,True,"[371.5630935464205, 0.0]",0.0,invalid_height,228,229,0.00047733401879668236
gemini_2_5_flash,HILL_CLIMBING,bmi_category,invalid_height,9,True,True,"[472.3270672459111, 0.0]",0.0,invalid_height,376,377,0.000750000006519258
gemini_2_5_flash,HILL_CLIMBING,bmi_category,invalid_height,10,True,True,"[56.97291821955852, 0.0]",0.0,invalid_height,259,260,0.0005065830191597342
gemini_2_5_flash,HILL_CLIMBING,bmi_category,invalid_height,11,True,True,"[2018.7082579469227, 0.0]",0.0,invalid_height,338,339,0.0006791249616071582
gemini_2_5_flash,HILL_CLIMBING,bmi_category,invalid_height,12,True,True,"[1041.770257775222, 0.0]",0.0,invalid_height,308,309,0.000622540945187211
gemini_2_5_flash,HILL_CLIMBING,bmi_category,invalid_height,13,True,True,"[993.7541410386106, 0.0]",0.0,invalid_height,154,155,0.0003405830357223749
gemini_2_5_flash,HILL_CLIMBING,bmi_category,invalid_height,14,True,True,"[341.53390144374475, 0.0]",0.0,invalid_height,164,165,0.0003357080277055502
gemini_2_5_flash,HILL_CLIMBING,bmi_category,invalid_height,15,True,True,"[1801.9264059609525, 0.0]",0.0,invalid_height,269,270,0.0005567499902099371
gemini_2_5_flash,HILL_CLIMBING,bmi_category,invalid_height,16,True,True,"[2314.007603438625, 0.0]",0.0,invalid_height,248,249,0.0004712499212473631
gemini_2_5_flash,HILL_CLIMBING,bmi_category,invalid_height,17,True,True,"[2385.3731393074445, 0.0]",0.0,invalid_height,356,357,0.000657416065223515
gemini_2_5_flash,HILL_CLIMBING,bmi_category,invalid_height,18,True,True,"[2219.363737522354, 0.0]",0.0,invalid_height,172,173,0.00033604202326387167
gemini_2_5_flash,HILL_CLIMBING,bmi_category,invalid_height,19,True,True,"[2626.2667541101105, 0.0]",0.0,invalid_height,218,219,0.0004356659483164549
gemini_2_5_flash,HILL_CLIMBING,bmi_category,invalid_height,20,True,True,"[1911.1232043631521, 0.0]",0.0,invalid_height,403,404,0.000800540903583169
gemini_2_5_flash,HILL_CLIMBING,bmi_category,invalid_height,21,True,True,"[1901.5441556014769, 0.0]",0.0,invalid_height,529,530,0.0010042920475825667
gemini_2_5_flash,HILL_CLIMBING,bmi_category,invalid_height,22,True,True,"[1820.4756052191144, 0.0]",0.0,invalid_height,342,343,0.0006825419841334224
gemini_2_5_flash,HILL_CLIMBING,bmi_category,invalid_height,23,True,True,"[88.38599091747906, 0.0]",0.0,invalid_height,81,82,0.00015795801300555468
gemini_2_5_flash,HILL_CLIMBING,bmi_category,invalid_height,24,True,True,"[1881.3045316289795, 0.0]",0.0,invalid_height,121,122,0.00023637502454221249
gemini_2_5_flash,HILL_CLIMBING,bmi_category,invalid_height,25,True,True,"[1768.1091429755775, 0.0]",0.0,invalid_height,232,233,0.00045470893383026123
gemini_2_5_flash,HILL_CLIMBING,bmi_category,invalid_height,26,True,True,"[647.8674288609018, 0.0]",0.0,invalid_height,158,159,0.0003126249648630619
gemini_2_5_flash,HILL_CLIMBING,bmi_category,invalid_height,27,True,True,"[2287.0201307568673, 0.0]",0.0,invalid_height,108,109,0.0001985830022022128
gemini_2_5_flash,HILL_CLIMBING,bmi_category,invalid_height,28,True,True,"[1312.5397517562799, 0.0]",0.0,invalid_height,234,235,0.00042345805559307337
gemini_2_5_flash,HILL_CLIMBING,bmi_category,invalid_height,29,True,True,"[2344.437928482711, 0.0]",0.0,invalid_height,152,153,0.0002785830292850733
gemini_2_5_flash,HILL_CLIMBING,bmi_category,underweight,0,True,True,"[1467.6298205249675, 2458.819968318202]",0.0,underweight,0,1,3.6660348996520042e-06
gemini_2_5_flash,HILL_CLIMBING,bmi_category,underweight,1,True,True,"[2351.691122605778, 1264.8630299573697]",0.0,underweight,0,1,3.2079406082630157e-06
gemini_2_5_flash,HILL_CLIMBING,bmi_category,underweight,2,True,True,"[1345.499127210288, 1711.0674826424508]",0.0,underweight,0,1,3.1249364838004112e-06
gemini_2_5_flash,HILL_CLIMBING,bmi_category,underweight,3,True,True,"[1282.2576769849318, 2999.996178914648]",0.0,underweight,0,1,3.125052899122238e-06
gemini_2_5_flash,HILL_CLIMBING,bmi_category,underweight,4,True,True,"[334.99261129729473, 1479.055136970107]",0.0,underweight,0,1,2.9999064281582832e-06
gemini_2_5_flash,HILL_CLIMBING,bmi_category,underweight,5,True,True,"[1433.901190068641, 491.6071022530388]",0.0,underweight,0,1,2.8329668566584587e-06
gemini_2_5_flash,HILL_CLIMBING,bmi_category,underweight,6,True,True,"[2929.4889273927843, 155.04919525281136]",0.0,underweight,0,1,2.7919886633753777e-06
gemini_2_5_flash,HILL_CLIMBING,bmi_category,underweight,7,True,True,"[617.1863340079906, 1327.1588789344378]",0.0,underweight,0,1,3.2499665394425392e-06
gemini_2_5_flash,HILL_CLIMBING,bmi_category,underweight,8,True,True,"[1132.6323220774627, 1385.686255956366]",0.0,underweight,0,1,2.9170187190175056e-06
gemini_2_5_flash,HILL_CLIMBING,bmi_category,underweight,9,True,True,"[2437.939773957212, 2367.4791730857924]",0.0,underweight,0,1,4.541012458503246e-06
gemini_2_5_flash,HILL_CLIMBING,bmi_category,underweight,10,True,True,"[2453.2618778780848, 272.17149301361786]",0.0,underweight,0,1,2.9170187190175056e-06
gemini_2_5_flash,HILL_CLIMBING,bmi_category,underweight,11,True,True,"[1582.3364268150326, 78.45196345315408]",0.0,underweight,0,1,2.874992787837982e-06
gemini_2_5_flash,HILL_CLIMBING,bmi_category,underweight,12,True,True,"[104.28428510607036, 1383.3779642138252]",0.0,underweight,0,1,2.7909409254789352e-06
gemini_2_5_flash,HILL_CLIMBING,bmi_category,underweight,13,True,True,"[111.02736951500746, 772.0003234916734]",0.0,underweight,0,1,2.9170187190175056e-06
gemini_2_5_flash,HILL_CLIMBING,bmi_category,underweight,14,True,True,"[717.2962563367525, 1662.0291042681044]",0.0,underweight,0,1,2.874992787837982e-06
gemini_2_5_flash,HILL_CLIMBING,bmi_category,underweight,15,True,True,"[2537.231236507731, 2217.988750656077]",0.0,underweight,0,1,2.874992787837982e-06
gemini_2_5_flash,HILL_CLIMBING,bmi_category,underweight,16,True,True,"[1319.1011257706236, 948.1679590146246]",0.0,underweight,0,1,2.7909409254789352e-06
gemini_2_5_flash,HILL_CLIMBING,bmi_category,underweight,17,True,True,"[1352.0646559702332, 285.0621777138229]",0.0,underweight,0,1,2.834014594554901e-06
gemini_2_5_flash,HILL_CLIMBING,bmi_category,underweight,18,True,True,"[2991.7238827326723, 2787.7860266816488]",0.0,underweight,0,1,2.7919886633753777e-06
gemini_2_5_flash,HILL_CLIMBING,bmi_category,underweight,19,True,True,"[2828.6675212649116, 297.4876262579166]",0.0,underweight,0,1,2.874992787837982e-06
gemini_2_5_flash,HILL_CLIMBING,bmi_category,underweight,20,True,True,"[2875.0693093861723, 1011.5507388806492]",0.0,underweight,0,1,2.7921050786972046e-06
gemini_2_5_flash,HILL_CLIMBING,bmi_category,underweight,21,True,True,"[1886.4475642541854, 2966.457187869294]",0.0,underweight,0,1,2.749962732195854e-06
gemini_2_5_flash,HILL_CLIMBING,bmi_category,underweight,22,True,True,"[1612.3505766735861, 1466.7140804383882]",0.0,underweight,0,1,2.7919886633753777e-06
gemini_2_5_flash,HILL_CLIMBING,bmi_category,underweight,23,True,True,"[2134.640256425348, 1435.3904391527713]",0.0,underweight,0,1,2.749962732195854e-06
gemini_2_5_flash,HILL_CLIMBING,bmi_category,underweight,24,True,True,"[503.62132290080484, 2574.338813885029]",0.0,underweight,0,1,2.9170187190175056e-06
gemini_2_5_flash,HILL_CLIMBING,bmi_category,underweight,25,True,True,"[360.8244990124756, 1276.8759501162604]",0.0,underweight,0,1,3.084074705839157e-06
gemini_2_5_flash,HILL_CLIMBING,bmi_category,underweight,26,True,True,"[220.09463133861863, 2771.466852641245]",0.0,underweight,0,1,2.8330832719802856e-06
gemini_2_5_flash,HILL_CLIMBING,bmi_category,underweight,27,True,True,"[2918.459322736, 2006.09875526272]",0.0,underweight,0,1,2.7919886633753777e-06
gemini_2_5_flash,HILL_CLIMBING,bmi_category,underweight,28,True,True,"[81.5986123439313, 1500.9262629141833]",0.0,underweight,0,1,2.875109203159809e-06
gemini_2_5_flash,HILL_CLIMBING,bmi_category,underweight,29,True,True,"[129.1506433018752, 40.721046057523246]",0.0,underweight,0,1,2.7919886633753777e-06
gemini_2_5_flash,HILL_CLIMBING,bmi_category,normal,0,True,True,"[2989.046685845835, 12.294795039889546]",0.0,normal,466,467,0.0008436670759692788
gemini_2_5_flash,HILL_CLIMBING,bmi_category,normal,1,True,True,"[2184.593224707807, 10.710774974667325]",0.0,normal,36,37,8.274998981505632e-05
gemini_2_5_flash,HILL_CLIMBING,bmi_category,normal,2,True,True,"[2876.6880318135354, 12.3167992790049]",0.0,normal,217,218,0.0004131660098209977
gemini_2_5_flash,HILL_CLIMBING,bmi_category,normal,3,True,True,"[2978.276701428151, 12.632741234205437]",0.0,normal,199,200,0.00036987499333918095
gemini_2_5_flash,HILL_CLIMBING,bmi_category,normal,4,True,True,"[2727.5963273378097, 11.244481849623746]",0.0,normal,134,135,0.0002425409620627761
gemini_2_5_flash,HILL_CLIMBING,bmi_category,normal,5,True,True,"[2991.441717512595, 12.39262256728396]",0.0,normal,329,330,0.0006461669690907001
gemini_2_5_flash,HILL_CLIMBING,bmi_category,normal,6,True,True,"[2845.112413999868, 11.974014791731856]",0.0,normal,255,256,0.0004689169581979513
gemini_2_5_flash,HILL_CLIMBING,bmi_category,normal,7,True,True,"[2871.8656398224844, 12.353988879695601]",0.0,normal,543,544,0.0009529580129310489
gemini_2_5_flash,HILL_CLIMBING,bmi_category,normal,8,True,True,"[2852.1143384470784, 11.963467886023334]",0.0,normal,293,294,0.0005380420479923487
gemini_2_5_flash,HILL_CLIMBING,bmi_category,normal,9,True,True,"[2779.457266955654, 11.954643340666522]",0.0,normal,50,51,0.00010266597382724285
gemini_2_5_flash,HILL_CLIMBING,bmi_category,normal,10,True,True,"[2237.047186764647, 10.710820921801368]",0.0,normal,229,230,0.00039537495467811823
gemini_2_5_flash,HILL_CLIMBING,bmi_category,normal,11,True,True,"[2889.8943903088652, 12.090898336800697]",0.0,normal,481,482,0.0008287919918075204
gemini_2_5_flash,HILL_CLIMBING,bmi_category,normal,12,True,True,"[2835.324534912299, 11.591667148021363]",0.0,normal,284,285,0.0005057499511167407
gemini_2_5_flash,HILL_CLIMBING,bmi_category,normal,13,True,True,"[3000.0, 10.969131020221457]",0.0,normal,79,80,0.00015183305367827415
gemini_2_5_flash,HILL_CLIMBING,bmi_category,normal,14,True,True,"[2948.1213253528567, 11.729702278145403]",0.0,normal,111,112,0.00018516601994633675
gemini_2_5_flash,HILL_CLIMBING,bmi_category,normal,15,True,True,"[2870.517276823162, 11.882283604846515]",0.0,normal,310,311,0.0005490418989211321
gemini_2_5_flash,HILL_CLIMBING,bmi_category,normal,16,True,True,"[2843.486658457557, 12.305251541797864]",0.0,normal,182,183,0.0003192499279975891
gemini_2_5_flash,HILL_CLIMBING,bmi_category,normal,17,True,True,"[2759.8129866633994, 12.009266922743269]",0.0,normal,221,222,0.00037591601721942425
gemini_2_5_flash,HILL_CLIMBING,bmi_category,normal,18,True,True,"[2935.490576054208, 12.401332349904399]",0.0,normal,142,143,0.00026370794512331486
gemini_2_5_flash,HILL_CLIMBING,bmi_category,normal,19,True,True,"[2897.451234116389, 12.351940930887807]",0.0,normal,646,647,0.0010781669989228249
gemini_2_5_flash,HILL_CLIMBING,bmi_category,normal,20,True,True,"[2515.019811491417, 11.276905220015284]",0.0,normal,221,222,0.00038316589780151844
gemini_2_5_flash,HILL_CLIMBING,bmi_category,normal,21,True,True,"[2852.067577708762, 11.825358595109387]",0.0,normal,181,182,0.00031883292831480503
gemini_2_5_flash,HILL_CLIMBING,bmi_category,normal,22,True,True,"[1691.9160491071964, 9.123586597771615]",0.0,normal,118,119,0.00020704197231680155
gemini_2_5_flash,HILL_CLIMBING,bmi_category,normal,23,True,True,"[2921.5782712957966, 11.898254816762039]",0.0,normal,655,656,0.0010647500166669488
gemini_2_5_flash,HILL_CLIMBING,bmi_category,normal,24,True,True,"[1372.840797709941, 8.359146539390515]",0.0,normal,95,96,0.0001582909608259797
gemini_2_5_flash,HILL_CLIMBING,bmi_category,normal,25,True,True,"[1896.0170268063812, 9.718083154313327]",0.0,normal,29,30,5.300005432218313e-05
gemini_2_5_flash,HILL_CLIMBING,bmi_category,normal,26,True,True,"[2888.298556999975, 11.883010202592441]",0.0,normal,610,611,0.0009941250318661332
gemini_2_5_flash,HILL_CLIMBING,bmi_category,normal,27,True,True,"[2864.391567078775, 11.44265406746218]",0.0,normal,203,204,0.0003294579219073057
gemini_2_5_flash,HILL_CLIMBING,bmi_category,normal,28,True,True,"[2958.126646727004, 12.174823683228974]",0.0,normal,231,232,0.00038287497591227293
gemini_2_5_flash,HILL_CLIMBING,bmi_category,normal,29,True,True,"[2952.7257352737915, 12.156612837224245]",0.0,normal,566,567,0.0009311250178143382
gemini_2_5_flash,HILL_CLIMBING,bmi_category,overweight,0,True,True,"[2977.731664309497, 10.165642231840476]",0.0,overweight,686,687,0.0011494170175865293
gemini_2_5_flash,HILL_CLIMBING,bmi_category,overweight,1,True,True,"[2500.3040126636765, 9.70088227991219]",0.0,overweight,277,278,0.00048437505029141903
gemini_2_5_flash,HILL_CLIMBING,bmi_category,overweight,2,True,True,"[2831.400246353341, 10.439044302346076]",0.0,overweight,169,170,0.0002827920252457261
gemini_2_5_flash,HILL_CLIMBING,bmi_category,overweight,3,True,True,"[2851.4363340128148, 10.59406447961311]",0.0,overweight,396,397,0.0006785000441595912
gemini_2_5_flash,HILL_CLIMBING,bmi_category,overweight,4,True,True,"[2540.367344759382, 9.658594346678209]",0.0,overweight,154,155,0.0002500420669093728
gemini_2_5_flash,HILL_CLIMBING,bmi_category,overweight,5,True,True,"[2990.854479759707, 10.933559394550969]",0.0,overweight,382,383,0.0006127910455688834
gemini_2_5_flash,HILL_CLIMBING,bmi_category,overweight,6,True,True,"[1887.219154736194, 8.372902417809804]",0.0,overweight,75,76,0.00012508302461355925
gemini_2_5_flash,HILL_CLIMBING,bmi_category,overweight,7,True,True,"[1895.6400769969655, 8.302835387522745]",0.0,overweight,33,34,5.979195702821016e-05
gemini_2_5_flash,HILL_CLIMBING,bmi_category,overweight,8,True,True,"[2981.8557999712, 10.535572817811664]",0.0,overweight,204,205,0.0003267910797148943
gemini_2_5_flash,HILL_CLIMBING,bmi_category,overweight,9,True,True,"[2974.0281104606624, 10.5258630320388]",0.0,overweight,593,594,0.0009704999392852187
gemini_2_5_flash,HILL_CLIMBING,bmi_category,overweight,10,True,True,"[2978.502220451753, 10.82933308120931]",0.0,overweight,447,448,0.0007244589505717158
gemini_2_5_flash,HILL_CLIMBING,bmi_category,overweight,11,True,True,"[977.2830970558266, 5.8679864173631255]",0.0,overweight,312,313,0.0005020829848945141
gemini_2_5_flash,HILL_CLIMBING,bmi_category,overweight,12,True,True,"[2931.7993225201108, 9.997473194172484]",0.0,overweight,302,303,0.00048824993427842855
gemini_2_5_flash,HILL_CLIMBING,bmi_category,overweight,13,True,True,"[2962.602580915179, 10.764685312692334]",0.0,overweight,215,216,0.0003562920028343797
gemini_2_5_flash,HILL_CLIMBING,bmi_category,overweight,14,True,True,"[2966.9551882628602, 10.87010533520509]",0.0,overweight,241,242,0.0003611251013353467
gemini_2_5_flash,HILL_CLIMBING,bmi_category,overweight,15,True,True,"[753.2971641937744, 5.226768047591535]",0.0,overweight,245,246,0.00038733298424631357
gemini_2_5_flash,HILL_CLIMBING,bmi_category,overweight,16,True,True,"[2916.09596583635, 10.233863365814312]",0.0,overweight,349,350,0.0005628339713439345
gemini_2_5_flash,HILL_CLIMBING,bmi_category,overweight,17,True,True,"[1202.352772887365, 6.5303842220695305]",0.0,overweight,68,69,0.00012295902706682682
gemini_2_5_flash,HILL_CLIMBING,bmi_category,overweight,18,True,True,"[2976.187711153543, 10.3024028308345]",0.0,overweight,337,338,0.0005451659671962261
gemini_2_5_flash,HILL_CLIMBING,bmi_category,overweight,19,True,True,"[2899.563836187969, 9.901032224592443]",0.0,overweight,294,295,0.0004950000438839197
gemini_2_5_flash,HILL_CLIMBING,bmi_category,overweight,20,True,True,"[2787.6512173203264, 10.503458352627923]",0.0,overweight,610,611,0.0009679159848019481
gemini_2_5_flash,HILL_CLIMBING,bmi_category,overweight,21,True,True,"[2900.774950511448, 9.927391269155873]",0.0,overweight,277,278,0.0004545419942587614
gemini_2_5_flash,HILL_CLIMBING,bmi_category,overweight,22,True,True,"[2990.0645427839827, 10.044771845218609]",0.0,overweight,573,574,0.0009221249492838979
gemini_2_5_flash,HILL_CLIMBING,bmi_category,overweight,23,True,True,"[2518.22784772661, 9.67274938057606]",0.0,overweight,75,76,0.00012574996799230576
gemini_2_5_flash,HILL_CLIMBING,bmi_category,overweight,24,True,True,"[2796.874111190073, 10.33386244238797]",0.0,overweight,481,482,0.0007472920697182417
gemini_2_5_flash,HILL_CLIMBING,bmi_category,overweight,25,True,True,"[514.0054902088224, 4.160259802925558]",0.0,overweight,61,62,0.00010929105337709188
gemini_2_5_flash,HILL_CLIMBING,bmi_category,overweight,26,True,True,"[2985.3749030543386, 10.896169836735108]",0.0,overweight,204,205,0.00033591699320822954
gemini_2_5_flash,HILL_CLIMBING,bmi_category,overweight,27,True,True,"[29.214103347908583, 1.0]",0.0,overweight,750,751,0.0011015000054612756
gemini_2_5_flash,HILL_CLIMBING,bmi_category,overweight,28,True,True,"[2991.541707602841, 10.173383672403318]",0.0,overweight,216,217,0.0003637499175965786
gemini_2_5_flash,HILL_CLIMBING,bmi_category,overweight,29,True,True,"[2856.341691881478, 10.22800460459728]",0.0,overweight,630,631,0.0010055419988930225
gemini_2_5_flash,HILL_CLIMBING,bmi_category,obese,0,True,True,"[2872.945392600063, 9.302726097817386]",0.0,obese,362,363,0.0005667919758707285
gemini_2_5_flash,HILL_CLIMBING,bmi_category,obese,1,True,True,"[2812.037873219531, 9.49863796349645]",0.0,obese,401,402,0.0006251659942790866
gemini_2_5_flash,HILL_CLIMBING,bmi_category,obese,2,True,True,"[2639.2246716533505, 9.018195310544021]",0.0,obese,395,396,0.0006135419243946671
gemini_2_5_flash,HILL_CLIMBING,bmi_category,obese,3,True,True,"[2989.5975494516324, 9.695557817287677]",0.0,obese,402,403,0.0006169590633362532
gemini_2_5_flash,HILL_CLIMBING,bmi_category,obese,4,True,True,"[2961.8711829014524, 9.82623169705218]",0.0,obese,212,213,0.00032254098914563656
gemini_2_5_flash,HILL_CLIMBING,bmi_category,obese,5,True,True,"[2995.062926723399, 9.557242212237586]",0.0,obese,757,758,0.0011389160063117743
gemini_2_5_flash,HILL_CLIMBING,bmi_category,obese,6,True,True,"[2963.6983180471957, 7.298857262605152]",0.0,obese,227,228,0.0003613749286159873
gemini_2_5_flash,HILL_CLIMBING,bmi_category,obese,7,True,True,"[2888.5526695347444, 9.808374479835729]",0.0,obese,56,57,0.00011112506035715342
gemini_2_5_flash,HILL_CLIMBING,bmi_category,obese,8,True,True,"[2802.0861437766416, 5.637314514204572]",0.0,obese,43,44,7.974996697157621e-05
gemini_2_5_flash,HILL_CLIMBING,bmi_category,obese,9,True,True,"[2904.0048745437, 8.867771623836468]",0.0,obese,315,316,0.0004933340242132545
gemini_2_5_flash,HILL_CLIMBING,bmi_category,obese,10,True,True,"[2963.314851860646, 9.2741627516773]",0.0,obese,235,236,0.0003606670070439577
gemini_2_5_flash,HILL_CLIMBING,bmi_category,obese,11,True,True,"[2987.7481055676712, 0.9695401912729329]",0.0,obese,127,128,0.00020704208873212337
gemini_2_5_flash,HILL_CLIMBING,bmi_category,obese,12,True,True,"[2932.5178205812326, 9.847001414536953]",0.0,obese,453,454,0.0006520419847220182
gemini_2_5_flash,HILL_CLIMBING,bmi_category,obese,13,True,True,"[2696.2342468255906, 9.362396329258328]",0.0,obese,326,327,0.0004952920135110617
gemini_2_5_flash,HILL_CLIMBING,bmi_category,obese,14,True,True,"[2495.148383150294, 9.067586125186796]",0.0,obese,130,131,0.00020329200197011232
gemini_2_5_flash,HILL_CLIMBING,bmi_category,obese,15,True,True,"[2542.0955588592656, 9.041844423888081]",0.0,obese,143,144,0.00023875001352280378
gemini_2_5_flash,HILL_CLIMBING,bmi_category,obese,16,True,True,"[2516.7563316495416, 9.158276987272732]",0.0,obese,229,230,0.0003584580263122916
gemini_2_5_flash,HILL_CLIMBING,bmi_category,obese,17,True,True,"[2884.662594286271, 3.7936409392589354]",0.0,obese,61,62,0.00010491604916751385
gemini_2_5_flash,HILL_CLIMBING,bmi_category,obese,18,True,True,"[2132.2395760219874, 5.516575721372541]",0.0,obese,78,79,0.00013695796951651573
gemini_2_5_flash,HILL_CLIMBING,bmi_category,obese,19,True,True,"[2978.9206314283138, 9.921462372613702]",0.0,obese,97,98,0.0001602090196684003
gemini_2_5_flash,HILL_CLIMBING,bmi_category,obese,20,True,True,"[2937.804493240963, 9.108149156090134]",0.0,obese,399,400,0.0006168750114738941
gemini_2_5_flash,HILL_CLIMBING,bmi_category,obese,21,True,True,"[2730.949995219522, 8.688355285094266]",0.0,obese,153,154,0.00024862494319677353
gemini_2_5_flash,HILL_CLIMBING,bmi_category,obese,22,True,True,"[2970.579718911873, 9.851955196061068]",0.0,obese,209,210,0.00034499994944781065
gemini_2_5_flash,HILL_CLIMBING,bmi_category,obese,23,True,True,"[2936.8769398354298, 9.314523672776593]",0.0,obese,245,246,0.0003719580126926303
gemini_2_5_flash,HILL_CLIMBING,bmi_category,obese,24,True,True,"[2206.143408568216, 8.212384681196617]",0.0,obese,222,223,0.0003237919881939888
gemini_2_5_flash,HILL_CLIMBING,bmi_category,obese,25,True,True,"[2982.9592960428536, 9.666831371359235]",0.0,obese,323,324,0.00048699998296797276
gemini_2_5_flash,HILL_CLIMBING,bmi_category,obese,26,True,True,"[2817.746799976233, 9.174079948197567]",0.0,obese,469,470,0.0007166250143200159
gemini_2_5_flash,HILL_CLIMBING,bmi_category,obese,27,True,True,"[2644.7615497387064, 8.647625295747314]",0.0,obese,119,120,0.00020595802925527096
gemini_2_5_flash,HILL_CLIMBING,bmi_category,obese,28,True,True,"[2968.309037504649, 6.477447628609245]",0.0,obese,223,224,0.0003391669597476721
gemini_2_5_flash,HILL_CLIMBING,bmi_category,obese,29,True,True,"[2977.3406788235566, 7.098089041775779]",0.0,obese,238,239,0.00036629103124141693
gemini_2_5_flash,HILL_CLIMBING,list_pattern,too_short,0,True,True,[[16]],0.0,too_short,25,26,9.670795407146215e-05
gemini_2_5_flash,HILL_CLIMBING,list_pattern,too_short,1,True,True,[[-11]],0.0,too_short,4,5,2.0083971321582794e-05
gemini_2_5_flash,HILL_CLIMBING,list_pattern,too_short,2,True,True,[[2]],0.0,too_short,15,16,4.0624989196658134e-05
gemini_2_5_flash,HILL_CLIMBING,list_pattern,too_short,3,True,True,[[12]],0.0,too_short,14,15,5.337491165846586e-05
gemini_2_5_flash,HILL_CLIMBING,list_pattern,too_short,4,True,True,[[-2]],0.0,too_short,19,20,6.995804142206907e-05
gemini_2_5_flash,HILL_CLIMBING,list_pattern,too_short,5,True,True,[[6]],0.0,too_short,16,17,5.2833929657936096e-05
gemini_2_5_flash,HILL_CLIMBING,list_pattern,too_short,6,True,True,[[-11]],0.0,too_short,23,24,7.987499702721834e-05
gemini_2_5_flash,HILL_CLIMBING,list_pattern,too_short,7,True,True,[[-15]],0.0,too_short,2,3,9.207986295223236e-06
gemini_2_5_flash,HILL_CLIMBING,list_pattern,too_short,8,True,True,[[1]],0.0,too_short,3,4,1.7749960534274578e-05
gemini_2_5_flash,HILL_CLIMBING,list_pattern,too_short,9,True,True,[[-4]],0.0,too_short,6,7,2.204196061939001e-05
gemini_2_5_flash,HILL_CLIMBING,list_pattern,too_short,10,True,True,[[-1]],0.0,too_short,29,30,8.50829528644681e-05
gemini_2_5_flash,HILL_CLIMBING,list_pattern,too_short,11,True,True,[[]],0.0,too_short,0,1,3.125052899122238e-06
gemini_2_5_flash,HILL_CLIMBING,list_pattern,too_short,12,True,True,[[20]],0.0,too_short,19,20,5.7958997786045074e-05
gemini_2_5_flash,HILL_CLIMBING,list_pattern,too_short,13,True,True,[[-14]],0.0,too_short,0,1,3.3329706639051437e-06
gemini_2_5_flash,HILL_CLIMBING,list_pattern,too_short,14,True,True,[[-5]],0.0,too_short,0,1,4.083034582436085e-06
gemini_2_5_flash,HILL_CLIMBING,list_pattern,too_short,15,True,True,[[15]],0.0,too_short,17,18,6.670807488262653e-05
gemini_2_5_flash,HILL_CLIMBING,list_pattern,too_short,16,True,True,[[1]],0.0,too_short,25,26,7.829198148101568e-05
gemini_2_5_flash,HILL_CLIMBING,list_pattern,too_short,17,True,True,[[20]],0.0,too_short,21,22,7.045897655189037e-05
gemini_2_5_flash,HILL_CLIMBING,list_pattern,too_short,18,True,True,[[-1]],0.0,too_short,0,1,3.2919924706220627e-06
gemini_2_5_flash,HILL_CLIMBING,list_pattern,too_short,19,True,True,[[-4]],0.0,too_short,8,9,2.8250040486454964e-05
gemini_2_5_flash,HILL_CLIMBING,list_pattern,too_short,20,True,True,[[15]],0.0,too_short,1,2,8.207978680729866e-06
gemini_2_5_flash,HILL_CLIMBING,list_pattern,too_short,21,True,True,[[-19]],0.0,too_short,21,22,6.337498780339956e-05
gemini_2_5_flash,HILL_CLIMBING,list_pattern,too_short,22,True,True,[[0]],0.0,too_short,16,17,5.8458070270717144e-05
gemini_2_5_flash,HILL_CLIMBING,list_pattern,too_short,23,True,True,[[-12]],0.0,too_short,20,21,7.199996616691351e-05
gemini_2_5_flash,HILL_CLIMBING,list_pattern,too_short,24,True,True,[[-14]],0.0,too_short,7,8,2.216699067503214e-05
gemini_2_5_flash,HILL_CLIMBING,list_pattern,too_short,25,True,True,[[4]],0.0,too_short,13,14,4.2082974687218666e-05
gemini_2_5_flash,HILL_CLIMBING,list_pattern,too_short,26,True,True,[[1]],0.0,too_short,17,18,4.850002005696297e-05
gemini_2_5_flash,HILL_CLIMBING,list_pattern,too_short,27,True,True,[[]],0.0,too_short,0,1,3.6669662222266197e-06
gemini_2_5_flash,HILL_CLIMBING,list_pattern,too_short,28,True,True,[[-11]],0.0,too_short,23,24,8.570903446525335e-05
gemini_2_5_flash,HILL_CLIMBING,list_pattern,too_short,29,True,True,[[18]],0.0,too_short,6,7,1.991703175008297e-05
gemini_2_5_flash,HILL_CLIMBING,list_pattern,sorted_with_duplicates,0,True,True,"[[-13, -4, -4]]",0.0,sorted_with_duplicates,9,10,5.645898636430502e-05
gemini_2_5_flash,HILL_CLIMBING,list_pattern,sorted_with_duplicates,1,True,True,"[[12, 12]]",0.0,sorted_with_duplicates,68,69,0.00012733391486108303
gemini_2_5_flash,HILL_CLIMBING,list_pattern,sorted_with_duplicates,2,True,True,"[[8, 20, 20]]",0.0,sorted_with_duplicates,16,17,3.925000783056021e-05
gemini_2_5_flash,HILL_CLIMBING,list_pattern,sorted_with_duplicates,3,True,True,"[[10, 15, 15]]",0.0,sorted_with_duplicates,199,200,0.0003517080331221223
gemini_2_5_flash,HILL_CLIMBING,list_pattern,sorted_with_duplicates,4,True,True,"[[-12, 13, 13]]",0.0,sorted_with_duplicates,21,22,7.774995174258947e-05
gemini_2_5_flash,HILL_CLIMBING,list_pattern,sorted_with_duplicates,5,True,True,"[[-9, 19, 19]]",0.0,sorted_with_duplicates,102,103,0.00020700006280094385
gemini_2_5_flash,HILL_CLIMBING,list_pattern,sorted_with_duplicates,6,True,True,"[[20, 20]]",0.0,sorted_with_duplicates,152,153,0.00029329198878258467
gemini_2_5_flash,HILL_CLIMBING,list_pattern,sorted_with_duplicates,7,True,True,"[[-10, -10, 15]]",0.0,sorted_with_duplicates,2,3,1.2332922779023647e-05
gemini_2_5_flash,HILL_CLIMBING,list_pattern,sorted_with_duplicates,8,True,True,"[[-6, 5, 5]]",0.0,sorted_with_duplicates,81,82,0.00016879092436283827
gemini_2_5_flash,HILL_CLIMBING,list_pattern,sorted_with_duplicates,9,True,True,"[[4, 13, 13]]",0.0,sorted_with_duplicates,71,72,0.00013645808212459087
gemini_2_5_flash,HILL_CLIMBING,list_pattern,sorted_with_duplicates,10,True,True,"[[4, 4]]",0.0,sorted_with_duplicates,28,29,6.48329732939601e-05
gemini_2_5_flash,HILL_CLIMBING,list_pattern,sorted_with_duplicates,11,True,True,"[[15, 15]]",0.0,sorted_with_duplicates,83,84,0.00015779107343405485
gemini_2_5_flash,HILL_CLIMBING,list_pattern,sorted_with_duplicates,12,True,True,"[[20, 20]]",0.0,sorted_with_duplicates,48,49,9.324995335191488e-05
gemini_2_5_flash,HILL_CLIMBING,list_pattern,sorted_with_duplicates,13,True,True,"[[-3, 15, 15]]",0.0,sorted_with_duplicates,4,5,1.2959004379808903e-05
gemini_2_5_flash,HILL_CLIMBING,list_pattern,sorted_with_duplicates,14,True,True,"[[13, 20, 20]]",0.0,sorted_with_duplicates,74,75,0.00014424999244511127
gemini_2_5_flash,HILL_CLIMBING,list_pattern,sorted_with_duplicates,15,True,True,"[[-6, 19, 19]]",0.0,sorted_with_duplicates,15,16,3.0624913051724434e-05
gemini_2_5_flash,HILL_CLIMBING,list_pattern,sorted_with_duplicates,16,True,True,"[[7, 7]]",0.0,sorted_with_duplicates,6,7,1.8457998521625996e-05
gemini_2_5_flash,HILL_CLIMBING,list_pattern,sorted_with_duplicates,17,True,True,"[[1, 20, 20]]",0.0,sorted_with_duplicates,123,124,0.00020000000949949026
gemini_2_5_flash,HILL_CLIMBING,list_pattern,sorted_with_duplicates,18,True,True,"[[15, 15]]",0.0,sorted_with_duplicates,54,55,9.195890743285418e-05
gemini_2_5_flash,HILL_CLIMBING,list_pattern,sorted_with_duplicates,19,True,True,"[[9, 14, 14]]",0.0,sorted_with_duplicates,38,39,7.112498860806227e-05
gemini_2_5_flash,HILL_CLIMBING,list_pattern,sorted_with_duplicates,20,True,True,"[[3, 3]]",0.0,sorted_with_duplicates,23,24,6.345799192786217e-05
gemini_2_5_flash,HILL_CLIMBING,list_pattern,sorted_with_duplicates,21,True,True,"[[19, 19]]",0.0,sorted_with_duplicates,27,28,6.59161014482379e-05
gemini_2_5_flash,HILL_CLIMBING,list_pattern,sorted_with_duplicates,22,True,True,"[[-18, -6, -6, 13]]",0.0,sorted_with_duplicates,36,37,9.495799895375967e-05
gemini_2_5_flash,HILL_CLIMBING,list_pattern,sorted_with_duplicates,23,True,True,"[[-16, -16]]",0.0,sorted_with_duplicates,0,1,3.6249402910470963e-06
gemini_2_5_flash,HILL_CLIMBING,list_pattern,sorted_with_duplicates,24,True,True,"[[20, 20]]",0.0,sorted_with_duplicates,23,24,5.283299833536148e-05
gemini_2_5_flash,HILL_CLIMBING,list_pattern,sorted_with_duplicates,25,True,True,"[[10, 14, 14]]",0.0,sorted_with_duplicates,29,30,5.929195322096348e-05
gemini_2_5_flash,HILL_CLIMBING,list_pattern,sorted_with_duplicates,26,True,True,"[[-4, 19, 19, 20]]",0.0,sorted_with_duplicates,19,20,5.862500984221697e-05
gemini_2_5_flash,HILL_CLIMBING,list_pattern,sorted_with_duplicates,27,True,True,"[[0, 12, 12]]",0.0,sorted_with_duplicates,33,34,9.745790157467127e-05
gemini_2_5_flash,HILL_CLIMBING,list_pattern,sorted_with_duplicates,28,True,True,"[[-12, -12]]",0.0,sorted_with_duplicates,1,2,7.207971066236496e-06
gemini_2_5_flash,HILL_CLIMBING,list_pattern,sorted_with_duplicates,29,True,True,"[[11, 11]]",0.0,sorted_with_duplicates,21,22,5.0999922677874565e-05
gemini_2_5_flash,HILL_CLIMBING,list_pattern,sorted_unique,0,True,True,"[[10, 17]]",0.0,sorted_unique,3,4,1.1708005331456661e-05
gemini_2_5_flash,HILL_CLIMBING,list_pattern,sorted_unique,1,True,True,"[[5, 13]]",0.0,sorted_unique,5,6,1.3416982255876064e-05
gemini_2_5_flash,HILL_CLIMBING,list_pattern,sorted_unique,2,True,True,"[[-10, -1]]",0.0,sorted_unique,6,7,2.270890399813652e-05
gemini_2_5_flash,HILL_CLIMBING,list_pattern,sorted_unique,3,True,True,"[[4, 8]]",0.0,sorted_unique,5,6,1.2959004379808903e-05
gemini_2_5_flash,HILL_CLIMBING,list_pattern,sorted_unique,4,True,True,"[[-12, 10, 20]]",0.0,sorted_unique,19,20,6.0707912780344486e-05
gemini_2_5_flash,HILL_CLIMBING,list_pattern,sorted_unique,5,True,True,"[[-14, 6]]",0.0,sorted_unique,3,4,9.707990102469921e-06
gemini_2_5_flash,HILL_CLIMBING,list_pattern,sorted_unique,6,True,True,"[[-16, 8, 9]]",0.0,sorted_unique,14,15,5.141610745340586e-05
gemini_2_5_flash,HILL_CLIMBING,list_pattern,sorted_unique,7,True,True,"[[5, 10, 15]]",0.0,sorted_unique,1,2,8.499948307871819e-06
gemini_2_5_flash,HILL_CLIMBING,list_pattern,sorted_unique,8,True,True,"[[14, 20]]",0.0,sorted_unique,20,21,6.474996916949749e-05
gemini_2_5_flash,HILL_CLIMBING,list_pattern,sorted_unique,9,True,True,"[[9, 20]]",0.0,sorted_unique,15,16,5.2416929975152016e-05
gemini_2_5_flash,HILL_CLIMBING,list_pattern,sorted_unique,10,True,True,"[[-2, 3]]",0.0,sorted_unique,3,4,1.0499963536858559e-05
gemini_2_5_flash,HILL_CLIMBING,list_pattern,sorted_unique,11,True,True,"[[0, 1]]",0.0,sorted_unique,6,7,1.6167061403393745e-05
gemini_2_5_flash,HILL_CLIMBING,list_pattern,sorted_unique,12,True,True,"[[4, 15]]",0.0,sorted_unique,18,19,6.245810072869062e-05
gemini_2_5_flash,HILL_CLIMBING,list_pattern,sorted_unique,13,True,True,"[[5, 18]]",0.0,sorted_unique,16,17,5.9542013332247734e-05
gemini_2_5_flash,HILL_CLIMBING,list_pattern,sorted_unique,14,True,True,"[[-11, 2, 5]]",0.0,sorted_unique,1,2,8.792034350335598e-06
gemini_2_5_flash,HILL_CLIMBING,list_pattern,sorted_unique,15,True,True,"[[9, 11]]",0.0,sorted_unique,10,11,2.5916961021721363e-05
gemini_2_5_flash,HILL_CLIMBING,list_pattern,sorted_unique,16,True,True,"[[-9, 13]]",0.0,sorted_unique,28,29,9.187497198581696e-05
gemini_2_5_flash,HILL_CLIMBING,list_pattern,sorted_unique,17,True,True,"[[9, 13]]",0.0,sorted_unique,41,42,0.00011462497059255838
gemini_2_5_flash,HILL_CLIMBING,list_pattern,sorted_unique,18,True,True,"[[11, 14]]",0.0,sorted_unique,2,3,9.082956239581108e-06
gemini_2_5_flash,HILL_CLIMBING,list_pattern,sorted_unique,19,True,True,"[[6, 15]]",0.0,sorted_unique,5,6,1.8292106688022614e-05
gemini_2_5_flash,HILL_CLIMBING,list_pattern,sorted_unique,20,True,True,"[[-16, 11, 19]]",0.0,sorted_unique,16,17,7.483293302357197e-05
gemini_2_5_flash,HILL_CLIMBING,list_pattern,sorted_unique,21,True,True,"[[-17, -5, 18]]",0.0,sorted_unique,1,2,8.083065040409565e-06
gemini_2_5_flash,HILL_CLIMBING,list_pattern,sorted_unique,22,True,True,"[[-10, -7]]",0.0,sorted_unique,1,2,8.541974239051342e-06
gemini_2_5_flash,HILL_CLIMBING,list_pattern,sorted_unique,23,True,True,"[[15, 16]]",0.0,sorted_unique,49,50,9.329093154519796e-05
gemini_2_5_flash,HILL_CLIMBING,list_pattern,sorted_unique,24,True,True,"[[-3, 11]]",0.0,sorted_unique,12,13,4.8749963752925396e-05
gemini_2_5_flash,HILL_CLIMBING,list_pattern,sorted_unique,25,True,True,"[[3, 11]]",0.0,sorted_unique,3,4,1.3459008187055588e-05
gemini_2_5_flash,HILL_CLIMBING,list_pattern,sorted_unique,26,True,True,"[[-11, 8, 19]]",0.0,sorted_unique,6,7,3.3415970392525196e-05
gemini_2_5_flash,HILL_CLIMBING,list_pattern,sorted_unique,27,True,True,"[[-18, -5, 9]]",0.0,sorted_unique,8,9,2.5916961021721363e-05
gemini_2_5_flash,HILL_CLIMBING,list_pattern,sorted_unique,28,True,True,"[[-11, -6, 5]]",0.0,sorted_unique,36,37,0.00010762503370642662
gemini_2_5_flash,HILL_CLIMBING,list_pattern,sorted_unique,29,True,True,"[[6, 20]]",0.0,sorted_unique,20,21,6.395799573510885e-05
gemini_2_5_flash,HILL_CLIMBING,list_pattern,unsorted_with_duplicates,0,True,True,"[[7, -3, -17, -5, -5]]",0.0,unsorted_with_duplicates,6,7,2.7708010748028755e-05
gemini_2_5_flash,HILL_CLIMBING,list_pattern,unsorted_with_duplicates,1,True,True,"[[8, 2, 2]]",0.0,unsorted_with_duplicates,1,2,9.958981536328793e-06
gemini_2_5_flash,HILL_CLIMBING,list_pattern,unsorted_with_duplicates,2,True,True,"[[12, 11, 12]]",0.0,unsorted_with_duplicates,24,25,7.704098243266344e-05
gemini_2_5_flash,HILL_CLIMBING,list_pattern,unsorted_with_duplicates,3,True,True,"[[-11, -1, 14, 19, -3, -5, 13, -1]]",0.0,unsorted_with_duplicates,13,14,6.087496876716614e-05
gemini_2_5_flash,HILL_CLIMBING,list_pattern,unsorted_with_duplicates,4,True,True,"[[1, -8, 13, 10, -14, 3, 2, -8]]",0.0,unsorted_with_duplicates,7,8,3.779190592467785e-05
gemini_2_5_flash,HILL_CLIMBING,list_pattern,unsorted_with_duplicates,5,True,True,"[[20, -11, -15, 6, 3, -19, -14, 3]]",0.0,unsorted_with_duplicates,5,6,2.7749920263886452e-05
gemini_2_5_flash,HILL_CLIMBING,list_pattern,unsorted_with_duplicates,6,True,True,"[[9, -7, 9, 6, -6, 20]]",0.0,unsorted_with_duplicates,27,28,8.554209489375353e-05
gemini_2_5_flash,HILL_CLIMBING,list_pattern,unsorted_with_duplicates,7,True,True,"[[-12, -8, -13, 9, -9, 3, 4, 4]]",0.0,unsorted_with_duplicates,7,8,3.362505231052637e-05
gemini_2_5_flash,HILL_CLIMBING,list_pattern,unsorted_with_duplicates,8,True,True,"[[0, -3, 13, 0, -4]]",0.0,unsorted_with_duplicates,9,10,3.4250086173415184e-05
gemini_2_5_flash,HILL_CLIMBING,list_pattern,unsorted_with_duplicates,9,True,True,"[[-4, -9, -17, -16, 2, -17]]",0.0,unsorted_with_duplicates,32,33,8.62079905346036e-05
gemini_2_5_flash,HILL_CLIMBING,list_pattern,unsorted_with_duplicates,10,True,True,"[[18, 11, -3, 0, 11]]",0.0,unsorted_with_duplicates,57,58,0.00012445903848856688
gemini_2_5_flash,HILL_CLIMBING,list_pattern,unsorted_with_duplicates,11,True,True,"[[-14, 3, -19, 6, -9, 13, 13]]",0.0,unsorted_with_duplicates,1,2,1.0500079952180386e-05
gemini_2_5_flash,HILL_CLIMBING,list_pattern,unsorted_with_duplicates,12,True,True,"[[-15, -1, 19, 5, -11, -18, 2, 5]]",0.0,unsorted_with_duplicates,6,7,3.5499921068549156e-05
gemini_2_5_flash,HILL_CLIMBING,list_pattern,unsorted_with_duplicates,13,True,True,"[[12, -4, -4]]",0.0,unsorted_with_duplicates,7,8,2.4124979972839355e-05
gemini_2_5_flash,HILL_CLIMBING,list_pattern,unsorted_with_duplicates,14,True,True,"[[20, 8, -5, -11, 15, 8]]",0.0,unsorted_with_duplicates,16,17,5.4416945204138756e-05
gemini_2_5_flash,HILL_CLIMBING,list_pattern,unsorted_with_duplicates,15,True,True,"[[14, 11, 16, 19, -1, -14, 3, 19]]",0.0,unsorted_with_duplicates,22,23,6.858294364064932e-05
gemini_2_5_flash,HILL_CLIMBING,list_pattern,unsorted_with_duplicates,16,True,True,"[[15, -13, 4, 20, 1, -20, -14, -20]]",0.0,unsorted_with_duplicates,25,26,7.941701915115118e-05
gemini_2_5_flash,HILL_CLIMBING,list_pattern,unsorted_with_duplicates,17,True,True,"[[-2, -2, 10, 6, 12, -7, -7]]",0.0,unsorted_with_duplicates,0,1,5.583977326750755e-06
gemini_2_5_flash,HILL_CLIMBING,list_pattern,unsorted_with_duplicates,18,True,True,"[[3, 3, 16, 2, -20, -2]]",0.0,unsorted_with_duplicates,19,20,6.529095117002726e-05
gemini_2_5_flash,HILL_CLIMBING,list_pattern,unsorted_with_duplicates,19,True,True,"[[-16, 19, 16, -16, -15, 8]]",0.0,unsorted_with_duplicates,0,1,5.292007699608803e-06
gemini_2_5_flash,HILL_CLIMBING,list_pattern,unsorted_with_duplicates,20,True,True,"[[0, -20, 0]]",0.0,unsorted_with_duplicates,18,19,5.8999983593821526e-05
gemini_2_5_flash,HILL_CLIMBING,list_pattern,unsorted_with_duplicates,21,True,True,"[[-9, -15, -15]]",0.0,unsorted_with_duplicates,30,31,8.329097181558609e-05
gemini_2_5_flash,HILL_CLIMBING,list_pattern,unsorted_with_duplicates,22,True,True,"[[-18, -9, -18]]",0.0,unsorted_with_duplicates,4,5,1.6707926988601685e-05
gemini_2_5_flash,HILL_CLIMBING,list_pattern,unsorted_with_duplicates,23,True,True,"[[-5, 18, 9, -17, 3, 15, -17, -11]]",0.0,unsorted_with_duplicates,45,46,0.00012004096060991287
gemini_2_5_flash,HILL_CLIMBING,list_pattern,unsorted_with_duplicates,24,True,True,"[[-9, 9, 17, 16, 5, -1, -15, -15]]",0.0,unsorted_with_duplicates,11,12,5.200004670768976e-05
gemini_2_5_flash,HILL_CLIMBING,list_pattern,unsorted_with_duplicates,25,True,True,"[[-4, -5, 4, -4]]",0.0,unsorted_with_duplicates,16,17,5.9416983276605606e-05
gemini_2_5_flash,HILL_CLIMBING,list_pattern,unsorted_with_duplicates,26,True,True,"[[18, 14, 18]]",0.0,unsorted_with_duplicates,58,59,0.00014916597865521908
gemini_2_5_flash,HILL_CLIMBING,list_pattern,unsorted_with_duplicates,27,True,True,"[[-1, -18, 5, 5]]",0.0,unsorted_with_duplicates,41,42,0.00012329197488725185
gemini_2_5_flash,HILL_CLIMBING,list_pattern,unsorted_with_duplicates,28,True,True,"[[17, 0, 9, -12, 16, 16]]",0.0,unsorted_with_duplicates,28,29,8.179200813174248e-05
gemini_2_5_flash,HILL_CLIMBING,list_pattern,unsorted_with_duplicates,29,True,True,"[[-12, -18, 12, 11, 9, -11, -18, -14]]",0.0,unsorted_with_duplicates,0,1,6.00004568696022e-06
gemini_2_5_flash,HILL_CLIMBING,list_pattern,unsorted_unique,0,True,True,"[[-3, 18, -10]]",0.0,unsorted_unique,5,6,1.754099503159523e-05
gemini_2_5_flash,HILL_CLIMBING,list_pattern,unsorted_unique,1,True,True,"[[9, 2, -19]]",0.0,unsorted_unique,0,1,4.832982085645199e-06
gemini_2_5_flash,HILL_CLIMBING,list_pattern,unsorted_unique,2,True,True,"[[8, 2, -3, -20, 20, 12]]",0.0,unsorted_unique,7,8,3.666605334728956e-05
gemini_2_5_flash,HILL_CLIMBING,list_pattern,unsorted_unique,3,True,True,"[[-1, 10, -19, -18, 17, 4]]",0.0,unsorted_unique,2,3,1.716695260256529e-05
gemini_2_5_flash,HILL_CLIMBING,list_pattern,unsorted_unique,4,True,True,"[[10, -11, -2, 7, 20, 17, -8, -3]]",0.0,unsorted_unique,0,1,7.2499969974160194e-06
gemini_2_5_flash,HILL_CLIMBING,list_pattern,unsorted_unique,5,True,True,"[[2, 18, 7, 0, 12]]",0.0,unsorted_unique,1,2,1.1124997399747372e-05
gemini_2_5_flash,HILL_CLIMBING,list_pattern,unsorted_unique,6,True,True,"[[-16, 9, -1, -5, -12, -2, 5]]",0.0,unsorted_unique,0,1,6.958027370274067e-06
gemini_2_5_flash,HILL_CLIMBING,list_pattern,unsorted_unique,7,True,True,"[[15, -9, 2, -15, -7, 19]]",0.0,unsorted_unique,0,1,6.624963134527206e-06
gemini_2_5_flash,HILL_CLIMBING,list_pattern,unsorted_unique,8,True,True,"[[1, -11]]",0.0,unsorted_unique,1,2,8.417060598731041e-06
gemini_2_5_flash,HILL_CLIMBING,list_pattern,unsorted_unique,9,True,True,"[[18, 14]]",0.0,unsorted_unique,3,4,1.3959011994302273e-05
gemini_2_5_flash,HILL_CLIMBING,list_pattern,unsorted_unique,10,True,True,"[[7, -16]]",0.0,unsorted_unique,4,5,1.3750046491622925e-05
gemini_2_5_flash,HILL_CLIMBING,list_pattern,unsorted_unique,11,True,True,"[[15, -4]]",0.0,unsorted_unique,0,1,4.208995960652828e-06
gemini_2_5_flash,HILL_CLIMBING,list_pattern,unsorted_unique,12,True,True,"[[6, -18, -10, 20, 1, -4, 4]]",0.0,unsorted_unique,0,1,6.9160014390945435e-06
gemini_2_5_flash,HILL_CLIMBING,list_pattern,unsorted_unique,13,True,True,"[[-14, 12, 13, -3]]",0.0,unsorted_unique,0,1,5.332985892891884e-06
gemini_2_5_flash,HILL_CLIMBING,list_pattern,unsorted_unique,14,True,True,"[[19, -8, -2, -13, -15, -16]]",0.0,unsorted_unique,5,6,2.74579506367445e-05
gemini_2_5_flash,HILL_CLIMBING,list_pattern,unsorted_unique,15,True,True,"[[20, -11]]",0.0,unsorted_unique,2,3,1.1999974958598614e-05
gemini_2_5_flash,HILL_CLIMBING,list_pattern,unsorted_unique,16,True,True,"[[7, 17, 3]]",0.0,unsorted_unique,0,1,4.625064320862293e-06
gemini_2_5_flash,HILL_CLIMBING,list_pattern,unsorted_unique,17,True,True,"[[13, 12, -6, -4, -10, 4, -13]]",0.0,unsorted_unique,0,1,6.875023245811462e-06
gemini_2_5_flash,HILL_CLIMBING,list_pattern,unsorted_unique,18,True,True,"[[-16, 14, 19, 5, -10, 18]]",0.0,unsorted_unique,0,1,6.166985258460045e-06
gemini_2_5_flash,HILL_CLIMBING,list_pattern,unsorted_unique,19,True,True,"[[10, 6, -20, 15, 16, -10, 20, 3]]",0.0,unsorted_unique,5,6,3.095809370279312e-05
gemini_2_5_flash,HILL_CLIMBING,list_pattern,unsorted_unique,20,True,True,"[[-9, -10, 14, -3, -13]]",0.0,unsorted_unique,9,10,4.333304241299629e-05
gemini_2_5_flash,HILL_CLIMBING,list_pattern,unsorted_unique,21,True,True,"[[3, -17]]",0.0,unsorted_unique,2,3,9.332899935543537e-06
gemini_2_5_flash,HILL_CLIMBING,list_pattern,unsorted_unique,22,True,True,"[[2, -5, 10]]",0.0,unsorted_unique,0,1,4.792003892362118e-06
gemini_2_5_flash,HILL_CLIMBING,list_pattern,unsorted_unique,23,True,True,"[[-20, 12, 9]]",0.0,unsorted_unique,1,2,9.08400397747755e-06
gemini_2_5_flash,HILL_CLIMBING,list_pattern,unsorted_unique,24,True,True,"[[1, -11, 19]]",0.0,unsorted_unique,0,1,4.707952030003071e-06
gemini_2_5_flash,HILL_CLIMBING,list_pattern,unsorted_unique,25,True,True,"[[20, -5, -8, 13, 14, -9, -20]]",0.0,unsorted_unique,0,1,5.500041879713535e-06
gemini_2_5_flash,HILL_CLIMBING,list_pattern,unsorted_unique,26,True,True,"[[-9, 16, 14, -4, -15]]",0.0,unsorted_unique,0,1,5.666050128638744e-06
gemini_2_5_flash,HILL_CLIMBING,list_pattern,unsorted_unique,27,True,True,"[[14, 19, 0]]",0.0,unsorted_unique,14,15,4.1041988879442215e-05
gemini_2_5_flash,HILL_CLIMBING,list_pattern,unsorted_unique,28,True,True,"[[-9, 3, -13, 16, -3, -12]]",0.0,unsorted_unique,0,1,5.417037755250931e-06
gemini_2_5_flash,HILL_CLIMBING,list_pattern,unsorted_unique,29,True,True,"[[0, -12, -6, 13]]",0.0,unsorted_unique,0,1,5.375011824071407e-06
gemini_2_5_flash,HILL_CLIMBING,number_kind,zero,0,True,True,[0],0.0,zero,121,122,0.0001424590591341257
gemini_2_5_flash,HILL_CLIMBING,number_kind,zero,1,True,True,[0],0.0,zero,68,69,7.645797450095415e-05
gemini_2_5_flash,HILL_CLIMBING,number_kind,zero,2,True,True,[0],0.0,zero,72,73,9.737501386553049e-05
gemini_2_5_flash,HILL_CLIMBING,number_kind,zero,3,True,True,[0],0.0,zero,127,128,0.00014691695105284452
gemini_2_5_flash,HILL_CLIMBING,number_kind,zero,4,True,True,[0],0.0,zero,175,176,0.00019333302043378353
gemini_2_5_flash,HILL_CLIMBING,number_kind,zero,5,True,True,[0],0.0,zero,25,26,4.037492908537388e-05
gemini_2_5_flash,HILL_CLIMBING,number_kind,zero,6,True,True,[0],0.0,zero,55,56,7.724994793534279e-05
gemini_2_5_flash,HILL_CLIMBING,number_kind,zero,7,True,True,[0],0.0,zero,126,127,0.00014933396596461535
gemini_2_5_flash,HILL_CLIMBING,number_kind,zero,8,True,True,[0],0.0,zero,59,60,7.766694761812687e-05
gemini_2_5_flash,HILL_CLIMBING,number_kind,zero,9,True,True,[0],0.0,zero,74,75,8.179200813174248e-05
gemini_2_5_flash,HILL_CLIMBING,number_kind,zero,10,True,True,[0],0.0,zero,58,59,7.891596760600805e-05
gemini_2_5_flash,HILL_CLIMBING,number_kind,zero,11,True,True,[0],0.0,zero,83,84,0.00010204198770225048
gemini_2_5_flash,HILL_CLIMBING,number_kind,zero,12,True,True,[0],0.0,zero,109,110,0.00012554193381220102
gemini_2_5_flash,HILL_CLIMBING,number_kind,zero,13,True,True,[0],0.0,zero,89,90,9.816593956202269e-05
gemini_2_5_flash,HILL_CLIMBING,number_kind,zero,14,True,True,[0],0.0,zero,120,121,0.00013554200995713472
gemini_2_5_flash,HILL_CLIMBING,number_kind,zero,15,True,True,[0],0.0,zero,60,61,7.233303040266037e-05
gemini_2_5_flash,HILL_CLIMBING,number_kind,zero,16,True,True,[0],0.0,zero,60,61,8.02499707788229e-05
gemini_2_5_flash,HILL_CLIMBING,number_kind,zero,17,True,True,[0],0.0,zero,97,98,0.00010504201054573059
gemini_2_5_flash,HILL_CLIMBING,number_kind,zero,18,True,True,[0],0.0,zero,170,171,0.00017908297013491392
gemini_2_5_flash,HILL_CLIMBING,number_kind,zero,19,True,True,[0],0.0,zero,71,72,9.691598825156689e-05
gemini_2_5_flash,HILL_CLIMBING,number_kind,zero,20,True,True,[0],0.0,zero,37,38,4.5082997530698776e-05
gemini_2_5_flash,HILL_CLIMBING,number_kind,zero,21,True,True,[0],0.0,zero,28,29,3.158405888825655e-05
gemini_2_5_flash,HILL_CLIMBING,number_kind,zero,22,True,True,[0],0.0,zero,108,109,0.00013041694182902575
gemini_2_5_flash,HILL_CLIMBING,number_kind,zero,23,True,True,[0],0.0,zero,40,41,5.820801015943289e-05
gemini_2_5_flash,HILL_CLIMBING,number_kind,zero,24,True,True,[0],0.0,zero,69,70,7.583305705338717e-05
gemini_2_5_flash,HILL_CLIMBING,number_kind,zero,25,True,True,[0],0.0,zero,39,40,3.925000783056021e-05
gemini_2_5_flash,HILL_CLIMBING,number_kind,zero,26,True,True,[0],0.0,zero,76,77,8.704198990017176e-05
gemini_2_5_flash,HILL_CLIMBING,number_kind,zero,27,True,True,[0],0.0,zero,53,54,5.8333040215075016e-05
gemini_2_5_flash,HILL_CLIMBING,number_kind,zero,28,True,True,[0],0.0,zero,117,118,0.00014283298514783382
gemini_2_5_flash,HILL_CLIMBING,number_kind,zero,29,True,True,[0],0.0,zero,106,107,0.000122416066005826
gemini_2_5_flash,HILL_CLIMBING,number_kind,even,0,True,True,[2016],0.0,even,0,1,2.9579969123005867e-06
gemini_2_5_flash,HILL_CLIMBING,number_kind,even,1,True,True,[2818],0.0,even,0,1,2.5830231606960297e-06
gemini_2_5_flash,HILL_CLIMBING,number_kind,even,2,True,True,[2202],0.0,even,1,2,4.66697383671999e-06
gemini_2_5_flash,HILL_CLIMBING,number_kind,even,3,True,True,[1404],0.0,even,0,1,2.2919848561286926e-06
gemini_2_5_flash,HILL_CLIMBING,number_kind,even,4,True,True,[2376],0.0,even,0,1,2.208980731666088e-06
gemini_2_5_flash,HILL_CLIMBING,number_kind,even,5,True,True,[1642],0.0,even,1,2,4.666042514145374e-06
gemini_2_5_flash,HILL_CLIMBING,number_kind,even,6,True,True,[942],0.0,even,0,1,2.291053533554077e-06
gemini_2_5_flash,HILL_CLIMBING,number_kind,even,7,True,True,[942],0.0,even,0,1,2.1670712158083916e-06
gemini_2_5_flash,HILL_CLIMBING,number_kind,even,8,True,True,[2226],0.0,even,1,2,4.208995960652828e-06
gemini_2_5_flash,HILL_CLIMBING,number_kind,even,9,True,True,[724],0.0,even,0,1,5.08397351950407e-06
gemini_2_5_flash,HILL_CLIMBING,number_kind,even,10,True,True,[1140],0.0,even,0,1,2.250075340270996e-06
gemini_2_5_flash,HILL_CLIMBING,number_kind,even,11,True,True,[2370],0.0,even,1,2,4.375004209578037e-06
gemini_2_5_flash,HILL_CLIMBING,number_kind,even,12,True,True,[1910],0.0,even,1,2,4.249974153935909e-06
gemini_2_5_flash,HILL_CLIMBING,number_kind,even,13,True,True,[-372],0.0,even,0,1,2.291053533554077e-06
gemini_2_5_flash,HILL_CLIMBING,number_kind,even,14,True,True,[-422],0.0,even,0,1,2.208980731666088e-06
gemini_2_5_flash,HILL_CLIMBING,number_kind,even,15,True,True,[218],0.0,even,0,1,2.1669548004865646e-06
gemini_2_5_flash,HILL_CLIMBING,number_kind,even,16,True,True,[-426],0.0,even,2,3,6.08398113399744e-06
gemini_2_5_flash,HILL_CLIMBING,number_kind,even,17,True,True,[2284],0.0,even,0,1,2.250075340270996e-06
gemini_2_5_flash,HILL_CLIMBING,number_kind,even,18,True,True,[2194],0.0,even,0,1,2.208980731666088e-06
gemini_2_5_flash,HILL_CLIMBING,number_kind,even,19,True,True,[2436],0.0,even,1,2,4.332978278398514e-06
gemini_2_5_flash,HILL_CLIMBING,number_kind,even,20,True,True,[120],0.0,even,1,2,4.167086444795132e-06
gemini_2_5_flash,HILL_CLIMBING,number_kind,even,21,True,True,[2262],0.0,even,0,1,2.124928869307041e-06
gemini_2_5_flash,HILL_CLIMBING,number_kind,even,22,True,True,[-90],0.0,even,1,2,4.207948222756386e-06
gemini_2_5_flash,HILL_CLIMBING,number_kind,even,23,True,True,[2626],0.0,even,0,1,2.208980731666088e-06
gemini_2_5_flash,HILL_CLIMBING,number_kind,even,24,True,True,[1910],0.0,even,0,1,2.374988980591297e-06
gemini_2_5_flash,HILL_CLIMBING,number_kind,even,25,True,True,[2994],0.0,even,2,3,5.375011824071407e-06
gemini_2_5_flash,HILL_CLIMBING,number_kind,even,26,True,True,[2326],0.0,even,0,1,2.0420411601662636e-06
gemini_2_5_flash,HILL_CLIMBING,number_kind,even,27,True,True,[2594],0.0,even,0,1,3.2079406082630157e-06
gemini_2_5_flash,HILL_CLIMBING,number_kind,even,28,True,True,[1866],0.0,even,1,2,4.124944098293781e-06
gemini_2_5_flash,HILL_CLIMBING,number_kind,even,29,True,True,[874],0.0,even,0,1,1.959037035703659e-06
gemini_2_5_flash,HILL_CLIMBING,number_kind,odd,0,True,True,[1775],0.0,odd,1,2,4.208064638078213e-06
gemini_2_5_flash,HILL_CLIMBING,number_kind,odd,1,True,True,[1503],0.0,odd,0,1,2.00001522898674e-06
gemini_2_5_flash,HILL_CLIMBING,number_kind,odd,2,True,True,[2229],0.0,odd,0,1,1.9170111045241356e-06
gemini_2_5_flash,HILL_CLIMBING,number_kind,odd,3,True,True,[1443],0.0,odd,0,1,2.00001522898674e-06
gemini_2_5_flash,HILL_CLIMBING,number_kind,odd,4,True,True,[1863],0.0,odd,0,1,6.208079867064953e-06
gemini_2_5_flash,HILL_CLIMBING,number_kind,odd,5,True,True,[2587],0.0,odd,0,1,2.5419285520911217e-06
gemini_2_5_flash,HILL_CLIMBING,number_kind,odd,6,True,True,[1485],0.0,odd,1,2,4.415982402861118e-06
gemini_2_5_flash,HILL_CLIMBING,number_kind,odd,7,True,True,[167],0.0,odd,0,1,2.2079329937696457e-06
gemini_2_5_flash,HILL_CLIMBING,number_kind,odd,8,True,True,[1241],0.0,odd,0,1,2.500019036233425e-06
gemini_2_5_flash,HILL_CLIMBING,number_kind,odd,9,True,True,[841],0.0,odd,1,2,4.875008016824722e-06
gemini_2_5_flash,HILL_CLIMBING,number_kind,odd,10,True,True,[211],0.0,odd,0,1,2.5829067453742027e-06
gemini_2_5_flash,HILL_CLIMBING,number_kind,odd,11,True,True,[1535],0.0,odd,3,4,7.207971066236496e-06
gemini_2_5_flash,HILL_CLIMBING,number_kind,odd,12,True,True,[1137],0.0,odd,0,1,2.624932676553726e-06
gemini_2_5_flash,HILL_CLIMBING,number_kind,odd,13,True,True,[1991],0.0,odd,0,1,2.4579931050539017e-06
gemini_2_5_flash,HILL_CLIMBING,number_kind,odd,14,True,True,[2501],0.0,odd,2,3,6.582937203347683e-06
gemini_2_5_flash,HILL_CLIMBING,number_kind,odd,15,True,True,[-135],0.0,odd,2,3,6.542075425386429e-06
gemini_2_5_flash,HILL_CLIMBING,number_kind,odd,16,True,True,[1785],0.0,odd,0,1,2.624932676553726e-06
gemini_2_5_flash,HILL_CLIMBING,number_kind,odd,17,True,True,[901],0.0,odd,0,1,2.415967173874378e-06
gemini_2_5_flash,HILL_CLIMBING,number_kind,odd,18,True,True,[2013],0.0,odd,0,1,2.374988980591297e-06
gemini_2_5_flash,HILL_CLIMBING,number_kind,odd,19,True,True,[-347],0.0,odd,0,1,2.5830231606960297e-06
gemini_2_5_flash,HILL_CLIMBING,number_kind,odd,20,True,True,[2285],0.0,odd,0,1,2.4579931050539017e-06
gemini_2_5_flash,HILL_CLIMBING,number_kind,odd,21,True,True,[2145],0.0,odd,0,1,2.291053533554077e-06
gemini_2_5_flash,HILL_CLIMBING,number_kind,odd,22,True,True,[317],0.0,odd,0,1,2.624932676553726e-06
gemini_2_5_flash,HILL_CLIMBING,number_kind,odd,23,True,True,[1899],0.0,odd,0,1,2.5830231606960297e-06
gemini_2_5_flash,HILL_CLIMBING,number_kind,odd,24,True,True,[743],0.0,odd,0,1,2.499902620911598e-06
gemini_2_5_flash,HILL_CLIMBING,number_kind,odd,25,True,True,[2481],0.0,odd,0,1,2.500019036233425e-06
gemini_2_5_flash,HILL_CLIMBING,number_kind,odd,26,True,True,[-39],0.0,odd,2,3,6.417045369744301e-06
gemini_2_5_flash,HILL_CLIMBING,number_kind,odd,27,True,True,[2975],0.0,odd,2,3,5.541951395571232e-06
gemini_2_5_flash,HILL_CLIMBING,number_kind,odd,28,True,True,[831],0.0,odd,0,1,2.7919886633753777e-06
gemini_2_5_flash,HILL_CLIMBING,number_kind,odd,29,True,True,[2539],0.0,odd,1,2,4.875008016824722e-06
gemini_2_5_flash,HILL_CLIMBING,password_strength,weak_short,0,True,True,['ef5Im'],0.0,weak_short,35,36,9.1583002358675e-05
gemini_2_5_flash,HILL_CLIMBING,password_strength,weak_short,1,True,True,['F3425'],0.0,weak_short,13,14,3.754196222871542e-05
gemini_2_5_flash,HILL_CLIMBING,password_strength,weak_short,2,True,True,['cGgUE'],0.0,weak_short,16,17,4.6791043132543564e-05
gemini_2_5_flash,HILL_CLIMBING,password_strength,weak_short,3,True,True,['AOjok'],0.0,weak_short,11,12,3.033305983990431e-05
gemini_2_5_flash,HILL_CLIMBING,password_strength,weak_short,4,True,True,['tl1Eg'],0.0,weak_short,19,20,4.683295264840126e-05
gemini_2_5_flash,HILL_CLIMBING,password_strength,weak_short,5,True,True,['2hytN'],0.0,weak_short,19,20,5.0582922995090485e-05
gemini_2_5_flash,HILL_CLIMBING,password_strength,weak_short,6,True,True,['5fQSB'],0.0,weak_short,19,20,5.2749994210898876e-05
gemini_2_5_flash,HILL_CLIMBING,password_strength,weak_short,7,True,True,['vtvOM'],0.0,weak_short,26,27,6.741599645465612e-05
gemini_2_5_flash,HILL_CLIMBING,password_strength,weak_short,8,True,True,['1iri2'],0.0,weak_short,48,49,0.00010349997319281101
gemini_2_5_flash,HILL_CLIMBING,password_strength,weak_short,9,True,True,['q5qbf'],0.0,weak_short,17,18,4.804099444299936e-05
gemini_2_5_flash,HILL_CLIMBING,password_strength,weak_short,10,True,True,['BuNKi'],0.0,weak_short,9,10,2.65840208157897e-05
gemini_2_5_flash,HILL_CLIMBING,password_strength,weak_short,11,True,True,['J4D81'],0.0,weak_short,11,12,3.316602669656277e-05
gemini_2_5_flash,HILL_CLIMBING,password_strength,weak_short,12,True,True,['kSof5'],0.0,weak_short,32,33,8.108397014439106e-05
gemini_2_5_flash,HILL_CLIMBING,password_strength,weak_short,13,True,True,['MoR6L'],0.0,weak_short,3,4,1.0333023965358734e-05
gemini_2_5_flash,HILL_CLIMBING,password_strength,weak_short,14,True,True,['33'],0.0,weak_short,0,1,3.875000402331352e-06
gemini_2_5_flash,HILL_CLIMBING,password_strength,weak_short,15,True,True,['m4DG'],0.0,weak_short,0,1,4.082918167114258e-06
gemini_2_5_flash,HILL_CLIMBING,password_strength,weak_short,16,True,True,['BZH7N'],0.0,weak_short,45,46,9.416707325726748e-05
gemini_2_5_flash,HILL_CLIMBING,password_strength,weak_short,17,True,True,['1RD4'],0.0,weak_short,0,1,3.374996595084667e-06
gemini_2_5_flash,HILL_CLIMBING,password_strength,weak_short,18,True,True,['VrBya'],0.0,weak_short,13,14,3.687501884996891e-05
gemini_2_5_flash,HILL_CLIMBING,password_strength,weak_short,19,True,True,['GLvmA'],0.0,weak_short,2,3,9.416020475327969e-06
gemini_2_5_flash,HILL_CLIMBING,password_strength,weak_short,20,True,True,['pNogv'],0.0,weak_short,32,33,7.666705641895533e-05
gemini_2_5_flash,HILL_CLIMBING,password_strength,weak_short,21,True,True,['AclPx'],0.0,weak_short,5,6,1.60830095410347e-05
gemini_2_5_flash,HILL_CLIMBING,password_strength,weak_short,22,True,True,['TP1a9'],0.0,weak_short,47,48,9.720807429403067e-05
gemini_2_5_flash,HILL_CLIMBING,password_strength,weak_short,23,True,True,['2tBX9'],0.0,weak_short,37,38,8.458399679511786e-05
gemini_2_5_flash,HILL_CLIMBING,password_strength,weak_short,24,True,True,['n9z3e'],0.0,weak_short,0,1,3.6669662222266197e-06
gemini_2_5_flash,HILL_CLIMBING,password_strength,weak_short,25,True,True,['rdp'],0.0,weak_short,0,1,4.00003045797348e-06
gemini_2_5_flash,HILL_CLIMBING,password_strength,weak_short,26,True,True,[''],0.0,weak_short,0,1,4.625064320862293e-06
gemini_2_5_flash,HILL_CLIMBING,password_strength,weak_short,27,True,True,[''],0.0,weak_short,0,1,3.1660310924053192e-06
gemini_2_5_flash,HILL_CLIMBING,password_strength,weak_short,28,True,True,['Teh9O'],0.0,weak_short,23,24,6.3000014051795e-05
gemini_2_5_flash,HILL_CLIMBING,password_strength,weak_short,29,True,True,['hy8y4'],0.0,weak_short,0,1,4.125060513615608e-06
gemini_2_5_flash,HILL_CLIMBING,password_strength,strong,0,True,True,['3lrHrYlAOO'],0.0,strong,26,27,6.5250089392066e-05
gemini_2_5_flash,HILL_CLIMBING,password_strength,strong,1,True,True,['1jfVtN0V8RPRSKz'],0.0,strong,0,1,4.834029823541641e-06
gemini_2_5_flash,HILL_CLIMBING,password_strength,strong,2,True,True,['CLtqDDAAQ2'],0.0,strong,13,14,3.845908213406801e-05
gemini_2_5_flash,HILL_CLIMBING,password_strength,strong,3,True,True,['7uJ1S2Jp3rUkBOi36uMh'],0.0,strong,0,1,6.875023245811462e-06
gemini_2_5_flash,HILL_CLIMBING,password_strength,strong,4,True,True,['ZBX82d7tVZkQEs2'],0.0,strong,0,1,5.749985575675964e-06
gemini_2_5_flash,HILL_CLIMBING,password_strength,strong,5,True,True,['ZTKcEC6xFm'],0.0,strong,34,35,7.637497037649155e-05
gemini_2_5_flash,HILL_CLIMBING,password_strength,strong,6,True,True,['o3RjucEeBQ'],0.0,strong,20,21,5.012506153434515e-05
gemini_2_5_flash,HILL_CLIMBING,password_strength,strong,7,True,True,['G1rQZKDU6MqBCl6N'],0.0,strong,0,1,5.707959644496441e-06
gemini_2_5_flash,HILL_CLIMBING,password_strength,strong,8,True,True,['dfc2444A0RkAU'],0.0,strong,0,1,5.792011506855488e-06
gemini_2_5_flash,HILL_CLIMBING,password_strength,strong,9,True,True,['1CxCYvCSXE'],0.0,strong,18,19,4.4208019971847534e-05
gemini_2_5_flash,HILL_CLIMBING,password_strength,strong,10,True,True,['7wYqoyKDjO'],0.0,strong,11,12,2.975005190819502e-05
gemini_2_5_flash,HILL_CLIMBING,password_strength,strong,11,True,True,['JPtE9o9oCO'],0.0,strong,12,13,3.14170029014349e-05
gemini_2_5_flash,HILL_CLIMBING,password_strength,strong,12,True,True,['Z9PL42jLH0'],0.0,strong,4,5,1.0791001841425896e-05
gemini_2_5_flash,HILL_CLIMBING,password_strength,strong,13,True,True,['5lNG4Q5Sm9'],0.0,strong,0,1,4.875008016824722e-06
gemini_2_5_flash,HILL_CLIMBING,password_strength,strong,14,True,True,['47KtHlN1Ks'],0.0,strong,13,14,3.329198807477951e-05
gemini_2_5_flash,HILL_CLIMBING,password_strength,strong,15,True,True,['oVSkQp0wCON'],0.0,strong,33,34,7.920898497104645e-05
gemini_2_5_flash,HILL_CLIMBING,password_strength,strong,16,True,True,['jWBXDtdx6BObhlK'],0.0,strong,0,1,4.749977961182594e-06
gemini_2_5_flash,HILL_CLIMBING,password_strength,strong,17,True,True,['sliB9LBTq4'],0.0,strong,11,12,3.258406650274992e-05
gemini_2_5_flash,HILL_CLIMBING,password_strength,strong,18,True,True,['n2aRMnHefJ'],0.0,strong,32,33,7.170892786234617e-05
gemini_2_5_flash,HILL_CLIMBING,password_strength,strong,19,True,True,['sRGSAHUNOg2p1PGZ'],0.0,strong,0,1,4.958012141287327e-06
gemini_2_5_flash,HILL_CLIMBING,password_strength,strong,20,True,True,['9k2kTyOg6b'],0.0,strong,4,5,1.6375095583498478e-05
gemini_2_5_flash,HILL_CLIMBING,password_strength,strong,21,True,True,['X87iXlhdwRisgw'],0.0,strong,0,1,4.917033948004246e-06
gemini_2_5_flash,HILL_CLIMBING,password_strength,strong,22,True,True,['isYePrhfrvU4miMeW'],0.0,strong,0,1,6.166985258460045e-06
gemini_2_5_flash,HILL_CLIMBING,password_strength,strong,23,True,True,['w7Mo6Nfn26'],0.0,strong,22,23,4.9166963435709476e-05
gemini_2_5_flash,HILL_CLIMBING,password_strength,strong,24,True,True,['8f8lnpTpmV'],0.0,strong,11,12,2.916704397648573e-05
gemini_2_5_flash,HILL_CLIMBING,password_strength,strong,25,True,True,['yfYV5xVkJV'],0.0,strong,3,4,1.3874960131943226e-05
gemini_2_5_flash,HILL_CLIMBING,password_strength,strong,26,True,True,['NuT3oFx4Yr'],0.0,strong,31,32,7.049995474517345e-05
gemini_2_5_flash,HILL_CLIMBING,password_strength,strong,27,True,True,['2MozsJ2gbrV'],0.0,strong,0,1,4.249974153935909e-06
gemini_2_5_flash,HILL_CLIMBING,password_strength,strong,28,True,True,['sP57dvY0bqZxt8ClQ2lF'],0.0,strong,0,1,6.375019438564777e-06
gemini_2_5_flash,HILL_CLIMBING,password_strength,strong,29,True,True,['2JosZ2KG5F'],0.0,strong,29,30,6.158300675451756e-05
gemini_2_5_flash,HILL_CLIMBING,password_strength,medium,0,True,True,['vneltrBAW'],0.0,medium,9,10,2.9582995921373367e-05
gemini_2_5_flash,HILL_CLIMBING,password_strength,medium,1,True,True,['3jmLcI8Ii'],0.0,medium,24,25,6.04590168222785e-05
gemini_2_5_flash,HILL_CLIMBING,password_strength,medium,2,True,True,['sqjcHDCWgC'],0.0,medium,180,181,0.0004087919369339943
gemini_2_5_flash,HILL_CLIMBING,password_strength,medium,3,True,True,['fuOIYa'],0.0,medium,13,14,3.079103771597147e-05
gemini_2_5_flash,HILL_CLIMBING,password_strength,medium,4,True,True,['MsYCCYDvFP'],0.0,medium,115,116,0.00025529193226248026
gemini_2_5_flash,HILL_CLIMBING,password_strength,medium,5,True,True,['rVESHu'],0.0,medium,1,2,6.832997314631939e-06
gemini_2_5_flash,HILL_CLIMBING,password_strength,medium,6,True,True,['n0gc0PgfW'],0.0,medium,19,20,4.862493369728327e-05
gemini_2_5_flash,HILL_CLIMBING,password_strength,medium,7,True,True,['6bzR1nwh8'],0.0,medium,48,49,0.00011575000826269388
gemini_2_5_flash,HILL_CLIMBING,password_strength,medium,8,True,True,['rPqWGimqv'],0.0,medium,0,1,4.500034265220165e-06
gemini_2_5_flash,HILL_CLIMBING,password_strength,medium,9,True,True,['XyQBbFXArO'],0.0,medium,89,90,0.00020937505178153515
gemini_2_5_flash,HILL_CLIMBING,password_strength,medium,10,True,True,['RM67czgLF'],0.0,medium,66,67,0.00014537491369992495
gemini_2_5_flash,HILL_CLIMBING,password_strength,medium,11,True,True,['OmHAgD'],0.0,medium,2,3,7.958034984767437e-06
gemini_2_5_flash,HILL_CLIMBING,password_strength,medium,12,True,True,['sYVZWskQ7'],0.0,medium,0,1,4.332978278398514e-06
gemini_2_5_flash,HILL_CLIMBING,password_strength,medium,13,True,True,['sIBfPF'],0.0,medium,6,7,1.679197885096073e-05
gemini_2_5_flash,HILL_CLIMBING,password_strength,medium,14,True,True,['Fej085Vrl'],0.0,medium,244,245,0.000546916970051825
gemini_2_5_flash,HILL_CLIMBING,password_strength,medium,15,True,True,['Rfghhz'],0.0,medium,4,5,1.2499978765845299e-05
gemini_2_5_flash,HILL_CLIMBING,password_strength,medium,16,True,True,['dEuOAV'],0.0,medium,3,4,1.2999982573091984e-05
gemini_2_5_flash,HILL_CLIMBING,password_strength,medium,17,True,True,['6sQqGvKhj'],0.0,medium,3,4,1.1625001206994057e-05
gemini_2_5_flash,HILL_CLIMBING,password_strength,medium,18,True,True,['kFgxwlrmUrDx'],0.0,medium,13,14,5.6582968682050705e-05
gemini_2_5_flash,HILL_CLIMBING,password_strength,medium,19,True,True,['xIzpuiQYnKoPn'],0.0,medium,112,113,0.0002584579633548856
gemini_2_5_flash,HILL_CLIMBING,password_strength,medium,20,True,True,['TFQDjM'],0.0,medium,8,9,2.1999934688210487e-05
gemini_2_5_flash,HILL_CLIMBING,password_strength,medium,21,True,True,['Y4fOZRErw'],0.0,medium,16,17,3.904104232788086e-05
gemini_2_5_flash,HILL_CLIMBING,password_strength,medium,22,True,True,['kPR0TAtpS'],0.0,medium,127,128,0.00029666698537766933
gemini_2_5_flash,HILL_CLIMBING,password_strength,medium,23,True,True,['MG33Cc'],0.0,medium,6,7,1.679197885096073e-05
gemini_2_5_flash,HILL_CLIMBING,password_strength,medium,24,True,True,['1QAN2I5G4'],0.0,medium,0,1,4.29095234721899e-06
gemini_2_5_flash,HILL_CLIMBING,password_strength,medium,25,True,True,['c3hDBs'],0.0,medium,15,16,3.641704097390175e-05
gemini_2_5_flash,HILL_CLIMBING,password_strength,medium,26,True,True,['3GOwDc'],0.0,medium,0,1,3.917026333510876e-06
gemini_2_5_flash,HILL_CLIMBING,password_strength,medium,27,True,True,['nQc62J6nG'],0.0,medium,0,1,4.416913725435734e-06
gemini_2_5_flash,HILL_CLIMBING,password_strength,medium,28,True,True,['HylkFCkRmIvumPK'],0.0,medium,156,157,0.0003509159432724118
gemini_2_5_flash,HILL_CLIMBING,password_strength,medium,29,True,True,['dOy6WP4Wj'],0.0,medium,364,365,0.0007802080363035202
gemini_2_5_flash,HILL_CLIMBING,password_strength,weak_no_digit_upper,0,True,True,['yodwpzk'],0.0,weak_no_digit_upper,601,602,0.001150374999269843
gemini_2_5_flash,HILL_CLIMBING,password_strength,weak_no_digit_upper,1,True,True,['dfdypmou'],0.0,weak_no_digit_upper,1423,1424,0.002959290985018015
gemini_2_5_flash,HILL_CLIMBING,password_strength,weak_no_digit_upper,2,True,True,['blphyaxv'],0.0,weak_no_digit_upper,1009,1010,0.0021865000016987324
gemini_2_5_flash,HILL_CLIMBING,password_strength,weak_no_digit_upper,3,True,True,['okwlhfc'],0.0,weak_no_digit_upper,1088,1089,0.002237499924376607
gemini_2_5_flash,HILL_CLIMBING,password_strength,weak_no_digit_upper,4,True,True,['pckwbh'],0.0,weak_no_digit_upper,40,41,9.195797611027956e-05
gemini_2_5_flash,HILL_CLIMBING,password_strength,weak_no_digit_upper,5,True,True,['plxcfifl'],0.0,weak_no_digit_upper,615,616,0.001244375016540289
gemini_2_5_flash,HILL_CLIMBING,password_strength,weak_no_digit_upper,6,True,True,['zorkhodw'],0.0,weak_no_digit_upper,247,248,0.0004913749871775508
gemini_2_5_flash,HILL_CLIMBING,password_strength,weak_no_digit_upper,7,True,True,['hslybrl'],0.0,weak_no_digit_upper,394,395,0.0007957920897752047
gemini_2_5_flash,HILL_CLIMBING,password_strength,weak_no_digit_upper,8,True,True,['bqlrca'],0.0,weak_no_digit_upper,362,363,0.0007564160041511059
gemini_2_5_flash,HILL_CLIMBING,password_strength,weak_no_digit_upper,9,True,True,['tugpwb'],0.0,weak_no_digit_upper,19,20,4.39169816672802e-05
gemini_2_5_flash,HILL_CLIMBING,password_strength,weak_no_digit_upper,10,True,True,['zgnkad'],0.0,weak_no_digit_upper,349,350,0.000773583073168993
gemini_2_5_flash,HILL_CLIMBING,password_strength,weak_no_digit_upper,11,True,True,['cxiezfh'],0.0,weak_no_digit_upper,327,328,0.0006765830330550671
gemini_2_5_flash,HILL_CLIMBING,password_strength,weak_no_digit_upper,12,True,True,['vkefolve'],0.0,weak_no_digit_upper,1874,1875,0.003910208004526794
gemini_2_5_flash,HILL_CLIMBING,password_strength,weak_no_digit_upper,13,True,True,['synuled'],0.0,weak_no_digit_upper,69,70,0.0001485419925302267
gemini_2_5_flash,HILL_CLIMBING,password_strength,weak_no_digit_upper,14,True,True,['rvgnljn'],0.0,weak_no_digit_upper,968,969,0.0020731668919324875
gemini_2_5_flash,HILL_CLIMBING,password_strength,weak_no_digit_upper,15,True,True,['arisjn'],0.0,weak_no_digit_upper,386,387,0.0008005420677363873
gemini_2_5_flash,HILL_CLIMBING,password_strength,weak_no_digit_upper,16,True,True,['pabvhq'],0.0,weak_no_digit_upper,1763,1764,0.003693083068355918
gemini_2_5_flash,HILL_CLIMBING,password_strength,weak_no_digit_upper,17,True,True,['zncctr'],0.0,weak_no_digit_upper,132,133,0.000279792002402246
gemini_2_5_flash,HILL_CLIMBING,password_strength,weak_no_digit_upper,18,True,True,['jortwxo'],0.0,weak_no_digit_upper,1676,1677,0.003463124972768128
gemini_2_5_flash,HILL_CLIMBING,password_strength,weak_no_digit_upper,19,True,True,['ijpwrv'],0.0,weak_no_digit_upper,177,178,0.0003790829796344042
gemini_2_5_flash,HILL_CLIMBING,password_strength,weak_no_digit_upper,20,True,True,['lzrgba'],0.0,weak_no_digit_upper,396,397,0.0008475410286337137
gemini_2_5_flash,HILL_CLIMBING,password_strength,weak_no_digit_upper,21,True,True,['jqhaqxh'],0.0,weak_no_digit_upper,319,320,0.0006547500379383564
gemini_2_5_flash,HILL_CLIMBING,password_strength,weak_no_digit_upper,22,True,True,['fgjyho'],0.0,weak_no_digit_upper,1095,1096,0.0022444170899689198
gemini_2_5_flash,HILL_CLIMBING,password_strength,weak_no_digit_upper,23,True,True,['fcksya'],0.0,weak_no_digit_upper,585,586,0.0012166249798610806
gemini_2_5_flash,HILL_CLIMBING,password_strength,weak_no_digit_upper,24,True,True,['plyapkt'],0.0,weak_no_digit_upper,327,328,0.0006661670049652457
gemini_2_5_flash,HILL_CLIMBING,password_strength,weak_no_digit_upper,25,True,True,['mdzgfj'],0.0,weak_no_digit_upper,3696,3698,0.007568208035081625
gemini_2_5_flash,HILL_CLIMBING,password_strength,weak_no_digit_upper,26,True,True,['jigwvli'],0.0,weak_no_digit_upper,131,132,0.00028045906219631433
gemini_2_5_flash,HILL_CLIMBING,password_strength,weak_no_digit_upper,27,True,True,['dejfdai'],0.0,weak_no_digit_upper,450,451,0.0009637499460950494
gemini_2_5_flash,HILL_CLIMBING,password_strength,weak_no_digit_upper,28,True,True,['urpftx'],0.0,weak_no_digit_upper,375,376,0.0008116660173982382
gemini_2_5_flash,HILL_CLIMBING,password_strength,weak_no_digit_upper,29,True,True,['nqspvcwqi'],0.0,weak_no_digit_upper,1671,1672,0.003598666051402688
gemini_2_5_flash,HILL_CLIMBING,pin_pattern,secret_pin,0,False,False,"[8, 4, 11, 1]",4.0,,760,8094,0.016502082929946482
gemini_2_5_flash,HILL_CLIMBING,pin_pattern,secret_pin,1,False,False,"[6, 0, 10, 1]",5.0,,1006,8093,0.016388542018830776
gemini_2_5_flash,HILL_CLIMBING,pin_pattern,secret_pin,2,False,False,"[8, 0, 9, 1]",4.0,,4929,8093,0.016349249985069036
gemini_2_5_flash,HILL_CLIMBING,pin_pattern,secret_pin,3,False,False,"[8, 3, 8, 1]",2.0,,627,8094,0.01634925010148436
gemini_2_5_flash,HILL_CLIMBING,pin_pattern,secret_pin,4,False,False,"[7, 3, 8, 2]",2.0,,2585,8093,0.016366208088584244
gemini_2_5_flash,HILL_CLIMBING,pin_pattern,secret_pin,5,False,False,"[6, 4, 11, 1]",4.0,,706,8094,0.016330915968865156
gemini_2_5_flash,HILL_CLIMBING,pin_pattern,secret_pin,6,False,False,"[6, 1, 9, 0]",4.0,,3016,8093,0.016328208963386714
gemini_2_5_flash,HILL_CLIMBING,pin_pattern,secret_pin,7,False,False,"[7, 5, 10, 1]",3.0,,3427,8093,0.016223540995270014
gemini_2_5_flash,HILL_CLIMBING,pin_pattern,secret_pin,8,False,False,"[7, 3, 9, -1]",2.0,,691,8094,0.016328666009940207
gemini_2_5_flash,HILL_CLIMBING,pin_pattern,secret_pin,9,False,False,"[6, 3, 8, 1]",2.0,,1535,8094,0.01625991694163531
gemini_2_5_flash,HILL_CLIMBING,pin_pattern,secret_pin,10,False,False,"[7, 2, 10, 1]",2.0,,491,8094,0.016375916893593967
gemini_2_5_flash,HILL_CLIMBING,pin_pattern,secret_pin,11,False,False,"[7, 2, 9, 3]",3.0,,4488,8093,0.016271415981464088
gemini_2_5_flash,HILL_CLIMBING,pin_pattern,secret_pin,12,False,False,"[7, 3, 7, 4]",5.0,,7142,8093,0.01629304199013859
gemini_2_5_flash,HILL_CLIMBING,pin_pattern,secret_pin,13,False,False,"[8, 2, 12, 0]",6.0,,791,8094,0.016348249977454543
gemini_2_5_flash,HILL_CLIMBING,pin_pattern,secret_pin,14,False,False,"[6, 5, 9, 2]",4.0,,929,8094,0.016266832943074405
gemini_2_5_flash,HILL_CLIMBING,pin_pattern,secret_pin,15,False,False,"[7, 6, 8, 1]",4.0,,317,8095,0.016247999970801175
gemini_2_5_flash,HILL_CLIMBING,pin_pattern,secret_pin,16,False,False,"[8, 6, 9, 1]",4.0,,390,8094,0.016450542025268078
gemini_2_5_flash,HILL_CLIMBING,pin_pattern,secret_pin,17,False,False,"[7, 2, 11, 1]",3.0,,452,8094,0.016386041068471968
gemini_2_5_flash,HILL_CLIMBING,pin_pattern,secret_pin,18,False,False,"[8, 2, 8, 1]",3.0,,1681,8092,0.01632825005799532
gemini_2_5_flash,HILL_CLIMBING,pin_pattern,secret_pin,19,False,False,"[8, 2, 9, 0]",3.0,,3732,8092,0.01633524999488145
gemini_2_5_flash,HILL_CLIMBING,pin_pattern,secret_pin,20,False,False,"[7, 0, 10, 1]",4.0,,1695,8093,0.016377625055611134
gemini_2_5_flash,HILL_CLIMBING,pin_pattern,secret_pin,21,False,False,"[8, 3, 10, 3]",4.0,,2007,8094,0.01644224999472499
gemini_2_5_flash,HILL_CLIMBING,pin_pattern,secret_pin,22,False,False,"[9, 4, 10, 0]",5.0,,3008,8093,0.01635866693686694
gemini_2_5_flash,HILL_CLIMBING,pin_pattern,secret_pin,23,False,False,"[5, 3, 9, -1]",4.0,,6920,8094,0.0163554580649361
gemini_2_5_flash,HILL_CLIMBING,pin_pattern,secret_pin,24,False,False,"[7, 3, 6, 1]",3.0,,1058,8093,0.01595337502658367
gemini_2_5_flash,HILL_CLIMBING,pin_pattern,secret_pin,25,False,False,"[7, 4, 9, 3]",3.0,,7923,8092,0.016397165949456394
gemini_2_5_flash,HILL_CLIMBING,pin_pattern,secret_pin,26,False,False,"[3, 3, 11, 1]",6.0,,1002,8093,0.016427333001047373
gemini_2_5_flash,HILL_CLIMBING,pin_pattern,secret_pin,27,False,False,"[6, 2, 9, 1]",2.0,,776,8094,0.016340082976967096
gemini_2_5_flash,HILL_CLIMBING,pin_pattern,secret_pin,28,False,False,"[7, 2, 9, 1]",1.0,,3651,8094,0.016279750037938356
gemini_2_5_flash,HILL_CLIMBING,pin_pattern,secret_pin,29,False,False,"[7, 3, 6, 1]",3.0,,2613,8093,0.016390917007811368
gemini_2_5_flash,HILL_CLIMBING,pin_pattern,all_same,0,False,False,"[1267, 1267, 1266, 1266]",1.0,,592,8094,0.01631187496241182
gemini_2_5_flash,HILL_CLIMBING,pin_pattern,all_same,1,False,False,"[63, 63, 62, 61]",2.0,,2766,8093,0.01624537503812462
gemini_2_5_flash,HILL_CLIMBING,pin_pattern,all_same,2,False,False,"[2373, 2374, 2373, 2375]",4.0,,986,8094,0.016207708977162838
gemini_2_5_flash,HILL_CLIMBING,pin_pattern,all_same,3,False,False,"[1733, 1735, 1735, 1735]",2.0,,652,8094,0.01605870807543397
gemini_2_5_flash,HILL_CLIMBING,pin_pattern,all_same,4,False,False,"[2236, 2236, 2234, 2233]",3.0,,735,8094,0.016179459053091705
gemini_2_5_flash,HILL_CLIMBING,pin_pattern,all_same,5,False,False,"[1944, 1946, 1946, 1946]",2.0,,1438,8093,0.016250165994279087
gemini_2_5_flash,HILL_CLIMBING,pin_pattern,all_same,6,False,False,"[990, 989, 990, 989]",3.0,,1582,8093,0.01620912505313754
gemini_2_5_flash,HILL_CLIMBING,pin_pattern,all_same,7,False,False,"[1674, 1673, 1672, 1673]",3.0,,7407,8093,0.016178374993614852
gemini_2_5_flash,HILL_CLIMBING,pin_pattern,all_same,8,False,False,"[2014, 2014, 2014, 2013]",1.0,,935,8094,0.016191833070479333
gemini_2_5_flash,HILL_CLIMBING,pin_pattern,all_same,9,False,False,"[2272, 2272, 2271, 2271]",1.0,,1835,8094,0.016190874972380698
gemini_2_5_flash,HILL_CLIMBING,pin_pattern,all_same,10,False,False,"[2095, 2094, 2094, 2092]",3.0,,875,8094,0.016191875096410513
gemini_2_5_flash,HILL_CLIMBING,pin_pattern,all_same,11,True,True,"[1382, 1382, 1382, 1382]",0.0,all_same,953,954,0.0019333749078214169
gemini_2_5_flash,HILL_CLIMBING,pin_pattern,all_same,12,False,False,"[1158, 1157, 1157, 1157]",1.0,,4766,8094,0.016110874945297837
gemini_2_5_flash,HILL_CLIMBING,pin_pattern,all_same,13,False,False,"[2218, 2216, 2215, 2215]",3.0,,6465,8092,0.016098666936159134
gemini_2_5_flash,HILL_CLIMBING,pin_pattern,all_same,14,False,False,"[1268, 1269, 1268, 1268]",2.0,,5364,8093,0.01617645798251033
gemini_2_5_flash,HILL_CLIMBING,pin_pattern,all_same,15,False,False,"[1679, 1680, 1680, 1679]",2.0,,482,8094,0.016233708010986447
gemini_2_5_flash,HILL_CLIMBING,pin_pattern,all_same,16,False,False,"[412, 413, 415, 415]",3.0,,5152,8093,0.016157459001988173
gemini_2_5_flash,HILL_CLIMBING,pin_pattern,all_same,17,False,False,"[2421, 2421, 2421, 2420]",1.0,,3135,8094,0.016069249948486686
gemini_2_5_flash,HILL_CLIMBING,pin_pattern,all_same,18,False,False,"[957, 957, 956, 956]",1.0,,3258,8093,0.016133875004015863
gemini_2_5_flash,HILL_CLIMBING,pin_pattern,all_same,19,False,False,"[2221, 2221, 2221, 2222]",1.0,,7959,8092,0.016177666024304926
gemini_2_5_flash,HILL_CLIMBING,pin_pattern,all_same,20,True,True,"[794, 794, 794, 794]",0.0,all_same,789,790,0.0016597079811617732
gemini_2_5_flash,HILL_CLIMBING,pin_pattern,all_same,21,False,False,"[1867, 1867, 1866, 1866]",1.0,,5071,8094,0.016245083999820054
gemini_2_5_flash,HILL_CLIMBING,pin_pattern,all_same,22,False,False,"[-131, -131, -130, -130]",1.0,,607,8094,0.015935208997689188
gemini_2_5_flash,HILL_CLIMBING,pin_pattern,all_same,23,False,False,"[2784, 2784, 2785, 2784]",2.0,,1164,8094,0.016275707981549203
gemini_2_5_flash,HILL_CLIMBING,pin_pattern,all_same,24,False,False,"[2075, 2077, 2076, 2076]",3.0,,2045,8093,0.016237500007264316
gemini_2_5_flash,HILL_CLIMBING,pin_pattern,all_same,25,False,False,"[1821, 1821, 1820, 1820]",1.0,,6141,8092,0.015846417052671313
gemini_2_5_flash,HILL_CLIMBING,pin_pattern,all_same,26,False,False,"[639, 639, 640, 640]",1.0,,7573,8093,0.016077083069831133
gemini_2_5_flash,HILL_CLIMBING,pin_pattern,all_same,27,False,False,"[2658, 2658, 2658, 2657]",1.0,,5525,8093,0.016057541011832654
gemini_2_5_flash,HILL_CLIMBING,pin_pattern,all_same,28,True,True,"[1045, 1045, 1045, 1045]",0.0,all_same,2228,2230,0.0044828340178355575
gemini_2_5_flash,HILL_CLIMBING,pin_pattern,all_same,29,False,False,"[520, 520, 518, 519]",3.0,,546,8094,0.01630133402068168
gemini_2_5_flash,HILL_CLIMBING,pin_pattern,ordered_sum_20,0,True,True,"[-195, -151, -138, 504]",0.0,ordered_sum_20,870,871,0.001960374996997416
gemini_2_5_flash,HILL_CLIMBING,pin_pattern,ordered_sum_20,1,True,True,"[-8, 0, 10, 18]",0.0,ordered_sum_20,671,672,0.0015154170105233788
gemini_2_5_flash,HILL_CLIMBING,pin_pattern,ordered_sum_20,2,True,True,"[-288, 94, 96, 118]",0.0,ordered_sum_20,672,673,0.0015037920093163848
gemini_2_5_flash,HILL_CLIMBING,pin_pattern,ordered_sum_20,3,True,True,"[-409, -388, 306, 511]",0.0,ordered_sum_20,513,514,0.0011331250425428152
gemini_2_5_flash,HILL_CLIMBING,pin_pattern,ordered_sum_20,4,True,True,"[-411, -401, -44, 876]",0.0,ordered_sum_20,353,354,0.0008519579423591495
gemini_2_5_flash,HILL_CLIMBING,pin_pattern,ordered_sum_20,5,True,True,"[-95, 11, 26, 78]",0.0,ordered_sum_20,283,284,0.0006966659566387534
gemini_2_5_flash,HILL_CLIMBING,pin_pattern,ordered_sum_20,6,True,True,"[-18, -2, 19, 21]",0.0,ordered_sum_20,1716,1717,0.0038075000047683716
gemini_2_5_flash,HILL_CLIMBING,pin_pattern,ordered_sum_20,7,True,True,"[-69, -50, -13, 152]",0.0,ordered_sum_20,587,588,0.0013300409773364663
gemini_2_5_flash,HILL_CLIMBING,pin_pattern,ordered_sum_20,8,True,True,"[-30, 8, 20, 22]",0.0,ordered_sum_20,546,547,0.0012286249548196793
gemini_2_5_flash,HILL_CLIMBING,pin_pattern,ordered_sum_20,9,True,True,"[-320, -243, 143, 440]",0.0,ordered_sum_20,528,529,0.001200334052555263
gemini_2_5_flash,HILL_CLIMBING,pin_pattern,ordered_sum_20,10,True,True,"[-5, -3, 7, 21]",0.0,ordered_sum_20,1513,1514,0.003383415983989835
gemini_2_5_flash,HILL_CLIMBING,pin_pattern,ordered_sum_20,11,True,True,"[-422, -51, 30, 463]",0.0,ordered_sum_20,411,412,0.0009776250226423144
gemini_2_5_flash,HILL_CLIMBING,pin_pattern,ordered_sum_20,12,True,True,"[-389, -197, -33, 639]",0.0,ordered_sum_20,170,171,0.00039487506728619337
gemini_2_5_flash,HILL_CLIMBING,pin_pattern,ordered_sum_20,13,True,True,"[-301, -250, -14, 585]",0.0,ordered_sum_20,360,361,0.000835041981190443
gemini_2_5_flash,HILL_CLIMBING,pin_pattern,ordered_sum_20,14,True,True,"[-408, -394, 335, 487]",0.0,ordered_sum_20,236,237,0.0005638329312205315
gemini_2_5_flash,HILL_CLIMBING,pin_pattern,ordered_sum_20,15,True,True,"[-431, -178, -173, 802]",0.0,ordered_sum_20,544,545,0.0012540000025182962
gemini_2_5_flash,HILL_CLIMBING,pin_pattern,ordered_sum_20,16,True,True,"[-378, -351, -331, 1080]",0.0,ordered_sum_20,310,311,0.0007585419807583094
gemini_2_5_flash,HILL_CLIMBING,pin_pattern,ordered_sum_20,17,True,True,"[-466, -170, 164, 492]",0.0,ordered_sum_20,455,456,0.0010227080201730132
gemini_2_5_flash,HILL_CLIMBING,pin_pattern,ordered_sum_20,18,True,True,"[-263, -239, -226, 748]",0.0,ordered_sum_20,605,606,0.001367208082228899
gemini_2_5_flash,HILL_CLIMBING,pin_pattern,ordered_sum_20,19,True,True,"[-378, -359, 182, 575]",0.0,ordered_sum_20,416,417,0.0009624579688534141
gemini_2_5_flash,HILL_CLIMBING,pin_pattern,ordered_sum_20,20,True,True,"[-259, -64, 137, 206]",0.0,ordered_sum_20,584,585,0.0013108339626342058
gemini_2_5_flash,HILL_CLIMBING,pin_pattern,ordered_sum_20,21,True,True,"[-80, -68, -17, 185]",0.0,ordered_sum_20,240,241,0.0005804169923067093
gemini_2_5_flash,HILL_CLIMBING,pin_pattern,ordered_sum_20,22,True,True,"[-286, -229, -207, 742]",0.0,ordered_sum_20,758,759,0.0017612080555409193
gemini_2_5_flash,HILL_CLIMBING,pin_pattern,ordered_sum_20,23,True,True,"[-271, -261, -31, 583]",0.0,ordered_sum_20,381,382,0.0008737909374758601
gemini_2_5_flash,HILL_CLIMBING,pin_pattern,ordered_sum_20,24,True,True,"[-231, -27, 136, 142]",0.0,ordered_sum_20,859,860,0.001902832998894155
gemini_2_5_flash,HILL_CLIMBING,pin_pattern,ordered_sum_20,25,True,True,"[-426, -397, -308, 1151]",0.0,ordered_sum_20,354,355,0.0007903749356046319
gemini_2_5_flash,HILL_CLIMBING,pin_pattern,ordered_sum_20,26,True,True,"[-123, 32, 54, 57]",0.0,ordered_sum_20,399,400,0.0009278749348595738
gemini_2_5_flash,HILL_CLIMBING,pin_pattern,ordered_sum_20,27,True,True,"[-474, -439, -231, 1164]",0.0,ordered_sum_20,625,626,0.0013780829031020403
gemini_2_5_flash,HILL_CLIMBING,pin_pattern,ordered_sum_20,28,True,True,"[-183, 9, 29, 165]",0.0,ordered_sum_20,1044,1046,0.002312416094355285
gemini_2_5_flash,HILL_CLIMBING,pin_pattern,ordered_sum_20,29,True,True,"[-184, -132, 17, 319]",0.0,ordered_sum_20,492,493,0.0011109589831903577
gemini_2_5_flash,HILL_CLIMBING,pin_pattern,other,0,True,True,"[454, 998, 2707, 1125]",0.0,other,0,1,5.292007699608803e-06
gemini_2_5_flash,HILL_CLIMBING,pin_pattern,other,1,True,True,"[1835, 706, 2073, 1228]",0.0,other,0,1,5.375011824071407e-06
gemini_2_5_flash,HILL_CLIMBING,pin_pattern,other,2,True,True,"[2112, 547, 3000, -345]",0.0,other,0,1,5.541951395571232e-06
gemini_2_5_flash,HILL_CLIMBING,pin_pattern,other,3,True,True,"[153, 2641, 2571, 1157]",0.0,other,0,1,4.541012458503246e-06
gemini_2_5_flash,HILL_CLIMBING,pin_pattern,other,4,True,True,"[850, 626, 874, 1975]",0.0,other,0,1,5.500041879713535e-06
gemini_2_5_flash,HILL_CLIMBING,pin_pattern,other,5,True,True,"[379, 274, -275, 383]",0.0,other,0,1,5.00003807246685e-06
gemini_2_5_flash,HILL_CLIMBING,pin_pattern,other,6,True,True,"[190, 2589, 2302, 2131]",0.0,other,0,1,5.042064003646374e-06
gemini_2_5_flash,HILL_CLIMBING,pin_pattern,other,7,True,True,"[13, 911, 1877, 2695]",0.0,other,0,1,5.082925781607628e-06
gemini_2_5_flash,HILL_CLIMBING,pin_pattern,other,8,True,True,"[-451, 1880, 142, 2472]",0.0,other,0,1,5.207955837249756e-06
gemini_2_5_flash,HILL_CLIMBING,pin_pattern,other,9,True,True,"[1729, 789, 2419, 486]",0.0,other,0,1,5.083042196929455e-06
gemini_2_5_flash,HILL_CLIMBING,pin_pattern,other,10,True,True,"[762, -465, 1336, 389]",0.0,other,0,1,5.166977643966675e-06
gemini_2_5_flash,HILL_CLIMBING,pin_pattern,other,11,True,True,"[2267, 328, 2192, 1738]",0.0,other,0,1,5.417037755250931e-06
gemini_2_5_flash,HILL_CLIMBING,pin_pattern,other,12,True,True,"[-238, 2132, 2840, -123]",0.0,other,0,1,5.042064003646374e-06
gemini_2_5_flash,HILL_CLIMBING,pin_pattern,other,13,True,True,"[576, 1593, 2722, 1314]",0.0,other,0,1,5.207955837249756e-06
gemini_2_5_flash,HILL_CLIMBING,pin_pattern,other,14,True,True,"[147, 467, 1056, 2411]",0.0,other,0,1,5.082925781607628e-06
gemini_2_5_flash,HILL_CLIMBING,pin_pattern,other,15,True,True,"[1021, 1433, 2953, -485]",0.0,other,0,1,4.708999767899513e-06
gemini_2_5_flash,HILL_CLIMBING,pin_pattern,other,16,True,True,"[2848, 1927, 2062, 2154]",0.0,other,0,1,5.209003575146198e-06
gemini_2_5_flash,HILL_CLIMBING,pin_pattern,other,17,True,True,"[2308, 1942, 944, 451]",0.0,other,0,1,4.999921657145023e-06
gemini_2_5_flash,HILL_CLIMBING,pin_pattern,other,18,True,True,"[-1, 2366, 274, 698]",0.0,other,0,1,5.042064003646374e-06
gemini_2_5_flash,HILL_CLIMBING,pin_pattern,other,19,True,True,"[301, 1801, -426, 1362]",0.0,other,0,1,5.124951712787151e-06
gemini_2_5_flash,HILL_CLIMBING,pin_pattern,other,20,True,True,"[1345, 1910, 1616, 1819]",0.0,other,0,1,5.042064003646374e-06
gemini_2_5_flash,HILL_CLIMBING,pin_pattern,other,21,True,True,"[1894, 1997, 1580, 856]",0.0,other,0,1,4.499917849898338e-06
gemini_2_5_flash,HILL_CLIMBING,pin_pattern,other,22,True,True,"[1785, 390, 2534, 919]",0.0,other,0,1,5.08397351950407e-06
gemini_2_5_flash,HILL_CLIMBING,pin_pattern,other,23,True,True,"[2385, 2611, 1515, 978]",0.0,other,0,1,4.66697383671999e-06
gemini_2_5_flash,HILL_CLIMBING,pin_pattern,other,24,True,True,"[1458, 1065, 1235, -240]",0.0,other,0,1,5.375011824071407e-06
gemini_2_5_flash,HILL_CLIMBING,pin_pattern,other,25,True,True,"[951, -160, 1384, 472]",0.0,other,0,1,5.00003807246685e-06
gemini_2_5_flash,HILL_CLIMBING,pin_pattern,other,26,True,True,"[2498, 1993, 253, 2637]",0.0,other,0,1,5.083042196929455e-06
gemini_2_5_flash,HILL_CLIMBING,pin_pattern,other,27,True,True,"[48, 832, 693, -252]",0.0,other,0,1,4.958943463861942e-06
gemini_2_5_flash,HILL_CLIMBING,pin_pattern,other,28,True,True,"[-197, 1024, 343, -207]",0.0,other,0,1,5.083042196929455e-06
gemini_2_5_flash,HILL_CLIMBING,pin_pattern,other,29,True,True,"[218, 1448, 1438, 692]",0.0,other,0,1,5.041016265749931e-06
gemini_2_5_flash,HILL_CLIMBING,shipping_discount,invalid,0,False,False,"[0.0, 12.134362118415176, False]",1.0,,103,8091,0.018928625038824975
gemini_2_5_flash,HILL_CLIMBING,shipping_discount,invalid,1,False,False,"[123.266785916584, 0.0, False]",1.0,,82,8091,0.01896316697821021
gemini_2_5_flash,HILL_CLIMBING,shipping_discount,invalid,2,False,False,"[163.94489433187601, 0.0, True]",1.0,,29,8091,0.018897458910942078
gemini_2_5_flash,HILL_CLIMBING,shipping_discount,invalid,3,False,False,"[120.38062806192123, 0.0, False]",1.0,,45,8091,0.018829958979040384
gemini_2_5_flash,HILL_CLIMBING,shipping_discount,invalid,4,False,False,"[0.0, 8.899692199813767, False]",1.0,,12,8091,0.01884983293712139
gemini_2_5_flash,HILL_CLIMBING,shipping_discount,invalid,5,False,False,"[255.91165197388904, 0.0, True]",1.0,,58,8091,0.0188702919986099
gemini_2_5_flash,HILL_CLIMBING,shipping_discount,invalid,6,False,False,"[0.0, 109.13737828104641, False]",1.0,,105,8091,0.018840457894839346
gemini_2_5_flash,HILL_CLIMBING,shipping_discount,invalid,7,False,False,"[0.0, 63.49306505427259, False]",1.0,,56,8091,0.018858292023651302
gemini_2_5_flash,HILL_CLIMBING,shipping_discount,invalid,8,False,False,"[185.15963407946649, 0.0, True]",1.0,,42,8091,0.019058749894611537
gemini_2_5_flash,HILL_CLIMBING,shipping_discount,invalid,9,False,False,"[87.63510095914609, 0.0, False]",1.0,,62,8091,0.018738250015303493
gemini_2_5_flash,HILL_CLIMBING,shipping_discount,invalid,10,False,False,"[0.0, 109.52607260495412, True]",1.0,,26,8091,0.0188187500461936
gemini_2_5_flash,HILL_CLIMBING,shipping_discount,invalid,11,False,False,"[199.6773164241585, 0.0, True]",1.0,,52,8091,0.018923499970696867
gemini_2_5_flash,HILL_CLIMBING,shipping_discount,invalid,12,False,False,"[0.0, 50.50586787632747, False]",1.0,,77,8091,0.019010707968845963
gemini_2_5_flash,HILL_CLIMBING,shipping_discount,invalid,13,False,False,"[283.7807706746331, 0.0, False]",1.0,,45,8091,0.018920833012089133
gemini_2_5_flash,HILL_CLIMBING,shipping_discount,invalid,14,False,False,"[159.61413581051778, 0.0, True]",1.0,,68,8091,0.018834250047802925
gemini_2_5_flash,HILL_CLIMBING,shipping_discount,invalid,15,False,False,"[0.0, 72.08494910518304, True]",1.0,,62,8091,0.01897920889314264
gemini_2_5_flash,HILL_CLIMBING,shipping_discount,invalid,16,False,False,"[188.5523150040703, 0.0, False]",1.0,,16,8091,0.018810124951414764
gemini_2_5_flash,HILL_CLIMBING,shipping_discount,invalid,17,False,False,"[287.9216158330225, 0.0, True]",1.0,,84,8091,0.01891924999654293
gemini_2_5_flash,HILL_CLIMBING,shipping_discount,invalid,18,False,False,"[0.0, 130.13649904432052, True]",1.0,,36,8091,0.018968166084960103
gemini_2_5_flash,HILL_CLIMBING,shipping_discount,invalid,19,False,False,"[39.46528663951684, 0.0, False]",1.0,,60,8091,0.018873582943342626
gemini_2_5_flash,HILL_CLIMBING,shipping_discount,invalid,20,False,False,"[154.99891665029799, 0.0, True]",1.0,,94,8091,0.01894958398770541
gemini_2_5_flash,HILL_CLIMBING,shipping_discount,invalid,21,False,False,"[53.75401454784735, 0.0, True]",1.0,,22,8091,0.01888716605026275
gemini_2_5_flash,HILL_CLIMBING,shipping_discount,invalid,22,False,False,"[173.20377850139718, 0.0, False]",1.0,,50,8091,0.018829042091965675
gemini_2_5_flash,HILL_CLIMBING,shipping_discount,invalid,23,False,False,"[195.36586817818613, 0.0, False]",1.0,,105,8091,0.01889329100959003
gemini_2_5_flash,HILL_CLIMBING,shipping_discount,invalid,24,False,False,"[49.82050101871896, 0.0, True]",1.0,,80,8091,0.018813792034052312
gemini_2_5_flash,HILL_CLIMBING,shipping_discount,invalid,25,False,False,"[213.17211923818357, 0.0, False]",1.0,,59,8091,0.018982250010594726
gemini_2_5_flash,HILL_CLIMBING,shipping_discount,invalid,26,False,False,"[243.4689017501457, 0.0, True]",1.0,,133,8091,0.018834499991498888
gemini_2_5_flash,HILL_CLIMBING,shipping_discount,invalid,27,False,False,"[209.38158743254047, 0.0, True]",1.0,,47,8091,0.018922916962765157
gemini_2_5_flash,HILL_CLIMBING,shipping_discount,invalid,28,False,False,"[293.8425490954957, 0.0, True]",1.0,,64,8091,0.018979375017806888
gemini_2_5_flash,HILL_CLIMBING,shipping_discount,invalid,29,False,False,"[223.65996142573596, 0.0, False]",1.0,,48,8091,0.01890562498010695
gemini_2_5_flash,HILL_CLIMBING,shipping_discount,free_express_shipping,0,True,True,"[271.60394477269296, 25.11851811123092, True]",0.0,free_express_shipping,2,3,1.129100564867258e-05
gemini_2_5_flash,HILL_CLIMBING,shipping_discount,free_express_shipping,1,True,True,"[283.85166888342025, 11.226881228660746, True]",0.0,free_express_shipping,11,12,4.0375045500695705e-05
gemini_2_5_flash,HILL_CLIMBING,shipping_discount,free_express_shipping,2,True,True,"[236.43380218650108, 22.757248783218383, True]",0.0,free_express_shipping,15,16,4.9749971367418766e-05
gemini_2_5_flash,HILL_CLIMBING,shipping_discount,free_express_shipping,3,True,True,"[214.41003910678117, 40.62749884414713, True]",0.0,free_express_shipping,2,3,1.0207993909716606e-05
gemini_2_5_flash,HILL_CLIMBING,shipping_discount,free_express_shipping,4,True,True,"[236.27221546063134, 48.50529120708975, True]",0.0,free_express_shipping,2,3,1.2165983207523823e-05
gemini_2_5_flash,HILL_CLIMBING,shipping_discount,free_express_shipping,5,True,True,"[299.65263818094763, 0.0, True]",0.0,free_express_shipping,8,9,2.9250048100948334e-05
gemini_2_5_flash,HILL_CLIMBING,shipping_discount,free_express_shipping,6,True,True,"[220.13049574943796, 45.89620714387965, True]",0.0,free_express_shipping,21,22,6.608304101973772e-05
gemini_2_5_flash,HILL_CLIMBING,shipping_discount,free_express_shipping,7,True,True,"[224.53301023514666, 49.69453992616725, True]",0.0,free_express_shipping,4,5,2.091703936457634e-05
gemini_2_5_flash,HILL_CLIMBING,shipping_discount,free_express_shipping,8,True,True,"[244.71010185567474, 15.831788891763042, True]",0.0,free_express_shipping,11,12,3.891694359481335e-05
gemini_2_5_flash,HILL_CLIMBING,shipping_discount,free_express_shipping,9,True,True,"[235.79188364826106, 17.249947067982305, True]",0.0,free_express_shipping,6,7,2.408307045698166e-05
gemini_2_5_flash,HILL_CLIMBING,shipping_discount,free_express_shipping,10,True,True,"[222.7675469831797, 28.097450162781684, True]",0.0,free_express_shipping,18,19,5.083298310637474e-05
gemini_2_5_flash,HILL_CLIMBING,shipping_discount,free_express_shipping,11,True,True,"[270.61567297541546, 21.318999487669988, True]",0.0,free_express_shipping,28,29,8.395803160965443e-05
gemini_2_5_flash,HILL_CLIMBING,shipping_discount,free_express_shipping,12,True,True,"[202.39651380283598, 25.188066369864394, True]",0.0,free_express_shipping,32,33,9.870890062302351e-05
gemini_2_5_flash,HILL_CLIMBING,shipping_discount,free_express_shipping,13,True,True,"[245.69183059796967, 39.59393455078175, True]",0.0,free_express_shipping,14,15,4.804099444299936e-05
gemini_2_5_flash,HILL_CLIMBING,shipping_discount,free_express_shipping,14,True,True,"[236.62858343946584, 31.735949264295293, True]",0.0,free_express_shipping,12,13,3.9207981899380684e-05
gemini_2_5_flash,HILL_CLIMBING,shipping_discount,free_express_shipping,15,True,True,"[237.73005710144247, 46.79067229073799, True]",0.0,free_express_shipping,34,35,8.824991527944803e-05
gemini_2_5_flash,HILL_CLIMBING,shipping_discount,free_express_shipping,16,True,True,"[254.0910313066674, 4.7766393116006505, True]",0.0,free_express_shipping,31,32,9.174994193017483e-05
gemini_2_5_flash,HILL_CLIMBING,shipping_discount,free_express_shipping,17,True,True,"[237.38847532331005, 44.01079584881343, True]",0.0,free_express_shipping,49,50,0.00012541702017188072
gemini_2_5_flash,HILL_CLIMBING,shipping_discount,free_express_shipping,18,True,True,"[207.94106482340354, 2.378782617486408, True]",0.0,free_express_shipping,20,21,6.083399057388306e-05
gemini_2_5_flash,HILL_CLIMBING,shipping_discount,free_express_shipping,19,True,True,"[255.08158440291015, 33.35126752539913, True]",0.0,free_express_shipping,5,6,1.9916915334761143e-05
gemini_2_5_flash,HILL_CLIMBING,shipping_discount,free_express_shipping,20,True,True,"[203.46137227103776, 2.073262281095217, True]",0.0,free_express_shipping,35,36,8.77090496942401e-05
gemini_2_5_flash,HILL_CLIMBING,shipping_discount,free_express_shipping,21,True,True,"[262.9319953224346, 25.360694475603147, True]",0.0,free_express_shipping,2,3,1.0083080269396305e-05
gemini_2_5_flash,HILL_CLIMBING,shipping_discount,free_express_shipping,22,True,True,"[284.62775868530224, 45.47544484450199, True]",0.0,free_express_shipping,33,34,8.395896293222904e-05
gemini_2_5_flash,HILL_CLIMBING,shipping_discount,free_express_shipping,23,True,True,"[299.5, 38.21923861634392, True]",0.0,free_express_shipping,24,25,7.316598203033209e-05
gemini_2_5_flash,HILL_CLIMBING,shipping_discount,free_express_shipping,24,True,True,"[234.30348715339568, 48.23036186045549, True]",0.0,free_express_shipping,1,2,7.833004929125309e-06
gemini_2_5_flash,HILL_CLIMBING,shipping_discount,free_express_shipping,25,True,True,"[200.27016505117385, 46.22712827554319, True]",0.0,free_express_shipping,4,5,1.937500201165676e-05
gemini_2_5_flash,HILL_CLIMBING,shipping_discount,free_express_shipping,26,True,True,"[296.00837031620915, 49.73500108661044, True]",0.0,free_express_shipping,3,4,1.366704236716032e-05
gemini_2_5_flash,HILL_CLIMBING,shipping_discount,free_express_shipping,27,True,True,"[210.09603125868054, 49.95126283667283, True]",0.0,free_express_shipping,22,23,7.06670107319951e-05
gemini_2_5_flash,HILL_CLIMBING,shipping_discount,free_express_shipping,28,True,True,"[256.2956242440301, 7.2864216451910595, True]",0.0,free_express_shipping,14,15,4.8457994125783443e-05
gemini_2_5_flash,HILL_CLIMBING,shipping_discount,free_express_shipping,29,True,True,"[212.27033026110504, 5.911203835486322, True]",0.0,free_express_shipping,3,4,1.53339933604002e-05
gemini_2_5_flash,HILL_CLIMBING,shipping_discount,standard_discount,0,True,True,"[184.42318308867885, 84.89175637321497, True]",0.0,standard_discount,5,6,2.0709005184471607e-05
gemini_2_5_flash,HILL_CLIMBING,shipping_discount,standard_discount,1,True,True,"[143.83517203749625, 12.598232338454723, False]",0.0,standard_discount,0,1,2.7919886633753777e-06
gemini_2_5_flash,HILL_CLIMBING,shipping_discount,standard_discount,2,True,True,"[165.60978712409153, 67.3557488299121, False]",0.0,standard_discount,0,1,3.1669624149799347e-06
gemini_2_5_flash,HILL_CLIMBING,shipping_discount,standard_discount,3,True,True,"[189.4558324733892, 38.42464973960754, False]",0.0,standard_discount,1,2,7.3339324444532394e-06
gemini_2_5_flash,HILL_CLIMBING,shipping_discount,standard_discount,4,True,True,"[194.31941808748184, 61.9581632273016, False]",0.0,standard_discount,0,1,3.291061148047447e-06
gemini_2_5_flash,HILL_CLIMBING,shipping_discount,standard_discount,5,True,True,"[227.7448662624796, 40.009402351891936, False]",0.0,standard_discount,0,1,3.2919924706220627e-06
gemini_2_5_flash,HILL_CLIMBING,shipping_discount,standard_discount,6,True,True,"[178.1412703176695, 81.72595960503261, True]",0.0,standard_discount,8,9,2.637505531311035e-05
gemini_2_5_flash,HILL_CLIMBING,shipping_discount,standard_discount,7,True,True,"[201.8693740344203, 40.43035290743356, False]",0.0,standard_discount,1,2,8.083065040409565e-06
gemini_2_5_flash,HILL_CLIMBING,shipping_discount,standard_discount,8,True,True,"[141.1954088042395, 75.12379698201453, False]",0.0,standard_discount,4,5,1.9333092495799065e-05
gemini_2_5_flash,HILL_CLIMBING,shipping_discount,standard_discount,9,True,True,"[171.8666249388161, 45.67316835543457, True]",0.0,standard_discount,6,7,2.7041067369282246e-05
gemini_2_5_flash,HILL_CLIMBING,shipping_discount,standard_discount,10,True,True,"[244.97012576730853, 85.55405423840172, False]",0.0,standard_discount,19,20,6.208301056176424e-05
gemini_2_5_flash,HILL_CLIMBING,shipping_discount,standard_discount,11,True,True,"[194.98498765404716, 93.32512698906355, False]",0.0,standard_discount,0,1,3.334018401801586e-06
gemini_2_5_flash,HILL_CLIMBING,shipping_discount,standard_discount,12,True,True,"[135.67419011830413, 76.31076826021953, True]",0.0,standard_discount,9,10,3.7665944546461105e-05
gemini_2_5_flash,HILL_CLIMBING,shipping_discount,standard_discount,13,True,True,"[156.75906200573166, 63.178224095820426, False]",0.0,standard_discount,9,10,3.650004509836435e-05
gemini_2_5_flash,HILL_CLIMBING,shipping_discount,standard_discount,14,True,True,"[225.22348570987126, 65.87771096693318, True]",0.0,standard_discount,2,3,8.750008419156075e-06
gemini_2_5_flash,HILL_CLIMBING,shipping_discount,standard_discount,15,True,True,"[143.09158997032878, 67.4147216180437, True]",0.0,standard_discount,11,12,3.904104232788086e-05
gemini_2_5_flash,HILL_CLIMBING,shipping_discount,standard_discount,16,True,True,"[174.99032650139858, 15.381485996513627, False]",0.0,standard_discount,14,15,4.549999721348286e-05
gemini_2_5_flash,HILL_CLIMBING,shipping_discount,standard_discount,17,True,True,"[151.72055910105962, 17.317955170403675, True]",0.0,standard_discount,0,1,3.4170225262641907e-06
gemini_2_5_flash,HILL_CLIMBING,shipping_discount,standard_discount,18,True,True,"[153.29273152060068, 62.666575145695184, True]",0.0,standard_discount,9,10,3.0125025659799576e-05
gemini_2_5_flash,HILL_CLIMBING,shipping_discount,standard_discount,19,True,True,"[123.49903664416736, 72.1117535586719, True]",0.0,standard_discount,4,5,1.5291967429220676e-05
gemini_2_5_flash,HILL_CLIMBING,shipping_discount,standard_discount,20,True,True,"[168.0268557784621, 15.991145929470385, False]",0.0,standard_discount,0,1,3.4999102354049683e-06
gemini_2_5_flash,HILL_CLIMBING,shipping_discount,standard_discount,21,True,True,"[219.93945702718185, 68.4929445185692, False]",0.0,standard_discount,7,8,2.804095856845379e-05
gemini_2_5_flash,HILL_CLIMBING,shipping_discount,standard_discount,22,True,True,"[194.93300411913458, 44.51071508944782, False]",0.0,standard_discount,5,6,2.2332998923957348e-05
gemini_2_5_flash,HILL_CLIMBING,shipping_discount,standard_discount,23,True,True,"[211.3628003019346, 72.77425423422692, True]",0.0,standard_discount,0,1,3.583962097764015e-06
gemini_2_5_flash,HILL_CLIMBING,shipping_discount,standard_discount,24,True,True,"[233.99708052728283, 12.485414692214542, False]",0.0,standard_discount,7,8,2.550007775425911e-05
gemini_2_5_flash,HILL_CLIMBING,shipping_discount,standard_discount,25,True,True,"[114.72602010687936, 45.357509997213356, False]",0.0,standard_discount,4,5,1.695798709988594e-05
gemini_2_5_flash,HILL_CLIMBING,shipping_discount,standard_discount,26,True,True,"[100.08026306939644, 68.59752444574563, False]",0.0,standard_discount,0,1,3.2080570235848427e-06
gemini_2_5_flash,HILL_CLIMBING,shipping_discount,standard_discount,27,True,True,"[287.14462884451376, 78.89016131643288, True]",0.0,standard_discount,2,3,8.917064405977726e-06
gemini_2_5_flash,HILL_CLIMBING,shipping_discount,standard_discount,28,True,True,"[192.52008901578418, 64.72102766738581, True]",0.0,standard_discount,10,11,3.516697324812412e-05
gemini_2_5_flash,HILL_CLIMBING,shipping_discount,standard_discount,29,True,True,"[252.1473799797834, 68.83215498167927, False]",0.0,standard_discount,2,3,9.916955605149269e-06
gemini_2_5_flash,HILL_CLIMBING,shipping_discount,small_discount,0,True,True,"[174.14480393605, 128.01308592069847, False]",0.0,small_discount,2,3,1.083302777260542e-05
gemini_2_5_flash,HILL_CLIMBING,shipping_discount,small_discount,1,True,True,"[57.82814783321618, 124.37266721106252, False]",0.0,small_discount,0,1,3.2919924706220627e-06
gemini_2_5_flash,HILL_CLIMBING,shipping_discount,small_discount,2,True,True,"[61.797616775841306, 62.80220662900686, False]",0.0,small_discount,24,25,7.566704880446196e-05
gemini_2_5_flash,HILL_CLIMBING,shipping_discount,small_discount,3,True,True,"[211.6841856359981, 104.93153098328284, True]",0.0,small_discount,0,1,3.3329706639051437e-06
gemini_2_5_flash,HILL_CLIMBING,shipping_discount,small_discount,4,True,True,"[233.79769214786432, 104.41908481479437, True]",0.0,small_discount,1,2,7.875030860304832e-06
gemini_2_5_flash,HILL_CLIMBING,shipping_discount,small_discount,5,True,True,"[83.4993753582158, 60.76236481926791, False]",0.0,small_discount,0,1,3.2921088859438896e-06
gemini_2_5_flash,HILL_CLIMBING,shipping_discount,small_discount,6,True,True,"[64.63530863539255, 149.51784707568885, True]",0.0,small_discount,0,1,2.875109203159809e-06
gemini_2_5_flash,HILL_CLIMBING,shipping_discount,small_discount,7,True,True,"[299.82412431317505, 114.40076939879162, True]",0.0,small_discount,0,1,3.2909447327256203e-06
gemini_2_5_flash,HILL_CLIMBING,shipping_discount,small_discount,8,True,True,"[44.661939946897064, 24.901621637798804, True]",0.0,small_discount,3,4,1.2959004379808903e-05
gemini_2_5_flash,HILL_CLIMBING,shipping_discount,small_discount,9,True,True,"[140.04497665849223, 146.1314898243799, True]",0.0,small_discount,1,2,8.25000461190939e-06
gemini_2_5_flash,HILL_CLIMBING,shipping_discount,small_discount,10,True,True,"[111.62353955031571, 135.10366943896838, False]",0.0,small_discount,19,20,5.937507376074791e-05
gemini_2_5_flash,HILL_CLIMBING,shipping_discount,small_discount,11,True,True,"[14.797226107297657, 130.55655574540393, True]",0.0,small_discount,1,2,7.875030860304832e-06
gemini_2_5_flash,HILL_CLIMBING,shipping_discount,small_discount,12,True,True,"[142.52446596209688, 127.29385831130344, False]",0.0,small_discount,10,11,3.5792007111012936e-05
gemini_2_5_flash,HILL_CLIMBING,shipping_discount,small_discount,13,True,True,"[83.25242004604262, 102.24917247016363, True]",0.0,small_discount,3,4,1.237494871020317e-05
gemini_2_5_flash,HILL_CLIMBING,shipping_discount,small_discount,14,True,True,"[36.95808381292884, 92.69745525463897, True]",0.0,small_discount,0,1,3.7499703466892242e-06
gemini_2_5_flash,HILL_CLIMBING,shipping_discount,small_discount,15,True,True,"[66.10649067637199, 142.88036124065954, False]",0.0,small_discount,0,1,3.2499665394425392e-06
gemini_2_5_flash,HILL_CLIMBING,shipping_discount,small_discount,16,True,True,"[286.26722401555105, 147.56271075777212, False]",0.0,small_discount,8,9,3.433297388255596e-05
gemini_2_5_flash,HILL_CLIMBING,shipping_discount,small_discount,17,True,True,"[93.0243149500625, 46.50813831822485, True]",0.0,small_discount,7,8,2.7458067052066326e-05
gemini_2_5_flash,HILL_CLIMBING,shipping_discount,small_discount,18,True,True,"[9.768854468505095, 101.16480771540994, True]",0.0,small_discount,0,1,3.4159747883677483e-06
gemini_2_5_flash,HILL_CLIMBING,shipping_discount,small_discount,19,True,True,"[9.191360251740399, 78.95812828521514, True]",0.0,small_discount,0,1,3.4170225262641907e-06
gemini_2_5_flash,HILL_CLIMBING,shipping_discount,small_discount,20,True,True,"[11.652229538659252, 64.63717170591877, True]",0.0,small_discount,2,3,1.2750038877129555e-05
gemini_2_5_flash,HILL_CLIMBING,shipping_discount,small_discount,21,True,True,"[87.00161249919651, 28.89819201869565, False]",0.0,small_discount,3,4,1.6666948795318604e-05
gemini_2_5_flash,HILL_CLIMBING,shipping_discount,small_discount,22,True,True,"[178.55715179369057, 129.8520717386901, True]",0.0,small_discount,1,2,6.875023245811462e-06
gemini_2_5_flash,HILL_CLIMBING,shipping_discount,small_discount,23,True,True,"[2.074676296779576, 100.51618570764188, True]",0.0,small_discount,0,1,3.2080570235848427e-06
gemini_2_5_flash,HILL_CLIMBING,shipping_discount,small_discount,24,True,True,"[128.90757015756563, 118.33825803662384, False]",0.0,small_discount,0,1,3.208988346159458e-06
gemini_2_5_flash,HILL_CLIMBING,shipping_discount,small_discount,25,True,True,"[3.3535698301210393, 7.607526883734966, True]",0.0,small_discount,0,1,3.6249402910470963e-06
gemini_2_5_flash,HILL_CLIMBING,shipping_discount,small_discount,26,True,True,"[55.7914080847667, 23.082534829956092, True]",0.0,small_discount,0,1,3.2499665394425392e-06
gemini_2_5_flash,HILL_CLIMBING,shipping_discount,small_discount,27,True,True,"[112.37639228884792, 110.12693580430023, True]",0.0,small_discount,3,4,1.541606616228819e-05
gemini_2_5_flash,HILL_CLIMBING,shipping_discount,small_discount,28,True,True,"[126.93553483825416, 121.54513893092796, True]",0.0,small_discount,1,2,7.542083039879799e-06
gemini_2_5_flash,HILL_CLIMBING,shipping_discount,small_discount,29,True,True,"[14.789009220098215, 48.32384202990448, True]",0.0,small_discount,1,2,7.0410314947366714e-06
gemini_2_5_flash,HILL_CLIMBING,shipping_discount,no_discount,0,True,True,"[48.68232941160041, 77.5909273431058, False]",0.0,no_discount,55,56,0.0001457909820601344
gemini_2_5_flash,HILL_CLIMBING,shipping_discount,no_discount,1,True,True,"[19.524108444911914, 43.41559623480259, False]",0.0,no_discount,13,14,4.4332933612167835e-05
gemini_2_5_flash,HILL_CLIMBING,shipping_discount,no_discount,2,True,True,"[46.91457220091794, 54.13999144247143, False]",0.0,no_discount,5,6,2.2417050786316395e-05
gemini_2_5_flash,HILL_CLIMBING,shipping_discount,no_discount,3,True,True,"[43.936928928249365, 7.168526686924176, False]",0.0,no_discount,1,2,7.917056791484356e-06
gemini_2_5_flash,HILL_CLIMBING,shipping_discount,no_discount,4,True,True,"[24.015084936759244, 107.67184952244926, False]",0.0,no_discount,0,1,3.2499665394425392e-06
gemini_2_5_flash,HILL_CLIMBING,shipping_discount,no_discount,5,True,True,"[2.335360004888764, 121.41595250648498, False]",0.0,no_discount,32,33,7.891689892858267e-05
gemini_2_5_flash,HILL_CLIMBING,shipping_discount,no_discount,6,True,True,"[15.827224358247992, 132.5390344701441, False]",0.0,no_discount,1,2,8.082948625087738e-06
gemini_2_5_flash,HILL_CLIMBING,shipping_discount,no_discount,7,True,True,"[9.999760256891943, 144.7392577032482, False]",0.0,no_discount,6,7,2.6250025257468224e-05
gemini_2_5_flash,HILL_CLIMBING,shipping_discount,no_discount,8,True,True,"[47.84729596271526, 14.159259494196803, False]",0.0,no_discount,10,11,3.833300434052944e-05
gemini_2_5_flash,HILL_CLIMBING,shipping_discount,no_discount,9,True,True,"[49.45757603956198, 71.55232957188657, False]",0.0,no_discount,23,24,6.94170594215393e-05
gemini_2_5_flash,HILL_CLIMBING,shipping_discount,no_discount,10,True,True,"[7.30572441520394, 35.08159550112449, False]",0.0,no_discount,66,67,0.0001752499956637621
gemini_2_5_flash,HILL_CLIMBING,shipping_discount,no_discount,11,True,True,"[2.149168772356236, 15.3047358235969, False]",0.0,no_discount,1,2,7.958034984767437e-06
gemini_2_5_flash,HILL_CLIMBING,shipping_discount,no_discount,12,True,True,"[17.88405606042437, 98.13091140428183, False]",0.0,no_discount,6,7,2.5250017642974854e-05
gemini_2_5_flash,HILL_CLIMBING,shipping_discount,no_discount,13,True,True,"[2.7207663680448357, 149.66505746062484, False]",0.0,no_discount,3,4,1.3082986697554588e-05
gemini_2_5_flash,HILL_CLIMBING,shipping_discount,no_discount,14,True,True,"[37.76035970707879, 145.4764461533211, False]",0.0,no_discount,7,8,2.5667017325758934e-05
gemini_2_5_flash,HILL_CLIMBING,shipping_discount,no_discount,15,True,True,"[23.948031545678994, 7.436413348025089, False]",0.0,no_discount,50,51,0.00012779096141457558
gemini_2_5_flash,HILL_CLIMBING,shipping_discount,no_discount,16,True,True,"[14.468717166601197, 86.1624548624144, False]",0.0,no_discount,0,1,3.2499665394425392e-06
gemini_2_5_flash,HILL_CLIMBING,shipping_discount,no_discount,17,True,True,"[44.48864835908288, 10.31165702952937, False]",0.0,no_discount,2,3,1.2582982890307903e-05
gemini_2_5_flash,HILL_CLIMBING,shipping_discount,no_discount,18,True,True,"[6.589874804101881, 101.91138457675491, False]",0.0,no_discount,39,40,9.695801418274641e-05
gemini_2_5_flash,HILL_CLIMBING,shipping_discount,no_discount,19,True,True,"[1.0498245661112682, 46.303802570427486, False]",0.0,no_discount,22,23,6.466696504503489e-05
gemini_2_5_flash,HILL_CLIMBING,shipping_discount,no_discount,20,True,True,"[5.99987684378549, 52.0892295078809, False]",0.0,no_discount,12,13,4.475004971027374e-05
gemini_2_5_flash,HILL_CLIMBING,shipping_discount,no_discount,21,True,True,"[48.821086358848135, 109.97855364202861, False]",0.0,no_discount,1,2,7.625087164342403e-06
gemini_2_5_flash,HILL_CLIMBING,shipping_discount,no_discount,22,True,True,"[30.576138624874424, 127.74504618769677, False]",0.0,no_discount,10,11,3.8624973967671394e-05
gemini_2_5_flash,HILL_CLIMBING,shipping_discount,no_discount,23,True,True,"[49.079796587842075, 42.872253851183615, False]",0.0,no_discount,59,60,0.00015600002370774746
gemini_2_5_flash,HILL_CLIMBING,shipping_discount,no_discount,24,True,True,"[20.965278532223753, 112.94561892499719, False]",0.0,no_discount,15,16,4.754099063575268e-05
gemini_2_5_flash,HILL_CLIMBING,shipping_discount,no_discount,25,True,True,"[19.908195003825824, 24.80927387971716, False]",0.0,no_discount,14,15,4.725006874650717e-05
gemini_2_5_flash,HILL_CLIMBING,shipping_discount,no_discount,26,True,True,"[36.65568697411977, 51.1103085717698, False]",0.0,no_discount,1,2,7.707974873483181e-06
gemini_2_5_flash,HILL_CLIMBING,shipping_discount,no_discount,27,True,True,"[28.003416636421797, 47.29025928799903, False]",0.0,no_discount,14,15,4.5459019020199776e-05
gemini_2_5_flash,HILL_CLIMBING,shipping_discount,no_discount,28,True,True,"[19.470050246836244, 114.99958272560959, False]",0.0,no_discount,17,18,5.595793481916189e-05
gemini_2_5_flash,HILL_CLIMBING,shipping_discount,no_discount,29,True,True,"[31.587582344809633, 8.173397323939062, False]",0.0,no_discount,12,13,4.39999857917428e-05
gemini_2_5_flash,HILL_CLIMBING,sign_type,positive,0,True,True,[2424],0.0,positive,0,1,5.208072252571583e-06
gemini_2_5_flash,HILL_CLIMBING,sign_type,positive,1,True,True,[503],0.0,positive,0,1,2.9999064281582832e-06
gemini_2_5_flash,HILL_CLIMBING,sign_type,positive,2,True,True,[1982],0.0,positive,1,2,5.249981768429279e-06
gemini_2_5_flash,HILL_CLIMBING,sign_type,positive,3,True,True,[2458],0.0,positive,0,1,2.1669548004865646e-06
gemini_2_5_flash,HILL_CLIMBING,sign_type,positive,4,True,True,[2929],0.0,positive,0,1,2.540997229516506e-06
gemini_2_5_flash,HILL_CLIMBING,sign_type,positive,5,True,True,[3],0.0,positive,2,3,6.749993190169334e-06
gemini_2_5_flash,HILL_CLIMBING,sign_type,positive,6,True,True,[1713],0.0,positive,0,1,2.5830231606960297e-06
gemini_2_5_flash,HILL_CLIMBING,sign_type,positive,7,True,True,[2372],0.0,positive,0,1,2.4170149117708206e-06
gemini_2_5_flash,HILL_CLIMBING,sign_type,positive,8,True,True,[2655],0.0,positive,0,1,2.749962732195854e-06
gemini_2_5_flash,HILL_CLIMBING,sign_type,positive,9,True,True,[261],0.0,positive,0,1,2.458924427628517e-06
gemini_2_5_flash,HILL_CLIMBING,sign_type,positive,10,True,True,[2807],0.0,positive,0,1,2.4170149117708206e-06
gemini_2_5_flash,HILL_CLIMBING,sign_type,positive,11,True,True,[2630],0.0,positive,0,1,2.4170149117708206e-06
gemini_2_5_flash,HILL_CLIMBING,sign_type,positive,12,True,True,[444],0.0,positive,0,1,2.374988980591297e-06
gemini_2_5_flash,HILL_CLIMBING,sign_type,positive,13,True,True,[978],0.0,positive,0,1,2.540997229516506e-06
gemini_2_5_flash,HILL_CLIMBING,sign_type,positive,14,True,True,[491],0.0,positive,3,4,9.207986295223236e-06
gemini_2_5_flash,HILL_CLIMBING,sign_type,positive,15,True,True,[1287],0.0,positive,0,1,2.749962732195854e-06
gemini_2_5_flash,HILL_CLIMBING,sign_type,positive,16,True,True,[275],0.0,positive,0,1,2.499902620911598e-06
gemini_2_5_flash,HILL_CLIMBING,sign_type,positive,17,True,True,[91],0.0,positive,0,1,3.00002284348011e-06
gemini_2_5_flash,HILL_CLIMBING,sign_type,positive,18,True,True,[2037],0.0,positive,0,1,2.500019036233425e-06
gemini_2_5_flash,HILL_CLIMBING,sign_type,positive,19,True,True,[1821],0.0,positive,0,1,2.4579931050539017e-06
gemini_2_5_flash,HILL_CLIMBING,sign_type,positive,20,True,True,[1991],0.0,positive,0,1,2.374988980591297e-06
gemini_2_5_flash,HILL_CLIMBING,sign_type,positive,21,True,True,[753],0.0,positive,0,1,2.334010787308216e-06
gemini_2_5_flash,HILL_CLIMBING,sign_type,positive,22,True,True,[382],0.0,positive,0,1,2.374988980591297e-06
gemini_2_5_flash,HILL_CLIMBING,sign_type,positive,23,True,True,[1828],0.0,positive,0,1,2.374988980591297e-06
gemini_2_5_flash,HILL_CLIMBING,sign_type,positive,24,True,True,[2395],0.0,positive,0,1,2.4170149117708206e-06
gemini_2_5_flash,HILL_CLIMBING,sign_type,positive,25,True,True,[1119],0.0,positive,0,1,2.584070898592472e-06
gemini_2_5_flash,HILL_CLIMBING,sign_type,positive,26,True,True,[1293],0.0,positive,0,1,2.500019036233425e-06
gemini_2_5_flash,HILL_CLIMBING,sign_type,positive,27,True,True,[1972],0.0,positive,0,1,2.4168984964489937e-06
gemini_2_5_flash,HILL_CLIMBING,sign_type,positive,28,True,True,[1240],0.0,positive,0,1,2.3330794647336006e-06
gemini_2_5_flash,HILL_CLIMBING,sign_type,positive,29,True,True,[1379],0.0,positive,0,1,2.584070898592472e-06
gemini_2_5_flash,HILL_CLIMBING,sign_type,negative,0,True,True,[-195],0.0,negative,2,3,5.749985575675964e-06
gemini_2_5_flash,HILL_CLIMBING,sign_type,negative,1,True,True,[-347],0.0,negative,55,56,7.354188710451126e-05
gemini_2_5_flash,HILL_CLIMBING,sign_type,negative,2,True,True,[-256],0.0,negative,9,10,1.695798709988594e-05
gemini_2_5_flash,HILL_CLIMBING,sign_type,negative,3,True,True,[-82],0.0,negative,0,1,2.5830231606960297e-06
gemini_2_5_flash,HILL_CLIMBING,sign_type,negative,4,True,True,[-308],0.0,negative,60,61,6.566592492163181e-05
gemini_2_5_flash,HILL_CLIMBING,sign_type,negative,5,True,True,[-269],0.0,negative,27,28,3.975001163780689e-05
gemini_2_5_flash,HILL_CLIMBING,sign_type,negative,6,True,True,[-327],0.0,negative,4,5,8.665956556797028e-06
gemini_2_5_flash,HILL_CLIMBING,sign_type,negative,7,True,True,[-79],0.0,negative,40,41,5.6999968364834785e-05
gemini_2_5_flash,HILL_CLIMBING,sign_type,negative,8,True,True,[-3],0.0,negative,8,9,1.4625024050474167e-05
gemini_2_5_flash,HILL_CLIMBING,sign_type,negative,9,True,True,[-442],0.0,negative,33,34,4.545797128230333e-05
gemini_2_5_flash,HILL_CLIMBING,sign_type,negative,10,True,True,[-130],0.0,negative,9,10,1.7749960534274578e-05
gemini_2_5_flash,HILL_CLIMBING,sign_type,negative,11,True,True,[-168],0.0,negative,10,11,1.7749960534274578e-05
gemini_2_5_flash,HILL_CLIMBING,sign_type,negative,12,True,True,[-232],0.0,negative,8,9,1.4457968063652515e-05
gemini_2_5_flash,HILL_CLIMBING,sign_type,negative,13,True,True,[-336],0.0,negative,5,6,1.1041993275284767e-05
gemini_2_5_flash,HILL_CLIMBING,sign_type,negative,14,True,True,[-193],0.0,negative,11,12,2.037500962615013e-05
gemini_2_5_flash,HILL_CLIMBING,sign_type,negative,15,True,True,[-9],0.0,negative,17,18,2.6209047064185143e-05
gemini_2_5_flash,HILL_CLIMBING,sign_type,negative,16,True,True,[-341],0.0,negative,30,31,3.86660685762763e-05
gemini_2_5_flash,HILL_CLIMBING,sign_type,negative,17,True,True,[-265],0.0,negative,30,31,4.700000863522291e-05
gemini_2_5_flash,HILL_CLIMBING,sign_type,negative,18,True,True,[-107],0.0,negative,9,10,1.3958080671727657e-05
gemini_2_5_flash,HILL_CLIMBING,sign_type,negative,19,True,True,[-278],0.0,negative,0,1,2.583954483270645e-06
gemini_2_5_flash,HILL_CLIMBING,sign_type,negative,20,True,True,[-136],0.0,negative,2,3,5.582929588854313e-06
gemini_2_5_flash,HILL_CLIMBING,sign_type,negative,21,True,True,[-182],0.0,negative,2,3,5.58304600417614e-06
gemini_2_5_flash,HILL_CLIMBING,sign_type,negative,22,True,True,[-402],0.0,negative,2,3,6.66698906570673e-06
gemini_2_5_flash,HILL_CLIMBING,sign_type,negative,23,True,True,[-50],0.0,negative,22,23,3.308395389467478e-05
gemini_2_5_flash,HILL_CLIMBING,sign_type,negative,24,True,True,[-182],0.0,negative,7,8,1.116609200835228e-05
gemini_2_5_flash,HILL_CLIMBING,sign_type,negative,25,True,True,[-151],0.0,negative,5,6,1.1999974958598614e-05
gemini_2_5_flash,HILL_CLIMBING,sign_type,negative,26,True,True,[-17],0.0,negative,39,40,5.295791197568178e-05
gemini_2_5_flash,HILL_CLIMBING,sign_type,negative,27,True,True,[-118],0.0,negative,74,75,9.079102892428637e-05
gemini_2_5_flash,HILL_CLIMBING,sign_type,negative,28,True,True,[-368],0.0,negative,0,1,2.500019036233425e-06
gemini_2_5_flash,HILL_CLIMBING,sign_type,negative,29,True,True,[-131],0.0,negative,56,57,6.870902143418789e-05
gemini_2_5_flash,HILL_CLIMBING,sign_type,zero,0,True,True,[0],0.0,zero,73,74,8.766702376306057e-05
gemini_2_5_flash,HILL_CLIMBING,sign_type,zero,1,True,True,[0],0.0,zero,56,57,6.666698027402163e-05
gemini_2_5_flash,HILL_CLIMBING,sign_type,zero,2,True,True,[0],0.0,zero,79,80,8.991698268800974e-05
gemini_2_5_flash,HILL_CLIMBING,sign_type,zero,3,True,True,[0],0.0,zero,82,83,9.570794645696878e-05
gemini_2_5_flash,HILL_CLIMBING,sign_type,zero,4,True,True,[0],0.0,zero,70,71,8.587492629885674e-05
gemini_2_5_flash,HILL_CLIMBING,sign_type,zero,5,True,True,[0],0.0,zero,66,67,8.354196324944496e-05
gemini_2_5_flash,HILL_CLIMBING,sign_type,zero,6,True,True,[0],0.0,zero,106,107,0.00012079207226634026
gemini_2_5_flash,HILL_CLIMBING,sign_type,zero,7,True,True,[0],0.0,zero,10,11,1.6749952919781208e-05
gemini_2_5_flash,HILL_CLIMBING,sign_type,zero,8,True,True,[0],0.0,zero,37,38,3.9749895222485065e-05
gemini_2_5_flash,HILL_CLIMBING,sign_type,zero,9,True,True,[0],0.0,zero,61,62,7.466704118996859e-05
gemini_2_5_flash,HILL_CLIMBING,sign_type,zero,10,True,True,[0],0.0,zero,107,108,0.00012154097203165293
gemini_2_5_flash,HILL_CLIMBING,sign_type,zero,11,True,True,[0],0.0,zero,54,55,5.779205821454525e-05
gemini_2_5_flash,HILL_CLIMBING,sign_type,zero,12,True,True,[0],0.0,zero,118,119,0.0001385000068694353
gemini_2_5_flash,HILL_CLIMBING,sign_type,zero,13,True,True,[0],0.0,zero,21,22,4.729093052446842e-05
gemini_2_5_flash,HILL_CLIMBING,sign_type,zero,14,True,True,[0],0.0,zero,117,118,0.00012874999083578587
gemini_2_5_flash,HILL_CLIMBING,sign_type,zero,15,True,True,[0],0.0,zero,48,49,6.304203998297453e-05
gemini_2_5_flash,HILL_CLIMBING,sign_type,zero,16,True,True,[0],0.0,zero,138,139,0.00013379205483943224
gemini_2_5_flash,HILL_CLIMBING,sign_type,zero,17,True,True,[0],0.0,zero,99,100,0.00011958403047174215
gemini_2_5_flash,HILL_CLIMBING,sign_type,zero,18,True,True,[0],0.0,zero,46,47,5.066697485744953e-05
gemini_2_5_flash,HILL_CLIMBING,sign_type,zero,19,True,True,[0],0.0,zero,117,118,0.00012995791621506214
gemini_2_5_flash,HILL_CLIMBING,sign_type,zero,20,True,True,[0],0.0,zero,105,106,0.00012633297592401505
gemini_2_5_flash,HILL_CLIMBING,sign_type,zero,21,True,True,[0],0.0,zero,51,52,6.441597361117601e-05
gemini_2_5_flash,HILL_CLIMBING,sign_type,zero,22,True,True,[0],0.0,zero,74,75,8.720799814909697e-05
gemini_2_5_flash,HILL_CLIMBING,sign_type,zero,23,True,True,[0],0.0,zero,111,112,0.00011729204561561346
gemini_2_5_flash,HILL_CLIMBING,sign_type,zero,24,True,True,[0],0.0,zero,56,57,7.1333022788167e-05
gemini_2_5_flash,HILL_CLIMBING,sign_type,zero,25,True,True,[0],0.0,zero,105,106,0.0001240420388057828
gemini_2_5_flash,HILL_CLIMBING,sign_type,zero,26,True,True,[0],0.0,zero,41,42,4.6625034883618355e-05
gemini_2_5_flash,HILL_CLIMBING,sign_type,zero,27,True,True,[0],0.0,zero,93,94,9.045901242643595e-05
gemini_2_5_flash,HILL_CLIMBING,sign_type,zero,28,True,True,[0],0.0,zero,95,96,0.00011374999303370714
gemini_2_5_flash,HILL_CLIMBING,sign_type,zero,29,True,True,[0],0.0,zero,74,75,9.245902765542269e-05
gemini_2_5_flash,HILL_CLIMBING,string_category,empty,0,True,True,[''],0.0,empty,38,39,9.937502909451723e-05
gemini_2_5_flash,HILL_CLIMBING,string_category,empty,1,True,True,[''],0.0,empty,11,12,2.8542010113596916e-05
gemini_2_5_flash,HILL_CLIMBING,string_category,empty,2,True,True,[''],0.0,empty,38,39,7.499998901039362e-05
gemini_2_5_flash,HILL_CLIMBING,string_category,empty,3,True,True,[''],0.0,empty,13,14,2.9666000045835972e-05
gemini_2_5_flash,HILL_CLIMBING,string_category,empty,4,True,True,[''],0.0,empty,16,17,3.3250078558921814e-05
gemini_2_5_flash,HILL_CLIMBING,string_category,empty,5,True,True,[''],0.0,empty,19,20,4.441698547452688e-05
gemini_2_5_flash,HILL_CLIMBING,string_category,empty,6,True,True,[''],0.0,empty,30,31,5.995796527713537e-05
gemini_2_5_flash,HILL_CLIMBING,string_category,empty,7,True,True,[''],0.0,empty,11,12,2.8374954126775265e-05
gemini_2_5_flash,HILL_CLIMBING,string_category,empty,8,True,True,[''],0.0,empty,11,12,2.462498378008604e-05
gemini_2_5_flash,HILL_CLIMBING,string_category,empty,9,True,True,[''],0.0,empty,11,12,2.6124995201826096e-05
gemini_2_5_flash,HILL_CLIMBING,string_category,empty,10,True,True,[''],0.0,empty,29,30,6.229104474186897e-05
gemini_2_5_flash,HILL_CLIMBING,string_category,empty,11,True,True,[''],0.0,empty,2,3,8.832896128296852e-06
gemini_2_5_flash,HILL_CLIMBING,string_category,empty,12,True,True,[''],0.0,empty,35,36,7.545808330178261e-05
gemini_2_5_flash,HILL_CLIMBING,string_category,empty,13,True,True,[''],0.0,empty,21,22,5.150004290044308e-05
gemini_2_5_flash,HILL_CLIMBING,string_category,empty,14,True,True,[''],0.0,empty,17,18,3.8499943912029266e-05
gemini_2_5_flash,HILL_CLIMBING,string_category,empty,15,True,True,[''],0.0,empty,31,32,6.791600026190281e-05
gemini_2_5_flash,HILL_CLIMBING,string_category,empty,16,True,True,[''],0.0,empty,18,19,3.7958030588924885e-05
gemini_2_5_flash,HILL_CLIMBING,string_category,empty,17,True,True,[''],0.0,empty,50,51,9.845907334238291e-05
gemini_2_5_flash,HILL_CLIMBING,string_category,empty,18,True,True,[''],0.0,empty,23,24,5.250005051493645e-05
gemini_2_5_flash,HILL_CLIMBING,string_category,empty,19,True,True,[''],0.0,empty,26,27,5.579192657023668e-05
gemini_2_5_flash,HILL_CLIMBING,string_category,empty,20,True,True,[''],0.0,empty,19,20,4.1792052797973156e-05
gemini_2_5_flash,HILL_CLIMBING,string_category,empty,21,True,True,[''],0.0,empty,58,59,0.00010774994734674692
gemini_2_5_flash,HILL_CLIMBING,string_category,empty,22,True,True,[''],0.0,empty,6,7,1.7000013031065464e-05
gemini_2_5_flash,HILL_CLIMBING,string_category,empty,23,True,True,[''],0.0,empty,0,1,3.7080608308315277e-06
gemini_2_5_flash,HILL_CLIMBING,string_category,empty,24,True,True,[''],0.0,empty,11,12,3.1374976970255375e-05
gemini_2_5_flash,HILL_CLIMBING,string_category,empty,25,True,True,[''],0.0,empty,0,1,2.5830231606960297e-06
gemini_2_5_flash,HILL_CLIMBING,string_category,empty,26,True,True,[''],0.0,empty,27,28,6.220804061740637e-05
gemini_2_5_flash,HILL_CLIMBING,string_category,empty,27,True,True,[''],0.0,empty,33,34,7.437507156282663e-05
gemini_2_5_flash,HILL_CLIMBING,string_category,empty,28,True,True,[''],0.0,empty,10,11,2.637505531311035e-05
gemini_2_5_flash,HILL_CLIMBING,string_category,empty,29,True,True,[''],0.0,empty,24,25,5.0875009037554264e-05
gemini_2_5_flash,HILL_CLIMBING,string_category,long_palindrome,0,True,True,['1F1F1'],0.0,long_palindrome,7861,7862,0.013928415952250361
gemini_2_5_flash,HILL_CLIMBING,string_category,long_palindrome,1,True,True,['mbTbm'],0.0,long_palindrome,982,983,0.0017508749151602387
gemini_2_5_flash,HILL_CLIMBING,string_category,long_palindrome,2,False,False,['hHP7N'],1.0,,0,8081,0.014242790988646448
gemini_2_5_flash,HILL_CLIMBING,string_category,long_palindrome,3,False,False,['6sPLrmyu8'],1.0,,0,8081,0.014227541978470981
gemini_2_5_flash,HILL_CLIMBING,string_category,long_palindrome,4,True,True,['OUxUO'],0.0,long_palindrome,6494,6495,0.011547000030986965
gemini_2_5_flash,HILL_CLIMBING,string_category,long_palindrome,5,True,True,['Ra2aR'],0.0,long_palindrome,747,748,0.0013015420408919454
gemini_2_5_flash,HILL_CLIMBING,string_category,long_palindrome,6,False,False,['ApJy'],1.0,,10,8081,0.01425074995495379
gemini_2_5_flash,HILL_CLIMBING,string_category,long_palindrome,7,False,False,['sLvANXz9O6H'],1.0,,0,8081,0.014319458976387978
gemini_2_5_flash,HILL_CLIMBING,string_category,long_palindrome,8,False,False,['FwrOlqo'],1.0,,0,8081,0.01408787490800023
gemini_2_5_flash,HILL_CLIMBING,string_category,long_palindrome,9,False,False,['Vt9U1Z'],1.0,,0,8081,0.014405125053599477
gemini_2_5_flash,HILL_CLIMBING,string_category,long_palindrome,10,True,True,['nOFOn'],0.0,long_palindrome,5746,5747,0.010246000019833446
gemini_2_5_flash,HILL_CLIMBING,string_category,long_palindrome,11,False,False,['oyBM0vXZ'],1.0,,0,8081,0.014178082928992808
gemini_2_5_flash,HILL_CLIMBING,string_category,long_palindrome,12,True,True,['xMAMx'],0.0,long_palindrome,4642,4643,0.008117666002362967
gemini_2_5_flash,HILL_CLIMBING,string_category,long_palindrome,13,False,False,['4Ixzt'],1.0,,0,8081,0.014282000018283725
gemini_2_5_flash,HILL_CLIMBING,string_category,long_palindrome,14,False,False,['Y6WT'],1.0,,19,8081,0.014211250003427267
gemini_2_5_flash,HILL_CLIMBING,string_category,long_palindrome,15,True,True,['RtotR'],0.0,long_palindrome,4652,4653,0.008038332918658853
gemini_2_5_flash,HILL_CLIMBING,string_category,long_palindrome,16,False,False,['U7OUP'],1.0,,0,8081,0.014348916010931134
gemini_2_5_flash,HILL_CLIMBING,string_category,long_palindrome,17,True,True,['sQYQs'],0.0,long_palindrome,3887,3888,0.00694537500385195
gemini_2_5_flash,HILL_CLIMBING,string_category,long_palindrome,18,True,True,['n515n'],0.0,long_palindrome,3472,3473,0.006184583995491266
gemini_2_5_flash,HILL_CLIMBING,string_category,long_palindrome,19,True,True,['9UZU9'],0.0,long_palindrome,86,87,0.00016837508883327246
gemini_2_5_flash,HILL_CLIMBING,string_category,long_palindrome,20,False,False,['UkHZj'],1.0,,0,8081,0.014333250001072884
gemini_2_5_flash,HILL_CLIMBING,string_category,long_palindrome,21,False,False,['xtb6tZaCD'],1.0,,0,8081,0.014343625050969422
gemini_2_5_flash,HILL_CLIMBING,string_category,long_palindrome,22,False,False,['z562Gh4ELmTdf'],1.0,,0,8081,0.014104624977335334
gemini_2_5_flash,HILL_CLIMBING,string_category,long_palindrome,23,False,False,['sfjfUL6Zb1YE'],1.0,,0,8081,0.014282083953730762
gemini_2_5_flash,HILL_CLIMBING,string_category,long_palindrome,24,False,False,['jjCjd4'],1.0,,0,8081,0.01430720800999552
gemini_2_5_flash,HILL_CLIMBING,string_category,long_palindrome,25,False,False,['bMi168BLkpaBu'],1.0,,0,8081,0.014177125063724816
gemini_2_5_flash,HILL_CLIMBING,string_category,long_palindrome,26,False,False,['bYofXbFNvW'],1.0,,0,8081,0.01437529199756682
gemini_2_5_flash,HILL_CLIMBING,string_category,long_palindrome,27,False,False,['n1sv'],1.0,,6,8081,0.01436012506019324
gemini_2_5_flash,HILL_CLIMBING,string_category,long_palindrome,28,False,False,['qmCtR'],1.0,,0,8081,0.014407165930606425
gemini_2_5_flash,HILL_CLIMBING,string_category,long_palindrome,29,False,False,['eNe'],1.0,,1,8081,0.014328166958875954
gemini_2_5_flash,HILL_CLIMBING,string_category,short_palindrome,0,True,True,['FNF'],0.0,short_palindrome,42,43,8.90000956133008e-05
gemini_2_5_flash,HILL_CLIMBING,string_category,short_palindrome,1,True,True,['O'],0.0,short_palindrome,21,22,5.40000619366765e-05
gemini_2_5_flash,HILL_CLIMBING,string_category,short_palindrome,2,True,True,['a'],0.0,short_palindrome,20,21,4.670803900808096e-05
gemini_2_5_flash,HILL_CLIMBING,string_category,short_palindrome,3,True,True,['l'],0.0,short_palindrome,38,39,8.26249597594142e-05
gemini_2_5_flash,HILL_CLIMBING,string_category,short_palindrome,4,True,True,['l'],0.0,short_palindrome,6,7,1.6290927305817604e-05
gemini_2_5_flash,HILL_CLIMBING,string_category,short_palindrome,5,True,True,['ww'],0.0,short_palindrome,5,6,1.5040975995361805e-05
gemini_2_5_flash,HILL_CLIMBING,string_category,short_palindrome,6,True,True,['y'],0.0,short_palindrome,23,24,4.770804662257433e-05
gemini_2_5_flash,HILL_CLIMBING,string_category,short_palindrome,7,True,True,['j'],0.0,short_palindrome,37,38,7.662491407245398e-05
gemini_2_5_flash,HILL_CLIMBING,string_category,short_palindrome,8,True,True,['1'],0.0,short_palindrome,1,2,1.1582975275814533e-05
gemini_2_5_flash,HILL_CLIMBING,string_category,short_palindrome,9,True,True,['E'],0.0,short_palindrome,25,26,5.937495734542608e-05
gemini_2_5_flash,HILL_CLIMBING,string_category,short_palindrome,10,True,True,['U'],0.0,short_palindrome,45,46,9.395892266184092e-05
gemini_2_5_flash,HILL_CLIMBING,string_category,short_palindrome,11,True,True,['V'],0.0,short_palindrome,37,38,7.637508679181337e-05
gemini_2_5_flash,HILL_CLIMBING,string_category,short_palindrome,12,True,True,['4'],0.0,short_palindrome,30,31,6.595801096409559e-05
gemini_2_5_flash,HILL_CLIMBING,string_category,short_palindrome,13,True,True,['4'],0.0,short_palindrome,35,36,6.879190914332867e-05
gemini_2_5_flash,HILL_CLIMBING,string_category,short_palindrome,14,True,True,['t'],0.0,short_palindrome,4,5,1.2709060683846474e-05
gemini_2_5_flash,HILL_CLIMBING,string_category,short_palindrome,15,True,True,['q'],0.0,short_palindrome,3,4,1.1875061318278313e-05
gemini_2_5_flash,HILL_CLIMBING,string_category,short_palindrome,16,True,True,['t'],0.0,short_palindrome,8,9,2.1666986867785454e-05
gemini_2_5_flash,HILL_CLIMBING,string_category,short_palindrome,17,True,True,['j'],0.0,short_palindrome,24,25,5.170807708054781e-05
gemini_2_5_flash,HILL_CLIMBING,string_category,short_palindrome,18,True,True,['r'],0.0,short_palindrome,6,7,1.695798709988594e-05
gemini_2_5_flash,HILL_CLIMBING,string_category,short_palindrome,19,True,True,['3'],0.0,short_palindrome,14,15,3.195903263986111e-05
gemini_2_5_flash,HILL_CLIMBING,string_category,short_palindrome,20,True,True,['0'],0.0,short_palindrome,33,34,6.374996155500412e-05
gemini_2_5_flash,HILL_CLIMBING,string_category,short_palindrome,21,True,True,['3'],0.0,short_palindrome,32,33,6.929191295057535e-05
gemini_2_5_flash,HILL_CLIMBING,string_category,short_palindrome,22,True,True,['v'],0.0,short_palindrome,20,21,4.554097540676594e-05
gemini_2_5_flash,HILL_CLIMBING,string_category,short_palindrome,23,True,True,['K'],0.0,short_palindrome,0,1,3.374996595084667e-06
gemini_2_5_flash,HILL_CLIMBING,string_category,short_palindrome,24,True,True,['Y'],0.0,short_palindrome,33,34,7.187493611127138e-05
gemini_2_5_flash,HILL_CLIMBING,string_category,short_palindrome,25,True,True,['p'],0.0,short_palindrome,30,31,6.224995013326406e-05
gemini_2_5_flash,HILL_CLIMBING,string_category,short_palindrome,26,True,True,['O'],0.0,short_palindrome,50,51,9.808398317545652e-05
gemini_2_5_flash,HILL_CLIMBING,string_category,short_palindrome,27,True,True,['EE'],0.0,short_palindrome,18,19,4.183396231383085e-05
gemini_2_5_flash,HILL_CLIMBING,string_category,short_palindrome,28,True,True,['U'],0.0,short_palindrome,25,26,5.829194560647011e-05
gemini_2_5_flash,HILL_CLIMBING,string_category,short_palindrome,29,True,True,['B'],0.0,short_palindrome,2,3,8.499948307871819e-06
gemini_2_5_flash,HILL_CLIMBING,string_category,long_non_palindrome,0,True,True,['c2cbJlp'],0.0,long_non_palindrome,0,1,4.415982402861118e-06
gemini_2_5_flash,HILL_CLIMBING,string_category,long_non_palindrome,1,True,True,['1M5fZGXHox7D1'],0.0,long_non_palindrome,0,1,5.166046321392059e-06
gemini_2_5_flash,HILL_CLIMBING,string_category,long_non_palindrome,2,True,True,['kfzJLg'],0.0,long_non_palindrome,2,3,9.584007784724236e-06
gemini_2_5_flash,HILL_CLIMBING,string_category,long_non_palindrome,3,True,True,['04vhjIM'],0.0,long_non_palindrome,0,1,4.041939973831177e-06
gemini_2_5_flash,HILL_CLIMBING,string_category,long_non_palindrome,4,True,True,['dwcVR1'],0.0,long_non_palindrome,5,6,1.7457990907132626e-05
gemini_2_5_flash,HILL_CLIMBING,string_category,long_non_palindrome,5,True,True,['QlXM8QPqnRM'],0.0,long_non_palindrome,0,1,4.624947905540466e-06
gemini_2_5_flash,HILL_CLIMBING,string_category,long_non_palindrome,6,True,True,['afqELzBWBNJe2w7'],0.0,long_non_palindrome,0,1,5.625071935355663e-06
gemini_2_5_flash,HILL_CLIMBING,string_category,long_non_palindrome,7,True,True,['fEiXSNigm'],0.0,long_non_palindrome,0,1,4.416913725435734e-06
gemini_2_5_flash,HILL_CLIMBING,string_category,long_non_palindrome,8,True,True,['dhSvNWPB4204QMq'],0.0,long_non_palindrome,0,1,5.58304600417614e-06
gemini_2_5_flash,HILL_CLIMBING,string_category,long_non_palindrome,9,True,True,['1cGfrL'],0.0,long_non_palindrome,10,11,2.7082976885139942e-05
gemini_2_5_flash,HILL_CLIMBING,string_category,long_non_palindrome,10,True,True,['7kC6Nc'],0.0,long_non_palindrome,6,7,1.6208039596676826e-05
gemini_2_5_flash,HILL_CLIMBING,string_category,long_non_palindrome,11,True,True,['qBpn0S'],0.0,long_non_palindrome,0,1,4.249974153935909e-06
gemini_2_5_flash,HILL_CLIMBING,string_category,long_non_palindrome,12,True,True,['rJLjQv'],0.0,long_non_palindrome,3,4,1.191697083413601e-05
gemini_2_5_flash,HILL_CLIMBING,string_category,long_non_palindrome,13,True,True,['MwN4YA'],0.0,long_non_palindrome,5,6,1.2541073374450207e-05
gemini_2_5_flash,HILL_CLIMBING,string_category,long_non_palindrome,14,True,True,['UoZUEwvUtGU'],0.0,long_non_palindrome,0,1,5.041016265749931e-06
gemini_2_5_flash,HILL_CLIMBING,string_category,long_non_palindrome,15,True,True,['GcMyzjqt'],0.0,long_non_palindrome,0,1,3.832974471151829e-06
gemini_2_5_flash,HILL_CLIMBING,string_category,long_non_palindrome,16,True,True,['aRRUBst59bvNB'],0.0,long_non_palindrome,0,1,5.00003807246685e-06
gemini_2_5_flash,HILL_CLIMBING,string_category,long_non_palindrome,17,True,True,['TazihYoN'],0.0,long_non_palindrome,0,1,4.250090569257736e-06
gemini_2_5_flash,HILL_CLIMBING,string_category,long_non_palindrome,18,True,True,['N0ontq3'],0.0,long_non_palindrome,0,1,4.042056389153004e-06
gemini_2_5_flash,HILL_CLIMBING,string_category,long_non_palindrome,19,True,True,['qKclH95zp'],0.0,long_non_palindrome,0,1,4.334026016294956e-06
gemini_2_5_flash,HILL_CLIMBING,string_category,long_non_palindrome,20,True,True,['Uuqinf'],0.0,long_non_palindrome,1,2,6.292015314102173e-06
gemini_2_5_flash,HILL_CLIMBING,string_category,long_non_palindrome,21,True,True,['pEBI2M'],0.0,long_non_palindrome,2,3,9.417068213224411e-06
gemini_2_5_flash,HILL_CLIMBING,string_category,long_non_palindrome,22,True,True,['BvudO3tEndWTzqK'],0.0,long_non_palindrome,0,1,5.209003575146198e-06
gemini_2_5_flash,HILL_CLIMBING,string_category,long_non_palindrome,23,True,True,['5bFszLUHdwr'],0.0,long_non_palindrome,0,1,4.958012141287327e-06
gemini_2_5_flash,HILL_CLIMBING,string_category,long_non_palindrome,24,True,True,['sbot9v'],0.0,long_non_palindrome,12,13,2.6791938580572605e-05
gemini_2_5_flash,HILL_CLIMBING,string_category,long_non_palindrome,25,True,True,['mVFYtO'],0.0,long_non_palindrome,7,8,1.6207923181355e-05
gemini_2_5_flash,HILL_CLIMBING,string_category,long_non_palindrome,26,True,True,['6mwuUJhbLJ7T38g'],0.0,long_non_palindrome,0,1,4.832982085645199e-06
gemini_2_5_flash,HILL_CLIMBING,string_category,long_non_palindrome,27,True,True,['dvENs8wOuk'],0.0,long_non_palindrome,0,1,4.500034265220165e-06
gemini_2_5_flash,HILL_CLIMBING,string_category,long_non_palindrome,28,True,True,['eSCp8o'],0.0,long_non_palindrome,0,1,3.5830307751893997e-06
gemini_2_5_flash,HILL_CLIMBING,string_category,long_non_palindrome,29,True,True,['lLgidW5S'],0.0,long_non_palindrome,0,1,3.7499703466892242e-06
gemini_2_5_flash,HILL_CLIMBING,string_category,other,0,True,True,['giKPc'],0.0,other,3,4,1.129100564867258e-05
gemini_2_5_flash,HILL_CLIMBING,string_category,other,1,True,True,['TjG3V'],0.0,other,2,3,9.416020475327969e-06
gemini_2_5_flash,HILL_CLIMBING,string_category,other,2,True,True,['QnoU'],0.0,other,0,1,3.7079444155097008e-06
gemini_2_5_flash,HILL_CLIMBING,string_category,other,3,True,True,['7vo9Q'],0.0,other,29,30,6.362493149936199e-05
gemini_2_5_flash,HILL_CLIMBING,string_category,other,4,True,True,['b5'],0.0,other,2,3,8.958973921835423e-06
gemini_2_5_flash,HILL_CLIMBING,string_category,other,5,True,True,['mzZo1'],0.0,other,4,5,1.1999974958598614e-05
gemini_2_5_flash,HILL_CLIMBING,string_category,other,6,True,True,['Vu'],0.0,other,1,2,5.999929271638393e-06
gemini_2_5_flash,HILL_CLIMBING,string_category,other,7,True,True,['S6'],0.0,other,0,1,3.7079444155097008e-06
gemini_2_5_flash,HILL_CLIMBING,string_category,other,8,True,True,['1R'],0.0,other,1,2,5.999929271638393e-06
gemini_2_5_flash,HILL_CLIMBING,string_category,other,9,True,True,['fLr59'],0.0,other,18,19,3.9499951526522636e-05
gemini_2_5_flash,HILL_CLIMBING,string_category,other,10,True,True,['tpp'],0.0,other,0,1,3.6249402910470963e-06
gemini_2_5_flash,HILL_CLIMBING,string_category,other,11,True,True,['UPFlI'],0.0,other,29,30,6.0249934904277325e-05
gemini_2_5_flash,HILL_CLIMBING,string_category,other,12,True,True,['TbKdi'],0.0,other,3,4,1.054094173014164e-05
gemini_2_5_flash,HILL_CLIMBING,string_category,other,13,True,True,['mqIF2'],0.0,other,15,16,4.045804962515831e-05
gemini_2_5_flash,HILL_CLIMBING,string_category,other,14,True,True,['aPg4H'],0.0,other,32,33,6.524997297674417e-05
gemini_2_5_flash,HILL_CLIMBING,string_category,other,15,True,True,['mAujs'],0.0,other,23,24,5.283299833536148e-05
gemini_2_5_flash,HILL_CLIMBING,string_category,other,16,True,True,['D7'],0.0,other,1,2,6.041955202817917e-06
gemini_2_5_flash,HILL_CLIMBING,string_category,other,17,True,True,['Cg'],0.0,other,0,1,3.374996595084667e-06
gemini_2_5_flash,HILL_CLIMBING,string_category,other,18,True,True,['uF'],0.0,other,2,3,7.750000804662704e-06
gemini_2_5_flash,HILL_CLIMBING,string_category,other,19,True,True,['ghe0S'],0.0,other,30,31,6.624998059123755e-05
gemini_2_5_flash,HILL_CLIMBING,string_category,other,20,True,True,['JL'],0.0,other,2,3,8.58306884765625e-06
gemini_2_5_flash,HILL_CLIMBING,string_category,other,21,True,True,['SP'],0.0,other,0,1,3.4170225262641907e-06
gemini_2_5_flash,HILL_CLIMBING,string_category,other,22,True,True,['w6noJ'],0.0,other,22,23,4.724995233118534e-05
gemini_2_5_flash,HILL_CLIMBING,string_category,other,23,True,True,['enuJv'],0.0,other,13,14,3.179104533046484e-05
gemini_2_5_flash,HILL_CLIMBING,string_category,other,24,True,True,['piAmQ'],0.0,other,6,7,1.8666964024305344e-05
gemini_2_5_flash,HILL_CLIMBING,string_category,other,25,True,True,['2vwR'],0.0,other,0,1,3.2080570235848427e-06
gemini_2_5_flash,HILL_CLIMBING,string_category,other,26,True,True,['auP2P'],0.0,other,33,34,6.570795085281134e-05
gemini_2_5_flash,HILL_CLIMBING,string_category,other,27,True,True,['Cl'],0.0,other,6,7,1.5666941180825233e-05
gemini_2_5_flash,HILL_CLIMBING,string_category,other,28,True,True,['LMeoT'],0.0,other,8,9,2.4124979972839355e-05
gemini_2_5_flash,HILL_CLIMBING,string_category,other,29,True,True,['2V'],0.0,other,0,1,3.7919962778687477e-06
gemini_2_5_flash,HILL_CLIMBING,transaction_pattern,empty,0,True,True,[[]],0.0,empty,17,18,5.300005432218313e-05
gemini_2_5_flash,HILL_CLIMBING,transaction_pattern,empty,1,True,True,[[]],0.0,empty,2,3,1.129100564867258e-05
gemini_2_5_flash,HILL_CLIMBING,transaction_pattern,empty,2,True,True,[[]],0.0,empty,16,17,4.41248994320631e-05
gemini_2_5_flash,HILL_CLIMBING,transaction_pattern,empty,3,True,True,[[]],0.0,empty,4,5,1.60830095410347e-05
gemini_2_5_flash,HILL_CLIMBING,transaction_pattern,empty,4,True,True,[[]],0.0,empty,36,37,8.104206062853336e-05
gemini_2_5_flash,HILL_CLIMBING,transaction_pattern,empty,5,True,True,[[]],0.0,empty,15,16,3.8958038203418255e-05
gemini_2_5_flash,HILL_CLIMBING,transaction_pattern,empty,6,True,True,[[]],0.0,empty,15,16,3.583403304219246e-05
gemini_2_5_flash,HILL_CLIMBING,transaction_pattern,empty,7,True,True,[[]],0.0,empty,13,14,3.200001083314419e-05
gemini_2_5_flash,HILL_CLIMBING,transaction_pattern,empty,8,True,True,[[]],0.0,empty,20,21,5.358399357646704e-05
gemini_2_5_flash,HILL_CLIMBING,transaction_pattern,empty,9,True,True,[[]],0.0,empty,10,11,2.516701351851225e-05
gemini_2_5_flash,HILL_CLIMBING,transaction_pattern,empty,10,True,True,[[]],0.0,empty,10,11,2.7709058485925198e-05
gemini_2_5_flash,HILL_CLIMBING,transaction_pattern,empty,11,True,True,[[]],0.0,empty,15,16,4.2625004425644875e-05
gemini_2_5_flash,HILL_CLIMBING,transaction_pattern,empty,12,True,True,[[]],0.0,empty,5,6,1.3082986697554588e-05
gemini_2_5_flash,HILL_CLIMBING,transaction_pattern,empty,13,True,True,[[]],0.0,empty,8,9,2.5707995519042015e-05
gemini_2_5_flash,HILL_CLIMBING,transaction_pattern,empty,14,True,True,[[]],0.0,empty,19,20,4.9875001423060894e-05
gemini_2_5_flash,HILL_CLIMBING,transaction_pattern,empty,15,True,True,[[]],0.0,empty,21,22,5.68340765312314e-05
gemini_2_5_flash,HILL_CLIMBING,transaction_pattern,empty,16,True,True,[[]],0.0,empty,10,11,2.4834065698087215e-05
gemini_2_5_flash,HILL_CLIMBING,transaction_pattern,empty,17,True,True,[[]],0.0,empty,3,4,1.383305061608553e-05
gemini_2_5_flash,HILL_CLIMBING,transaction_pattern,empty,18,True,True,[[]],0.0,empty,16,17,4.033301956951618e-05
gemini_2_5_flash,HILL_CLIMBING,transaction_pattern,empty,19,True,True,[[]],0.0,empty,4,5,1.1333031579852104e-05
gemini_2_5_flash,HILL_CLIMBING,transaction_pattern,empty,20,True,True,[[]],0.0,empty,23,24,5.079095717519522e-05
gemini_2_5_flash,HILL_CLIMBING,transaction_pattern,empty,21,True,True,[[]],0.0,empty,10,11,3.1084055081009865e-05
gemini_2_5_flash,HILL_CLIMBING,transaction_pattern,empty,22,True,True,[[]],0.0,empty,19,20,4.7792098484933376e-05
gemini_2_5_flash,HILL_CLIMBING,transaction_pattern,empty,23,True,True,[[]],0.0,empty,19,20,5.0875009037554264e-05
gemini_2_5_flash,HILL_CLIMBING,transaction_pattern,empty,24,True,True,[[]],0.0,empty,13,14,4.75830165669322e-05
gemini_2_5_flash,HILL_CLIMBING,transaction_pattern,empty,25,True,True,[[]],0.0,empty,32,33,8.516700472682714e-05
gemini_2_5_flash,HILL_CLIMBING,transaction_pattern,empty,26,True,True,[[]],0.0,empty,16,17,4.1958061046898365e-05
gemini_2_5_flash,HILL_CLIMBING,transaction_pattern,empty,27,True,True,[[]],0.0,empty,7,8,2.0582927390933037e-05
gemini_2_5_flash,HILL_CLIMBING,transaction_pattern,empty,28,True,True,[[]],0.0,empty,20,21,6.083399057388306e-05
gemini_2_5_flash,HILL_CLIMBING,transaction_pattern,empty,29,True,True,[[]],0.0,empty,4,5,1.3749930076301098e-05
gemini_2_5_flash,HILL_CLIMBING,transaction_pattern,contains_zero,0,True,True,"[[-1, 8, 6, 15, -14, 6, 3, 0]]",0.0,contains_zero,48,49,0.00014341599307954311
gemini_2_5_flash,HILL_CLIMBING,transaction_pattern,contains_zero,1,True,True,"[[-13, 7, -8, -3, 0]]",0.0,contains_zero,4,5,2.1832995116710663e-05
gemini_2_5_flash,HILL_CLIMBING,transaction_pattern,contains_zero,2,True,True,"[[0, -12, -8, 3, 11, -14]]",0.0,contains_zero,23,24,6.704102270305157e-05
gemini_2_5_flash,HILL_CLIMBING,transaction_pattern,contains_zero,3,True,True,"[[0, -19, 2, -8, 10, 14, 19, -8]]",0.0,contains_zero,0,1,6.4159976318478584e-06
gemini_2_5_flash,HILL_CLIMBING,transaction_pattern,contains_zero,4,True,True,"[[11, -19, 0]]",0.0,contains_zero,6,7,2.3499946109950542e-05
gemini_2_5_flash,HILL_CLIMBING,transaction_pattern,contains_zero,5,True,True,"[[-20, 0, 1, 3, -17]]",0.0,contains_zero,80,81,0.00022537505719810724
gemini_2_5_flash,HILL_CLIMBING,transaction_pattern,contains_zero,6,True,True,"[[-20, 0, -11, -1, -15, -17, -14]]",0.0,contains_zero,7,8,3.504205960780382e-05
gemini_2_5_flash,HILL_CLIMBING,transaction_pattern,contains_zero,7,True,True,"[[7, -10, -4, 0, -6, 2]]",0.0,contains_zero,6,7,2.929195761680603e-05
gemini_2_5_flash,HILL_CLIMBING,transaction_pattern,contains_zero,8,True,True,"[[2, -11, 15, 9, 17, 0]]",0.0,contains_zero,28,29,7.137504871934652e-05
gemini_2_5_flash,HILL_CLIMBING,transaction_pattern,contains_zero,9,True,True,"[[-1, 7, -6, -12, 18, 0]]",0.0,contains_zero,17,18,5.4875039495527744e-05
gemini_2_5_flash,HILL_CLIMBING,transaction_pattern,contains_zero,10,True,True,"[[-9, 14, 18, 8, 3, 0]]",0.0,contains_zero,2,3,1.6415957361459732e-05
gemini_2_5_flash,HILL_CLIMBING,transaction_pattern,contains_zero,11,True,True,"[[0, 17]]",0.0,contains_zero,54,55,0.00011658400762826204
gemini_2_5_flash,HILL_CLIMBING,transaction_pattern,contains_zero,12,True,True,"[[3, -11, -19, -13, 16, 0]]",0.0,contains_zero,2,3,1.4125020243227482e-05
gemini_2_5_flash,HILL_CLIMBING,transaction_pattern,contains_zero,13,True,True,"[[0, -5]]",0.0,contains_zero,54,55,0.00016816600691527128
gemini_2_5_flash,HILL_CLIMBING,transaction_pattern,contains_zero,14,True,True,"[[0, -13, 20, 15, 18, -2]]",0.0,contains_zero,100,101,0.0002779590431600809
gemini_2_5_flash,HILL_CLIMBING,transaction_pattern,contains_zero,15,True,True,"[[0, 17, 10, -4, -20]]",0.0,contains_zero,46,47,0.0001355829881504178
gemini_2_5_flash,HILL_CLIMBING,transaction_pattern,contains_zero,16,True,True,"[[0, -2, -15]]",0.0,contains_zero,0,1,4.499917849898338e-06
gemini_2_5_flash,HILL_CLIMBING,transaction_pattern,contains_zero,17,True,True,"[[-14, 19, 0, 7, 18, -13, 7]]",0.0,contains_zero,4,5,2.3041036911308765e-05
gemini_2_5_flash,HILL_CLIMBING,transaction_pattern,contains_zero,18,True,True,[[0]],0.0,contains_zero,94,95,0.00025200005620718
gemini_2_5_flash,HILL_CLIMBING,transaction_pattern,contains_zero,19,True,True,"[[-9, 20, 15, 3, -18, 3, 0]]",0.0,contains_zero,52,53,0.00018287496641278267
gemini_2_5_flash,HILL_CLIMBING,transaction_pattern,contains_zero,20,True,True,"[[-1, 14, -12, 0]]",0.0,contains_zero,56,57,0.00013166700955480337
gemini_2_5_flash,HILL_CLIMBING,transaction_pattern,contains_zero,21,True,True,"[[0, 16, 13, -16, -2, -20, -5]]",0.0,contains_zero,13,14,5.4999953135848045e-05
gemini_2_5_flash,HILL_CLIMBING,transaction_pattern,contains_zero,22,True,True,"[[-1, 20, -16, -1, -20, 15, 7, 0]]",0.0,contains_zero,134,135,0.00033962493762373924
gemini_2_5_flash,HILL_CLIMBING,transaction_pattern,contains_zero,23,True,True,"[[0, -11, -11, -19]]",0.0,contains_zero,9,10,2.862501423805952e-05
gemini_2_5_flash,HILL_CLIMBING,transaction_pattern,contains_zero,24,True,True,"[[0, 11]]",0.0,contains_zero,23,24,6.950006354600191e-05
gemini_2_5_flash,HILL_CLIMBING,transaction_pattern,contains_zero,25,True,True,"[[-3, 6, -16, -3, 0]]",0.0,contains_zero,31,32,9.67500964179635e-05
gemini_2_5_flash,HILL_CLIMBING,transaction_pattern,contains_zero,26,True,True,"[[13, -4, 1, 15, 0]]",0.0,contains_zero,46,47,0.00011720799375325441
gemini_2_5_flash,HILL_CLIMBING,transaction_pattern,contains_zero,27,True,True,"[[-8, -3, -7, 1, 0]]",0.0,contains_zero,31,32,0.00010724994353950024
gemini_2_5_flash,HILL_CLIMBING,transaction_pattern,contains_zero,28,True,True,"[[-9, -4, 6, 14, 20, -19, -1, 0]]",0.0,contains_zero,54,55,0.00014954200014472008
gemini_2_5_flash,HILL_CLIMBING,transaction_pattern,contains_zero,29,True,True,"[[0, -2]]",0.0,contains_zero,17,18,4.0500075556337833e-05
gemini_2_5_flash,HILL_CLIMBING,transaction_pattern,many_large_deposits,0,True,True,"[[5, 20, 9, 20, 15, 12, 20, 4]]",0.0,many_large_deposits,85,86,0.0003047080244868994
gemini_2_5_flash,HILL_CLIMBING,transaction_pattern,many_large_deposits,1,True,True,"[[13, 13, 19, 15, 17, 20, 2, 2]]",0.0,many_large_deposits,52,53,0.00015591701958328485
gemini_2_5_flash,HILL_CLIMBING,transaction_pattern,many_large_deposits,2,True,True,"[[13, 16, 9, 7, 19, 20, 13, 7]]",0.0,many_large_deposits,68,69,0.00021891610231250525
gemini_2_5_flash,HILL_CLIMBING,transaction_pattern,many_large_deposits,3,True,True,"[[20, 20, 2, 17, 7, 15, 11, 9]]",0.0,many_large_deposits,57,58,0.00015762494876980782
gemini_2_5_flash,HILL_CLIMBING,transaction_pattern,many_large_deposits,4,True,True,"[[17, 20, 4, 4, 12, 20, 18, 7]]",0.0,many_large_deposits,104,105,0.00028525001835078
gemini_2_5_flash,HILL_CLIMBING,transaction_pattern,many_large_deposits,5,True,True,"[[20, 17, 16, 16, 7, 15, 1, 13]]",0.0,many_large_deposits,49,50,0.00013449997641146183
gemini_2_5_flash,HILL_CLIMBING,transaction_pattern,many_large_deposits,6,True,True,"[[9, 14, 7, 20, 15, 8, 20, 8]]",0.0,many_large_deposits,86,87,0.0002424580743536353
gemini_2_5_flash,HILL_CLIMBING,transaction_pattern,many_large_deposits,7,True,True,"[[18, 14, 2, 18, 15, 11, 17, 9]]",0.0,many_large_deposits,28,29,0.00011208397336304188
gemini_2_5_flash,HILL_CLIMBING,transaction_pattern,many_large_deposits,8,True,True,"[[15, 3, 18, 5, 13, 9, 18, 20]]",0.0,many_large_deposits,25,26,7.041706703603268e-05
gemini_2_5_flash,HILL_CLIMBING,transaction_pattern,many_large_deposits,9,True,True,"[[20, 10, 17, 20, 12, 3, 7, 12]]",0.0,many_large_deposits,57,58,0.00013483292423188686
gemini_2_5_flash,HILL_CLIMBING,transaction_pattern,many_large_deposits,10,True,True,"[[8, 20, 14, 20, 7, 17, 20]]",0.0,many_large_deposits,60,61,0.0002138339914381504
gemini_2_5_flash,HILL_CLIMBING,transaction_pattern,many_large_deposits,11,True,True,"[[16, 20, 20, 11, 15, 8, 10, 2]]",0.0,many_large_deposits,85,86,0.00022816704586148262
gemini_2_5_flash,HILL_CLIMBING,transaction_pattern,many_large_deposits,12,True,True,"[[17, 18, 18, 13, 13, 19, 1, 3]]",0.0,many_large_deposits,67,68,0.00016908301040530205
gemini_2_5_flash,HILL_CLIMBING,transaction_pattern,many_large_deposits,13,True,True,"[[20, 7, 16, 15, 4, 11, 12, 16]]",0.0,many_large_deposits,32,33,0.00010620907414704561
gemini_2_5_flash,HILL_CLIMBING,transaction_pattern,many_large_deposits,14,True,True,"[[19, 8, 8, 5, 20, 6, 18, 17]]",0.0,many_large_deposits,46,47,0.00016449997201561928
gemini_2_5_flash,HILL_CLIMBING,transaction_pattern,many_large_deposits,15,True,True,"[[2, 4, 11, 16, 19, 20, 15, 16]]",0.0,many_large_deposits,54,55,0.0001682080328464508
gemini_2_5_flash,HILL_CLIMBING,transaction_pattern,many_large_deposits,16,True,True,"[[17, 1, 18, 18, 3, 16, 20, 13]]",0.0,many_large_deposits,16,17,6.429210770875216e-05
gemini_2_5_flash,HILL_CLIMBING,transaction_pattern,many_large_deposits,17,True,True,"[[4, 20, 9, 20, 18, 4, 8, 18]]",0.0,many_large_deposits,80,81,0.0002786250552162528
gemini_2_5_flash,HILL_CLIMBING,transaction_pattern,many_large_deposits,18,True,True,"[[9, 8, 19, 1, 17, 16, 20, 14]]",0.0,many_large_deposits,19,20,7.520802319049835e-05
gemini_2_5_flash,HILL_CLIMBING,transaction_pattern,many_large_deposits,19,True,True,"[[11, 17, 7, 15, 20, 11, 18, 2]]",0.0,many_large_deposits,58,59,0.00020354194566607475
gemini_2_5_flash,HILL_CLIMBING,transaction_pattern,many_large_deposits,20,True,True,"[[20, 20, 16, 5, 12, 7, 10, 14]]",0.0,many_large_deposits,46,47,0.00013749999925494194
gemini_2_5_flash,HILL_CLIMBING,transaction_pattern,many_large_deposits,21,True,True,"[[16, 8, 20, 20, 13, 13, 10, 20]]",0.0,many_large_deposits,51,52,0.00015187496319413185
gemini_2_5_flash,HILL_CLIMBING,transaction_pattern,many_large_deposits,22,True,True,"[[15, 13, 20, 7, 11, 7, 18, 11]]",0.0,many_large_deposits,38,39,0.00013449997641146183
gemini_2_5_flash,HILL_CLIMBING,transaction_pattern,many_large_deposits,23,True,True,"[[18, 20, 19, 19, 1, 8, 5, 11]]",0.0,many_large_deposits,64,65,0.0001870420528575778
gemini_2_5_flash,HILL_CLIMBING,transaction_pattern,many_large_deposits,24,True,True,"[[17, 18, 20, 5, 14, 4, 20, 7]]",0.0,many_large_deposits,67,68,0.00017662497702986002
gemini_2_5_flash,HILL_CLIMBING,transaction_pattern,many_large_deposits,25,True,True,"[[20, 20, 14, 2, 10, 7, 13, 19]]",0.0,many_large_deposits,81,82,0.00021620909683406353
gemini_2_5_flash,HILL_CLIMBING,transaction_pattern,many_large_deposits,26,True,True,"[[20, 16, 20, 3, 5, 13, 14, 13]]",0.0,many_large_deposits,97,98,0.0002862920518964529
gemini_2_5_flash,HILL_CLIMBING,transaction_pattern,many_large_deposits,27,True,True,"[[19, 9, 13, 15, 4, 19, 11, 11]]",0.0,many_large_deposits,49,50,0.000140791991725564
gemini_2_5_flash,HILL_CLIMBING,transaction_pattern,many_large_deposits,28,True,True,"[[15, 20, 9, 9, 20, 15, 12, 2]]",0.0,many_large_deposits,53,54,0.00019920803606510162
gemini_2_5_flash,HILL_CLIMBING,transaction_pattern,many_large_deposits,29,True,True,"[[7, 9, 20, 13, 11, 13, 12, 19]]",0.0,many_large_deposits,71,72,0.0002234999556094408
gemini_2_5_flash,HILL_CLIMBING,transaction_pattern,many_large_withdrawals,0,True,True,"[[-20, -20, -15]]",0.0,many_large_withdrawals,7,8,2.6875059120357037e-05
gemini_2_5_flash,HILL_CLIMBING,transaction_pattern,many_large_withdrawals,1,True,True,"[[-11, -20, -18, -2]]",0.0,many_large_withdrawals,25,26,6.816594395786524e-05
gemini_2_5_flash,HILL_CLIMBING,transaction_pattern,many_large_withdrawals,2,True,True,"[[-20, -9, -5, -8, -5, -10]]",0.0,many_large_withdrawals,20,21,6.5250089392066e-05
gemini_2_5_flash,HILL_CLIMBING,transaction_pattern,many_large_withdrawals,3,True,True,"[[-4, -8, -4, -15, -12, -14]]",0.0,many_large_withdrawals,18,19,5.8292062021791935e-05
gemini_2_5_flash,HILL_CLIMBING,transaction_pattern,many_large_withdrawals,4,True,True,"[[-3, -1, -20, -20, -7]]",0.0,many_large_withdrawals,32,33,0.0001118748914450407
gemini_2_5_flash,HILL_CLIMBING,transaction_pattern,many_large_withdrawals,5,True,True,"[[5, -20, -13, -14, -10]]",0.0,many_large_withdrawals,17,18,7.299997378140688e-05
gemini_2_5_flash,HILL_CLIMBING,transaction_pattern,many_large_withdrawals,6,True,True,"[[-20, -5, -5, -17, -5]]",0.0,many_large_withdrawals,36,37,9.62910708039999e-05
gemini_2_5_flash,HILL_CLIMBING,transaction_pattern,many_large_withdrawals,7,True,True,"[[7, -13, -7, -19, -8, -12]]",0.0,many_large_withdrawals,7,8,3.699993249028921e-05
gemini_2_5_flash,HILL_CLIMBING,transaction_pattern,many_large_withdrawals,8,True,True,"[[11, -16, -10, -10, -9, -10, -19]]",0.0,many_large_withdrawals,10,11,5.40419714525342e-05
gemini_2_5_flash,HILL_CLIMBING,transaction_pattern,many_large_withdrawals,9,True,True,"[[-13, -13, -9, -12, -4]]",0.0,many_large_withdrawals,28,29,7.341697346419096e-05
gemini_2_5_flash,HILL_CLIMBING,transaction_pattern,many_large_withdrawals,10,True,True,"[[-11, 8, -12, -16, -9, -6, -9]]",0.0,many_large_withdrawals,17,18,6.570806726813316e-05
gemini_2_5_flash,HILL_CLIMBING,transaction_pattern,many_large_withdrawals,11,True,True,"[[-6, -15, -20, -10, -15, -3]]",0.0,many_large_withdrawals,14,15,6.579200271517038e-05
gemini_2_5_flash,HILL_CLIMBING,transaction_pattern,many_large_withdrawals,12,True,True,"[[-11, -3, -12, -11, -14]]",0.0,many_large_withdrawals,43,44,0.00012199999764561653
gemini_2_5_flash,HILL_CLIMBING,transaction_pattern,many_large_withdrawals,13,True,True,"[[-17, -20, -8, -20]]",0.0,many_large_withdrawals,45,46,9.758304804563522e-05
gemini_2_5_flash,HILL_CLIMBING,transaction_pattern,many_large_withdrawals,14,True,True,"[[-1, -6, -7, -14, -20, -18]]",0.0,many_large_withdrawals,29,30,7.654109504073858e-05
gemini_2_5_flash,HILL_CLIMBING,transaction_pattern,many_large_withdrawals,15,True,True,"[[-6, -9, -12, -3, -2, -19]]",0.0,many_large_withdrawals,18,19,6.500002928078175e-05
gemini_2_5_flash,HILL_CLIMBING,transaction_pattern,many_large_withdrawals,16,True,True,"[[12, -19, -8, -14, -7, -2, -11, -10]]",0.0,many_large_withdrawals,10,11,5.1749986596405506e-05
gemini_2_5_flash,HILL_CLIMBING,transaction_pattern,many_large_withdrawals,17,True,True,"[[-12, -9, -16, -14]]",0.0,many_large_withdrawals,16,17,5.2999937906861305e-05
gemini_2_5_flash,HILL_CLIMBING,transaction_pattern,many_large_withdrawals,18,True,True,"[[3, -17, -9, 17, -18, -10, -20]]",0.0,many_large_withdrawals,33,34,0.00010737497359514236
gemini_2_5_flash,HILL_CLIMBING,transaction_pattern,many_large_withdrawals,19,True,True,"[[-8, -14, -20, -6, -15]]",0.0,many_large_withdrawals,18,19,5.562498699873686e-05
gemini_2_5_flash,HILL_CLIMBING,transaction_pattern,many_large_withdrawals,20,True,True,"[[20, -17, -11, -8, -11, -13, -2, -12]]",0.0,many_large_withdrawals,11,12,5.487492308020592e-05
gemini_2_5_flash,HILL_CLIMBING,transaction_pattern,many_large_withdrawals,21,True,True,"[[-3, 5, 5, -18, -13, -18, -19]]",0.0,many_large_withdrawals,14,15,6.541702896356583e-05
gemini_2_5_flash,HILL_CLIMBING,transaction_pattern,many_large_withdrawals,22,True,True,"[[19, -7, -16, -17, 5, -15, -12, -14]]",0.0,many_large_withdrawals,5,6,3.279105294495821e-05
gemini_2_5_flash,HILL_CLIMBING,transaction_pattern,many_large_withdrawals,23,True,True,"[[-2, -17, -20, -6, -3, -1, -2]]",0.0,many_large_withdrawals,17,18,5.141599103808403e-05
gemini_2_5_flash,HILL_CLIMBING,transaction_pattern,many_large_withdrawals,24,True,True,"[[11, -16, -9, -15, 2, -16, -12]]",0.0,many_large_withdrawals,3,4,2.1292013116180897e-05
gemini_2_5_flash,HILL_CLIMBING,transaction_pattern,many_large_withdrawals,25,True,True,"[[-4, -14, -11, -16, -9]]",0.0,many_large_withdrawals,30,31,8.112506475299597e-05
gemini_2_5_flash,HILL_CLIMBING,transaction_pattern,many_large_withdrawals,26,True,True,"[[1, -12, -14, -14, -13]]",0.0,many_large_withdrawals,18,19,5.745794624090195e-05
gemini_2_5_flash,HILL_CLIMBING,transaction_pattern,many_large_withdrawals,27,True,True,"[[-1, -2, -6, -10, -3, -11, -6, -16]]",0.0,many_large_withdrawals,29,30,9.933300316333771e-05
gemini_2_5_flash,HILL_CLIMBING,transaction_pattern,many_large_withdrawals,28,True,True,"[[-18, -13, -1, -14, -1, -6]]",0.0,many_large_withdrawals,15,16,6.166694220155478e-05
gemini_2_5_flash,HILL_CLIMBING,transaction_pattern,many_large_withdrawals,29,True,True,"[[-16, -8, -8, -16, -9]]",0.0,many_large_withdrawals,13,14,5.337502807378769e-05
gemini_2_5_flash,HILL_CLIMBING,transaction_pattern,mixed_transactions,0,True,True,"[[13, 20, -19]]",0.0,mixed_transactions,6,7,2.258399035781622e-05
gemini_2_5_flash,HILL_CLIMBING,transaction_pattern,mixed_transactions,1,True,True,"[[1, -13]]",0.0,mixed_transactions,2,3,1.0040937922894955e-05
gemini_2_5_flash,HILL_CLIMBING,transaction_pattern,mixed_transactions,2,True,True,"[[-20, 11]]",0.0,mixed_transactions,17,18,5.570810753852129e-05
gemini_2_5_flash,HILL_CLIMBING,transaction_pattern,mixed_transactions,3,True,True,"[[-2, 2]]",0.0,mixed_transactions,13,14,3.4207943826913834e-05
gemini_2_5_flash,HILL_CLIMBING,transaction_pattern,mixed_transactions,4,True,True,"[[2, 6, 12, -18]]",0.0,mixed_transactions,5,6,1.7375103197991848e-05
gemini_2_5_flash,HILL_CLIMBING,transaction_pattern,mixed_transactions,5,True,True,"[[5, 8, -20, -1, 6]]",0.0,mixed_transactions,0,1,6.083049811422825e-06
gemini_2_5_flash,HILL_CLIMBING,transaction_pattern,mixed_transactions,6,True,True,"[[-4, 20, 2, -11, -13, 16]]",0.0,mixed_transactions,0,1,5.66698145121336e-06
gemini_2_5_flash,HILL_CLIMBING,transaction_pattern,mixed_transactions,7,True,True,"[[-3, -1, 18]]",0.0,mixed_transactions,4,5,1.9083963707089424e-05
gemini_2_5_flash,HILL_CLIMBING,transaction_pattern,mixed_transactions,8,True,True,"[[-2, -9, -13, 9]]",0.0,mixed_transactions,7,8,2.787495031952858e-05
gemini_2_5_flash,HILL_CLIMBING,transaction_pattern,mixed_transactions,9,True,True,"[[20, -7]]",0.0,mixed_transactions,2,3,1.1332915164530277e-05
gemini_2_5_flash,HILL_CLIMBING,transaction_pattern,mixed_transactions,10,True,True,"[[-11, 9]]",0.0,mixed_transactions,5,6,1.6874982975423336e-05
gemini_2_5_flash,HILL_CLIMBING,transaction_pattern,mixed_transactions,11,True,True,"[[-11, -18, 2]]",0.0,mixed_transactions,1,2,9.457929991185665e-06
gemini_2_5_flash,HILL_CLIMBING,transaction_pattern,mixed_transactions,12,True,True,"[[11, -5, 7, 11, 17, -2, -7, -15]]",0.0,mixed_transactions,0,1,6.875023245811462e-06
gemini_2_5_flash,HILL_CLIMBING,transaction_pattern,mixed_transactions,13,True,True,"[[8, -12, 16, -6, -13, 14, 20, 14]]",0.0,mixed_transactions,0,1,7.58306123316288e-06
gemini_2_5_flash,HILL_CLIMBING,transaction_pattern,mixed_transactions,14,True,True,"[[-5, 16, 5, 13, 16, 9, -10]]",0.0,mixed_transactions,0,1,7.333001121878624e-06
gemini_2_5_flash,HILL_CLIMBING,transaction_pattern,mixed_transactions,15,True,True,"[[-11, -19, 19]]",0.0,mixed_transactions,5,6,1.850002445280552e-05
gemini_2_5_flash,HILL_CLIMBING,transaction_pattern,mixed_transactions,16,True,True,"[[12, 3, 6, 12, 5, 7, -10]]",0.0,mixed_transactions,5,6,2.616702113300562e-05
gemini_2_5_flash,HILL_CLIMBING,transaction_pattern,mixed_transactions,17,True,True,"[[8, 13, -8]]",0.0,mixed_transactions,9,10,2.8916983865201473e-05
gemini_2_5_flash,HILL_CLIMBING,transaction_pattern,mixed_transactions,18,True,True,"[[12, -1]]",0.0,mixed_transactions,4,5,1.504190731793642e-05
gemini_2_5_flash,HILL_CLIMBING,transaction_pattern,mixed_transactions,19,True,True,"[[-9, -3, -13, 11]]",0.0,mixed_transactions,4,5,2.0332983694970608e-05
gemini_2_5_flash,HILL_CLIMBING,transaction_pattern,mixed_transactions,20,True,True,"[[9, -2, -13, -12, 4, 20, 7, 8]]",0.0,mixed_transactions,0,1,6.334041245281696e-06
gemini_2_5_flash,HILL_CLIMBING,transaction_pattern,mixed_transactions,21,True,True,"[[-12, -15, -12, 5, 8, 13]]",0.0,mixed_transactions,0,1,6.749993190169334e-06
gemini_2_5_flash,HILL_CLIMBING,transaction_pattern,mixed_transactions,22,True,True,"[[4, 16, 12, 12, -9]]",0.0,mixed_transactions,8,9,3.0957977287471294e-05
gemini_2_5_flash,HILL_CLIMBING,transaction_pattern,mixed_transactions,23,True,True,"[[-2, 15, -19, -11, -3, 3, 7, -10]]",0.0,mixed_transactions,0,1,7.792026735842228e-06
gemini_2_5_flash,HILL_CLIMBING,transaction_pattern,mixed_transactions,24,True,True,"[[9, -2]]",0.0,mixed_transactions,0,1,4.541012458503246e-06
gemini_2_5_flash,HILL_CLIMBING,transaction_pattern,mixed_transactions,25,True,True,"[[-7, 17, 17, -8]]",0.0,mixed_transactions,0,1,5.415990017354488e-06
gemini_2_5_flash,HILL_CLIMBING,transaction_pattern,mixed_transactions,26,True,True,"[[7, 20, 8, 5, 14, 8, -15]]",0.0,mixed_transactions,7,8,3.15000070258975e-05
gemini_2_5_flash,HILL_CLIMBING,transaction_pattern,mixed_transactions,27,True,True,"[[-5, 8, -8, -7]]",0.0,mixed_transactions,0,1,5.499925464391708e-06
gemini_2_5_flash,HILL_CLIMBING,transaction_pattern,mixed_transactions,28,True,True,"[[8, -12, -9, -2]]",0.0,mixed_transactions,1,2,1.0209041647613049e-05
gemini_2_5_flash,HILL_CLIMBING,transaction_pattern,mixed_transactions,29,True,True,"[[4, 16, -13]]",0.0,mixed_transactions,0,1,5.292007699608803e-06
gemini_2_5_flash,HILL_CLIMBING,transaction_pattern,simple_pattern,0,True,True,"[[-1, -18]]",0.0,simple_pattern,7,8,3.400002606213093e-05
gemini_2_5_flash,HILL_CLIMBING,transaction_pattern,simple_pattern,1,True,True,"[[4, 2, 20]]",0.0,simple_pattern,61,62,0.0001935840118676424
gemini_2_5_flash,HILL_CLIMBING,transaction_pattern,simple_pattern,2,True,True,"[[-17, -6]]",0.0,simple_pattern,0,1,5.375011824071407e-06
gemini_2_5_flash,HILL_CLIMBING,transaction_pattern,simple_pattern,3,True,True,[[-12]],0.0,simple_pattern,16,17,7.166701834648848e-05
gemini_2_5_flash,HILL_CLIMBING,transaction_pattern,simple_pattern,4,True,True,[[18]],0.0,simple_pattern,0,1,4.707952030003071e-06
gemini_2_5_flash,HILL_CLIMBING,transaction_pattern,simple_pattern,5,True,True,[[-6]],0.0,simple_pattern,0,1,4.833098500967026e-06
gemini_2_5_flash,HILL_CLIMBING,transaction_pattern,simple_pattern,6,True,True,"[[5, 7]]",0.0,simple_pattern,15,16,6.029102951288223e-05
gemini_2_5_flash,HILL_CLIMBING,transaction_pattern,simple_pattern,7,True,True,"[[13, 15]]",0.0,simple_pattern,0,1,5.292007699608803e-06
gemini_2_5_flash,HILL_CLIMBING,transaction_pattern,simple_pattern,8,True,True,[[-9]],0.0,simple_pattern,16,17,6.679201032966375e-05
gemini_2_5_flash,HILL_CLIMBING,transaction_pattern,simple_pattern,9,True,True,"[[10, 16]]",0.0,simple_pattern,2,3,1.3791024684906006e-05
gemini_2_5_flash,HILL_CLIMBING,transaction_pattern,simple_pattern,10,True,True,[[-10]],0.0,simple_pattern,57,58,0.00022683292627334595
gemini_2_5_flash,HILL_CLIMBING,transaction_pattern,simple_pattern,11,True,True,[[18]],0.0,simple_pattern,44,45,0.0001605829456821084
gemini_2_5_flash,HILL_CLIMBING,transaction_pattern,simple_pattern,12,True,True,"[[-6, -17]]",0.0,simple_pattern,14,15,5.7582976296544075e-05
gemini_2_5_flash,HILL_CLIMBING,transaction_pattern,simple_pattern,13,True,True,"[[3, 11, 2]]",0.0,simple_pattern,25,26,0.00010016607120633125
gemini_2_5_flash,HILL_CLIMBING,transaction_pattern,simple_pattern,14,True,True,[[-15]],0.0,simple_pattern,56,57,0.00020712497644126415
gemini_2_5_flash,HILL_CLIMBING,transaction_pattern,simple_pattern,15,True,True,[[-18]],0.0,simple_pattern,1,2,7.582944817841053e-06
gemini_2_5_flash,HILL_CLIMBING,transaction_pattern,simple_pattern,16,True,True,[[-14]],0.0,simple_pattern,7,8,3.504205960780382e-05
gemini_2_5_flash,HILL_CLIMBING,transaction_pattern,simple_pattern,17,True,True,[[8]],0.0,simple_pattern,30,31,0.00010375003330409527
gemini_2_5_flash,HILL_CLIMBING,transaction_pattern,simple_pattern,18,True,True,"[[-7, -16, -10]]",0.0,simple_pattern,10,11,4.662491846829653e-05
gemini_2_5_flash,HILL_CLIMBING,transaction_pattern,simple_pattern,19,True,True,"[[-11, -5, -15]]",0.0,simple_pattern,12,13,5.745899397879839e-05
gemini_2_5_flash,HILL_CLIMBING,transaction_pattern,simple_pattern,20,True,True,"[[8, 18, 13]]",0.0,simple_pattern,3,4,1.616694498807192e-05
gemini_2_5_flash,HILL_CLIMBING,transaction_pattern,simple_pattern,21,True,True,[[-15]],0.0,simple_pattern,16,17,6.433296948671341e-05
gemini_2_5_flash,HILL_CLIMBING,transaction_pattern,simple_pattern,22,True,True,[[-3]],0.0,simple_pattern,5,6,2.4209031835198402e-05
gemini_2_5_flash,HILL_CLIMBING,transaction_pattern,simple_pattern,23,True,True,"[[-19, -16]]",0.0,simple_pattern,26,27,0.0001142079709097743
gemini_2_5_flash,HILL_CLIMBING,transaction_pattern,simple_pattern,24,True,True,"[[13, 4, 20, 8]]",0.0,simple_pattern,10,11,5.050003528594971e-05
gemini_2_5_flash,HILL_CLIMBING,transaction_pattern,simple_pattern,25,True,True,[[20]],0.0,simple_pattern,33,34,0.00013337493874132633
gemini_2_5_flash,HILL_CLIMBING,transaction_pattern,simple_pattern,26,True,True,"[[-17, -9]]",0.0,simple_pattern,9,10,4.512490704655647e-05
gemini_2_5_flash,HILL_CLIMBING,transaction_pattern,simple_pattern,27,True,True,"[[-20, -4]]",0.0,simple_pattern,91,92,0.0003346669254824519
gemini_2_5_flash,HILL_CLIMBING,transaction_pattern,simple_pattern,28,True,True,"[[-19, -20]]",0.0,simple_pattern,12,13,5.64999645575881e-05
gemini_2_5_flash,HILL_CLIMBING,transaction_pattern,simple_pattern,29,True,True,[[16]],0.0,simple_pattern,7,8,3.4334021620452404e-05
gemini_2_5_flash,HILL_CLIMBING,triangle_type,invalid_side,0,True,True,"[190, 0, 225]",0.0,invalid_side,21,22,7.837498560547829e-05
gemini_2_5_flash,HILL_CLIMBING,triangle_type,invalid_side,1,True,True,"[670, 0, 57]",0.0,invalid_side,31,32,0.00010129099246114492
gemini_2_5_flash,HILL_CLIMBING,triangle_type,invalid_side,2,True,True,"[0, 1000, 549]",0.0,invalid_side,56,57,0.00016966601833701134
gemini_2_5_flash,HILL_CLIMBING,triangle_type,invalid_side,3,True,True,"[488, 0, 866]",0.0,invalid_side,46,47,0.0001348749501630664
gemini_2_5_flash,HILL_CLIMBING,triangle_type,invalid_side,4,True,True,"[766, 0, 725]",0.0,invalid_side,37,38,0.0001212080242112279
gemini_2_5_flash,HILL_CLIMBING,triangle_type,invalid_side,5,True,True,"[489, 120, 0]",0.0,invalid_side,22,23,7.195805665105581e-05
gemini_2_5_flash,HILL_CLIMBING,triangle_type,invalid_side,6,True,True,"[260, 561, 0]",0.0,invalid_side,12,13,4.583294503390789e-05
gemini_2_5_flash,HILL_CLIMBING,triangle_type,invalid_side,7,True,True,"[574, 623, 0]",0.0,invalid_side,33,34,0.0001052080187946558
gemini_2_5_flash,HILL_CLIMBING,triangle_type,invalid_side,8,True,True,"[42, 0, 631]",0.0,invalid_side,57,58,0.00018079089932143688
gemini_2_5_flash,HILL_CLIMBING,triangle_type,invalid_side,9,True,True,"[703, 0, 984]",0.0,invalid_side,3,4,1.6583013348281384e-05
gemini_2_5_flash,HILL_CLIMBING,triangle_type,invalid_side,10,True,True,"[965, 498, 0]",0.0,invalid_side,48,49,0.00014387501869350672
gemini_2_5_flash,HILL_CLIMBING,triangle_type,invalid_side,11,True,True,"[594, 440, 0]",0.0,invalid_side,26,27,7.9583958722651e-05
gemini_2_5_flash,HILL_CLIMBING,triangle_type,invalid_side,12,True,True,"[461, 102, 0]",0.0,invalid_side,41,42,0.00014245801139622927
gemini_2_5_flash,HILL_CLIMBING,triangle_type,invalid_side,13,True,True,"[769, 0, 261]",0.0,invalid_side,17,18,6.37909397482872e-05
gemini_2_5_flash,HILL_CLIMBING,triangle_type,invalid_side,14,True,True,"[556, 0, 300]",0.0,invalid_side,25,26,8.487503509968519e-05
gemini_2_5_flash,HILL_CLIMBING,triangle_type,invalid_side,15,True,True,"[0, 986, 247]",0.0,invalid_side,17,18,6.845803000032902e-05
gemini_2_5_flash,HILL_CLIMBING,triangle_type,invalid_side,16,True,True,"[151, 0, 277]",0.0,invalid_side,30,31,9.537499863654375e-05
gemini_2_5_flash,HILL_CLIMBING,triangle_type,invalid_side,17,True,True,"[919, 0, 554]",0.0,invalid_side,16,17,6.604194641113281e-05
gemini_2_5_flash,HILL_CLIMBING,triangle_type,invalid_side,18,True,True,"[0, 202, 760]",0.0,invalid_side,29,30,0.00010554096661508083
gemini_2_5_flash,HILL_CLIMBING,triangle_type,invalid_side,19,True,True,"[0, 57, 612]",0.0,invalid_side,22,23,8.42920271679759e-05
gemini_2_5_flash,HILL_CLIMBING,triangle_type,invalid_side,20,True,True,"[540, 133, 0]",0.0,invalid_side,19,20,6.337498780339956e-05
gemini_2_5_flash,HILL_CLIMBING,triangle_type,invalid_side,21,True,True,"[844, 0, 998]",0.0,invalid_side,18,19,6.53750030323863e-05
gemini_2_5_flash,HILL_CLIMBING,triangle_type,invalid_side,22,True,True,"[0, 292, 156]",0.0,invalid_side,26,27,8.016603533178568e-05
gemini_2_5_flash,HILL_CLIMBING,triangle_type,invalid_side,23,True,True,"[0, 649, 325]",0.0,invalid_side,26,27,8.399994112551212e-05
gemini_2_5_flash,HILL_CLIMBING,triangle_type,invalid_side,24,True,True,"[804, 0, 522]",0.0,invalid_side,50,51,0.0001587909646332264
gemini_2_5_flash,HILL_CLIMBING,triangle_type,invalid_side,25,True,True,"[944, 594, 0]",0.0,invalid_side,19,20,6.425008177757263e-05
gemini_2_5_flash,HILL_CLIMBING,triangle_type,invalid_side,26,True,True,"[326, 396, 0]",0.0,invalid_side,16,17,5.637493450194597e-05
gemini_2_5_flash,HILL_CLIMBING,triangle_type,invalid_side,27,True,True,"[856, 179, 0]",0.0,invalid_side,16,17,6.433308590203524e-05
gemini_2_5_flash,HILL_CLIMBING,triangle_type,invalid_side,28,True,True,"[0, 189, 313]",0.0,invalid_side,22,23,7.687509059906006e-05
gemini_2_5_flash,HILL_CLIMBING,triangle_type,invalid_side,29,True,True,"[0, 245, 67]",0.0,invalid_side,39,40,0.0001140419626608491
gemini_2_5_flash,HILL_CLIMBING,triangle_type,not_triangle,0,True,True,"[379, 459, 873]",0.0,not_triangle,1,2,1.0875053703784943e-05
gemini_2_5_flash,HILL_CLIMBING,triangle_type,not_triangle,1,True,True,"[301, 23, 576]",0.0,not_triangle,0,1,6.375019438564777e-06
gemini_2_5_flash,HILL_CLIMBING,triangle_type,not_triangle,2,True,True,"[216, 490, 851]",0.0,not_triangle,0,1,5.415990017354488e-06
gemini_2_5_flash,HILL_CLIMBING,triangle_type,not_triangle,3,True,True,"[262, 296, 962]",0.0,not_triangle,5,6,2.5791930966079235e-05
gemini_2_5_flash,HILL_CLIMBING,triangle_type,not_triangle,4,True,True,"[579, 146, 861]",0.0,not_triangle,6,7,2.987496554851532e-05
gemini_2_5_flash,HILL_CLIMBING,triangle_type,not_triangle,5,True,True,"[477, 148, 171]",0.0,not_triangle,1,2,1.1625001206994057e-05
gemini_2_5_flash,HILL_CLIMBING,triangle_type,not_triangle,6,True,True,"[338, 574, 962]",0.0,not_triangle,0,1,5.832989700138569e-06
gemini_2_5_flash,HILL_CLIMBING,triangle_type,not_triangle,7,True,True,"[28, 799, 379]",0.0,not_triangle,0,1,6.124959327280521e-06
gemini_2_5_flash,HILL_CLIMBING,triangle_type,not_triangle,8,True,True,"[924, 345, 304]",0.0,not_triangle,2,3,1.5042023733258247e-05
gemini_2_5_flash,HILL_CLIMBING,triangle_type,not_triangle,9,True,True,"[34, 780, 615]",0.0,not_triangle,0,1,5.875015631318092e-06
gemini_2_5_flash,HILL_CLIMBING,triangle_type,not_triangle,10,True,True,"[692, 344, 177]",0.0,not_triangle,3,4,2.0583043806254864e-05
gemini_2_5_flash,HILL_CLIMBING,triangle_type,not_triangle,11,True,True,"[638, 7, 493]",0.0,not_triangle,6,7,3.2334006391465664e-05
gemini_2_5_flash,HILL_CLIMBING,triangle_type,not_triangle,12,True,True,"[308, 843, 506]",0.0,not_triangle,3,4,2.0417035557329655e-05
gemini_2_5_flash,HILL_CLIMBING,triangle_type,not_triangle,13,True,True,"[239, 965, 397]",0.0,not_triangle,0,1,6.083049811422825e-06
gemini_2_5_flash,HILL_CLIMBING,triangle_type,not_triangle,14,True,True,"[238, 489, 170]",0.0,not_triangle,0,1,6.207963451743126e-06
gemini_2_5_flash,HILL_CLIMBING,triangle_type,not_triangle,15,True,True,"[123, 199, 854]",0.0,not_triangle,1,2,1.033395528793335e-05
gemini_2_5_flash,HILL_CLIMBING,triangle_type,not_triangle,16,True,True,"[675, 237, 930]",0.0,not_triangle,0,1,6.124959327280521e-06
gemini_2_5_flash,HILL_CLIMBING,triangle_type,not_triangle,17,True,True,"[81, 11, 999]",0.0,not_triangle,0,1,5.542067810893059e-06
gemini_2_5_flash,HILL_CLIMBING,triangle_type,not_triangle,18,True,True,"[330, 95, 646]",0.0,not_triangle,0,1,6.042071618139744e-06
gemini_2_5_flash,HILL_CLIMBING,triangle_type,not_triangle,19,True,True,"[164, 591, 388]",0.0,not_triangle,8,9,3.400002606213093e-05
gemini_2_5_flash,HILL_CLIMBING,triangle_type,not_triangle,20,True,True,"[881, 316, 224]",0.0,not_triangle,3,4,1.816696021705866e-05
gemini_2_5_flash,HILL_CLIMBING,triangle_type,not_triangle,21,True,True,"[987, 555, 147]",0.0,not_triangle,0,1,4.875008016824722e-06
gemini_2_5_flash,HILL_CLIMBING,triangle_type,not_triangle,22,True,True,"[449, 895, 92]",0.0,not_triangle,3,4,1.97909539565444e-05
gemini_2_5_flash,HILL_CLIMBING,triangle_type,not_triangle,23,True,True,"[508, 297, 884]",0.0,not_triangle,0,1,5.875015631318092e-06
gemini_2_5_flash,HILL_CLIMBING,triangle_type,not_triangle,24,True,True,"[832, 76, 171]",0.0,not_triangle,2,3,1.625006552785635e-05
gemini_2_5_flash,HILL_CLIMBING,triangle_type,not_triangle,25,True,True,"[251, 368, 839]",0.0,not_triangle,3,4,1.8959050066769123e-05
gemini_2_5_flash,HILL_CLIMBING,triangle_type,not_triangle,26,True,True,"[282, 240, 798]",0.0,not_triangle,0,1,6.041023880243301e-06
gemini_2_5_flash,HILL_CLIMBING,triangle_type,not_triangle,27,True,True,"[172, 740, 115]",0.0,not_triangle,4,5,2.1417043171823025e-05
gemini_2_5_flash,HILL_CLIMBING,triangle_type,not_triangle,28,True,True,"[22, 612, 338]",0.0,not_triangle,0,1,5.166977643966675e-06
gemini_2_5_flash,HILL_CLIMBING,triangle_type,not_triangle,29,True,True,"[75, 517, 701]",0.0,not_triangle,0,1,6.00004568696022e-06
gemini_2_5_flash,HILL_CLIMBING,triangle_type,equilateral,0,False,False,"[616, 616, 615]",1.0,,907,8095,0.024524917011149228
gemini_2_5_flash,HILL_CLIMBING,triangle_type,equilateral,1,True,True,"[236, 236, 236]",0.0,equilateral,128,129,0.00044995907228440046
gemini_2_5_flash,HILL_CLIMBING,triangle_type,equilateral,2,True,True,"[117, 117, 117]",0.0,equilateral,639,640,0.002005708054639399
gemini_2_5_flash,HILL_CLIMBING,triangle_type,equilateral,3,True,True,"[574, 574, 574]",0.0,equilateral,7626,7640,0.023498250055126846
gemini_2_5_flash,HILL_CLIMBING,triangle_type,equilateral,4,True,True,"[556, 556, 556]",0.0,equilateral,326,327,0.00103704200591892
gemini_2_5_flash,HILL_CLIMBING,triangle_type,equilateral,5,True,True,"[445, 445, 445]",0.0,equilateral,1397,1400,0.004302916000597179
gemini_2_5_flash,HILL_CLIMBING,triangle_type,equilateral,6,True,True,"[538, 538, 538]",0.0,equilateral,898,900,0.0027624579379335046
gemini_2_5_flash,HILL_CLIMBING,triangle_type,equilateral,7,True,True,"[412, 412, 412]",0.0,equilateral,332,333,0.001030291081406176
gemini_2_5_flash,HILL_CLIMBING,triangle_type,equilateral,8,True,True,"[588, 588, 588]",0.0,equilateral,2397,2401,0.007366791018284857
gemini_2_5_flash,HILL_CLIMBING,triangle_type,equilateral,9,True,True,"[686, 686, 686]",0.0,equilateral,2228,2232,0.0068623339757323265
gemini_2_5_flash,HILL_CLIMBING,triangle_type,equilateral,10,True,True,"[350, 350, 350]",0.0,equilateral,611,612,0.0018956669373437762
gemini_2_5_flash,HILL_CLIMBING,triangle_type,equilateral,11,True,True,"[297, 297, 297]",0.0,equilateral,165,166,0.0005432089092209935
gemini_2_5_flash,HILL_CLIMBING,triangle_type,equilateral,12,True,True,"[555, 555, 555]",0.0,equilateral,1050,1052,0.0032274159602820873
gemini_2_5_flash,HILL_CLIMBING,triangle_type,equilateral,13,True,True,"[348, 348, 348]",0.0,equilateral,5512,5523,0.016913749976083636
gemini_2_5_flash,HILL_CLIMBING,triangle_type,equilateral,14,True,True,"[595, 595, 595]",0.0,equilateral,683,685,0.002155250054784119
gemini_2_5_flash,HILL_CLIMBING,triangle_type,equilateral,15,True,True,"[425, 425, 425]",0.0,equilateral,2286,2291,0.007042375043965876
gemini_2_5_flash,HILL_CLIMBING,triangle_type,equilateral,16,True,True,"[654, 654, 654]",0.0,equilateral,1642,1645,0.005044291960075498
gemini_2_5_flash,HILL_CLIMBING,triangle_type,equilateral,17,True,True,"[579, 579, 579]",0.0,equilateral,1465,1468,0.004556833999231458
gemini_2_5_flash,HILL_CLIMBING,triangle_type,equilateral,18,True,True,"[963, 963, 963]",0.0,equilateral,4683,4692,0.014468875015154481
gemini_2_5_flash,HILL_CLIMBING,triangle_type,equilateral,19,True,True,"[738, 738, 738]",0.0,equilateral,5457,5467,0.016752084018662572
gemini_2_5_flash,HILL_CLIMBING,triangle_type,equilateral,20,True,True,"[370, 370, 370]",0.0,equilateral,1137,1139,0.003468165989033878
gemini_2_5_flash,HILL_CLIMBING,triangle_type,equilateral,21,True,True,"[441, 441, 441]",0.0,equilateral,2344,2348,0.007115542073734105
gemini_2_5_flash,HILL_CLIMBING,triangle_type,equilateral,22,True,True,"[496, 496, 496]",0.0,equilateral,4156,4164,0.012802165932953358
gemini_2_5_flash,HILL_CLIMBING,triangle_type,equilateral,23,True,True,"[776, 776, 776]",0.0,equilateral,3457,3464,0.010695667006075382
gemini_2_5_flash,HILL_CLIMBING,triangle_type,equilateral,24,True,True,"[279, 279, 279]",0.0,equilateral,66,67,0.0002400419907644391
gemini_2_5_flash,HILL_CLIMBING,triangle_type,equilateral,25,True,True,"[717, 717, 717]",0.0,equilateral,1394,1397,0.0043862080201506615
gemini_2_5_flash,HILL_CLIMBING,triangle_type,equilateral,26,True,True,"[224, 224, 224]",0.0,equilateral,4462,4470,0.01390716596506536
gemini_2_5_flash,HILL_CLIMBING,triangle_type,equilateral,27,True,True,"[586, 586, 586]",0.0,equilateral,191,192,0.0006213330198079348
gemini_2_5_flash,HILL_CLIMBING,triangle_type,equilateral,28,True,True,"[427, 427, 427]",0.0,equilateral,2108,2112,0.006548459059558809
gemini_2_5_flash,HILL_CLIMBING,triangle_type,equilateral,29,True,True,"[403, 403, 403]",0.0,equilateral,868,870,0.0026887080166488886
gemini_2_5_flash,HILL_CLIMBING,triangle_type,isosceles,0,True,True,"[502, 502, 57]",0.0,isosceles,25,26,0.00012233294546604156
gemini_2_5_flash,HILL_CLIMBING,triangle_type,isosceles,1,True,True,"[285, 325, 285]",0.0,isosceles,35,36,0.00015154096763581038
gemini_2_5_flash,HILL_CLIMBING,triangle_type,isosceles,2,True,True,"[721, 440, 721]",0.0,isosceles,71,72,0.0002775829052552581
gemini_2_5_flash,HILL_CLIMBING,triangle_type,isosceles,3,True,True,"[547, 490, 547]",0.0,isosceles,26,27,0.00011666701175272465
gemini_2_5_flash,HILL_CLIMBING,triangle_type,isosceles,4,True,True,"[105, 105, 121]",0.0,isosceles,164,165,0.0006329170428216457
gemini_2_5_flash,HILL_CLIMBING,triangle_type,isosceles,5,True,True,"[121, 632, 632]",0.0,isosceles,605,607,0.0021787500008940697
gemini_2_5_flash,HILL_CLIMBING,triangle_type,isosceles,6,True,True,"[375, 559, 559]",0.0,isosceles,18,19,8.558400440961123e-05
gemini_2_5_flash,HILL_CLIMBING,triangle_type,isosceles,7,True,True,"[603, 733, 603]",0.0,isosceles,224,225,0.0008497909875586629
gemini_2_5_flash,HILL_CLIMBING,triangle_type,isosceles,8,True,True,"[122, 42, 122]",0.0,isosceles,121,122,0.0004587500588968396
gemini_2_5_flash,HILL_CLIMBING,triangle_type,isosceles,9,True,True,"[971, 798, 971]",0.0,isosceles,4,5,2.9416987672448158e-05
gemini_2_5_flash,HILL_CLIMBING,triangle_type,isosceles,10,True,True,"[948, 948, 856]",0.0,isosceles,132,133,0.0004792920080944896
gemini_2_5_flash,HILL_CLIMBING,triangle_type,isosceles,11,True,True,"[646, 885, 646]",0.0,isosceles,366,367,0.001328249927610159
gemini_2_5_flash,HILL_CLIMBING,triangle_type,isosceles,12,True,True,"[483, 483, 427]",0.0,isosceles,4,5,2.9499991796910763e-05
gemini_2_5_flash,HILL_CLIMBING,triangle_type,isosceles,13,True,True,"[937, 937, 395]",0.0,isosceles,248,249,0.000905958004295826
gemini_2_5_flash,HILL_CLIMBING,triangle_type,isosceles,14,True,True,"[857, 868, 857]",0.0,isosceles,56,57,0.0002400419907644391
gemini_2_5_flash,HILL_CLIMBING,triangle_type,isosceles,15,True,True,"[378, 378, 718]",0.0,isosceles,370,371,0.0013633749913424253
gemini_2_5_flash,HILL_CLIMBING,triangle_type,isosceles,16,True,True,"[664, 990, 664]",0.0,isosceles,577,579,0.0020742500200867653
gemini_2_5_flash,HILL_CLIMBING,triangle_type,isosceles,17,True,True,"[818, 254, 818]",0.0,isosceles,36,37,0.00015237496700137854
gemini_2_5_flash,HILL_CLIMBING,triangle_type,isosceles,18,True,True,"[392, 150, 392]",0.0,isosceles,743,745,0.002688832930289209
gemini_2_5_flash,HILL_CLIMBING,triangle_type,isosceles,19,True,True,"[374, 384, 374]",0.0,isosceles,150,151,0.0005547079490497708
gemini_2_5_flash,HILL_CLIMBING,triangle_type,isosceles,20,True,True,"[83, 529, 529]",0.0,isosceles,51,52,0.0002031669719144702
gemini_2_5_flash,HILL_CLIMBING,triangle_type,isosceles,21,True,True,"[521, 521, 325]",0.0,isosceles,706,708,0.002551083918660879
gemini_2_5_flash,HILL_CLIMBING,triangle_type,isosceles,22,True,True,"[869, 869, 897]",0.0,isosceles,110,111,0.00043045892380177975
gemini_2_5_flash,HILL_CLIMBING,triangle_type,isosceles,23,True,True,"[853, 548, 548]",0.0,isosceles,29,30,0.0001154579222202301
gemini_2_5_flash,HILL_CLIMBING,triangle_type,isosceles,24,True,True,"[829, 66, 829]",0.0,isosceles,1127,1130,0.00408449990209192
gemini_2_5_flash,HILL_CLIMBING,triangle_type,isosceles,25,True,True,"[261, 249, 249]",0.0,isosceles,73,74,0.0002822919050231576
gemini_2_5_flash,HILL_CLIMBING,triangle_type,isosceles,26,True,True,"[803, 802, 803]",0.0,isosceles,260,261,0.0009455829858779907
gemini_2_5_flash,HILL_CLIMBING,triangle_type,isosceles,27,True,True,"[705, 776, 776]",0.0,isosceles,63,64,0.0002519580302760005
gemini_2_5_flash,HILL_CLIMBING,triangle_type,isosceles,28,True,True,"[715, 971, 971]",0.0,isosceles,5,6,3.487500362098217e-05
gemini_2_5_flash,HILL_CLIMBING,triangle_type,isosceles,29,True,True,"[846, 138, 846]",0.0,isosceles,45,46,0.00019083404913544655
gemini_2_5_flash,HILL_CLIMBING,triangle_type,scalene,0,True,True,"[204, 411, 299]",0.0,scalene,1,2,1.3875076547265053e-05
gemini_2_5_flash,HILL_CLIMBING,triangle_type,scalene,1,True,True,"[152, 947, 978]",0.0,scalene,1,2,1.4167046174407005e-05
gemini_2_5_flash,HILL_CLIMBING,triangle_type,scalene,2,True,True,"[992, 963, 128]",0.0,scalene,0,1,7.2499969974160194e-06
gemini_2_5_flash,HILL_CLIMBING,triangle_type,scalene,3,True,True,"[157, 662, 595]",0.0,scalene,1,2,1.3708951883018017e-05
gemini_2_5_flash,HILL_CLIMBING,triangle_type,scalene,4,True,True,"[353, 583, 595]",0.0,scalene,0,1,6.458954885601997e-06
gemini_2_5_flash,HILL_CLIMBING,triangle_type,scalene,5,True,True,"[33, 649, 648]",0.0,scalene,0,1,6.9999368861317635e-06
gemini_2_5_flash,HILL_CLIMBING,triangle_type,scalene,6,True,True,"[739, 314, 844]",0.0,scalene,0,1,6.95791095495224e-06
gemini_2_5_flash,HILL_CLIMBING,triangle_type,scalene,7,True,True,"[277, 514, 725]",0.0,scalene,1,2,1.3875076547265053e-05
gemini_2_5_flash,HILL_CLIMBING,triangle_type,scalene,8,True,True,"[905, 685, 368]",0.0,scalene,5,6,3.22909327223897e-05
gemini_2_5_flash,HILL_CLIMBING,triangle_type,scalene,9,True,True,"[406, 288, 237]",0.0,scalene,5,6,3.483390901237726e-05
gemini_2_5_flash,HILL_CLIMBING,triangle_type,scalene,10,True,True,"[455, 790, 453]",0.0,scalene,1,2,1.3459008187055588e-05
gemini_2_5_flash,HILL_CLIMBING,triangle_type,scalene,11,True,True,"[796, 34, 793]",0.0,scalene,3,4,2.4709035642445087e-05
gemini_2_5_flash,HILL_CLIMBING,triangle_type,scalene,12,True,True,"[674, 431, 603]",0.0,scalene,0,1,7.00005330145359e-06
gemini_2_5_flash,HILL_CLIMBING,triangle_type,scalene,13,True,True,"[346, 323, 499]",0.0,scalene,1,2,1.3625016435980797e-05
gemini_2_5_flash,HILL_CLIMBING,triangle_type,scalene,14,True,True,"[768, 106, 793]",0.0,scalene,0,1,6.4999330788850784e-06
gemini_2_5_flash,HILL_CLIMBING,triangle_type,scalene,15,True,True,"[654, 500, 172]",0.0,scalene,0,1,6.833928637206554e-06
gemini_2_5_flash,HILL_CLIMBING,triangle_type,scalene,16,True,True,"[122, 985, 869]",0.0,scalene,8,9,4.541606176644564e-05
gemini_2_5_flash,HILL_CLIMBING,triangle_type,scalene,17,True,True,"[729, 460, 635]",0.0,scalene,0,1,6.9160014390945435e-06
gemini_2_5_flash,HILL_CLIMBING,triangle_type,scalene,18,True,True,"[653, 816, 170]",0.0,scalene,2,3,1.9291997887194157e-05
gemini_2_5_flash,HILL_CLIMBING,triangle_type,scalene,19,True,True,"[683, 832, 213]",0.0,scalene,0,1,6.832997314631939e-06
gemini_2_5_flash,HILL_CLIMBING,triangle_type,scalene,20,True,True,"[520, 555, 510]",0.0,scalene,0,1,6.834045052528381e-06
gemini_2_5_flash,HILL_CLIMBING,triangle_type,scalene,21,True,True,"[472, 348, 627]",0.0,scalene,5,6,2.962502185255289e-05
gemini_2_5_flash,HILL_CLIMBING,triangle_type,scalene,22,True,True,"[824, 910, 372]",0.0,scalene,3,4,2.4000066332519054e-05
gemini_2_5_flash,HILL_CLIMBING,triangle_type,scalene,23,True,True,"[328, 419, 591]",0.0,scalene,1,2,1.3499986380338669e-05
gemini_2_5_flash,HILL_CLIMBING,triangle_type,scalene,24,True,True,"[817, 723, 527]",0.0,scalene,1,2,1.3792072422802448e-05
gemini_2_5_flash,HILL_CLIMBING,triangle_type,scalene,25,True,True,"[777, 971, 848]",0.0,scalene,0,1,6.958027370274067e-06
gemini_2_5_flash,HILL_CLIMBING,triangle_type,scalene,26,True,True,"[292, 505, 378]",0.0,scalene,9,10,5.308398976922035e-05
gemini_2_5_flash,HILL_CLIMBING,triangle_type,scalene,27,True,True,"[433, 682, 877]",0.0,scalene,0,1,6.958027370274067e-06
gemini_2_5_flash,HILL_CLIMBING,triangle_type,scalene,28,True,True,"[341, 258, 425]",0.0,scalene,1,2,1.3375072740018368e-05
gemini_2_5_flash,HILL_CLIMBING,triangle_type,scalene,29,True,True,"[441, 324, 553]",0.0,scalene,1,2,1.337495632469654e-05
gemini_2_5_flash,HILL_CLIMBING,username_category,empty,0,True,True,[''],0.0,empty,21,22,7.524993270635605e-05
gemini_2_5_flash,HILL_CLIMBING,username_category,empty,1,True,True,[''],0.0,empty,10,11,3.674998879432678e-05
gemini_2_5_flash,HILL_CLIMBING,username_category,empty,2,True,True,[''],0.0,empty,5,6,2.0209001377224922e-05
gemini_2_5_flash,HILL_CLIMBING,username_category,empty,3,True,True,[''],0.0,empty,20,21,6.858306005597115e-05
gemini_2_5_flash,HILL_CLIMBING,username_category,empty,4,True,True,[''],0.0,empty,24,25,6.837490946054459e-05
gemini_2_5_flash,HILL_CLIMBING,username_category,empty,5,True,True,[''],0.0,empty,14,15,3.9874925278127193e-05
gemini_2_5_flash,HILL_CLIMBING,username_category,empty,6,True,True,[''],0.0,empty,23,24,6.804196164011955e-05
gemini_2_5_flash,HILL_CLIMBING,username_category,empty,7,True,True,[''],0.0,empty,40,41,0.00011345790699124336
gemini_2_5_flash,HILL_CLIMBING,username_category,empty,8,True,True,[''],0.0,empty,23,24,7.141695823520422e-05
gemini_2_5_flash,HILL_CLIMBING,username_category,empty,9,True,True,[''],0.0,empty,14,15,4.7999899834394455e-05
gemini_2_5_flash,HILL_CLIMBING,username_category,empty,10,True,True,[''],0.0,empty,26,27,7.366703357547522e-05
gemini_2_5_flash,HILL_CLIMBING,username_category,empty,11,True,True,[''],0.0,empty,39,40,0.00010666600428521633
gemini_2_5_flash,HILL_CLIMBING,username_category,empty,12,True,True,[''],0.0,empty,58,59,0.00015075004193931818
gemini_2_5_flash,HILL_CLIMBING,username_category,empty,13,True,True,[''],0.0,empty,16,17,5.370797589421272e-05
gemini_2_5_flash,HILL_CLIMBING,username_category,empty,14,True,True,[''],0.0,empty,0,1,4.083034582436085e-06
gemini_2_5_flash,HILL_CLIMBING,username_category,empty,15,True,True,[''],0.0,empty,12,13,3.766699228435755e-05
gemini_2_5_flash,HILL_CLIMBING,username_category,empty,16,True,True,[''],0.0,empty,29,30,8.158304262906313e-05
gemini_2_5_flash,HILL_CLIMBING,username_category,empty,17,True,True,[''],0.0,empty,27,28,8.42920271679759e-05
gemini_2_5_flash,HILL_CLIMBING,username_category,empty,18,True,True,[''],0.0,empty,12,13,3.8291909731924534e-05
gemini_2_5_flash,HILL_CLIMBING,username_category,empty,19,True,True,[''],0.0,empty,29,30,7.85409938544035e-05
gemini_2_5_flash,HILL_CLIMBING,username_category,empty,20,True,True,[''],0.0,empty,22,23,6.53750030323863e-05
gemini_2_5_flash,HILL_CLIMBING,username_category,empty,21,True,True,[''],0.0,empty,12,13,4.1624996811151505e-05
gemini_2_5_flash,HILL_CLIMBING,username_category,empty,22,True,True,[''],0.0,empty,51,52,0.0001294170506298542
gemini_2_5_flash,HILL_CLIMBING,username_category,empty,23,True,True,[''],0.0,empty,34,35,9.92080895230174e-05
gemini_2_5_flash,HILL_CLIMBING,username_category,empty,24,True,True,[''],0.0,empty,6,7,2.0709005184471607e-05
gemini_2_5_flash,HILL_CLIMBING,username_category,empty,25,True,True,[''],0.0,empty,28,29,8.270808029919863e-05
gemini_2_5_flash,HILL_CLIMBING,username_category,empty,26,True,True,[''],0.0,empty,6,7,2.4165958166122437e-05
gemini_2_5_flash,HILL_CLIMBING,username_category,empty,27,True,True,[''],0.0,empty,16,17,4.6874978579580784e-05
gemini_2_5_flash,HILL_CLIMBING,username_category,empty,28,True,True,[''],0.0,empty,19,20,5.508307367563248e-05
gemini_2_5_flash,HILL_CLIMBING,username_category,empty,29,True,True,[''],0.0,empty,53,54,0.0001356248976662755
gemini_2_5_flash,HILL_CLIMBING,username_category,too_short,0,True,True,['n'],0.0,too_short,0,1,4.58303838968277e-06
gemini_2_5_flash,HILL_CLIMBING,username_category,too_short,1,True,True,['2RP8'],0.0,too_short,1,2,9.167008101940155e-06
gemini_2_5_flash,HILL_CLIMBING,username_category,too_short,2,True,True,['TZ'],0.0,too_short,0,1,4.00003045797348e-06
gemini_2_5_flash,HILL_CLIMBING,username_category,too_short,3,True,True,['vpuj'],0.0,too_short,10,11,4.070904105901718e-05
gemini_2_5_flash,HILL_CLIMBING,username_category,too_short,4,True,True,['2aEM'],0.0,too_short,7,8,2.4667009711265564e-05
gemini_2_5_flash,HILL_CLIMBING,username_category,too_short,5,True,True,['Vw9F'],0.0,too_short,44,45,0.00012812507338821888
gemini_2_5_flash,HILL_CLIMBING,username_category,too_short,6,True,True,['w'],0.0,too_short,1,2,7.2910916060209274e-06
gemini_2_5_flash,HILL_CLIMBING,username_category,too_short,7,True,True,['gpNC'],0.0,too_short,28,29,9.012501686811447e-05
gemini_2_5_flash,HILL_CLIMBING,username_category,too_short,8,True,True,['hh6r'],0.0,too_short,31,32,9.67500964179635e-05
gemini_2_5_flash,HILL_CLIMBING,username_category,too_short,9,True,True,['w022'],0.0,too_short,10,11,3.466696944087744e-05
gemini_2_5_flash,HILL_CLIMBING,username_category,too_short,10,True,True,['2lBb'],0.0,too_short,27,28,7.924996316432953e-05
gemini_2_5_flash,HILL_CLIMBING,username_category,too_short,11,True,True,['3pg'],0.0,too_short,0,1,4.500034265220165e-06
gemini_2_5_flash,HILL_CLIMBING,username_category,too_short,12,True,True,['qICi'],0.0,too_short,12,13,4.349998198449612e-05
gemini_2_5_flash,HILL_CLIMBING,username_category,too_short,13,True,True,['PvZT'],0.0,too_short,13,14,4.2708939872682095e-05
gemini_2_5_flash,HILL_CLIMBING,username_category,too_short,14,True,True,['lG7S'],0.0,too_short,8,9,3.1125033274292946e-05
gemini_2_5_flash,HILL_CLIMBING,username_category,too_short,15,True,True,['AJXF'],0.0,too_short,26,27,7.933296728879213e-05
gemini_2_5_flash,HILL_CLIMBING,username_category,too_short,16,True,True,['U9j4'],0.0,too_short,24,25,7.499998901039362e-05
gemini_2_5_flash,HILL_CLIMBING,username_category,too_short,17,True,True,['wZF1'],0.0,too_short,11,12,4.108401481062174e-05
gemini_2_5_flash,HILL_CLIMBING,username_category,too_short,18,True,True,['Eqnb'],0.0,too_short,4,5,1.6874982975423336e-05
gemini_2_5_flash,HILL_CLIMBING,username_category,too_short,19,True,True,['Y07L'],0.0,too_short,5,6,2.2082938812673092e-05
gemini_2_5_flash,HILL_CLIMBING,username_category,too_short,20,True,True,['0'],0.0,too_short,0,1,4.124944098293781e-06
gemini_2_5_flash,HILL_CLIMBING,username_category,too_short,21,True,True,['10zL'],0.0,too_short,0,1,4.624947905540466e-06
gemini_2_5_flash,HILL_CLIMBING,username_category,too_short,22,True,True,['sVJV'],0.0,too_short,5,6,1.9291997887194157e-05
gemini_2_5_flash,HILL_CLIMBING,username_category,too_short,23,True,True,['Zgd7'],0.0,too_short,26,27,7.166701834648848e-05
gemini_2_5_flash,HILL_CLIMBING,username_category,too_short,24,True,True,['LYwR'],0.0,too_short,14,15,4.662491846829653e-05
gemini_2_5_flash,HILL_CLIMBING,username_category,too_short,25,True,True,['LJSp'],0.0,too_short,13,14,4.091695882380009e-05
gemini_2_5_flash,HILL_CLIMBING,username_category,too_short,26,True,True,['AC05'],0.0,too_short,8,9,3.312493208795786e-05
gemini_2_5_flash,HILL_CLIMBING,username_category,too_short,27,True,True,['A4Po'],0.0,too_short,14,15,5.020794924348593e-05
gemini_2_5_flash,HILL_CLIMBING,username_category,too_short,28,True,True,['0C3P'],0.0,too_short,14,15,4.595797508955002e-05
gemini_2_5_flash,HILL_CLIMBING,username_category,too_short,29,True,True,['ksvH'],0.0,too_short,15,16,5.1875016652047634e-05
gemini_2_5_flash,HILL_CLIMBING,username_category,starts_with_digit,0,True,True,['51XTd2vImIBryI'],0.0,starts_with_digit,145,146,0.000434375018812716
gemini_2_5_flash,HILL_CLIMBING,username_category,starts_with_digit,1,True,True,['6vcT7'],0.0,starts_with_digit,9,10,3.1667063012719154e-05
gemini_2_5_flash,HILL_CLIMBING,username_category,starts_with_digit,2,True,True,['4hFwcZZyN'],0.0,starts_with_digit,0,1,5.790963768959045e-06
gemini_2_5_flash,HILL_CLIMBING,username_category,starts_with_digit,3,True,True,['2BSANDhB'],0.0,starts_with_digit,205,206,0.0005747500108554959
gemini_2_5_flash,HILL_CLIMBING,username_category,starts_with_digit,4,True,True,['7lkk48U0'],0.0,starts_with_digit,51,52,0.00017004203982651234
gemini_2_5_flash,HILL_CLIMBING,username_category,starts_with_digit,5,True,True,['4tKWW'],0.0,starts_with_digit,26,27,7.583398837596178e-05
gemini_2_5_flash,HILL_CLIMBING,username_category,starts_with_digit,6,True,True,['6HqxP82sE89v'],0.0,starts_with_digit,90,91,0.00025200005620718
gemini_2_5_flash,HILL_CLIMBING,username_category,starts_with_digit,7,True,True,['8lQ3J4'],0.0,starts_with_digit,0,1,5.08397351950407e-06
gemini_2_5_flash,HILL_CLIMBING,username_category,starts_with_digit,8,True,True,['8rG1iVYnEi'],0.0,starts_with_digit,0,1,5.749985575675964e-06
gemini_2_5_flash,HILL_CLIMBING,username_category,starts_with_digit,9,True,True,['8r6bHsrS'],0.0,starts_with_digit,172,173,0.0004956250777468085
gemini_2_5_flash,HILL_CLIMBING,username_category,starts_with_digit,10,True,True,['59GQOTz1ZJk2l'],0.0,starts_with_digit,178,179,0.0004849169636145234
gemini_2_5_flash,HILL_CLIMBING,username_category,starts_with_digit,11,True,True,['57w8wATlCUbJR'],0.0,starts_with_digit,95,96,0.0002761250361800194
gemini_2_5_flash,HILL_CLIMBING,username_category,starts_with_digit,12,True,True,['8JXx1'],0.0,starts_with_digit,20,21,6.200000643730164e-05
gemini_2_5_flash,HILL_CLIMBING,username_category,starts_with_digit,13,True,True,['1joRGf7b7'],0.0,starts_with_digit,17,18,5.708308890461922e-05
gemini_2_5_flash,HILL_CLIMBING,username_category,starts_with_digit,14,True,True,['5TFpWKdb5PnY'],0.0,starts_with_digit,54,55,0.00017224997282028198
gemini_2_5_flash,HILL_CLIMBING,username_category,starts_with_digit,15,True,True,['4rMXrCc'],0.0,starts_with_digit,32,33,9.254098404198885e-05
gemini_2_5_flash,HILL_CLIMBING,username_category,starts_with_digit,16,True,True,['6JdAvhdB3msx'],0.0,starts_with_digit,176,177,0.0005004579434171319
gemini_2_5_flash,HILL_CLIMBING,username_category,starts_with_digit,17,True,True,['7VdNRWwn'],0.0,starts_with_digit,275,276,0.0007565419655293226
gemini_2_5_flash,HILL_CLIMBING,username_category,starts_with_digit,18,True,True,['7Mq5R5rQm'],0.0,starts_with_digit,51,52,0.00016145803965628147
gemini_2_5_flash,HILL_CLIMBING,username_category,starts_with_digit,19,True,True,['8cPtIF4T'],0.0,starts_with_digit,0,1,5.416921339929104e-06
gemini_2_5_flash,HILL_CLIMBING,username_category,starts_with_digit,20,True,True,['5qy6ZGA'],0.0,starts_with_digit,13,14,4.941702354699373e-05
gemini_2_5_flash,HILL_CLIMBING,username_category,starts_with_digit,21,True,True,['8xxIW'],0.0,starts_with_digit,12,13,3.674998879432678e-05
gemini_2_5_flash,HILL_CLIMBING,username_category,starts_with_digit,22,True,True,['7Qcr0'],0.0,starts_with_digit,99,100,0.0002722919452935457
gemini_2_5_flash,HILL_CLIMBING,username_category,starts_with_digit,23,True,True,['6HErl'],0.0,starts_with_digit,93,94,0.0002590419026091695
gemini_2_5_flash,HILL_CLIMBING,username_category,starts_with_digit,24,True,True,['433tAhTJ'],0.0,starts_with_digit,26,27,7.90830235928297e-05
gemini_2_5_flash,HILL_CLIMBING,username_category,starts_with_digit,25,True,True,['7U6C04A6'],0.0,starts_with_digit,60,61,0.00016887497622519732
gemini_2_5_flash,HILL_CLIMBING,username_category,starts_with_digit,26,True,True,['5KiGZP5QrP'],0.0,starts_with_digit,12,13,4.3749925680458546e-05
gemini_2_5_flash,HILL_CLIMBING,username_category,starts_with_digit,27,True,True,['6lNUZ'],0.0,starts_with_digit,246,247,0.000692834029905498
gemini_2_5_flash,HILL_CLIMBING,username_category,starts_with_digit,28,True,True,['1KYNU1uXfK97JPg'],0.0,starts_with_digit,0,1,6.749993190169334e-06
gemini_2_5_flash,HILL_CLIMBING,username_category,starts_with_digit,29,True,True,['7VtyHX7'],0.0,starts_with_digit,0,1,4.500034265220165e-06
gemini_2_5_flash,HILL_CLIMBING,username_category,strong_username,0,False,False,['CzEIxtt4hP'],1.0,,21,8082,0.02361079107504338
gemini_2_5_flash,HILL_CLIMBING,username_category,strong_username,1,False,False,['V2RR653r2b'],1.0,,13,8082,0.023174041998572648
gemini_2_5_flash,HILL_CLIMBING,username_category,strong_username,2,False,False,['Br7gM229Ds'],1.0,,10,8082,0.02331149997189641
gemini_2_5_flash,HILL_CLIMBING,username_category,strong_username,3,False,False,['l96JLECUe8'],1.0,,16,8082,0.023190082982182503
gemini_2_5_flash,HILL_CLIMBING,username_category,strong_username,4,False,False,['TBUtMnPFmSE0'],1.0,,5,8082,0.02330929203890264
gemini_2_5_flash,HILL_CLIMBING,username_category,strong_username,5,False,False,['RoqcN3AUmG'],1.0,,21,8082,0.023528957972303033
gemini_2_5_flash,HILL_CLIMBING,username_category,strong_username,6,False,False,['W5kZ5HgwS9'],1.0,,21,8082,0.023318708990700543
gemini_2_5_flash,HILL_CLIMBING,username_category,strong_username,7,False,False,['NS5mbztsXL'],1.0,,2,8082,0.02329670893959701
gemini_2_5_flash,HILL_CLIMBING,username_category,strong_username,8,False,False,['C1ZgEwcbvqkH'],1.0,,0,8082,0.023435709066689014
gemini_2_5_flash,HILL_CLIMBING,username_category,strong_username,9,False,False,['mZVPkVL9uBa'],1.0,,39,8082,0.023492750013247132
gemini_2_5_flash,HILL_CLIMBING,username_category,strong_username,10,False,False,['u9Otyz9Ib5'],1.0,,27,8082,0.023437083000317216
gemini_2_5_flash,HILL_CLIMBING,username_category,strong_username,11,False,False,['Q480eYT9dAqcjKA'],1.0,,0,8082,0.023265792056918144
gemini_2_5_flash,HILL_CLIMBING,username_category,strong_username,12,False,False,['uIUmYksgpR7'],1.0,,2,8082,0.023284874972887337
gemini_2_5_flash,HILL_CLIMBING,username_category,strong_username,13,False,False,['Sckmd50mee'],1.0,,9,8082,0.023389333044178784
gemini_2_5_flash,HILL_CLIMBING,username_category,strong_username,14,False,False,['d1zYPFVCXc'],1.0,,33,8082,0.02327450003940612
gemini_2_5_flash,HILL_CLIMBING,username_category,strong_username,15,False,False,['n4VF2R3MH4EPa'],1.0,,0,8082,0.023257415974512696
gemini_2_5_flash,HILL_CLIMBING,username_category,strong_username,16,False,False,['NelsSgLAaO7'],1.0,,9,8082,0.02330912498291582
gemini_2_5_flash,HILL_CLIMBING,username_category,strong_username,17,False,False,['bFCxUre3AY'],1.0,,5,8082,0.023353583994321525
gemini_2_5_flash,HILL_CLIMBING,username_category,strong_username,18,False,False,['AXWtaNxQ1avX'],1.0,,19,8082,0.02333854208700359
gemini_2_5_flash,HILL_CLIMBING,username_category,strong_username,19,False,False,['YR0pkvTpvX'],1.0,,19,8082,0.023436249932274222
gemini_2_5_flash,HILL_CLIMBING,username_category,strong_username,20,False,False,['Ve5lmhnUOU'],1.0,,27,8082,0.023523458978161216
gemini_2_5_flash,HILL_CLIMBING,username_category,strong_username,21,False,False,['VrPGaM8Xqb'],1.0,,11,8082,0.023776624933816493
gemini_2_5_flash,HILL_CLIMBING,username_category,strong_username,22,False,False,['EDkYZ4X7EBI'],1.0,,0,8082,0.02330833300948143
gemini_2_5_flash,HILL_CLIMBING,username_category,strong_username,23,False,False,['Y6s5XCZ3CJ'],1.0,,17,8082,0.023233083076775074
gemini_2_5_flash,HILL_CLIMBING,username_category,strong_username,24,False,False,['csyme9nU5Q'],1.0,,27,8082,0.023228416102938354
gemini_2_5_flash,HILL_CLIMBING,username_category,strong_username,25,False,False,['oWsIy6pYHQ'],1.0,,9,8082,0.023317040991969407
gemini_2_5_flash,HILL_CLIMBING,username_category,strong_username,26,False,False,['nMQK1wRmp9'],1.0,,13,8082,0.023312582983635366
gemini_2_5_flash,HILL_CLIMBING,username_category,strong_username,27,False,False,['whqaMdKv6M'],1.0,,0,8082,0.023511416045948863
gemini_2_5_flash,HILL_CLIMBING,username_category,strong_username,28,False,False,['QnN4TZbUzAuNt'],1.0,,0,8082,0.023306166986003518
gemini_2_5_flash,HILL_CLIMBING,username_category,strong_username,29,False,False,['civWy7LyIV'],1.0,,9,8082,0.023383792024105787
gemini_2_5_flash,HILL_CLIMBING,username_category,medium_username,0,True,True,['XL0euR'],0.0,medium_username,12,13,4.9958936870098114e-05
gemini_2_5_flash,HILL_CLIMBING,username_category,medium_username,1,True,True,['LBsZzg1'],0.0,medium_username,14,15,5.133403465151787e-05
gemini_2_5_flash,HILL_CLIMBING,username_category,medium_username,2,True,True,['UtIfP8'],0.0,medium_username,7,8,3.0166935175657272e-05
gemini_2_5_flash,HILL_CLIMBING,username_category,medium_username,3,True,True,['IjNfU7MhbuP4Z'],0.0,medium_username,7,8,3.183400258421898e-05
gemini_2_5_flash,HILL_CLIMBING,username_category,medium_username,4,True,True,['Wbvp9'],0.0,medium_username,2,3,1.2167030945420265e-05
gemini_2_5_flash,HILL_CLIMBING,username_category,medium_username,5,True,True,['I2pYq'],0.0,medium_username,16,17,5.195802077651024e-05
gemini_2_5_flash,HILL_CLIMBING,username_category,medium_username,6,True,True,['FpRAFkuPG2'],0.0,medium_username,1,2,1.066701952368021e-05
gemini_2_5_flash,HILL_CLIMBING,username_category,medium_username,7,True,True,['K0pr9e'],0.0,medium_username,0,1,5.541951395571232e-06
gemini_2_5_flash,HILL_CLIMBING,username_category,medium_username,8,True,True,['k9oYdXE5Z9'],0.0,medium_username,0,1,5.582929588854313e-06
gemini_2_5_flash,HILL_CLIMBING,username_category,medium_username,9,True,True,['Bj2ztsEAAKM'],0.0,medium_username,3,4,1.8915976397693157e-05
gemini_2_5_flash,HILL_CLIMBING,username_category,medium_username,10,True,True,['ur0EUYT0F'],0.0,medium_username,0,1,6.2909675762057304e-06
gemini_2_5_flash,HILL_CLIMBING,username_category,medium_username,11,True,True,['cBPHU6CwgNuiH'],0.0,medium_username,0,1,6.124959327280521e-06
gemini_2_5_flash,HILL_CLIMBING,username_category,medium_username,12,True,True,['Pni67SheqDiHgl'],0.0,medium_username,0,1,6.58305361866951e-06
gemini_2_5_flash,HILL_CLIMBING,username_category,medium_username,13,True,True,['w79Uu'],0.0,medium_username,11,12,4.291697405278683e-05
gemini_2_5_flash,HILL_CLIMBING,username_category,medium_username,14,True,True,['mkhUoZmoJy7t6t'],0.0,medium_username,0,1,7.3750270530581474e-06
gemini_2_5_flash,HILL_CLIMBING,username_category,medium_username,15,True,True,['rTyEF2'],0.0,medium_username,15,16,5.437491927295923e-05
gemini_2_5_flash,HILL_CLIMBING,username_category,medium_username,16,True,True,['u8IMb'],0.0,medium_username,11,12,4.070799332112074e-05
gemini_2_5_flash,HILL_CLIMBING,username_category,medium_username,17,True,True,['OyNa0rBfkM'],0.0,medium_username,0,1,6.167101673781872e-06
gemini_2_5_flash,HILL_CLIMBING,username_category,medium_username,18,True,True,['jf8z6s5LooOQm1t'],0.0,medium_username,0,1,7.250113412737846e-06
gemini_2_5_flash,HILL_CLIMBING,username_category,medium_username,19,True,True,['plD8BGGWyJSDS'],0.0,medium_username,18,19,6.870902143418789e-05
gemini_2_5_flash,HILL_CLIMBING,username_category,medium_username,20,True,True,['pmB5L'],0.0,medium_username,8,9,3.1208968721330166e-05
gemini_2_5_flash,HILL_CLIMBING,username_category,medium_username,21,True,True,['OYGli6QK3'],0.0,medium_username,0,1,6.249989382922649e-06
gemini_2_5_flash,HILL_CLIMBING,username_category,medium_username,22,True,True,['W00B2wVAt0'],0.0,medium_username,1,2,1.0499963536858559e-05
gemini_2_5_flash,HILL_CLIMBING,username_category,medium_username,23,True,True,['Nfjw9nBNgJZkAJ'],0.0,medium_username,0,1,6.916932761669159e-06
gemini_2_5_flash,HILL_CLIMBING,username_category,medium_username,24,True,True,['mlmZX81Ysy1KO'],0.0,medium_username,0,1,6.792019121348858e-06
gemini_2_5_flash,HILL_CLIMBING,username_category,medium_username,25,True,True,['fTRXV3'],0.0,medium_username,16,17,5.76250022277236e-05
gemini_2_5_flash,HILL_CLIMBING,username_category,medium_username,26,True,True,['VUwePe0'],0.0,medium_username,18,19,6.191595457494259e-05
gemini_2_5_flash,HILL_CLIMBING,username_category,medium_username,27,True,True,['VG2SqyrW'],0.0,medium_username,0,1,5.667097866535187e-06
gemini_2_5_flash,HILL_CLIMBING,username_category,medium_username,28,True,True,['E7tjkN9sE0m'],0.0,medium_username,7,8,3.116601146757603e-05
gemini_2_5_flash,HILL_CLIMBING,username_category,medium_username,29,True,True,['zzWt9'],0.0,medium_username,7,8,2.7084024623036385e-05
gemini_2_5_flash,HILL_CLIMBING,username_category,weak_username,0,True,True,['dXNUuewJBhO'],0.0,weak_username,0,1,7.125083357095718e-06
gemini_2_5_flash,HILL_CLIMBING,username_category,weak_username,1,True,True,['QUXsVjzC'],0.0,weak_username,19,20,6.750004831701517e-05
gemini_2_5_flash,HILL_CLIMBING,username_category,weak_username,2,True,True,['z37n3'],0.0,weak_username,20,21,6.912497337907553e-05
gemini_2_5_flash,HILL_CLIMBING,username_category,weak_username,3,True,True,['q8u78ae'],0.0,weak_username,27,28,9.204098023474216e-05
gemini_2_5_flash,HILL_CLIMBING,username_category,weak_username,4,True,True,['GVlmRQRLGetoPsM'],0.0,weak_username,0,1,7.292022928595543e-06
gemini_2_5_flash,HILL_CLIMBING,username_category,weak_username,5,True,True,['jUCYq'],0.0,weak_username,9,10,3.141607157886028e-05
gemini_2_5_flash,HILL_CLIMBING,username_category,weak_username,6,True,True,['jGQjx'],0.0,weak_username,11,12,3.854196984320879e-05
gemini_2_5_flash,HILL_CLIMBING,username_category,weak_username,7,True,True,['av353'],0.0,weak_username,112,113,0.0003449579235166311
gemini_2_5_flash,HILL_CLIMBING,username_category,weak_username,8,True,True,['HiKCG'],0.0,weak_username,3,4,1.5291967429220676e-05
gemini_2_5_flash,HILL_CLIMBING,username_category,weak_username,9,True,True,['bWdufLKrXXu'],0.0,weak_username,21,22,7.658300455659628e-05
gemini_2_5_flash,HILL_CLIMBING,username_category,weak_username,10,True,True,['giXinrW'],0.0,weak_username,0,1,5.749985575675964e-06
gemini_2_5_flash,HILL_CLIMBING,username_category,weak_username,11,True,True,['icsuFhrmQkVT'],0.0,weak_username,7,8,3.4542055800557137e-05
gemini_2_5_flash,HILL_CLIMBING,username_category,weak_username,12,True,True,['GQrol'],0.0,weak_username,0,1,5.166046321392059e-06
gemini_2_5_flash,HILL_CLIMBING,username_category,weak_username,13,True,True,['MYoNO'],0.0,weak_username,10,11,3.7416000850498676e-05
gemini_2_5_flash,HILL_CLIMBING,username_category,weak_username,14,True,True,['QFdLFY'],0.0,weak_username,66,67,0.00021249998826533556
gemini_2_5_flash,HILL_CLIMBING,username_category,weak_username,15,True,True,['YushmQi'],0.0,weak_username,19,20,6.529106758534908e-05
gemini_2_5_flash,HILL_CLIMBING,username_category,weak_username,16,True,True,['FfsQxT'],0.0,weak_username,38,39,0.0001231660135090351
gemini_2_5_flash,HILL_CLIMBING,username_category,weak_username,17,True,True,['STaUMykwU'],0.0,weak_username,1,2,1.0458054021000862e-05
gemini_2_5_flash,HILL_CLIMBING,username_category,weak_username,18,True,True,['zcb7a'],0.0,weak_username,5,6,2.3417058400809765e-05
gemini_2_5_flash,HILL_CLIMBING,username_category,weak_username,19,True,True,['ugQogIILn'],0.0,weak_username,7,8,3.216695040464401e-05
gemini_2_5_flash,HILL_CLIMBING,username_category,weak_username,20,True,True,['qZhQtqB'],0.0,weak_username,0,1,5.542067810893059e-06
gemini_2_5_flash,HILL_CLIMBING,username_category,weak_username,21,True,True,['BGmlWywQdDLDI'],0.0,weak_username,16,17,6.287498399615288e-05
gemini_2_5_flash,HILL_CLIMBING,username_category,weak_username,22,True,True,['wdfSJ'],0.0,weak_username,13,14,4.470907151699066e-05
gemini_2_5_flash,HILL_CLIMBING,username_category,weak_username,23,True,True,['jSjVw'],0.0,weak_username,1,2,9.08400397747755e-06
gemini_2_5_flash,HILL_CLIMBING,username_category,weak_username,24,True,True,['OjFtwdTmMOj'],0.0,weak_username,91,92,0.0002972499933093786
gemini_2_5_flash,HILL_CLIMBING,username_category,weak_username,25,True,True,['GCWUz'],0.0,weak_username,6,7,2.3833010345697403e-05
gemini_2_5_flash,HILL_CLIMBING,username_category,weak_username,26,True,True,['ZwgUwkEDcnMdLFs'],0.0,weak_username,19,20,6.9458968937397e-05
gemini_2_5_flash,HILL_CLIMBING,username_category,weak_username,27,True,True,['Rdxxx'],0.0,weak_username,29,30,0.00010008295066654682
gemini_2_5_flash,HILL_CLIMBING,username_category,weak_username,28,True,True,['hByRO'],0.0,weak_username,7,8,2.6958994567394257e-05
gemini_2_5_flash,HILL_CLIMBING,username_category,weak_username,29,True,True,['VsoPKF'],0.0,weak_username,35,36,0.00010741699952632189
