model,method,function_name,target,run_id,found,validated,best_chromosome,best_fitness,reached_branch,generation,evaluations,runtime
meta_llama_llama_4_scout_17b_16e_instruct,RANDOM,bmi_category,invalid_height,0,False,False,"[79.58176769343267, 1.0041995443649196]",1.0041995443649196,,0,1000,0.0008457909571006
meta_llama_llama_4_scout_17b_16e_instruct,RANDOM,bmi_category,invalid_height,1,False,False,"[144.7076303260023, 1.0039141599665573]",1.0039141599665573,,0,1000,0.0008124170126393
meta_llama_llama_4_scout_17b_16e_instruct,RANDOM,bmi_category,invalid_height,2,False,False,"[156.58589078274176, 1.00071302717839]",1.00071302717839,,0,1000,0.0008030839962884
meta_llama_llama_4_scout_17b_16e_instruct,RANDOM,bmi_category,invalid_height,3,False,False,"[34.36093606357025, 1.0007442884505227]",1.0007442884505229,,0,1000,0.0008222500327974
meta_llama_llama_4_scout_17b_16e_instruct,RANDOM,bmi_category,invalid_height,4,False,False,"[184.44705696976334, 1.0003447841834425]",1.0003447841834423,,0,1000,0.0008083750726655
meta_llama_llama_4_scout_17b_16e_instruct,RANDOM,bmi_category,invalid_height,5,False,False,"[174.74581180105736, 1.0019083486173557]",1.0019083486173557,,0,1000,0.0008286249358206
meta_llama_llama_4_scout_17b_16e_instruct,RANDOM,bmi_category,invalid_height,6,False,False,"[46.36357704537072, 1.0004370940640361]",1.000437094064036,,0,1000,0.000776374945417
meta_llama_llama_4_scout_17b_16e_instruct,RANDOM,bmi_category,invalid_height,7,False,False,"[53.091022054208516, 1.0001379333795124]",1.0001379333795124,,0,1000,0.0007501669460907
meta_llama_llama_4_scout_17b_16e_instruct,RANDOM,bmi_category,invalid_height,8,False,False,"[146.31654374740322, 1.0002318368994154]",1.0002318368994154,,0,1000,0.000749583938159
meta_llama_llama_4_scout_17b_16e_instruct,RANDOM,bmi_category,invalid_height,9,False,False,"[148.6632151627121, 1.0033134189374755]",1.0033134189374755,,0,1000,0.0007518329657614
meta_llama_llama_4_scout_17b_16e_instruct,RANDOM,bmi_category,invalid_height,10,False,False,"[68.27251464469026, 1.0004660524894544]",1.0004660524894544,,0,1000,0.0007561669917777
meta_llama_llama_4_scout_17b_16e_instruct,RANDOM,bmi_category,invalid_height,11,False,False,"[82.28059443588107, 1.0003731208466136]",1.0003731208466136,,0,1000,0.0007529170252382
meta_llama_llama_4_scout_17b_16e_instruct,RANDOM,bmi_category,invalid_height,12,False,False,"[124.35587104815723, 1.0006934903383122]",1.0006934903383122,,0,1000,0.0007496250327676
meta_llama_llama_4_scout_17b_16e_instruct,RANDOM,bmi_category,invalid_height,13,False,False,"[169.10754522458163, 1.002309868873522]",1.002309868873522,,0,1000,0.0007491669384762
meta_llama_llama_4_scout_17b_16e_instruct,RANDOM,bmi_category,invalid_height,14,False,False,"[179.98943690660926, 1.001645629451187]",1.001645629451187,,0,1000,0.0007171249017119
meta_llama_llama_4_scout_17b_16e_instruct,RANDOM,bmi_category,invalid_height,15,False,False,"[24.02744911743868, 1.0004063397536131]",1.0004063397536131,,0,1000,0.0007132079917937
meta_llama_llama_4_scout_17b_16e_instruct,RANDOM,bmi_category,invalid_height,16,False,False,"[173.5303849833715, 1.001553815667393]",1.001553815667393,,0,1000,0.0007002919446676
meta_llama_llama_4_scout_17b_16e_instruct,RANDOM,bmi_category,invalid_height,17,False,False,"[141.8785555143994, 1.003042831916241]",1.003042831916241,,0,1000,0.0007075000321492
meta_llama_llama_4_scout_17b_16e_instruct,RANDOM,bmi_category,invalid_height,18,False,False,"[152.25806445037847, 1.000589034659429]",1.000589034659429,,0,1000,0.0007074999157339
meta_llama_llama_4_scout_17b_16e_instruct,RANDOM,bmi_category,invalid_height,19,False,False,"[141.25633848965066, 1.0038003342920567]",1.0038003342920567,,0,1000,0.0007060000207275
meta_llama_llama_4_scout_17b_16e_instruct,RANDOM,bmi_category,invalid_height,20,False,False,"[71.09265845567617, 1.0019954989467215]",1.0019954989467217,,0,1000,0.0007033749716356
meta_llama_llama_4_scout_17b_16e_instruct,RANDOM,bmi_category,invalid_height,21,False,False,"[173.03362511189692, 1.0007648782076237]",1.0007648782076235,,0,1000,0.000702999997884
meta_llama_llama_4_scout_17b_16e_instruct,RANDOM,bmi_category,invalid_height,22,False,False,"[21.978187405328125, 1.0032078729703977]",1.0032078729703977,,0,1000,0.0006764170248061
meta_llama_llama_4_scout_17b_16e_instruct,RANDOM,bmi_category,invalid_height,23,False,False,"[116.18971339229302, 1.0063396471931427]",1.0063396471931427,,0,1000,0.0006643750239163
meta_llama_llama_4_scout_17b_16e_instruct,RANDOM,bmi_category,invalid_height,24,False,False,"[61.56761459336279, 1.000082181926602]",1.000082181926602,,0,1000,0.0006691250018775
meta_llama_llama_4_scout_17b_16e_instruct,RANDOM,bmi_category,invalid_height,25,False,False,"[175.8979134249282, 1.0002662405771288]",1.0002662405771288,,0,1000,0.0006733749760314
meta_llama_llama_4_scout_17b_16e_instruct,RANDOM,bmi_category,invalid_height,26,False,False,"[22.525857810604222, 1.0003209537032656]",1.0003209537032656,,0,1000,0.0006806249730288
meta_llama_llama_4_scout_17b_16e_instruct,RANDOM,bmi_category,invalid_height,27,False,False,"[80.93316127054325, 1.0007966034671214]",1.0007966034671214,,0,1000,0.0006647499976679
meta_llama_llama_4_scout_17b_16e_instruct,RANDOM,bmi_category,invalid_height,28,False,False,"[84.00761704739473, 1.0008337375066998]",1.0008337375066998,,0,1000,0.0006710829911753
meta_llama_llama_4_scout_17b_16e_instruct,RANDOM,bmi_category,invalid_height,29,False,False,"[129.2620955708975, 1.0006429417175622]",1.0006429417175622,,0,1000,0.0006697919452562
meta_llama_llama_4_scout_17b_16e_instruct,RANDOM,bmi_category,normal,0,True,True,"[84.77581957669888, 1.862240489298463]",0.0,normal,0,8,8.082948625087738e-06
meta_llama_llama_4_scout_17b_16e_instruct,RANDOM,bmi_category,normal,1,True,True,"[79.40814642653339, 1.9360038276056566]",0.0,normal,0,15,1.2874952517449856e-05
meta_llama_llama_4_scout_17b_16e_instruct,RANDOM,bmi_category,normal,2,True,True,"[108.62262262288222, 2.1007154815414486]",0.0,normal,0,10,8.416944183409214e-06
meta_llama_llama_4_scout_17b_16e_instruct,RANDOM,bmi_category,normal,3,True,True,"[91.7437576505526, 2.1692892021230668]",0.0,normal,0,3,3.749970346689224e-06
meta_llama_llama_4_scout_17b_16e_instruct,RANDOM,bmi_category,normal,4,True,True,"[99.68396211018452, 2.0244142436448564]",0.0,normal,0,14,1.1459109373390676e-05
meta_llama_llama_4_scout_17b_16e_instruct,RANDOM,bmi_category,normal,5,True,True,"[79.54025560531635, 2.0259241095822915]",0.0,normal,0,4,4.250090569257736e-06
meta_llama_llama_4_scout_17b_16e_instruct,RANDOM,bmi_category,normal,6,True,True,"[63.535609794841676, 1.8011562606632299]",0.0,normal,0,4,4.332978278398514e-06
meta_llama_llama_4_scout_17b_16e_instruct,RANDOM,bmi_category,normal,7,True,True,"[145.56727830282216, 2.4629199256423675]",0.0,normal,0,9,7.707974873483181e-06
meta_llama_llama_4_scout_17b_16e_instruct,RANDOM,bmi_category,normal,8,True,True,"[142.82643525536218, 2.4699917999205327]",0.0,normal,0,4,4.208064638078213e-06
meta_llama_llama_4_scout_17b_16e_instruct,RANDOM,bmi_category,normal,9,True,True,"[79.58801022233652, 1.8131146941218321]",0.0,normal,0,4,4.29095234721899e-06
meta_llama_llama_4_scout_17b_16e_instruct,RANDOM,bmi_category,normal,10,True,True,"[57.25311449709091, 1.5729654213542625]",0.0,normal,0,9,8.00006091594696e-06
meta_llama_llama_4_scout_17b_16e_instruct,RANDOM,bmi_category,normal,11,True,True,"[109.38927729535068, 2.290748463358142]",0.0,normal,0,5,4.958012141287327e-06
meta_llama_llama_4_scout_17b_16e_instruct,RANDOM,bmi_category,normal,12,True,True,"[56.3085972987388, 1.5348717493792357]",0.0,normal,0,2,2.666027285158634e-06
meta_llama_llama_4_scout_17b_16e_instruct,RANDOM,bmi_category,normal,13,True,True,"[74.0703481713532, 1.7966438538557525]",0.0,normal,0,1,2.084067091345787e-06
meta_llama_llama_4_scout_17b_16e_instruct,RANDOM,bmi_category,normal,14,True,True,"[123.65762736854572, 2.447029072815849]",0.0,normal,0,6,5.707959644496441e-06
meta_llama_llama_4_scout_17b_16e_instruct,RANDOM,bmi_category,normal,15,True,True,"[104.66474860105116, 2.0801027042530142]",0.0,normal,0,10,8.666072972118855e-06
meta_llama_llama_4_scout_17b_16e_instruct,RANDOM,bmi_category,normal,16,True,True,"[89.92257075914988, 1.921980678385902]",0.0,normal,0,7,6.332993507385254e-06
meta_llama_llama_4_scout_17b_16e_instruct,RANDOM,bmi_category,normal,17,True,True,"[105.19473081705195, 2.3484859221289973]",0.0,normal,0,11,9.459094144403934e-06
meta_llama_llama_4_scout_17b_16e_instruct,RANDOM,bmi_category,normal,18,True,True,"[124.79559948132724, 2.2952092119937073]",0.0,normal,0,25,2.037500962615013e-05
meta_llama_llama_4_scout_17b_16e_instruct,RANDOM,bmi_category,normal,19,True,True,"[87.5304687374683, 2.0502509368829935]",0.0,normal,0,4,4.041008651256561e-06
meta_llama_llama_4_scout_17b_16e_instruct,RANDOM,bmi_category,normal,20,True,True,"[114.6917602139921, 2.295461197391138]",0.0,normal,0,2,2.7080532163381577e-06
meta_llama_llama_4_scout_17b_16e_instruct,RANDOM,bmi_category,normal,21,True,True,"[122.69210378964817, 2.26482033172386]",0.0,normal,0,11,8.874922059476376e-06
meta_llama_llama_4_scout_17b_16e_instruct,RANDOM,bmi_category,normal,22,True,True,"[65.12019832179041, 1.863170005113765]",0.0,normal,0,11,8.666887879371643e-06
meta_llama_llama_4_scout_17b_16e_instruct,RANDOM,bmi_category,normal,23,True,True,"[110.03829901774391, 2.212567273982436]",0.0,normal,0,20,1.4915945939719675e-05
meta_llama_llama_4_scout_17b_16e_instruct,RANDOM,bmi_category,normal,24,True,True,"[94.0646499626927, 2.1155900108488126]",0.0,normal,0,7,6.00004568696022e-06
meta_llama_llama_4_scout_17b_16e_instruct,RANDOM,bmi_category,normal,25,True,True,"[92.68275447282083, 1.9907231820828226]",0.0,normal,0,4,4.041939973831177e-06
meta_llama_llama_4_scout_17b_16e_instruct,RANDOM,bmi_category,normal,26,True,True,"[103.9250283260566, 2.1357733513691883]",0.0,normal,0,5,4.708999767899513e-06
meta_llama_llama_4_scout_17b_16e_instruct,RANDOM,bmi_category,normal,27,True,True,"[25.432146695557556, 1.1272284941376502]",0.0,normal,0,10,8.208910003304482e-06
meta_llama_llama_4_scout_17b_16e_instruct,RANDOM,bmi_category,normal,28,True,True,"[86.07462110326588, 2.0920547614085]",0.0,normal,0,26,1.8457998521625996e-05
meta_llama_llama_4_scout_17b_16e_instruct,RANDOM,bmi_category,normal,29,True,True,"[99.88229658024552, 2.0533779355402846]",0.0,normal,0,1,1.875101588666439e-06
meta_llama_llama_4_scout_17b_16e_instruct,RANDOM,bmi_category,obese,0,True,True,"[149.79854884765197, 1.1695267926255664]",0.0,obese,0,4,6.166985258460045e-06
meta_llama_llama_4_scout_17b_16e_instruct,RANDOM,bmi_category,obese,1,True,True,"[180.02083686414423, 1.323034488848368]",0.0,obese,0,2,2.834014594554901e-06
meta_llama_llama_4_scout_17b_16e_instruct,RANDOM,bmi_category,obese,2,True,True,"[142.1973039129108, 1.1111365736353662]",0.0,obese,0,1,1.9579892978072166e-06
meta_llama_llama_4_scout_17b_16e_instruct,RANDOM,bmi_category,obese,3,True,True,"[189.13017323059907, 1.219116808162418]",0.0,obese,0,2,2.7909409254789352e-06
meta_llama_llama_4_scout_17b_16e_instruct,RANDOM,bmi_category,obese,4,True,True,"[173.07761418990407, 1.2484386778256746]",0.0,obese,0,7,6.292015314102173e-06
meta_llama_llama_4_scout_17b_16e_instruct,RANDOM,bmi_category,obese,5,True,True,"[99.84138176273703, 1.7815258981664988]",0.0,obese,0,2,2.583954483270645e-06
meta_llama_llama_4_scout_17b_16e_instruct,RANDOM,bmi_category,obese,6,True,True,"[95.66487969261729, 1.4879528709852192]",0.0,obese,0,1,1.8329592421650889e-06
meta_llama_llama_4_scout_17b_16e_instruct,RANDOM,bmi_category,obese,7,True,True,"[88.7416165562169, 1.4124398973456214]",0.0,obese,0,1,1.874985173344612e-06
meta_llama_llama_4_scout_17b_16e_instruct,RANDOM,bmi_category,obese,8,True,True,"[90.01359194712023, 1.488738787689492]",0.0,obese,0,1,1.874985173344612e-06
meta_llama_llama_4_scout_17b_16e_instruct,RANDOM,bmi_category,obese,9,True,True,"[92.52770379702523, 1.4550844721658343]",0.0,obese,0,1,1.9170111045241356e-06
meta_llama_llama_4_scout_17b_16e_instruct,RANDOM,bmi_category,obese,10,True,True,"[179.88337351540002, 2.026088441251786]",0.0,obese,0,1,1.91607978194952e-06
meta_llama_llama_4_scout_17b_16e_instruct,RANDOM,bmi_category,obese,11,True,True,"[112.52070621503411, 1.0195018925421897]",0.0,obese,0,2,2.6670750230550766e-06
meta_llama_llama_4_scout_17b_16e_instruct,RANDOM,bmi_category,obese,12,True,True,"[81.3812287515546, 1.0237936153232219]",0.0,obese,0,1,1.874985173344612e-06
meta_llama_llama_4_scout_17b_16e_instruct,RANDOM,bmi_category,obese,13,True,True,"[188.63496063400214, 1.9465026324302919]",0.0,obese,0,1,1.874985173344612e-06
meta_llama_llama_4_scout_17b_16e_instruct,RANDOM,bmi_category,obese,14,True,True,"[108.61054736263407, 1.6095268136172385]",0.0,obese,0,2,2.624932676553726e-06
meta_llama_llama_4_scout_17b_16e_instruct,RANDOM,bmi_category,obese,15,True,True,"[173.96467891335377, 1.3456856483972492]",0.0,obese,0,1,1.8329592421650889e-06
meta_llama_llama_4_scout_17b_16e_instruct,RANDOM,bmi_category,obese,16,True,True,"[170.1729595205947, 1.4749344304266048]",0.0,obese,0,1,1.874985173344612e-06
meta_llama_llama_4_scout_17b_16e_instruct,RANDOM,bmi_category,obese,17,True,True,"[110.39308715313103, 1.4387100962178156]",0.0,obese,0,1,1.8329592421650889e-06
meta_llama_llama_4_scout_17b_16e_instruct,RANDOM,bmi_category,obese,18,True,True,"[163.27651596546664, 1.91791897553977]",0.0,obese,0,1,1.834006980061531e-06
meta_llama_llama_4_scout_17b_16e_instruct,RANDOM,bmi_category,obese,19,True,True,"[185.58567738515953, 1.2776881679136332]",0.0,obese,0,1,1.958920620381832e-06
meta_llama_llama_4_scout_17b_16e_instruct,RANDOM,bmi_category,obese,20,True,True,"[139.95736211907482, 1.5233891190286442]",0.0,obese,0,2,2.6669586077332497e-06
meta_llama_llama_4_scout_17b_16e_instruct,RANDOM,bmi_category,obese,21,True,True,"[130.48166298317227, 1.8907273269246914]",0.0,obese,0,4,4.208995960652828e-06
meta_llama_llama_4_scout_17b_16e_instruct,RANDOM,bmi_category,obese,22,True,True,"[109.2372032835486, 1.034350808319512]",0.0,obese,0,1,1.874985173344612e-06
meta_llama_llama_4_scout_17b_16e_instruct,RANDOM,bmi_category,obese,23,True,True,"[151.88381875884932, 1.3339105684502885]",0.0,obese,0,1,1.874985173344612e-06
meta_llama_llama_4_scout_17b_16e_instruct,RANDOM,bmi_category,obese,24,True,True,"[73.42879824661443, 1.0017070181821457]",0.0,obese,0,1,1.9170111045241356e-06
meta_llama_llama_4_scout_17b_16e_instruct,RANDOM,bmi_category,obese,25,True,True,"[189.1645451659412, 2.147899061178345]",0.0,obese,0,1,1.874985173344612e-06
meta_llama_llama_4_scout_17b_16e_instruct,RANDOM,bmi_category,obese,26,True,True,"[107.69338989050678, 1.7526629642679774]",0.0,obese,0,4,4.332978278398514e-06
meta_llama_llama_4_scout_17b_16e_instruct,RANDOM,bmi_category,obese,27,True,True,"[129.1567592287167, 1.609938970476072]",0.0,obese,0,2,2.7080532163381577e-06
meta_llama_llama_4_scout_17b_16e_instruct,RANDOM,bmi_category,obese,28,True,True,"[30.711137351041728, 1.001515345572439]",0.0,obese,0,4,4.166970029473305e-06
meta_llama_llama_4_scout_17b_16e_instruct,RANDOM,bmi_category,obese,29,True,True,"[83.29304202760346, 1.1113498934952282]",0.0,obese,0,1,1.915963366627693e-06
meta_llama_llama_4_scout_17b_16e_instruct,RANDOM,bmi_category,overweight,0,True,True,"[71.48443453605769, 1.5694680584437983]",0.0,overweight,0,6,5.833106115460396e-06
meta_llama_llama_4_scout_17b_16e_instruct,RANDOM,bmi_category,overweight,1,True,True,"[76.95863040502044, 1.712600595429056]",0.0,overweight,0,14,1.1208932846784592e-05
meta_llama_llama_4_scout_17b_16e_instruct,RANDOM,bmi_category,overweight,2,True,True,"[77.09480396588233, 1.6730824461964693]",0.0,overweight,0,7,6.207963451743126e-06
meta_llama_llama_4_scout_17b_16e_instruct,RANDOM,bmi_category,overweight,3,True,True,"[91.82397749549459, 1.8647665955370574]",0.0,overweight,0,2,2.625049091875553e-06
meta_llama_llama_4_scout_17b_16e_instruct,RANDOM,bmi_category,overweight,4,True,True,"[135.94112365987854, 2.2489206178371446]",0.0,overweight,0,20,1.5542027540504932e-05
meta_llama_llama_4_scout_17b_16e_instruct,RANDOM,bmi_category,overweight,5,True,True,"[50.36925273068593, 1.3473864864977536]",0.0,overweight,0,10,8.29098280519247e-06
meta_llama_llama_4_scout_17b_16e_instruct,RANDOM,bmi_category,overweight,6,True,True,"[52.742978569611815, 1.3708563588655234]",0.0,overweight,0,9,7.583992555737495e-06
meta_llama_llama_4_scout_17b_16e_instruct,RANDOM,bmi_category,overweight,7,True,True,"[60.561071043232495, 1.4366318356118195]",0.0,overweight,0,8,6.792019121348858e-06
meta_llama_llama_4_scout_17b_16e_instruct,RANDOM,bmi_category,overweight,8,True,True,"[143.9912018740489, 2.355210825104484]",0.0,overweight,0,4,4.041008651256561e-06
meta_llama_llama_4_scout_17b_16e_instruct,RANDOM,bmi_category,overweight,9,True,True,"[143.6429699167588, 2.3322246440467076]",0.0,overweight,0,1,1.9170111045241356e-06
meta_llama_llama_4_scout_17b_16e_instruct,RANDOM,bmi_category,overweight,10,True,True,"[95.7948182026219, 1.9349239750006821]",0.0,overweight,0,19,1.4374963939189913e-05
meta_llama_llama_4_scout_17b_16e_instruct,RANDOM,bmi_category,overweight,11,True,True,"[117.69557021733421, 1.9929685824121715]",0.0,overweight,0,13,1.049996353685856e-05
meta_llama_llama_4_scout_17b_16e_instruct,RANDOM,bmi_category,overweight,12,True,True,"[176.35217920834418, 2.478409771040675]",0.0,overweight,0,19,1.4542019926011562e-05
meta_llama_llama_4_scout_17b_16e_instruct,RANDOM,bmi_category,overweight,13,True,True,"[149.969473093238, 2.4276144971806826]",0.0,overweight,0,35,2.5084009394049644e-05
meta_llama_llama_4_scout_17b_16e_instruct,RANDOM,bmi_category,overweight,14,True,True,"[38.069576216566105, 1.1720324723978393]",0.0,overweight,0,3,3.4159747883677483e-06
meta_llama_llama_4_scout_17b_16e_instruct,RANDOM,bmi_category,overweight,15,True,True,"[102.04773206464468, 2.018144433597396]",0.0,overweight,0,24,1.808302477002144e-05
meta_llama_llama_4_scout_17b_16e_instruct,RANDOM,bmi_category,overweight,16,True,True,"[56.21828435631975, 1.3749793021791523]",0.0,overweight,0,17,1.3167038559913635e-05
meta_llama_llama_4_scout_17b_16e_instruct,RANDOM,bmi_category,overweight,17,True,True,"[151.10379306371257, 2.3323857069123948]",0.0,overweight,0,7,6.166985258460045e-06
meta_llama_llama_4_scout_17b_16e_instruct,RANDOM,bmi_category,overweight,18,True,True,"[161.88483496469604, 2.417855568304266]",0.0,overweight,0,4,4.041008651256561e-06
meta_llama_llama_4_scout_17b_16e_instruct,RANDOM,bmi_category,overweight,19,True,True,"[128.9736062209478, 2.1574320739817834]",0.0,overweight,0,4,4.125060513615608e-06
meta_llama_llama_4_scout_17b_16e_instruct,RANDOM,bmi_category,overweight,20,True,True,"[147.6842250021829, 2.2218801511312343]",0.0,overweight,0,3,3.458932042121887e-06
meta_llama_llama_4_scout_17b_16e_instruct,RANDOM,bmi_category,overweight,21,True,True,"[113.90349183850552, 1.9530288950407824]",0.0,overweight,0,18,1.3750046491622925e-05
meta_llama_llama_4_scout_17b_16e_instruct,RANDOM,bmi_category,overweight,22,True,True,"[142.51533370616787, 2.301114664298802]",0.0,overweight,0,1,2.124928869307041e-06
meta_llama_llama_4_scout_17b_16e_instruct,RANDOM,bmi_category,overweight,23,True,True,"[121.4273264642339, 2.190146922560401]",0.0,overweight,0,8,6.917049176990986e-06
meta_llama_llama_4_scout_17b_16e_instruct,RANDOM,bmi_category,overweight,24,True,True,"[140.14735238838898, 2.2428882142400832]",0.0,overweight,0,10,8.334056474268436e-06
meta_llama_llama_4_scout_17b_16e_instruct,RANDOM,bmi_category,overweight,25,True,True,"[80.7389542094185, 1.641131141180642]",0.0,overweight,0,9,7.542083039879799e-06
meta_llama_llama_4_scout_17b_16e_instruct,RANDOM,bmi_category,overweight,26,True,True,"[30.4051196753144, 1.0761188123540812]",0.0,overweight,0,11,9.041978046298029e-06
meta_llama_llama_4_scout_17b_16e_instruct,RANDOM,bmi_category,overweight,27,True,True,"[59.37083220586023, 1.5410010058745436]",0.0,overweight,0,11,9.08400397747755e-06
meta_llama_llama_4_scout_17b_16e_instruct,RANDOM,bmi_category,overweight,28,True,True,"[120.67370725199339, 2.108216965114297]",0.0,overweight,0,6,5.500041879713535e-06
meta_llama_llama_4_scout_17b_16e_instruct,RANDOM,bmi_category,overweight,29,True,True,"[159.7850102416101, 2.3107209003744256]",0.0,overweight,0,2,2.7079368010163307e-06
meta_llama_llama_4_scout_17b_16e_instruct,RANDOM,bmi_category,underweight,0,True,True,"[32.12171658183828, 2.052332645571712]",0.0,underweight,0,5,6.500049494206905e-06
meta_llama_llama_4_scout_17b_16e_instruct,RANDOM,bmi_category,underweight,1,True,True,"[84.99216906724148, 2.190633980633674]",0.0,underweight,0,2,3.00002284348011e-06
meta_llama_llama_4_scout_17b_16e_instruct,RANDOM,bmi_category,underweight,2,True,True,"[38.08356443749055, 1.9550116689795334]",0.0,underweight,0,5,5.292007699608803e-06
meta_llama_llama_4_scout_17b_16e_instruct,RANDOM,bmi_category,underweight,3,True,True,"[31.005490829486188, 2.0285871221560727]",0.0,underweight,0,2,2.749962732195854e-06
meta_llama_llama_4_scout_17b_16e_instruct,RANDOM,bmi_category,underweight,4,True,True,"[73.88917034613416, 2.491348788080327]",0.0,underweight,0,6,5.624955520033836e-06
meta_llama_llama_4_scout_17b_16e_instruct,RANDOM,bmi_category,underweight,5,True,True,"[46.30564502452208, 2.3744304898267017]",0.0,underweight,0,1,2.124928869307041e-06
meta_llama_llama_4_scout_17b_16e_instruct,RANDOM,bmi_category,underweight,6,True,True,"[28.87399642239217, 2.2631847604611925]",0.0,underweight,0,10,8.582952432334423e-06
meta_llama_llama_4_scout_17b_16e_instruct,RANDOM,bmi_category,underweight,7,True,True,"[68.02832177889317, 2.225119057750305]",0.0,underweight,0,4,4.416913725435734e-06
meta_llama_llama_4_scout_17b_16e_instruct,RANDOM,bmi_category,underweight,8,True,True,"[33.82336150946671, 1.4269356519487566]",0.0,underweight,0,14,1.1124997399747372e-05
meta_llama_llama_4_scout_17b_16e_instruct,RANDOM,bmi_category,underweight,9,True,True,"[54.397867323193886, 1.862733315792721]",0.0,underweight,0,5,5.00003807246685e-06
meta_llama_llama_4_scout_17b_16e_instruct,RANDOM,bmi_category,underweight,10,True,True,"[40.44797227454901, 1.7430008972048907]",0.0,underweight,0,1,2.00001522898674e-06
meta_llama_llama_4_scout_17b_16e_instruct,RANDOM,bmi_category,underweight,11,True,True,"[21.190315184201282, 1.8613230604206101]",0.0,underweight,0,4,4.458939656615257e-06
meta_llama_llama_4_scout_17b_16e_instruct,RANDOM,bmi_category,underweight,12,True,True,"[36.90072626461753, 1.7442361595295477]",0.0,underweight,0,1,1.9170111045241356e-06
meta_llama_llama_4_scout_17b_16e_instruct,RANDOM,bmi_category,underweight,13,True,True,"[21.97526623425481, 1.3926499824439516]",0.0,underweight,0,1,2.00001522898674e-06
meta_llama_llama_4_scout_17b_16e_instruct,RANDOM,bmi_category,underweight,14,True,True,"[64.81357645891114, 2.2329471931311478]",0.0,underweight,0,4,4.417030140757561e-06
meta_llama_llama_4_scout_17b_16e_instruct,RANDOM,bmi_category,underweight,15,True,True,"[60.270818607110904, 2.0828249671694334]",0.0,underweight,0,2,2.708984538912773e-06
meta_llama_llama_4_scout_17b_16e_instruct,RANDOM,bmi_category,underweight,16,True,True,"[55.62486342553817, 2.0658491256416527]",0.0,underweight,0,11,9.041978046298029e-06
meta_llama_llama_4_scout_17b_16e_instruct,RANDOM,bmi_category,underweight,17,True,True,"[38.200004062608876, 1.9557675874011784]",0.0,underweight,0,6,5.500041879713535e-06
meta_llama_llama_4_scout_17b_16e_instruct,RANDOM,bmi_category,underweight,18,True,True,"[21.39883869935599, 1.8630105910003578]",0.0,underweight,0,3,3.4580007195472717e-06
meta_llama_llama_4_scout_17b_16e_instruct,RANDOM,bmi_category,underweight,19,True,True,"[29.365391344691815, 2.1824419294982773]",0.0,underweight,0,5,4.999921657145023e-06
meta_llama_llama_4_scout_17b_16e_instruct,RANDOM,bmi_category,underweight,20,True,True,"[60.519324407595505, 1.9963538954512094]",0.0,underweight,0,2,2.7909409254789352e-06
meta_llama_llama_4_scout_17b_16e_instruct,RANDOM,bmi_category,underweight,21,True,True,"[72.89582246010895, 2.334059460602374]",0.0,underweight,0,2,2.7080532163381577e-06
meta_llama_llama_4_scout_17b_16e_instruct,RANDOM,bmi_category,underweight,22,True,True,"[40.50379167107546, 1.6715458108128491]",0.0,underweight,0,22,1.704192254692316e-05
meta_llama_llama_4_scout_17b_16e_instruct,RANDOM,bmi_category,underweight,23,True,True,"[22.126323970867272, 1.2508961338334856]",0.0,underweight,0,4,4.292000085115433e-06
meta_llama_llama_4_scout_17b_16e_instruct,RANDOM,bmi_category,underweight,24,True,True,"[21.624321709664038, 2.355506112658964]",0.0,underweight,0,1,2.0419247448444366e-06
meta_llama_llama_4_scout_17b_16e_instruct,RANDOM,bmi_category,underweight,25,True,True,"[76.38810006016939, 2.1540247159413592]",0.0,underweight,0,1,2.040993422269821e-06
meta_llama_llama_4_scout_17b_16e_instruct,RANDOM,bmi_category,underweight,26,True,True,"[64.69807727486273, 2.449280629156479]",0.0,underweight,0,1,2.040993422269821e-06
meta_llama_llama_4_scout_17b_16e_instruct,RANDOM,bmi_category,underweight,27,True,True,"[42.14864479589899, 1.8538749222806556]",0.0,underweight,0,1,2.040993422269821e-06
meta_llama_llama_4_scout_17b_16e_instruct,RANDOM,bmi_category,underweight,28,True,True,"[41.029219007495456, 1.584257763258818]",0.0,underweight,0,1,2.040993422269821e-06
meta_llama_llama_4_scout_17b_16e_instruct,RANDOM,bmi_category,underweight,29,True,True,"[45.81165398542934, 2.477256166571447]",0.0,underweight,0,15,1.2125005014240742e-05
meta_llama_llama_4_scout_17b_16e_instruct,RANDOM,list_pattern,sorted_unique,0,True,True,"[[32, 49]]",0.0,sorted_unique,0,4,8.874922059476376e-06
meta_llama_llama_4_scout_17b_16e_instruct,RANDOM,list_pattern,sorted_unique,1,True,True,"[[-78, -77, -37]]",0.0,sorted_unique,0,14,2.420798409730196e-05
meta_llama_llama_4_scout_17b_16e_instruct,RANDOM,list_pattern,sorted_unique,2,True,True,"[[-42, 16]]",0.0,sorted_unique,0,10,1.6625039279460907e-05
meta_llama_llama_4_scout_17b_16e_instruct,RANDOM,list_pattern,sorted_unique,3,True,True,"[[-84, -44, 17, 27]]",0.0,sorted_unique,0,15,2.9957969672977924e-05
meta_llama_llama_4_scout_17b_16e_instruct,RANDOM,list_pattern,sorted_unique,4,True,True,"[[-81, -17]]",0.0,sorted_unique,0,2,3.7079444155097008e-06
meta_llama_llama_4_scout_17b_16e_instruct,RANDOM,list_pattern,sorted_unique,5,True,True,"[[-92, -32, -17, 24]]",0.0,sorted_unique,0,6,1.5040975995361803e-05
meta_llama_llama_4_scout_17b_16e_instruct,RANDOM,list_pattern,sorted_unique,6,True,True,"[[-59, -26, 50]]",0.0,sorted_unique,0,6,1.2167030945420264e-05
meta_llama_llama_4_scout_17b_16e_instruct,RANDOM,list_pattern,sorted_unique,7,True,True,"[[-3, 41]]",0.0,sorted_unique,0,17,3.0125025659799576e-05
meta_llama_llama_4_scout_17b_16e_instruct,RANDOM,list_pattern,sorted_unique,8,True,True,"[[34, 43]]",0.0,sorted_unique,0,6,1.3499986380338669e-05
meta_llama_llama_4_scout_17b_16e_instruct,RANDOM,list_pattern,sorted_unique,9,True,True,"[[-53, 30, 92]]",0.0,sorted_unique,0,12,2.3083994165062904e-05
meta_llama_llama_4_scout_17b_16e_instruct,RANDOM,list_pattern,sorted_unique,10,True,True,"[[-71, 5]]",0.0,sorted_unique,0,8,1.837499439716339e-05
meta_llama_llama_4_scout_17b_16e_instruct,RANDOM,list_pattern,sorted_unique,11,True,True,"[[-28, 62, 86]]",0.0,sorted_unique,0,1,3.00002284348011e-06
meta_llama_llama_4_scout_17b_16e_instruct,RANDOM,list_pattern,sorted_unique,12,True,True,"[[-61, -58]]",0.0,sorted_unique,0,8,1.508404966443777e-05
meta_llama_llama_4_scout_17b_16e_instruct,RANDOM,list_pattern,sorted_unique,13,True,True,"[[-97, -18]]",0.0,sorted_unique,0,2,4.249974153935909e-06
meta_llama_llama_4_scout_17b_16e_instruct,RANDOM,list_pattern,sorted_unique,14,True,True,"[[-18, 94]]",0.0,sorted_unique,0,4,6.958027370274067e-06
meta_llama_llama_4_scout_17b_16e_instruct,RANDOM,list_pattern,sorted_unique,15,True,True,"[[-36, -16, 17, 41]]",0.0,sorted_unique,0,14,2.6416964828968048e-05
meta_llama_llama_4_scout_17b_16e_instruct,RANDOM,list_pattern,sorted_unique,16,True,True,"[[-46, 75]]",0.0,sorted_unique,0,36,6.824999582022429e-05
meta_llama_llama_4_scout_17b_16e_instruct,RANDOM,list_pattern,sorted_unique,17,True,True,"[[-33, -15]]",0.0,sorted_unique,0,4,9.666080586612225e-06
meta_llama_llama_4_scout_17b_16e_instruct,RANDOM,list_pattern,sorted_unique,18,True,True,"[[-97, 99]]",0.0,sorted_unique,0,6,1.3042008504271507e-05
meta_llama_llama_4_scout_17b_16e_instruct,RANDOM,list_pattern,sorted_unique,19,True,True,"[[-99, -31]]",0.0,sorted_unique,0,31,5.3042080253362656e-05
meta_llama_llama_4_scout_17b_16e_instruct,RANDOM,list_pattern,sorted_unique,20,True,True,"[[-85, 75]]",0.0,sorted_unique,0,8,1.7000013031065464e-05
meta_llama_llama_4_scout_17b_16e_instruct,RANDOM,list_pattern,sorted_unique,21,True,True,"[[-1, 20]]",0.0,sorted_unique,0,4,9.041978046298029e-06
meta_llama_llama_4_scout_17b_16e_instruct,RANDOM,list_pattern,sorted_unique,22,True,True,"[[-69, 65]]",0.0,sorted_unique,0,19,3.9958045817911625e-05
meta_llama_llama_4_scout_17b_16e_instruct,RANDOM,list_pattern,sorted_unique,23,True,True,"[[30, 84]]",0.0,sorted_unique,0,6,1.2625008821487428e-05
meta_llama_llama_4_scout_17b_16e_instruct,RANDOM,list_pattern,sorted_unique,24,True,True,"[[-49, 43]]",0.0,sorted_unique,0,18,2.9374961741268635e-05
meta_llama_llama_4_scout_17b_16e_instruct,RANDOM,list_pattern,sorted_unique,25,True,True,"[[-10, -2, 43]]",0.0,sorted_unique,0,10,1.7165904864668846e-05
meta_llama_llama_4_scout_17b_16e_instruct,RANDOM,list_pattern,sorted_unique,26,True,True,"[[-99, -12, 66]]",0.0,sorted_unique,0,2,5.792011506855488e-06
meta_llama_llama_4_scout_17b_16e_instruct,RANDOM,list_pattern,sorted_unique,27,True,True,"[[39, 48]]",0.0,sorted_unique,0,6,1.166702713817358e-05
meta_llama_llama_4_scout_17b_16e_instruct,RANDOM,list_pattern,sorted_unique,28,True,True,"[[-28, -15, 82]]",0.0,sorted_unique,0,24,4.712503869086504e-05
meta_llama_llama_4_scout_17b_16e_instruct,RANDOM,list_pattern,sorted_unique,29,True,True,"[[-9, 26, 33]]",0.0,sorted_unique,0,27,5.24579081684351e-05
meta_llama_llama_4_scout_17b_16e_instruct,RANDOM,list_pattern,sorted_with_duplicates,0,True,True,"[[-25, -25]]",0.0,sorted_with_duplicates,0,361,0.0006420830031856
meta_llama_llama_4_scout_17b_16e_instruct,RANDOM,list_pattern,sorted_with_duplicates,1,True,True,"[[18, 18]]",0.0,sorted_with_duplicates,0,135,0.0002447079168632
meta_llama_llama_4_scout_17b_16e_instruct,RANDOM,list_pattern,sorted_with_duplicates,2,True,True,"[[92, 92]]",0.0,sorted_with_duplicates,0,283,0.0005013749469071
meta_llama_llama_4_scout_17b_16e_instruct,RANDOM,list_pattern,sorted_with_duplicates,3,True,True,"[[-83, -62, -62, -58, 66]]",0.0,sorted_with_duplicates,0,105,0.000186541932635
meta_llama_llama_4_scout_17b_16e_instruct,RANDOM,list_pattern,sorted_with_duplicates,4,True,True,"[[99, 99]]",0.0,sorted_with_duplicates,0,879,0.0015346669824793
meta_llama_llama_4_scout_17b_16e_instruct,RANDOM,list_pattern,sorted_with_duplicates,5,True,True,"[[-98, -98]]",0.0,sorted_with_duplicates,0,22,3.9958045817911625e-05
meta_llama_llama_4_scout_17b_16e_instruct,RANDOM,list_pattern,sorted_with_duplicates,6,True,True,"[[-17, -4, -4]]",0.0,sorted_with_duplicates,0,65,0.0001162500120699
meta_llama_llama_4_scout_17b_16e_instruct,RANDOM,list_pattern,sorted_with_duplicates,7,True,True,"[[-97, -58, -58]]",0.0,sorted_with_duplicates,0,709,0.0011848339345306
meta_llama_llama_4_scout_17b_16e_instruct,RANDOM,list_pattern,sorted_with_duplicates,8,False,False,"[[-51, -100, -13, -18, 79]]",1.0,,0,1000,0.0016777910059317
meta_llama_llama_4_scout_17b_16e_instruct,RANDOM,list_pattern,sorted_with_duplicates,9,True,True,"[[-60, 36, 36]]",0.0,sorted_with_duplicates,0,238,0.0004059169441461
meta_llama_llama_4_scout_17b_16e_instruct,RANDOM,list_pattern,sorted_with_duplicates,10,True,True,"[[53, 53]]",0.0,sorted_with_duplicates,0,331,0.0005609999643638
meta_llama_llama_4_scout_17b_16e_instruct,RANDOM,list_pattern,sorted_with_duplicates,11,True,True,"[[-87, -87]]",0.0,sorted_with_duplicates,0,223,0.000358041957952
meta_llama_llama_4_scout_17b_16e_instruct,RANDOM,list_pattern,sorted_with_duplicates,12,True,True,"[[67, 67, 75]]",0.0,sorted_with_duplicates,0,7,1.1625001206994057e-05
meta_llama_llama_4_scout_17b_16e_instruct,RANDOM,list_pattern,sorted_with_duplicates,13,True,True,"[[-48, 15, 15, 69, 84]]",0.0,sorted_with_duplicates,0,933,0.0015543749323114
meta_llama_llama_4_scout_17b_16e_instruct,RANDOM,list_pattern,sorted_with_duplicates,14,True,True,"[[-60, -60]]",0.0,sorted_with_duplicates,0,264,0.0004339579027146
meta_llama_llama_4_scout_17b_16e_instruct,RANDOM,list_pattern,sorted_with_duplicates,15,True,True,"[[-76, 100, 100]]",0.0,sorted_with_duplicates,0,398,0.000647958018817
meta_llama_llama_4_scout_17b_16e_instruct,RANDOM,list_pattern,sorted_with_duplicates,16,True,True,"[[-96, -96, -68]]",0.0,sorted_with_duplicates,0,392,0.000617790967226
meta_llama_llama_4_scout_17b_16e_instruct,RANDOM,list_pattern,sorted_with_duplicates,17,True,True,"[[-95, -79, -34, -34]]",0.0,sorted_with_duplicates,0,302,0.0005050000036135
meta_llama_llama_4_scout_17b_16e_instruct,RANDOM,list_pattern,sorted_with_duplicates,18,True,True,"[[-63, -60, -60]]",0.0,sorted_with_duplicates,0,988,0.0015938339056447
meta_llama_llama_4_scout_17b_16e_instruct,RANDOM,list_pattern,sorted_with_duplicates,19,True,True,"[[-26, 20, 20, 58, 94]]",0.0,sorted_with_duplicates,0,523,0.0008336669998243
meta_llama_llama_4_scout_17b_16e_instruct,RANDOM,list_pattern,sorted_with_duplicates,20,True,True,"[[24, 24]]",0.0,sorted_with_duplicates,0,320,0.0005011670291423
meta_llama_llama_4_scout_17b_16e_instruct,RANDOM,list_pattern,sorted_with_duplicates,21,True,True,"[[-17, -8, -8, 58]]",0.0,sorted_with_duplicates,0,95,0.0001416249433532
meta_llama_llama_4_scout_17b_16e_instruct,RANDOM,list_pattern,sorted_with_duplicates,22,True,True,"[[-73, -73, 94]]",0.0,sorted_with_duplicates,0,857,0.0013826249632984
meta_llama_llama_4_scout_17b_16e_instruct,RANDOM,list_pattern,sorted_with_duplicates,23,True,True,"[[-40, -40]]",0.0,sorted_with_duplicates,0,213,0.0003440839936956
meta_llama_llama_4_scout_17b_16e_instruct,RANDOM,list_pattern,sorted_with_duplicates,24,True,True,"[[-63, -28, -15, 9, 16, 16]]",0.0,sorted_with_duplicates,0,108,0.0001777920406311
meta_llama_llama_4_scout_17b_16e_instruct,RANDOM,list_pattern,sorted_with_duplicates,25,True,True,"[[49, 49]]",0.0,sorted_with_duplicates,0,177,0.0002857920480892
meta_llama_llama_4_scout_17b_16e_instruct,RANDOM,list_pattern,sorted_with_duplicates,26,True,True,"[[-79, -66, -66, -20, -18]]",0.0,sorted_with_duplicates,0,476,0.0007524589309468
meta_llama_llama_4_scout_17b_16e_instruct,RANDOM,list_pattern,sorted_with_duplicates,27,True,True,"[[90, 90]]",0.0,sorted_with_duplicates,0,612,0.0009559169411659
meta_llama_llama_4_scout_17b_16e_instruct,RANDOM,list_pattern,sorted_with_duplicates,28,True,True,"[[36, 36]]",0.0,sorted_with_duplicates,0,239,0.0003627080004662
meta_llama_llama_4_scout_17b_16e_instruct,RANDOM,list_pattern,sorted_with_duplicates,29,True,True,"[[-58, -58, 89]]",0.0,sorted_with_duplicates,0,828,0.0012829999905079
meta_llama_llama_4_scout_17b_16e_instruct,RANDOM,list_pattern,too_short,0,True,True,[[-85]],0.0,too_short,0,2,1.8541933968663216e-05
meta_llama_llama_4_scout_17b_16e_instruct,RANDOM,list_pattern,too_short,1,True,True,[[-20]],0.0,too_short,0,1,4.042056389153004e-06
meta_llama_llama_4_scout_17b_16e_instruct,RANDOM,list_pattern,too_short,2,True,True,[[73]],0.0,too_short,0,1,3.0420487746596336e-06
meta_llama_llama_4_scout_17b_16e_instruct,RANDOM,list_pattern,too_short,3,True,True,[[-48]],0.0,too_short,0,2,5.207955837249756e-06
meta_llama_llama_4_scout_17b_16e_instruct,RANDOM,list_pattern,too_short,4,True,True,[[]],0.0,too_short,0,1,2.5420449674129486e-06
meta_llama_llama_4_scout_17b_16e_instruct,RANDOM,list_pattern,too_short,5,True,True,[[]],0.0,too_short,0,2,7.37491063773632e-06
meta_llama_llama_4_scout_17b_16e_instruct,RANDOM,list_pattern,too_short,6,True,True,[[]],0.0,too_short,0,12,2.983398735523224e-05
meta_llama_llama_4_scout_17b_16e_instruct,RANDOM,list_pattern,too_short,7,True,True,[[-14]],0.0,too_short,0,4,9.208102710545065e-06
meta_llama_llama_4_scout_17b_16e_instruct,RANDOM,list_pattern,too_short,8,True,True,[[-99]],0.0,too_short,0,1,2.6670750230550766e-06
meta_llama_llama_4_scout_17b_16e_instruct,RANDOM,list_pattern,too_short,9,True,True,[[-38]],0.0,too_short,0,3,4.63330652564764e-05
meta_llama_llama_4_scout_17b_16e_instruct,RANDOM,list_pattern,too_short,10,True,True,[[35]],0.0,too_short,0,10,2.3542088456451893e-05
meta_llama_llama_4_scout_17b_16e_instruct,RANDOM,list_pattern,too_short,11,True,True,[[]],0.0,too_short,0,2,5.00003807246685e-06
meta_llama_llama_4_scout_17b_16e_instruct,RANDOM,list_pattern,too_short,12,True,True,[[-9]],0.0,too_short,0,8,1.762493047863245e-05
meta_llama_llama_4_scout_17b_16e_instruct,RANDOM,list_pattern,too_short,13,True,True,[[]],0.0,too_short,0,12,2.6333029381930828e-05
meta_llama_llama_4_scout_17b_16e_instruct,RANDOM,list_pattern,too_short,14,True,True,[[]],0.0,too_short,0,1,2.1669548004865646e-06
meta_llama_llama_4_scout_17b_16e_instruct,RANDOM,list_pattern,too_short,15,True,True,[[42]],0.0,too_short,0,4,8.750008419156075e-06
meta_llama_llama_4_scout_17b_16e_instruct,RANDOM,list_pattern,too_short,16,True,True,[[]],0.0,too_short,0,3,5.541020072996616e-06
meta_llama_llama_4_scout_17b_16e_instruct,RANDOM,list_pattern,too_short,17,True,True,[[-25]],0.0,too_short,0,1,2.374988980591297e-06
meta_llama_llama_4_scout_17b_16e_instruct,RANDOM,list_pattern,too_short,18,True,True,[[]],0.0,too_short,0,4,8.209026418626308e-06
meta_llama_llama_4_scout_17b_16e_instruct,RANDOM,list_pattern,too_short,19,True,True,[[]],0.0,too_short,0,1,2.208980731666088e-06
meta_llama_llama_4_scout_17b_16e_instruct,RANDOM,list_pattern,too_short,20,True,True,[[39]],0.0,too_short,0,2,4.499917849898338e-06
meta_llama_llama_4_scout_17b_16e_instruct,RANDOM,list_pattern,too_short,21,True,True,[[]],0.0,too_short,0,2,3.834022209048271e-06
meta_llama_llama_4_scout_17b_16e_instruct,RANDOM,list_pattern,too_short,22,True,True,[[]],0.0,too_short,0,5,1.1124997399747372e-05
meta_llama_llama_4_scout_17b_16e_instruct,RANDOM,list_pattern,too_short,23,True,True,[[]],0.0,too_short,0,1,2.125045284628868e-06
meta_llama_llama_4_scout_17b_16e_instruct,RANDOM,list_pattern,too_short,24,True,True,[[-1]],0.0,too_short,0,2,5.083042196929455e-06
meta_llama_llama_4_scout_17b_16e_instruct,RANDOM,list_pattern,too_short,25,True,True,[[74]],0.0,too_short,0,3,6.083049811422825e-06
meta_llama_llama_4_scout_17b_16e_instruct,RANDOM,list_pattern,too_short,26,True,True,[[3]],0.0,too_short,0,1,2.500019036233425e-06
meta_llama_llama_4_scout_17b_16e_instruct,RANDOM,list_pattern,too_short,27,True,True,[[55]],0.0,too_short,0,2,4.875008016824722e-06
meta_llama_llama_4_scout_17b_16e_instruct,RANDOM,list_pattern,too_short,28,True,True,[[80]],0.0,too_short,0,6,1.2208009138703346e-05
meta_llama_llama_4_scout_17b_16e_instruct,RANDOM,list_pattern,too_short,29,True,True,[[26]],0.0,too_short,0,4,8.375034667551517e-06
meta_llama_llama_4_scout_17b_16e_instruct,RANDOM,list_pattern,unsorted_unique,0,True,True,"[[37, 73, -22, 5, 43]]",0.0,unsorted_unique,0,1,3.2919924706220627e-06
meta_llama_llama_4_scout_17b_16e_instruct,RANDOM,list_pattern,unsorted_unique,1,True,True,"[[23, 46, -24]]",0.0,unsorted_unique,0,2,4.417030140757561e-06
meta_llama_llama_4_scout_17b_16e_instruct,RANDOM,list_pattern,unsorted_unique,2,True,True,"[[1, -50, -14]]",0.0,unsorted_unique,0,4,7.707974873483181e-06
meta_llama_llama_4_scout_17b_16e_instruct,RANDOM,list_pattern,unsorted_unique,3,True,True,"[[-24, -81, -61, -87, 68]]",0.0,unsorted_unique,0,1,3.583962097764015e-06
meta_llama_llama_4_scout_17b_16e_instruct,RANDOM,list_pattern,unsorted_unique,4,True,True,"[[-68, -97]]",0.0,unsorted_unique,0,1,2.874992787837982e-06
meta_llama_llama_4_scout_17b_16e_instruct,RANDOM,list_pattern,unsorted_unique,5,True,True,"[[15, -1, -32, 66, -55, 60]]",0.0,unsorted_unique,0,2,4.832982085645199e-06
meta_llama_llama_4_scout_17b_16e_instruct,RANDOM,list_pattern,unsorted_unique,6,True,True,"[[67, -89, -96, -19]]",0.0,unsorted_unique,0,1,4.959059879183769e-06
meta_llama_llama_4_scout_17b_16e_instruct,RANDOM,list_pattern,unsorted_unique,7,True,True,"[[-93, 78, 72, 50]]",0.0,unsorted_unique,0,1,3.374996595084667e-06
meta_llama_llama_4_scout_17b_16e_instruct,RANDOM,list_pattern,unsorted_unique,8,True,True,"[[73, -82, -100, -11, 72, 48]]",0.0,unsorted_unique,0,3,6.124959327280521e-06
meta_llama_llama_4_scout_17b_16e_instruct,RANDOM,list_pattern,unsorted_unique,9,True,True,"[[70, 73, 84, -70, 60, 66]]",0.0,unsorted_unique,0,1,3.791996277868748e-06
meta_llama_llama_4_scout_17b_16e_instruct,RANDOM,list_pattern,unsorted_unique,10,True,True,"[[-61, -98, 46]]",0.0,unsorted_unique,0,1,3.208988346159458e-06
meta_llama_llama_4_scout_17b_16e_instruct,RANDOM,list_pattern,unsorted_unique,11,True,True,"[[-43, -52]]",0.0,unsorted_unique,0,2,3.749970346689224e-06
meta_llama_llama_4_scout_17b_16e_instruct,RANDOM,list_pattern,unsorted_unique,12,True,True,"[[-71, 80, -73, 10, 19]]",0.0,unsorted_unique,0,1,3.750086762011051e-06
meta_llama_llama_4_scout_17b_16e_instruct,RANDOM,list_pattern,unsorted_unique,13,True,True,"[[53, -81, -73, 16]]",0.0,unsorted_unique,0,1,2.9159709811210632e-06
meta_llama_llama_4_scout_17b_16e_instruct,RANDOM,list_pattern,unsorted_unique,14,True,True,"[[12, 44, -10, -100]]",0.0,unsorted_unique,0,1,3.3329706639051437e-06
meta_llama_llama_4_scout_17b_16e_instruct,RANDOM,list_pattern,unsorted_unique,15,True,True,"[[91, 0, 28, 43, 30, 86]]",0.0,unsorted_unique,0,1,4.041939973831177e-06
meta_llama_llama_4_scout_17b_16e_instruct,RANDOM,list_pattern,unsorted_unique,16,True,True,"[[-46, -15, -30]]",0.0,unsorted_unique,0,1,3.2919924706220627e-06
meta_llama_llama_4_scout_17b_16e_instruct,RANDOM,list_pattern,unsorted_unique,17,True,True,"[[31, -5, 82, -26, 35, -48]]",0.0,unsorted_unique,0,1,3.875000402331352e-06
meta_llama_llama_4_scout_17b_16e_instruct,RANDOM,list_pattern,unsorted_unique,18,True,True,"[[-70, 75, -4, -93, -56, -100]]",0.0,unsorted_unique,0,2,4.958012141287327e-06
meta_llama_llama_4_scout_17b_16e_instruct,RANDOM,list_pattern,unsorted_unique,19,True,True,"[[13, -57]]",0.0,unsorted_unique,0,2,4.041939973831177e-06
meta_llama_llama_4_scout_17b_16e_instruct,RANDOM,list_pattern,unsorted_unique,20,True,True,"[[-57, 7, -100, -51]]",0.0,unsorted_unique,0,1,3.583962097764015e-06
meta_llama_llama_4_scout_17b_16e_instruct,RANDOM,list_pattern,unsorted_unique,21,True,True,"[[-67, 24, 15]]",0.0,unsorted_unique,0,1,3.0420487746596336e-06
meta_llama_llama_4_scout_17b_16e_instruct,RANDOM,list_pattern,unsorted_unique,22,True,True,"[[30, 35, -95]]",0.0,unsorted_unique,0,1,3.0419323593378067e-06
meta_llama_llama_4_scout_17b_16e_instruct,RANDOM,list_pattern,unsorted_unique,23,True,True,"[[37, -79]]",0.0,unsorted_unique,0,1,2.708984538912773e-06
meta_llama_llama_4_scout_17b_16e_instruct,RANDOM,list_pattern,unsorted_unique,24,True,True,"[[-46, -95, -39]]",0.0,unsorted_unique,0,2,4.292000085115433e-06
meta_llama_llama_4_scout_17b_16e_instruct,RANDOM,list_pattern,unsorted_unique,25,True,True,"[[-33, -63]]",0.0,unsorted_unique,0,2,3.999914042651653e-06
meta_llama_llama_4_scout_17b_16e_instruct,RANDOM,list_pattern,unsorted_unique,26,True,True,"[[9, 4, 11]]",0.0,unsorted_unique,0,2,3.625056706368923e-06
meta_llama_llama_4_scout_17b_16e_instruct,RANDOM,list_pattern,unsorted_unique,27,True,True,"[[64, -3, -66, -40, -74, 57]]",0.0,unsorted_unique,0,2,4.749977961182594e-06
meta_llama_llama_4_scout_17b_16e_instruct,RANDOM,list_pattern,unsorted_unique,28,True,True,"[[21, -100, -13]]",0.0,unsorted_unique,0,1,2.666027285158634e-06
meta_llama_llama_4_scout_17b_16e_instruct,RANDOM,list_pattern,unsorted_unique,29,True,True,"[[-84, -96]]",0.0,unsorted_unique,0,1,2.334010787308216e-06
meta_llama_llama_4_scout_17b_16e_instruct,RANDOM,list_pattern,unsorted_with_duplicates,0,True,True,"[[95, 87, 43, 95]]",0.0,unsorted_with_duplicates,0,43,7.141707465052605e-05
meta_llama_llama_4_scout_17b_16e_instruct,RANDOM,list_pattern,unsorted_with_duplicates,1,True,True,"[[54, 5, -29, -64, -29, 83]]",0.0,unsorted_with_duplicates,0,39,7.195794023573399e-05
meta_llama_llama_4_scout_17b_16e_instruct,RANDOM,list_pattern,unsorted_with_duplicates,2,True,True,"[[96, 55, 76, -65, 35, 55]]",0.0,unsorted_with_duplicates,0,24,4.095898475497961e-05
meta_llama_llama_4_scout_17b_16e_instruct,RANDOM,list_pattern,unsorted_with_duplicates,3,True,True,"[[68, -69, -69]]",0.0,unsorted_with_duplicates,0,45,7.558299694210291e-05
meta_llama_llama_4_scout_17b_16e_instruct,RANDOM,list_pattern,unsorted_with_duplicates,4,True,True,"[[26, -80, -5, 64, -5]]",0.0,unsorted_with_duplicates,0,26,4.670803900808096e-05
meta_llama_llama_4_scout_17b_16e_instruct,RANDOM,list_pattern,unsorted_with_duplicates,5,True,True,"[[-5, 16, -3, 92, -50, 16]]",0.0,unsorted_with_duplicates,0,17,3.1125033274292946e-05
meta_llama_llama_4_scout_17b_16e_instruct,RANDOM,list_pattern,unsorted_with_duplicates,6,True,True,"[[-55, -84, -84]]",0.0,unsorted_with_duplicates,0,71,0.0001151249743998
meta_llama_llama_4_scout_17b_16e_instruct,RANDOM,list_pattern,unsorted_with_duplicates,7,True,True,"[[88, 16, 43, -62, -62, -80]]",0.0,unsorted_with_duplicates,0,95,0.0001435000449419
meta_llama_llama_4_scout_17b_16e_instruct,RANDOM,list_pattern,unsorted_with_duplicates,8,True,True,"[[-5, -94, -26, -94, 58]]",0.0,unsorted_with_duplicates,0,92,0.0001480829669162
meta_llama_llama_4_scout_17b_16e_instruct,RANDOM,list_pattern,unsorted_with_duplicates,9,True,True,"[[-10, -30, -10]]",0.0,unsorted_with_duplicates,0,39,6.108300294727087e-05
meta_llama_llama_4_scout_17b_16e_instruct,RANDOM,list_pattern,unsorted_with_duplicates,10,True,True,"[[-51, -60, 79, 34, -33, -51]]",0.0,unsorted_with_duplicates,0,41,6.674998439848423e-05
meta_llama_llama_4_scout_17b_16e_instruct,RANDOM,list_pattern,unsorted_with_duplicates,11,True,True,"[[-35, 96, 65, 65, -88]]",0.0,unsorted_with_duplicates,0,68,0.000112458015792
meta_llama_llama_4_scout_17b_16e_instruct,RANDOM,list_pattern,unsorted_with_duplicates,12,True,True,"[[65, 41, 41]]",0.0,unsorted_with_duplicates,0,112,0.0001768750371411
meta_llama_llama_4_scout_17b_16e_instruct,RANDOM,list_pattern,unsorted_with_duplicates,13,True,True,"[[-80, 8, 8, -86, 79, 20]]",0.0,unsorted_with_duplicates,0,71,0.0001179159153252
meta_llama_llama_4_scout_17b_16e_instruct,RANDOM,list_pattern,unsorted_with_duplicates,14,True,True,"[[-71, 48, 29, -33, -73, -73]]",0.0,unsorted_with_duplicates,0,144,0.0002219590824097
meta_llama_llama_4_scout_17b_16e_instruct,RANDOM,list_pattern,unsorted_with_duplicates,15,True,True,"[[1, 1, -79, 43, 8, -6]]",0.0,unsorted_with_duplicates,0,1,3.4999102354049683e-06
meta_llama_llama_4_scout_17b_16e_instruct,RANDOM,list_pattern,unsorted_with_duplicates,16,True,True,"[[-8, 19, 75, -51, -8]]",0.0,unsorted_with_duplicates,0,116,0.0001842500641942
meta_llama_llama_4_scout_17b_16e_instruct,RANDOM,list_pattern,unsorted_with_duplicates,17,True,True,"[[-23, -23, -43, 72]]",0.0,unsorted_with_duplicates,0,38,6.41250517219305e-05
meta_llama_llama_4_scout_17b_16e_instruct,RANDOM,list_pattern,unsorted_with_duplicates,18,True,True,"[[-11, -88, -37, -77, -11, -94]]",0.0,unsorted_with_duplicates,0,28,4.929106216877699e-05
meta_llama_llama_4_scout_17b_16e_instruct,RANDOM,list_pattern,unsorted_with_duplicates,19,True,True,"[[-18, -33, 39, 39, -58]]",0.0,unsorted_with_duplicates,0,31,5.15420688316226e-05
meta_llama_llama_4_scout_17b_16e_instruct,RANDOM,list_pattern,unsorted_with_duplicates,20,True,True,"[[41, -1, 48, -52, 41]]",0.0,unsorted_with_duplicates,0,22,3.8499943912029266e-05
meta_llama_llama_4_scout_17b_16e_instruct,RANDOM,list_pattern,unsorted_with_duplicates,21,True,True,"[[8, -38, 8, -22, 42]]",0.0,unsorted_with_duplicates,0,54,9.095901623368265e-05
meta_llama_llama_4_scout_17b_16e_instruct,RANDOM,list_pattern,unsorted_with_duplicates,22,True,True,"[[-38, 32, 48, -63, -38, 27]]",0.0,unsorted_with_duplicates,0,24,4.191696643829346e-05
meta_llama_llama_4_scout_17b_16e_instruct,RANDOM,list_pattern,unsorted_with_duplicates,23,True,True,"[[38, -42, -42, 40, 27]]",0.0,unsorted_with_duplicates,0,12,2.4916953407227993e-05
meta_llama_llama_4_scout_17b_16e_instruct,RANDOM,list_pattern,unsorted_with_duplicates,24,True,True,"[[85, 52, 52, -49, -2]]",0.0,unsorted_with_duplicates,0,33,5.495804361999035e-05
meta_llama_llama_4_scout_17b_16e_instruct,RANDOM,list_pattern,unsorted_with_duplicates,25,True,True,"[[74, 74, -62, 70]]",0.0,unsorted_with_duplicates,0,10,1.5707919374108315e-05
meta_llama_llama_4_scout_17b_16e_instruct,RANDOM,list_pattern,unsorted_with_duplicates,26,True,True,"[[-38, -97, -81, -86, -81, 52]]",0.0,unsorted_with_duplicates,0,61,9.324995335191488e-05
meta_llama_llama_4_scout_17b_16e_instruct,RANDOM,list_pattern,unsorted_with_duplicates,27,True,True,"[[-99, 91, -95, -99]]",0.0,unsorted_with_duplicates,0,92,0.0001491250004619
meta_llama_llama_4_scout_17b_16e_instruct,RANDOM,list_pattern,unsorted_with_duplicates,28,True,True,"[[83, -50, 83, -95, 85]]",0.0,unsorted_with_duplicates,0,89,0.0001356670400127
meta_llama_llama_4_scout_17b_16e_instruct,RANDOM,list_pattern,unsorted_with_duplicates,29,True,True,"[[-4, -69, -59, -90, 11, -59]]",0.0,unsorted_with_duplicates,0,58,8.254090789705515e-05
meta_llama_llama_4_scout_17b_16e_instruct,RANDOM,number_kind,even,0,True,True,[2604],0.0,even,0,6,6.458023563027382e-06
meta_llama_llama_4_scout_17b_16e_instruct,RANDOM,number_kind,even,1,True,True,[2710],0.0,even,0,1,2.124928869307041e-06
meta_llama_llama_4_scout_17b_16e_instruct,RANDOM,number_kind,even,2,True,True,[1836],0.0,even,0,2,2.8329668566584587e-06
meta_llama_llama_4_scout_17b_16e_instruct,RANDOM,number_kind,even,3,True,True,[1250],0.0,even,0,1,1.874985173344612e-06
meta_llama_llama_4_scout_17b_16e_instruct,RANDOM,number_kind,even,4,True,True,[1004],0.0,even,0,5,4.999921657145023e-06
meta_llama_llama_4_scout_17b_16e_instruct,RANDOM,number_kind,even,5,True,True,[1320],0.0,even,0,4,3.875000402331352e-06
meta_llama_llama_4_scout_17b_16e_instruct,RANDOM,number_kind,even,6,True,True,[-452],0.0,even,0,1,1.9170111045241356e-06
meta_llama_llama_4_scout_17b_16e_instruct,RANDOM,number_kind,even,7,True,True,[342],0.0,even,0,1,1.791049726307392e-06
meta_llama_llama_4_scout_17b_16e_instruct,RANDOM,number_kind,even,8,True,True,[1046],0.0,even,0,1,1.708976924419403e-06
meta_llama_llama_4_scout_17b_16e_instruct,RANDOM,number_kind,even,9,True,True,[2828],0.0,even,0,1,1.7920974642038343e-06
meta_llama_llama_4_scout_17b_16e_instruct,RANDOM,number_kind,even,10,True,True,[1436],0.0,even,0,4,4.207948222756386e-06
meta_llama_llama_4_scout_17b_16e_instruct,RANDOM,number_kind,even,11,True,True,[1660],0.0,even,0,1,1.915963366627693e-06
meta_llama_llama_4_scout_17b_16e_instruct,RANDOM,number_kind,even,12,True,True,[-358],0.0,even,0,1,1.874985173344612e-06
meta_llama_llama_4_scout_17b_16e_instruct,RANDOM,number_kind,even,13,True,True,[1250],0.0,even,0,2,2.2909371182322502e-06
meta_llama_llama_4_scout_17b_16e_instruct,RANDOM,number_kind,even,14,True,True,[2696],0.0,even,0,5,4.542060196399689e-06
meta_llama_llama_4_scout_17b_16e_instruct,RANDOM,number_kind,even,15,True,True,[2964],0.0,even,0,1,1.749955117702484e-06
meta_llama_llama_4_scout_17b_16e_instruct,RANDOM,number_kind,even,16,True,True,[1006],0.0,even,0,2,2.7919886633753777e-06
meta_llama_llama_4_scout_17b_16e_instruct,RANDOM,number_kind,even,17,True,True,[1346],0.0,even,0,1,1.874985173344612e-06
meta_llama_llama_4_scout_17b_16e_instruct,RANDOM,number_kind,even,18,True,True,[1754],0.0,even,0,2,2.708984538912773e-06
meta_llama_llama_4_scout_17b_16e_instruct,RANDOM,number_kind,even,19,True,True,[-94],0.0,even,0,2,2.374988980591297e-06
meta_llama_llama_4_scout_17b_16e_instruct,RANDOM,number_kind,even,20,True,True,[1614],0.0,even,0,1,1.5419209375977516e-06
meta_llama_llama_4_scout_17b_16e_instruct,RANDOM,number_kind,even,21,True,True,[954],0.0,even,0,2,2.584070898592472e-06
meta_llama_llama_4_scout_17b_16e_instruct,RANDOM,number_kind,even,22,True,True,[2422],0.0,even,0,2,2.7919886633753777e-06
meta_llama_llama_4_scout_17b_16e_instruct,RANDOM,number_kind,even,23,True,True,[2414],0.0,even,0,1,1.7909333109855652e-06
meta_llama_llama_4_scout_17b_16e_instruct,RANDOM,number_kind,even,24,True,True,[1864],0.0,even,0,2,2.6669586077332497e-06
meta_llama_llama_4_scout_17b_16e_instruct,RANDOM,number_kind,even,25,True,True,[-8],0.0,even,0,1,1.750071533024311e-06
meta_llama_llama_4_scout_17b_16e_instruct,RANDOM,number_kind,even,26,True,True,[-200],0.0,even,0,1,1.5420373529195786e-06
meta_llama_llama_4_scout_17b_16e_instruct,RANDOM,number_kind,even,27,True,True,[2992],0.0,even,0,1,2.0419247448444366e-06
meta_llama_llama_4_scout_17b_16e_instruct,RANDOM,number_kind,even,28,True,True,[734],0.0,even,0,4,4.124944098293781e-06
meta_llama_llama_4_scout_17b_16e_instruct,RANDOM,number_kind,even,29,True,True,[-324],0.0,even,0,1,1.7919810488820076e-06
meta_llama_llama_4_scout_17b_16e_instruct,RANDOM,number_kind,odd,0,True,True,[1813],0.0,odd,0,1,1.875101588666439e-06
meta_llama_llama_4_scout_17b_16e_instruct,RANDOM,number_kind,odd,1,True,True,[1985],0.0,odd,0,2,2.791057340800762e-06
meta_llama_llama_4_scout_17b_16e_instruct,RANDOM,number_kind,odd,2,True,True,[2739],0.0,odd,0,2,2.5420449674129486e-06
meta_llama_llama_4_scout_17b_16e_instruct,RANDOM,number_kind,odd,3,True,True,[1643],0.0,odd,0,2,2.625049091875553e-06
meta_llama_llama_4_scout_17b_16e_instruct,RANDOM,number_kind,odd,4,True,True,[529],0.0,odd,0,4,4.458008334040642e-06
meta_llama_llama_4_scout_17b_16e_instruct,RANDOM,number_kind,odd,5,True,True,[2827],0.0,odd,0,1,1.749955117702484e-06
meta_llama_llama_4_scout_17b_16e_instruct,RANDOM,number_kind,odd,6,True,True,[1645],0.0,odd,0,1,1.749955117702484e-06
meta_llama_llama_4_scout_17b_16e_instruct,RANDOM,number_kind,odd,7,True,True,[2135],0.0,odd,0,1,1.584063284099102e-06
meta_llama_llama_4_scout_17b_16e_instruct,RANDOM,number_kind,odd,8,True,True,[2413],0.0,odd,0,1,1.7079291865229609e-06
meta_llama_llama_4_scout_17b_16e_instruct,RANDOM,number_kind,odd,9,True,True,[127],0.0,odd,0,1,1.750071533024311e-06
meta_llama_llama_4_scout_17b_16e_instruct,RANDOM,number_kind,odd,10,True,True,[2529],0.0,odd,0,1,1.8329592421650889e-06
meta_llama_llama_4_scout_17b_16e_instruct,RANDOM,number_kind,odd,11,True,True,[-391],0.0,odd,0,1,1.7919810488820076e-06
meta_llama_llama_4_scout_17b_16e_instruct,RANDOM,number_kind,odd,12,True,True,[681],0.0,odd,0,2,2.500019036233425e-06
meta_llama_llama_4_scout_17b_16e_instruct,RANDOM,number_kind,odd,13,True,True,[1917],0.0,odd,0,1,1.7080456018447876e-06
meta_llama_llama_4_scout_17b_16e_instruct,RANDOM,number_kind,odd,14,True,True,[1465],0.0,odd,0,2,2.624932676553726e-06
meta_llama_llama_4_scout_17b_16e_instruct,RANDOM,number_kind,odd,15,True,True,[2543],0.0,odd,0,1,1.6669509932398796e-06
meta_llama_llama_4_scout_17b_16e_instruct,RANDOM,number_kind,odd,16,True,True,[1979],0.0,odd,0,1,1.8330756574869156e-06
meta_llama_llama_4_scout_17b_16e_instruct,RANDOM,number_kind,odd,17,True,True,[1763],0.0,odd,0,1,1.750071533024311e-06
meta_llama_llama_4_scout_17b_16e_instruct,RANDOM,number_kind,odd,18,True,True,[123],0.0,odd,0,1,1.7080456018447876e-06
meta_llama_llama_4_scout_17b_16e_instruct,RANDOM,number_kind,odd,19,True,True,[2729],0.0,odd,0,2,2.208980731666088e-06
meta_llama_llama_4_scout_17b_16e_instruct,RANDOM,number_kind,odd,20,True,True,[413],0.0,odd,0,3,3.500026650726795e-06
meta_llama_llama_4_scout_17b_16e_instruct,RANDOM,number_kind,odd,21,True,True,[-183],0.0,odd,0,3,3.625056706368923e-06
meta_llama_llama_4_scout_17b_16e_instruct,RANDOM,number_kind,odd,22,True,True,[749],0.0,odd,0,5,4.917033948004246e-06
meta_llama_llama_4_scout_17b_16e_instruct,RANDOM,number_kind,odd,23,True,True,[115],0.0,odd,0,6,5.625071935355663e-06
meta_llama_llama_4_scout_17b_16e_instruct,RANDOM,number_kind,odd,24,True,True,[2349],0.0,odd,0,1,1.5420373529195786e-06
meta_llama_llama_4_scout_17b_16e_instruct,RANDOM,number_kind,odd,25,True,True,[2809],0.0,odd,0,2,2.4170149117708206e-06
meta_llama_llama_4_scout_17b_16e_instruct,RANDOM,number_kind,odd,26,True,True,[925],0.0,odd,0,1,1.8329592421650889e-06
meta_llama_llama_4_scout_17b_16e_instruct,RANDOM,number_kind,odd,27,True,True,[783],0.0,odd,0,2,4.582921974360943e-06
meta_llama_llama_4_scout_17b_16e_instruct,RANDOM,number_kind,odd,28,True,True,[287],0.0,odd,0,2,2.7080532163381577e-06
meta_llama_llama_4_scout_17b_16e_instruct,RANDOM,number_kind,odd,29,True,True,[1089],0.0,odd,0,2,2.5420449674129486e-06
meta_llama_llama_4_scout_17b_16e_instruct,RANDOM,number_kind,zero,0,True,True,[0],0.0,zero,0,58,4.3874955736100674e-05
meta_llama_llama_4_scout_17b_16e_instruct,RANDOM,number_kind,zero,1,True,True,[0],0.0,zero,0,383,0.0002194580156356
meta_llama_llama_4_scout_17b_16e_instruct,RANDOM,number_kind,zero,2,False,False,[3],3.0,,0,1000,0.0005518329562619
meta_llama_llama_4_scout_17b_16e_instruct,RANDOM,number_kind,zero,3,False,False,[-3],3.0,,0,1000,0.0005563329905271
meta_llama_llama_4_scout_17b_16e_instruct,RANDOM,number_kind,zero,4,True,True,[0],0.0,zero,0,953,0.000533957965672
meta_llama_llama_4_scout_17b_16e_instruct,RANDOM,number_kind,zero,5,True,True,[0],0.0,zero,0,122,7.391697727143764e-05
meta_llama_llama_4_scout_17b_16e_instruct,RANDOM,number_kind,zero,6,False,False,[3],3.0,,0,1000,0.0005547089967876
meta_llama_llama_4_scout_17b_16e_instruct,RANDOM,number_kind,zero,7,True,True,[0],0.0,zero,0,260,0.000149416970089
meta_llama_llama_4_scout_17b_16e_instruct,RANDOM,number_kind,zero,8,False,False,[2],2.0,,0,1000,0.0005559580167755
meta_llama_llama_4_scout_17b_16e_instruct,RANDOM,number_kind,zero,9,False,False,[-2],2.0,,0,1000,0.000554124941118
meta_llama_llama_4_scout_17b_16e_instruct,RANDOM,number_kind,zero,10,True,True,[0],0.0,zero,0,363,0.0002010830212384
meta_llama_llama_4_scout_17b_16e_instruct,RANDOM,number_kind,zero,11,True,True,[0],0.0,zero,0,582,0.0003223330713808
meta_llama_llama_4_scout_17b_16e_instruct,RANDOM,number_kind,zero,12,True,True,[0],0.0,zero,0,603,0.0003326250007376
meta_llama_llama_4_scout_17b_16e_instruct,RANDOM,number_kind,zero,13,True,True,[0],0.0,zero,0,759,0.0004176249494776
meta_llama_llama_4_scout_17b_16e_instruct,RANDOM,number_kind,zero,14,False,False,[3],3.0,,0,1000,0.00054358295165
meta_llama_llama_4_scout_17b_16e_instruct,RANDOM,number_kind,zero,15,False,False,[-1],1.0,,0,1000,0.0005430420860648
meta_llama_llama_4_scout_17b_16e_instruct,RANDOM,number_kind,zero,16,True,True,[0],0.0,zero,0,730,0.0004017499741166
meta_llama_llama_4_scout_17b_16e_instruct,RANDOM,number_kind,zero,17,False,False,[-2],2.0,,0,1000,0.0005429579177871
meta_llama_llama_4_scout_17b_16e_instruct,RANDOM,number_kind,zero,18,True,True,[0],0.0,zero,0,501,0.0002730839187279
meta_llama_llama_4_scout_17b_16e_instruct,RANDOM,number_kind,zero,19,False,False,[1],1.0,,0,1000,0.0005542919971048
meta_llama_llama_4_scout_17b_16e_instruct,RANDOM,number_kind,zero,20,True,True,[0],0.0,zero,0,168,0.0001004580408334
meta_llama_llama_4_scout_17b_16e_instruct,RANDOM,number_kind,zero,21,False,False,[-1],1.0,,0,1000,0.0005475000943988
meta_llama_llama_4_scout_17b_16e_instruct,RANDOM,number_kind,zero,22,False,False,[-1],1.0,,0,1000,0.0005447079893201
meta_llama_llama_4_scout_17b_16e_instruct,RANDOM,number_kind,zero,23,False,False,[-3],3.0,,0,1000,0.000546499970369
meta_llama_llama_4_scout_17b_16e_instruct,RANDOM,number_kind,zero,24,False,False,[-1],1.0,,0,1000,0.0005301249912008
meta_llama_llama_4_scout_17b_16e_instruct,RANDOM,number_kind,zero,25,False,False,[-1],1.0,,0,1000,0.0005806669360026
meta_llama_llama_4_scout_17b_16e_instruct,RANDOM,number_kind,zero,26,False,False,[-1],1.0,,0,1000,0.0005680420435965
meta_llama_llama_4_scout_17b_16e_instruct,RANDOM,number_kind,zero,27,False,False,[-3],3.0,,0,1000,0.0005677910521626
meta_llama_llama_4_scout_17b_16e_instruct,RANDOM,number_kind,zero,28,False,False,[-4],4.0,,0,1000,0.0005944999866187
meta_llama_llama_4_scout_17b_16e_instruct,RANDOM,number_kind,zero,29,True,True,[0],0.0,zero,0,961,0.0005337500479072
meta_llama_llama_4_scout_17b_16e_instruct,RANDOM,pin_pattern,all_same,0,True,True,"[2182, 2182, 2189, 227]",0.0,all_same,0,189,0.0002927080495283
meta_llama_llama_4_scout_17b_16e_instruct,RANDOM,pin_pattern,all_same,1,False,False,"[2484, 1429, 2672, 2485]",1.0,,0,1000,0.0014785829698666
meta_llama_llama_4_scout_17b_16e_instruct,RANDOM,pin_pattern,all_same,2,True,True,"[1649, 2026, 1649, 2500]",0.0,all_same,0,203,0.0003051250241696
meta_llama_llama_4_scout_17b_16e_instruct,RANDOM,pin_pattern,all_same,3,False,False,"[2018, 2146, 2017, -51]",1.0,,0,1000,0.0014752910938113
meta_llama_llama_4_scout_17b_16e_instruct,RANDOM,pin_pattern,all_same,4,True,True,"[-444, -444, 2947, 951]",0.0,all_same,0,481,0.0007181250257417
meta_llama_llama_4_scout_17b_16e_instruct,RANDOM,pin_pattern,all_same,5,True,True,"[1271, 490, 1925, 1271]",0.0,all_same,0,27,5.070795305073261e-05
meta_llama_llama_4_scout_17b_16e_instruct,RANDOM,pin_pattern,all_same,6,False,False,"[592, 914, 2433, 591]",1.0,,0,1000,0.001469875103794
meta_llama_llama_4_scout_17b_16e_instruct,RANDOM,pin_pattern,all_same,7,True,True,"[2416, 188, 2416, -194]",0.0,all_same,0,993,0.0014610840007662
meta_llama_llama_4_scout_17b_16e_instruct,RANDOM,pin_pattern,all_same,8,True,True,"[1262, 2830, 1262, 128]",0.0,all_same,0,205,0.0003126669907942
meta_llama_llama_4_scout_17b_16e_instruct,RANDOM,pin_pattern,all_same,9,True,True,"[277, 277, 2714, 2935]",0.0,all_same,0,859,0.0012669579591602
meta_llama_llama_4_scout_17b_16e_instruct,RANDOM,pin_pattern,all_same,10,True,True,"[2996, 2101, 2996, 1760]",0.0,all_same,0,219,0.0003311659675091
meta_llama_llama_4_scout_17b_16e_instruct,RANDOM,pin_pattern,all_same,11,True,True,"[159, 2269, 159, 814]",0.0,all_same,0,196,0.0002961669815704
meta_llama_llama_4_scout_17b_16e_instruct,RANDOM,pin_pattern,all_same,12,True,True,"[2084, 1286, 212, 2084]",0.0,all_same,0,11,2.1332991309463974e-05
meta_llama_llama_4_scout_17b_16e_instruct,RANDOM,pin_pattern,all_same,13,True,True,"[1551, 1551, 2372, 985]",0.0,all_same,0,925,0.0013612080365419
meta_llama_llama_4_scout_17b_16e_instruct,RANDOM,pin_pattern,all_same,14,True,True,"[-229, 2320, -229, 1165]",0.0,all_same,0,463,0.0006871670484542
meta_llama_llama_4_scout_17b_16e_instruct,RANDOM,pin_pattern,all_same,15,False,False,"[-1, 624, -2, 2479]",1.0,,0,1000,0.0014875830383971
meta_llama_llama_4_scout_17b_16e_instruct,RANDOM,pin_pattern,all_same,16,True,True,"[1073, 1073, 441, -249]",0.0,all_same,0,465,0.0007017500465735
meta_llama_llama_4_scout_17b_16e_instruct,RANDOM,pin_pattern,all_same,17,True,True,"[-101, -101, 1139, 2424]",0.0,all_same,0,135,0.0002083749277517
meta_llama_llama_4_scout_17b_16e_instruct,RANDOM,pin_pattern,all_same,18,True,True,"[2429, 2429, 2532, 2105]",0.0,all_same,0,369,0.0005491250194609
meta_llama_llama_4_scout_17b_16e_instruct,RANDOM,pin_pattern,all_same,19,True,True,"[1358, 1892, 2340, 1358]",0.0,all_same,0,604,0.0009014589013531
meta_llama_llama_4_scout_17b_16e_instruct,RANDOM,pin_pattern,all_same,20,False,False,"[458, -92, 1898, 459]",1.0,,0,1000,0.0014859159709885
meta_llama_llama_4_scout_17b_16e_instruct,RANDOM,pin_pattern,all_same,21,False,False,"[-13, -14, 1993, 1005]",1.0,,0,1000,0.0014740000478923
meta_llama_llama_4_scout_17b_16e_instruct,RANDOM,pin_pattern,all_same,22,True,True,"[239, -196, 2926, 239]",0.0,all_same,0,429,0.0006387080065906
meta_llama_llama_4_scout_17b_16e_instruct,RANDOM,pin_pattern,all_same,23,False,False,"[486, 2692, 84, 484]",2.0,,0,1000,0.0014739169273525
meta_llama_llama_4_scout_17b_16e_instruct,RANDOM,pin_pattern,all_same,24,False,False,"[1642, 1858, 1641, -91]",1.0,,0,1000,0.0014714580029249
meta_llama_llama_4_scout_17b_16e_instruct,RANDOM,pin_pattern,all_same,25,False,False,"[120, 1464, 2746, 119]",1.0,,0,1000,0.0014716249424964
meta_llama_llama_4_scout_17b_16e_instruct,RANDOM,pin_pattern,all_same,26,True,True,"[395, 1341, 1215, 395]",0.0,all_same,0,314,0.0004699170822277
meta_llama_llama_4_scout_17b_16e_instruct,RANDOM,pin_pattern,all_same,27,False,False,"[-410, 2713, -8, -409]",1.0,,0,1000,0.001464125001803
meta_llama_llama_4_scout_17b_16e_instruct,RANDOM,pin_pattern,all_same,28,True,True,"[2257, 2025, 2769, 2257]",0.0,all_same,0,846,0.0012453329982236
meta_llama_llama_4_scout_17b_16e_instruct,RANDOM,pin_pattern,all_same,29,False,False,"[2443, 653, 344, 2442]",1.0,,0,1000,0.0014908330049365
meta_llama_llama_4_scout_17b_16e_instruct,RANDOM,pin_pattern,ordered_sum_20,0,False,False,"[86, -258, -48, 13]",571.0,,0,1000,0.0016097089974209
meta_llama_llama_4_scout_17b_16e_instruct,RANDOM,pin_pattern,ordered_sum_20,1,False,False,"[-159, -231, 112, 333]",107.0,,0,1000,0.001585291000083
meta_llama_llama_4_scout_17b_16e_instruct,RANDOM,pin_pattern,ordered_sum_20,2,False,False,"[-460, -341, -225, 1495]",449.0,,0,1000,0.0015797090018168
meta_llama_llama_4_scout_17b_16e_instruct,RANDOM,pin_pattern,ordered_sum_20,3,False,False,"[-435, -12, 213, 742]",488.0,,0,1000,0.0015951249515637
meta_llama_llama_4_scout_17b_16e_instruct,RANDOM,pin_pattern,ordered_sum_20,4,False,False,"[-383, -204, 211, 355]",41.0,,0,1000,0.0015889159403741
meta_llama_llama_4_scout_17b_16e_instruct,RANDOM,pin_pattern,ordered_sum_20,5,False,False,"[-207, -277, -320, 811]",126.0,,0,1000,0.001575666014105
meta_llama_llama_4_scout_17b_16e_instruct,RANDOM,pin_pattern,ordered_sum_20,6,False,False,"[-315, -329, 43, 416]",219.0,,0,1000,0.0015891250222921
meta_llama_llama_4_scout_17b_16e_instruct,RANDOM,pin_pattern,ordered_sum_20,7,False,False,"[-439, -424, 588, 714]",419.0,,0,1000,0.0015874579548835
meta_llama_llama_4_scout_17b_16e_instruct,RANDOM,pin_pattern,ordered_sum_20,8,False,False,"[-100, -38, -67, 253]",57.0,,0,1000,0.0015886250184848
meta_llama_llama_4_scout_17b_16e_instruct,RANDOM,pin_pattern,ordered_sum_20,9,False,False,"[-63, 76, -141, 142]",223.0,,0,1000,0.0015833750367164
meta_llama_llama_4_scout_17b_16e_instruct,RANDOM,pin_pattern,ordered_sum_20,10,False,False,"[-168, -62, -81, 480]",168.0,,0,1000,0.0016314580570906
meta_llama_llama_4_scout_17b_16e_instruct,RANDOM,pin_pattern,ordered_sum_20,11,False,False,"[-450, -179, -206, 1102]",274.0,,0,1000,0.0015928749926388
meta_llama_llama_4_scout_17b_16e_instruct,RANDOM,pin_pattern,ordered_sum_20,12,False,False,"[-306, -435, 304, 867]",539.0,,0,1000,0.0015686670085415
meta_llama_llama_4_scout_17b_16e_instruct,RANDOM,pin_pattern,ordered_sum_20,13,False,False,"[-294, -181, 149, -72]",639.0,,0,1000,0.0015827920287847
meta_llama_llama_4_scout_17b_16e_instruct,RANDOM,pin_pattern,ordered_sum_20,14,False,False,"[-454, -480, -230, 1465]",307.0,,0,1000,0.0015967501094564
meta_llama_llama_4_scout_17b_16e_instruct,RANDOM,pin_pattern,ordered_sum_20,15,False,False,"[-275, -175, 54, 830]",414.0,,0,1000,0.0015812080819159
meta_llama_llama_4_scout_17b_16e_instruct,RANDOM,pin_pattern,ordered_sum_20,16,False,False,"[-273, -250, -272, 845]",52.0,,0,1000,0.0015874999808147
meta_llama_llama_4_scout_17b_16e_instruct,RANDOM,pin_pattern,ordered_sum_20,17,False,False,"[-369, -227, -387, 1655]",812.0,,0,1000,0.0015862080035731
meta_llama_llama_4_scout_17b_16e_instruct,RANDOM,pin_pattern,ordered_sum_20,18,False,False,"[-451, 108, -249, 741]",486.0,,0,1000,0.0015838750405237
meta_llama_llama_4_scout_17b_16e_instruct,RANDOM,pin_pattern,ordered_sum_20,19,False,False,"[-266, -277, -193, 599]",168.0,,0,1000,0.0015871248906478
meta_llama_llama_4_scout_17b_16e_instruct,RANDOM,pin_pattern,ordered_sum_20,20,False,False,"[-324, 80, -65, 101]",373.0,,0,1000,0.0015885840402916
meta_llama_llama_4_scout_17b_16e_instruct,RANDOM,pin_pattern,ordered_sum_20,21,False,False,"[-229, -219, -145, 621]",8.0,,0,1000,0.0016178339719772
meta_llama_llama_4_scout_17b_16e_instruct,RANDOM,pin_pattern,ordered_sum_20,22,False,False,"[-207, -127, -258, 458]",285.0,,0,1000,0.0016572090098634
meta_llama_llama_4_scout_17b_16e_instruct,RANDOM,pin_pattern,ordered_sum_20,23,False,False,"[33, -405, 12, 384]",442.0,,0,1000,0.0016120839864015
meta_llama_llama_4_scout_17b_16e_instruct,RANDOM,pin_pattern,ordered_sum_20,24,False,False,"[-436, -10, -85, 423]",203.0,,0,1000,0.0016048341058194
meta_llama_llama_4_scout_17b_16e_instruct,RANDOM,pin_pattern,ordered_sum_20,25,False,False,"[-380, -295, -228, 577]",346.0,,0,1000,0.001596208079718
meta_llama_llama_4_scout_17b_16e_instruct,RANDOM,pin_pattern,ordered_sum_20,26,False,False,"[60, -138, 147, 31]",394.0,,0,1000,0.0015870829811319
meta_llama_llama_4_scout_17b_16e_instruct,RANDOM,pin_pattern,ordered_sum_20,27,False,False,"[-236, -342, -280, 1104]",332.0,,0,1000,0.0015808750176802
meta_llama_llama_4_scout_17b_16e_instruct,RANDOM,pin_pattern,ordered_sum_20,28,False,False,"[-374, 55, -48, 382]",108.0,,0,1000,0.00157883297652
meta_llama_llama_4_scout_17b_16e_instruct,RANDOM,pin_pattern,ordered_sum_20,29,False,False,"[79, -159, 1, 146]",285.0,,0,1000,0.001579999923706
meta_llama_llama_4_scout_17b_16e_instruct,RANDOM,pin_pattern,other,0,True,True,"[504, 1738, 1675, 270]",0.0,other,0,1,5.709007382392883e-06
meta_llama_llama_4_scout_17b_16e_instruct,RANDOM,pin_pattern,other,1,True,True,"[-68, 1986, 2279, -73]",0.0,other,0,1,4.542060196399689e-06
meta_llama_llama_4_scout_17b_16e_instruct,RANDOM,pin_pattern,other,2,True,True,"[352, 1336, 191, 1527]",0.0,other,0,1,4.624947905540466e-06
meta_llama_llama_4_scout_17b_16e_instruct,RANDOM,pin_pattern,other,3,True,True,"[224, 2514, 197, 770]",0.0,other,0,1,3.875000402331352e-06
meta_llama_llama_4_scout_17b_16e_instruct,RANDOM,pin_pattern,other,4,True,True,"[1662, 1054, -67, 2]",0.0,other,0,1,4.334026016294956e-06
meta_llama_llama_4_scout_17b_16e_instruct,RANDOM,pin_pattern,other,5,True,True,"[337, 827, 2697, 2279]",0.0,other,0,1,4.417030140757561e-06
meta_llama_llama_4_scout_17b_16e_instruct,RANDOM,pin_pattern,other,6,True,True,"[1589, -346, 2338, 2099]",0.0,other,0,1,4.083034582436085e-06
meta_llama_llama_4_scout_17b_16e_instruct,RANDOM,pin_pattern,other,7,True,True,"[518, 489, 2923, 79]",0.0,other,0,1,4.208995960652828e-06
meta_llama_llama_4_scout_17b_16e_instruct,RANDOM,pin_pattern,other,8,True,True,"[1137, 237, 972, -206]",0.0,other,0,1,4.124944098293781e-06
meta_llama_llama_4_scout_17b_16e_instruct,RANDOM,pin_pattern,other,9,True,True,"[2982, -443, 257, 2034]",0.0,other,0,1,3.624940291047096e-06
meta_llama_llama_4_scout_17b_16e_instruct,RANDOM,pin_pattern,other,10,True,True,"[345, 444, 2417, 1640]",0.0,other,0,1,4.249974153935909e-06
meta_llama_llama_4_scout_17b_16e_instruct,RANDOM,pin_pattern,other,11,True,True,"[6, 1411, 1049, 1446]",0.0,other,0,1,4.249974153935909e-06
meta_llama_llama_4_scout_17b_16e_instruct,RANDOM,pin_pattern,other,12,True,True,"[2930, 271, 2248, -12]",0.0,other,0,1,3.5410048440098763e-06
meta_llama_llama_4_scout_17b_16e_instruct,RANDOM,pin_pattern,other,13,True,True,"[132, 592, 2276, 1842]",0.0,other,0,1,4.458008334040642e-06
meta_llama_llama_4_scout_17b_16e_instruct,RANDOM,pin_pattern,other,14,True,True,"[771, -202, 1445, 419]",0.0,other,0,1,4.332978278398514e-06
meta_llama_llama_4_scout_17b_16e_instruct,RANDOM,pin_pattern,other,15,True,True,"[207, 2970, 2898, 2771]",0.0,other,0,1,3.750086762011051e-06
meta_llama_llama_4_scout_17b_16e_instruct,RANDOM,pin_pattern,other,16,True,True,"[2176, 2653, 2395, 359]",0.0,other,0,1,4.0839659050107e-06
meta_llama_llama_4_scout_17b_16e_instruct,RANDOM,pin_pattern,other,17,True,True,"[144, 1183, -369, 998]",0.0,other,0,1,4.458008334040642e-06
meta_llama_llama_4_scout_17b_16e_instruct,RANDOM,pin_pattern,other,18,True,True,"[-348, 2616, 417, 183]",0.0,other,0,1,3.833090886473656e-06
meta_llama_llama_4_scout_17b_16e_instruct,RANDOM,pin_pattern,other,19,True,True,"[301, 1200, 2152, -364]",0.0,other,0,1,4.125060513615608e-06
meta_llama_llama_4_scout_17b_16e_instruct,RANDOM,pin_pattern,other,20,True,True,"[1600, 1122, 1380, 1000]",0.0,other,0,1,4.458008334040642e-06
meta_llama_llama_4_scout_17b_16e_instruct,RANDOM,pin_pattern,other,21,True,True,"[916, -38, 2450, 562]",0.0,other,0,1,4.082918167114258e-06
meta_llama_llama_4_scout_17b_16e_instruct,RANDOM,pin_pattern,other,22,True,True,"[461, -19, 236, 1203]",0.0,other,0,1,4.457891918718815e-06
meta_llama_llama_4_scout_17b_16e_instruct,RANDOM,pin_pattern,other,23,True,True,"[76, -190, -189, 771]",0.0,other,0,1,4.00003045797348e-06
meta_llama_llama_4_scout_17b_16e_instruct,RANDOM,pin_pattern,other,24,True,True,"[816, -176, 2286, 1738]",0.0,other,0,1,3.5830307751893997e-06
meta_llama_llama_4_scout_17b_16e_instruct,RANDOM,pin_pattern,other,25,True,True,"[266, 2856, 1371, -498]",0.0,other,0,1,4.249974153935909e-06
meta_llama_llama_4_scout_17b_16e_instruct,RANDOM,pin_pattern,other,26,True,True,"[1909, 2169, 219, 600]",0.0,other,0,1,4.208064638078213e-06
meta_llama_llama_4_scout_17b_16e_instruct,RANDOM,pin_pattern,other,27,True,True,"[2036, 2995, 1024, 2012]",0.0,other,0,1,3.666034899652004e-06
meta_llama_llama_4_scout_17b_16e_instruct,RANDOM,pin_pattern,other,28,True,True,"[2396, 2731, 11, 23]",0.0,other,0,1,4.332978278398514e-06
meta_llama_llama_4_scout_17b_16e_instruct,RANDOM,pin_pattern,other,29,True,True,"[617, 1708, 1487, 2593]",0.0,other,0,1,3.7909485399723057e-06
meta_llama_llama_4_scout_17b_16e_instruct,RANDOM,pin_pattern,secret_pin,0,False,False,"[201, 53, -197, -167]",618.0,,0,1000,0.0015119999879971
meta_llama_llama_4_scout_17b_16e_instruct,RANDOM,pin_pattern,secret_pin,1,False,False,"[-40, 13, 486, 381]",914.0,,0,1000,0.0015029580099508
meta_llama_llama_4_scout_17b_16e_instruct,RANDOM,pin_pattern,secret_pin,2,False,False,"[444, 140, 3, -9]",590.0,,0,1000,0.0014817499322816
meta_llama_llama_4_scout_17b_16e_instruct,RANDOM,pin_pattern,secret_pin,3,False,False,"[125, 70, -192, -69]",456.0,,0,1000,0.0014970829943194
meta_llama_llama_4_scout_17b_16e_instruct,RANDOM,pin_pattern,secret_pin,4,False,False,"[402, 378, 76, -22]",860.0,,0,1000,0.0015909590292721
meta_llama_llama_4_scout_17b_16e_instruct,RANDOM,pin_pattern,secret_pin,5,False,False,"[-177, 79, 87, 36]",373.0,,0,1000,0.0015920420410111
meta_llama_llama_4_scout_17b_16e_instruct,RANDOM,pin_pattern,secret_pin,6,False,False,"[47, 38, 536, -360]",963.0,,0,1000,0.0015172919956967
meta_llama_llama_4_scout_17b_16e_instruct,RANDOM,pin_pattern,secret_pin,7,False,False,"[-324, -232, -94, -144]",814.0,,0,1000,0.00159291701857
meta_llama_llama_4_scout_17b_16e_instruct,RANDOM,pin_pattern,secret_pin,8,False,False,"[-35, -167, 169, -43]",416.0,,0,1000,0.0015865840250626
meta_llama_llama_4_scout_17b_16e_instruct,RANDOM,pin_pattern,secret_pin,9,False,False,"[-389, -11, 27, -253]",682.0,,0,1000,0.0015697500202804
meta_llama_llama_4_scout_17b_16e_instruct,RANDOM,pin_pattern,secret_pin,10,False,False,"[-348, 79, 106, -22]",551.0,,0,1000,0.0015748330624774
meta_llama_llama_4_scout_17b_16e_instruct,RANDOM,pin_pattern,secret_pin,11,False,False,"[-251, -22, -128, -108]",529.0,,0,1000,0.0015770000172778
meta_llama_llama_4_scout_17b_16e_instruct,RANDOM,pin_pattern,secret_pin,12,False,False,"[104, 161, 82, 326]",653.0,,0,1000,0.0015716250054538
meta_llama_llama_4_scout_17b_16e_instruct,RANDOM,pin_pattern,secret_pin,13,False,False,"[-179, -210, -86, -64]",559.0,,0,1000,0.0015817920211702
meta_llama_llama_4_scout_17b_16e_instruct,RANDOM,pin_pattern,secret_pin,14,False,False,"[261, -87, -100, -45]",499.0,,0,1000,0.0015771250473335
meta_llama_llama_4_scout_17b_16e_instruct,RANDOM,pin_pattern,secret_pin,15,False,False,"[240, 14, 329, 293]",856.0,,0,1000,0.0015645420644432
meta_llama_llama_4_scout_17b_16e_instruct,RANDOM,pin_pattern,secret_pin,16,False,False,"[64, 17, 503, 264]",828.0,,0,1000,0.0015697079943493
meta_llama_llama_4_scout_17b_16e_instruct,RANDOM,pin_pattern,secret_pin,17,False,False,"[-134, 237, -46, 413]",842.0,,0,1000,0.0015726250130683
meta_llama_llama_4_scout_17b_16e_instruct,RANDOM,pin_pattern,secret_pin,18,False,False,"[48, 86, -198, -223]",555.0,,0,1000,0.0016024580691009
meta_llama_llama_4_scout_17b_16e_instruct,RANDOM,pin_pattern,secret_pin,19,False,False,"[221, 0, 85, 64]",356.0,,0,1000,0.0015727920690551
meta_llama_llama_4_scout_17b_16e_instruct,RANDOM,pin_pattern,secret_pin,20,False,False,"[-369, -15, -240, -144]",788.0,,0,1000,0.0015667920233681
meta_llama_llama_4_scout_17b_16e_instruct,RANDOM,pin_pattern,secret_pin,21,False,False,"[561, -55, 145, -12]",761.0,,0,1000,0.0015719999792054
meta_llama_llama_4_scout_17b_16e_instruct,RANDOM,pin_pattern,secret_pin,22,False,False,"[-312, 21, 46, 21]",394.0,,0,1000,0.0015689169522374
meta_llama_llama_4_scout_17b_16e_instruct,RANDOM,pin_pattern,secret_pin,23,False,False,"[-199, 137, 56, 7]",393.0,,0,1000,0.0015603339998051
meta_llama_llama_4_scout_17b_16e_instruct,RANDOM,pin_pattern,secret_pin,24,False,False,"[-143, -426, 86, -197]",854.0,,0,1000,0.0015737920766696
meta_llama_llama_4_scout_17b_16e_instruct,RANDOM,pin_pattern,secret_pin,25,False,False,"[-19, 313, 37, 51]",414.0,,0,1000,0.0015703750541433
meta_llama_llama_4_scout_17b_16e_instruct,RANDOM,pin_pattern,secret_pin,26,False,False,"[4, 117, -242, 13]",380.0,,0,1000,0.0015851249918341
meta_llama_llama_4_scout_17b_16e_instruct,RANDOM,pin_pattern,secret_pin,27,False,False,"[20, 181, 131, 42]",354.0,,0,1000,0.0016015410656109
meta_llama_llama_4_scout_17b_16e_instruct,RANDOM,pin_pattern,secret_pin,28,False,False,"[377, 463, -25, 21]",884.0,,0,1000,0.0015772499609738
meta_llama_llama_4_scout_17b_16e_instruct,RANDOM,pin_pattern,secret_pin,29,False,False,"[426, -194, -102, -73]",801.0,,0,1000,0.0015817920211702
meta_llama_llama_4_scout_17b_16e_instruct,RANDOM,shipping_discount,free_express_shipping,0,True,True,"[215.85936232379902, 45.22063602160843, True]",0.0,free_express_shipping,0,22,3.0209077522158623e-05
meta_llama_llama_4_scout_17b_16e_instruct,RANDOM,shipping_discount,free_express_shipping,1,True,True,"[265.5467402476826, 43.06715522200625, True]",0.0,free_express_shipping,0,120,0.0001274580135941
meta_llama_llama_4_scout_17b_16e_instruct,RANDOM,shipping_discount,free_express_shipping,2,True,True,"[209.14518184132697, 45.85134614234035, True]",0.0,free_express_shipping,0,2,3.832974471151829e-06
meta_llama_llama_4_scout_17b_16e_instruct,RANDOM,shipping_discount,free_express_shipping,3,True,True,"[298.32251755159564, 21.264100510342665, True]",0.0,free_express_shipping,0,63,7.23750563338399e-05
meta_llama_llama_4_scout_17b_16e_instruct,RANDOM,shipping_discount,free_express_shipping,4,True,True,"[247.26839043800496, 30.368176543125458, True]",0.0,free_express_shipping,0,12,1.570803578943014e-05
meta_llama_llama_4_scout_17b_16e_instruct,RANDOM,shipping_discount,free_express_shipping,5,True,True,"[269.2585886624482, 23.85904596784483, True]",0.0,free_express_shipping,0,28,3.133295103907585e-05
meta_llama_llama_4_scout_17b_16e_instruct,RANDOM,shipping_discount,free_express_shipping,6,True,True,"[203.78688953128048, 20.562724819435086, True]",0.0,free_express_shipping,0,42,4.754099063575268e-05
meta_llama_llama_4_scout_17b_16e_instruct,RANDOM,shipping_discount,free_express_shipping,7,True,True,"[240.11831122187493, 6.959207830774716, True]",0.0,free_express_shipping,0,70,8.25830502435565e-05
meta_llama_llama_4_scout_17b_16e_instruct,RANDOM,shipping_discount,free_express_shipping,8,True,True,"[293.38124554344233, 16.718783384941595, True]",0.0,free_express_shipping,0,39,4.7708977945148945e-05
meta_llama_llama_4_scout_17b_16e_instruct,RANDOM,shipping_discount,free_express_shipping,9,True,True,"[212.44895346594822, 6.737738652373304, True]",0.0,free_express_shipping,0,41,4.5208027586340904e-05
meta_llama_llama_4_scout_17b_16e_instruct,RANDOM,shipping_discount,free_express_shipping,10,True,True,"[299.65431884960867, 9.78108542970807, True]",0.0,free_express_shipping,0,102,0.0001116669736802
meta_llama_llama_4_scout_17b_16e_instruct,RANDOM,shipping_discount,free_express_shipping,11,True,True,"[201.69497074687374, 29.396546711111583, True]",0.0,free_express_shipping,0,1,2.7079368010163307e-06
meta_llama_llama_4_scout_17b_16e_instruct,RANDOM,shipping_discount,free_express_shipping,12,True,True,"[287.4414597575098, 18.71072738219318, True]",0.0,free_express_shipping,0,28,3.4208991564810276e-05
meta_llama_llama_4_scout_17b_16e_instruct,RANDOM,shipping_discount,free_express_shipping,13,True,True,"[275.81429071444717, 15.600349086368325, True]",0.0,free_express_shipping,0,27,3.216706681996584e-05
meta_llama_llama_4_scout_17b_16e_instruct,RANDOM,shipping_discount,free_express_shipping,14,True,True,"[288.5472990604772, 20.753968308704916, True]",0.0,free_express_shipping,0,7,9.750016033649445e-06
meta_llama_llama_4_scout_17b_16e_instruct,RANDOM,shipping_discount,free_express_shipping,15,True,True,"[296.3603559307712, 36.94663736374532, True]",0.0,free_express_shipping,0,1,2.625049091875553e-06
meta_llama_llama_4_scout_17b_16e_instruct,RANDOM,shipping_discount,free_express_shipping,16,True,True,"[262.50715551293007, 40.19137665636471, True]",0.0,free_express_shipping,0,20,2.54589831456542e-05
meta_llama_llama_4_scout_17b_16e_instruct,RANDOM,shipping_discount,free_express_shipping,17,True,True,"[292.9460472504882, 21.876434836290702, True]",0.0,free_express_shipping,0,16,1.933297608047724e-05
meta_llama_llama_4_scout_17b_16e_instruct,RANDOM,shipping_discount,free_express_shipping,18,True,True,"[293.64877453209607, 27.396700385265504, True]",0.0,free_express_shipping,0,25,2.995890099555254e-05
meta_llama_llama_4_scout_17b_16e_instruct,RANDOM,shipping_discount,free_express_shipping,19,True,True,"[248.54051006092467, 23.05134166069194, True]",0.0,free_express_shipping,0,59,6.837502587586641e-05
meta_llama_llama_4_scout_17b_16e_instruct,RANDOM,shipping_discount,free_express_shipping,20,True,True,"[284.69585876224437, 29.49261070869884, True]",0.0,free_express_shipping,0,46,5.495897494256496e-05
meta_llama_llama_4_scout_17b_16e_instruct,RANDOM,shipping_discount,free_express_shipping,21,True,True,"[209.67783326868306, 15.938874110708777, True]",0.0,free_express_shipping,0,41,4.9541937187314034e-05
meta_llama_llama_4_scout_17b_16e_instruct,RANDOM,shipping_discount,free_express_shipping,22,True,True,"[266.6366978596772, 29.000465848546575, True]",0.0,free_express_shipping,0,23,2.675002906471491e-05
meta_llama_llama_4_scout_17b_16e_instruct,RANDOM,shipping_discount,free_express_shipping,23,True,True,"[234.01641801570446, 34.330188822093014, True]",0.0,free_express_shipping,0,99,0.0001047080149874
meta_llama_llama_4_scout_17b_16e_instruct,RANDOM,shipping_discount,free_express_shipping,24,True,True,"[295.92280165270665, 41.12503771513265, True]",0.0,free_express_shipping,0,31,3.724999260157347e-05
meta_llama_llama_4_scout_17b_16e_instruct,RANDOM,shipping_discount,free_express_shipping,25,True,True,"[299.6583041424771, 23.95327707514694, True]",0.0,free_express_shipping,0,1,2.2079329937696457e-06
meta_llama_llama_4_scout_17b_16e_instruct,RANDOM,shipping_discount,free_express_shipping,26,True,True,"[229.22637373831478, 47.29016423880581, True]",0.0,free_express_shipping,0,21,2.6708003133535385e-05
meta_llama_llama_4_scout_17b_16e_instruct,RANDOM,shipping_discount,free_express_shipping,27,True,True,"[232.86666924542578, 12.84789938155999, True]",0.0,free_express_shipping,0,72,7.712503429502249e-05
meta_llama_llama_4_scout_17b_16e_instruct,RANDOM,shipping_discount,free_express_shipping,28,True,True,"[242.18486237094444, 47.53127913603799, True]",0.0,free_express_shipping,0,10,1.3291952200233936e-05
meta_llama_llama_4_scout_17b_16e_instruct,RANDOM,shipping_discount,free_express_shipping,29,True,True,"[202.79817054062488, 9.270683128687363, True]",0.0,free_express_shipping,0,8,1.0791933164000511e-05
meta_llama_llama_4_scout_17b_16e_instruct,RANDOM,shipping_discount,invalid,0,False,False,"[230.24204229413553, 260.8778521263549, False]",1.0,,0,1000,0.0008263749768957
meta_llama_llama_4_scout_17b_16e_instruct,RANDOM,shipping_discount,invalid,1,False,False,"[29.63602128373931, 120.61019107046286, False]",1.0,,0,1000,0.0008033749181777
meta_llama_llama_4_scout_17b_16e_instruct,RANDOM,shipping_discount,invalid,2,False,False,"[283.6278893424553, 251.81001995734837, True]",1.0,,0,1000,0.0007907500257715
meta_llama_llama_4_scout_17b_16e_instruct,RANDOM,shipping_discount,invalid,3,False,False,"[24.88562999766879, 101.37752901978821, False]",1.0,,0,1000,0.0007924580713734
meta_llama_llama_4_scout_17b_16e_instruct,RANDOM,shipping_discount,invalid,4,False,False,"[230.09238043332033, 63.37188526013615, True]",1.0,,0,1000,0.0007893330184742
meta_llama_llama_4_scout_17b_16e_instruct,RANDOM,shipping_discount,invalid,5,False,False,"[32.618888764534326, 28.742367635977573, True]",1.0,,0,1000,0.0007948750862851
meta_llama_llama_4_scout_17b_16e_instruct,RANDOM,shipping_discount,invalid,6,False,False,"[139.40348804798984, 19.46390891195201, True]",1.0,,0,1000,0.0008130409987643
meta_llama_llama_4_scout_17b_16e_instruct,RANDOM,shipping_discount,invalid,7,False,False,"[76.23314052508363, 121.70104728844738, False]",1.0,,0,1000,0.0007908750558272
meta_llama_llama_4_scout_17b_16e_instruct,RANDOM,shipping_discount,invalid,8,False,False,"[145.80967918483313, 296.78968433958977, False]",1.0,,0,1000,0.000798083958216
meta_llama_llama_4_scout_17b_16e_instruct,RANDOM,shipping_discount,invalid,9,False,False,"[268.4128258396737, 280.657969347858, False]",1.0,,0,1000,0.000795374973677
meta_llama_llama_4_scout_17b_16e_instruct,RANDOM,shipping_discount,invalid,10,False,False,"[5.219364800517445, 7.487349019583922, False]",1.0,,0,1000,0.0007941660005599
meta_llama_llama_4_scout_17b_16e_instruct,RANDOM,shipping_discount,invalid,11,False,False,"[8.915806461171593, 235.10111767034127, False]",1.0,,0,1000,0.0007917080074548
meta_llama_llama_4_scout_17b_16e_instruct,RANDOM,shipping_discount,invalid,12,False,False,"[268.302055042544, 122.81198893514154, False]",1.0,,0,1000,0.0007841249462217
meta_llama_llama_4_scout_17b_16e_instruct,RANDOM,shipping_discount,invalid,13,False,False,"[144.91923525454868, 10.042686160020475, True]",1.0,,0,1000,0.0007915410678833
meta_llama_llama_4_scout_17b_16e_instruct,RANDOM,shipping_discount,invalid,14,False,False,"[228.15547989556208, 283.8958267129326, False]",1.0,,0,1000,0.0007907500257715
meta_llama_llama_4_scout_17b_16e_instruct,RANDOM,shipping_discount,invalid,15,False,False,"[280.3184369532769, 68.50139324933082, False]",1.0,,0,1000,0.0007863749051466
meta_llama_llama_4_scout_17b_16e_instruct,RANDOM,shipping_discount,invalid,16,False,False,"[122.21880355355572, 127.10701274379272, False]",1.0,,0,1000,0.0007944159442558
meta_llama_llama_4_scout_17b_16e_instruct,RANDOM,shipping_discount,invalid,17,False,False,"[119.59572962530922, 14.61233380923609, True]",1.0,,0,1000,0.0007997500943019
meta_llama_llama_4_scout_17b_16e_instruct,RANDOM,shipping_discount,invalid,18,False,False,"[35.413173220235606, 36.66919895562116, True]",1.0,,0,1000,0.0008010829333215
meta_llama_llama_4_scout_17b_16e_instruct,RANDOM,shipping_discount,invalid,19,False,False,"[1.5479200891314604, 251.9226221351379, False]",1.0,,0,1000,0.0007983749965205
meta_llama_llama_4_scout_17b_16e_instruct,RANDOM,shipping_discount,invalid,20,False,False,"[154.03147278545984, 297.7178367316387, False]",1.0,,0,1000,0.0007912080036476
meta_llama_llama_4_scout_17b_16e_instruct,RANDOM,shipping_discount,invalid,21,False,False,"[252.513389935819, 15.98397752548778, True]",1.0,,0,1000,0.0007967919809743
meta_llama_llama_4_scout_17b_16e_instruct,RANDOM,shipping_discount,invalid,22,False,False,"[178.1463933489395, 76.62130631691197, True]",1.0,,0,1000,0.0007903750520199
meta_llama_llama_4_scout_17b_16e_instruct,RANDOM,shipping_discount,invalid,23,False,False,"[50.82495649509535, 30.73722574166462, False]",1.0,,0,1000,0.0007902079960331
meta_llama_llama_4_scout_17b_16e_instruct,RANDOM,shipping_discount,invalid,24,False,False,"[210.00220563864468, 150.9495980620455, False]",1.0,,0,1000,0.0007874999428167
meta_llama_llama_4_scout_17b_16e_instruct,RANDOM,shipping_discount,invalid,25,False,False,"[14.137738377668496, 9.241267809952603, False]",1.0,,0,1000,0.0007967500714585
meta_llama_llama_4_scout_17b_16e_instruct,RANDOM,shipping_discount,invalid,26,False,False,"[218.4199835014889, 42.73165251217992, True]",1.0,,0,1000,0.0007923329249024
meta_llama_llama_4_scout_17b_16e_instruct,RANDOM,shipping_discount,invalid,27,False,False,"[77.34483654812827, 10.787325370055623, True]",1.0,,0,1000,0.0008115840610116
meta_llama_llama_4_scout_17b_16e_instruct,RANDOM,shipping_discount,invalid,28,False,False,"[287.7120239571375, 140.3343623572992, True]",1.0,,0,1000,0.0008174589602276
meta_llama_llama_4_scout_17b_16e_instruct,RANDOM,shipping_discount,invalid,29,False,False,"[242.72469196854294, 64.23398272913768, True]",1.0,,0,1000,0.0007903330260887
meta_llama_llama_4_scout_17b_16e_instruct,RANDOM,shipping_discount,no_discount,0,True,True,"[46.3124755556094, 85.599290022222, False]",0.0,no_discount,0,21,2.4124979972839355e-05
meta_llama_llama_4_scout_17b_16e_instruct,RANDOM,shipping_discount,no_discount,1,True,True,"[18.374493000053516, 36.843052587525726, False]",0.0,no_discount,0,13,1.404189970344305e-05
meta_llama_llama_4_scout_17b_16e_instruct,RANDOM,shipping_discount,no_discount,2,True,True,"[3.975493931930585, 170.31513123659698, False]",0.0,no_discount,0,20,2.2249994799494743e-05
meta_llama_llama_4_scout_17b_16e_instruct,RANDOM,shipping_discount,no_discount,3,True,True,"[17.437987174110482, 88.51295416373198, False]",0.0,no_discount,0,2,3.0410010367631912e-06
meta_llama_llama_4_scout_17b_16e_instruct,RANDOM,shipping_discount,no_discount,4,True,True,"[15.708505308075772, 262.2872384997469, False]",0.0,no_discount,0,6,7.791095413267612e-06
meta_llama_llama_4_scout_17b_16e_instruct,RANDOM,shipping_discount,no_discount,5,True,True,"[25.750060482569147, 294.937018067042, False]",0.0,no_discount,0,12,1.333397813141346e-05
meta_llama_llama_4_scout_17b_16e_instruct,RANDOM,shipping_discount,no_discount,6,True,True,"[27.46031695019936, 82.80763303614472, False]",0.0,no_discount,0,2,3.66696622222662e-06
meta_llama_llama_4_scout_17b_16e_instruct,RANDOM,shipping_discount,no_discount,7,True,True,"[19.75037336168819, 286.4865790540833, False]",0.0,no_discount,0,20,2.0332983694970608e-05
meta_llama_llama_4_scout_17b_16e_instruct,RANDOM,shipping_discount,no_discount,8,True,True,"[8.22027467791877, 174.0790467899775, False]",0.0,no_discount,0,3,4.500034265220165e-06
meta_llama_llama_4_scout_17b_16e_instruct,RANDOM,shipping_discount,no_discount,9,True,True,"[46.27672489354936, 154.7140038767236, False]",0.0,no_discount,0,13,1.4791032299399376e-05
meta_llama_llama_4_scout_17b_16e_instruct,RANDOM,shipping_discount,no_discount,10,True,True,"[17.063138034887825, 170.4302149618445, False]",0.0,no_discount,0,8,9.541981853544712e-06
meta_llama_llama_4_scout_17b_16e_instruct,RANDOM,shipping_discount,no_discount,11,True,True,"[1.6544926882004485, 78.90220816337408, False]",0.0,no_discount,0,3,4.875008016824722e-06
meta_llama_llama_4_scout_17b_16e_instruct,RANDOM,shipping_discount,no_discount,12,True,True,"[24.09423912669988, 290.77957843671027, False]",0.0,no_discount,0,3,4.457891918718815e-06
meta_llama_llama_4_scout_17b_16e_instruct,RANDOM,shipping_discount,no_discount,13,True,True,"[11.355931795793106, 269.8415091492923, False]",0.0,no_discount,0,21,2.295803278684616e-05
meta_llama_llama_4_scout_17b_16e_instruct,RANDOM,shipping_discount,no_discount,14,True,True,"[27.163372607092374, 31.008594724036787, False]",0.0,no_discount,0,12,1.4291028492152693e-05
meta_llama_llama_4_scout_17b_16e_instruct,RANDOM,shipping_discount,no_discount,15,True,True,"[37.66864128101536, 158.50682609715955, False]",0.0,no_discount,0,4,5.334033630788326e-06
meta_llama_llama_4_scout_17b_16e_instruct,RANDOM,shipping_discount,no_discount,16,True,True,"[28.38208358565365, 186.04948072732188, False]",0.0,no_discount,0,6,7.0410314947366714e-06
meta_llama_llama_4_scout_17b_16e_instruct,RANDOM,shipping_discount,no_discount,17,True,True,"[20.127219884051495, 275.49908196437383, False]",0.0,no_discount,0,2,3.3330870792269707e-06
meta_llama_llama_4_scout_17b_16e_instruct,RANDOM,shipping_discount,no_discount,18,True,True,"[3.4884640545028267, 76.54417928774008, False]",0.0,no_discount,0,2,3.0410010367631912e-06
meta_llama_llama_4_scout_17b_16e_instruct,RANDOM,shipping_discount,no_discount,19,True,True,"[30.868428926213564, 92.99636568632934, False]",0.0,no_discount,0,1,2.375105395913124e-06
meta_llama_llama_4_scout_17b_16e_instruct,RANDOM,shipping_discount,no_discount,20,True,True,"[38.05541406927924, 64.24873111401564, False]",0.0,no_discount,0,11,1.3042008504271507e-05
meta_llama_llama_4_scout_17b_16e_instruct,RANDOM,shipping_discount,no_discount,21,True,True,"[10.195050738171973, 144.71916108914556, False]",0.0,no_discount,0,13,1.5042023733258247e-05
meta_llama_llama_4_scout_17b_16e_instruct,RANDOM,shipping_discount,no_discount,22,True,True,"[20.699078515073722, 229.65800930194166, False]",0.0,no_discount,0,38,4.012498538941145e-05
meta_llama_llama_4_scout_17b_16e_instruct,RANDOM,shipping_discount,no_discount,23,True,True,"[31.80441443247869, 74.42826939922105, False]",0.0,no_discount,0,6,7.541966624557972e-06
meta_llama_llama_4_scout_17b_16e_instruct,RANDOM,shipping_discount,no_discount,24,True,True,"[14.59093551670263, 197.7726832257493, False]",0.0,no_discount,0,6,7.625087164342403e-06
meta_llama_llama_4_scout_17b_16e_instruct,RANDOM,shipping_discount,no_discount,25,True,True,"[43.92513745189623, 3.8774862067222693, False]",0.0,no_discount,0,13,1.5375087969005108e-05
meta_llama_llama_4_scout_17b_16e_instruct,RANDOM,shipping_discount,no_discount,26,True,True,"[22.89852282215653, 73.36774735009304, False]",0.0,no_discount,0,21,2.3083994165062904e-05
meta_llama_llama_4_scout_17b_16e_instruct,RANDOM,shipping_discount,no_discount,27,True,True,"[48.84306315042469, 247.82275253911382, False]",0.0,no_discount,0,9,9.79192554950714e-06
meta_llama_llama_4_scout_17b_16e_instruct,RANDOM,shipping_discount,no_discount,28,True,True,"[35.38355307269023, 282.63011818057174, False]",0.0,no_discount,0,12,1.391698606312275e-05
meta_llama_llama_4_scout_17b_16e_instruct,RANDOM,shipping_discount,no_discount,29,True,True,"[28.220717543734352, 112.27597823092442, False]",0.0,no_discount,0,6,8.083065040409565e-06
meta_llama_llama_4_scout_17b_16e_instruct,RANDOM,shipping_discount,small_discount,0,True,True,"[123.00286439302788, 125.38260943656128, False]",0.0,small_discount,0,1,3.2499665394425392e-06
meta_llama_llama_4_scout_17b_16e_instruct,RANDOM,shipping_discount,small_discount,1,True,True,"[147.34935113067817, 149.76821176111758, False]",0.0,small_discount,0,2,3.750086762011051e-06
meta_llama_llama_4_scout_17b_16e_instruct,RANDOM,shipping_discount,small_discount,2,True,True,"[273.07000825465735, 207.9957099754679, False]",0.0,small_discount,0,1,2.7921050786972046e-06
meta_llama_llama_4_scout_17b_16e_instruct,RANDOM,shipping_discount,small_discount,3,True,True,"[116.52421449540542, 210.3664325536039, True]",0.0,small_discount,0,3,5.167094059288502e-06
meta_llama_llama_4_scout_17b_16e_instruct,RANDOM,shipping_discount,small_discount,4,True,True,"[142.69144912989253, 106.48680590059719, True]",0.0,small_discount,0,1,2.3329630494117737e-06
meta_llama_llama_4_scout_17b_16e_instruct,RANDOM,shipping_discount,small_discount,5,True,True,"[277.5628872723078, 224.5538932812747, True]",0.0,small_discount,0,1,2.666027285158634e-06
meta_llama_llama_4_scout_17b_16e_instruct,RANDOM,shipping_discount,small_discount,6,True,True,"[150.47755664329836, 242.16581736267761, False]",0.0,small_discount,0,1,2.625049091875553e-06
meta_llama_llama_4_scout_17b_16e_instruct,RANDOM,shipping_discount,small_discount,7,True,True,"[56.162332622284936, 37.505720167412306, False]",0.0,small_discount,0,1,2.500019036233425e-06
meta_llama_llama_4_scout_17b_16e_instruct,RANDOM,shipping_discount,small_discount,8,True,True,"[156.7877593155799, 213.40581461895044, False]",0.0,small_discount,0,1,2.540997229516506e-06
meta_llama_llama_4_scout_17b_16e_instruct,RANDOM,shipping_discount,small_discount,9,True,True,"[299.72553810640665, 296.74110449707206, True]",0.0,small_discount,0,2,3.875000402331352e-06
meta_llama_llama_4_scout_17b_16e_instruct,RANDOM,shipping_discount,small_discount,10,True,True,"[222.40673332397708, 259.17592330314045, False]",0.0,small_discount,0,1,2.7909409254789352e-06
meta_llama_llama_4_scout_17b_16e_instruct,RANDOM,shipping_discount,small_discount,11,True,True,"[228.79917131271813, 188.3835625640416, True]",0.0,small_discount,0,2,4.125060513615608e-06
meta_llama_llama_4_scout_17b_16e_instruct,RANDOM,shipping_discount,small_discount,12,True,True,"[227.34535970345456, 173.99361120707772, False]",0.0,small_discount,0,1,2.750079147517681e-06
meta_llama_llama_4_scout_17b_16e_instruct,RANDOM,shipping_discount,small_discount,13,True,True,"[225.67267556975455, 243.58514217364578, True]",0.0,small_discount,0,1,2.583954483270645e-06
meta_llama_llama_4_scout_17b_16e_instruct,RANDOM,shipping_discount,small_discount,14,True,True,"[255.7197099873678, 117.38067183187913, True]",0.0,small_discount,0,1,2.874992787837982e-06
meta_llama_llama_4_scout_17b_16e_instruct,RANDOM,shipping_discount,small_discount,15,True,True,"[180.04315935370167, 137.6162595411932, True]",0.0,small_discount,0,1,2.7080532163381577e-06
meta_llama_llama_4_scout_17b_16e_instruct,RANDOM,shipping_discount,small_discount,16,True,True,"[67.27876808217566, 48.512472034194495, True]",0.0,small_discount,0,1,2.5830231606960297e-06
meta_llama_llama_4_scout_17b_16e_instruct,RANDOM,shipping_discount,small_discount,17,True,True,"[260.48196926293423, 227.48145097442398, False]",0.0,small_discount,0,1,2.7080532163381577e-06
meta_llama_llama_4_scout_17b_16e_instruct,RANDOM,shipping_discount,small_discount,18,True,True,"[114.95223658443119, 163.60459637849812, False]",0.0,small_discount,0,1,2.9170187190175056e-06
meta_llama_llama_4_scout_17b_16e_instruct,RANDOM,shipping_discount,small_discount,19,True,True,"[79.81171287632455, 189.23643477483216, False]",0.0,small_discount,0,1,2.5420449674129486e-06
meta_llama_llama_4_scout_17b_16e_instruct,RANDOM,shipping_discount,small_discount,20,True,True,"[61.439734029516124, 61.23832465947867, False]",0.0,small_discount,0,1,2.5830231606960297e-06
meta_llama_llama_4_scout_17b_16e_instruct,RANDOM,shipping_discount,small_discount,21,True,True,"[289.32239418144593, 273.8917456337089, False]",0.0,small_discount,0,1,2.6669586077332497e-06
meta_llama_llama_4_scout_17b_16e_instruct,RANDOM,shipping_discount,small_discount,22,True,True,"[208.56984699891277, 216.61717289200442, False]",0.0,small_discount,0,2,3.624940291047096e-06
meta_llama_llama_4_scout_17b_16e_instruct,RANDOM,shipping_discount,small_discount,23,True,True,"[134.806696119016, 135.63503624277448, True]",0.0,small_discount,0,1,2.5419285520911217e-06
meta_llama_llama_4_scout_17b_16e_instruct,RANDOM,shipping_discount,small_discount,24,True,True,"[142.93667439832888, 128.120302750334, False]",0.0,small_discount,0,3,5.334033630788326e-06
meta_llama_llama_4_scout_17b_16e_instruct,RANDOM,shipping_discount,small_discount,25,True,True,"[253.76603216672126, 162.05143657600368, True]",0.0,small_discount,0,2,3.959052264690399e-06
meta_llama_llama_4_scout_17b_16e_instruct,RANDOM,shipping_discount,small_discount,26,True,True,"[289.38792505634694, 262.84019284540716, False]",0.0,small_discount,0,1,2.5830231606960297e-06
meta_llama_llama_4_scout_17b_16e_instruct,RANDOM,shipping_discount,small_discount,27,True,True,"[61.867216336180796, 118.43037578004086, True]",0.0,small_discount,0,2,4.124944098293781e-06
meta_llama_llama_4_scout_17b_16e_instruct,RANDOM,shipping_discount,small_discount,28,True,True,"[214.34870275190153, 141.31495317826165, False]",0.0,small_discount,0,1,2.4579931050539017e-06
meta_llama_llama_4_scout_17b_16e_instruct,RANDOM,shipping_discount,small_discount,29,True,True,"[251.67835149683935, 153.1212211204086, False]",0.0,small_discount,0,1,2.624932676553726e-06
meta_llama_llama_4_scout_17b_16e_instruct,RANDOM,shipping_discount,standard_discount,0,True,True,"[160.44879066623454, 22.524086412825074, True]",0.0,standard_discount,0,5,8.333008736371994e-06
meta_llama_llama_4_scout_17b_16e_instruct,RANDOM,shipping_discount,standard_discount,1,True,True,"[217.4954632630701, 22.815184453232405, False]",0.0,standard_discount,0,10,1.2708012945950031e-05
meta_llama_llama_4_scout_17b_16e_instruct,RANDOM,shipping_discount,standard_discount,2,True,True,"[218.21846797506208, 93.28091064628747, True]",0.0,standard_discount,0,15,1.9208993762731552e-05
meta_llama_llama_4_scout_17b_16e_instruct,RANDOM,shipping_discount,standard_discount,3,True,True,"[142.387101474292, 0.9247625968179518, True]",0.0,standard_discount,0,8,1.0958057828247549e-05
meta_llama_llama_4_scout_17b_16e_instruct,RANDOM,shipping_discount,standard_discount,4,True,True,"[261.4552904593277, 82.61238766648083, False]",0.0,standard_discount,0,3,5.37489540874958e-06
meta_llama_llama_4_scout_17b_16e_instruct,RANDOM,shipping_discount,standard_discount,5,True,True,"[144.75738442942696, 80.65219588117914, True]",0.0,standard_discount,0,3,4.624947905540466e-06
meta_llama_llama_4_scout_17b_16e_instruct,RANDOM,shipping_discount,standard_discount,6,True,True,"[203.75472008774415, 8.583406796487903, False]",0.0,standard_discount,0,3,5.124951712787151e-06
meta_llama_llama_4_scout_17b_16e_instruct,RANDOM,shipping_discount,standard_discount,7,True,True,"[233.96519017035357, 6.927987294824344, False]",0.0,standard_discount,0,13,1.5582889318466187e-05
meta_llama_llama_4_scout_17b_16e_instruct,RANDOM,shipping_discount,standard_discount,8,True,True,"[199.17630222144115, 20.869143025029246, True]",0.0,standard_discount,0,4,6.249989382922649e-06
meta_llama_llama_4_scout_17b_16e_instruct,RANDOM,shipping_discount,standard_discount,9,True,True,"[288.112121611986, 13.669150105192596, False]",0.0,standard_discount,0,5,9.208102710545065e-06
meta_llama_llama_4_scout_17b_16e_instruct,RANDOM,shipping_discount,standard_discount,10,True,True,"[129.06446883099082, 3.357033472494353, False]",0.0,standard_discount,0,2,3.915978595614433e-06
meta_llama_llama_4_scout_17b_16e_instruct,RANDOM,shipping_discount,standard_discount,11,True,True,"[105.93865258099206, 1.957897105125317, True]",0.0,standard_discount,0,10,1.3625016435980797e-05
meta_llama_llama_4_scout_17b_16e_instruct,RANDOM,shipping_discount,standard_discount,12,True,True,"[191.86048134546792, 75.66757137152683, False]",0.0,standard_discount,0,2,3.917026333510876e-06
meta_llama_llama_4_scout_17b_16e_instruct,RANDOM,shipping_discount,standard_discount,13,True,True,"[184.32878369135807, 1.6309617402653132, True]",0.0,standard_discount,0,6,8.708098903298378e-06
meta_llama_llama_4_scout_17b_16e_instruct,RANDOM,shipping_discount,standard_discount,14,True,True,"[296.3440690796184, 7.652992285129634, False]",0.0,standard_discount,0,10,1.3708951883018017e-05
meta_llama_llama_4_scout_17b_16e_instruct,RANDOM,shipping_discount,standard_discount,15,True,True,"[132.3673864304453, 37.21069034147019, False]",0.0,standard_discount,0,5,7.4160052463412285e-06
meta_llama_llama_4_scout_17b_16e_instruct,RANDOM,shipping_discount,standard_discount,16,True,True,"[174.3248669518167, 89.04170943010848, False]",0.0,standard_discount,0,11,1.508404966443777e-05
meta_llama_llama_4_scout_17b_16e_instruct,RANDOM,shipping_discount,standard_discount,17,True,True,"[193.02616921257146, 50.37881074110911, True]",0.0,standard_discount,0,2,3.875000402331352e-06
meta_llama_llama_4_scout_17b_16e_instruct,RANDOM,shipping_discount,standard_discount,18,True,True,"[208.11209130766113, 16.110630894830635, False]",0.0,standard_discount,0,5,7.4160052463412285e-06
meta_llama_llama_4_scout_17b_16e_instruct,RANDOM,shipping_discount,standard_discount,19,True,True,"[296.66946224614907, 95.82083109338552, False]",0.0,standard_discount,0,16,2.0583043806254864e-05
meta_llama_llama_4_scout_17b_16e_instruct,RANDOM,shipping_discount,standard_discount,20,True,True,"[118.57081073189461, 34.0187850038432, False]",0.0,standard_discount,0,14,1.7834012396633625e-05
meta_llama_llama_4_scout_17b_16e_instruct,RANDOM,shipping_discount,standard_discount,21,True,True,"[130.5191248424792, 46.1501577614229, False]",0.0,standard_discount,0,4,6.249989382922649e-06
meta_llama_llama_4_scout_17b_16e_instruct,RANDOM,shipping_discount,standard_discount,22,True,True,"[263.80494448605157, 58.39984753207904, False]",0.0,standard_discount,0,3,4.958012141287327e-06
meta_llama_llama_4_scout_17b_16e_instruct,RANDOM,shipping_discount,standard_discount,23,True,True,"[188.45162671159434, 28.80226016600591, True]",0.0,standard_discount,0,2,4.166970029473305e-06
meta_llama_llama_4_scout_17b_16e_instruct,RANDOM,shipping_discount,standard_discount,24,True,True,"[125.37405309178482, 45.48708000126681, True]",0.0,standard_discount,0,7,9.499955922365189e-06
meta_llama_llama_4_scout_17b_16e_instruct,RANDOM,shipping_discount,standard_discount,25,True,True,"[134.96119297114544, 70.47980701640813, True]",0.0,standard_discount,0,1,2.8329668566584587e-06
meta_llama_llama_4_scout_17b_16e_instruct,RANDOM,shipping_discount,standard_discount,26,True,True,"[231.19298495823898, 13.269363074197438, False]",0.0,standard_discount,0,11,1.3208016753196716e-05
meta_llama_llama_4_scout_17b_16e_instruct,RANDOM,shipping_discount,standard_discount,27,True,True,"[182.7350910950717, 0.24843147250614983, True]",0.0,standard_discount,0,1,2.5829067453742027e-06
meta_llama_llama_4_scout_17b_16e_instruct,RANDOM,shipping_discount,standard_discount,28,True,True,"[123.34840847682243, 54.50059796238696, False]",0.0,standard_discount,0,1,2.584070898592472e-06
meta_llama_llama_4_scout_17b_16e_instruct,RANDOM,shipping_discount,standard_discount,29,True,True,"[123.8019954659085, 28.829889315270275, False]",0.0,standard_discount,0,10,1.2749922461807728e-05
meta_llama_llama_4_scout_17b_16e_instruct,RANDOM,sign_type,negative,0,False,False,[0.4222543989045313],0.4222543989045313,,0,1000,0.0004267500480636
meta_llama_llama_4_scout_17b_16e_instruct,RANDOM,sign_type,negative,1,False,False,[1.392640773754561],1.392640773754561,,0,1000,0.0004205829463899
meta_llama_llama_4_scout_17b_16e_instruct,RANDOM,sign_type,negative,2,False,False,[0.06508086515710776],0.0650808651571077,,0,1000,0.0004310419317334
meta_llama_llama_4_scout_17b_16e_instruct,RANDOM,sign_type,negative,3,False,False,[0.7872125596313229],0.7872125596313229,,0,1000,0.0004263329319655
meta_llama_llama_4_scout_17b_16e_instruct,RANDOM,sign_type,negative,4,False,False,[1.6655368658631264],1.6655368658631264,,0,1000,0.0004208330065011
meta_llama_llama_4_scout_17b_16e_instruct,RANDOM,sign_type,negative,5,False,False,[1.7287714620397576],1.7287714620397576,,0,1000,0.0004242080030962
meta_llama_llama_4_scout_17b_16e_instruct,RANDOM,sign_type,negative,6,False,False,[0.9917065593281205],0.9917065593281204,,0,1000,0.000423707999289
meta_llama_llama_4_scout_17b_16e_instruct,RANDOM,sign_type,negative,7,False,False,[0.5197425475704787],0.5197425475704787,,0,1000,0.000427084043622
meta_llama_llama_4_scout_17b_16e_instruct,RANDOM,sign_type,negative,8,False,False,[0.33724715626515245],0.3372471562651524,,0,1000,0.0004234589869156
meta_llama_llama_4_scout_17b_16e_instruct,RANDOM,sign_type,negative,9,False,False,[0.35815263056127034],0.3581526305612703,,0,1000,0.0004258329281583
meta_llama_llama_4_scout_17b_16e_instruct,RANDOM,sign_type,negative,10,False,False,[0.8088582371404973],0.8088582371404973,,0,1000,0.0004292500670999
meta_llama_llama_4_scout_17b_16e_instruct,RANDOM,sign_type,negative,11,False,False,[0.13163368254942576],0.1316336825494257,,0,1000,0.0004321250598877
meta_llama_llama_4_scout_17b_16e_instruct,RANDOM,sign_type,negative,12,False,False,[0.7906377302214773],0.7906377302214773,,0,1000,0.0004302499582991
meta_llama_llama_4_scout_17b_16e_instruct,RANDOM,sign_type,negative,13,False,False,[1.8490893865802382],1.8490893865802385,,0,1000,0.0004271250218153
meta_llama_llama_4_scout_17b_16e_instruct,RANDOM,sign_type,negative,14,False,False,[0.07084314388605684],0.0708431438860568,,0,1000,0.0004282089648768
meta_llama_llama_4_scout_17b_16e_instruct,RANDOM,sign_type,negative,15,False,False,[1.0017018453569726],1.0017018453569726,,0,1000,0.0004293749807402
meta_llama_llama_4_scout_17b_16e_instruct,RANDOM,sign_type,negative,16,False,False,[1.5405194320177173],1.5405194320177171,,0,1000,0.0004323329776525
meta_llama_llama_4_scout_17b_16e_instruct,RANDOM,sign_type,negative,17,False,False,[0.9853024024869539],0.985302402486954,,0,1000,0.0004292920930311
meta_llama_llama_4_scout_17b_16e_instruct,RANDOM,sign_type,negative,18,False,False,[2.3045561751474652],2.3045561751474652,,0,1000,0.0004262079019099
meta_llama_llama_4_scout_17b_16e_instruct,RANDOM,sign_type,negative,19,False,False,[0.621064196442922],0.621064196442922,,0,1000,0.0004263330483809
meta_llama_llama_4_scout_17b_16e_instruct,RANDOM,sign_type,negative,20,False,False,[0.8398147317221216],0.8398147317221216,,0,1000,0.0004262500442564
meta_llama_llama_4_scout_17b_16e_instruct,RANDOM,sign_type,negative,21,False,False,[0.17413017906098283],0.1741301790609828,,0,1000,0.0004249169724062
meta_llama_llama_4_scout_17b_16e_instruct,RANDOM,sign_type,negative,22,False,False,[0.025975002615807874],0.0259750026158078,,0,1000,0.0004271250218153
meta_llama_llama_4_scout_17b_16e_instruct,RANDOM,sign_type,negative,23,False,False,[0.8564492631001341],0.8564492631001341,,0,1000,0.0004230410559102
meta_llama_llama_4_scout_17b_16e_instruct,RANDOM,sign_type,negative,24,False,False,[1.562484244871154],1.562484244871154,,0,1000,0.0004304579924792
meta_llama_llama_4_scout_17b_16e_instruct,RANDOM,sign_type,negative,25,False,False,[1.7013698745014239],1.701369874501424,,0,1000,0.0004363749176263
meta_llama_llama_4_scout_17b_16e_instruct,RANDOM,sign_type,negative,26,False,False,[0.211916109605359],0.211916109605359,,0,1000,0.0004258339758962
meta_llama_llama_4_scout_17b_16e_instruct,RANDOM,sign_type,negative,27,False,False,[3.905234269178992],3.905234269178992,,0,1000,0.0004262090660631
meta_llama_llama_4_scout_17b_16e_instruct,RANDOM,sign_type,negative,28,False,False,[0.3367492141113093],0.3367492141113093,,0,1000,0.0004290000069886
meta_llama_llama_4_scout_17b_16e_instruct,RANDOM,sign_type,negative,29,False,False,[0.02276087248020975],0.0227608724802097,,0,1000,0.0004305000184103
meta_llama_llama_4_scout_17b_16e_instruct,RANDOM,sign_type,positive,0,True,True,[886.1427795461783],0.0,positive,0,1,2.125045284628868e-06
meta_llama_llama_4_scout_17b_16e_instruct,RANDOM,sign_type,positive,1,True,True,[489.02726701702625],0.0,positive,0,1,1.500011421740055e-06
meta_llama_llama_4_scout_17b_16e_instruct,RANDOM,sign_type,positive,2,True,True,[666.3760531570118],0.0,positive,0,1,1.6670674085617063e-06
meta_llama_llama_4_scout_17b_16e_instruct,RANDOM,sign_type,positive,3,True,True,[862.3494019698077],0.0,positive,0,1,1.5830155462026596e-06
meta_llama_llama_4_scout_17b_16e_instruct,RANDOM,sign_type,positive,4,True,True,[577.1314338994065],0.0,positive,0,1,1.459033228456974e-06
meta_llama_llama_4_scout_17b_16e_instruct,RANDOM,sign_type,positive,5,True,True,[753.6784046134693],0.0,positive,0,1,1.500011421740055e-06
meta_llama_llama_4_scout_17b_16e_instruct,RANDOM,sign_type,positive,6,True,True,[187.25140316863687],0.0,positive,0,1,1.624925062060356e-06
meta_llama_llama_4_scout_17b_16e_instruct,RANDOM,sign_type,positive,7,True,True,[162.86232493925525],0.0,positive,0,1,2.124928869307041e-06
meta_llama_llama_4_scout_17b_16e_instruct,RANDOM,sign_type,positive,8,True,True,[425.09988454992845],0.0,positive,0,1,1.500011421740055e-06
meta_llama_llama_4_scout_17b_16e_instruct,RANDOM,sign_type,positive,9,True,True,[327.23629490785265],0.0,positive,0,1,1.6669509932398796e-06
meta_llama_llama_4_scout_17b_16e_instruct,RANDOM,sign_type,positive,10,True,True,[173.5961420208394],0.0,positive,0,1,1.459033228456974e-06
meta_llama_llama_4_scout_17b_16e_instruct,RANDOM,sign_type,positive,11,True,True,[453.1883153725005],0.0,positive,0,1,1.500011421740055e-06
meta_llama_llama_4_scout_17b_16e_instruct,RANDOM,sign_type,positive,12,True,True,[998.8504603493487],0.0,positive,0,1,1.374981366097927e-06
meta_llama_llama_4_scout_17b_16e_instruct,RANDOM,sign_type,positive,13,True,True,[608.2900424927436],0.0,positive,0,1,1.250067725777626e-06
meta_llama_llama_4_scout_17b_16e_instruct,RANDOM,sign_type,positive,14,True,True,[734.0630494808103],0.0,positive,0,1,1.4579854905605316e-06
meta_llama_llama_4_scout_17b_16e_instruct,RANDOM,sign_type,positive,15,True,True,[577.2617730521073],0.0,positive,0,1,1.625041477382183e-06
meta_llama_llama_4_scout_17b_16e_instruct,RANDOM,sign_type,positive,16,True,True,[558.0081476584197],0.0,positive,0,1,1.2919772416353226e-06
meta_llama_llama_4_scout_17b_16e_instruct,RANDOM,sign_type,positive,17,True,True,[342.10406404209925],0.0,positive,0,1,1.2920936569571495e-06
meta_llama_llama_4_scout_17b_16e_instruct,RANDOM,sign_type,positive,18,True,True,[613.5395984656157],0.0,positive,0,1,1.4579854905605316e-06
meta_llama_llama_4_scout_17b_16e_instruct,RANDOM,sign_type,positive,19,True,True,[37.380576959233245],0.0,positive,0,1,1.4579854905605316e-06
meta_llama_llama_4_scout_17b_16e_instruct,RANDOM,sign_type,positive,20,True,True,[680.0584386209609],0.0,positive,0,1,1.500011421740055e-06
meta_llama_llama_4_scout_17b_16e_instruct,RANDOM,sign_type,positive,21,True,True,[645.8074597282674],0.0,positive,0,1,1.7919810488820076e-06
meta_llama_llama_4_scout_17b_16e_instruct,RANDOM,sign_type,positive,22,True,True,[924.2274832363529],0.0,positive,0,1,1.500011421740055e-06
meta_llama_llama_4_scout_17b_16e_instruct,RANDOM,sign_type,positive,23,True,True,[585.9098114265998],0.0,positive,0,1,1.4170072972774506e-06
meta_llama_llama_4_scout_17b_16e_instruct,RANDOM,sign_type,positive,24,True,True,[303.5499600469326],0.0,positive,0,1,1.459033228456974e-06
meta_llama_llama_4_scout_17b_16e_instruct,RANDOM,sign_type,positive,25,True,True,[727.9265611945893],0.0,positive,0,1,1.583946868777275e-06
meta_llama_llama_4_scout_17b_16e_instruct,RANDOM,sign_type,positive,26,True,True,[131.42623589399548],0.0,positive,0,1,1.459033228456974e-06
meta_llama_llama_4_scout_17b_16e_instruct,RANDOM,sign_type,positive,27,True,True,[847.1839572030642],0.0,positive,0,1,1.334003172814846e-06
meta_llama_llama_4_scout_17b_16e_instruct,RANDOM,sign_type,positive,28,True,True,[324.99305788425715],0.0,positive,0,1,1.4170072972774506e-06
meta_llama_llama_4_scout_17b_16e_instruct,RANDOM,sign_type,positive,29,True,True,[742.353402429501],0.0,positive,0,1,1.583946868777275e-06
meta_llama_llama_4_scout_17b_16e_instruct,RANDOM,sign_type,zero,0,False,False,[0.6295682581598516],0.6295672581598516,,0,1000,0.0004449160769581
meta_llama_llama_4_scout_17b_16e_instruct,RANDOM,sign_type,zero,1,False,False,[1.4711059002046056],1.4711049002046055,,0,1000,0.000444708042778
meta_llama_llama_4_scout_17b_16e_instruct,RANDOM,sign_type,zero,2,False,False,[0.16776588432354522],0.1677648843235452,,0,1000,0.0004661250859498
meta_llama_llama_4_scout_17b_16e_instruct,RANDOM,sign_type,zero,3,False,False,[0.37234575831857075],0.3723447583185708,,0,1000,0.0004562500398606
meta_llama_llama_4_scout_17b_16e_instruct,RANDOM,sign_type,zero,4,False,False,[0.8193117546402284],0.8193107546402284,,0,1000,0.0004509589634835
meta_llama_llama_4_scout_17b_16e_instruct,RANDOM,sign_type,zero,5,False,False,[0.19692188421038814],0.1969208842103881,,0,1000,0.0004497499903663
meta_llama_llama_4_scout_17b_16e_instruct,RANDOM,sign_type,zero,6,False,False,[1.9647877963008265],1.9647867963008263,,0,1000,0.0004457499599084
meta_llama_llama_4_scout_17b_16e_instruct,RANDOM,sign_type,zero,7,False,False,[0.985996357748542],0.985995357748542,,0,1000,0.0004430409753695
meta_llama_llama_4_scout_17b_16e_instruct,RANDOM,sign_type,zero,8,False,False,[2.757124181736126],2.7571231817361257,,0,1000,0.0004475830355659
meta_llama_llama_4_scout_17b_16e_instruct,RANDOM,sign_type,zero,9,False,False,[0.6818643302551886],0.6818633302551885,,0,1000,0.0004402089398354
meta_llama_llama_4_scout_17b_16e_instruct,RANDOM,sign_type,zero,10,False,False,[0.20769661586939048],0.2076956158693904,,0,1000,0.0004453329602256
meta_llama_llama_4_scout_17b_16e_instruct,RANDOM,sign_type,zero,11,False,False,[0.12093956333458777],0.1209385633345877,,0,1000,0.0004426670493558
meta_llama_llama_4_scout_17b_16e_instruct,RANDOM,sign_type,zero,12,False,False,[1.0655058155433217],1.0655048155433218,,0,1000,0.0004452080465853
meta_llama_llama_4_scout_17b_16e_instruct,RANDOM,sign_type,zero,13,False,False,[0.3674551184111863],0.3674541184111863,,0,1000,0.0004417920717969
meta_llama_llama_4_scout_17b_16e_instruct,RANDOM,sign_type,zero,14,False,False,[0.9043038936189518],0.9043028936189518,,0,1000,0.0004455409944057
meta_llama_llama_4_scout_17b_16e_instruct,RANDOM,sign_type,zero,15,False,False,[0.3570947756220688],0.3570937756220688,,0,1000,0.0004414160503074
meta_llama_llama_4_scout_17b_16e_instruct,RANDOM,sign_type,zero,16,False,False,[0.4852106285480051],0.4852096285480051,,0,1000,0.0004425829974934
meta_llama_llama_4_scout_17b_16e_instruct,RANDOM,sign_type,zero,17,False,False,[0.17858112752833222],0.1785801275283322,,0,1000,0.0004422499332576
meta_llama_llama_4_scout_17b_16e_instruct,RANDOM,sign_type,zero,18,False,False,[0.39209760913239133],0.3920966091323913,,0,1000,0.0004430420231074
meta_llama_llama_4_scout_17b_16e_instruct,RANDOM,sign_type,zero,19,False,False,[1.578486125097367],1.578485125097367,,0,1000,0.0004422090714797
meta_llama_llama_4_scout_17b_16e_instruct,RANDOM,sign_type,zero,20,False,False,[0.09447623201430666],0.0944752320143066,,0,1000,0.0004463749937713
meta_llama_llama_4_scout_17b_16e_instruct,RANDOM,sign_type,zero,21,False,False,[0.13651274175086048],0.1365117417508604,,0,1000,0.0004402919439598
meta_llama_llama_4_scout_17b_16e_instruct,RANDOM,sign_type,zero,22,False,False,[1.376622853418108],1.376621853418108,,0,1000,0.0004459999036043
meta_llama_llama_4_scout_17b_16e_instruct,RANDOM,sign_type,zero,23,False,False,[0.31336672247150865],0.3133657224715087,,0,1000,0.0004422919591888
meta_llama_llama_4_scout_17b_16e_instruct,RANDOM,sign_type,zero,24,False,False,[0.8090396987607829],0.8090386987607828,,0,1000,0.0004489579005166
meta_llama_llama_4_scout_17b_16e_instruct,RANDOM,sign_type,zero,25,False,False,[0.4774727629566211],0.4774717629566211,,0,1000,0.000447875005193
meta_llama_llama_4_scout_17b_16e_instruct,RANDOM,sign_type,zero,26,False,False,[0.12115160393200153],0.1211506039320015,,0,1000,0.0004423750797286
meta_llama_llama_4_scout_17b_16e_instruct,RANDOM,sign_type,zero,27,False,False,[0.04935327264177225],0.0493522726417722,,0,1000,0.0004406659863889
meta_llama_llama_4_scout_17b_16e_instruct,RANDOM,sign_type,zero,28,False,False,[0.17017194718860207],0.170170947188602,,0,1000,0.0004452919820323
meta_llama_llama_4_scout_17b_16e_instruct,RANDOM,sign_type,zero,29,False,False,[1.622956020613353],1.6229550206133532,,0,1000,0.0004441660130396
meta_llama_llama_4_scout_17b_16e_instruct,RANDOM,string_category,empty,0,True,True,[''],0.0,empty,0,19,6.279093213379383e-05
meta_llama_llama_4_scout_17b_16e_instruct,RANDOM,string_category,empty,1,True,True,[''],0.0,empty,0,80,0.0001521670492365
meta_llama_llama_4_scout_17b_16e_instruct,RANDOM,string_category,empty,2,True,True,[''],0.0,empty,0,26,5.624990444630384e-05
meta_llama_llama_4_scout_17b_16e_instruct,RANDOM,string_category,empty,3,True,True,[''],0.0,empty,0,1,2.1670712158083916e-06
meta_llama_llama_4_scout_17b_16e_instruct,RANDOM,string_category,empty,4,True,True,[''],0.0,empty,0,1,1.999898813664913e-06
meta_llama_llama_4_scout_17b_16e_instruct,RANDOM,string_category,empty,5,True,True,[''],0.0,empty,0,7,1.733400858938694e-05
meta_llama_llama_4_scout_17b_16e_instruct,RANDOM,string_category,empty,6,True,True,[''],0.0,empty,0,49,9.587500244379044e-05
meta_llama_llama_4_scout_17b_16e_instruct,RANDOM,string_category,empty,7,True,True,[''],0.0,empty,0,18,3.774999640882015e-05
meta_llama_llama_4_scout_17b_16e_instruct,RANDOM,string_category,empty,8,True,True,[''],0.0,empty,0,9,2.1875021047890183e-05
meta_llama_llama_4_scout_17b_16e_instruct,RANDOM,string_category,empty,9,True,True,[''],0.0,empty,0,2,3.834022209048271e-06
meta_llama_llama_4_scout_17b_16e_instruct,RANDOM,string_category,empty,10,True,True,[''],0.0,empty,0,2,4.500034265220165e-06
meta_llama_llama_4_scout_17b_16e_instruct,RANDOM,string_category,empty,11,True,True,[''],0.0,empty,0,36,6.616697646677494e-05
meta_llama_llama_4_scout_17b_16e_instruct,RANDOM,string_category,empty,12,True,True,[''],0.0,empty,0,9,1.8625054508447647e-05
meta_llama_llama_4_scout_17b_16e_instruct,RANDOM,string_category,empty,13,True,True,[''],0.0,empty,0,20,3.5415985621511936e-05
meta_llama_llama_4_scout_17b_16e_instruct,RANDOM,string_category,empty,14,True,True,[''],0.0,empty,0,8,1.4249933883547785e-05
meta_llama_llama_4_scout_17b_16e_instruct,RANDOM,string_category,empty,15,True,True,[''],0.0,empty,0,23,4.483293741941452e-05
meta_llama_llama_4_scout_17b_16e_instruct,RANDOM,string_category,empty,16,True,True,[''],0.0,empty,0,9,1.4874967746436596e-05
meta_llama_llama_4_scout_17b_16e_instruct,RANDOM,string_category,empty,17,True,True,[''],0.0,empty,0,15,3.2374984584748745e-05
meta_llama_llama_4_scout_17b_16e_instruct,RANDOM,string_category,empty,18,True,True,[''],0.0,empty,0,22,4.68340003862977e-05
meta_llama_llama_4_scout_17b_16e_instruct,RANDOM,string_category,empty,19,True,True,[''],0.0,empty,0,16,3.766699228435755e-05
meta_llama_llama_4_scout_17b_16e_instruct,RANDOM,string_category,empty,20,True,True,[''],0.0,empty,0,33,6.245903205126524e-05
meta_llama_llama_4_scout_17b_16e_instruct,RANDOM,string_category,empty,21,True,True,[''],0.0,empty,0,16,3.5917037166655064e-05
meta_llama_llama_4_scout_17b_16e_instruct,RANDOM,string_category,empty,22,True,True,[''],0.0,empty,0,6,1.3542012311518192e-05
meta_llama_llama_4_scout_17b_16e_instruct,RANDOM,string_category,empty,23,True,True,[''],0.0,empty,0,4,7.624970749020576e-06
meta_llama_llama_4_scout_17b_16e_instruct,RANDOM,string_category,empty,24,True,True,[''],0.0,empty,0,12,2.6333029381930828e-05
meta_llama_llama_4_scout_17b_16e_instruct,RANDOM,string_category,empty,25,True,True,[''],0.0,empty,0,1,1.7920974642038343e-06
meta_llama_llama_4_scout_17b_16e_instruct,RANDOM,string_category,empty,26,True,True,[''],0.0,empty,0,30,6.40420475974679e-05
meta_llama_llama_4_scout_17b_16e_instruct,RANDOM,string_category,empty,27,True,True,[''],0.0,empty,0,31,6.225006654858589e-05
meta_llama_llama_4_scout_17b_16e_instruct,RANDOM,string_category,empty,28,True,True,[''],0.0,empty,0,7,1.550000160932541e-05
meta_llama_llama_4_scout_17b_16e_instruct,RANDOM,string_category,empty,29,True,True,[''],0.0,empty,0,7,1.537497155368328e-05
meta_llama_llama_4_scout_17b_16e_instruct,RANDOM,string_category,long_non_palindrome,0,True,True,['owvRbMTrMuf4vN'],0.0,long_non_palindrome,0,1,3.832974471151829e-06
meta_llama_llama_4_scout_17b_16e_instruct,RANDOM,string_category,long_non_palindrome,1,True,True,['WZqNYS98'],0.0,long_non_palindrome,0,1,3.2499665394425392e-06
meta_llama_llama_4_scout_17b_16e_instruct,RANDOM,string_category,long_non_palindrome,2,True,True,['CSCmK'],0.0,long_non_palindrome,0,2,4.458008334040642e-06
meta_llama_llama_4_scout_17b_16e_instruct,RANDOM,string_category,long_non_palindrome,3,True,True,['KqAjq1shbofcsq'],0.0,long_non_palindrome,0,1,4.124944098293781e-06
meta_llama_llama_4_scout_17b_16e_instruct,RANDOM,string_category,long_non_palindrome,4,True,True,['G1cV4'],0.0,long_non_palindrome,0,2,4.417030140757561e-06
meta_llama_llama_4_scout_17b_16e_instruct,RANDOM,string_category,long_non_palindrome,5,True,True,['NmG9n6yVLS35SX9'],0.0,long_non_palindrome,0,2,5.832989700138569e-06
meta_llama_llama_4_scout_17b_16e_instruct,RANDOM,string_category,long_non_palindrome,6,True,True,['xKubkem8eXuo0'],0.0,long_non_palindrome,0,1,3.374996595084667e-06
meta_llama_llama_4_scout_17b_16e_instruct,RANDOM,string_category,long_non_palindrome,7,True,True,['CLoz4'],0.0,long_non_palindrome,0,1,2.874992787837982e-06
meta_llama_llama_4_scout_17b_16e_instruct,RANDOM,string_category,long_non_palindrome,8,True,True,['bvmNeKNeHJB501'],0.0,long_non_palindrome,0,1,4.208995960652828e-06
meta_llama_llama_4_scout_17b_16e_instruct,RANDOM,string_category,long_non_palindrome,9,True,True,['98KgWtgc'],0.0,long_non_palindrome,0,1,2.874992787837982e-06
meta_llama_llama_4_scout_17b_16e_instruct,RANDOM,string_category,long_non_palindrome,10,True,True,['S5wMLZxq'],0.0,long_non_palindrome,0,1,3.208988346159458e-06
meta_llama_llama_4_scout_17b_16e_instruct,RANDOM,string_category,long_non_palindrome,11,True,True,['COsoB3qVtCwlZ'],0.0,long_non_palindrome,0,1,4.208995960652828e-06
meta_llama_llama_4_scout_17b_16e_instruct,RANDOM,string_category,long_non_palindrome,12,True,True,['P77K6XB0lIb4qmP'],0.0,long_non_palindrome,0,2,5.249981768429279e-06
meta_llama_llama_4_scout_17b_16e_instruct,RANDOM,string_category,long_non_palindrome,13,True,True,['1wZTLuyKR9'],0.0,long_non_palindrome,0,1,3.708992153406143e-06
meta_llama_llama_4_scout_17b_16e_instruct,RANDOM,string_category,long_non_palindrome,14,True,True,['8BSl7eK'],0.0,long_non_palindrome,0,1,2.874992787837982e-06
meta_llama_llama_4_scout_17b_16e_instruct,RANDOM,string_category,long_non_palindrome,15,True,True,['6HX16YBCLMr2wci'],0.0,long_non_palindrome,0,1,3.749970346689224e-06
meta_llama_llama_4_scout_17b_16e_instruct,RANDOM,string_category,long_non_palindrome,16,True,True,['0FDOTYdBq'],0.0,long_non_palindrome,0,1,3.5830307751893997e-06
meta_llama_llama_4_scout_17b_16e_instruct,RANDOM,string_category,long_non_palindrome,17,True,True,['45j3oF'],0.0,long_non_palindrome,0,3,5.459063686430454e-06
meta_llama_llama_4_scout_17b_16e_instruct,RANDOM,string_category,long_non_palindrome,18,True,True,['3HeJTTrT2'],0.0,long_non_palindrome,0,1,3.2499665394425392e-06
meta_llama_llama_4_scout_17b_16e_instruct,RANDOM,string_category,long_non_palindrome,19,True,True,['5dkjOLCVWHf'],0.0,long_non_palindrome,0,1,3.791996277868748e-06
meta_llama_llama_4_scout_17b_16e_instruct,RANDOM,string_category,long_non_palindrome,20,True,True,['cgRPTjAe6n'],0.0,long_non_palindrome,0,2,4.667090252041817e-06
meta_llama_llama_4_scout_17b_16e_instruct,RANDOM,string_category,long_non_palindrome,21,True,True,['EucVoMhhKsAxJa'],0.0,long_non_palindrome,0,1,3.999914042651653e-06
meta_llama_llama_4_scout_17b_16e_instruct,RANDOM,string_category,long_non_palindrome,22,True,True,['bfXlcTDnW5Dmbv'],0.0,long_non_palindrome,0,1,4.165922291576862e-06
meta_llama_llama_4_scout_17b_16e_instruct,RANDOM,string_category,long_non_palindrome,23,True,True,['Ii86YmMoD0BLhL0'],0.0,long_non_palindrome,0,2,5.375011824071407e-06
meta_llama_llama_4_scout_17b_16e_instruct,RANDOM,string_category,long_non_palindrome,24,True,True,['xDlSJ8kmzRj5P'],0.0,long_non_palindrome,0,1,3.958004526793957e-06
meta_llama_llama_4_scout_17b_16e_instruct,RANDOM,string_category,long_non_palindrome,25,True,True,['Z2Fdkudvn7Y8r5S'],0.0,long_non_palindrome,0,1,4.334026016294956e-06
meta_llama_llama_4_scout_17b_16e_instruct,RANDOM,string_category,long_non_palindrome,26,True,True,['n8RonQ8CLj'],0.0,long_non_palindrome,0,1,3.5830307751893997e-06
meta_llama_llama_4_scout_17b_16e_instruct,RANDOM,string_category,long_non_palindrome,27,True,True,['RngE3nB'],0.0,long_non_palindrome,0,2,4.417030140757561e-06
meta_llama_llama_4_scout_17b_16e_instruct,RANDOM,string_category,long_non_palindrome,28,True,True,['TwUir5tvudiO2n'],0.0,long_non_palindrome,0,1,3.5419361665844917e-06
meta_llama_llama_4_scout_17b_16e_instruct,RANDOM,string_category,long_non_palindrome,29,True,True,['Y3pRuuOD'],0.0,long_non_palindrome,0,3,6.332993507385254e-06
meta_llama_llama_4_scout_17b_16e_instruct,RANDOM,string_category,long_palindrome,0,True,True,['gGg'],0.0,long_palindrome,0,769,0.0014592501102015
meta_llama_llama_4_scout_17b_16e_instruct,RANDOM,string_category,long_palindrome,1,False,False,['lGGRl'],1.0,,0,1000,0.0023960419930517
meta_llama_llama_4_scout_17b_16e_instruct,RANDOM,string_category,long_palindrome,2,False,False,['ZEdq5n'],1.0,,0,1000,0.0018849170301109
meta_llama_llama_4_scout_17b_16e_instruct,RANDOM,string_category,long_palindrome,3,True,True,['bWb'],0.0,long_palindrome,0,813,0.0015312079340219
meta_llama_llama_4_scout_17b_16e_instruct,RANDOM,string_category,long_palindrome,4,True,True,['YWY'],0.0,long_palindrome,0,236,0.0004472919972613
meta_llama_llama_4_scout_17b_16e_instruct,RANDOM,string_category,long_palindrome,5,True,True,['f9f'],0.0,long_palindrome,0,700,0.0013573749456554
meta_llama_llama_4_scout_17b_16e_instruct,RANDOM,string_category,long_palindrome,6,True,True,['nPn'],0.0,long_palindrome,0,220,0.0004191669868305
meta_llama_llama_4_scout_17b_16e_instruct,RANDOM,string_category,long_palindrome,7,True,True,['242'],0.0,long_palindrome,0,372,0.0007201250409707
meta_llama_llama_4_scout_17b_16e_instruct,RANDOM,string_category,long_palindrome,8,True,True,['IWWI'],0.0,long_palindrome,0,786,0.0015088330255821
meta_llama_llama_4_scout_17b_16e_instruct,RANDOM,string_category,long_palindrome,9,False,False,['gh4Dt'],1.0,,0,1000,0.0018982089823111
meta_llama_llama_4_scout_17b_16e_instruct,RANDOM,string_category,long_palindrome,10,False,False,['SDiiK1tfDtNv'],1.0,,0,1000,0.0019125000108033
meta_llama_llama_4_scout_17b_16e_instruct,RANDOM,string_category,long_palindrome,11,False,False,['hgALHOO'],1.0,,0,1000,0.0019078750628978
meta_llama_llama_4_scout_17b_16e_instruct,RANDOM,string_category,long_palindrome,12,True,True,['4J4'],0.0,long_palindrome,0,228,0.0004322080640122
meta_llama_llama_4_scout_17b_16e_instruct,RANDOM,string_category,long_palindrome,13,True,True,['lYl'],0.0,long_palindrome,0,390,0.0007255409145727
meta_llama_llama_4_scout_17b_16e_instruct,RANDOM,string_category,long_palindrome,14,True,True,['6F6'],0.0,long_palindrome,0,130,0.0002572908997535
meta_llama_llama_4_scout_17b_16e_instruct,RANDOM,string_category,long_palindrome,15,True,True,['rBr'],0.0,long_palindrome,0,970,0.0018480839207768
meta_llama_llama_4_scout_17b_16e_instruct,RANDOM,string_category,long_palindrome,16,False,False,['9OezuZLDTblH0Yw'],1.0,,0,1000,0.0018882500007748
meta_llama_llama_4_scout_17b_16e_instruct,RANDOM,string_category,long_palindrome,17,True,True,['f4f'],0.0,long_palindrome,0,684,0.0012852089712396
meta_llama_llama_4_scout_17b_16e_instruct,RANDOM,string_category,long_palindrome,18,True,True,['hIh'],0.0,long_palindrome,0,17,3.804208245128393e-05
meta_llama_llama_4_scout_17b_16e_instruct,RANDOM,string_category,long_palindrome,19,False,False,['MNylIioYG'],1.0,,0,1000,0.0018766659777611
meta_llama_llama_4_scout_17b_16e_instruct,RANDOM,string_category,long_palindrome,20,True,True,['cUc'],0.0,long_palindrome,0,623,0.0011767080286517
meta_llama_llama_4_scout_17b_16e_instruct,RANDOM,string_category,long_palindrome,21,True,True,['aYa'],0.0,long_palindrome,0,717,0.0013642499689012
meta_llama_llama_4_scout_17b_16e_instruct,RANDOM,string_category,long_palindrome,22,False,False,['DD'],1.0,,0,1000,0.0018972080433741
meta_llama_llama_4_scout_17b_16e_instruct,RANDOM,string_category,long_palindrome,23,True,True,['WMW'],0.0,long_palindrome,0,163,0.0003162089269608
meta_llama_llama_4_scout_17b_16e_instruct,RANDOM,string_category,long_palindrome,24,False,False,['dLvS9sS'],1.0,,0,1000,0.0018758749356493
meta_llama_llama_4_scout_17b_16e_instruct,RANDOM,string_category,long_palindrome,25,False,False,['6IyLPFY23te9qX'],1.0,,0,1000,0.0019075829768553
meta_llama_llama_4_scout_17b_16e_instruct,RANDOM,string_category,long_palindrome,26,True,True,['sPs'],0.0,long_palindrome,0,576,0.001106624957174
meta_llama_llama_4_scout_17b_16e_instruct,RANDOM,string_category,long_palindrome,27,False,False,['6ESpNxBEg'],1.0,,0,1000,0.0019024170469492
meta_llama_llama_4_scout_17b_16e_instruct,RANDOM,string_category,long_palindrome,28,True,True,['yiy'],0.0,long_palindrome,0,432,0.000842957990244
meta_llama_llama_4_scout_17b_16e_instruct,RANDOM,string_category,long_palindrome,29,False,False,['I2HwUEOvC'],1.0,,0,1000,0.001895916997455
meta_llama_llama_4_scout_17b_16e_instruct,RANDOM,string_category,other,0,True,True,['Cla'],0.0,other,0,3,7.582944817841053e-06
meta_llama_llama_4_scout_17b_16e_instruct,RANDOM,string_category,other,1,True,True,['9MIfz'],0.0,other,0,2,5.915993824601173e-06
meta_llama_llama_4_scout_17b_16e_instruct,RANDOM,string_category,other,2,True,True,['8y'],0.0,other,0,1,2.5420449674129486e-06
meta_llama_llama_4_scout_17b_16e_instruct,RANDOM,string_category,other,3,True,True,['Nb8A'],0.0,other,0,1,2.7080532163381577e-06
meta_llama_llama_4_scout_17b_16e_instruct,RANDOM,string_category,other,4,True,True,['8xDU'],0.0,other,0,2,5.332985892891884e-06
meta_llama_llama_4_scout_17b_16e_instruct,RANDOM,string_category,other,5,True,True,['sCn5y'],0.0,other,0,4,8.16606916487217e-06
meta_llama_llama_4_scout_17b_16e_instruct,RANDOM,string_category,other,6,True,True,['XqhO'],0.0,other,0,1,2.7921050786972046e-06
meta_llama_llama_4_scout_17b_16e_instruct,RANDOM,string_category,other,7,True,True,['biJ'],0.0,other,0,26,5.5750017054378986e-05
meta_llama_llama_4_scout_17b_16e_instruct,RANDOM,string_category,other,8,True,True,['c7'],0.0,other,0,4,1.0125106200575829e-05
meta_llama_llama_4_scout_17b_16e_instruct,RANDOM,string_category,other,9,True,True,['9OddJ'],0.0,other,0,5,1.1041993275284769e-05
meta_llama_llama_4_scout_17b_16e_instruct,RANDOM,string_category,other,10,True,True,['24'],0.0,other,0,1,2.4168984964489937e-06
meta_llama_llama_4_scout_17b_16e_instruct,RANDOM,string_category,other,11,True,True,['zpimT'],0.0,other,0,7,1.8291990272700787e-05
meta_llama_llama_4_scout_17b_16e_instruct,RANDOM,string_category,other,12,True,True,['Dl'],0.0,other,0,1,2.416083589196205e-06
meta_llama_llama_4_scout_17b_16e_instruct,RANDOM,string_category,other,13,True,True,['RcX9z'],0.0,other,0,4,1.1499971151351929e-05
meta_llama_llama_4_scout_17b_16e_instruct,RANDOM,string_category,other,14,True,True,['aCISQ'],0.0,other,0,1,2.8330832719802856e-06
meta_llama_llama_4_scout_17b_16e_instruct,RANDOM,string_category,other,15,True,True,['jtmd0'],0.0,other,0,7,1.620908733457327e-05
meta_llama_llama_4_scout_17b_16e_instruct,RANDOM,string_category,other,16,True,True,['QEnt5'],0.0,other,0,8,2.200005110353231e-05
meta_llama_llama_4_scout_17b_16e_instruct,RANDOM,string_category,other,17,True,True,['aA6E7'],0.0,other,0,5,1.3249926269054413e-05
meta_llama_llama_4_scout_17b_16e_instruct,RANDOM,string_category,other,18,True,True,['66sb'],0.0,other,0,5,1.491699367761612e-05
meta_llama_llama_4_scout_17b_16e_instruct,RANDOM,string_category,other,19,True,True,['ed3Q'],0.0,other,0,2,3.958004526793957e-06
meta_llama_llama_4_scout_17b_16e_instruct,RANDOM,string_category,other,20,True,True,['qi2hx'],0.0,other,0,1,3.1660310924053192e-06
meta_llama_llama_4_scout_17b_16e_instruct,RANDOM,string_category,other,21,True,True,['87My'],0.0,other,0,4,7.95791856944561e-06
meta_llama_llama_4_scout_17b_16e_instruct,RANDOM,string_category,other,22,True,True,['rT'],0.0,other,0,6,1.3332930393517016e-05
meta_llama_llama_4_scout_17b_16e_instruct,RANDOM,string_category,other,23,True,True,['c2'],0.0,other,0,4,7.833004929125309e-06
meta_llama_llama_4_scout_17b_16e_instruct,RANDOM,string_category,other,24,True,True,['9YG'],0.0,other,0,1,2.624932676553726e-06
meta_llama_llama_4_scout_17b_16e_instruct,RANDOM,string_category,other,25,True,True,['KkZvK'],0.0,other,0,10,1.987500581890345e-05
meta_llama_llama_4_scout_17b_16e_instruct,RANDOM,string_category,other,26,True,True,['B7h'],0.0,other,0,2,5.333917215466499e-06
meta_llama_llama_4_scout_17b_16e_instruct,RANDOM,string_category,other,27,True,True,['lz'],0.0,other,0,2,3.708992153406143e-06
meta_llama_llama_4_scout_17b_16e_instruct,RANDOM,string_category,other,28,True,True,['6k'],0.0,other,0,6,1.3499986380338669e-05
meta_llama_llama_4_scout_17b_16e_instruct,RANDOM,string_category,other,29,True,True,['8jXc'],0.0,other,0,1,2.7919886633753777e-06
meta_llama_llama_4_scout_17b_16e_instruct,RANDOM,string_category,short_palindrome,0,True,True,['4'],0.0,short_palindrome,0,11,2.554198727011681e-05
meta_llama_llama_4_scout_17b_16e_instruct,RANDOM,string_category,short_palindrome,1,True,True,[''],0.0,short_palindrome,0,20,4.495901521295309e-05
meta_llama_llama_4_scout_17b_16e_instruct,RANDOM,string_category,short_palindrome,2,True,True,[''],0.0,short_palindrome,0,13,2.8333044610917568e-05
meta_llama_llama_4_scout_17b_16e_instruct,RANDOM,string_category,short_palindrome,3,True,True,['w'],0.0,short_palindrome,0,11,2.354104071855545e-05
meta_llama_llama_4_scout_17b_16e_instruct,RANDOM,string_category,short_palindrome,4,True,True,[''],0.0,short_palindrome,0,3,8.333008736371994e-06
meta_llama_llama_4_scout_17b_16e_instruct,RANDOM,string_category,short_palindrome,5,True,True,['Q'],0.0,short_palindrome,0,2,4.541012458503246e-06
meta_llama_llama_4_scout_17b_16e_instruct,RANDOM,string_category,short_palindrome,6,True,True,[''],0.0,short_palindrome,0,11,2.204196061939001e-05
meta_llama_llama_4_scout_17b_16e_instruct,RANDOM,string_category,short_palindrome,7,True,True,['p'],0.0,short_palindrome,0,1,2.3329630494117737e-06
meta_llama_llama_4_scout_17b_16e_instruct,RANDOM,string_category,short_palindrome,8,True,True,[''],0.0,short_palindrome,0,7,1.537497155368328e-05
meta_llama_llama_4_scout_17b_16e_instruct,RANDOM,string_category,short_palindrome,9,True,True,[''],0.0,short_palindrome,0,1,2.125045284628868e-06
meta_llama_llama_4_scout_17b_16e_instruct,RANDOM,string_category,short_palindrome,10,True,True,[''],0.0,short_palindrome,0,1,2.2919848561286926e-06
meta_llama_llama_4_scout_17b_16e_instruct,RANDOM,string_category,short_palindrome,11,True,True,[''],0.0,short_palindrome,0,2,3.791064955294132e-06
meta_llama_llama_4_scout_17b_16e_instruct,RANDOM,string_category,short_palindrome,12,True,True,[''],0.0,short_palindrome,0,2,5.500041879713535e-06
meta_llama_llama_4_scout_17b_16e_instruct,RANDOM,string_category,short_palindrome,13,True,True,['D'],0.0,short_palindrome,0,14,3.145798109471798e-05
meta_llama_llama_4_scout_17b_16e_instruct,RANDOM,string_category,short_palindrome,14,True,True,[''],0.0,short_palindrome,0,1,1.834006980061531e-06
meta_llama_llama_4_scout_17b_16e_instruct,RANDOM,string_category,short_palindrome,15,True,True,[''],0.0,short_palindrome,0,13,2.9249931685626507e-05
meta_llama_llama_4_scout_17b_16e_instruct,RANDOM,string_category,short_palindrome,16,True,True,[''],0.0,short_palindrome,0,11,2.2249994799494743e-05
meta_llama_llama_4_scout_17b_16e_instruct,RANDOM,string_category,short_palindrome,17,True,True,[''],0.0,short_palindrome,0,6,1.4749937690794468e-05
meta_llama_llama_4_scout_17b_16e_instruct,RANDOM,string_category,short_palindrome,18,True,True,['S'],0.0,short_palindrome,0,1,2.2919848561286926e-06
meta_llama_llama_4_scout_17b_16e_instruct,RANDOM,string_category,short_palindrome,19,True,True,[''],0.0,short_palindrome,0,8,1.8625054508447647e-05
meta_llama_llama_4_scout_17b_16e_instruct,RANDOM,string_category,short_palindrome,20,True,True,['d'],0.0,short_palindrome,0,1,2.2909371182322502e-06
meta_llama_llama_4_scout_17b_16e_instruct,RANDOM,string_category,short_palindrome,21,True,True,[''],0.0,short_palindrome,0,2,4.542060196399689e-06
meta_llama_llama_4_scout_17b_16e_instruct,RANDOM,string_category,short_palindrome,22,True,True,['8'],0.0,short_palindrome,0,14,2.5833025574684143e-05
meta_llama_llama_4_scout_17b_16e_instruct,RANDOM,string_category,short_palindrome,23,True,True,[''],0.0,short_palindrome,0,6,1.291697844862938e-05
meta_llama_llama_4_scout_17b_16e_instruct,RANDOM,string_category,short_palindrome,24,True,True,['J'],0.0,short_palindrome,0,4,8.292030543088913e-06
meta_llama_llama_4_scout_17b_16e_instruct,RANDOM,string_category,short_palindrome,25,True,True,['DD'],0.0,short_palindrome,0,6,1.4542019926011562e-05
meta_llama_llama_4_scout_17b_16e_instruct,RANDOM,string_category,short_palindrome,26,True,True,['n'],0.0,short_palindrome,0,13,2.8125010430812836e-05
meta_llama_llama_4_scout_17b_16e_instruct,RANDOM,string_category,short_palindrome,27,True,True,[''],0.0,short_palindrome,0,2,4.249974153935909e-06
meta_llama_llama_4_scout_17b_16e_instruct,RANDOM,string_category,short_palindrome,28,True,True,[''],0.0,short_palindrome,0,11,2.3124972358345985e-05
meta_llama_llama_4_scout_17b_16e_instruct,RANDOM,string_category,short_palindrome,29,True,True,[''],0.0,short_palindrome,0,9,1.987500581890345e-05
meta_llama_llama_4_scout_17b_16e_instruct,HILL_CLIMBING,bmi_category,invalid_height,0,False,False,"[135.59776305880254, 1.0]",1.0,,7,8091,0.0132804589811712
meta_llama_llama_4_scout_17b_16e_instruct,HILL_CLIMBING,bmi_category,invalid_height,1,False,False,"[72.84727228446292, 1.0]",1.0,,2,8091,0.0118570830672979
meta_llama_llama_4_scout_17b_16e_instruct,HILL_CLIMBING,bmi_category,invalid_height,2,False,False,"[55.45796116048062, 1.0]",1.0,,1,8091,0.0109769579721614
meta_llama_llama_4_scout_17b_16e_instruct,HILL_CLIMBING,bmi_category,invalid_height,3,False,False,"[44.75783812807598, 1.0]",1.0,,5,8091,0.0103252920089289
meta_llama_llama_4_scout_17b_16e_instruct,HILL_CLIMBING,bmi_category,invalid_height,4,False,False,"[109.03710772733288, 1.0]",1.0,,4,8091,0.0099472500151023
meta_llama_llama_4_scout_17b_16e_instruct,HILL_CLIMBING,bmi_category,invalid_height,5,False,False,"[182.40864626305475, 1.0]",1.0,,6,8091,0.0100473330821841
meta_llama_llama_4_scout_17b_16e_instruct,HILL_CLIMBING,bmi_category,invalid_height,6,False,False,"[99.44145084556196, 1.0]",1.0,,6,8091,0.0102250000927597
meta_llama_llama_4_scout_17b_16e_instruct,HILL_CLIMBING,bmi_category,invalid_height,7,False,False,"[139.32955230798376, 1.0]",1.0,,1,8091,0.0100517080863937
meta_llama_llama_4_scout_17b_16e_instruct,HILL_CLIMBING,bmi_category,invalid_height,8,False,False,"[68.14504769263736, 1.0]",1.0,,1,8091,0.0100478329695761
meta_llama_llama_4_scout_17b_16e_instruct,HILL_CLIMBING,bmi_category,invalid_height,9,False,False,"[157.57087760739833, 1.0]",1.0,,1,8091,0.0100056659430265
meta_llama_llama_4_scout_17b_16e_instruct,HILL_CLIMBING,bmi_category,invalid_height,10,False,False,"[136.37447639296772, 1.0]",1.0,,3,8091,0.0100578340934589
meta_llama_llama_4_scout_17b_16e_instruct,HILL_CLIMBING,bmi_category,invalid_height,11,False,False,"[64.30800103089717, 1.0]",1.0,,12,8091,0.0099648749455809
meta_llama_llama_4_scout_17b_16e_instruct,HILL_CLIMBING,bmi_category,invalid_height,12,False,False,"[103.85338543734869, 1.0]",1.0,,7,8091,0.0100634170230478
meta_llama_llama_4_scout_17b_16e_instruct,HILL_CLIMBING,bmi_category,invalid_height,13,False,False,"[157.99746243657492, 1.0]",1.0,,8,8091,0.0099490419961512
meta_llama_llama_4_scout_17b_16e_instruct,HILL_CLIMBING,bmi_category,invalid_height,14,False,False,"[141.57144610203872, 1.0]",1.0,,3,8091,0.0100383330136537
meta_llama_llama_4_scout_17b_16e_instruct,HILL_CLIMBING,bmi_category,invalid_height,15,False,False,"[149.33757089723568, 1.0]",1.0,,5,8091,0.0099633339559659
meta_llama_llama_4_scout_17b_16e_instruct,HILL_CLIMBING,bmi_category,invalid_height,16,False,False,"[144.67710612599555, 1.0]",1.0,,3,8091,0.0099899999331682
meta_llama_llama_4_scout_17b_16e_instruct,HILL_CLIMBING,bmi_category,invalid_height,17,False,False,"[139.33662333019046, 1.0]",1.0,,3,8091,0.0099206670420244
meta_llama_llama_4_scout_17b_16e_instruct,HILL_CLIMBING,bmi_category,invalid_height,18,False,False,"[96.41401610215965, 1.0]",1.0,,1,8091,0.0100682500051334
meta_llama_llama_4_scout_17b_16e_instruct,HILL_CLIMBING,bmi_category,invalid_height,19,False,False,"[115.07952884457924, 1.0]",1.0,,3,8091,0.0100311249261721
meta_llama_llama_4_scout_17b_16e_instruct,HILL_CLIMBING,bmi_category,invalid_height,20,False,False,"[123.45212473980129, 1.0]",1.0,,2,8091,0.0100065000588074
meta_llama_llama_4_scout_17b_16e_instruct,HILL_CLIMBING,bmi_category,invalid_height,21,False,False,"[129.32994158388414, 1.0]",1.0,,4,8091,0.0099809579551219
meta_llama_llama_4_scout_17b_16e_instruct,HILL_CLIMBING,bmi_category,invalid_height,22,False,False,"[175.85099577307867, 1.0]",1.0,,9,8091,0.0100677500013262
meta_llama_llama_4_scout_17b_16e_instruct,HILL_CLIMBING,bmi_category,invalid_height,23,False,False,"[123.03312294173514, 1.0]",1.0,,3,8091,0.0099766660714522
meta_llama_llama_4_scout_17b_16e_instruct,HILL_CLIMBING,bmi_category,invalid_height,24,False,False,"[128.62640324368584, 1.0]",1.0,,5,8091,0.0099884580122306
meta_llama_llama_4_scout_17b_16e_instruct,HILL_CLIMBING,bmi_category,invalid_height,25,False,False,"[118.48941891358893, 1.0]",1.0,,3,8091,0.0099215829977765
meta_llama_llama_4_scout_17b_16e_instruct,HILL_CLIMBING,bmi_category,invalid_height,26,False,False,"[90.27328799472049, 1.0]",1.0,,5,8091,0.0099942089291289
meta_llama_llama_4_scout_17b_16e_instruct,HILL_CLIMBING,bmi_category,invalid_height,27,False,False,"[54.597021917977564, 1.0]",1.0,,4,8091,0.0100359159987419
meta_llama_llama_4_scout_17b_16e_instruct,HILL_CLIMBING,bmi_category,invalid_height,28,False,False,"[189.95651236367308, 1.0]",1.0,,2,8091,0.01000395801384
meta_llama_llama_4_scout_17b_16e_instruct,HILL_CLIMBING,bmi_category,invalid_height,29,False,False,"[29.20099838779162, 1.0]",1.0,,7,8091,0.0100137910339981
meta_llama_llama_4_scout_17b_16e_instruct,HILL_CLIMBING,bmi_category,normal,0,True,True,"[121.55827735559099, 2.4217756029834625]",0.0,normal,2,3,7.790978997945786e-06
meta_llama_llama_4_scout_17b_16e_instruct,HILL_CLIMBING,bmi_category,normal,1,True,True,"[132.30290330952226, 2.490168333831796]",0.0,normal,4,5,1.2791948392987251e-05
meta_llama_llama_4_scout_17b_16e_instruct,HILL_CLIMBING,bmi_category,normal,2,True,True,"[65.24922828224048, 1.7011171391620792]",0.0,normal,4,5,1.170800533145666e-05
meta_llama_llama_4_scout_17b_16e_instruct,HILL_CLIMBING,bmi_category,normal,3,True,True,"[127.24064743023156, 2.5]",0.0,normal,8,9,1.6707926988601685e-05
meta_llama_llama_4_scout_17b_16e_instruct,HILL_CLIMBING,bmi_category,normal,4,True,True,"[65.25643254901345, 1.7000000000000002]",0.0,normal,8,9,1.987488940358162e-05
meta_llama_llama_4_scout_17b_16e_instruct,HILL_CLIMBING,bmi_category,normal,5,True,True,"[81.77889821069473, 1.8495650072291099]",0.0,normal,3,4,8.208095096051693e-06
meta_llama_llama_4_scout_17b_16e_instruct,HILL_CLIMBING,bmi_category,normal,6,True,True,"[134.85643155089315, 2.5]",0.0,normal,7,8,1.6666017472743988e-05
meta_llama_llama_4_scout_17b_16e_instruct,HILL_CLIMBING,bmi_category,normal,7,True,True,"[88.16818869293233, 2.181445354218941]",0.0,normal,12,13,2.554198727011681e-05
meta_llama_llama_4_scout_17b_16e_instruct,HILL_CLIMBING,bmi_category,normal,8,True,True,"[147.42982255297107, 2.5]",0.0,normal,3,4,9.916955605149267e-06
meta_llama_llama_4_scout_17b_16e_instruct,HILL_CLIMBING,bmi_category,normal,9,True,True,"[47.58113771239462, 1.4850760606359883]",0.0,normal,0,1,2.7079368010163307e-06
meta_llama_llama_4_scout_17b_16e_instruct,HILL_CLIMBING,bmi_category,normal,10,True,True,"[57.224845498856844, 1.581612055225114]",0.0,normal,10,11,2.0332983694970608e-05
meta_llama_llama_4_scout_17b_16e_instruct,HILL_CLIMBING,bmi_category,normal,11,True,True,"[24.828603875294863, 1.1330601839092271]",0.0,normal,0,1,2.749962732195854e-06
meta_llama_llama_4_scout_17b_16e_instruct,HILL_CLIMBING,bmi_category,normal,12,True,True,"[125.25786422814906, 2.5]",0.0,normal,33,34,4.487507976591587e-05
meta_llama_llama_4_scout_17b_16e_instruct,HILL_CLIMBING,bmi_category,normal,13,True,True,"[120.2350768554806, 2.4]",0.0,normal,16,17,2.683291677385569e-05
meta_llama_llama_4_scout_17b_16e_instruct,HILL_CLIMBING,bmi_category,normal,14,True,True,"[68.66313973276957, 1.8198961739799362]",0.0,normal,6,7,1.183303538709879e-05
meta_llama_llama_4_scout_17b_16e_instruct,HILL_CLIMBING,bmi_category,normal,15,True,True,"[120.77888758297694, 2.5]",0.0,normal,5,6,1.379195600748062e-05
meta_llama_llama_4_scout_17b_16e_instruct,HILL_CLIMBING,bmi_category,normal,16,True,True,"[84.18604673297801, 1.8804748358944339]",0.0,normal,11,12,2.1958956494927406e-05
meta_llama_llama_4_scout_17b_16e_instruct,HILL_CLIMBING,bmi_category,normal,17,True,True,"[120.5614133602301, 2.309816602993027]",0.0,normal,3,4,1.025001984089613e-05
meta_llama_llama_4_scout_17b_16e_instruct,HILL_CLIMBING,bmi_category,normal,18,True,True,"[138.72202588382373, 2.5]",0.0,normal,2,3,7.874914444983006e-06
meta_llama_llama_4_scout_17b_16e_instruct,HILL_CLIMBING,bmi_category,normal,19,True,True,"[94.44014628753628, 2.2241755516420403]",0.0,normal,3,4,1.0207993909716606e-05
meta_llama_llama_4_scout_17b_16e_instruct,HILL_CLIMBING,bmi_category,normal,20,True,True,"[57.53362372117881, 1.603765005540016]",0.0,normal,1,2,5.707959644496441e-06
meta_llama_llama_4_scout_17b_16e_instruct,HILL_CLIMBING,bmi_category,normal,21,True,True,"[126.0785772534885, 2.3152484605407126]",0.0,normal,6,7,1.4875084161758425e-05
meta_llama_llama_4_scout_17b_16e_instruct,HILL_CLIMBING,bmi_category,normal,22,True,True,"[24.858960696465406, 1.0]",0.0,normal,11,12,2.1459069103002548e-05
meta_llama_llama_4_scout_17b_16e_instruct,HILL_CLIMBING,bmi_category,normal,23,True,True,"[122.7498814383187, 2.4356369133938376]",0.0,normal,0,1,2.749962732195854e-06
meta_llama_llama_4_scout_17b_16e_instruct,HILL_CLIMBING,bmi_category,normal,24,True,True,"[44.88741787624066, 1.4528993202420293]",0.0,normal,2,3,8.5409265011549e-06
meta_llama_llama_4_scout_17b_16e_instruct,HILL_CLIMBING,bmi_category,normal,25,True,True,"[142.6289227473807, 2.5]",0.0,normal,1,2,5.749985575675964e-06
meta_llama_llama_4_scout_17b_16e_instruct,HILL_CLIMBING,bmi_category,normal,26,True,True,"[82.63530885287496, 1.9738985378756622]",0.0,normal,0,1,2.9999064281582832e-06
meta_llama_llama_4_scout_17b_16e_instruct,HILL_CLIMBING,bmi_category,normal,27,True,True,"[152.39856210667148, 2.494999255784551]",0.0,normal,0,1,2.750079147517681e-06
meta_llama_llama_4_scout_17b_16e_instruct,HILL_CLIMBING,bmi_category,normal,28,True,True,"[96.0384797905909, 2.1363062874747274]",0.0,normal,19,20,3.0542025342583656e-05
meta_llama_llama_4_scout_17b_16e_instruct,HILL_CLIMBING,bmi_category,normal,29,True,True,"[64.67900125464041, 1.6554325408728174]",0.0,normal,14,15,2.7499976567924023e-05
meta_llama_llama_4_scout_17b_16e_instruct,HILL_CLIMBING,bmi_category,obese,0,True,True,"[198.33872246513397, 1.7384997130056874]",0.0,obese,0,1,2.499902620911598e-06
meta_llama_llama_4_scout_17b_16e_instruct,HILL_CLIMBING,bmi_category,obese,1,True,True,"[179.57905246166078, 1.5650189734815352]",0.0,obese,0,1,2.374988980591297e-06
meta_llama_llama_4_scout_17b_16e_instruct,HILL_CLIMBING,bmi_category,obese,2,True,True,"[158.95783187492137, 2.2671226379370744]",0.0,obese,0,1,2.834014594554901e-06
meta_llama_llama_4_scout_17b_16e_instruct,HILL_CLIMBING,bmi_category,obese,3,True,True,"[69.02529883128594, 1.4886042485882267]",0.0,obese,1,2,5.250098183751106e-06
meta_llama_llama_4_scout_17b_16e_instruct,HILL_CLIMBING,bmi_category,obese,4,True,True,"[196.95090421614873, 1.1391780655826502]",0.0,obese,0,1,2.7079368010163307e-06
meta_llama_llama_4_scout_17b_16e_instruct,HILL_CLIMBING,bmi_category,obese,5,True,True,"[52.571809939790285, 1.0]",0.0,obese,3,4,1.0124989785254002e-05
meta_llama_llama_4_scout_17b_16e_instruct,HILL_CLIMBING,bmi_category,obese,6,True,True,"[69.6220002153025, 1.153231339073667]",0.0,obese,0,1,2.6669586077332497e-06
meta_llama_llama_4_scout_17b_16e_instruct,HILL_CLIMBING,bmi_category,obese,7,True,True,"[30.13059483971861, 1.0]",0.0,obese,2,3,7.207971066236496e-06
meta_llama_llama_4_scout_17b_16e_instruct,HILL_CLIMBING,bmi_category,obese,8,True,True,"[173.27308936508493, 1.2867858713132687]",0.0,obese,0,1,2.540997229516506e-06
meta_llama_llama_4_scout_17b_16e_instruct,HILL_CLIMBING,bmi_category,obese,9,True,True,"[165.36629669615763, 2.0510412032052856]",0.0,obese,0,1,2.7909409254789352e-06
meta_llama_llama_4_scout_17b_16e_instruct,HILL_CLIMBING,bmi_category,obese,10,True,True,"[184.09469401924437, 2.19242920143762]",0.0,obese,0,1,2.625049091875553e-06
meta_llama_llama_4_scout_17b_16e_instruct,HILL_CLIMBING,bmi_category,obese,11,True,True,"[196.7524512502221, 1.0]",0.0,obese,3,4,7.499940693378448e-06
meta_llama_llama_4_scout_17b_16e_instruct,HILL_CLIMBING,bmi_category,obese,12,True,True,"[101.53877616626411, 1.0511919294400436]",0.0,obese,0,1,2.749962732195854e-06
meta_llama_llama_4_scout_17b_16e_instruct,HILL_CLIMBING,bmi_category,obese,13,True,True,"[172.90701340325583, 2.2415957852722066]",0.0,obese,0,1,2.8329668566584587e-06
meta_llama_llama_4_scout_17b_16e_instruct,HILL_CLIMBING,bmi_category,obese,14,True,True,"[109.68648929574886, 1.0921644385178297]",0.0,obese,0,1,2.6669586077332497e-06
meta_llama_llama_4_scout_17b_16e_instruct,HILL_CLIMBING,bmi_category,obese,15,True,True,"[78.77527956828492, 1.5324725768345302]",0.0,obese,0,1,2.6670750230550766e-06
meta_llama_llama_4_scout_17b_16e_instruct,HILL_CLIMBING,bmi_category,obese,16,True,True,"[109.23568855241139, 1.3021258591346903]",0.0,obese,1,2,5.917041562497616e-06
meta_llama_llama_4_scout_17b_16e_instruct,HILL_CLIMBING,bmi_category,obese,17,True,True,"[193.11575565717627, 2.4002954556679748]",0.0,obese,0,1,2.250075340270996e-06
meta_llama_llama_4_scout_17b_16e_instruct,HILL_CLIMBING,bmi_category,obese,18,True,True,"[76.74049038290585, 1.5271653076939165]",0.0,obese,4,5,1.3041077181696892e-05
meta_llama_llama_4_scout_17b_16e_instruct,HILL_CLIMBING,bmi_category,obese,19,True,True,"[61.384677072807825, 1.341820407786522]",0.0,obese,2,3,8.33394005894661e-06
meta_llama_llama_4_scout_17b_16e_instruct,HILL_CLIMBING,bmi_category,obese,20,True,True,"[184.43340955483535, 1.9447099236002814]",0.0,obese,1,2,5.667097866535187e-06
meta_llama_llama_4_scout_17b_16e_instruct,HILL_CLIMBING,bmi_category,obese,21,True,True,"[101.63801470048995, 1.4966773386962442]",0.0,obese,0,1,2.625049091875553e-06
meta_llama_llama_4_scout_17b_16e_instruct,HILL_CLIMBING,bmi_category,obese,22,True,True,"[170.2836055459429, 2.372264112118689]",0.0,obese,0,1,2.250075340270996e-06
meta_llama_llama_4_scout_17b_16e_instruct,HILL_CLIMBING,bmi_category,obese,23,True,True,"[154.69650699886765, 1.9483248900006183]",0.0,obese,0,1,2.415967173874378e-06
meta_llama_llama_4_scout_17b_16e_instruct,HILL_CLIMBING,bmi_category,obese,24,True,True,"[86.50097797175836, 1.617261891325667]",0.0,obese,1,2,5.624955520033836e-06
meta_llama_llama_4_scout_17b_16e_instruct,HILL_CLIMBING,bmi_category,obese,25,True,True,"[164.60046584715252, 1.575356778845238]",0.0,obese,2,3,8.417060598731041e-06
meta_llama_llama_4_scout_17b_16e_instruct,HILL_CLIMBING,bmi_category,obese,26,True,True,"[67.446760084207, 1.2518400704977206]",0.0,obese,0,1,2.9579969123005867e-06
meta_llama_llama_4_scout_17b_16e_instruct,HILL_CLIMBING,bmi_category,obese,27,True,True,"[188.87355636938645, 1.7414975710214917]",0.0,obese,0,1,2.7919886633753777e-06
meta_llama_llama_4_scout_17b_16e_instruct,HILL_CLIMBING,bmi_category,obese,28,True,True,"[189.70836166687232, 2.4671131816357823]",0.0,obese,0,1,2.4579931050539017e-06
meta_llama_llama_4_scout_17b_16e_instruct,HILL_CLIMBING,bmi_category,obese,29,True,True,"[145.57397962950122, 1.381640118105933]",0.0,obese,1,2,5.749985575675964e-06
meta_llama_llama_4_scout_17b_16e_instruct,HILL_CLIMBING,bmi_category,overweight,0,True,True,"[183.9525628313295, 2.5]",0.0,overweight,8,9,1.97909539565444e-05
meta_llama_llama_4_scout_17b_16e_instruct,HILL_CLIMBING,bmi_category,overweight,1,True,True,"[57.94016321671089, 1.4261161838483534]",0.0,overweight,7,8,1.3125012628734112e-05
meta_llama_llama_4_scout_17b_16e_instruct,HILL_CLIMBING,bmi_category,overweight,2,True,True,"[31.815166318944662, 1.1]",0.0,overweight,11,12,2.1124957129359245e-05
meta_llama_llama_4_scout_17b_16e_instruct,HILL_CLIMBING,bmi_category,overweight,3,True,True,"[57.92865997662159, 1.4456431053619627]",0.0,overweight,33,34,4.39999857917428e-05
meta_llama_llama_4_scout_17b_16e_instruct,HILL_CLIMBING,bmi_category,overweight,4,True,True,"[65.66761160933538, 1.5503862251547211]",0.0,overweight,4,5,1.254095695912838e-05
meta_llama_llama_4_scout_17b_16e_instruct,HILL_CLIMBING,bmi_category,overweight,5,True,True,"[110.56298512011743, 2.0809220170643337]",0.0,overweight,0,1,3.125052899122238e-06
meta_llama_llama_4_scout_17b_16e_instruct,HILL_CLIMBING,bmi_category,overweight,6,True,True,"[152.6088831663246, 2.2736037372846822]",0.0,overweight,13,14,2.320797648280859e-05
meta_llama_llama_4_scout_17b_16e_instruct,HILL_CLIMBING,bmi_category,overweight,7,True,True,"[96.31269846999008, 1.7998508151589472]",0.0,overweight,3,4,8.417060598731041e-06
meta_llama_llama_4_scout_17b_16e_instruct,HILL_CLIMBING,bmi_category,overweight,8,True,True,"[180.2858569948608, 2.5]",0.0,overweight,16,17,2.958404365926981e-05
meta_llama_llama_4_scout_17b_16e_instruct,HILL_CLIMBING,bmi_category,overweight,9,True,True,"[95.91101672818607, 1.8698257140481442]",0.0,overweight,12,13,2.3250002413988113e-05
meta_llama_llama_4_scout_17b_16e_instruct,HILL_CLIMBING,bmi_category,overweight,10,True,True,"[149.39020767466712, 2.2987180612127998]",0.0,overweight,6,7,1.4999997802078724e-05
meta_llama_llama_4_scout_17b_16e_instruct,HILL_CLIMBING,bmi_category,overweight,11,True,True,"[55.10575173146219, 1.3941631884652124]",0.0,overweight,9,10,2.0292005501687527e-05
meta_llama_llama_4_scout_17b_16e_instruct,HILL_CLIMBING,bmi_category,overweight,12,True,True,"[71.00348859065977, 1.647781683615983]",0.0,overweight,2,3,7.209018804132938e-06
meta_llama_llama_4_scout_17b_16e_instruct,HILL_CLIMBING,bmi_category,overweight,13,True,True,"[117.58843081637707, 2.108176973526211]",0.0,overweight,2,3,7.292022928595543e-06
meta_llama_llama_4_scout_17b_16e_instruct,HILL_CLIMBING,bmi_category,overweight,14,True,True,"[148.49785750346527, 2.2960310784199214]",0.0,overweight,0,1,2.749962732195854e-06
meta_llama_llama_4_scout_17b_16e_instruct,HILL_CLIMBING,bmi_category,overweight,15,True,True,"[61.54851524731516, 1.5615699957845928]",0.0,overweight,0,1,2.8329668566584587e-06
meta_llama_llama_4_scout_17b_16e_instruct,HILL_CLIMBING,bmi_category,overweight,16,True,True,"[165.22287919778225, 2.5]",0.0,overweight,7,8,1.750001683831215e-05
meta_llama_llama_4_scout_17b_16e_instruct,HILL_CLIMBING,bmi_category,overweight,17,True,True,"[139.23978498880558, 2.357905183471503]",0.0,overweight,7,8,1.4416989870369434e-05
meta_llama_llama_4_scout_17b_16e_instruct,HILL_CLIMBING,bmi_category,overweight,18,True,True,"[34.325862610650674, 1.1200806537251355]",0.0,overweight,10,11,1.5959027223289013e-05
meta_llama_llama_4_scout_17b_16e_instruct,HILL_CLIMBING,bmi_category,overweight,19,True,True,"[172.7479552181622, 2.5]",0.0,overweight,2,3,6.416928954422474e-06
meta_llama_llama_4_scout_17b_16e_instruct,HILL_CLIMBING,bmi_category,overweight,20,True,True,"[60.34048757571273, 1.5120195983958888]",0.0,overweight,1,2,5.66698145121336e-06
meta_llama_llama_4_scout_17b_16e_instruct,HILL_CLIMBING,bmi_category,overweight,21,True,True,"[166.05209157548845, 2.4960379083185726]",0.0,overweight,0,1,2.9579969123005867e-06
meta_llama_llama_4_scout_17b_16e_instruct,HILL_CLIMBING,bmi_category,overweight,22,True,True,"[174.87106336030777, 2.5]",0.0,overweight,25,26,4.583399277180433e-05
meta_llama_llama_4_scout_17b_16e_instruct,HILL_CLIMBING,bmi_category,overweight,23,True,True,"[150.87197555771942, 2.366281662448979]",0.0,overweight,0,1,2.874992787837982e-06
meta_llama_llama_4_scout_17b_16e_instruct,HILL_CLIMBING,bmi_category,overweight,24,True,True,"[145.76467240573015, 2.3542955899110485]",0.0,overweight,3,4,7.958034984767437e-06
meta_llama_llama_4_scout_17b_16e_instruct,HILL_CLIMBING,bmi_category,overweight,25,True,True,"[64.93909211637983, 1.5251113807701475]",0.0,overweight,9,10,1.5874975360929966e-05
meta_llama_llama_4_scout_17b_16e_instruct,HILL_CLIMBING,bmi_category,overweight,26,True,True,"[161.38856508184406, 2.3994199989661693]",0.0,overweight,6,7,1.537497155368328e-05
meta_llama_llama_4_scout_17b_16e_instruct,HILL_CLIMBING,bmi_category,overweight,27,True,True,"[62.96501224186592, 1.5310690236306548]",0.0,overweight,0,1,2.7921050786972046e-06
meta_llama_llama_4_scout_17b_16e_instruct,HILL_CLIMBING,bmi_category,overweight,28,True,True,"[153.9896112909017, 2.476066055161965]",0.0,overweight,7,8,1.5625031664967537e-05
meta_llama_llama_4_scout_17b_16e_instruct,HILL_CLIMBING,bmi_category,overweight,29,True,True,"[73.53715387844525, 1.6828413464843253]",0.0,overweight,5,6,1.383305061608553e-05
meta_llama_llama_4_scout_17b_16e_instruct,HILL_CLIMBING,bmi_category,underweight,0,True,True,"[109.15778923149804, 2.5]",0.0,underweight,3,4,1.2165983207523824e-05
meta_llama_llama_4_scout_17b_16e_instruct,HILL_CLIMBING,bmi_category,underweight,1,True,True,"[84.33734552794004, 2.5]",0.0,underweight,7,8,1.6000005416572094e-05
meta_llama_llama_4_scout_17b_16e_instruct,HILL_CLIMBING,bmi_category,underweight,2,True,True,"[100.22994763261727, 2.5]",0.0,underweight,3,4,8.16606916487217e-06
meta_llama_llama_4_scout_17b_16e_instruct,HILL_CLIMBING,bmi_category,underweight,3,True,True,"[96.9354606190959, 2.499998089457324]",0.0,underweight,0,1,2.708984538912773e-06
meta_llama_llama_4_scout_17b_16e_instruct,HILL_CLIMBING,bmi_category,underweight,4,True,True,"[40.09955667783768, 1.7395275684850535]",0.0,underweight,0,1,2.374988980591297e-06
meta_llama_llama_4_scout_17b_16e_instruct,HILL_CLIMBING,bmi_category,underweight,5,True,True,"[105.63407140411844, 2.5]",0.0,underweight,3,4,1.2082979083061218e-05
meta_llama_llama_4_scout_17b_16e_instruct,HILL_CLIMBING,bmi_category,underweight,6,True,True,"[53.11054591026867, 2.0]",0.0,underweight,2,3,8.041970431804657e-06
meta_llama_llama_4_scout_17b_16e_instruct,HILL_CLIMBING,bmi_category,underweight,7,True,True,"[57.531180040479434, 1.763579439467219]",0.0,underweight,3,4,8.29098280519247e-06
meta_llama_llama_4_scout_17b_16e_instruct,HILL_CLIMBING,bmi_category,underweight,8,True,True,"[88.05793932464775, 2.273180336926073]",0.0,underweight,2,3,9.040930308401585e-06
meta_llama_llama_4_scout_17b_16e_instruct,HILL_CLIMBING,bmi_category,underweight,9,True,True,"[33.82761874361672, 2.5]",0.0,underweight,10,11,2.416700590401888e-05
meta_llama_llama_4_scout_17b_16e_instruct,HILL_CLIMBING,bmi_category,underweight,10,True,True,"[28.896335486618554, 2.348805402103899]",0.0,underweight,4,5,1.2042000889778136e-05
meta_llama_llama_4_scout_17b_16e_instruct,HILL_CLIMBING,bmi_category,underweight,11,True,True,"[34.79235349680959, 1.5]",0.0,underweight,3,4,1.1499971151351929e-05
meta_llama_llama_4_scout_17b_16e_instruct,HILL_CLIMBING,bmi_category,underweight,12,True,True,"[26.257057106364222, 1.6916889821069125]",0.0,underweight,0,1,2.6670750230550766e-06
meta_llama_llama_4_scout_17b_16e_instruct,HILL_CLIMBING,bmi_category,underweight,13,True,True,"[26.66164217090045, 1.3860001617458366]",0.0,underweight,0,1,2.874992787837982e-06
meta_llama_llama_4_scout_17b_16e_instruct,HILL_CLIMBING,bmi_category,underweight,14,True,True,"[63.137775380205156, 2.331014552134052]",0.0,underweight,1,2,5.875015631318092e-06
meta_llama_llama_4_scout_17b_16e_instruct,HILL_CLIMBING,bmi_category,underweight,15,True,True,"[44.76089314496756, 2.4]",0.0,underweight,20,21,3.362505231052637e-05
meta_llama_llama_4_scout_17b_16e_instruct,HILL_CLIMBING,bmi_category,underweight,16,True,True,"[63.76661708866356, 2.0740839795073125]",0.0,underweight,4,5,1.1041993275284769e-05
meta_llama_llama_4_scout_17b_16e_instruct,HILL_CLIMBING,bmi_category,underweight,17,True,True,"[110.65982647849599, 2.5]",0.0,underweight,6,7,1.4750054106116297e-05
meta_llama_llama_4_scout_17b_16e_instruct,HILL_CLIMBING,bmi_category,underweight,18,True,True,"[41.0205464593553, 2.5]",0.0,underweight,8,9,1.791701652109623e-05
meta_llama_llama_4_scout_17b_16e_instruct,HILL_CLIMBING,bmi_category,underweight,19,True,True,"[75.31084045950125, 2.5]",0.0,underweight,10,11,2.62079993262887e-05
meta_llama_llama_4_scout_17b_16e_instruct,HILL_CLIMBING,bmi_category,underweight,20,True,True,"[83.851063683452, 2.5]",0.0,underweight,7,8,1.633400097489357e-05
meta_llama_llama_4_scout_17b_16e_instruct,HILL_CLIMBING,bmi_category,underweight,21,True,True,"[115.4529317243731, 2.5]",0.0,underweight,3,4,8.124974556267262e-06
meta_llama_llama_4_scout_17b_16e_instruct,HILL_CLIMBING,bmi_category,underweight,22,True,True,"[42.535740864969, 2.5]",0.0,underweight,10,11,1.670804340392351e-05
meta_llama_llama_4_scout_17b_16e_instruct,HILL_CLIMBING,bmi_category,underweight,23,True,True,"[101.38905306372668, 2.3743640143088487]",0.0,underweight,9,10,1.8625054508447647e-05
meta_llama_llama_4_scout_17b_16e_instruct,HILL_CLIMBING,bmi_category,underweight,24,True,True,"[50.21727937404829, 2.287169406942515]",0.0,underweight,0,1,2.750079147517681e-06
meta_llama_llama_4_scout_17b_16e_instruct,HILL_CLIMBING,bmi_category,underweight,25,True,True,"[41.64946994074853, 1.6384379750581302]",0.0,underweight,0,1,2.9579969123005867e-06
meta_llama_llama_4_scout_17b_16e_instruct,HILL_CLIMBING,bmi_category,underweight,26,True,True,"[33.20567788031712, 2.3857334263206225]",0.0,underweight,0,1,2.5420449674129486e-06
meta_llama_llama_4_scout_17b_16e_instruct,HILL_CLIMBING,bmi_category,underweight,27,True,True,"[67.46764895276121, 2.0]",0.0,underweight,13,14,3.10409814119339e-05
meta_llama_llama_4_scout_17b_16e_instruct,HILL_CLIMBING,bmi_category,underweight,28,True,True,"[24.895916740635876, 1.7504631314570918]",0.0,underweight,0,1,2.375105395913124e-06
meta_llama_llama_4_scout_17b_16e_instruct,HILL_CLIMBING,bmi_category,underweight,29,True,True,"[26.749038598112513, 1.439276661742153]",0.0,underweight,2,3,7.041962817311287e-06
meta_llama_llama_4_scout_17b_16e_instruct,HILL_CLIMBING,list_pattern,sorted_unique,0,True,True,"[[39, 90]]",0.0,sorted_unique,1,2,7.417052984237671e-06
meta_llama_llama_4_scout_17b_16e_instruct,HILL_CLIMBING,list_pattern,sorted_unique,1,True,True,"[[-74, 45]]",0.0,sorted_unique,2,3,9.54209826886654e-06
meta_llama_llama_4_scout_17b_16e_instruct,HILL_CLIMBING,list_pattern,sorted_unique,2,True,True,"[[14, 29]]",0.0,sorted_unique,1,2,7.0409150794148445e-06
meta_llama_llama_4_scout_17b_16e_instruct,HILL_CLIMBING,list_pattern,sorted_unique,3,True,True,"[[-46, 87]]",0.0,sorted_unique,5,6,1.9125058315694332e-05
meta_llama_llama_4_scout_17b_16e_instruct,HILL_CLIMBING,list_pattern,sorted_unique,4,True,True,"[[-69, 36]]",0.0,sorted_unique,4,5,1.6915961168706417e-05
meta_llama_llama_4_scout_17b_16e_instruct,HILL_CLIMBING,list_pattern,sorted_unique,5,True,True,"[[39, 65]]",0.0,sorted_unique,16,17,3.900006413459778e-05
meta_llama_llama_4_scout_17b_16e_instruct,HILL_CLIMBING,list_pattern,sorted_unique,6,True,True,"[[-91, 77]]",0.0,sorted_unique,2,3,1.1208001524209976e-05
meta_llama_llama_4_scout_17b_16e_instruct,HILL_CLIMBING,list_pattern,sorted_unique,7,True,True,"[[63, 88]]",0.0,sorted_unique,7,8,2.120796125382185e-05
meta_llama_llama_4_scout_17b_16e_instruct,HILL_CLIMBING,list_pattern,sorted_unique,8,True,True,"[[-98, 83]]",0.0,sorted_unique,9,10,2.650008536875248e-05
meta_llama_llama_4_scout_17b_16e_instruct,HILL_CLIMBING,list_pattern,sorted_unique,9,True,True,"[[-73, -11]]",0.0,sorted_unique,23,24,7.362500764429569e-05
meta_llama_llama_4_scout_17b_16e_instruct,HILL_CLIMBING,list_pattern,sorted_unique,10,True,True,"[[-36, 59]]",0.0,sorted_unique,2,3,9.333016350865364e-06
meta_llama_llama_4_scout_17b_16e_instruct,HILL_CLIMBING,list_pattern,sorted_unique,11,True,True,"[[-70, -13]]",0.0,sorted_unique,15,16,3.887503407895565e-05
meta_llama_llama_4_scout_17b_16e_instruct,HILL_CLIMBING,list_pattern,sorted_unique,12,True,True,"[[10, 91]]",0.0,sorted_unique,21,22,6.900005973875523e-05
meta_llama_llama_4_scout_17b_16e_instruct,HILL_CLIMBING,list_pattern,sorted_unique,13,True,True,"[[39, 42]]",0.0,sorted_unique,4,5,1.2167030945420264e-05
meta_llama_llama_4_scout_17b_16e_instruct,HILL_CLIMBING,list_pattern,sorted_unique,14,True,True,"[[-82, 21]]",0.0,sorted_unique,0,1,4.124944098293781e-06
meta_llama_llama_4_scout_17b_16e_instruct,HILL_CLIMBING,list_pattern,sorted_unique,15,True,True,"[[-84, 52]]",0.0,sorted_unique,7,8,1.8832972273230553e-05
meta_llama_llama_4_scout_17b_16e_instruct,HILL_CLIMBING,list_pattern,sorted_unique,16,True,True,"[[-52, 15, 83]]",0.0,sorted_unique,22,23,6.70839799568057e-05
meta_llama_llama_4_scout_17b_16e_instruct,HILL_CLIMBING,list_pattern,sorted_unique,17,True,True,"[[4, 14]]",0.0,sorted_unique,12,13,3.1624920666217804e-05
meta_llama_llama_4_scout_17b_16e_instruct,HILL_CLIMBING,list_pattern,sorted_unique,18,True,True,"[[-39, -13]]",0.0,sorted_unique,15,16,3.63748986274004e-05
meta_llama_llama_4_scout_17b_16e_instruct,HILL_CLIMBING,list_pattern,sorted_unique,19,True,True,"[[-92, -78]]",0.0,sorted_unique,28,29,7.558299694210291e-05
meta_llama_llama_4_scout_17b_16e_instruct,HILL_CLIMBING,list_pattern,sorted_unique,20,True,True,"[[1, 13, 87]]",0.0,sorted_unique,6,7,2.258410677313805e-05
meta_llama_llama_4_scout_17b_16e_instruct,HILL_CLIMBING,list_pattern,sorted_unique,21,True,True,"[[-72, 84]]",0.0,sorted_unique,0,1,4.00003045797348e-06
meta_llama_llama_4_scout_17b_16e_instruct,HILL_CLIMBING,list_pattern,sorted_unique,22,True,True,"[[54, 62]]",0.0,sorted_unique,5,6,5.1083043217659e-05
meta_llama_llama_4_scout_17b_16e_instruct,HILL_CLIMBING,list_pattern,sorted_unique,23,True,True,"[[-81, 66]]",0.0,sorted_unique,1,2,7.500057108700275e-06
meta_llama_llama_4_scout_17b_16e_instruct,HILL_CLIMBING,list_pattern,sorted_unique,24,True,True,"[[-80, 74]]",0.0,sorted_unique,0,1,4.166038706898689e-06
meta_llama_llama_4_scout_17b_16e_instruct,HILL_CLIMBING,list_pattern,sorted_unique,25,True,True,"[[-34, 81]]",0.0,sorted_unique,17,18,4.454201553016901e-05
meta_llama_llama_4_scout_17b_16e_instruct,HILL_CLIMBING,list_pattern,sorted_unique,26,True,True,"[[-49, 28]]",0.0,sorted_unique,27,28,8.608400821685791e-05
meta_llama_llama_4_scout_17b_16e_instruct,HILL_CLIMBING,list_pattern,sorted_unique,27,True,True,"[[28, 81, 96]]",0.0,sorted_unique,48,49,0.0001434999285265
meta_llama_llama_4_scout_17b_16e_instruct,HILL_CLIMBING,list_pattern,sorted_unique,28,True,True,"[[-68, 60]]",0.0,sorted_unique,13,14,4.6749948523938656e-05
meta_llama_llama_4_scout_17b_16e_instruct,HILL_CLIMBING,list_pattern,sorted_unique,29,True,True,"[[39, 79]]",0.0,sorted_unique,11,12,3.258301876485348e-05
meta_llama_llama_4_scout_17b_16e_instruct,HILL_CLIMBING,list_pattern,sorted_with_duplicates,0,True,True,"[[-10, 76, 76]]",0.0,sorted_with_duplicates,154,155,0.0003602500073611
meta_llama_llama_4_scout_17b_16e_instruct,HILL_CLIMBING,list_pattern,sorted_with_duplicates,1,True,True,"[[-73, -73]]",0.0,sorted_with_duplicates,536,537,0.0013096670154482
meta_llama_llama_4_scout_17b_16e_instruct,HILL_CLIMBING,list_pattern,sorted_with_duplicates,2,True,True,"[[-22, -22]]",0.0,sorted_with_duplicates,163,164,0.0003917919239029
meta_llama_llama_4_scout_17b_16e_instruct,HILL_CLIMBING,list_pattern,sorted_with_duplicates,3,True,True,"[[-44, 78, 78]]",0.0,sorted_with_duplicates,667,668,0.0015659999335184
meta_llama_llama_4_scout_17b_16e_instruct,HILL_CLIMBING,list_pattern,sorted_with_duplicates,4,True,True,"[[-59, -59]]",0.0,sorted_with_duplicates,1752,1753,0.0042067089816555
meta_llama_llama_4_scout_17b_16e_instruct,HILL_CLIMBING,list_pattern,sorted_with_duplicates,5,True,True,"[[68, 68]]",0.0,sorted_with_duplicates,1115,1116,0.0026292499387636
meta_llama_llama_4_scout_17b_16e_instruct,HILL_CLIMBING,list_pattern,sorted_with_duplicates,6,True,True,"[[3, 6, 6]]",0.0,sorted_with_duplicates,2260,2261,0.0052562919445335
meta_llama_llama_4_scout_17b_16e_instruct,HILL_CLIMBING,list_pattern,sorted_with_duplicates,7,True,True,"[[-100, -46, -41, 18, 58, 58]]",0.0,sorted_with_duplicates,1769,1770,0.0040934169664978
meta_llama_llama_4_scout_17b_16e_instruct,HILL_CLIMBING,list_pattern,sorted_with_duplicates,8,True,True,"[[-96, -34, -20, 21, 21]]",0.0,sorted_with_duplicates,240,241,0.0005847080610692
meta_llama_llama_4_scout_17b_16e_instruct,HILL_CLIMBING,list_pattern,sorted_with_duplicates,9,True,True,"[[-62, -62, 98]]",0.0,sorted_with_duplicates,246,247,0.0005933340871706
meta_llama_llama_4_scout_17b_16e_instruct,HILL_CLIMBING,list_pattern,sorted_with_duplicates,10,True,True,"[[-100, -100, -46, -27]]",0.0,sorted_with_duplicates,117,118,0.0002830829471349
meta_llama_llama_4_scout_17b_16e_instruct,HILL_CLIMBING,list_pattern,sorted_with_duplicates,11,True,True,"[[40, 40]]",0.0,sorted_with_duplicates,922,923,0.0022697079693898
meta_llama_llama_4_scout_17b_16e_instruct,HILL_CLIMBING,list_pattern,sorted_with_duplicates,12,True,True,"[[37, 37, 89]]",0.0,sorted_with_duplicates,879,880,0.0019905410008504
meta_llama_llama_4_scout_17b_16e_instruct,HILL_CLIMBING,list_pattern,sorted_with_duplicates,13,True,True,"[[81, 81]]",0.0,sorted_with_duplicates,19,20,4.858395550400019e-05
meta_llama_llama_4_scout_17b_16e_instruct,HILL_CLIMBING,list_pattern,sorted_with_duplicates,14,True,True,"[[-45, -45, -23]]",0.0,sorted_with_duplicates,807,808,0.0018694999162107
meta_llama_llama_4_scout_17b_16e_instruct,HILL_CLIMBING,list_pattern,sorted_with_duplicates,15,True,True,"[[82, 82]]",0.0,sorted_with_duplicates,396,397,0.0009477920830249
meta_llama_llama_4_scout_17b_16e_instruct,HILL_CLIMBING,list_pattern,sorted_with_duplicates,16,True,True,"[[-73, 3, 57, 57]]",0.0,sorted_with_duplicates,2,3,1.12500274553895e-05
meta_llama_llama_4_scout_17b_16e_instruct,HILL_CLIMBING,list_pattern,sorted_with_duplicates,17,True,True,"[[-87, -87]]",0.0,sorted_with_duplicates,199,200,0.0004880420165136
meta_llama_llama_4_scout_17b_16e_instruct,HILL_CLIMBING,list_pattern,sorted_with_duplicates,18,True,True,"[[37, 37]]",0.0,sorted_with_duplicates,886,887,0.0019347089109942
meta_llama_llama_4_scout_17b_16e_instruct,HILL_CLIMBING,list_pattern,sorted_with_duplicates,19,True,True,"[[33, 59, 77, 77]]",0.0,sorted_with_duplicates,484,485,0.0010887079406529
meta_llama_llama_4_scout_17b_16e_instruct,HILL_CLIMBING,list_pattern,sorted_with_duplicates,20,True,True,"[[12, 12, 89]]",0.0,sorted_with_duplicates,282,283,0.0007138330256566
meta_llama_llama_4_scout_17b_16e_instruct,HILL_CLIMBING,list_pattern,sorted_with_duplicates,21,True,True,"[[-84, -84, -48]]",0.0,sorted_with_duplicates,1266,1267,0.0029067499563097
meta_llama_llama_4_scout_17b_16e_instruct,HILL_CLIMBING,list_pattern,sorted_with_duplicates,22,True,True,"[[61, 61, 81]]",0.0,sorted_with_duplicates,1283,1284,0.002927333000116
meta_llama_llama_4_scout_17b_16e_instruct,HILL_CLIMBING,list_pattern,sorted_with_duplicates,23,True,True,"[[-98, 67, 67]]",0.0,sorted_with_duplicates,373,374,0.0009650830179452
meta_llama_llama_4_scout_17b_16e_instruct,HILL_CLIMBING,list_pattern,sorted_with_duplicates,24,True,True,"[[-53, -53]]",0.0,sorted_with_duplicates,1320,1321,0.0030947920167818
meta_llama_llama_4_scout_17b_16e_instruct,HILL_CLIMBING,list_pattern,sorted_with_duplicates,25,True,True,"[[60, 60]]",0.0,sorted_with_duplicates,377,378,0.0009797079255804
meta_llama_llama_4_scout_17b_16e_instruct,HILL_CLIMBING,list_pattern,sorted_with_duplicates,26,True,True,"[[-14, -14, 17]]",0.0,sorted_with_duplicates,508,509,0.0012189169647172
meta_llama_llama_4_scout_17b_16e_instruct,HILL_CLIMBING,list_pattern,sorted_with_duplicates,27,True,True,"[[-4, -4, 87]]",0.0,sorted_with_duplicates,3378,3379,0.007828333065845
meta_llama_llama_4_scout_17b_16e_instruct,HILL_CLIMBING,list_pattern,sorted_with_duplicates,28,True,True,"[[-51, -51]]",0.0,sorted_with_duplicates,727,728,0.0017169170314446
meta_llama_llama_4_scout_17b_16e_instruct,HILL_CLIMBING,list_pattern,sorted_with_duplicates,29,True,True,"[[61, 64, 64]]",0.0,sorted_with_duplicates,206,207,0.000524083035998
meta_llama_llama_4_scout_17b_16e_instruct,HILL_CLIMBING,list_pattern,too_short,0,True,True,[[-66]],0.0,too_short,70,71,0.0002096670214086
meta_llama_llama_4_scout_17b_16e_instruct,HILL_CLIMBING,list_pattern,too_short,1,True,True,[[-52]],0.0,too_short,0,1,5.749985575675964e-06
meta_llama_llama_4_scout_17b_16e_instruct,HILL_CLIMBING,list_pattern,too_short,2,True,True,[[-10]],0.0,too_short,1,2,8.791917935013771e-06
meta_llama_llama_4_scout_17b_16e_instruct,HILL_CLIMBING,list_pattern,too_short,3,True,True,[[-64]],0.0,too_short,18,19,5.541590508073568e-05
meta_llama_llama_4_scout_17b_16e_instruct,HILL_CLIMBING,list_pattern,too_short,4,True,True,[[-75]],0.0,too_short,4,5,1.637497916817665e-05
meta_llama_llama_4_scout_17b_16e_instruct,HILL_CLIMBING,list_pattern,too_short,5,True,True,[[85]],0.0,too_short,6,7,2.195802517235279e-05
meta_llama_llama_4_scout_17b_16e_instruct,HILL_CLIMBING,list_pattern,too_short,6,True,True,[[-47]],0.0,too_short,10,11,3.15000070258975e-05
meta_llama_llama_4_scout_17b_16e_instruct,HILL_CLIMBING,list_pattern,too_short,7,True,True,[[-59]],0.0,too_short,0,1,3.5829143598675728e-06
meta_llama_llama_4_scout_17b_16e_instruct,HILL_CLIMBING,list_pattern,too_short,8,True,True,[[84]],0.0,too_short,2,3,1.029099803417921e-05
meta_llama_llama_4_scout_17b_16e_instruct,HILL_CLIMBING,list_pattern,too_short,9,True,True,[[-50]],0.0,too_short,13,14,3.979192115366459e-05
meta_llama_llama_4_scout_17b_16e_instruct,HILL_CLIMBING,list_pattern,too_short,10,True,True,[[-37]],0.0,too_short,32,33,9.6249976195395e-05
meta_llama_llama_4_scout_17b_16e_instruct,HILL_CLIMBING,list_pattern,too_short,11,True,True,[[]],0.0,too_short,0,1,3.500026650726795e-06
meta_llama_llama_4_scout_17b_16e_instruct,HILL_CLIMBING,list_pattern,too_short,12,True,True,[[-69]],0.0,too_short,53,54,0.000145792029798
meta_llama_llama_4_scout_17b_16e_instruct,HILL_CLIMBING,list_pattern,too_short,13,True,True,[[-89]],0.0,too_short,251,252,0.0006579579785466
meta_llama_llama_4_scout_17b_16e_instruct,HILL_CLIMBING,list_pattern,too_short,14,True,True,[[]],0.0,too_short,0,1,3.208988346159458e-06
meta_llama_llama_4_scout_17b_16e_instruct,HILL_CLIMBING,list_pattern,too_short,15,True,True,[[-18]],0.0,too_short,17,18,5.200004670768976e-05
meta_llama_llama_4_scout_17b_16e_instruct,HILL_CLIMBING,list_pattern,too_short,16,True,True,[[88]],0.0,too_short,4,5,1.5333062037825584e-05
meta_llama_llama_4_scout_17b_16e_instruct,HILL_CLIMBING,list_pattern,too_short,17,True,True,[[15]],0.0,too_short,2,3,1.0625110007822514e-05
meta_llama_llama_4_scout_17b_16e_instruct,HILL_CLIMBING,list_pattern,too_short,18,True,True,[[]],0.0,too_short,0,1,3.0420487746596336e-06
meta_llama_llama_4_scout_17b_16e_instruct,HILL_CLIMBING,list_pattern,too_short,19,True,True,[[92]],0.0,too_short,6,7,2.266594674438238e-05
meta_llama_llama_4_scout_17b_16e_instruct,HILL_CLIMBING,list_pattern,too_short,20,True,True,[[70]],0.0,too_short,0,1,3.5829143598675728e-06
meta_llama_llama_4_scout_17b_16e_instruct,HILL_CLIMBING,list_pattern,too_short,21,True,True,[[71]],0.0,too_short,71,72,0.0001844159560278
meta_llama_llama_4_scout_17b_16e_instruct,HILL_CLIMBING,list_pattern,too_short,22,True,True,[[82]],0.0,too_short,62,63,0.0001797500299289
meta_llama_llama_4_scout_17b_16e_instruct,HILL_CLIMBING,list_pattern,too_short,23,True,True,[[11]],0.0,too_short,25,26,7.020903285592794e-05
meta_llama_llama_4_scout_17b_16e_instruct,HILL_CLIMBING,list_pattern,too_short,24,True,True,[[57]],0.0,too_short,53,54,0.0001507078995928
meta_llama_llama_4_scout_17b_16e_instruct,HILL_CLIMBING,list_pattern,too_short,25,True,True,[[-21]],0.0,too_short,82,83,0.0002255840227007
meta_llama_llama_4_scout_17b_16e_instruct,HILL_CLIMBING,list_pattern,too_short,26,True,True,[[45]],0.0,too_short,1,2,6.958027370274067e-06
meta_llama_llama_4_scout_17b_16e_instruct,HILL_CLIMBING,list_pattern,too_short,27,True,True,[[]],0.0,too_short,0,1,2.6670750230550766e-06
meta_llama_llama_4_scout_17b_16e_instruct,HILL_CLIMBING,list_pattern,too_short,28,True,True,[[-52]],0.0,too_short,3,4,1.3208016753196716e-05
meta_llama_llama_4_scout_17b_16e_instruct,HILL_CLIMBING,list_pattern,too_short,29,True,True,[[-77]],0.0,too_short,22,23,6.912497337907553e-05
meta_llama_llama_4_scout_17b_16e_instruct,HILL_CLIMBING,list_pattern,unsorted_unique,0,True,True,"[[96, 37]]",0.0,unsorted_unique,0,1,4.375004209578037e-06
meta_llama_llama_4_scout_17b_16e_instruct,HILL_CLIMBING,list_pattern,unsorted_unique,1,True,True,"[[54, -42]]",0.0,unsorted_unique,17,18,3.8458965718746185e-05
meta_llama_llama_4_scout_17b_16e_instruct,HILL_CLIMBING,list_pattern,unsorted_unique,2,True,True,"[[52, 69, 70, -96]]",0.0,unsorted_unique,4,5,1.7791055142879486e-05
meta_llama_llama_4_scout_17b_16e_instruct,HILL_CLIMBING,list_pattern,unsorted_unique,3,True,True,"[[27, -38, -42, -20, 11]]",0.0,unsorted_unique,0,1,4.665926098823547e-06
meta_llama_llama_4_scout_17b_16e_instruct,HILL_CLIMBING,list_pattern,unsorted_unique,4,True,True,"[[29, -14, 65, 90, -52, 85]]",0.0,unsorted_unique,0,1,6.207963451743126e-06
meta_llama_llama_4_scout_17b_16e_instruct,HILL_CLIMBING,list_pattern,unsorted_unique,5,True,True,"[[62, -62, -80]]",0.0,unsorted_unique,0,1,5.249981768429279e-06
meta_llama_llama_4_scout_17b_16e_instruct,HILL_CLIMBING,list_pattern,unsorted_unique,6,True,True,"[[-47, 82, 84, -1]]",0.0,unsorted_unique,22,23,5.904200952500105e-05
meta_llama_llama_4_scout_17b_16e_instruct,HILL_CLIMBING,list_pattern,unsorted_unique,7,True,True,"[[74, -55]]",0.0,unsorted_unique,4,5,1.4374963939189913e-05
meta_llama_llama_4_scout_17b_16e_instruct,HILL_CLIMBING,list_pattern,unsorted_unique,8,True,True,"[[-98, 66, -66, -45, -40, 86]]",0.0,unsorted_unique,0,1,6.209011189639568e-06
meta_llama_llama_4_scout_17b_16e_instruct,HILL_CLIMBING,list_pattern,unsorted_unique,9,True,True,"[[42, 33]]",0.0,unsorted_unique,17,18,4.0207989513874054e-05
meta_llama_llama_4_scout_17b_16e_instruct,HILL_CLIMBING,list_pattern,unsorted_unique,10,True,True,"[[-48, 53, 74, 57]]",0.0,unsorted_unique,21,22,4.679104313254357e-05
meta_llama_llama_4_scout_17b_16e_instruct,HILL_CLIMBING,list_pattern,unsorted_unique,11,True,True,"[[4, -75, -6, -95, 6]]",0.0,unsorted_unique,0,1,5.292007699608803e-06
meta_llama_llama_4_scout_17b_16e_instruct,HILL_CLIMBING,list_pattern,unsorted_unique,12,True,True,"[[83, -78, -97, -23]]",0.0,unsorted_unique,0,1,4.833098500967026e-06
meta_llama_llama_4_scout_17b_16e_instruct,HILL_CLIMBING,list_pattern,unsorted_unique,13,True,True,"[[86, -55]]",0.0,unsorted_unique,2,3,8.874922059476376e-06
meta_llama_llama_4_scout_17b_16e_instruct,HILL_CLIMBING,list_pattern,unsorted_unique,14,True,True,"[[61, 40]]",0.0,unsorted_unique,12,13,2.9666931368410587e-05
meta_llama_llama_4_scout_17b_16e_instruct,HILL_CLIMBING,list_pattern,unsorted_unique,15,True,True,"[[-69, 91, -94, 94, 87, 51]]",0.0,unsorted_unique,0,1,4.917033948004246e-06
meta_llama_llama_4_scout_17b_16e_instruct,HILL_CLIMBING,list_pattern,unsorted_unique,16,True,True,"[[59, 23]]",0.0,unsorted_unique,6,7,1.9125058315694332e-05
meta_llama_llama_4_scout_17b_16e_instruct,HILL_CLIMBING,list_pattern,unsorted_unique,17,True,True,"[[68, -27, -26]]",0.0,unsorted_unique,0,1,4.415982402861118e-06
meta_llama_llama_4_scout_17b_16e_instruct,HILL_CLIMBING,list_pattern,unsorted_unique,18,True,True,"[[90, -98]]",0.0,unsorted_unique,2,3,8.167000487446785e-06
meta_llama_llama_4_scout_17b_16e_instruct,HILL_CLIMBING,list_pattern,unsorted_unique,19,True,True,"[[-81, 58, 47]]",0.0,unsorted_unique,0,1,3.875000402331352e-06
meta_llama_llama_4_scout_17b_16e_instruct,HILL_CLIMBING,list_pattern,unsorted_unique,20,True,True,"[[-86, -27, -83]]",0.0,unsorted_unique,5,6,1.5832949429750443e-05
meta_llama_llama_4_scout_17b_16e_instruct,HILL_CLIMBING,list_pattern,unsorted_unique,21,True,True,"[[-79, 93, -84, -36, 49]]",0.0,unsorted_unique,0,1,5.207955837249756e-06
meta_llama_llama_4_scout_17b_16e_instruct,HILL_CLIMBING,list_pattern,unsorted_unique,22,True,True,"[[-71, -48, 74, 79, 47, 77]]",0.0,unsorted_unique,11,12,3.870902583003044e-05
meta_llama_llama_4_scout_17b_16e_instruct,HILL_CLIMBING,list_pattern,unsorted_unique,23,True,True,"[[-57, -73]]",0.0,unsorted_unique,11,12,2.708309330046177e-05
meta_llama_llama_4_scout_17b_16e_instruct,HILL_CLIMBING,list_pattern,unsorted_unique,24,True,True,"[[-34, -51, 64, 17]]",0.0,unsorted_unique,0,1,5.083042196929455e-06
meta_llama_llama_4_scout_17b_16e_instruct,HILL_CLIMBING,list_pattern,unsorted_unique,25,True,True,"[[-80, 93, -85, 13, -93, 47]]",0.0,unsorted_unique,0,1,5.792011506855488e-06
meta_llama_llama_4_scout_17b_16e_instruct,HILL_CLIMBING,list_pattern,unsorted_unique,26,True,True,"[[55, -47]]",0.0,unsorted_unique,5,6,1.5749945305287838e-05
meta_llama_llama_4_scout_17b_16e_instruct,HILL_CLIMBING,list_pattern,unsorted_unique,27,True,True,"[[-38, -71]]",0.0,unsorted_unique,4,5,1.3416982255876064e-05
meta_llama_llama_4_scout_17b_16e_instruct,HILL_CLIMBING,list_pattern,unsorted_unique,28,True,True,"[[-60, 28, 14, -39, 94, -5]]",0.0,unsorted_unique,0,1,5.041947588324547e-06
meta_llama_llama_4_scout_17b_16e_instruct,HILL_CLIMBING,list_pattern,unsorted_unique,29,True,True,"[[91, 32, -68, -92, 31]]",0.0,unsorted_unique,0,1,5.209003575146198e-06
meta_llama_llama_4_scout_17b_16e_instruct,HILL_CLIMBING,list_pattern,unsorted_with_duplicates,0,True,True,"[[36, 5, -83, -27, -21, 5]]",0.0,unsorted_with_duplicates,131,132,0.0003134999424219
meta_llama_llama_4_scout_17b_16e_instruct,HILL_CLIMBING,list_pattern,unsorted_with_duplicates,1,True,True,"[[-12, -59, -94, -94]]",0.0,unsorted_with_duplicates,16,17,5.650008097290993e-05
meta_llama_llama_4_scout_17b_16e_instruct,HILL_CLIMBING,list_pattern,unsorted_with_duplicates,2,True,True,"[[61, -63, -17, 37, -17]]",0.0,unsorted_with_duplicates,119,120,0.0002707920502871
meta_llama_llama_4_scout_17b_16e_instruct,HILL_CLIMBING,list_pattern,unsorted_with_duplicates,3,True,True,"[[-68, 68, -68]]",0.0,unsorted_with_duplicates,25,26,7.079204078763723e-05
meta_llama_llama_4_scout_17b_16e_instruct,HILL_CLIMBING,list_pattern,unsorted_with_duplicates,4,True,True,"[[-11, 71, 89, -11]]",0.0,unsorted_with_duplicates,26,27,7.058307528495789e-05
meta_llama_llama_4_scout_17b_16e_instruct,HILL_CLIMBING,list_pattern,unsorted_with_duplicates,5,True,True,"[[33, -28, 11, -58, -28]]",0.0,unsorted_with_duplicates,16,17,4.8666028305888176e-05
meta_llama_llama_4_scout_17b_16e_instruct,HILL_CLIMBING,list_pattern,unsorted_with_duplicates,6,True,True,"[[-65, -79, -84, -48, -84]]",0.0,unsorted_with_duplicates,34,35,9.4457995146513e-05
meta_llama_llama_4_scout_17b_16e_instruct,HILL_CLIMBING,list_pattern,unsorted_with_duplicates,7,True,True,"[[8, 28, -72, -9, -9, -3]]",0.0,unsorted_with_duplicates,174,175,0.0004166660364717
meta_llama_llama_4_scout_17b_16e_instruct,HILL_CLIMBING,list_pattern,unsorted_with_duplicates,8,True,True,"[[-82, 38, 58, 74, 26, 74]]",0.0,unsorted_with_duplicates,12,13,4.312500823289156e-05
meta_llama_llama_4_scout_17b_16e_instruct,HILL_CLIMBING,list_pattern,unsorted_with_duplicates,9,True,True,"[[30, -4, -73, -73]]",0.0,unsorted_with_duplicates,47,48,0.0001060829963535
meta_llama_llama_4_scout_17b_16e_instruct,HILL_CLIMBING,list_pattern,unsorted_with_duplicates,10,True,True,"[[24, 65, 24]]",0.0,unsorted_with_duplicates,181,182,0.0004220840055495
meta_llama_llama_4_scout_17b_16e_instruct,HILL_CLIMBING,list_pattern,unsorted_with_duplicates,11,True,True,"[[89, 45, 25, -63, 36, -63]]",0.0,unsorted_with_duplicates,288,289,0.0006722080288454
meta_llama_llama_4_scout_17b_16e_instruct,HILL_CLIMBING,list_pattern,unsorted_with_duplicates,12,True,True,"[[44, 27, 2, -5, 27]]",0.0,unsorted_with_duplicates,612,613,0.0014208749635145
meta_llama_llama_4_scout_17b_16e_instruct,HILL_CLIMBING,list_pattern,unsorted_with_duplicates,13,True,True,"[[-30, 57, 76, -86, 64, 57]]",0.0,unsorted_with_duplicates,17,18,5.212496034801006e-05
meta_llama_llama_4_scout_17b_16e_instruct,HILL_CLIMBING,list_pattern,unsorted_with_duplicates,14,True,True,"[[63, 63, 3, 66, -82]]",0.0,unsorted_with_duplicates,24,25,7.175002247095108e-05
meta_llama_llama_4_scout_17b_16e_instruct,HILL_CLIMBING,list_pattern,unsorted_with_duplicates,15,True,True,"[[-22, -57, -57]]",0.0,unsorted_with_duplicates,221,222,0.000513624981977
meta_llama_llama_4_scout_17b_16e_instruct,HILL_CLIMBING,list_pattern,unsorted_with_duplicates,16,True,True,"[[54, 81, 74, 83, 54]]",0.0,unsorted_with_duplicates,218,219,0.0004922919906675
meta_llama_llama_4_scout_17b_16e_instruct,HILL_CLIMBING,list_pattern,unsorted_with_duplicates,17,True,True,"[[-53, 39, -18, 58, 58, -71]]",0.0,unsorted_with_duplicates,325,326,0.0007629159372299
meta_llama_llama_4_scout_17b_16e_instruct,HILL_CLIMBING,list_pattern,unsorted_with_duplicates,18,True,True,"[[11, -9, 11, 14]]",0.0,unsorted_with_duplicates,95,96,0.0002475000219419
meta_llama_llama_4_scout_17b_16e_instruct,HILL_CLIMBING,list_pattern,unsorted_with_duplicates,19,True,True,"[[-43, 49, -45, 54, -43]]",0.0,unsorted_with_duplicates,196,197,0.0004464579978957
meta_llama_llama_4_scout_17b_16e_instruct,HILL_CLIMBING,list_pattern,unsorted_with_duplicates,20,True,True,"[[36, -53, -58, 19, 14, -53]]",0.0,unsorted_with_duplicates,0,1,5.875015631318092e-06
meta_llama_llama_4_scout_17b_16e_instruct,HILL_CLIMBING,list_pattern,unsorted_with_duplicates,21,True,True,"[[42, 97, -88, 42]]",0.0,unsorted_with_duplicates,118,119,0.0002627080539241
meta_llama_llama_4_scout_17b_16e_instruct,HILL_CLIMBING,list_pattern,unsorted_with_duplicates,22,True,True,"[[-64, -29, 66, -29]]",0.0,unsorted_with_duplicates,91,92,0.0002037499798461
meta_llama_llama_4_scout_17b_16e_instruct,HILL_CLIMBING,list_pattern,unsorted_with_duplicates,23,True,True,"[[50, 77, -65, -65]]",0.0,unsorted_with_duplicates,438,439,0.0011104589793831
meta_llama_llama_4_scout_17b_16e_instruct,HILL_CLIMBING,list_pattern,unsorted_with_duplicates,24,True,True,"[[28, 76, 41, 28, -76, -54]]",0.0,unsorted_with_duplicates,132,133,0.0003146660747006
meta_llama_llama_4_scout_17b_16e_instruct,HILL_CLIMBING,list_pattern,unsorted_with_duplicates,25,True,True,"[[56, -45, -43, -43]]",0.0,unsorted_with_duplicates,7,8,2.662499900907278e-05
meta_llama_llama_4_scout_17b_16e_instruct,HILL_CLIMBING,list_pattern,unsorted_with_duplicates,26,True,True,"[[62, -82, -82]]",0.0,unsorted_with_duplicates,178,179,0.0004629580071195
meta_llama_llama_4_scout_17b_16e_instruct,HILL_CLIMBING,list_pattern,unsorted_with_duplicates,27,True,True,"[[-81, 3, -81]]",0.0,unsorted_with_duplicates,105,106,0.0002589590149
meta_llama_llama_4_scout_17b_16e_instruct,HILL_CLIMBING,list_pattern,unsorted_with_duplicates,28,True,True,"[[47, 28, -84, -33, 47]]",0.0,unsorted_with_duplicates,53,54,0.0001454160083085
meta_llama_llama_4_scout_17b_16e_instruct,HILL_CLIMBING,list_pattern,unsorted_with_duplicates,29,True,True,"[[77, -36, -64, -80, 0, -36]]",0.0,unsorted_with_duplicates,116,117,0.0002730409614741
meta_llama_llama_4_scout_17b_16e_instruct,HILL_CLIMBING,number_kind,even,0,True,True,[2016],0.0,even,0,1,3.125052899122238e-06
meta_llama_llama_4_scout_17b_16e_instruct,HILL_CLIMBING,number_kind,even,1,True,True,[2818],0.0,even,0,1,2.4170149117708206e-06
meta_llama_llama_4_scout_17b_16e_instruct,HILL_CLIMBING,number_kind,even,2,True,True,[2202],0.0,even,1,2,4.958012141287327e-06
meta_llama_llama_4_scout_17b_16e_instruct,HILL_CLIMBING,number_kind,even,3,True,True,[1404],0.0,even,0,1,2.334010787308216e-06
meta_llama_llama_4_scout_17b_16e_instruct,HILL_CLIMBING,number_kind,even,4,True,True,[2376],0.0,even,0,1,1.999898813664913e-06
meta_llama_llama_4_scout_17b_16e_instruct,HILL_CLIMBING,number_kind,even,5,True,True,[1642],0.0,even,1,2,4.707952030003071e-06
meta_llama_llama_4_scout_17b_16e_instruct,HILL_CLIMBING,number_kind,even,6,True,True,[942],0.0,even,0,1,2.2079329937696457e-06
meta_llama_llama_4_scout_17b_16e_instruct,HILL_CLIMBING,number_kind,even,7,True,True,[942],0.0,even,0,1,2.0420411601662636e-06
meta_llama_llama_4_scout_17b_16e_instruct,HILL_CLIMBING,number_kind,even,8,True,True,[2226],0.0,even,1,2,4.625064320862293e-06
meta_llama_llama_4_scout_17b_16e_instruct,HILL_CLIMBING,number_kind,even,9,True,True,[724],0.0,even,0,1,2.125045284628868e-06
meta_llama_llama_4_scout_17b_16e_instruct,HILL_CLIMBING,number_kind,even,10,True,True,[1140],0.0,even,0,1,2.00001522898674e-06
meta_llama_llama_4_scout_17b_16e_instruct,HILL_CLIMBING,number_kind,even,11,True,True,[2370],0.0,even,1,2,4.500034265220165e-06
meta_llama_llama_4_scout_17b_16e_instruct,HILL_CLIMBING,number_kind,even,12,True,True,[1910],0.0,even,1,2,4.208995960652828e-06
meta_llama_llama_4_scout_17b_16e_instruct,HILL_CLIMBING,number_kind,even,13,True,True,[-372],0.0,even,0,1,2.00001522898674e-06
meta_llama_llama_4_scout_17b_16e_instruct,HILL_CLIMBING,number_kind,even,14,True,True,[-422],0.0,even,0,1,2.2919848561286926e-06
meta_llama_llama_4_scout_17b_16e_instruct,HILL_CLIMBING,number_kind,even,15,True,True,[218],0.0,even,0,1,2.3329630494117737e-06
meta_llama_llama_4_scout_17b_16e_instruct,HILL_CLIMBING,number_kind,even,16,True,True,[-426],0.0,even,2,3,5.709007382392883e-06
meta_llama_llama_4_scout_17b_16e_instruct,HILL_CLIMBING,number_kind,even,17,True,True,[2284],0.0,even,0,1,2.4170149117708206e-06
meta_llama_llama_4_scout_17b_16e_instruct,HILL_CLIMBING,number_kind,even,18,True,True,[2194],0.0,even,0,1,2.4579931050539017e-06
meta_llama_llama_4_scout_17b_16e_instruct,HILL_CLIMBING,number_kind,even,19,True,True,[2436],0.0,even,1,2,4.125060513615608e-06
meta_llama_llama_4_scout_17b_16e_instruct,HILL_CLIMBING,number_kind,even,20,True,True,[120],0.0,even,1,2,4.624947905540466e-06
meta_llama_llama_4_scout_17b_16e_instruct,HILL_CLIMBING,number_kind,even,21,True,True,[2262],0.0,even,0,1,2.5829067453742027e-06
meta_llama_llama_4_scout_17b_16e_instruct,HILL_CLIMBING,number_kind,even,22,True,True,[-90],0.0,even,1,2,4.458939656615257e-06
meta_llama_llama_4_scout_17b_16e_instruct,HILL_CLIMBING,number_kind,even,23,True,True,[2626],0.0,even,0,1,2.4579931050539017e-06
meta_llama_llama_4_scout_17b_16e_instruct,HILL_CLIMBING,number_kind,even,24,True,True,[1910],0.0,even,0,1,2.2080494090914726e-06
meta_llama_llama_4_scout_17b_16e_instruct,HILL_CLIMBING,number_kind,even,25,True,True,[2994],0.0,even,2,3,6.624963134527206e-06
meta_llama_llama_4_scout_17b_16e_instruct,HILL_CLIMBING,number_kind,even,26,True,True,[2326],0.0,even,0,1,2.500019036233425e-06
meta_llama_llama_4_scout_17b_16e_instruct,HILL_CLIMBING,number_kind,even,27,True,True,[2594],0.0,even,0,1,2.6669586077332497e-06
meta_llama_llama_4_scout_17b_16e_instruct,HILL_CLIMBING,number_kind,even,28,True,True,[1866],0.0,even,1,2,4.207948222756386e-06
meta_llama_llama_4_scout_17b_16e_instruct,HILL_CLIMBING,number_kind,even,29,True,True,[874],0.0,even,0,1,2.374988980591297e-06
meta_llama_llama_4_scout_17b_16e_instruct,HILL_CLIMBING,number_kind,odd,0,True,True,[1775],0.0,odd,1,2,4.541012458503246e-06
meta_llama_llama_4_scout_17b_16e_instruct,HILL_CLIMBING,number_kind,odd,1,True,True,[1503],0.0,odd,0,1,2.4170149117708206e-06
meta_llama_llama_4_scout_17b_16e_instruct,HILL_CLIMBING,number_kind,odd,2,True,True,[2229],0.0,odd,0,1,2.540997229516506e-06
meta_llama_llama_4_scout_17b_16e_instruct,HILL_CLIMBING,number_kind,odd,3,True,True,[1443],0.0,odd,0,1,2.0420411601662636e-06
meta_llama_llama_4_scout_17b_16e_instruct,HILL_CLIMBING,number_kind,odd,4,True,True,[1863],0.0,odd,0,1,1.9579892978072166e-06
meta_llama_llama_4_scout_17b_16e_instruct,HILL_CLIMBING,number_kind,odd,5,True,True,[2587],0.0,odd,0,1,2.415967173874378e-06
meta_llama_llama_4_scout_17b_16e_instruct,HILL_CLIMBING,number_kind,odd,6,True,True,[1485],0.0,odd,1,2,4.166970029473305e-06
meta_llama_llama_4_scout_17b_16e_instruct,HILL_CLIMBING,number_kind,odd,7,True,True,[167],0.0,odd,0,1,1.999898813664913e-06
meta_llama_llama_4_scout_17b_16e_instruct,HILL_CLIMBING,number_kind,odd,8,True,True,[1241],0.0,odd,0,1,2.2919848561286926e-06
meta_llama_llama_4_scout_17b_16e_instruct,HILL_CLIMBING,number_kind,odd,9,True,True,[841],0.0,odd,1,2,4.375004209578037e-06
meta_llama_llama_4_scout_17b_16e_instruct,HILL_CLIMBING,number_kind,odd,10,True,True,[211],0.0,odd,0,1,2.00001522898674e-06
meta_llama_llama_4_scout_17b_16e_instruct,HILL_CLIMBING,number_kind,odd,11,True,True,[1535],0.0,odd,3,4,7.6669966802001e-06
meta_llama_llama_4_scout_17b_16e_instruct,HILL_CLIMBING,number_kind,odd,12,True,True,[1137],0.0,odd,0,1,2.2919848561286926e-06
meta_llama_llama_4_scout_17b_16e_instruct,HILL_CLIMBING,number_kind,odd,13,True,True,[1991],0.0,odd,0,1,1.999898813664913e-06
meta_llama_llama_4_scout_17b_16e_instruct,HILL_CLIMBING,number_kind,odd,14,True,True,[2501],0.0,odd,2,3,6.124959327280521e-06
meta_llama_llama_4_scout_17b_16e_instruct,HILL_CLIMBING,number_kind,odd,15,True,True,[-135],0.0,odd,2,3,5.792011506855488e-06
meta_llama_llama_4_scout_17b_16e_instruct,HILL_CLIMBING,number_kind,odd,16,True,True,[1785],0.0,odd,0,1,2.2919848561286926e-06
meta_llama_llama_4_scout_17b_16e_instruct,HILL_CLIMBING,number_kind,odd,17,True,True,[901],0.0,odd,0,1,2.291053533554077e-06
meta_llama_llama_4_scout_17b_16e_instruct,HILL_CLIMBING,number_kind,odd,18,True,True,[2013],0.0,odd,0,1,2.2079329937696457e-06
meta_llama_llama_4_scout_17b_16e_instruct,HILL_CLIMBING,number_kind,odd,19,True,True,[-347],0.0,odd,0,1,2.249958924949169e-06
meta_llama_llama_4_scout_17b_16e_instruct,HILL_CLIMBING,number_kind,odd,20,True,True,[2285],0.0,odd,0,1,2.2909371182322502e-06
meta_llama_llama_4_scout_17b_16e_instruct,HILL_CLIMBING,number_kind,odd,21,True,True,[2145],0.0,odd,0,1,2.415967173874378e-06
meta_llama_llama_4_scout_17b_16e_instruct,HILL_CLIMBING,number_kind,odd,22,True,True,[317],0.0,odd,0,1,2.374988980591297e-06
meta_llama_llama_4_scout_17b_16e_instruct,HILL_CLIMBING,number_kind,odd,23,True,True,[1899],0.0,odd,0,1,2.249958924949169e-06
meta_llama_llama_4_scout_17b_16e_instruct,HILL_CLIMBING,number_kind,odd,24,True,True,[743],0.0,odd,0,1,1.959037035703659e-06
meta_llama_llama_4_scout_17b_16e_instruct,HILL_CLIMBING,number_kind,odd,25,True,True,[2481],0.0,odd,0,1,1.959037035703659e-06
meta_llama_llama_4_scout_17b_16e_instruct,HILL_CLIMBING,number_kind,odd,26,True,True,[-39],0.0,odd,2,3,6.375019438564777e-06
meta_llama_llama_4_scout_17b_16e_instruct,HILL_CLIMBING,number_kind,odd,27,True,True,[2975],0.0,odd,2,3,5.832989700138569e-06
meta_llama_llama_4_scout_17b_16e_instruct,HILL_CLIMBING,number_kind,odd,28,True,True,[831],0.0,odd,0,1,2.3330794647336006e-06
meta_llama_llama_4_scout_17b_16e_instruct,HILL_CLIMBING,number_kind,odd,29,True,True,[2539],0.0,odd,1,2,4.666042514145374e-06
meta_llama_llama_4_scout_17b_16e_instruct,HILL_CLIMBING,number_kind,zero,0,True,True,[0],0.0,zero,121,122,0.0001459580380469
meta_llama_llama_4_scout_17b_16e_instruct,HILL_CLIMBING,number_kind,zero,1,True,True,[0],0.0,zero,68,69,7.537496276199818e-05
meta_llama_llama_4_scout_17b_16e_instruct,HILL_CLIMBING,number_kind,zero,2,True,True,[0],0.0,zero,72,73,9.79589531198144e-05
meta_llama_llama_4_scout_17b_16e_instruct,HILL_CLIMBING,number_kind,zero,3,True,True,[0],0.0,zero,127,128,0.0001519588986411
meta_llama_llama_4_scout_17b_16e_instruct,HILL_CLIMBING,number_kind,zero,4,True,True,[0],0.0,zero,175,176,0.000197916990146
meta_llama_llama_4_scout_17b_16e_instruct,HILL_CLIMBING,number_kind,zero,5,True,True,[0],0.0,zero,25,26,4.066608380526304e-05
meta_llama_llama_4_scout_17b_16e_instruct,HILL_CLIMBING,number_kind,zero,6,True,True,[0],0.0,zero,55,56,6.925000343471766e-05
meta_llama_llama_4_scout_17b_16e_instruct,HILL_CLIMBING,number_kind,zero,7,True,True,[0],0.0,zero,126,127,0.0001491659786552
meta_llama_llama_4_scout_17b_16e_instruct,HILL_CLIMBING,number_kind,zero,8,True,True,[0],0.0,zero,59,60,7.679208647459745e-05
meta_llama_llama_4_scout_17b_16e_instruct,HILL_CLIMBING,number_kind,zero,9,True,True,[0],0.0,zero,74,75,8.066697046160698e-05
meta_llama_llama_4_scout_17b_16e_instruct,HILL_CLIMBING,number_kind,zero,10,True,True,[0],0.0,zero,58,59,7.737497799098492e-05
meta_llama_llama_4_scout_17b_16e_instruct,HILL_CLIMBING,number_kind,zero,11,True,True,[0],0.0,zero,83,84,9.966699872165918e-05
meta_llama_llama_4_scout_17b_16e_instruct,HILL_CLIMBING,number_kind,zero,12,True,True,[0],0.0,zero,109,110,0.0001216249074786
meta_llama_llama_4_scout_17b_16e_instruct,HILL_CLIMBING,number_kind,zero,13,True,True,[0],0.0,zero,89,90,9.670888539403676e-05
meta_llama_llama_4_scout_17b_16e_instruct,HILL_CLIMBING,number_kind,zero,14,True,True,[0],0.0,zero,120,121,0.000140041927807
meta_llama_llama_4_scout_17b_16e_instruct,HILL_CLIMBING,number_kind,zero,15,True,True,[0],0.0,zero,60,61,7.11251050233841e-05
meta_llama_llama_4_scout_17b_16e_instruct,HILL_CLIMBING,number_kind,zero,16,True,True,[0],0.0,zero,60,61,7.895799353718758e-05
meta_llama_llama_4_scout_17b_16e_instruct,HILL_CLIMBING,number_kind,zero,17,True,True,[0],0.0,zero,97,98,0.0001031670253723
meta_llama_llama_4_scout_17b_16e_instruct,HILL_CLIMBING,number_kind,zero,18,True,True,[0],0.0,zero,170,171,0.0001813339767977
meta_llama_llama_4_scout_17b_16e_instruct,HILL_CLIMBING,number_kind,zero,19,True,True,[0],0.0,zero,71,72,9.38340090215206e-05
meta_llama_llama_4_scout_17b_16e_instruct,HILL_CLIMBING,number_kind,zero,20,True,True,[0],0.0,zero,37,38,4.458299372345209e-05
meta_llama_llama_4_scout_17b_16e_instruct,HILL_CLIMBING,number_kind,zero,21,True,True,[0],0.0,zero,28,29,3.300001844763756e-05
meta_llama_llama_4_scout_17b_16e_instruct,HILL_CLIMBING,number_kind,zero,22,True,True,[0],0.0,zero,108,109,0.0001244170125573
meta_llama_llama_4_scout_17b_16e_instruct,HILL_CLIMBING,number_kind,zero,23,True,True,[0],0.0,zero,40,41,5.76250022277236e-05
meta_llama_llama_4_scout_17b_16e_instruct,HILL_CLIMBING,number_kind,zero,24,True,True,[0],0.0,zero,69,70,7.537507917732e-05
meta_llama_llama_4_scout_17b_16e_instruct,HILL_CLIMBING,number_kind,zero,25,True,True,[0],0.0,zero,39,40,4.404096398502588e-05
meta_llama_llama_4_scout_17b_16e_instruct,HILL_CLIMBING,number_kind,zero,26,True,True,[0],0.0,zero,76,77,8.937506936490536e-05
meta_llama_llama_4_scout_17b_16e_instruct,HILL_CLIMBING,number_kind,zero,27,True,True,[0],0.0,zero,53,54,6.333400961011648e-05
meta_llama_llama_4_scout_17b_16e_instruct,HILL_CLIMBING,number_kind,zero,28,True,True,[0],0.0,zero,117,118,0.000142041943036
meta_llama_llama_4_scout_17b_16e_instruct,HILL_CLIMBING,number_kind,zero,29,True,True,[0],0.0,zero,106,107,0.0001229998888447
meta_llama_llama_4_scout_17b_16e_instruct,HILL_CLIMBING,pin_pattern,all_same,0,True,True,"[579, 579, -370, 1343]",0.0,all_same,639,641,0.0013532080920413
meta_llama_llama_4_scout_17b_16e_instruct,HILL_CLIMBING,pin_pattern,all_same,1,True,True,"[2579, 2412, 1194, 2579]",0.0,all_same,57,58,0.0001483339583501
meta_llama_llama_4_scout_17b_16e_instruct,HILL_CLIMBING,pin_pattern,all_same,2,True,True,"[798, 2615, 798, 1750]",0.0,all_same,723,725,0.0015256670303642
meta_llama_llama_4_scout_17b_16e_instruct,HILL_CLIMBING,pin_pattern,all_same,3,True,True,"[1145, 1145, 2456, 1979]",0.0,all_same,609,611,0.0012830829946324
meta_llama_llama_4_scout_17b_16e_instruct,HILL_CLIMBING,pin_pattern,all_same,4,True,True,"[-269, 1214, 584, -269]",0.0,all_same,797,799,0.0016439169412478
meta_llama_llama_4_scout_17b_16e_instruct,HILL_CLIMBING,pin_pattern,all_same,5,True,True,"[2510, 1343, 2510, 1534]",0.0,all_same,77,78,0.0001997919753193
meta_llama_llama_4_scout_17b_16e_instruct,HILL_CLIMBING,pin_pattern,all_same,6,True,True,"[2374, 2374, 2931, -297]",0.0,all_same,55,56,0.0001440420746803
meta_llama_llama_4_scout_17b_16e_instruct,HILL_CLIMBING,pin_pattern,all_same,7,True,True,"[1584, 1584, 2909, 2078]",0.0,all_same,3,4,1.425005029886961e-05
meta_llama_llama_4_scout_17b_16e_instruct,HILL_CLIMBING,pin_pattern,all_same,8,True,True,"[2356, 2356, -341, 21]",0.0,all_same,1379,1382,0.0028391670202836
meta_llama_llama_4_scout_17b_16e_instruct,HILL_CLIMBING,pin_pattern,all_same,9,True,True,"[2278, 2278, -92, 150]",0.0,all_same,27,28,8.091703057289124e-05
meta_llama_llama_4_scout_17b_16e_instruct,HILL_CLIMBING,pin_pattern,all_same,10,True,True,"[4, 4, 1092, 1566]",0.0,all_same,81,82,0.0001990830060094
meta_llama_llama_4_scout_17b_16e_instruct,HILL_CLIMBING,pin_pattern,all_same,11,True,True,"[-71, 1499, -71, 1253]",0.0,all_same,54,55,0.0001560000237077
meta_llama_llama_4_scout_17b_16e_instruct,HILL_CLIMBING,pin_pattern,all_same,12,True,True,"[-479, 296, 26, -479]",0.0,all_same,1118,1120,0.0023177090333774
meta_llama_llama_4_scout_17b_16e_instruct,HILL_CLIMBING,pin_pattern,all_same,13,True,True,"[1138, 2515, 2099, 1138]",0.0,all_same,1136,1139,0.0023422080557793
meta_llama_llama_4_scout_17b_16e_instruct,HILL_CLIMBING,pin_pattern,all_same,14,True,True,"[2713, 2713, -325, 1391]",0.0,all_same,1812,1816,0.0037498750025406
meta_llama_llama_4_scout_17b_16e_instruct,HILL_CLIMBING,pin_pattern,all_same,15,True,True,"[2764, 1756, 2764, 812]",0.0,all_same,1243,1246,0.0027258750051259
meta_llama_llama_4_scout_17b_16e_instruct,HILL_CLIMBING,pin_pattern,all_same,16,True,True,"[1792, 71, -271, 1792]",0.0,all_same,136,137,0.0003040001029148
meta_llama_llama_4_scout_17b_16e_instruct,HILL_CLIMBING,pin_pattern,all_same,17,True,True,"[317, 1873, 316, 317]",0.0,all_same,445,446,0.0008541250135749
meta_llama_llama_4_scout_17b_16e_instruct,HILL_CLIMBING,pin_pattern,all_same,18,True,True,"[2161, 632, 2157, 2161]",0.0,all_same,1241,1244,0.0025083749787881
meta_llama_llama_4_scout_17b_16e_instruct,HILL_CLIMBING,pin_pattern,all_same,19,True,True,"[1558, 2619, 2255, 1558]",0.0,all_same,10,11,3.474997356534004e-05
meta_llama_llama_4_scout_17b_16e_instruct,HILL_CLIMBING,pin_pattern,all_same,20,True,True,"[992, 751, 992, 201]",0.0,all_same,89,90,0.0002001670654863
meta_llama_llama_4_scout_17b_16e_instruct,HILL_CLIMBING,pin_pattern,all_same,21,True,True,"[911, 753, 911, 1936]",0.0,all_same,114,115,0.0002532920334488
meta_llama_llama_4_scout_17b_16e_instruct,HILL_CLIMBING,pin_pattern,all_same,22,True,True,"[87, 87, -233, 2006]",0.0,all_same,107,108,0.0002551670186221
meta_llama_llama_4_scout_17b_16e_instruct,HILL_CLIMBING,pin_pattern,all_same,23,True,True,"[2894, 1671, 642, 2894]",0.0,all_same,178,179,0.0003962080227211
meta_llama_llama_4_scout_17b_16e_instruct,HILL_CLIMBING,pin_pattern,all_same,24,True,True,"[2296, 2296, 280, 1641]",0.0,all_same,414,415,0.0008499999530613
meta_llama_llama_4_scout_17b_16e_instruct,HILL_CLIMBING,pin_pattern,all_same,25,True,True,"[2270, 190, 2270, -50]",0.0,all_same,622,624,0.0013042500941082
meta_llama_llama_4_scout_17b_16e_instruct,HILL_CLIMBING,pin_pattern,all_same,26,True,True,"[2273, 2273, 599, -10]",0.0,all_same,81,82,0.0001965410774573
meta_llama_llama_4_scout_17b_16e_instruct,HILL_CLIMBING,pin_pattern,all_same,27,True,True,"[1580, 2173, 2826, 1580]",0.0,all_same,580,581,0.0012426250614225
meta_llama_llama_4_scout_17b_16e_instruct,HILL_CLIMBING,pin_pattern,all_same,28,True,True,"[2104, 222, 2104, 1228]",0.0,all_same,13,14,4.299997817724943e-05
meta_llama_llama_4_scout_17b_16e_instruct,HILL_CLIMBING,pin_pattern,all_same,29,True,True,"[1545, 1029, 1545, 2350]",0.0,all_same,40,41,0.0001130410237237
meta_llama_llama_4_scout_17b_16e_instruct,HILL_CLIMBING,pin_pattern,ordered_sum_20,0,True,True,"[-304, -33, -16, 373]",0.0,ordered_sum_20,274,275,0.0006451250519603
meta_llama_llama_4_scout_17b_16e_instruct,HILL_CLIMBING,pin_pattern,ordered_sum_20,1,True,True,"[-36, -3, 27, 32]",0.0,ordered_sum_20,725,726,0.0015958750154823
meta_llama_llama_4_scout_17b_16e_instruct,HILL_CLIMBING,pin_pattern,ordered_sum_20,2,True,True,"[-500, -475, -315, 1310]",0.0,ordered_sum_20,291,292,0.000658250064589
meta_llama_llama_4_scout_17b_16e_instruct,HILL_CLIMBING,pin_pattern,ordered_sum_20,3,True,True,"[-430, -402, 285, 567]",0.0,ordered_sum_20,89,90,0.000217083026655
meta_llama_llama_4_scout_17b_16e_instruct,HILL_CLIMBING,pin_pattern,ordered_sum_20,4,True,True,"[-104, 1, 23, 100]",0.0,ordered_sum_20,1246,1248,0.0026901250239461
meta_llama_llama_4_scout_17b_16e_instruct,HILL_CLIMBING,pin_pattern,ordered_sum_20,5,True,True,"[-338, -229, 173, 414]",0.0,ordered_sum_20,439,440,0.0009719999507069
meta_llama_llama_4_scout_17b_16e_instruct,HILL_CLIMBING,pin_pattern,ordered_sum_20,6,True,True,"[-39, 7, 22, 30]",0.0,ordered_sum_20,747,748,0.0016889999387785
meta_llama_llama_4_scout_17b_16e_instruct,HILL_CLIMBING,pin_pattern,ordered_sum_20,7,True,True,"[-132, -117, -115, 384]",0.0,ordered_sum_20,374,375,0.0008388749556615
meta_llama_llama_4_scout_17b_16e_instruct,HILL_CLIMBING,pin_pattern,ordered_sum_20,8,True,True,"[-427, -354, -118, 919]",0.0,ordered_sum_20,276,277,0.0006018339190632
meta_llama_llama_4_scout_17b_16e_instruct,HILL_CLIMBING,pin_pattern,ordered_sum_20,9,True,True,"[-464, -63, 254, 293]",0.0,ordered_sum_20,822,823,0.0018364170100539
meta_llama_llama_4_scout_17b_16e_instruct,HILL_CLIMBING,pin_pattern,ordered_sum_20,10,True,True,"[-192, -162, 178, 196]",0.0,ordered_sum_20,552,553,0.0012542500626295
meta_llama_llama_4_scout_17b_16e_instruct,HILL_CLIMBING,pin_pattern,ordered_sum_20,11,True,True,"[-296, -138, 194, 260]",0.0,ordered_sum_20,109,110,0.0002590829972177
meta_llama_llama_4_scout_17b_16e_instruct,HILL_CLIMBING,pin_pattern,ordered_sum_20,12,True,True,"[-2, 0, 8, 14]",0.0,ordered_sum_20,1449,1450,0.0031618339708074
meta_llama_llama_4_scout_17b_16e_instruct,HILL_CLIMBING,pin_pattern,ordered_sum_20,13,True,True,"[-15, -6, 3, 38]",0.0,ordered_sum_20,1301,1302,0.002843583934009
meta_llama_llama_4_scout_17b_16e_instruct,HILL_CLIMBING,pin_pattern,ordered_sum_20,14,True,True,"[-180, -167, -37, 404]",0.0,ordered_sum_20,657,658,0.0014514590147882
meta_llama_llama_4_scout_17b_16e_instruct,HILL_CLIMBING,pin_pattern,ordered_sum_20,15,True,True,"[-3, -2, 7, 18]",0.0,ordered_sum_20,948,949,0.0020399159984663
meta_llama_llama_4_scout_17b_16e_instruct,HILL_CLIMBING,pin_pattern,ordered_sum_20,16,True,True,"[-359, -229, 207, 401]",0.0,ordered_sum_20,118,119,0.0002968750195577
meta_llama_llama_4_scout_17b_16e_instruct,HILL_CLIMBING,pin_pattern,ordered_sum_20,17,True,True,"[-366, 36, 79, 271]",0.0,ordered_sum_20,212,213,0.0005132090300321
meta_llama_llama_4_scout_17b_16e_instruct,HILL_CLIMBING,pin_pattern,ordered_sum_20,18,True,True,"[-76, -46, -21, 163]",0.0,ordered_sum_20,81,82,0.0002035000361502
meta_llama_llama_4_scout_17b_16e_instruct,HILL_CLIMBING,pin_pattern,ordered_sum_20,19,True,True,"[-147, -47, -19, 233]",0.0,ordered_sum_20,424,425,0.0009563750354573
meta_llama_llama_4_scout_17b_16e_instruct,HILL_CLIMBING,pin_pattern,ordered_sum_20,20,True,True,"[-363, -104, -40, 527]",0.0,ordered_sum_20,245,246,0.0005512500647455
meta_llama_llama_4_scout_17b_16e_instruct,HILL_CLIMBING,pin_pattern,ordered_sum_20,21,True,True,"[-419, -222, 98, 563]",0.0,ordered_sum_20,1173,1175,0.00247862492688
meta_llama_llama_4_scout_17b_16e_instruct,HILL_CLIMBING,pin_pattern,ordered_sum_20,22,True,True,"[-210, -179, -153, 562]",0.0,ordered_sum_20,71,72,0.0001942920498549
meta_llama_llama_4_scout_17b_16e_instruct,HILL_CLIMBING,pin_pattern,ordered_sum_20,23,True,True,"[-367, -164, -159, 710]",0.0,ordered_sum_20,175,176,0.0004220420960336
meta_llama_llama_4_scout_17b_16e_instruct,HILL_CLIMBING,pin_pattern,ordered_sum_20,24,True,True,"[-491, 53, 83, 375]",0.0,ordered_sum_20,438,439,0.0010124169057235
meta_llama_llama_4_scout_17b_16e_instruct,HILL_CLIMBING,pin_pattern,ordered_sum_20,25,True,True,"[-500, -498, -316, 1334]",0.0,ordered_sum_20,354,355,0.0008070420008152
meta_llama_llama_4_scout_17b_16e_instruct,HILL_CLIMBING,pin_pattern,ordered_sum_20,26,True,True,"[-357, -324, -222, 923]",0.0,ordered_sum_20,292,293,0.0006389160407707
meta_llama_llama_4_scout_17b_16e_instruct,HILL_CLIMBING,pin_pattern,ordered_sum_20,27,True,True,"[-266, -172, 229, 229]",0.0,ordered_sum_20,489,490,0.0011155829997733
meta_llama_llama_4_scout_17b_16e_instruct,HILL_CLIMBING,pin_pattern,ordered_sum_20,28,True,True,"[-388, -3, 114, 297]",0.0,ordered_sum_20,239,240,0.000580208026804
meta_llama_llama_4_scout_17b_16e_instruct,HILL_CLIMBING,pin_pattern,ordered_sum_20,29,True,True,"[-16, 3, 16, 17]",0.0,ordered_sum_20,2581,2582,0.0054716250160709
meta_llama_llama_4_scout_17b_16e_instruct,HILL_CLIMBING,pin_pattern,other,0,True,True,"[2486, 2687, 2874, 2555]",0.0,other,0,1,7.3750270530581474e-06
meta_llama_llama_4_scout_17b_16e_instruct,HILL_CLIMBING,pin_pattern,other,1,True,True,"[177, 247, 1589, 1579]",0.0,other,0,1,5.916925147175789e-06
meta_llama_llama_4_scout_17b_16e_instruct,HILL_CLIMBING,pin_pattern,other,2,True,True,"[1908, 2638, 2423, -250]",0.0,other,0,1,5.709007382392883e-06
meta_llama_llama_4_scout_17b_16e_instruct,HILL_CLIMBING,pin_pattern,other,3,True,True,"[1784, 1614, -369, 1283]",0.0,other,0,1,5.166046321392059e-06
meta_llama_llama_4_scout_17b_16e_instruct,HILL_CLIMBING,pin_pattern,other,4,True,True,"[-335, 919, 1752, 1112]",0.0,other,0,1,5.958019755780697e-06
meta_llama_llama_4_scout_17b_16e_instruct,HILL_CLIMBING,pin_pattern,other,5,True,True,"[1748, 289, 462, -116]",0.0,other,0,1,5.667097866535187e-06
meta_llama_llama_4_scout_17b_16e_instruct,HILL_CLIMBING,pin_pattern,other,6,True,True,"[1742, 273, -447, 2012]",0.0,other,0,1,5.66698145121336e-06
meta_llama_llama_4_scout_17b_16e_instruct,HILL_CLIMBING,pin_pattern,other,7,True,True,"[625, 245, 1242, 1171]",0.0,other,0,1,5.417037755250931e-06
meta_llama_llama_4_scout_17b_16e_instruct,HILL_CLIMBING,pin_pattern,other,8,True,True,"[2553, 1890, 1472, 1412]",0.0,other,0,1,5.875015631318092e-06
meta_llama_llama_4_scout_17b_16e_instruct,HILL_CLIMBING,pin_pattern,other,9,True,True,"[-186, 756, 785, 2214]",0.0,other,0,1,5.292007699608803e-06
meta_llama_llama_4_scout_17b_16e_instruct,HILL_CLIMBING,pin_pattern,other,10,True,True,"[1084, 2342, 1405, 16]",0.0,other,0,1,5.332985892891884e-06
meta_llama_llama_4_scout_17b_16e_instruct,HILL_CLIMBING,pin_pattern,other,11,True,True,"[436, -28, -62, 1211]",0.0,other,0,1,5.458947271108627e-06
meta_llama_llama_4_scout_17b_16e_instruct,HILL_CLIMBING,pin_pattern,other,12,True,True,"[855, -97, 227, 2330]",0.0,other,0,1,5.332985892891884e-06
meta_llama_llama_4_scout_17b_16e_instruct,HILL_CLIMBING,pin_pattern,other,13,True,True,"[-349, 893, 2564, 2520]",0.0,other,0,1,5.709007382392883e-06
meta_llama_llama_4_scout_17b_16e_instruct,HILL_CLIMBING,pin_pattern,other,14,True,True,"[2712, 1907, 2655, 1053]",0.0,other,0,1,5.37489540874958e-06
meta_llama_llama_4_scout_17b_16e_instruct,HILL_CLIMBING,pin_pattern,other,15,True,True,"[2651, 2539, 841, 918]",0.0,other,0,1,5.499925464391708e-06
meta_llama_llama_4_scout_17b_16e_instruct,HILL_CLIMBING,pin_pattern,other,16,True,True,"[1429, 2083, -236, 1154]",0.0,other,0,1,5.624955520033836e-06
meta_llama_llama_4_scout_17b_16e_instruct,HILL_CLIMBING,pin_pattern,other,17,True,True,"[1199, 1479, 2461, 2931]",0.0,other,0,1,4.917033948004246e-06
meta_llama_llama_4_scout_17b_16e_instruct,HILL_CLIMBING,pin_pattern,other,18,True,True,"[-202, 2640, 2755, 1186]",0.0,other,0,1,5.709007382392883e-06
meta_llama_llama_4_scout_17b_16e_instruct,HILL_CLIMBING,pin_pattern,other,19,True,True,"[689, 1940, 2025, 1057]",0.0,other,0,1,4.749977961182594e-06
meta_llama_llama_4_scout_17b_16e_instruct,HILL_CLIMBING,pin_pattern,other,20,True,True,"[1884, 243, 1243, -222]",0.0,other,0,1,5.667097866535187e-06
meta_llama_llama_4_scout_17b_16e_instruct,HILL_CLIMBING,pin_pattern,other,21,True,True,"[299, 1901, 297, 2558]",0.0,other,0,1,5.417037755250931e-06
meta_llama_llama_4_scout_17b_16e_instruct,HILL_CLIMBING,pin_pattern,other,22,True,True,"[-135, 1374, 1405, 603]",0.0,other,0,1,5.292007699608803e-06
meta_llama_llama_4_scout_17b_16e_instruct,HILL_CLIMBING,pin_pattern,other,23,True,True,"[179, -383, 1064, 515]",0.0,other,0,1,4.875008016824722e-06
meta_llama_llama_4_scout_17b_16e_instruct,HILL_CLIMBING,pin_pattern,other,24,True,True,"[2274, 470, -287, 1885]",0.0,other,0,1,5.041016265749931e-06
meta_llama_llama_4_scout_17b_16e_instruct,HILL_CLIMBING,pin_pattern,other,25,True,True,"[1667, 1389, 1676, 1079]",0.0,other,0,1,5.582929588854313e-06
meta_llama_llama_4_scout_17b_16e_instruct,HILL_CLIMBING,pin_pattern,other,26,True,True,"[2854, 431, 1130, 140]",0.0,other,0,1,5.166977643966675e-06
meta_llama_llama_4_scout_17b_16e_instruct,HILL_CLIMBING,pin_pattern,other,27,True,True,"[2025, 2528, 1697, 701]",0.0,other,0,1,5.625071935355663e-06
meta_llama_llama_4_scout_17b_16e_instruct,HILL_CLIMBING,pin_pattern,other,28,True,True,"[-68, 1003, 2086, 2637]",0.0,other,0,1,5.66698145121336e-06
meta_llama_llama_4_scout_17b_16e_instruct,HILL_CLIMBING,pin_pattern,other,29,True,True,"[2486, 666, 1709, 2956]",0.0,other,0,1,5.207955837249756e-06
meta_llama_llama_4_scout_17b_16e_instruct,HILL_CLIMBING,pin_pattern,secret_pin,0,False,False,"[8, 4, 11, 2]",5.0,,5365,8094,0.0172409580554813
meta_llama_llama_4_scout_17b_16e_instruct,HILL_CLIMBING,pin_pattern,secret_pin,1,False,False,"[9, 3, 8, 1]",3.0,,1057,8093,0.0172047080704942
meta_llama_llama_4_scout_17b_16e_instruct,HILL_CLIMBING,pin_pattern,secret_pin,2,False,False,"[8, 2, 11, 1]",4.0,,771,8094,0.0172830000519752
meta_llama_llama_4_scout_17b_16e_instruct,HILL_CLIMBING,pin_pattern,secret_pin,3,False,False,"[6, 3, 9, 2]",2.0,,4556,8092,0.017176958033815
meta_llama_llama_4_scout_17b_16e_instruct,HILL_CLIMBING,pin_pattern,secret_pin,4,False,False,"[8, 1, 10, 1]",4.0,,5167,8094,0.0172748749610036
meta_llama_llama_4_scout_17b_16e_instruct,HILL_CLIMBING,pin_pattern,secret_pin,5,False,False,"[8, 2, 8, 3]",5.0,,962,8093,0.0172759579727426
meta_llama_llama_4_scout_17b_16e_instruct,HILL_CLIMBING,pin_pattern,secret_pin,6,False,False,"[4, 4, 9, 2]",5.0,,6986,8093,0.017202042043209
meta_llama_llama_4_scout_17b_16e_instruct,HILL_CLIMBING,pin_pattern,secret_pin,7,False,False,"[5, 4, 9, 1]",3.0,,5152,8093,0.0172817920101806
meta_llama_llama_4_scout_17b_16e_instruct,HILL_CLIMBING,pin_pattern,secret_pin,8,False,False,"[8, 3, 11, 3]",5.0,,6025,8093,0.0171967919450253
meta_llama_llama_4_scout_17b_16e_instruct,HILL_CLIMBING,pin_pattern,secret_pin,9,False,False,"[8, 2, 10, 1]",3.0,,1193,8093,0.0172496669692918
meta_llama_llama_4_scout_17b_16e_instruct,HILL_CLIMBING,pin_pattern,secret_pin,10,False,False,"[5, 3, 9, 0]",3.0,,3565,8093,0.017484207986854
meta_llama_llama_4_scout_17b_16e_instruct,HILL_CLIMBING,pin_pattern,secret_pin,11,False,False,"[9, 3, 9, 3]",4.0,,1507,8093,0.0171859581023454
meta_llama_llama_4_scout_17b_16e_instruct,HILL_CLIMBING,pin_pattern,secret_pin,12,False,False,"[7, 2, 10, 0]",3.0,,2940,8093,0.0171152090188115
meta_llama_llama_4_scout_17b_16e_instruct,HILL_CLIMBING,pin_pattern,secret_pin,13,False,False,"[6, 6, 9, 1]",4.0,,971,8093,0.0172068329993635
meta_llama_llama_4_scout_17b_16e_instruct,HILL_CLIMBING,pin_pattern,secret_pin,14,False,False,"[7, 0, 9, 1]",3.0,,1964,8094,0.0172135420143604
meta_llama_llama_4_scout_17b_16e_instruct,HILL_CLIMBING,pin_pattern,secret_pin,15,False,False,"[7, 3, 10, -1]",3.0,,764,8094,0.0171230419073253
meta_llama_llama_4_scout_17b_16e_instruct,HILL_CLIMBING,pin_pattern,secret_pin,16,False,False,"[9, 3, 8, 0]",4.0,,700,8094,0.0171924169408157
meta_llama_llama_4_scout_17b_16e_instruct,HILL_CLIMBING,pin_pattern,secret_pin,17,False,False,"[6, 2, 9, 1]",2.0,,896,8094,0.0171603750204667
meta_llama_llama_4_scout_17b_16e_instruct,HILL_CLIMBING,pin_pattern,secret_pin,18,False,False,"[6, 3, 6, 1]",4.0,,702,8094,0.0172112920554354
meta_llama_llama_4_scout_17b_16e_instruct,HILL_CLIMBING,pin_pattern,secret_pin,19,False,False,"[7, 0, 8, 1]",4.0,,1056,8093,0.0171738340286538
meta_llama_llama_4_scout_17b_16e_instruct,HILL_CLIMBING,pin_pattern,secret_pin,20,False,False,"[5, 3, 8, 2]",4.0,,551,8094,0.0171234579756855
meta_llama_llama_4_scout_17b_16e_instruct,HILL_CLIMBING,pin_pattern,secret_pin,21,False,False,"[6, 1, 9, 1]",3.0,,658,8094,0.0171977919526398
meta_llama_llama_4_scout_17b_16e_instruct,HILL_CLIMBING,pin_pattern,secret_pin,22,False,False,"[8, 5, 9, 1]",3.0,,1777,8093,0.0170908749569207
meta_llama_llama_4_scout_17b_16e_instruct,HILL_CLIMBING,pin_pattern,secret_pin,23,False,False,"[6, 3, 10, 2]",3.0,,404,8094,0.0171938330167904
meta_llama_llama_4_scout_17b_16e_instruct,HILL_CLIMBING,pin_pattern,secret_pin,24,False,False,"[6, 4, 10, 1]",3.0,,3275,8093,0.0171732919989153
meta_llama_llama_4_scout_17b_16e_instruct,HILL_CLIMBING,pin_pattern,secret_pin,25,False,False,"[7, 5, 9, 0]",3.0,,1385,8093,0.0170369159895926
meta_llama_llama_4_scout_17b_16e_instruct,HILL_CLIMBING,pin_pattern,secret_pin,26,False,False,"[6, 4, 9, 1]",2.0,,2640,8092,0.0172559580532833
meta_llama_llama_4_scout_17b_16e_instruct,HILL_CLIMBING,pin_pattern,secret_pin,27,False,False,"[9, 3, 9, 0]",3.0,,935,8094,0.0172740829875692
meta_llama_llama_4_scout_17b_16e_instruct,HILL_CLIMBING,pin_pattern,secret_pin,28,False,False,"[8, 3, 9, 1]",1.0,,491,8094,0.0173534160712733
meta_llama_llama_4_scout_17b_16e_instruct,HILL_CLIMBING,pin_pattern,secret_pin,29,False,False,"[7, 2, 13, 2]",6.0,,4620,8093,0.0173484579427167
meta_llama_llama_4_scout_17b_16e_instruct,HILL_CLIMBING,shipping_discount,free_express_shipping,0,True,True,"[259.3624251540645, 17.455487253598815, True]",0.0,free_express_shipping,11,12,3.791600465774536e-05
meta_llama_llama_4_scout_17b_16e_instruct,HILL_CLIMBING,shipping_discount,free_express_shipping,1,True,True,"[239.98069589754027, 27.33966231787782, True]",0.0,free_express_shipping,36,37,8.795899339020252e-05
meta_llama_llama_4_scout_17b_16e_instruct,HILL_CLIMBING,shipping_discount,free_express_shipping,2,True,True,"[215.7572711140646, 20.979147772990867, True]",0.0,free_express_shipping,49,50,0.0001135830534622
meta_llama_llama_4_scout_17b_16e_instruct,HILL_CLIMBING,shipping_discount,free_express_shipping,3,True,True,"[255.61238226472466, 8.772532515869257, True]",0.0,free_express_shipping,83,84,0.0001833330607041
meta_llama_llama_4_scout_17b_16e_instruct,HILL_CLIMBING,shipping_discount,free_express_shipping,4,True,True,"[271.14289462536277, 7.759600292197245, True]",0.0,free_express_shipping,52,53,0.0001201250124722
meta_llama_llama_4_scout_17b_16e_instruct,HILL_CLIMBING,shipping_discount,free_express_shipping,5,True,True,"[255.11799276915735, 24.827424614893314, True]",0.0,free_express_shipping,215,216,0.0004578749649226
meta_llama_llama_4_scout_17b_16e_instruct,HILL_CLIMBING,shipping_discount,free_express_shipping,6,True,True,"[223.71310578443635, 16.653483351432698, True]",0.0,free_express_shipping,2,3,9.457929991185663e-06
meta_llama_llama_4_scout_17b_16e_instruct,HILL_CLIMBING,shipping_discount,free_express_shipping,7,True,True,"[241.74747725599485, 14.536029367491777, True]",0.0,free_express_shipping,38,39,8.845794945955276e-05
meta_llama_llama_4_scout_17b_16e_instruct,HILL_CLIMBING,shipping_discount,free_express_shipping,8,True,True,"[249.11908328780243, 32.606385903483684, True]",0.0,free_express_shipping,189,190,0.0004030000418424
meta_llama_llama_4_scout_17b_16e_instruct,HILL_CLIMBING,shipping_discount,free_express_shipping,9,True,True,"[295.833884830442, 48.38275464071613, True]",0.0,free_express_shipping,96,97,0.0002123329322785
meta_llama_llama_4_scout_17b_16e_instruct,HILL_CLIMBING,shipping_discount,free_express_shipping,10,True,True,"[273.7836834037691, 26.960117580039586, True]",0.0,free_express_shipping,227,228,0.0004828330129384
meta_llama_llama_4_scout_17b_16e_instruct,HILL_CLIMBING,shipping_discount,free_express_shipping,11,True,True,"[283.48637139239554, 44.06669801097957, True]",0.0,free_express_shipping,29,30,7.112498860806227e-05
meta_llama_llama_4_scout_17b_16e_instruct,HILL_CLIMBING,shipping_discount,free_express_shipping,12,True,True,"[242.55890496652805, 32.04772905166532, True]",0.0,free_express_shipping,13,14,3.6375015042722225e-05
meta_llama_llama_4_scout_17b_16e_instruct,HILL_CLIMBING,shipping_discount,free_express_shipping,13,True,True,"[256.2507239834994, 25.134938206005852, True]",0.0,free_express_shipping,57,58,0.000127709005028
meta_llama_llama_4_scout_17b_16e_instruct,HILL_CLIMBING,shipping_discount,free_express_shipping,14,True,True,"[256.58887140272947, 32.44549896217856, True]",0.0,free_express_shipping,42,43,9.683298412710428e-05
meta_llama_llama_4_scout_17b_16e_instruct,HILL_CLIMBING,shipping_discount,free_express_shipping,15,True,True,"[275.1526587401039, 19.53636002606175, True]",0.0,free_express_shipping,37,38,8.783303201198578e-05
meta_llama_llama_4_scout_17b_16e_instruct,HILL_CLIMBING,shipping_discount,free_express_shipping,16,True,True,"[292.00030980037127, 39.00911179926461, True]",0.0,free_express_shipping,18,19,4.862493369728327e-05
meta_llama_llama_4_scout_17b_16e_instruct,HILL_CLIMBING,shipping_discount,free_express_shipping,17,True,True,"[231.5655495085081, 2.307482943582307, True]",0.0,free_express_shipping,12,13,3.408396150916815e-05
meta_llama_llama_4_scout_17b_16e_instruct,HILL_CLIMBING,shipping_discount,free_express_shipping,18,True,True,"[288.66350774611146, 25.962520671817213, True]",0.0,free_express_shipping,33,34,8.058291859924793e-05
meta_llama_llama_4_scout_17b_16e_instruct,HILL_CLIMBING,shipping_discount,free_express_shipping,19,True,True,"[297.18917177973003, 8.636933334063368, True]",0.0,free_express_shipping,10,11,2.929195761680603e-05
meta_llama_llama_4_scout_17b_16e_instruct,HILL_CLIMBING,shipping_discount,free_express_shipping,20,True,True,"[260.3850951352531, 42.03966267603149, True]",0.0,free_express_shipping,49,50,0.0001102089881896
meta_llama_llama_4_scout_17b_16e_instruct,HILL_CLIMBING,shipping_discount,free_express_shipping,21,True,True,"[215.9665813873314, 6.676795643464007, True]",0.0,free_express_shipping,16,17,4.4042011722922325e-05
meta_llama_llama_4_scout_17b_16e_instruct,HILL_CLIMBING,shipping_discount,free_express_shipping,22,True,True,"[290.4855728381543, 14.898550755068973, True]",0.0,free_express_shipping,12,13,3.458303399384022e-05
meta_llama_llama_4_scout_17b_16e_instruct,HILL_CLIMBING,shipping_discount,free_express_shipping,23,True,True,"[285.299621078226, 42.02806668811837, True]",0.0,free_express_shipping,188,189,0.0004011250566691
meta_llama_llama_4_scout_17b_16e_instruct,HILL_CLIMBING,shipping_discount,free_express_shipping,24,True,True,"[263.8659599908951, 17.83863442790836, True]",0.0,free_express_shipping,92,93,0.0002019160892814
meta_llama_llama_4_scout_17b_16e_instruct,HILL_CLIMBING,shipping_discount,free_express_shipping,25,True,True,"[263.9937264883537, 2.371695297642473, True]",0.0,free_express_shipping,19,20,5.058303941041231e-05
meta_llama_llama_4_scout_17b_16e_instruct,HILL_CLIMBING,shipping_discount,free_express_shipping,26,True,True,"[277.96943487845346, 31.2580846568139, True]",0.0,free_express_shipping,30,31,7.333303801715374e-05
meta_llama_llama_4_scout_17b_16e_instruct,HILL_CLIMBING,shipping_discount,free_express_shipping,27,True,True,"[208.96046132112986, 21.84274919631665, True]",0.0,free_express_shipping,84,85,0.0001857499592006
meta_llama_llama_4_scout_17b_16e_instruct,HILL_CLIMBING,shipping_discount,free_express_shipping,28,True,True,"[263.5861516218146, 29.0549151258986, True]",0.0,free_express_shipping,66,67,0.0001485829707235
meta_llama_llama_4_scout_17b_16e_instruct,HILL_CLIMBING,shipping_discount,free_express_shipping,29,True,True,"[299.10859872922214, 36.39390569780257, True]",0.0,free_express_shipping,12,13,3.408396150916815e-05
meta_llama_llama_4_scout_17b_16e_instruct,HILL_CLIMBING,shipping_discount,invalid,0,False,False,"[21.905992807471254, 236.04685529873342, True]",1.0,,0,8081,0.0154329999350011
meta_llama_llama_4_scout_17b_16e_instruct,HILL_CLIMBING,shipping_discount,invalid,1,False,False,"[120.352408941472, 99.79261311276908, False]",1.0,,0,8081,0.0152197920251637
meta_llama_llama_4_scout_17b_16e_instruct,HILL_CLIMBING,shipping_discount,invalid,2,False,False,"[292.6564099294113, 27.000353735055338, False]",1.0,,0,8081,0.0151161670219153
meta_llama_llama_4_scout_17b_16e_instruct,HILL_CLIMBING,shipping_discount,invalid,3,False,False,"[206.47005189714736, 119.19904173100008, False]",1.0,,0,8081,0.0151618749368935
meta_llama_llama_4_scout_17b_16e_instruct,HILL_CLIMBING,shipping_discount,invalid,4,False,False,"[195.1414444788401, 25.22459071314328, False]",1.0,,0,8081,0.0150649159913882
meta_llama_llama_4_scout_17b_16e_instruct,HILL_CLIMBING,shipping_discount,invalid,5,False,False,"[177.0075364417059, 220.11776425016987, False]",1.0,,0,8081,0.0151709170313552
meta_llama_llama_4_scout_17b_16e_instruct,HILL_CLIMBING,shipping_discount,invalid,6,False,False,"[207.8554415986087, 248.78296449700218, False]",1.0,,0,8081,0.0152074160287156
meta_llama_llama_4_scout_17b_16e_instruct,HILL_CLIMBING,shipping_discount,invalid,7,False,False,"[174.12022509759598, 72.18916619738516, True]",1.0,,0,8081,0.0152219589799642
meta_llama_llama_4_scout_17b_16e_instruct,HILL_CLIMBING,shipping_discount,invalid,8,False,False,"[151.85516630424706, 116.53452922758437, False]",1.0,,0,8081,0.01524600002449
meta_llama_llama_4_scout_17b_16e_instruct,HILL_CLIMBING,shipping_discount,invalid,9,False,False,"[2.152662675071959, 238.09952883053873, True]",1.0,,0,8081,0.0151696249376982
meta_llama_llama_4_scout_17b_16e_instruct,HILL_CLIMBING,shipping_discount,invalid,10,False,False,"[6.433919580652536, 227.84947938267854, True]",1.0,,0,8081,0.0151927090482786
meta_llama_llama_4_scout_17b_16e_instruct,HILL_CLIMBING,shipping_discount,invalid,11,False,False,"[40.796150725765216, 147.09587326907786, True]",1.0,,0,8081,0.0151518749771639
meta_llama_llama_4_scout_17b_16e_instruct,HILL_CLIMBING,shipping_discount,invalid,12,False,False,"[149.34632256318093, 10.274814885448446, False]",1.0,,0,8081,0.0150902919704094
meta_llama_llama_4_scout_17b_16e_instruct,HILL_CLIMBING,shipping_discount,invalid,13,False,False,"[46.05791580803281, 62.52462500941096, True]",1.0,,0,8081,0.0151400829199701
meta_llama_llama_4_scout_17b_16e_instruct,HILL_CLIMBING,shipping_discount,invalid,14,False,False,"[221.63606511506714, 119.42340938740483, True]",1.0,,0,8081,0.015251167002134
meta_llama_llama_4_scout_17b_16e_instruct,HILL_CLIMBING,shipping_discount,invalid,15,False,False,"[32.568879076886184, 240.59780919441312, False]",1.0,,0,8081,0.0152459159726277
meta_llama_llama_4_scout_17b_16e_instruct,HILL_CLIMBING,shipping_discount,invalid,16,False,False,"[84.26226584928028, 204.65602624446558, True]",1.0,,0,8081,0.0154517920454964
meta_llama_llama_4_scout_17b_16e_instruct,HILL_CLIMBING,shipping_discount,invalid,17,False,False,"[148.88270489583627, 281.156224606106, False]",1.0,,0,8081,0.0152418329380452
meta_llama_llama_4_scout_17b_16e_instruct,HILL_CLIMBING,shipping_discount,invalid,18,False,False,"[10.889826020703264, 55.407058221050356, True]",1.0,,0,8081,0.015338834025897
meta_llama_llama_4_scout_17b_16e_instruct,HILL_CLIMBING,shipping_discount,invalid,19,False,False,"[247.96307819162044, 21.073239284583643, True]",1.0,,0,8081,0.015199500019662
meta_llama_llama_4_scout_17b_16e_instruct,HILL_CLIMBING,shipping_discount,invalid,20,False,False,"[285.3832439573214, 17.343506950245292, True]",1.0,,0,8081,0.0152149589266628
meta_llama_llama_4_scout_17b_16e_instruct,HILL_CLIMBING,shipping_discount,invalid,21,False,False,"[106.8075848013774, 49.980279624221765, False]",1.0,,0,8081,0.0152219589799642
meta_llama_llama_4_scout_17b_16e_instruct,HILL_CLIMBING,shipping_discount,invalid,22,False,False,"[29.106862586940007, 185.57462072357174, True]",1.0,,0,8081,0.0152427499415352
meta_llama_llama_4_scout_17b_16e_instruct,HILL_CLIMBING,shipping_discount,invalid,23,False,False,"[151.56360006248306, 77.18849366382334, False]",1.0,,0,8081,0.0152059169486165
meta_llama_llama_4_scout_17b_16e_instruct,HILL_CLIMBING,shipping_discount,invalid,24,False,False,"[57.02843359482441, 77.04129918049915, False]",1.0,,0,8081,0.0152036249637603
meta_llama_llama_4_scout_17b_16e_instruct,HILL_CLIMBING,shipping_discount,invalid,25,False,False,"[266.4774920929251, 111.11557014067202, True]",1.0,,0,8081,0.015297457925044
meta_llama_llama_4_scout_17b_16e_instruct,HILL_CLIMBING,shipping_discount,invalid,26,False,False,"[90.24291677653056, 229.85962198780945, True]",1.0,,0,8081,0.0153191249119117
meta_llama_llama_4_scout_17b_16e_instruct,HILL_CLIMBING,shipping_discount,invalid,27,False,False,"[115.46896814029013, 123.18570385472269, False]",1.0,,0,8081,0.0153209579875692
meta_llama_llama_4_scout_17b_16e_instruct,HILL_CLIMBING,shipping_discount,invalid,28,False,False,"[150.22694876414278, 40.30672552357755, True]",1.0,,0,8081,0.0152918340172618
meta_llama_llama_4_scout_17b_16e_instruct,HILL_CLIMBING,shipping_discount,invalid,29,False,False,"[24.453460671149653, 271.20770350013066, False]",1.0,,0,8081,0.0153337920783087
meta_llama_llama_4_scout_17b_16e_instruct,HILL_CLIMBING,shipping_discount,no_discount,0,True,True,"[43.519116159619855, 19.141305408584085, False]",0.0,no_discount,18,19,4.604191053658724e-05
meta_llama_llama_4_scout_17b_16e_instruct,HILL_CLIMBING,shipping_discount,no_discount,1,True,True,"[34.1627426465977, 81.12395429124861, False]",0.0,no_discount,12,13,3.21660190820694e-05
meta_llama_llama_4_scout_17b_16e_instruct,HILL_CLIMBING,shipping_discount,no_discount,2,True,True,"[27.219038640438228, 207.32806059494504, False]",0.0,no_discount,1,2,6.708083674311638e-06
meta_llama_llama_4_scout_17b_16e_instruct,HILL_CLIMBING,shipping_discount,no_discount,3,True,True,"[10.679418422549825, 115.37015589188081, False]",0.0,no_discount,4,5,1.3416982255876064e-05
meta_llama_llama_4_scout_17b_16e_instruct,HILL_CLIMBING,shipping_discount,no_discount,4,True,True,"[2.7576820074712627, 78.96004502496426, False]",0.0,no_discount,4,5,1.337495632469654e-05
meta_llama_llama_4_scout_17b_16e_instruct,HILL_CLIMBING,shipping_discount,no_discount,5,True,True,"[12.719936341944738, 61.28879816152135, False]",0.0,no_discount,18,19,4.166702274233103e-05
meta_llama_llama_4_scout_17b_16e_instruct,HILL_CLIMBING,shipping_discount,no_discount,6,True,True,"[35.6910590204282, 147.7105052754279, False]",0.0,no_discount,21,22,5.133403465151787e-05
meta_llama_llama_4_scout_17b_16e_instruct,HILL_CLIMBING,shipping_discount,no_discount,7,True,True,"[16.739687989524846, 104.81061009578784, False]",0.0,no_discount,27,28,6.24579843133688e-05
meta_llama_llama_4_scout_17b_16e_instruct,HILL_CLIMBING,shipping_discount,no_discount,8,True,True,"[44.663316036987275, 115.94318401708021, False]",0.0,no_discount,26,27,5.945900920778513e-05
meta_llama_llama_4_scout_17b_16e_instruct,HILL_CLIMBING,shipping_discount,no_discount,9,True,True,"[49.74190258982305, 256.2453934712263, False]",0.0,no_discount,4,5,1.345889177173376e-05
meta_llama_llama_4_scout_17b_16e_instruct,HILL_CLIMBING,shipping_discount,no_discount,10,True,True,"[2.706369722669678, 274.00350134207775, False]",0.0,no_discount,19,20,4.416599404066801e-05
meta_llama_llama_4_scout_17b_16e_instruct,HILL_CLIMBING,shipping_discount,no_discount,11,True,True,"[42.74422551802236, 20.19313470972245, False]",0.0,no_discount,1,2,6.707967258989811e-06
meta_llama_llama_4_scout_17b_16e_instruct,HILL_CLIMBING,shipping_discount,no_discount,12,True,True,"[13.523858608399763, 257.76327798231176, False]",0.0,no_discount,4,5,1.3915938325226309e-05
meta_llama_llama_4_scout_17b_16e_instruct,HILL_CLIMBING,shipping_discount,no_discount,13,True,True,"[15.493631640611094, 34.400023641737754, False]",0.0,no_discount,50,51,0.0001090000150725
meta_llama_llama_4_scout_17b_16e_instruct,HILL_CLIMBING,shipping_discount,no_discount,14,True,True,"[13.284526100881989, 151.98053803124154, False]",0.0,no_discount,19,20,4.7166948206722736e-05
meta_llama_llama_4_scout_17b_16e_instruct,HILL_CLIMBING,shipping_discount,no_discount,15,True,True,"[38.696152374454726, 32.888834846734454, False]",0.0,no_discount,3,4,1.1292053386569025e-05
meta_llama_llama_4_scout_17b_16e_instruct,HILL_CLIMBING,shipping_discount,no_discount,16,True,True,"[19.103288081143177, 271.14718514392234, False]",0.0,no_discount,22,23,5.012494511902332e-05
meta_llama_llama_4_scout_17b_16e_instruct,HILL_CLIMBING,shipping_discount,no_discount,17,True,True,"[24.693613653629775, 195.27766469249272, False]",0.0,no_discount,22,23,5.333404988050461e-05
meta_llama_llama_4_scout_17b_16e_instruct,HILL_CLIMBING,shipping_discount,no_discount,18,True,True,"[4.33723141617709, 210.96374598490027, False]",0.0,no_discount,5,6,1.579197123646736e-05
meta_llama_llama_4_scout_17b_16e_instruct,HILL_CLIMBING,shipping_discount,no_discount,19,True,True,"[38.46528663951684, 20.793027652288867, False]",0.0,no_discount,61,62,0.0001226249150931
meta_llama_llama_4_scout_17b_16e_instruct,HILL_CLIMBING,shipping_discount,no_discount,20,True,True,"[18.23939957684404, 171.91021285548803, False]",0.0,no_discount,33,34,7.337494753301144e-05
meta_llama_llama_4_scout_17b_16e_instruct,HILL_CLIMBING,shipping_discount,no_discount,21,True,True,"[4.668594182582075, 64.90782777055486, False]",0.0,no_discount,43,44,9.28329536691308e-05
meta_llama_llama_4_scout_17b_16e_instruct,HILL_CLIMBING,shipping_discount,no_discount,22,True,True,"[9.35027108169234, 257.6151453100638, False]",0.0,no_discount,10,11,2.766703255474567e-05
meta_llama_llama_4_scout_17b_16e_instruct,HILL_CLIMBING,shipping_discount,no_discount,23,True,True,"[20.12019830117223, 183.7829749506848, False]",0.0,no_discount,3,4,1.1416967026889324e-05
meta_llama_llama_4_scout_17b_16e_instruct,HILL_CLIMBING,shipping_discount,no_discount,24,True,True,"[41.15839445018909, 134.74043332057764, False]",0.0,no_discount,0,1,3.2499665394425392e-06
meta_llama_llama_4_scout_17b_16e_instruct,HILL_CLIMBING,shipping_discount,no_discount,25,True,True,"[48.545117500736815, 204.556297738158, False]",0.0,no_discount,23,24,5.15420688316226e-05
meta_llama_llama_4_scout_17b_16e_instruct,HILL_CLIMBING,shipping_discount,no_discount,26,True,True,"[48.494506748086444, 94.17077841784703, False]",0.0,no_discount,20,21,4.870793782174587e-05
meta_llama_llama_4_scout_17b_16e_instruct,HILL_CLIMBING,shipping_discount,no_discount,27,True,True,"[43.53676098608018, 20.229300021874806, False]",0.0,no_discount,13,14,3.4708064049482346e-05
meta_llama_llama_4_scout_17b_16e_instruct,HILL_CLIMBING,shipping_discount,no_discount,28,True,True,"[29.929280305669504, 22.741224791727998, False]",0.0,no_discount,9,10,2.5000073947012424e-05
meta_llama_llama_4_scout_17b_16e_instruct,HILL_CLIMBING,shipping_discount,no_discount,29,True,True,"[36.96880605656895, 201.9664998463876, False]",0.0,no_discount,51,52,0.0001089590368792
meta_llama_llama_4_scout_17b_16e_instruct,HILL_CLIMBING,shipping_discount,small_discount,0,True,True,"[69.91964213392572, 234.90433930622666, False]",0.0,small_discount,0,1,4.042056389153004e-06
meta_llama_llama_4_scout_17b_16e_instruct,HILL_CLIMBING,shipping_discount,small_discount,1,True,True,"[171.07494390309168, 188.49422876956703, True]",0.0,small_discount,0,1,3.915978595614433e-06
meta_llama_llama_4_scout_17b_16e_instruct,HILL_CLIMBING,shipping_discount,small_discount,2,True,True,"[253.00367366253744, 195.86274595024, False]",0.0,small_discount,7,8,1.974997576326132e-05
meta_llama_llama_4_scout_17b_16e_instruct,HILL_CLIMBING,shipping_discount,small_discount,3,True,True,"[286.3310701267703, 224.98877809510563, False]",0.0,small_discount,2,3,1.0375049896538258e-05
meta_llama_llama_4_scout_17b_16e_instruct,HILL_CLIMBING,shipping_discount,small_discount,4,True,True,"[98.9234556908183, 82.53365308539018, True]",0.0,small_discount,0,1,3.708992153406143e-06
meta_llama_llama_4_scout_17b_16e_instruct,HILL_CLIMBING,shipping_discount,small_discount,5,True,True,"[64.39735335665718, 16.52808535631195, False]",0.0,small_discount,0,1,3.708992153406143e-06
meta_llama_llama_4_scout_17b_16e_instruct,HILL_CLIMBING,shipping_discount,small_discount,6,True,True,"[50.5437411367339, 226.2736909483579, True]",0.0,small_discount,0,1,3.791064955294132e-06
meta_llama_llama_4_scout_17b_16e_instruct,HILL_CLIMBING,shipping_discount,small_discount,7,True,True,"[102.9440714843001, 283.78535207865497, False]",0.0,small_discount,12,13,3.2916897907853127e-05
meta_llama_llama_4_scout_17b_16e_instruct,HILL_CLIMBING,shipping_discount,small_discount,8,True,True,"[288.70363403965763, 235.536794967918, False]",0.0,small_discount,8,9,2.50829616561532e-05
meta_llama_llama_4_scout_17b_16e_instruct,HILL_CLIMBING,shipping_discount,small_discount,9,True,True,"[193.8258881267548, 156.59257382009503, False]",0.0,small_discount,7,8,2.0959065295755863e-05
meta_llama_llama_4_scout_17b_16e_instruct,HILL_CLIMBING,shipping_discount,small_discount,10,True,True,"[292.5313407299788, 183.5380881390647, True]",0.0,small_discount,2,3,8.665956556797028e-06
meta_llama_llama_4_scout_17b_16e_instruct,HILL_CLIMBING,shipping_discount,small_discount,11,True,True,"[202.676900183328, 197.21345353104496, True]",0.0,small_discount,0,1,3.832974471151829e-06
meta_llama_llama_4_scout_17b_16e_instruct,HILL_CLIMBING,shipping_discount,small_discount,12,True,True,"[198.04937743528654, 244.18539601283751, True]",0.0,small_discount,1,2,7.166992872953415e-06
meta_llama_llama_4_scout_17b_16e_instruct,HILL_CLIMBING,shipping_discount,small_discount,13,True,True,"[78.84575913365838, 236.009270943102, False]",0.0,small_discount,0,1,3.625056706368923e-06
meta_llama_llama_4_scout_17b_16e_instruct,HILL_CLIMBING,shipping_discount,small_discount,14,True,True,"[60.05243461870755, 114.06892676658786, True]",0.0,small_discount,1,2,7.1660615503787994e-06
meta_llama_llama_4_scout_17b_16e_instruct,HILL_CLIMBING,shipping_discount,small_discount,15,True,True,"[111.44466356621548, 252.9222630047482, False]",0.0,small_discount,0,1,3.5419361665844917e-06
meta_llama_llama_4_scout_17b_16e_instruct,HILL_CLIMBING,shipping_discount,small_discount,16,True,True,"[245.24276463541602, 187.64986093663398, True]",0.0,small_discount,0,1,3.7909485399723057e-06
meta_llama_llama_4_scout_17b_16e_instruct,HILL_CLIMBING,shipping_discount,small_discount,17,True,True,"[205.7028239882516, 270.583087994025, True]",0.0,small_discount,0,1,3.4999102354049683e-06
meta_llama_llama_4_scout_17b_16e_instruct,HILL_CLIMBING,shipping_discount,small_discount,18,True,True,"[60.023432493899996, 250.60593145612657, False]",0.0,small_discount,9,10,2.766703255474567e-05
meta_llama_llama_4_scout_17b_16e_instruct,HILL_CLIMBING,shipping_discount,small_discount,19,True,True,"[58.68665180009577, 5.424000949254603, False]",0.0,small_discount,0,1,3.66696622222662e-06
meta_llama_llama_4_scout_17b_16e_instruct,HILL_CLIMBING,shipping_discount,small_discount,20,True,True,"[257.32898589362844, 176.51957388968253, False]",0.0,small_discount,0,1,3.624940291047096e-06
meta_llama_llama_4_scout_17b_16e_instruct,HILL_CLIMBING,shipping_discount,small_discount,21,True,True,"[175.39002882613815, 289.4116971818202, False]",0.0,small_discount,0,1,3.500026650726795e-06
meta_llama_llama_4_scout_17b_16e_instruct,HILL_CLIMBING,shipping_discount,small_discount,22,True,True,"[167.38489020763248, 292.90923120261334, False]",0.0,small_discount,0,1,3.7079444155097008e-06
meta_llama_llama_4_scout_17b_16e_instruct,HILL_CLIMBING,shipping_discount,small_discount,23,True,True,"[211.35911142762103, 147.65222525828614, False]",0.0,small_discount,0,1,3.708992153406143e-06
meta_llama_llama_4_scout_17b_16e_instruct,HILL_CLIMBING,shipping_discount,small_discount,24,True,True,"[143.42891510325373, 127.11279108425354, True]",0.0,small_discount,0,1,3.374996595084667e-06
meta_llama_llama_4_scout_17b_16e_instruct,HILL_CLIMBING,shipping_discount,small_discount,25,True,True,"[106.3225800167709, 138.04917239571665, True]",0.0,small_discount,0,1,5.041016265749931e-06
meta_llama_llama_4_scout_17b_16e_instruct,HILL_CLIMBING,shipping_discount,small_discount,26,True,True,"[220.2365399856609, 250.54014695127424, False]",0.0,small_discount,2,3,1.0041985660791395e-05
meta_llama_llama_4_scout_17b_16e_instruct,HILL_CLIMBING,shipping_discount,small_discount,27,True,True,"[274.8848005875367, 190.13590261702728, True]",0.0,small_discount,2,3,8.916947990655899e-06
meta_llama_llama_4_scout_17b_16e_instruct,HILL_CLIMBING,shipping_discount,small_discount,28,True,True,"[275.28228850825894, 111.66143463372075, True]",0.0,small_discount,0,1,3.5420525819063187e-06
meta_llama_llama_4_scout_17b_16e_instruct,HILL_CLIMBING,shipping_discount,small_discount,29,True,True,"[52.595281174096776, 142.01098522046607, False]",0.0,small_discount,0,1,3.5830307751893997e-06
meta_llama_llama_4_scout_17b_16e_instruct,HILL_CLIMBING,shipping_discount,standard_discount,0,True,True,"[236.09449904977583, 75.55673569293421, False]",0.0,standard_discount,0,1,4.833913408219814e-06
meta_llama_llama_4_scout_17b_16e_instruct,HILL_CLIMBING,shipping_discount,standard_discount,1,True,True,"[107.81256244279514, 36.12038781189833, False]",0.0,standard_discount,4,5,1.537497155368328e-05
meta_llama_llama_4_scout_17b_16e_instruct,HILL_CLIMBING,shipping_discount,standard_discount,2,True,True,"[122.42321849863596, 9.939459814690888, False]",0.0,standard_discount,15,16,3.9665959775447845e-05
meta_llama_llama_4_scout_17b_16e_instruct,HILL_CLIMBING,shipping_discount,standard_discount,3,True,True,"[117.62762180706838, 27.636067841086774, True]",0.0,standard_discount,16,17,4.470790736377239e-05
meta_llama_llama_4_scout_17b_16e_instruct,HILL_CLIMBING,shipping_discount,standard_discount,4,True,True,"[233.80183848926092, 46.45319121993765, False]",0.0,standard_discount,1,2,7.2499969974160194e-06
meta_llama_llama_4_scout_17b_16e_instruct,HILL_CLIMBING,shipping_discount,standard_discount,5,True,True,"[138.94846048092327, 39.62957483457473, False]",0.0,standard_discount,5,6,1.7749960534274578e-05
meta_llama_llama_4_scout_17b_16e_instruct,HILL_CLIMBING,shipping_discount,standard_discount,6,True,True,"[167.05845011644288, 79.07559755569055, True]",0.0,standard_discount,12,13,3.470794763416052e-05
meta_llama_llama_4_scout_17b_16e_instruct,HILL_CLIMBING,shipping_discount,standard_discount,7,True,True,"[100.46264985840644, 27.777983059831868, True]",0.0,standard_discount,41,42,0.0001039580674842
meta_llama_llama_4_scout_17b_16e_instruct,HILL_CLIMBING,shipping_discount,standard_discount,8,True,True,"[247.55792693981385, 7.740934065229531, False]",0.0,standard_discount,1,2,7.207971066236496e-06
meta_llama_llama_4_scout_17b_16e_instruct,HILL_CLIMBING,shipping_discount,standard_discount,9,True,True,"[163.22263950306566, 88.79390309565125, True]",0.0,standard_discount,8,9,2.4916953407227993e-05
meta_llama_llama_4_scout_17b_16e_instruct,HILL_CLIMBING,shipping_discount,standard_discount,10,True,True,"[143.8096512921369, 52.10953318486816, True]",0.0,standard_discount,7,8,2.2083986550569538e-05
meta_llama_llama_4_scout_17b_16e_instruct,HILL_CLIMBING,shipping_discount,standard_discount,11,True,True,"[183.74680267536777, 92.19444622777972, False]",0.0,standard_discount,16,17,4.14170790463686e-05
meta_llama_llama_4_scout_17b_16e_instruct,HILL_CLIMBING,shipping_discount,standard_discount,12,True,True,"[150.10859913177055, 49.94148853552657, True]",0.0,standard_discount,16,17,4.383397754281759e-05
meta_llama_llama_4_scout_17b_16e_instruct,HILL_CLIMBING,shipping_discount,standard_discount,13,True,True,"[201.58318456214107, 19.648798760880272, False]",0.0,standard_discount,10,11,2.8832932002842423e-05
meta_llama_llama_4_scout_17b_16e_instruct,HILL_CLIMBING,shipping_discount,standard_discount,14,True,True,"[237.54704250963735, 30.4883957381743, False]",0.0,standard_discount,13,14,3.658293280750513e-05
meta_llama_llama_4_scout_17b_16e_instruct,HILL_CLIMBING,shipping_discount,standard_discount,15,True,True,"[286.88670427775907, 47.37757845415865, False]",0.0,standard_discount,24,25,6.066600326448679e-05
meta_llama_llama_4_scout_17b_16e_instruct,HILL_CLIMBING,shipping_discount,standard_discount,16,True,True,"[244.090911624442, 0.8390058887596692, False]",0.0,standard_discount,1,2,6.7909713834524155e-06
meta_llama_llama_4_scout_17b_16e_instruct,HILL_CLIMBING,shipping_discount,standard_discount,17,True,True,"[133.8673353398798, 44.44160066074805, False]",0.0,standard_discount,6,7,1.9834027625620365e-05
meta_llama_llama_4_scout_17b_16e_instruct,HILL_CLIMBING,shipping_discount,standard_discount,18,True,True,"[131.24442778254277, 62.33889504450969, True]",0.0,standard_discount,18,19,4.8915972001850605e-05
meta_llama_llama_4_scout_17b_16e_instruct,HILL_CLIMBING,shipping_discount,standard_discount,19,True,True,"[199.78843811105384, 29.0779531077918, True]",0.0,standard_discount,16,17,4.41248994320631e-05
meta_llama_llama_4_scout_17b_16e_instruct,HILL_CLIMBING,shipping_discount,standard_discount,20,True,True,"[273.45831280289576, 79.23294856908639, True]",0.0,standard_discount,0,1,3.5410048440098763e-06
meta_llama_llama_4_scout_17b_16e_instruct,HILL_CLIMBING,shipping_discount,standard_discount,21,True,True,"[186.897059456372, 67.49642369492994, True]",0.0,standard_discount,11,12,3.2082898542284966e-05
meta_llama_llama_4_scout_17b_16e_instruct,HILL_CLIMBING,shipping_discount,standard_discount,22,True,True,"[189.5244120171907, 84.48656003072942, False]",0.0,standard_discount,0,1,3.6659184843301777e-06
meta_llama_llama_4_scout_17b_16e_instruct,HILL_CLIMBING,shipping_discount,standard_discount,23,True,True,"[155.85935855078637, 27.09048189834238, True]",0.0,standard_discount,42,43,9.833299554884434e-05
meta_llama_llama_4_scout_17b_16e_instruct,HILL_CLIMBING,shipping_discount,standard_discount,24,True,True,"[100.10626012813562, 32.531717096569345, True]",0.0,standard_discount,24,25,6.0292077250778675e-05
meta_llama_llama_4_scout_17b_16e_instruct,HILL_CLIMBING,shipping_discount,standard_discount,25,True,True,"[108.64462086345141, 75.69636093328916, False]",0.0,standard_discount,16,17,4.4459011405706406e-05
meta_llama_llama_4_scout_17b_16e_instruct,HILL_CLIMBING,shipping_discount,standard_discount,26,True,True,"[290.1429285774539, 41.72725100746499, False]",0.0,standard_discount,64,65,0.0001519580837339
meta_llama_llama_4_scout_17b_16e_instruct,HILL_CLIMBING,shipping_discount,standard_discount,27,True,True,"[238.1267372906183, 75.05059593715242, False]",0.0,standard_discount,11,12,3.1957984901964664e-05
meta_llama_llama_4_scout_17b_16e_instruct,HILL_CLIMBING,shipping_discount,standard_discount,28,True,True,"[256.7301409679506, 0.6707542416238166, False]",0.0,standard_discount,1,2,7.207971066236496e-06
meta_llama_llama_4_scout_17b_16e_instruct,HILL_CLIMBING,shipping_discount,standard_discount,29,True,True,"[194.2529670691382, 8.910598549681604, False]",0.0,standard_discount,3,4,1.200009137392044e-05
meta_llama_llama_4_scout_17b_16e_instruct,HILL_CLIMBING,sign_type,negative,0,True,True,[0.0],0.0,negative,76,77,8.704094216227531e-05
meta_llama_llama_4_scout_17b_16e_instruct,HILL_CLIMBING,sign_type,negative,1,True,True,[0.0],0.0,negative,282,283,0.0002903339918702
meta_llama_llama_4_scout_17b_16e_instruct,HILL_CLIMBING,sign_type,negative,2,True,True,[0.0],0.0,negative,212,213,0.0002187500940635
meta_llama_llama_4_scout_17b_16e_instruct,HILL_CLIMBING,sign_type,negative,3,True,True,[0.0],0.0,negative,252,253,0.0002718330360949
meta_llama_llama_4_scout_17b_16e_instruct,HILL_CLIMBING,sign_type,negative,4,True,True,[0.0],0.0,negative,218,219,0.0002499170368537
meta_llama_llama_4_scout_17b_16e_instruct,HILL_CLIMBING,sign_type,negative,5,True,True,[0.0],0.0,negative,87,88,0.0001024170778691
meta_llama_llama_4_scout_17b_16e_instruct,HILL_CLIMBING,sign_type,negative,6,True,True,[0.0],0.0,negative,231,232,0.0002542079892009
meta_llama_llama_4_scout_17b_16e_instruct,HILL_CLIMBING,sign_type,negative,7,True,True,[0.0],0.0,negative,203,204,0.0002420420059934
meta_llama_llama_4_scout_17b_16e_instruct,HILL_CLIMBING,sign_type,negative,8,True,True,[0.0],0.0,negative,249,250,0.0002566670300439
meta_llama_llama_4_scout_17b_16e_instruct,HILL_CLIMBING,sign_type,negative,9,True,True,[0.0],0.0,negative,226,227,0.00022679194808
meta_llama_llama_4_scout_17b_16e_instruct,HILL_CLIMBING,sign_type,negative,10,True,True,[0.0],0.0,negative,214,215,0.0002250840188935
meta_llama_llama_4_scout_17b_16e_instruct,HILL_CLIMBING,sign_type,negative,11,True,True,[0.0],0.0,negative,138,139,0.0001404590439051
meta_llama_llama_4_scout_17b_16e_instruct,HILL_CLIMBING,sign_type,negative,12,True,True,[0.0],0.0,negative,226,227,0.0002477499656379
meta_llama_llama_4_scout_17b_16e_instruct,HILL_CLIMBING,sign_type,negative,13,True,True,[0.0],0.0,negative,202,203,0.0002156670670956
meta_llama_llama_4_scout_17b_16e_instruct,HILL_CLIMBING,sign_type,negative,14,True,True,[0.0],0.0,negative,107,108,0.0001221670536324
meta_llama_llama_4_scout_17b_16e_instruct,HILL_CLIMBING,sign_type,negative,15,True,True,[0.0],0.0,negative,170,171,0.0001835839357227
meta_llama_llama_4_scout_17b_16e_instruct,HILL_CLIMBING,sign_type,negative,16,True,True,[0.0],0.0,negative,78,79,9.350001346319914e-05
meta_llama_llama_4_scout_17b_16e_instruct,HILL_CLIMBING,sign_type,negative,17,True,True,[0.0],0.0,negative,73,74,9.016599506139757e-05
meta_llama_llama_4_scout_17b_16e_instruct,HILL_CLIMBING,sign_type,negative,18,True,True,[0.0],0.0,negative,171,172,0.0001892080763354
meta_llama_llama_4_scout_17b_16e_instruct,HILL_CLIMBING,sign_type,negative,19,True,True,[0.0],0.0,negative,69,70,7.78749817982316e-05
meta_llama_llama_4_scout_17b_16e_instruct,HILL_CLIMBING,sign_type,negative,20,True,True,[0.0],0.0,negative,103,104,0.0001248749904334
meta_llama_llama_4_scout_17b_16e_instruct,HILL_CLIMBING,sign_type,negative,21,True,True,[0.0],0.0,negative,137,138,0.0001340829767286
meta_llama_llama_4_scout_17b_16e_instruct,HILL_CLIMBING,sign_type,negative,22,True,True,[0.0],0.0,negative,48,49,5.725002847611904e-05
meta_llama_llama_4_scout_17b_16e_instruct,HILL_CLIMBING,sign_type,negative,23,True,True,[0.0],0.0,negative,23,24,3.166694659739733e-05
meta_llama_llama_4_scout_17b_16e_instruct,HILL_CLIMBING,sign_type,negative,24,True,True,[0.0],0.0,negative,104,105,0.000112917041406
meta_llama_llama_4_scout_17b_16e_instruct,HILL_CLIMBING,sign_type,negative,25,True,True,[0.0],0.0,negative,103,104,0.0001145829446613
meta_llama_llama_4_scout_17b_16e_instruct,HILL_CLIMBING,sign_type,negative,26,True,True,[0.0],0.0,negative,36,37,5.4999953135848045e-05
meta_llama_llama_4_scout_17b_16e_instruct,HILL_CLIMBING,sign_type,negative,27,True,True,[0.0],0.0,negative,133,134,0.0001536249183118
meta_llama_llama_4_scout_17b_16e_instruct,HILL_CLIMBING,sign_type,negative,28,True,True,[0.0],0.0,negative,292,293,0.0003130419645458
meta_llama_llama_4_scout_17b_16e_instruct,HILL_CLIMBING,sign_type,negative,29,True,True,[0.0],0.0,negative,283,284,0.00030524993781
meta_llama_llama_4_scout_17b_16e_instruct,HILL_CLIMBING,sign_type,positive,0,True,True,[903.6798159089765],0.0,positive,0,1,7.832888513803482e-06
meta_llama_llama_4_scout_17b_16e_instruct,HILL_CLIMBING,sign_type,positive,1,True,True,[250.82016432182064],0.0,positive,0,1,2.416083589196205e-06
meta_llama_llama_4_scout_17b_16e_instruct,HILL_CLIMBING,sign_type,positive,2,True,True,[801.8729435262318],0.0,positive,0,1,2.00001522898674e-06
meta_llama_llama_4_scout_17b_16e_instruct,HILL_CLIMBING,sign_type,positive,3,True,True,[716.3667970226039],0.0,positive,0,1,1.834006980061531e-06
meta_llama_llama_4_scout_17b_16e_instruct,HILL_CLIMBING,sign_type,positive,4,True,True,[109.10288507872833],0.0,positive,0,1,2.124928869307041e-06
meta_llama_llama_4_scout_17b_16e_instruct,HILL_CLIMBING,sign_type,positive,5,True,True,[549.0353631649681],0.0,positive,0,1,2.0830193534493446e-06
meta_llama_llama_4_scout_17b_16e_instruct,HILL_CLIMBING,sign_type,positive,6,True,True,[9.633870881645134],0.0,positive,0,1,1.834006980061531e-06
meta_llama_llama_4_scout_17b_16e_instruct,HILL_CLIMBING,sign_type,positive,7,True,True,[76.69659876501301],0.0,positive,0,1,3.66696622222662e-06
meta_llama_llama_4_scout_17b_16e_instruct,HILL_CLIMBING,sign_type,positive,8,True,True,[107.61686992937092],0.0,positive,0,1,2.291053533554077e-06
meta_llama_llama_4_scout_17b_16e_instruct,HILL_CLIMBING,sign_type,positive,9,True,True,[565.5186968093511],0.0,positive,0,1,2.08395067602396e-06
meta_llama_llama_4_scout_17b_16e_instruct,HILL_CLIMBING,sign_type,positive,10,True,True,[368.74276918533957],0.0,positive,0,1,2.125045284628868e-06
meta_llama_llama_4_scout_17b_16e_instruct,HILL_CLIMBING,sign_type,positive,11,True,True,[18.2136356686502],0.0,positive,0,1,2.125045284628868e-06
meta_llama_llama_4_scout_17b_16e_instruct,HILL_CLIMBING,sign_type,positive,12,True,True,[539.8957786268928],0.0,positive,0,1,2.0419247448444366e-06
meta_llama_llama_4_scout_17b_16e_instruct,HILL_CLIMBING,sign_type,positive,13,True,True,[65.03498828261101],0.0,positive,0,1,2.0829029381275177e-06
meta_llama_llama_4_scout_17b_16e_instruct,HILL_CLIMBING,sign_type,positive,14,True,True,[899.6859259751893],0.0,positive,0,1,2.124928869307041e-06
meta_llama_llama_4_scout_17b_16e_instruct,HILL_CLIMBING,sign_type,positive,15,True,True,[636.9943102520298],0.0,positive,0,1,2.00001522898674e-06
meta_llama_llama_4_scout_17b_16e_instruct,HILL_CLIMBING,sign_type,positive,16,True,True,[8.192725916123633],0.0,positive,0,1,2.0420411601662636e-06
meta_llama_llama_4_scout_17b_16e_instruct,HILL_CLIMBING,sign_type,positive,17,True,True,[783.9601364651169],0.0,positive,0,1,2.125045284628868e-06
meta_llama_llama_4_scout_17b_16e_instruct,HILL_CLIMBING,sign_type,positive,18,True,True,[346.83899322631186],0.0,positive,0,1,1.8329592421650889e-06
meta_llama_llama_4_scout_17b_16e_instruct,HILL_CLIMBING,sign_type,positive,19,True,True,[397.47820319859926],0.0,positive,0,1,2.0420411601662636e-06
meta_llama_llama_4_scout_17b_16e_instruct,HILL_CLIMBING,sign_type,positive,20,True,True,[793.0816246640846],0.0,positive,0,1,2.0420411601662636e-06
meta_llama_llama_4_scout_17b_16e_instruct,HILL_CLIMBING,sign_type,positive,21,True,True,[878.106651074782],0.0,positive,0,1,2.00001522898674e-06
meta_llama_llama_4_scout_17b_16e_instruct,HILL_CLIMBING,sign_type,positive,22,True,True,[423.7176353803236],0.0,positive,0,1,2.0420411601662636e-06
meta_llama_llama_4_scout_17b_16e_instruct,HILL_CLIMBING,sign_type,positive,23,True,True,[127.28977282970733],0.0,positive,0,1,2.249958924949169e-06
meta_llama_llama_4_scout_17b_16e_instruct,HILL_CLIMBING,sign_type,positive,24,True,True,[437.3561264141078],0.0,positive,0,1,2.00001522898674e-06
meta_llama_llama_4_scout_17b_16e_instruct,HILL_CLIMBING,sign_type,positive,25,True,True,[173.3729825409077],0.0,positive,0,1,2.00001522898674e-06
meta_llama_llama_4_scout_17b_16e_instruct,HILL_CLIMBING,sign_type,positive,26,True,True,[990.0279010540306],0.0,positive,0,1,2.166023477911949e-06
meta_llama_llama_4_scout_17b_16e_instruct,HILL_CLIMBING,sign_type,positive,27,True,True,[381.49507940656446],0.0,positive,0,1,1.9170111045241356e-06
meta_llama_llama_4_scout_17b_16e_instruct,HILL_CLIMBING,sign_type,positive,28,True,True,[569.3500396601108],0.0,positive,0,1,2.124928869307041e-06
meta_llama_llama_4_scout_17b_16e_instruct,HILL_CLIMBING,sign_type,positive,29,True,True,[707.2344342036835],0.0,positive,0,1,2.125045284628868e-06
meta_llama_llama_4_scout_17b_16e_instruct,HILL_CLIMBING,sign_type,zero,0,True,True,[0.0],0.0,zero,79,80,0.0001074579777196
meta_llama_llama_4_scout_17b_16e_instruct,HILL_CLIMBING,sign_type,zero,1,True,True,[0.0],0.0,zero,151,152,0.0001862499630078
meta_llama_llama_4_scout_17b_16e_instruct,HILL_CLIMBING,sign_type,zero,2,True,True,[0.0],0.0,zero,410,411,0.000467958045192
meta_llama_llama_4_scout_17b_16e_instruct,HILL_CLIMBING,sign_type,zero,3,True,True,[0.0],0.0,zero,295,296,0.0003312920453026
meta_llama_llama_4_scout_17b_16e_instruct,HILL_CLIMBING,sign_type,zero,4,True,True,[0.0],0.0,zero,224,225,0.0002487080637365
meta_llama_llama_4_scout_17b_16e_instruct,HILL_CLIMBING,sign_type,zero,5,True,True,[0.0],0.0,zero,112,113,0.0001411250559613
meta_llama_llama_4_scout_17b_16e_instruct,HILL_CLIMBING,sign_type,zero,6,True,True,[0.0],0.0,zero,268,269,0.0003069170052185
meta_llama_llama_4_scout_17b_16e_instruct,HILL_CLIMBING,sign_type,zero,7,True,True,[0.0],0.0,zero,125,126,0.0001424170332029
meta_llama_llama_4_scout_17b_16e_instruct,HILL_CLIMBING,sign_type,zero,8,True,True,[0.0],0.0,zero,140,141,0.0001584579003974
meta_llama_llama_4_scout_17b_16e_instruct,HILL_CLIMBING,sign_type,zero,9,True,True,[0.0],0.0,zero,164,165,0.0001815829891711
meta_llama_llama_4_scout_17b_16e_instruct,HILL_CLIMBING,sign_type,zero,10,True,True,[0.0],0.0,zero,148,149,0.0001604160061106
meta_llama_llama_4_scout_17b_16e_instruct,HILL_CLIMBING,sign_type,zero,11,True,True,[0.0],0.0,zero,170,171,0.0001967910211533
meta_llama_llama_4_scout_17b_16e_instruct,HILL_CLIMBING,sign_type,zero,12,True,True,[0.0],0.0,zero,127,128,0.0001406669616699
meta_llama_llama_4_scout_17b_16e_instruct,HILL_CLIMBING,sign_type,zero,13,True,True,[0.0],0.0,zero,324,325,0.0003617090405896
meta_llama_llama_4_scout_17b_16e_instruct,HILL_CLIMBING,sign_type,zero,14,True,True,[0.0],0.0,zero,204,205,0.0002279579639434
meta_llama_llama_4_scout_17b_16e_instruct,HILL_CLIMBING,sign_type,zero,15,True,True,[0.0],0.0,zero,174,175,0.0001892079599201
meta_llama_llama_4_scout_17b_16e_instruct,HILL_CLIMBING,sign_type,zero,16,True,True,[0.0],0.0,zero,54,55,6.816699169576168e-05
meta_llama_llama_4_scout_17b_16e_instruct,HILL_CLIMBING,sign_type,zero,17,True,True,[0.0],0.0,zero,271,272,0.0002879999810829
meta_llama_llama_4_scout_17b_16e_instruct,HILL_CLIMBING,sign_type,zero,18,True,True,[0.0],0.0,zero,161,162,0.0001654170919209
meta_llama_llama_4_scout_17b_16e_instruct,HILL_CLIMBING,sign_type,zero,19,True,True,[0.0],0.0,zero,213,214,0.0002242079935967
meta_llama_llama_4_scout_17b_16e_instruct,HILL_CLIMBING,sign_type,zero,20,True,True,[0.0],0.0,zero,325,326,0.0003607500111684
meta_llama_llama_4_scout_17b_16e_instruct,HILL_CLIMBING,sign_type,zero,21,True,True,[0.0],0.0,zero,265,266,0.0003075830172747
meta_llama_llama_4_scout_17b_16e_instruct,HILL_CLIMBING,sign_type,zero,22,True,True,[0.0],0.0,zero,119,120,0.0001332919346168
meta_llama_llama_4_scout_17b_16e_instruct,HILL_CLIMBING,sign_type,zero,23,True,True,[0.0],0.0,zero,36,37,4.695903044193983e-05
meta_llama_llama_4_scout_17b_16e_instruct,HILL_CLIMBING,sign_type,zero,24,True,True,[0.0],0.0,zero,198,199,0.0002422919496893
meta_llama_llama_4_scout_17b_16e_instruct,HILL_CLIMBING,sign_type,zero,25,True,True,[0.0],0.0,zero,51,52,6.23330706730485e-05
meta_llama_llama_4_scout_17b_16e_instruct,HILL_CLIMBING,sign_type,zero,26,True,True,[0.0],0.0,zero,188,189,0.0002279169857501
meta_llama_llama_4_scout_17b_16e_instruct,HILL_CLIMBING,sign_type,zero,27,True,True,[0.0],0.0,zero,142,143,0.0001662499271333
meta_llama_llama_4_scout_17b_16e_instruct,HILL_CLIMBING,sign_type,zero,28,True,True,[0.0],0.0,zero,269,270,0.0003147911047562
meta_llama_llama_4_scout_17b_16e_instruct,HILL_CLIMBING,sign_type,zero,29,True,True,[0.0],0.0,zero,195,196,0.0002050830516964
meta_llama_llama_4_scout_17b_16e_instruct,HILL_CLIMBING,string_category,empty,0,True,True,[''],0.0,empty,15,16,6.229197606444359e-05
meta_llama_llama_4_scout_17b_16e_instruct,HILL_CLIMBING,string_category,empty,1,True,True,[''],0.0,empty,23,24,4.537508357316256e-05
meta_llama_llama_4_scout_17b_16e_instruct,HILL_CLIMBING,string_category,empty,2,True,True,[''],0.0,empty,18,19,4.1791005060076714e-05
meta_llama_llama_4_scout_17b_16e_instruct,HILL_CLIMBING,string_category,empty,3,True,True,[''],0.0,empty,9,10,2.120796125382185e-05
meta_llama_llama_4_scout_17b_16e_instruct,HILL_CLIMBING,string_category,empty,4,True,True,[''],0.0,empty,5,6,1.4999997802078724e-05
meta_llama_llama_4_scout_17b_16e_instruct,HILL_CLIMBING,string_category,empty,5,True,True,[''],0.0,empty,34,35,7.091695442795753e-05
meta_llama_llama_4_scout_17b_16e_instruct,HILL_CLIMBING,string_category,empty,6,True,True,[''],0.0,empty,3,4,9.209034033119678e-06
meta_llama_llama_4_scout_17b_16e_instruct,HILL_CLIMBING,string_category,empty,7,True,True,[''],0.0,empty,15,16,2.962502185255289e-05
meta_llama_llama_4_scout_17b_16e_instruct,HILL_CLIMBING,string_category,empty,8,True,True,[''],0.0,empty,9,10,1.9916915334761143e-05
meta_llama_llama_4_scout_17b_16e_instruct,HILL_CLIMBING,string_category,empty,9,True,True,[''],0.0,empty,29,30,5.645898636430502e-05
meta_llama_llama_4_scout_17b_16e_instruct,HILL_CLIMBING,string_category,empty,10,True,True,[''],0.0,empty,36,37,6.320897955447435e-05
meta_llama_llama_4_scout_17b_16e_instruct,HILL_CLIMBING,string_category,empty,11,True,True,[''],0.0,empty,0,1,3.2499665394425392e-06
meta_llama_llama_4_scout_17b_16e_instruct,HILL_CLIMBING,string_category,empty,12,True,True,[''],0.0,empty,45,46,8.058303501456976e-05
meta_llama_llama_4_scout_17b_16e_instruct,HILL_CLIMBING,string_category,empty,13,True,True,[''],0.0,empty,29,30,4.8582907766103745e-05
meta_llama_llama_4_scout_17b_16e_instruct,HILL_CLIMBING,string_category,empty,14,True,True,[''],0.0,empty,28,29,5.150004290044308e-05
meta_llama_llama_4_scout_17b_16e_instruct,HILL_CLIMBING,string_category,empty,15,True,True,[''],0.0,empty,20,21,3.4624943509697914e-05
meta_llama_llama_4_scout_17b_16e_instruct,HILL_CLIMBING,string_category,empty,16,True,True,[''],0.0,empty,1,2,5.582929588854313e-06
meta_llama_llama_4_scout_17b_16e_instruct,HILL_CLIMBING,string_category,empty,17,True,True,[''],0.0,empty,43,44,7.062498480081558e-05
meta_llama_llama_4_scout_17b_16e_instruct,HILL_CLIMBING,string_category,empty,18,True,True,[''],0.0,empty,25,26,5.0208065658807755e-05
meta_llama_llama_4_scout_17b_16e_instruct,HILL_CLIMBING,string_category,empty,19,True,True,[''],0.0,empty,14,15,2.8125010430812836e-05
meta_llama_llama_4_scout_17b_16e_instruct,HILL_CLIMBING,string_category,empty,20,True,True,[''],0.0,empty,2,3,7.166992872953415e-06
meta_llama_llama_4_scout_17b_16e_instruct,HILL_CLIMBING,string_category,empty,21,True,True,[''],0.0,empty,43,44,6.954208947718143e-05
meta_llama_llama_4_scout_17b_16e_instruct,HILL_CLIMBING,string_category,empty,22,True,True,[''],0.0,empty,33,34,6.104202475398779e-05
meta_llama_llama_4_scout_17b_16e_instruct,HILL_CLIMBING,string_category,empty,23,True,True,[''],0.0,empty,25,26,4.5874970965087414e-05
meta_llama_llama_4_scout_17b_16e_instruct,HILL_CLIMBING,string_category,empty,24,True,True,[''],0.0,empty,39,40,6.558303721249104e-05
meta_llama_llama_4_scout_17b_16e_instruct,HILL_CLIMBING,string_category,empty,25,True,True,[''],0.0,empty,22,23,3.9375037886202335e-05
meta_llama_llama_4_scout_17b_16e_instruct,HILL_CLIMBING,string_category,empty,26,True,True,[''],0.0,empty,5,6,1.3208016753196716e-05
meta_llama_llama_4_scout_17b_16e_instruct,HILL_CLIMBING,string_category,empty,27,True,True,[''],0.0,empty,34,35,5.679205060005188e-05
meta_llama_llama_4_scout_17b_16e_instruct,HILL_CLIMBING,string_category,empty,28,True,True,[''],0.0,empty,8,9,1.750001683831215e-05
meta_llama_llama_4_scout_17b_16e_instruct,HILL_CLIMBING,string_category,empty,29,True,True,[''],0.0,empty,20,21,3.504101186990738e-05
meta_llama_llama_4_scout_17b_16e_instruct,HILL_CLIMBING,string_category,long_non_palindrome,0,True,True,['AoRUHX'],0.0,long_non_palindrome,0,1,4.166970029473305e-06
meta_llama_llama_4_scout_17b_16e_instruct,HILL_CLIMBING,string_category,long_non_palindrome,1,True,True,['TOEsYfXd9MX'],0.0,long_non_palindrome,0,1,4.583969712257385e-06
meta_llama_llama_4_scout_17b_16e_instruct,HILL_CLIMBING,string_category,long_non_palindrome,2,True,True,['jkdkQEV6uF4f'],0.0,long_non_palindrome,0,1,4.708068445324898e-06
meta_llama_llama_4_scout_17b_16e_instruct,HILL_CLIMBING,string_category,long_non_palindrome,3,True,True,['nAghgp7'],0.0,long_non_palindrome,0,1,3.833090886473656e-06
meta_llama_llama_4_scout_17b_16e_instruct,HILL_CLIMBING,string_category,long_non_palindrome,4,True,True,['Flk0b'],0.0,long_non_palindrome,15,16,2.837507054209709e-05
meta_llama_llama_4_scout_17b_16e_instruct,HILL_CLIMBING,string_category,long_non_palindrome,5,True,True,['mcrg15Dp'],0.0,long_non_palindrome,0,1,4.542060196399689e-06
meta_llama_llama_4_scout_17b_16e_instruct,HILL_CLIMBING,string_category,long_non_palindrome,6,True,True,['mFDHS'],0.0,long_non_palindrome,7,8,1.879094634205103e-05
meta_llama_llama_4_scout_17b_16e_instruct,HILL_CLIMBING,string_category,long_non_palindrome,7,True,True,['FZNUT'],0.0,long_non_palindrome,6,7,3.7082936614751816e-05
meta_llama_llama_4_scout_17b_16e_instruct,HILL_CLIMBING,string_category,long_non_palindrome,8,True,True,['3SxcK'],0.0,long_non_palindrome,1,2,5.209003575146198e-06
meta_llama_llama_4_scout_17b_16e_instruct,HILL_CLIMBING,string_category,long_non_palindrome,9,True,True,['palA6'],0.0,long_non_palindrome,5,6,1.4125020243227482e-05
meta_llama_llama_4_scout_17b_16e_instruct,HILL_CLIMBING,string_category,long_non_palindrome,10,True,True,['hzKcqqGJ'],0.0,long_non_palindrome,0,1,3.875000402331352e-06
meta_llama_llama_4_scout_17b_16e_instruct,HILL_CLIMBING,string_category,long_non_palindrome,11,True,True,['0kg5ksbcy71'],0.0,long_non_palindrome,0,1,4.749977961182594e-06
meta_llama_llama_4_scout_17b_16e_instruct,HILL_CLIMBING,string_category,long_non_palindrome,12,True,True,['eGipI'],0.0,long_non_palindrome,14,15,2.8333044610917568e-05
meta_llama_llama_4_scout_17b_16e_instruct,HILL_CLIMBING,string_category,long_non_palindrome,13,True,True,['gYDQP'],0.0,long_non_palindrome,6,7,1.449999399483204e-05
meta_llama_llama_4_scout_17b_16e_instruct,HILL_CLIMBING,string_category,long_non_palindrome,14,True,True,['ShtkAzR'],0.0,long_non_palindrome,0,1,3.832974471151829e-06
meta_llama_llama_4_scout_17b_16e_instruct,HILL_CLIMBING,string_category,long_non_palindrome,15,True,True,['AdX05fiIhvU5'],0.0,long_non_palindrome,0,1,4.625064320862293e-06
meta_llama_llama_4_scout_17b_16e_instruct,HILL_CLIMBING,string_category,long_non_palindrome,16,True,True,['7iDWokA81je9'],0.0,long_non_palindrome,0,1,4.458008334040642e-06
meta_llama_llama_4_scout_17b_16e_instruct,HILL_CLIMBING,string_category,long_non_palindrome,17,True,True,['z0UYT'],0.0,long_non_palindrome,1,2,6.042071618139744e-06
meta_llama_llama_4_scout_17b_16e_instruct,HILL_CLIMBING,string_category,long_non_palindrome,18,True,True,['M0nrwrfy'],0.0,long_non_palindrome,0,1,3.917026333510876e-06
meta_llama_llama_4_scout_17b_16e_instruct,HILL_CLIMBING,string_category,long_non_palindrome,19,True,True,['d9l9s'],0.0,long_non_palindrome,12,13,2.3916014470160007e-05
meta_llama_llama_4_scout_17b_16e_instruct,HILL_CLIMBING,string_category,long_non_palindrome,20,True,True,['mBzw1iYwx'],0.0,long_non_palindrome,0,1,4.332978278398514e-06
meta_llama_llama_4_scout_17b_16e_instruct,HILL_CLIMBING,string_category,long_non_palindrome,21,True,True,['FE4un'],0.0,long_non_palindrome,12,13,2.1916930563747883e-05
meta_llama_llama_4_scout_17b_16e_instruct,HILL_CLIMBING,string_category,long_non_palindrome,22,True,True,['HzbzQoXJ'],0.0,long_non_palindrome,0,1,3.958004526793957e-06
meta_llama_llama_4_scout_17b_16e_instruct,HILL_CLIMBING,string_category,long_non_palindrome,23,True,True,['Ma6MmiD3puOeD'],0.0,long_non_palindrome,0,1,4.665926098823547e-06
meta_llama_llama_4_scout_17b_16e_instruct,HILL_CLIMBING,string_category,long_non_palindrome,24,True,True,['jrUmx'],0.0,long_non_palindrome,7,8,1.4292076230049132e-05
meta_llama_llama_4_scout_17b_16e_instruct,HILL_CLIMBING,string_category,long_non_palindrome,25,True,True,['73cVY1dUfi6B'],0.0,long_non_palindrome,0,1,4.541943781077862e-06
meta_llama_llama_4_scout_17b_16e_instruct,HILL_CLIMBING,string_category,long_non_palindrome,26,True,True,['2R90w4NNso'],0.0,long_non_palindrome,0,1,4.541943781077862e-06
meta_llama_llama_4_scout_17b_16e_instruct,HILL_CLIMBING,string_category,long_non_palindrome,27,True,True,['ADex4'],0.0,long_non_palindrome,16,17,2.995808608829975e-05
meta_llama_llama_4_scout_17b_16e_instruct,HILL_CLIMBING,string_category,long_non_palindrome,28,True,True,['jXgtZJyQ81AiG'],0.0,long_non_palindrome,0,1,4.083034582436085e-06
meta_llama_llama_4_scout_17b_16e_instruct,HILL_CLIMBING,string_category,long_non_palindrome,29,True,True,['68H9IvDwceb6ifX'],0.0,long_non_palindrome,0,1,4.832982085645199e-06
meta_llama_llama_4_scout_17b_16e_instruct,HILL_CLIMBING,string_category,long_palindrome,0,True,True,['EhE'],0.0,long_palindrome,3425,3426,0.0057780829956755
meta_llama_llama_4_scout_17b_16e_instruct,HILL_CLIMBING,string_category,long_palindrome,1,True,True,['MOM'],0.0,long_palindrome,2888,2889,0.0047565000131726
meta_llama_llama_4_scout_17b_16e_instruct,HILL_CLIMBING,string_category,long_palindrome,2,True,True,['YlY'],0.0,long_palindrome,6519,6520,0.0106662079924717
meta_llama_llama_4_scout_17b_16e_instruct,HILL_CLIMBING,string_category,long_palindrome,3,True,True,['ZMZ'],0.0,long_palindrome,1546,1547,0.0026032089954242
meta_llama_llama_4_scout_17b_16e_instruct,HILL_CLIMBING,string_category,long_palindrome,4,True,True,['sks'],0.0,long_palindrome,422,423,0.0006797920214012
meta_llama_llama_4_scout_17b_16e_instruct,HILL_CLIMBING,string_category,long_palindrome,5,True,True,['eAe'],0.0,long_palindrome,2121,2122,0.0034567080438137
meta_llama_llama_4_scout_17b_16e_instruct,HILL_CLIMBING,string_category,long_palindrome,6,True,True,['NDN'],0.0,long_palindrome,1223,1224,0.0019919578917324
meta_llama_llama_4_scout_17b_16e_instruct,HILL_CLIMBING,string_category,long_palindrome,7,True,True,['AgA'],0.0,long_palindrome,149,150,0.000467124977149
meta_llama_llama_4_scout_17b_16e_instruct,HILL_CLIMBING,string_category,long_palindrome,8,True,True,['NaXaN'],0.0,long_palindrome,1766,1767,0.0028932919958606
meta_llama_llama_4_scout_17b_16e_instruct,HILL_CLIMBING,string_category,long_palindrome,9,True,True,['AIA'],0.0,long_palindrome,151,152,0.0002369160065427
meta_llama_llama_4_scout_17b_16e_instruct,HILL_CLIMBING,string_category,long_palindrome,10,True,True,['4v4'],0.0,long_palindrome,1903,1904,0.0030535419937223
meta_llama_llama_4_scout_17b_16e_instruct,HILL_CLIMBING,string_category,long_palindrome,11,True,True,['PmP'],0.0,long_palindrome,4409,4410,0.0075585830491036
meta_llama_llama_4_scout_17b_16e_instruct,HILL_CLIMBING,string_category,long_palindrome,12,True,True,['e8e'],0.0,long_palindrome,262,263,0.0004248339682817
meta_llama_llama_4_scout_17b_16e_instruct,HILL_CLIMBING,string_category,long_palindrome,13,True,True,['fef'],0.0,long_palindrome,5091,5092,0.0082137079443782
meta_llama_llama_4_scout_17b_16e_instruct,HILL_CLIMBING,string_category,long_palindrome,14,True,True,['3b3'],0.0,long_palindrome,680,681,0.0011101249838247
meta_llama_llama_4_scout_17b_16e_instruct,HILL_CLIMBING,string_category,long_palindrome,15,True,True,['N0N'],0.0,long_palindrome,481,482,0.0007815420394763
meta_llama_llama_4_scout_17b_16e_instruct,HILL_CLIMBING,string_category,long_palindrome,16,True,True,['OYO'],0.0,long_palindrome,673,674,0.0010769580258056
meta_llama_llama_4_scout_17b_16e_instruct,HILL_CLIMBING,string_category,long_palindrome,17,True,True,['cSc'],0.0,long_palindrome,763,764,0.0012261669617146
meta_llama_llama_4_scout_17b_16e_instruct,HILL_CLIMBING,string_category,long_palindrome,18,True,True,['ala'],0.0,long_palindrome,1028,1029,0.0016276669921353
meta_llama_llama_4_scout_17b_16e_instruct,HILL_CLIMBING,string_category,long_palindrome,19,True,True,['MFM'],0.0,long_palindrome,2122,2123,0.0034494160208851
meta_llama_llama_4_scout_17b_16e_instruct,HILL_CLIMBING,string_category,long_palindrome,20,True,True,['vIv'],0.0,long_palindrome,1192,1193,0.0019396250136196
meta_llama_llama_4_scout_17b_16e_instruct,HILL_CLIMBING,string_category,long_palindrome,21,True,True,['aua'],0.0,long_palindrome,507,508,0.0008281250484287
meta_llama_llama_4_scout_17b_16e_instruct,HILL_CLIMBING,string_category,long_palindrome,22,True,True,['GoG'],0.0,long_palindrome,1375,1376,0.0022014579735696
meta_llama_llama_4_scout_17b_16e_instruct,HILL_CLIMBING,string_category,long_palindrome,23,True,True,['ccc'],0.0,long_palindrome,1729,1730,0.0027391250478103
meta_llama_llama_4_scout_17b_16e_instruct,HILL_CLIMBING,string_category,long_palindrome,24,True,True,['heh'],0.0,long_palindrome,1034,1035,0.0016699580010026
meta_llama_llama_4_scout_17b_16e_instruct,HILL_CLIMBING,string_category,long_palindrome,25,True,True,['0j0'],0.0,long_palindrome,347,348,0.0005596249829977
meta_llama_llama_4_scout_17b_16e_instruct,HILL_CLIMBING,string_category,long_palindrome,26,True,True,['yty'],0.0,long_palindrome,226,227,0.0003822499420493
meta_llama_llama_4_scout_17b_16e_instruct,HILL_CLIMBING,string_category,long_palindrome,27,True,True,['1z1'],0.0,long_palindrome,465,466,0.0007500000065192
meta_llama_llama_4_scout_17b_16e_instruct,HILL_CLIMBING,string_category,long_palindrome,28,True,True,['GIG'],0.0,long_palindrome,463,464,0.0007644579745829
meta_llama_llama_4_scout_17b_16e_instruct,HILL_CLIMBING,string_category,long_palindrome,29,True,True,['b4b'],0.0,long_palindrome,518,519,0.0008244169875979
meta_llama_llama_4_scout_17b_16e_instruct,HILL_CLIMBING,string_category,other,0,True,True,['cTklr'],0.0,other,103,104,0.0001697079278528
meta_llama_llama_4_scout_17b_16e_instruct,HILL_CLIMBING,string_category,other,1,True,True,['YpKp'],0.0,other,0,1,3.4580007195472717e-06
meta_llama_llama_4_scout_17b_16e_instruct,HILL_CLIMBING,string_category,other,2,True,True,['61qMV'],0.0,other,74,75,0.0001232919748872
meta_llama_llama_4_scout_17b_16e_instruct,HILL_CLIMBING,string_category,other,3,True,True,['fVU'],0.0,other,0,1,3.2080570235848427e-06
meta_llama_llama_4_scout_17b_16e_instruct,HILL_CLIMBING,string_category,other,4,True,True,['E3tW'],0.0,other,0,1,3.2919924706220627e-06
meta_llama_llama_4_scout_17b_16e_instruct,HILL_CLIMBING,string_category,other,5,True,True,['EBz4U'],0.0,other,37,38,6.420793943107128e-05
meta_llama_llama_4_scout_17b_16e_instruct,HILL_CLIMBING,string_category,other,6,True,True,['HH6rH'],0.0,other,78,79,0.0001282080775126
meta_llama_llama_4_scout_17b_16e_instruct,HILL_CLIMBING,string_category,other,7,True,True,['sb6Zf'],0.0,other,0,1,3.458932042121887e-06
meta_llama_llama_4_scout_17b_16e_instruct,HILL_CLIMBING,string_category,other,8,True,True,['vD'],0.0,other,0,1,3.00002284348011e-06
meta_llama_llama_4_scout_17b_16e_instruct,HILL_CLIMBING,string_category,other,9,True,True,['mZ7b'],0.0,other,0,1,3.334018401801586e-06
meta_llama_llama_4_scout_17b_16e_instruct,HILL_CLIMBING,string_category,other,10,True,True,['Z1YaS'],0.0,other,60,61,9.654206223785876e-05
meta_llama_llama_4_scout_17b_16e_instruct,HILL_CLIMBING,string_category,other,11,True,True,['OR'],0.0,other,0,1,3.082910552620888e-06
meta_llama_llama_4_scout_17b_16e_instruct,HILL_CLIMBING,string_category,other,12,True,True,['87bTo'],0.0,other,33,34,6.437499541789293e-05
meta_llama_llama_4_scout_17b_16e_instruct,HILL_CLIMBING,string_category,other,13,True,True,['xp7Cg'],0.0,other,290,291,0.0004401669139042
meta_llama_llama_4_scout_17b_16e_instruct,HILL_CLIMBING,string_category,other,14,True,True,['21zUT'],0.0,other,272,273,0.0004139159573242
meta_llama_llama_4_scout_17b_16e_instruct,HILL_CLIMBING,string_category,other,15,True,True,['g0ZOr'],0.0,other,27,28,5.3040916100144386e-05
meta_llama_llama_4_scout_17b_16e_instruct,HILL_CLIMBING,string_category,other,16,True,True,['JvS'],0.0,other,0,1,3.291061148047447e-06
meta_llama_llama_4_scout_17b_16e_instruct,HILL_CLIMBING,string_category,other,17,True,True,['DWo0v'],0.0,other,465,466,0.0007160410750657
meta_llama_llama_4_scout_17b_16e_instruct,HILL_CLIMBING,string_category,other,18,True,True,['kh33Q'],0.0,other,26,27,5.000003147870302e-05
meta_llama_llama_4_scout_17b_16e_instruct,HILL_CLIMBING,string_category,other,19,True,True,['E4I1v'],0.0,other,72,73,0.0001188750611618
meta_llama_llama_4_scout_17b_16e_instruct,HILL_CLIMBING,string_category,other,20,True,True,['IxT7'],0.0,other,0,1,3.3330870792269707e-06
meta_llama_llama_4_scout_17b_16e_instruct,HILL_CLIMBING,string_category,other,21,True,True,['gTXdY'],0.0,other,95,96,0.0001608330057933
meta_llama_llama_4_scout_17b_16e_instruct,HILL_CLIMBING,string_category,other,22,True,True,['Pw'],0.0,other,0,1,3.125052899122238e-06
meta_llama_llama_4_scout_17b_16e_instruct,HILL_CLIMBING,string_category,other,23,True,True,['ql'],0.0,other,2,3,7.166992872953415e-06
meta_llama_llama_4_scout_17b_16e_instruct,HILL_CLIMBING,string_category,other,24,True,True,['r5euV'],0.0,other,6,7,1.3417098671197891e-05
meta_llama_llama_4_scout_17b_16e_instruct,HILL_CLIMBING,string_category,other,25,True,True,['z0'],0.0,other,4,5,1.0458054021000862e-05
meta_llama_llama_4_scout_17b_16e_instruct,HILL_CLIMBING,string_category,other,26,True,True,['GXQRG'],0.0,other,52,53,8.395803160965443e-05
meta_llama_llama_4_scout_17b_16e_instruct,HILL_CLIMBING,string_category,other,27,True,True,['uZ8T5'],0.0,other,28,29,5.266594234853983e-05
meta_llama_llama_4_scout_17b_16e_instruct,HILL_CLIMBING,string_category,other,28,True,True,['R71q'],0.0,other,0,1,3.334018401801586e-06
meta_llama_llama_4_scout_17b_16e_instruct,HILL_CLIMBING,string_category,other,29,True,True,['5muBH'],0.0,other,204,205,0.0003182078944519
meta_llama_llama_4_scout_17b_16e_instruct,HILL_CLIMBING,string_category,short_palindrome,0,True,True,['33'],0.0,short_palindrome,858,859,0.0012604999355971
meta_llama_llama_4_scout_17b_16e_instruct,HILL_CLIMBING,string_category,short_palindrome,1,True,True,['ViV'],0.0,short_palindrome,307,308,0.0004623329732567
meta_llama_llama_4_scout_17b_16e_instruct,HILL_CLIMBING,string_category,short_palindrome,2,True,True,[''],0.0,short_palindrome,0,1,4.833913408219814e-06
meta_llama_llama_4_scout_17b_16e_instruct,HILL_CLIMBING,string_category,short_palindrome,3,True,True,['C'],0.0,short_palindrome,8,9,1.937500201165676e-05
meta_llama_llama_4_scout_17b_16e_instruct,HILL_CLIMBING,string_category,short_palindrome,4,True,True,['z'],0.0,short_palindrome,655,656,0.0009513340191915
meta_llama_llama_4_scout_17b_16e_instruct,HILL_CLIMBING,string_category,short_palindrome,5,True,True,['U'],0.0,short_palindrome,26,27,4.779198206961155e-05
meta_llama_llama_4_scout_17b_16e_instruct,HILL_CLIMBING,string_category,short_palindrome,6,True,True,['vv'],0.0,short_palindrome,143,144,0.0002166670747101
meta_llama_llama_4_scout_17b_16e_instruct,HILL_CLIMBING,string_category,short_palindrome,7,True,True,['l'],0.0,short_palindrome,18,19,3.4791999496519566e-05
meta_llama_llama_4_scout_17b_16e_instruct,HILL_CLIMBING,string_category,short_palindrome,8,True,True,['o'],0.0,short_palindrome,67,68,0.0001095000188797
meta_llama_llama_4_scout_17b_16e_instruct,HILL_CLIMBING,string_category,short_palindrome,9,True,True,['a'],0.0,short_palindrome,262,263,0.0003986669471487
meta_llama_llama_4_scout_17b_16e_instruct,HILL_CLIMBING,string_category,short_palindrome,10,True,True,['C'],0.0,short_palindrome,606,607,0.0009000420104712
meta_llama_llama_4_scout_17b_16e_instruct,HILL_CLIMBING,string_category,short_palindrome,11,True,True,['8'],0.0,short_palindrome,68,69,0.0001064169919118
meta_llama_llama_4_scout_17b_16e_instruct,HILL_CLIMBING,string_category,short_palindrome,12,True,True,['N'],0.0,short_palindrome,20,21,3.958295565098524e-05
meta_llama_llama_4_scout_17b_16e_instruct,HILL_CLIMBING,string_category,short_palindrome,13,True,True,['t'],0.0,short_palindrome,239,240,0.0003643339732661
meta_llama_llama_4_scout_17b_16e_instruct,HILL_CLIMBING,string_category,short_palindrome,14,True,True,['f'],0.0,short_palindrome,63,64,9.808305185288192e-05
meta_llama_llama_4_scout_17b_16e_instruct,HILL_CLIMBING,string_category,short_palindrome,15,True,True,['N'],0.0,short_palindrome,68,69,0.0001074169995263
meta_llama_llama_4_scout_17b_16e_instruct,HILL_CLIMBING,string_category,short_palindrome,16,True,True,['d'],0.0,short_palindrome,594,595,0.0008961249841377
meta_llama_llama_4_scout_17b_16e_instruct,HILL_CLIMBING,string_category,short_palindrome,17,True,True,['4'],0.0,short_palindrome,46,47,7.941701915115118e-05
meta_llama_llama_4_scout_17b_16e_instruct,HILL_CLIMBING,string_category,short_palindrome,18,True,True,['g'],0.0,short_palindrome,161,162,0.0002492089988663
meta_llama_llama_4_scout_17b_16e_instruct,HILL_CLIMBING,string_category,short_palindrome,19,True,True,['w'],0.0,short_palindrome,0,1,3.2921088859438896e-06
meta_llama_llama_4_scout_17b_16e_instruct,HILL_CLIMBING,string_category,short_palindrome,20,True,True,['M'],0.0,short_palindrome,106,107,0.0001754160039126
meta_llama_llama_4_scout_17b_16e_instruct,HILL_CLIMBING,string_category,short_palindrome,21,True,True,['v'],0.0,short_palindrome,67,68,0.0001152500044554
meta_llama_llama_4_scout_17b_16e_instruct,HILL_CLIMBING,string_category,short_palindrome,22,True,True,['P'],0.0,short_palindrome,319,320,0.0004834590945392
meta_llama_llama_4_scout_17b_16e_instruct,HILL_CLIMBING,string_category,short_palindrome,23,True,True,['h'],0.0,short_palindrome,758,759,0.0011326250387355
meta_llama_llama_4_scout_17b_16e_instruct,HILL_CLIMBING,string_category,short_palindrome,24,True,True,['P'],0.0,short_palindrome,291,292,0.000434709014371
meta_llama_llama_4_scout_17b_16e_instruct,HILL_CLIMBING,string_category,short_palindrome,25,True,True,['Q'],0.0,short_palindrome,73,74,0.0001194580690935
meta_llama_llama_4_scout_17b_16e_instruct,HILL_CLIMBING,string_category,short_palindrome,26,True,True,['X'],0.0,short_palindrome,31,32,5.495804361999035e-05
meta_llama_llama_4_scout_17b_16e_instruct,HILL_CLIMBING,string_category,short_palindrome,27,True,True,['f'],0.0,short_palindrome,117,118,0.0001804589992389
meta_llama_llama_4_scout_17b_16e_instruct,HILL_CLIMBING,string_category,short_palindrome,28,True,True,['C'],0.0,short_palindrome,0,1,2.958928234875202e-06
meta_llama_llama_4_scout_17b_16e_instruct,HILL_CLIMBING,string_category,short_palindrome,29,True,True,['L'],0.0,short_palindrome,140,141,0.0002201669849455
meta_llama_llama_4_scout_17b_16e_instruct,GA_FIXED,bmi_category,invalid_height,0,False,False,"[140.09643089949338, 1.0]",1.0,,1,8080,0.0361820000689476
meta_llama_llama_4_scout_17b_16e_instruct,GA_FIXED,bmi_category,invalid_height,1,False,False,"[194.7818245136419, 1.0]",1.0,,1,8080,0.0357533750357106
meta_llama_llama_4_scout_17b_16e_instruct,GA_FIXED,bmi_category,invalid_height,2,False,False,"[154.6960991036418, 1.0]",1.0,,1,8080,0.0359604170080274
meta_llama_llama_4_scout_17b_16e_instruct,GA_FIXED,bmi_category,invalid_height,3,False,False,"[38.25305309811212, 1.0]",1.0,,1,8080,0.0359294170048087
meta_llama_llama_4_scout_17b_16e_instruct,GA_FIXED,bmi_category,invalid_height,4,False,False,"[154.48476403368926, 1.0]",1.0,,1,8080,0.0356970001012086
meta_llama_llama_4_scout_17b_16e_instruct,GA_FIXED,bmi_category,invalid_height,5,False,False,"[124.78876342144238, 1.0]",1.0,,1,8080,0.0350831659743562
meta_llama_llama_4_scout_17b_16e_instruct,GA_FIXED,bmi_category,invalid_height,6,False,False,"[134.9674529714835, 1.0]",1.0,,1,8080,0.0354544579749926
meta_llama_llama_4_scout_17b_16e_instruct,GA_FIXED,bmi_category,invalid_height,7,False,False,"[87.89704860069735, 1.0]",1.0,,1,8080,0.0357803329825401
meta_llama_llama_4_scout_17b_16e_instruct,GA_FIXED,bmi_category,invalid_height,8,False,False,"[141.36172389174345, 1.0]",1.0,,1,8080,0.0364888330223038
meta_llama_llama_4_scout_17b_16e_instruct,GA_FIXED,bmi_category,invalid_height,9,False,False,"[116.97139118047765, 1.0]",1.0,,1,8080,0.0356616659555584
meta_llama_llama_4_scout_17b_16e_instruct,GA_FIXED,bmi_category,invalid_height,10,False,False,"[136.94973924135914, 1.0]",1.0,,1,8080,0.0358535830164328
meta_llama_llama_4_scout_17b_16e_instruct,GA_FIXED,bmi_category,invalid_height,11,False,False,"[79.91841839810172, 1.0]",1.0,,1,8080,0.0356021670158952
meta_llama_llama_4_scout_17b_16e_instruct,GA_FIXED,bmi_category,invalid_height,12,False,False,"[20.439337113147854, 1.0]",1.0,,1,8080,0.0356483339564874
meta_llama_llama_4_scout_17b_16e_instruct,GA_FIXED,bmi_category,invalid_height,13,False,False,"[26.612224495734853, 1.0]",1.0,,1,8080,0.0356076250318437
meta_llama_llama_4_scout_17b_16e_instruct,GA_FIXED,bmi_category,invalid_height,14,False,False,"[39.23510225423803, 1.0]",1.0,,1,8080,0.0357391670113429
meta_llama_llama_4_scout_17b_16e_instruct,GA_FIXED,bmi_category,invalid_height,15,False,False,"[76.11109273370678, 1.0]",1.0,,1,8080,0.0352517920546233
meta_llama_llama_4_scout_17b_16e_instruct,GA_FIXED,bmi_category,invalid_height,16,False,False,"[160.46501074350905, 1.0]",1.0,,1,8080,0.0352849999908357
meta_llama_llama_4_scout_17b_16e_instruct,GA_FIXED,bmi_category,invalid_height,17,False,False,"[61.336507074576645, 1.0]",1.0,,1,8080,0.0354190419893711
meta_llama_llama_4_scout_17b_16e_instruct,GA_FIXED,bmi_category,invalid_height,18,False,False,"[41.99564999730547, 1.0]",1.0,,1,8080,0.0354595000389963
meta_llama_llama_4_scout_17b_16e_instruct,GA_FIXED,bmi_category,invalid_height,19,False,False,"[51.47453472456317, 1.0]",1.0,,1,8080,0.0356340419966727
meta_llama_llama_4_scout_17b_16e_instruct,GA_FIXED,bmi_category,invalid_height,20,False,False,"[41.299714662139074, 1.0]",1.0,,1,8080,0.0356102079385891
meta_llama_llama_4_scout_17b_16e_instruct,GA_FIXED,bmi_category,invalid_height,21,False,False,"[196.23995324695088, 1.0]",1.0,,1,8080,0.0358681250363588
meta_llama_llama_4_scout_17b_16e_instruct,GA_FIXED,bmi_category,invalid_height,22,False,False,"[138.19106293188537, 1.0]",1.0,,1,8080,0.0356282909633591
meta_llama_llama_4_scout_17b_16e_instruct,GA_FIXED,bmi_category,invalid_height,23,False,False,"[77.67105951519508, 1.0]",1.0,,1,8080,0.0356517079053446
meta_llama_llama_4_scout_17b_16e_instruct,GA_FIXED,bmi_category,invalid_height,24,False,False,"[75.12095321308723, 1.0]",1.0,,1,8080,0.0355127919465303
meta_llama_llama_4_scout_17b_16e_instruct,GA_FIXED,bmi_category,invalid_height,25,False,False,"[51.00938280883146, 1.0]",1.0,,1,8080,0.0355736669152975
meta_llama_llama_4_scout_17b_16e_instruct,GA_FIXED,bmi_category,invalid_height,26,False,False,"[72.29602654805922, 1.0]",1.0,,1,8080,0.0355009160703048
meta_llama_llama_4_scout_17b_16e_instruct,GA_FIXED,bmi_category,invalid_height,27,False,False,"[27.160510541769007, 1.0]",1.0,,1,8080,0.0355051660444587
meta_llama_llama_4_scout_17b_16e_instruct,GA_FIXED,bmi_category,invalid_height,28,False,False,"[117.35694851984782, 1.0]",1.0,,1,8080,0.0353603329276666
meta_llama_llama_4_scout_17b_16e_instruct,GA_FIXED,bmi_category,invalid_height,29,False,False,"[46.888077759619776, 1.0]",1.0,,1,8080,0.0353791669476777
meta_llama_llama_4_scout_17b_16e_instruct,GA_FIXED,bmi_category,normal,0,True,True,"[124.58310409502356, 2.3475088268198556]",0.0,normal,0,80,5.687493830919266e-05
meta_llama_llama_4_scout_17b_16e_instruct,GA_FIXED,bmi_category,normal,1,True,True,"[22.250091879747842, 1.0563687570069749]",0.0,normal,0,80,5.829101428389549e-05
meta_llama_llama_4_scout_17b_16e_instruct,GA_FIXED,bmi_category,normal,2,True,True,"[112.06381453340477, 2.196398341892825]",0.0,normal,0,80,6.954197306185961e-05
meta_llama_llama_4_scout_17b_16e_instruct,GA_FIXED,bmi_category,normal,3,True,True,"[38.06310728901718, 1.253385152849145]",0.0,normal,0,80,5.583302117884159e-05
meta_llama_llama_4_scout_17b_16e_instruct,GA_FIXED,bmi_category,normal,4,True,True,"[56.58144200748687, 1.6806713994003801]",0.0,normal,0,80,5.6292046792805195e-05
meta_llama_llama_4_scout_17b_16e_instruct,GA_FIXED,bmi_category,normal,5,True,True,"[80.03127997038254, 2.0507849800685767]",0.0,normal,0,80,5.633395630866289e-05
meta_llama_llama_4_scout_17b_16e_instruct,GA_FIXED,bmi_category,normal,6,True,True,"[40.65478081867825, 1.30187813933883]",0.0,normal,0,80,5.4999953135848045e-05
meta_llama_llama_4_scout_17b_16e_instruct,GA_FIXED,bmi_category,normal,7,True,True,"[121.13264057846402, 2.340295530031874]",0.0,normal,0,80,5.562498699873686e-05
meta_llama_llama_4_scout_17b_16e_instruct,GA_FIXED,bmi_category,normal,8,True,True,"[91.62549772069592, 2.0766426562055806]",0.0,normal,0,80,5.566701292991638e-05
meta_llama_llama_4_scout_17b_16e_instruct,GA_FIXED,bmi_category,normal,9,True,True,"[50.45914925120466, 1.5323987483613402]",0.0,normal,0,80,5.849997978657484e-05
meta_llama_llama_4_scout_17b_16e_instruct,GA_FIXED,bmi_category,normal,10,True,True,"[51.24730556375109, 1.4629115395170778]",0.0,normal,0,80,5.616701673716307e-05
meta_llama_llama_4_scout_17b_16e_instruct,GA_FIXED,bmi_category,normal,11,True,True,"[44.59855244706489, 1.351399130093011]",0.0,normal,0,80,5.6124990805983543e-05
meta_llama_llama_4_scout_17b_16e_instruct,GA_FIXED,bmi_category,normal,12,True,True,"[130.54931482371774, 2.3540255325472756]",0.0,normal,0,80,5.570799112319946e-05
meta_llama_llama_4_scout_17b_16e_instruct,GA_FIXED,bmi_category,normal,13,True,True,"[129.49220764869386, 2.3395451596585195]",0.0,normal,0,80,5.5875047110021114e-05
meta_llama_llama_4_scout_17b_16e_instruct,GA_FIXED,bmi_category,normal,14,True,True,"[152.13134890654584, 2.4730855860962913]",0.0,normal,0,80,5.570799112319946e-05
meta_llama_llama_4_scout_17b_16e_instruct,GA_FIXED,bmi_category,normal,15,True,True,"[131.9204109675818, 2.477036217051351]",0.0,normal,0,80,5.5333017371594906e-05
meta_llama_llama_4_scout_17b_16e_instruct,GA_FIXED,bmi_category,normal,16,True,True,"[120.44146657851554, 2.41273113588431]",0.0,normal,0,80,5.6165968999266624e-05
meta_llama_llama_4_scout_17b_16e_instruct,GA_FIXED,bmi_category,normal,17,True,True,"[140.26002326904705, 2.40967661524558]",0.0,normal,0,80,5.562498699873686e-05
meta_llama_llama_4_scout_17b_16e_instruct,GA_FIXED,bmi_category,normal,18,True,True,"[103.17477685590185, 2.218724596919527]",0.0,normal,0,80,5.583302117884159e-05
meta_llama_llama_4_scout_17b_16e_instruct,GA_FIXED,bmi_category,normal,19,True,True,"[26.728503852661984, 1.1357186323365536]",0.0,normal,0,80,5.820801015943289e-05
meta_llama_llama_4_scout_17b_16e_instruct,GA_FIXED,bmi_category,normal,20,True,True,"[117.69719925097831, 2.452123140012243]",0.0,normal,0,80,5.566701292991638e-05
meta_llama_llama_4_scout_17b_16e_instruct,GA_FIXED,bmi_category,normal,21,True,True,"[51.28154397156049, 1.4959657830633537]",0.0,normal,0,80,5.6124990805983543e-05
meta_llama_llama_4_scout_17b_16e_instruct,GA_FIXED,bmi_category,normal,22,True,True,"[70.82862228907388, 1.7538940790277815]",0.0,normal,0,80,5.566701292991638e-05
meta_llama_llama_4_scout_17b_16e_instruct,GA_FIXED,bmi_category,normal,23,True,True,"[133.63642365354883, 2.395626932886308]",0.0,normal,0,80,5.52500132471323e-05
meta_llama_llama_4_scout_17b_16e_instruct,GA_FIXED,bmi_category,normal,24,True,True,"[101.84635149007875, 2.260061165414033]",0.0,normal,0,80,5.579099524766207e-05
meta_llama_llama_4_scout_17b_16e_instruct,GA_FIXED,bmi_category,normal,25,True,True,"[150.8483336096657, 2.4764337857558485]",0.0,normal,0,80,5.5416952818632126e-05
meta_llama_llama_4_scout_17b_16e_instruct,GA_FIXED,bmi_category,normal,26,True,True,"[29.47567404668449, 1.09608182984428]",0.0,normal,0,80,5.562498699873686e-05
meta_llama_llama_4_scout_17b_16e_instruct,GA_FIXED,bmi_category,normal,27,True,True,"[111.96376831420228, 2.4354417760645606]",0.0,normal,0,80,5.5750017054378986e-05
meta_llama_llama_4_scout_17b_16e_instruct,GA_FIXED,bmi_category,normal,28,True,True,"[115.31676982457118, 2.4890566808494743]",0.0,normal,0,80,5.587493069469929e-05
meta_llama_llama_4_scout_17b_16e_instruct,GA_FIXED,bmi_category,normal,29,True,True,"[89.36682503555515, 2.104359622364681]",0.0,normal,0,80,5.625002086162567e-05
meta_llama_llama_4_scout_17b_16e_instruct,GA_FIXED,bmi_category,obese,0,True,True,"[166.94136487562147, 1.640143701964709]",0.0,obese,0,80,5.5750017054378986e-05
meta_llama_llama_4_scout_17b_16e_instruct,GA_FIXED,bmi_category,obese,1,True,True,"[106.15324401446676, 1.2133072437662096]",0.0,obese,0,80,5.462497938424349e-05
meta_llama_llama_4_scout_17b_16e_instruct,GA_FIXED,bmi_category,obese,2,True,True,"[157.99509945926567, 1.6852993509771368]",0.0,obese,0,80,5.516607780009508e-05
meta_llama_llama_4_scout_17b_16e_instruct,GA_FIXED,bmi_category,obese,3,True,True,"[133.62510879754376, 1.4811377326711392]",0.0,obese,0,80,5.466700531542301e-05
meta_llama_llama_4_scout_17b_16e_instruct,GA_FIXED,bmi_category,obese,4,True,True,"[105.51245886548371, 1.6541668039314097]",0.0,obese,0,80,5.504197906702757e-05
meta_llama_llama_4_scout_17b_16e_instruct,GA_FIXED,bmi_category,obese,5,True,True,"[190.39381710607285, 1.3089679902257068]",0.0,obese,0,80,5.4750009439885616e-05
meta_llama_llama_4_scout_17b_16e_instruct,GA_FIXED,bmi_category,obese,6,True,True,"[143.09310399167657, 1.1831804795381697]",0.0,obese,0,80,5.470809992402792e-05
meta_llama_llama_4_scout_17b_16e_instruct,GA_FIXED,bmi_category,obese,7,True,True,"[184.37833258256845, 1.7631594519991913]",0.0,obese,0,80,5.537504330277443e-05
meta_llama_llama_4_scout_17b_16e_instruct,GA_FIXED,bmi_category,obese,8,True,True,"[154.33257308271462, 1.0879155704835326]",0.0,obese,0,80,5.51670091226697e-05
meta_llama_llama_4_scout_17b_16e_instruct,GA_FIXED,bmi_category,obese,9,True,True,"[106.4070106355873, 1.649978614043456]",0.0,obese,0,80,5.600007716566324e-05
meta_llama_llama_4_scout_17b_16e_instruct,GA_FIXED,bmi_category,obese,10,True,True,"[65.42703796177241, 1.019606420157059]",0.0,obese,0,80,5.52500132471323e-05
meta_llama_llama_4_scout_17b_16e_instruct,GA_FIXED,bmi_category,obese,11,True,True,"[105.36589617689161, 1.2276735888151942]",0.0,obese,0,80,5.537504330277443e-05
meta_llama_llama_4_scout_17b_16e_instruct,GA_FIXED,bmi_category,obese,12,True,True,"[79.65822198450049, 1.5283823850514544]",0.0,obese,0,80,5.5999960750341415e-05
meta_llama_llama_4_scout_17b_16e_instruct,GA_FIXED,bmi_category,obese,13,True,True,"[77.91729183591801, 1.2754539209306357]",0.0,obese,0,80,5.504197906702757e-05
meta_llama_llama_4_scout_17b_16e_instruct,GA_FIXED,bmi_category,obese,14,True,True,"[197.80983470467433, 2.4967370125234987]",0.0,obese,0,80,5.791592411696911e-05
meta_llama_llama_4_scout_17b_16e_instruct,GA_FIXED,bmi_category,obese,15,True,True,"[91.68854645806351, 1.162571578825752]",0.0,obese,0,80,5.554093513637781e-05
meta_llama_llama_4_scout_17b_16e_instruct,GA_FIXED,bmi_category,obese,16,True,True,"[157.92838947986627, 1.4563039472831045]",0.0,obese,0,80,5.4458039812743664e-05
meta_llama_llama_4_scout_17b_16e_instruct,GA_FIXED,bmi_category,obese,17,True,True,"[188.85371858401163, 2.0422903430969153]",0.0,obese,0,80,5.533406510949135e-05
meta_llama_llama_4_scout_17b_16e_instruct,GA_FIXED,bmi_category,obese,18,True,True,"[144.08697113435318, 1.0828695256941605]",0.0,obese,0,80,5.5249896831810474e-05
meta_llama_llama_4_scout_17b_16e_instruct,GA_FIXED,bmi_category,obese,19,True,True,"[145.15798058641877, 1.779315580313814]",0.0,obese,0,80,5.508400499820709e-05
meta_llama_llama_4_scout_17b_16e_instruct,GA_FIXED,bmi_category,obese,20,True,True,"[126.57731256768405, 1.1234880173921395]",0.0,obese,0,80,5.549995694309473e-05
meta_llama_llama_4_scout_17b_16e_instruct,GA_FIXED,bmi_category,obese,21,True,True,"[70.68957162720389, 1.5264615000948896]",0.0,obese,0,80,5.52500132471323e-05
meta_llama_llama_4_scout_17b_16e_instruct,GA_FIXED,bmi_category,obese,22,True,True,"[163.5690510040971, 1.192908677660815]",0.0,obese,0,80,5.5333017371594906e-05
meta_llama_llama_4_scout_17b_16e_instruct,GA_FIXED,bmi_category,obese,23,True,True,"[175.7009454044723, 1.3712481480641114]",0.0,obese,0,80,5.529099144041538e-05
meta_llama_llama_4_scout_17b_16e_instruct,GA_FIXED,bmi_category,obese,24,True,True,"[51.612102325674236, 1.1385062889515805]",0.0,obese,0,80,5.495897494256496e-05
meta_llama_llama_4_scout_17b_16e_instruct,GA_FIXED,bmi_category,obese,25,True,True,"[64.39345380378225, 1.1197904584738665]",0.0,obese,0,80,5.4999953135848045e-05
meta_llama_llama_4_scout_17b_16e_instruct,GA_FIXED,bmi_category,obese,26,True,True,"[175.9266154383425, 2.122896775598889]",0.0,obese,0,80,5.562498699873686e-05
meta_llama_llama_4_scout_17b_16e_instruct,GA_FIXED,bmi_category,obese,27,True,True,"[123.28438719062174, 1.0612035701884666]",0.0,obese,0,80,5.550007335841656e-05
meta_llama_llama_4_scout_17b_16e_instruct,GA_FIXED,bmi_category,obese,28,True,True,"[134.6912189692468, 1.9629566992951046]",0.0,obese,0,80,5.533406510949135e-05
meta_llama_llama_4_scout_17b_16e_instruct,GA_FIXED,bmi_category,obese,29,True,True,"[181.88486429977624, 2.3754283464836723]",0.0,obese,0,80,5.591602530330419e-05
meta_llama_llama_4_scout_17b_16e_instruct,GA_FIXED,bmi_category,overweight,0,True,True,"[162.61329108315368, 2.4724132869630515]",0.0,overweight,0,80,5.64999645575881e-05
meta_llama_llama_4_scout_17b_16e_instruct,GA_FIXED,bmi_category,overweight,1,True,True,"[129.6928279875358, 2.169288126020392]",0.0,overweight,0,80,5.675002466887235e-05
meta_llama_llama_4_scout_17b_16e_instruct,GA_FIXED,bmi_category,overweight,2,True,True,"[156.8658946281267, 2.459919704188642]",0.0,overweight,0,80,5.625002086162567e-05
meta_llama_llama_4_scout_17b_16e_instruct,GA_FIXED,bmi_category,overweight,3,True,True,"[125.79613294263054, 2.0997380955573073]",0.0,overweight,0,80,5.608308129012585e-05
meta_llama_llama_4_scout_17b_16e_instruct,GA_FIXED,bmi_category,overweight,4,True,True,"[150.82976371110948, 2.3339366873409135]",0.0,overweight,0,80,5.591695662587881e-05
meta_llama_llama_4_scout_17b_16e_instruct,GA_FIXED,bmi_category,overweight,5,True,True,"[93.54091204290664, 1.801309903750654]",0.0,overweight,0,80,5.633407272398472e-05
meta_llama_llama_4_scout_17b_16e_instruct,GA_FIXED,bmi_category,overweight,6,True,True,"[103.80443837298833, 1.971344134540848]",0.0,overweight,0,80,5.620892625302076e-05
meta_llama_llama_4_scout_17b_16e_instruct,GA_FIXED,bmi_category,overweight,7,True,True,"[72.86211580236527, 1.6427364773021138]",0.0,overweight,0,80,5.620799493044615e-05
meta_llama_llama_4_scout_17b_16e_instruct,GA_FIXED,bmi_category,overweight,8,True,True,"[42.31287718930394, 1.222014923378609]",0.0,overweight,0,80,5.6124990805983543e-05
meta_llama_llama_4_scout_17b_16e_instruct,GA_FIXED,bmi_category,overweight,9,True,True,"[159.81745972830723, 2.3405278285440065]",0.0,overweight,0,80,5.5999960750341415e-05
meta_llama_llama_4_scout_17b_16e_instruct,GA_FIXED,bmi_category,overweight,10,True,True,"[150.07841486898374, 2.414079901459836]",0.0,overweight,0,80,5.591602530330419e-05
meta_llama_llama_4_scout_17b_16e_instruct,GA_FIXED,bmi_category,overweight,11,True,True,"[84.77148121913007, 1.8400019245638375]",0.0,overweight,0,80,5.6124990805983543e-05
meta_llama_llama_4_scout_17b_16e_instruct,GA_FIXED,bmi_category,overweight,12,True,True,"[158.40420116080426, 2.4586427231099277]",0.0,overweight,0,80,5.6292046792805195e-05
meta_llama_llama_4_scout_17b_16e_instruct,GA_FIXED,bmi_category,overweight,13,True,True,"[119.53302180234263, 2.0925185999111187]",0.0,overweight,0,80,5.6124990805983543e-05
meta_llama_llama_4_scout_17b_16e_instruct,GA_FIXED,bmi_category,overweight,14,True,True,"[109.96132063044972, 2.0477077315903127]",0.0,overweight,0,80,5.608296487480402e-05
meta_llama_llama_4_scout_17b_16e_instruct,GA_FIXED,bmi_category,overweight,15,True,True,"[103.97920051555626, 2.0135936736878137]",0.0,overweight,0,80,5.64999645575881e-05
meta_llama_llama_4_scout_17b_16e_instruct,GA_FIXED,bmi_category,overweight,16,True,True,"[34.53705735646057, 1.131228351294855]",0.0,overweight,0,80,5.5999960750341415e-05
meta_llama_llama_4_scout_17b_16e_instruct,GA_FIXED,bmi_category,overweight,17,True,True,"[92.26602437040565, 1.8941713204634547]",0.0,overweight,0,80,5.587493069469929e-05
meta_llama_llama_4_scout_17b_16e_instruct,GA_FIXED,bmi_category,overweight,18,True,True,"[60.775864548156726, 1.5178967605958598]",0.0,overweight,0,80,5.650008097290993e-05
meta_llama_llama_4_scout_17b_16e_instruct,GA_FIXED,bmi_category,overweight,19,True,True,"[142.16101933774755, 2.2461350185157034]",0.0,overweight,0,80,5.637493450194597e-05
meta_llama_llama_4_scout_17b_16e_instruct,GA_FIXED,bmi_category,overweight,20,True,True,"[162.74537690101405, 2.3541926970770928]",0.0,overweight,0,80,5.64580550417304e-05
meta_llama_llama_4_scout_17b_16e_instruct,GA_FIXED,bmi_category,overweight,21,True,True,"[65.77057324384374, 1.6112766839411115]",0.0,overweight,0,80,5.625002086162567e-05
meta_llama_llama_4_scout_17b_16e_instruct,GA_FIXED,bmi_category,overweight,22,True,True,"[102.01861152118687, 1.8802291385380254]",0.0,overweight,0,80,5.6416960433125496e-05
meta_llama_llama_4_scout_17b_16e_instruct,GA_FIXED,bmi_category,overweight,23,True,True,"[63.50425567686052, 1.4988969204724936]",0.0,overweight,0,80,5.616701673716307e-05
meta_llama_llama_4_scout_17b_16e_instruct,GA_FIXED,bmi_category,overweight,24,True,True,"[108.3471863458613, 1.9943086148668607]",0.0,overweight,0,80,5.633302498608827e-05
meta_llama_llama_4_scout_17b_16e_instruct,GA_FIXED,bmi_category,overweight,25,True,True,"[53.09149598057165, 1.3670075428488244]",0.0,overweight,0,80,5.608401261270046e-05
meta_llama_llama_4_scout_17b_16e_instruct,GA_FIXED,bmi_category,overweight,26,True,True,"[160.6796381048933, 2.49036646750723]",0.0,overweight,0,80,5.645793862640858e-05
meta_llama_llama_4_scout_17b_16e_instruct,GA_FIXED,bmi_category,overweight,27,True,True,"[169.04271187756697, 2.4780625765869755]",0.0,overweight,0,80,5.6416960433125496e-05
meta_llama_llama_4_scout_17b_16e_instruct,GA_FIXED,bmi_category,overweight,28,True,True,"[103.65092379569421, 1.863405417261613]",0.0,overweight,0,80,5.64999645575881e-05
meta_llama_llama_4_scout_17b_16e_instruct,GA_FIXED,bmi_category,overweight,29,True,True,"[122.69168624958151, 2.1050853644910257]",0.0,overweight,0,80,5.6541990488767624e-05
meta_llama_llama_4_scout_17b_16e_instruct,GA_FIXED,bmi_category,underweight,0,True,True,"[73.88501350354362, 2.0297751781219726]",0.0,underweight,0,80,6.362493149936199e-05
meta_llama_llama_4_scout_17b_16e_instruct,GA_FIXED,bmi_category,underweight,1,True,True,"[57.18553611977506, 2.2706410369293586]",0.0,underweight,0,80,6.066600326448679e-05
meta_llama_llama_4_scout_17b_16e_instruct,GA_FIXED,bmi_category,underweight,2,True,True,"[39.535689735843064, 1.4888887909952115]",0.0,underweight,0,80,5.7582976296544075e-05
meta_llama_llama_4_scout_17b_16e_instruct,GA_FIXED,bmi_category,underweight,3,True,True,"[103.99446718163064, 2.430505318194343]",0.0,underweight,0,80,5.529099144041538e-05
meta_llama_llama_4_scout_17b_16e_instruct,GA_FIXED,bmi_category,underweight,4,True,True,"[42.40430539600939, 1.6224143389347356]",0.0,underweight,0,80,5.4750009439885616e-05
meta_llama_llama_4_scout_17b_16e_instruct,GA_FIXED,bmi_category,underweight,5,True,True,"[86.2005622085192, 2.383451951381778]",0.0,underweight,0,80,5.858310032635927e-05
meta_llama_llama_4_scout_17b_16e_instruct,GA_FIXED,bmi_category,underweight,6,True,True,"[79.55773400213188, 2.1493920852448314]",0.0,underweight,0,80,5.791697185486555e-05
meta_llama_llama_4_scout_17b_16e_instruct,GA_FIXED,bmi_category,underweight,7,True,True,"[38.08755463758463, 1.4690877688473218]",0.0,underweight,0,80,5.470798350870609e-05
meta_llama_llama_4_scout_17b_16e_instruct,GA_FIXED,bmi_category,underweight,8,True,True,"[39.93565578773024, 1.633379027553658]",0.0,underweight,0,80,5.720800254493952e-05
meta_llama_llama_4_scout_17b_16e_instruct,GA_FIXED,bmi_category,underweight,9,True,True,"[73.78937621375357, 2.2812290769564854]",0.0,underweight,0,80,5.570799112319946e-05
meta_llama_llama_4_scout_17b_16e_instruct,GA_FIXED,bmi_category,underweight,10,True,True,"[60.65486476467252, 1.9302630567916572]",0.0,underweight,0,80,5.708297248929739e-05
meta_llama_llama_4_scout_17b_16e_instruct,GA_FIXED,bmi_category,underweight,11,True,True,"[20.99269561292027, 1.3945110408168704]",0.0,underweight,0,80,5.7541998103260994e-05
meta_llama_llama_4_scout_17b_16e_instruct,GA_FIXED,bmi_category,underweight,12,True,True,"[39.715883699606934, 1.5637303697005813]",0.0,underweight,0,80,5.7541998103260994e-05
meta_llama_llama_4_scout_17b_16e_instruct,GA_FIXED,bmi_category,underweight,13,True,True,"[25.668232631800706, 1.5667712684946327]",0.0,underweight,0,80,5.837494973093271e-05
meta_llama_llama_4_scout_17b_16e_instruct,GA_FIXED,bmi_category,underweight,14,True,True,"[23.469977479091472, 2.0711009598453876]",0.0,underweight,0,80,5.450006574392319e-05
meta_llama_llama_4_scout_17b_16e_instruct,GA_FIXED,bmi_category,underweight,15,True,True,"[72.88164544352534, 2.2770487212782644]",0.0,underweight,0,80,5.4292031563818455e-05
meta_llama_llama_4_scout_17b_16e_instruct,GA_FIXED,bmi_category,underweight,16,True,True,"[61.44923166842189, 2.462199941940741]",0.0,underweight,0,80,5.52500132471323e-05
meta_llama_llama_4_scout_17b_16e_instruct,GA_FIXED,bmi_category,underweight,17,True,True,"[28.67209279594071, 2.1189690968207673]",0.0,underweight,0,80,5.754095036536455e-05
meta_llama_llama_4_scout_17b_16e_instruct,GA_FIXED,bmi_category,underweight,18,True,True,"[41.3750813670758, 2.415096610971954]",0.0,underweight,0,80,5.7416968047618866e-05
meta_llama_llama_4_scout_17b_16e_instruct,GA_FIXED,bmi_category,underweight,19,True,True,"[38.52105735572814, 1.4649818284316467]",0.0,underweight,0,80,5.4999953135848045e-05
meta_llama_llama_4_scout_17b_16e_instruct,GA_FIXED,bmi_category,underweight,20,True,True,"[47.473743959476465, 1.8456410064798827]",0.0,underweight,0,80,5.495792720466852e-05
meta_llama_llama_4_scout_17b_16e_instruct,GA_FIXED,bmi_category,underweight,21,True,True,"[34.1961414140802, 2.2216713968202635]",0.0,underweight,0,80,5.695794243365526e-05
meta_llama_llama_4_scout_17b_16e_instruct,GA_FIXED,bmi_category,underweight,22,True,True,"[37.81539266852284, 2.067108981401254]",0.0,underweight,0,80,5.449994932860136e-05
meta_llama_llama_4_scout_17b_16e_instruct,GA_FIXED,bmi_category,underweight,23,True,True,"[74.2918602926144, 2.2646282669216253]",0.0,underweight,0,80,5.450006574392319e-05
meta_llama_llama_4_scout_17b_16e_instruct,GA_FIXED,bmi_category,underweight,24,True,True,"[66.1951966065903, 2.450503888178037]",0.0,underweight,0,80,5.454209167510271e-05
meta_llama_llama_4_scout_17b_16e_instruct,GA_FIXED,bmi_category,underweight,25,True,True,"[30.06089492782804, 2.4259799350720197]",0.0,underweight,0,80,5.466595757752657e-05
meta_llama_llama_4_scout_17b_16e_instruct,GA_FIXED,bmi_category,underweight,26,True,True,"[20.233939656949957, 1.5881654924996598]",0.0,underweight,0,80,5.4458039812743664e-05
meta_llama_llama_4_scout_17b_16e_instruct,GA_FIXED,bmi_category,underweight,27,True,True,"[62.52181527117422, 1.982980829539624]",0.0,underweight,0,80,5.4875039495527744e-05
meta_llama_llama_4_scout_17b_16e_instruct,GA_FIXED,bmi_category,underweight,28,True,True,"[23.33456150724608, 1.5586849129518785]",0.0,underweight,0,80,5.825003609061241e-05
meta_llama_llama_4_scout_17b_16e_instruct,GA_FIXED,bmi_category,underweight,29,True,True,"[74.02235100352371, 2.340354724377258]",0.0,underweight,0,80,5.5040931329131126e-05
meta_llama_llama_4_scout_17b_16e_instruct,GA_FIXED,list_pattern,sorted_unique,0,True,True,"[[5, 8]]",0.0,sorted_unique,0,80,0.0001334170810878
meta_llama_llama_4_scout_17b_16e_instruct,GA_FIXED,list_pattern,sorted_unique,1,True,True,"[[8, 43]]",0.0,sorted_unique,0,80,0.0001274170354008
meta_llama_llama_4_scout_17b_16e_instruct,GA_FIXED,list_pattern,sorted_unique,2,True,True,"[[2, 64, 83, 96]]",0.0,sorted_unique,0,80,0.0001269580097869
meta_llama_llama_4_scout_17b_16e_instruct,GA_FIXED,list_pattern,sorted_unique,3,True,True,"[[-27, -25, 77]]",0.0,sorted_unique,0,80,0.0001214580843225
meta_llama_llama_4_scout_17b_16e_instruct,GA_FIXED,list_pattern,sorted_unique,4,True,True,"[[64, 99]]",0.0,sorted_unique,0,80,0.0001125410199165
meta_llama_llama_4_scout_17b_16e_instruct,GA_FIXED,list_pattern,sorted_unique,5,True,True,"[[-98, 18]]",0.0,sorted_unique,0,80,0.0001235830131918
meta_llama_llama_4_scout_17b_16e_instruct,GA_FIXED,list_pattern,sorted_unique,6,True,True,"[[-5, 51]]",0.0,sorted_unique,0,80,0.0001226669410243
meta_llama_llama_4_scout_17b_16e_instruct,GA_FIXED,list_pattern,sorted_unique,7,True,True,"[[-54, 8]]",0.0,sorted_unique,0,80,0.0001251670764759
meta_llama_llama_4_scout_17b_16e_instruct,GA_FIXED,list_pattern,sorted_unique,8,True,True,"[[-6, 81]]",0.0,sorted_unique,0,80,0.0001174580538645
meta_llama_llama_4_scout_17b_16e_instruct,GA_FIXED,list_pattern,sorted_unique,9,True,True,"[[-20, 69]]",0.0,sorted_unique,0,80,0.0001297080889344
meta_llama_llama_4_scout_17b_16e_instruct,GA_FIXED,list_pattern,sorted_unique,10,True,True,"[[-75, -1]]",0.0,sorted_unique,0,80,0.0001252079382538
meta_llama_llama_4_scout_17b_16e_instruct,GA_FIXED,list_pattern,sorted_unique,11,True,True,"[[20, 42]]",0.0,sorted_unique,0,80,0.0001361249014735
meta_llama_llama_4_scout_17b_16e_instruct,GA_FIXED,list_pattern,sorted_unique,12,True,True,"[[-75, -55]]",0.0,sorted_unique,0,80,0.0001231250353157
meta_llama_llama_4_scout_17b_16e_instruct,GA_FIXED,list_pattern,sorted_unique,13,True,True,"[[-15, 75]]",0.0,sorted_unique,0,80,0.0001260000281035
meta_llama_llama_4_scout_17b_16e_instruct,GA_FIXED,list_pattern,sorted_unique,14,True,True,"[[-73, -42]]",0.0,sorted_unique,0,80,0.0001320829614996
meta_llama_llama_4_scout_17b_16e_instruct,GA_FIXED,list_pattern,sorted_unique,15,True,True,"[[59, 93]]",0.0,sorted_unique,0,80,0.0001215410884469
meta_llama_llama_4_scout_17b_16e_instruct,GA_FIXED,list_pattern,sorted_unique,16,True,True,"[[-84, 90]]",0.0,sorted_unique,0,80,0.0001300839940086
meta_llama_llama_4_scout_17b_16e_instruct,GA_FIXED,list_pattern,sorted_unique,17,True,True,"[[-39, 13]]",0.0,sorted_unique,0,80,0.0001256250543519
meta_llama_llama_4_scout_17b_16e_instruct,GA_FIXED,list_pattern,sorted_unique,18,True,True,"[[-28, -9, 13]]",0.0,sorted_unique,0,80,0.0001227080356329
meta_llama_llama_4_scout_17b_16e_instruct,GA_FIXED,list_pattern,sorted_unique,19,True,True,"[[52, 57]]",0.0,sorted_unique,0,80,0.0001333330292254
meta_llama_llama_4_scout_17b_16e_instruct,GA_FIXED,list_pattern,sorted_unique,20,True,True,"[[-58, -37, 62]]",0.0,sorted_unique,0,80,0.0001348329242318
meta_llama_llama_4_scout_17b_16e_instruct,GA_FIXED,list_pattern,sorted_unique,21,True,True,"[[0, 35, 96]]",0.0,sorted_unique,0,80,0.0001303330063819
meta_llama_llama_4_scout_17b_16e_instruct,GA_FIXED,list_pattern,sorted_unique,22,True,True,"[[-36, 17]]",0.0,sorted_unique,0,80,0.0001232080394402
meta_llama_llama_4_scout_17b_16e_instruct,GA_FIXED,list_pattern,sorted_unique,23,True,True,"[[-60, 99]]",0.0,sorted_unique,0,80,0.0001274580135941
meta_llama_llama_4_scout_17b_16e_instruct,GA_FIXED,list_pattern,sorted_unique,24,True,True,"[[21, 36, 80]]",0.0,sorted_unique,0,80,0.0001202919520437
meta_llama_llama_4_scout_17b_16e_instruct,GA_FIXED,list_pattern,sorted_unique,25,True,True,"[[-54, -53, -42, 100]]",0.0,sorted_unique,0,80,0.0001247919863089
meta_llama_llama_4_scout_17b_16e_instruct,GA_FIXED,list_pattern,sorted_unique,26,True,True,"[[-51, 99]]",0.0,sorted_unique,0,80,0.0001304170582443
meta_llama_llama_4_scout_17b_16e_instruct,GA_FIXED,list_pattern,sorted_unique,27,True,True,"[[-69, 50, 99]]",0.0,sorted_unique,0,80,0.0001247919863089
meta_llama_llama_4_scout_17b_16e_instruct,GA_FIXED,list_pattern,sorted_unique,28,True,True,"[[61, 96]]",0.0,sorted_unique,0,80,0.0001155840000137
meta_llama_llama_4_scout_17b_16e_instruct,GA_FIXED,list_pattern,sorted_unique,29,True,True,"[[-83, 64]]",0.0,sorted_unique,0,80,0.0001216669334098
meta_llama_llama_4_scout_17b_16e_instruct,GA_FIXED,list_pattern,sorted_with_duplicates,0,True,True,"[[-49, -49, -45, -44]]",0.0,sorted_with_duplicates,38,3120,0.0154110000003129
meta_llama_llama_4_scout_17b_16e_instruct,GA_FIXED,list_pattern,sorted_with_duplicates,1,True,True,"[[-53, 96, 96]]",0.0,sorted_with_duplicates,0,80,0.0001253329683095
meta_llama_llama_4_scout_17b_16e_instruct,GA_FIXED,list_pattern,sorted_with_duplicates,2,True,True,"[[-17, 75, 75]]",0.0,sorted_with_duplicates,0,80,0.0001302079763263
meta_llama_llama_4_scout_17b_16e_instruct,GA_FIXED,list_pattern,sorted_with_duplicates,3,True,True,"[[-88, -88, -17, -5]]",0.0,sorted_with_duplicates,17,1440,0.0078957499936223
meta_llama_llama_4_scout_17b_16e_instruct,GA_FIXED,list_pattern,sorted_with_duplicates,4,True,True,"[[-80, -66, -14, 57, 57]]",0.0,sorted_with_duplicates,72,5840,0.0308829579735174
meta_llama_llama_4_scout_17b_16e_instruct,GA_FIXED,list_pattern,sorted_with_duplicates,5,True,True,"[[-49, -49]]",0.0,sorted_with_duplicates,23,1920,0.0095299170352518
meta_llama_llama_4_scout_17b_16e_instruct,GA_FIXED,list_pattern,sorted_with_duplicates,6,False,False,"[[5, -49, 64, -12, -88]]",1.0,,0,8080,0.045811083051376
meta_llama_llama_4_scout_17b_16e_instruct,GA_FIXED,list_pattern,sorted_with_duplicates,7,True,True,"[[-91, -91]]",0.0,sorted_with_duplicates,6,560,0.0027220830088481
meta_llama_llama_4_scout_17b_16e_instruct,GA_FIXED,list_pattern,sorted_with_duplicates,8,True,True,"[[-77, -77]]",0.0,sorted_with_duplicates,3,320,0.0014395000180229
meta_llama_llama_4_scout_17b_16e_instruct,GA_FIXED,list_pattern,sorted_with_duplicates,9,True,True,"[[56, 56]]",0.0,sorted_with_duplicates,43,3520,0.0181240420788526
meta_llama_llama_4_scout_17b_16e_instruct,GA_FIXED,list_pattern,sorted_with_duplicates,10,True,True,"[[-60, 29, 29]]",0.0,sorted_with_duplicates,0,80,0.0001310830703005
meta_llama_llama_4_scout_17b_16e_instruct,GA_FIXED,list_pattern,sorted_with_duplicates,11,True,True,"[[-9, -9]]",0.0,sorted_with_duplicates,44,3600,0.0189457079395651
meta_llama_llama_4_scout_17b_16e_instruct,GA_FIXED,list_pattern,sorted_with_duplicates,12,True,True,"[[1, 1]]",0.0,sorted_with_duplicates,19,1600,0.0078154169023036
meta_llama_llama_4_scout_17b_16e_instruct,GA_FIXED,list_pattern,sorted_with_duplicates,13,True,True,"[[25, 25]]",0.0,sorted_with_duplicates,51,4160,0.02085366693791
meta_llama_llama_4_scout_17b_16e_instruct,GA_FIXED,list_pattern,sorted_with_duplicates,14,True,True,"[[-82, -82]]",0.0,sorted_with_duplicates,0,80,0.0001374999992549
meta_llama_llama_4_scout_17b_16e_instruct,GA_FIXED,list_pattern,sorted_with_duplicates,15,True,True,"[[-50, -50, -47]]",0.0,sorted_with_duplicates,10,880,0.0043143749935552
meta_llama_llama_4_scout_17b_16e_instruct,GA_FIXED,list_pattern,sorted_with_duplicates,16,True,True,"[[25, 71, 85, 85]]",0.0,sorted_with_duplicates,20,1680,0.0084976670332252
meta_llama_llama_4_scout_17b_16e_instruct,GA_FIXED,list_pattern,sorted_with_duplicates,17,True,True,"[[27, 27]]",0.0,sorted_with_duplicates,34,2800,0.0140075830277055
meta_llama_llama_4_scout_17b_16e_instruct,GA_FIXED,list_pattern,sorted_with_duplicates,18,True,True,"[[48, 48]]",0.0,sorted_with_duplicates,26,2160,0.0105495000025257
meta_llama_llama_4_scout_17b_16e_instruct,GA_FIXED,list_pattern,sorted_with_duplicates,19,True,True,"[[-94, -91, -51, -51]]",0.0,sorted_with_duplicates,14,1200,0.0063376249745488
meta_llama_llama_4_scout_17b_16e_instruct,GA_FIXED,list_pattern,sorted_with_duplicates,20,True,True,"[[69, 69]]",0.0,sorted_with_duplicates,2,240,0.0009959579911082
meta_llama_llama_4_scout_17b_16e_instruct,GA_FIXED,list_pattern,sorted_with_duplicates,21,True,True,"[[85, 85]]",0.0,sorted_with_duplicates,68,5520,0.0288348339963704
meta_llama_llama_4_scout_17b_16e_instruct,GA_FIXED,list_pattern,sorted_with_duplicates,22,True,True,"[[-34, -34]]",0.0,sorted_with_duplicates,2,240,0.0009520420571789
meta_llama_llama_4_scout_17b_16e_instruct,GA_FIXED,list_pattern,sorted_with_duplicates,23,True,True,"[[-92, 58, 58]]",0.0,sorted_with_duplicates,41,3360,0.017528707976453
meta_llama_llama_4_scout_17b_16e_instruct,GA_FIXED,list_pattern,sorted_with_duplicates,24,True,True,"[[-82, 68, 68]]",0.0,sorted_with_duplicates,30,2480,0.0121995420195162
meta_llama_llama_4_scout_17b_16e_instruct,GA_FIXED,list_pattern,sorted_with_duplicates,25,True,True,"[[-98, -83, 16, 16, 42, 93]]",0.0,sorted_with_duplicates,0,80,0.0001296249683946
meta_llama_llama_4_scout_17b_16e_instruct,GA_FIXED,list_pattern,sorted_with_duplicates,26,True,True,"[[57, 57]]",0.0,sorted_with_duplicates,4,400,0.0019154170295223
meta_llama_llama_4_scout_17b_16e_instruct,GA_FIXED,list_pattern,sorted_with_duplicates,27,True,True,"[[6, 6]]",0.0,sorted_with_duplicates,68,5520,0.0296522920252755
meta_llama_llama_4_scout_17b_16e_instruct,GA_FIXED,list_pattern,sorted_with_duplicates,28,True,True,"[[-60, -60, 32]]",0.0,sorted_with_duplicates,26,2160,0.011110208928585
meta_llama_llama_4_scout_17b_16e_instruct,GA_FIXED,list_pattern,sorted_with_duplicates,29,True,True,"[[89, 89]]",0.0,sorted_with_duplicates,44,3600,0.0179497920908033
meta_llama_llama_4_scout_17b_16e_instruct,GA_FIXED,list_pattern,too_short,0,True,True,[[]],0.0,too_short,0,80,0.0001407910604029
meta_llama_llama_4_scout_17b_16e_instruct,GA_FIXED,list_pattern,too_short,1,True,True,[[29]],0.0,too_short,0,80,0.0001367919612675
meta_llama_llama_4_scout_17b_16e_instruct,GA_FIXED,list_pattern,too_short,2,True,True,[[]],0.0,too_short,0,80,0.0001330419909209
meta_llama_llama_4_scout_17b_16e_instruct,GA_FIXED,list_pattern,too_short,3,True,True,[[]],0.0,too_short,0,80,0.0001173329073935
meta_llama_llama_4_scout_17b_16e_instruct,GA_FIXED,list_pattern,too_short,4,True,True,[[]],0.0,too_short,0,80,0.0001733329845592
meta_llama_llama_4_scout_17b_16e_instruct,GA_FIXED,list_pattern,too_short,5,True,True,[[-30]],0.0,too_short,0,80,0.0001303330063819
meta_llama_llama_4_scout_17b_16e_instruct,GA_FIXED,list_pattern,too_short,6,True,True,[[]],0.0,too_short,0,80,0.0001269159838557
meta_llama_llama_4_scout_17b_16e_instruct,GA_FIXED,list_pattern,too_short,7,True,True,[[32]],0.0,too_short,0,80,0.0001260410062968
meta_llama_llama_4_scout_17b_16e_instruct,GA_FIXED,list_pattern,too_short,8,True,True,[[-52]],0.0,too_short,0,80,0.0001275000395253
meta_llama_llama_4_scout_17b_16e_instruct,GA_FIXED,list_pattern,too_short,9,True,True,[[19]],0.0,too_short,0,80,0.0001342080067843
meta_llama_llama_4_scout_17b_16e_instruct,GA_FIXED,list_pattern,too_short,10,True,True,[[]],0.0,too_short,0,80,0.0001297499984502
meta_llama_llama_4_scout_17b_16e_instruct,GA_FIXED,list_pattern,too_short,11,True,True,[[61]],0.0,too_short,0,80,0.0001217080280184
meta_llama_llama_4_scout_17b_16e_instruct,GA_FIXED,list_pattern,too_short,12,True,True,[[70]],0.0,too_short,0,80,0.000126542057842
meta_llama_llama_4_scout_17b_16e_instruct,GA_FIXED,list_pattern,too_short,13,True,True,[[]],0.0,too_short,0,80,0.0001350409584119
meta_llama_llama_4_scout_17b_16e_instruct,GA_FIXED,list_pattern,too_short,14,True,True,[[13]],0.0,too_short,0,80,0.0001269170315936
meta_llama_llama_4_scout_17b_16e_instruct,GA_FIXED,list_pattern,too_short,15,True,True,[[73]],0.0,too_short,0,80,0.0001380830071866
meta_llama_llama_4_scout_17b_16e_instruct,GA_FIXED,list_pattern,too_short,16,True,True,[[]],0.0,too_short,0,80,0.0001287499908357
meta_llama_llama_4_scout_17b_16e_instruct,GA_FIXED,list_pattern,too_short,17,True,True,[[-60]],0.0,too_short,0,80,0.000122542027384
meta_llama_llama_4_scout_17b_16e_instruct,GA_FIXED,list_pattern,too_short,18,True,True,[[]],0.0,too_short,0,80,0.0001266249455511
meta_llama_llama_4_scout_17b_16e_instruct,GA_FIXED,list_pattern,too_short,19,True,True,[[]],0.0,too_short,0,80,0.0001217919634655
meta_llama_llama_4_scout_17b_16e_instruct,GA_FIXED,list_pattern,too_short,20,True,True,[[]],0.0,too_short,0,80,0.0001327919308096
meta_llama_llama_4_scout_17b_16e_instruct,GA_FIXED,list_pattern,too_short,21,True,True,[[-93]],0.0,too_short,0,80,0.0001349590020254
meta_llama_llama_4_scout_17b_16e_instruct,GA_FIXED,list_pattern,too_short,22,True,True,[[]],0.0,too_short,0,80,0.000131250009872
meta_llama_llama_4_scout_17b_16e_instruct,GA_FIXED,list_pattern,too_short,23,True,True,[[]],0.0,too_short,0,80,0.0001304589677602
meta_llama_llama_4_scout_17b_16e_instruct,GA_FIXED,list_pattern,too_short,24,True,True,[[]],0.0,too_short,0,80,0.0001380830071866
meta_llama_llama_4_scout_17b_16e_instruct,GA_FIXED,list_pattern,too_short,25,True,True,[[]],0.0,too_short,0,80,0.0001235830131918
meta_llama_llama_4_scout_17b_16e_instruct,GA_FIXED,list_pattern,too_short,26,True,True,[[29]],0.0,too_short,0,80,0.0001290830550715
meta_llama_llama_4_scout_17b_16e_instruct,GA_FIXED,list_pattern,too_short,27,True,True,[[]],0.0,too_short,0,80,0.0001227910397574
meta_llama_llama_4_scout_17b_16e_instruct,GA_FIXED,list_pattern,too_short,28,True,True,[[17]],0.0,too_short,0,80,0.0001364580821245
meta_llama_llama_4_scout_17b_16e_instruct,GA_FIXED,list_pattern,too_short,29,True,True,[[]],0.0,too_short,0,80,0.0001235830131918
meta_llama_llama_4_scout_17b_16e_instruct,GA_FIXED,list_pattern,unsorted_unique,0,True,True,"[[14, -43, -9, -13, 74]]",0.0,unsorted_unique,0,80,0.0001296250848099
meta_llama_llama_4_scout_17b_16e_instruct,GA_FIXED,list_pattern,unsorted_unique,1,True,True,"[[94, -34]]",0.0,unsorted_unique,0,80,0.0001285000471398
meta_llama_llama_4_scout_17b_16e_instruct,GA_FIXED,list_pattern,unsorted_unique,2,True,True,"[[-53, 15, 79, 14]]",0.0,unsorted_unique,0,80,0.0001219999976456
meta_llama_llama_4_scout_17b_16e_instruct,GA_FIXED,list_pattern,unsorted_unique,3,True,True,"[[-25, -69, -94, -43, -77, -89]]",0.0,unsorted_unique,0,80,0.0001387089723721
meta_llama_llama_4_scout_17b_16e_instruct,GA_FIXED,list_pattern,unsorted_unique,4,True,True,"[[-89, 88, 21, 50, -53, 53]]",0.0,unsorted_unique,0,80,0.0001329160295426
meta_llama_llama_4_scout_17b_16e_instruct,GA_FIXED,list_pattern,unsorted_unique,5,True,True,"[[-20, -90, 20, 59, -51, 29]]",0.0,unsorted_unique,0,80,0.0001392089761793
meta_llama_llama_4_scout_17b_16e_instruct,GA_FIXED,list_pattern,unsorted_unique,6,True,True,"[[-6, 45, -18]]",0.0,unsorted_unique,0,80,0.00012208300177
meta_llama_llama_4_scout_17b_16e_instruct,GA_FIXED,list_pattern,unsorted_unique,7,True,True,"[[-44, 2, 40, -69]]",0.0,unsorted_unique,0,80,0.0001245409948751
meta_llama_llama_4_scout_17b_16e_instruct,GA_FIXED,list_pattern,unsorted_unique,8,True,True,"[[13, -93, -14, -52, 59, -84]]",0.0,unsorted_unique,0,80,0.000137957977131
meta_llama_llama_4_scout_17b_16e_instruct,GA_FIXED,list_pattern,unsorted_unique,9,True,True,"[[44, -73]]",0.0,unsorted_unique,0,80,0.0001268330961465
meta_llama_llama_4_scout_17b_16e_instruct,GA_FIXED,list_pattern,unsorted_unique,10,True,True,"[[76, -11]]",0.0,unsorted_unique,0,80,0.000124332960695
meta_llama_llama_4_scout_17b_16e_instruct,GA_FIXED,list_pattern,unsorted_unique,11,True,True,"[[6, 14, 63, -28]]",0.0,unsorted_unique,0,80,0.0001252919901162
meta_llama_llama_4_scout_17b_16e_instruct,GA_FIXED,list_pattern,unsorted_unique,12,True,True,"[[67, 45, 99]]",0.0,unsorted_unique,0,80,0.0001277920091524
meta_llama_llama_4_scout_17b_16e_instruct,GA_FIXED,list_pattern,unsorted_unique,13,True,True,"[[-14, -12, 82, 48]]",0.0,unsorted_unique,0,80,0.0001264589373022
meta_llama_llama_4_scout_17b_16e_instruct,GA_FIXED,list_pattern,unsorted_unique,14,True,True,"[[-53, -84, 45, -96, -51]]",0.0,unsorted_unique,0,80,0.0001323330216109
meta_llama_llama_4_scout_17b_16e_instruct,GA_FIXED,list_pattern,unsorted_unique,15,True,True,"[[32, 97, 11]]",0.0,unsorted_unique,0,80,0.0001271669752895
meta_llama_llama_4_scout_17b_16e_instruct,GA_FIXED,list_pattern,unsorted_unique,16,True,True,"[[24, 18]]",0.0,unsorted_unique,0,80,0.0001250829081982
meta_llama_llama_4_scout_17b_16e_instruct,GA_FIXED,list_pattern,unsorted_unique,17,True,True,"[[-63, -100, 73, 85, 67, -51]]",0.0,unsorted_unique,0,80,0.0001347080105915
meta_llama_llama_4_scout_17b_16e_instruct,GA_FIXED,list_pattern,unsorted_unique,18,True,True,"[[34, -83]]",0.0,unsorted_unique,0,80,0.0001255830284208
meta_llama_llama_4_scout_17b_16e_instruct,GA_FIXED,list_pattern,unsorted_unique,19,True,True,"[[13, 91, 94, 34]]",0.0,unsorted_unique,0,80,0.000119415926747
meta_llama_llama_4_scout_17b_16e_instruct,GA_FIXED,list_pattern,unsorted_unique,20,True,True,"[[65, 81, -62, 7, -84]]",0.0,unsorted_unique,0,80,0.0001286249607801
meta_llama_llama_4_scout_17b_16e_instruct,GA_FIXED,list_pattern,unsorted_unique,21,True,True,"[[23, -20, -89]]",0.0,unsorted_unique,0,80,0.0001239159610122
meta_llama_llama_4_scout_17b_16e_instruct,GA_FIXED,list_pattern,unsorted_unique,22,True,True,"[[19, -48, 95, 17, -49]]",0.0,unsorted_unique,0,80,0.0001264580059796
meta_llama_llama_4_scout_17b_16e_instruct,GA_FIXED,list_pattern,unsorted_unique,23,True,True,"[[99, 56, 88, 45, -75]]",0.0,unsorted_unique,0,80,0.0001349580707028
meta_llama_llama_4_scout_17b_16e_instruct,GA_FIXED,list_pattern,unsorted_unique,24,True,True,"[[-6, 17, -55]]",0.0,unsorted_unique,0,80,0.0001285829348489
meta_llama_llama_4_scout_17b_16e_instruct,GA_FIXED,list_pattern,unsorted_unique,25,True,True,"[[24, 26, -86, -57]]",0.0,unsorted_unique,0,80,0.0001153749180957
meta_llama_llama_4_scout_17b_16e_instruct,GA_FIXED,list_pattern,unsorted_unique,26,True,True,"[[64, 67, -16, -48]]",0.0,unsorted_unique,0,80,0.0001326660858467
meta_llama_llama_4_scout_17b_16e_instruct,GA_FIXED,list_pattern,unsorted_unique,27,True,True,"[[-76, -42, -84, 34]]",0.0,unsorted_unique,0,80,0.0001167089212685
meta_llama_llama_4_scout_17b_16e_instruct,GA_FIXED,list_pattern,unsorted_unique,28,True,True,"[[83, -11, 86]]",0.0,unsorted_unique,0,80,0.0001205409644171
meta_llama_llama_4_scout_17b_16e_instruct,GA_FIXED,list_pattern,unsorted_unique,29,True,True,"[[67, -65]]",0.0,unsorted_unique,0,80,0.0001239170087501
meta_llama_llama_4_scout_17b_16e_instruct,GA_FIXED,list_pattern,unsorted_with_duplicates,0,True,True,"[[88, -4, -68, -39, -68]]",0.0,unsorted_with_duplicates,0,80,0.0001308330101892
meta_llama_llama_4_scout_17b_16e_instruct,GA_FIXED,list_pattern,unsorted_with_duplicates,1,True,True,"[[59, 89, 29, 32, 14, 59]]",0.0,unsorted_with_duplicates,0,80,0.0001201250124722
meta_llama_llama_4_scout_17b_16e_instruct,GA_FIXED,list_pattern,unsorted_with_duplicates,2,True,True,"[[27, 29, 39, 97, 29, -75]]",0.0,unsorted_with_duplicates,0,80,0.0001173329073935
meta_llama_llama_4_scout_17b_16e_instruct,GA_FIXED,list_pattern,unsorted_with_duplicates,3,True,True,"[[33, 60, -37, -33, -15, -33]]",0.0,unsorted_with_duplicates,0,80,0.0001229579793289
meta_llama_llama_4_scout_17b_16e_instruct,GA_FIXED,list_pattern,unsorted_with_duplicates,4,True,True,"[[91, 7, -16, -87, 0, -87]]",0.0,unsorted_with_duplicates,0,80,0.0001298330025747
meta_llama_llama_4_scout_17b_16e_instruct,GA_FIXED,list_pattern,unsorted_with_duplicates,5,True,True,"[[-18, 46, -3, 32, 32, 33]]",0.0,unsorted_with_duplicates,0,80,0.0001271669752895
meta_llama_llama_4_scout_17b_16e_instruct,GA_FIXED,list_pattern,unsorted_with_duplicates,6,True,True,"[[-100, 80, 52, 52, 69]]",0.0,unsorted_with_duplicates,0,80,0.0001312079839408
meta_llama_llama_4_scout_17b_16e_instruct,GA_FIXED,list_pattern,unsorted_with_duplicates,7,True,True,"[[-90, 70, -90, 53, -89]]",0.0,unsorted_with_duplicates,0,80,0.0001277499832212
meta_llama_llama_4_scout_17b_16e_instruct,GA_FIXED,list_pattern,unsorted_with_duplicates,8,True,True,"[[-35, 10, 52, -34, 52]]",0.0,unsorted_with_duplicates,0,80,0.0001282501034438
meta_llama_llama_4_scout_17b_16e_instruct,GA_FIXED,list_pattern,unsorted_with_duplicates,9,True,True,"[[-23, -87, -15, 17, -68, -68]]",0.0,unsorted_with_duplicates,0,80,0.0001208330504596
meta_llama_llama_4_scout_17b_16e_instruct,GA_FIXED,list_pattern,unsorted_with_duplicates,10,True,True,"[[18, 6, 18]]",0.0,unsorted_with_duplicates,0,80,0.0001221670536324
meta_llama_llama_4_scout_17b_16e_instruct,GA_FIXED,list_pattern,unsorted_with_duplicates,11,True,True,"[[-58, -57, 53, -58]]",0.0,unsorted_with_duplicates,0,80,0.000129957916215
meta_llama_llama_4_scout_17b_16e_instruct,GA_FIXED,list_pattern,unsorted_with_duplicates,12,True,True,"[[48, 34, 34, 91, -100, -29]]",0.0,unsorted_with_duplicates,0,80,0.000120916054584
meta_llama_llama_4_scout_17b_16e_instruct,GA_FIXED,list_pattern,unsorted_with_duplicates,13,True,True,"[[-76, 12, 95, 94, 43, 43]]",0.0,unsorted_with_duplicates,0,80,0.0001235000090673
meta_llama_llama_4_scout_17b_16e_instruct,GA_FIXED,list_pattern,unsorted_with_duplicates,14,True,True,"[[83, -11, 74, 89, 83, -4]]",0.0,unsorted_with_duplicates,0,80,0.0001270830398425
meta_llama_llama_4_scout_17b_16e_instruct,GA_FIXED,list_pattern,unsorted_with_duplicates,15,True,True,"[[72, 58, 15, 89, 72, -3]]",0.0,unsorted_with_duplicates,0,80,0.0001268750056624
meta_llama_llama_4_scout_17b_16e_instruct,GA_FIXED,list_pattern,unsorted_with_duplicates,16,True,True,"[[-82, -10, -10, 66, -17]]",0.0,unsorted_with_duplicates,0,80,0.0001279580174013
meta_llama_llama_4_scout_17b_16e_instruct,GA_FIXED,list_pattern,unsorted_with_duplicates,17,True,True,"[[-85, -11, -83, -11, -39]]",0.0,unsorted_with_duplicates,0,80,0.0001364160561934
meta_llama_llama_4_scout_17b_16e_instruct,GA_FIXED,list_pattern,unsorted_with_duplicates,18,True,True,"[[42, 42, 80, -61, -12, 6]]",0.0,unsorted_with_duplicates,2,240,0.0010376670397818
meta_llama_llama_4_scout_17b_16e_instruct,GA_FIXED,list_pattern,unsorted_with_duplicates,19,True,True,"[[12, 12, -67, 18]]",0.0,unsorted_with_duplicates,0,80,0.0001308339415118
meta_llama_llama_4_scout_17b_16e_instruct,GA_FIXED,list_pattern,unsorted_with_duplicates,20,True,True,"[[52, -98, 25, 31, -23, 25]]",0.0,unsorted_with_duplicates,3,320,0.0013489160919561
meta_llama_llama_4_scout_17b_16e_instruct,GA_FIXED,list_pattern,unsorted_with_duplicates,21,True,True,"[[46, 86, -9, 60, -9, 42]]",0.0,unsorted_with_duplicates,7,640,0.0030981249874457
meta_llama_llama_4_scout_17b_16e_instruct,GA_FIXED,list_pattern,unsorted_with_duplicates,22,True,True,"[[46, -7, 68, -81, 46]]",0.0,unsorted_with_duplicates,0,80,0.0001326670171692
meta_llama_llama_4_scout_17b_16e_instruct,GA_FIXED,list_pattern,unsorted_with_duplicates,23,True,True,"[[88, 80, 24, 80, 78]]",0.0,unsorted_with_duplicates,0,80,0.0001268750056624
meta_llama_llama_4_scout_17b_16e_instruct,GA_FIXED,list_pattern,unsorted_with_duplicates,24,True,True,"[[63, 90, 90, -73, 31]]",0.0,unsorted_with_duplicates,0,80,0.0001229580957442
meta_llama_llama_4_scout_17b_16e_instruct,GA_FIXED,list_pattern,unsorted_with_duplicates,25,True,True,"[[58, 58, 42, 97]]",0.0,unsorted_with_duplicates,0,80,0.0001214999938383
meta_llama_llama_4_scout_17b_16e_instruct,GA_FIXED,list_pattern,unsorted_with_duplicates,26,True,True,"[[-56, -57, -56, -45, 73, 90]]",0.0,unsorted_with_duplicates,0,80,0.0001213749637827
meta_llama_llama_4_scout_17b_16e_instruct,GA_FIXED,list_pattern,unsorted_with_duplicates,27,True,True,"[[80, 80, 51, -96, 33]]",0.0,unsorted_with_duplicates,0,80,0.0001284580212086
meta_llama_llama_4_scout_17b_16e_instruct,GA_FIXED,list_pattern,unsorted_with_duplicates,28,True,True,"[[54, 54, -98, 30, -100]]",0.0,unsorted_with_duplicates,0,80,0.0001291249645873
meta_llama_llama_4_scout_17b_16e_instruct,GA_FIXED,list_pattern,unsorted_with_duplicates,29,True,True,"[[79, -99, -53, -53, 65, -79]]",0.0,unsorted_with_duplicates,0,80,0.0001367089571431
meta_llama_llama_4_scout_17b_16e_instruct,GA_FIXED,number_kind,even,0,True,True,[1690],0.0,even,0,80,5.9208949096500874e-05
meta_llama_llama_4_scout_17b_16e_instruct,GA_FIXED,number_kind,even,1,True,True,[2448],0.0,even,0,80,5.604105535894632e-05
meta_llama_llama_4_scout_17b_16e_instruct,GA_FIXED,number_kind,even,2,True,True,[-128],0.0,even,0,80,5.450006574392319e-05
meta_llama_llama_4_scout_17b_16e_instruct,GA_FIXED,number_kind,even,3,True,True,[1250],0.0,even,0,80,6.387499161064625e-05
meta_llama_llama_4_scout_17b_16e_instruct,GA_FIXED,number_kind,even,4,True,True,[1012],0.0,even,0,80,5.2666058763861656e-05
meta_llama_llama_4_scout_17b_16e_instruct,GA_FIXED,number_kind,even,5,True,True,[2090],0.0,even,0,80,5.420902743935585e-05
meta_llama_llama_4_scout_17b_16e_instruct,GA_FIXED,number_kind,even,6,True,True,[1380],0.0,even,0,80,5.462497938424349e-05
meta_llama_llama_4_scout_17b_16e_instruct,GA_FIXED,number_kind,even,7,True,True,[1108],0.0,even,0,80,5.458306986838579e-05
meta_llama_llama_4_scout_17b_16e_instruct,GA_FIXED,number_kind,even,8,True,True,[2662],0.0,even,0,80,5.537504330277443e-05
meta_llama_llama_4_scout_17b_16e_instruct,GA_FIXED,number_kind,even,9,True,True,[1084],0.0,even,0,80,5.200004670768976e-05
meta_llama_llama_4_scout_17b_16e_instruct,GA_FIXED,number_kind,even,10,True,True,[528],0.0,even,0,80,4.874996375292539e-05
meta_llama_llama_4_scout_17b_16e_instruct,GA_FIXED,number_kind,even,11,True,True,[84],0.0,even,0,80,4.470802377909422e-05
meta_llama_llama_4_scout_17b_16e_instruct,GA_FIXED,number_kind,even,12,True,True,[170],0.0,even,0,80,4.499999340623617e-05
meta_llama_llama_4_scout_17b_16e_instruct,GA_FIXED,number_kind,even,13,True,True,[1746],0.0,even,0,80,4.437495954334736e-05
meta_llama_llama_4_scout_17b_16e_instruct,GA_FIXED,number_kind,even,14,True,True,[394],0.0,even,0,80,4.4334097765386105e-05
meta_llama_llama_4_scout_17b_16e_instruct,GA_FIXED,number_kind,even,15,True,True,[-350],0.0,even,0,80,4.52499371021986e-05
meta_llama_llama_4_scout_17b_16e_instruct,GA_FIXED,number_kind,even,16,True,True,[1798],0.0,even,0,80,4.554202314466238e-05
meta_llama_llama_4_scout_17b_16e_instruct,GA_FIXED,number_kind,even,17,True,True,[2460],0.0,even,0,80,4.358403384685517e-05
meta_llama_llama_4_scout_17b_16e_instruct,GA_FIXED,number_kind,even,18,True,True,[584],0.0,even,0,80,4.700000863522291e-05
meta_llama_llama_4_scout_17b_16e_instruct,GA_FIXED,number_kind,even,19,True,True,[-426],0.0,even,0,80,4.7749956138432026e-05
meta_llama_llama_4_scout_17b_16e_instruct,GA_FIXED,number_kind,even,20,True,True,[256],0.0,even,0,80,4.658300895243883e-05
meta_llama_llama_4_scout_17b_16e_instruct,GA_FIXED,number_kind,even,21,True,True,[1676],0.0,even,0,80,4.6291970647871494e-05
meta_llama_llama_4_scout_17b_16e_instruct,GA_FIXED,number_kind,even,22,True,True,[892],0.0,even,0,80,4.720804281532765e-05
meta_llama_llama_4_scout_17b_16e_instruct,GA_FIXED,number_kind,even,23,True,True,[2172],0.0,even,0,80,4.641700070351362e-05
meta_llama_llama_4_scout_17b_16e_instruct,GA_FIXED,number_kind,even,24,True,True,[-150],0.0,even,0,80,4.737498238682747e-05
meta_llama_llama_4_scout_17b_16e_instruct,GA_FIXED,number_kind,even,25,True,True,[296],0.0,even,0,80,4.75000124424696e-05
meta_llama_llama_4_scout_17b_16e_instruct,GA_FIXED,number_kind,even,26,True,True,[316],0.0,even,0,80,4.7792098484933376e-05
meta_llama_llama_4_scout_17b_16e_instruct,GA_FIXED,number_kind,even,27,True,True,[694],0.0,even,0,80,4.724995233118534e-05
meta_llama_llama_4_scout_17b_16e_instruct,GA_FIXED,number_kind,even,28,True,True,[2758],0.0,even,0,80,4.741596058011055e-05
meta_llama_llama_4_scout_17b_16e_instruct,GA_FIXED,number_kind,even,29,True,True,[974],0.0,even,0,80,4.733307287096977e-05
meta_llama_llama_4_scout_17b_16e_instruct,GA_FIXED,number_kind,odd,0,True,True,[2493],0.0,odd,0,80,4.795799031853676e-05
meta_llama_llama_4_scout_17b_16e_instruct,GA_FIXED,number_kind,odd,1,True,True,[527],0.0,odd,0,80,4.775007255375385e-05
meta_llama_llama_4_scout_17b_16e_instruct,GA_FIXED,number_kind,odd,2,True,True,[2059],0.0,odd,0,80,4.737498238682747e-05
meta_llama_llama_4_scout_17b_16e_instruct,GA_FIXED,number_kind,odd,3,True,True,[405],0.0,odd,0,80,4.679104313254357e-05
meta_llama_llama_4_scout_17b_16e_instruct,GA_FIXED,number_kind,odd,4,True,True,[947],0.0,odd,0,80,4.7625042498111725e-05
meta_llama_llama_4_scout_17b_16e_instruct,GA_FIXED,number_kind,odd,5,True,True,[2669],0.0,odd,0,80,4.775007255375385e-05
meta_llama_llama_4_scout_17b_16e_instruct,GA_FIXED,number_kind,odd,6,True,True,[-461],0.0,odd,0,80,4.679197445511818e-05
meta_llama_llama_4_scout_17b_16e_instruct,GA_FIXED,number_kind,odd,7,True,True,[1923],0.0,odd,0,80,4.724995233118534e-05
meta_llama_llama_4_scout_17b_16e_instruct,GA_FIXED,number_kind,odd,8,True,True,[867],0.0,odd,0,80,4.712492227554321e-05
meta_llama_llama_4_scout_17b_16e_instruct,GA_FIXED,number_kind,odd,9,True,True,[2069],0.0,odd,0,80,4.620791878551245e-05
meta_llama_llama_4_scout_17b_16e_instruct,GA_FIXED,number_kind,odd,10,True,True,[161],0.0,odd,0,80,4.666601307690144e-05
meta_llama_llama_4_scout_17b_16e_instruct,GA_FIXED,number_kind,odd,11,True,True,[1395],0.0,odd,0,80,4.658300895243883e-05
meta_llama_llama_4_scout_17b_16e_instruct,GA_FIXED,number_kind,odd,12,True,True,[1711],0.0,odd,0,80,4.666694439947605e-05
meta_llama_llama_4_scout_17b_16e_instruct,GA_FIXED,number_kind,odd,13,True,True,[1351],0.0,odd,0,80,4.766706842929125e-05
meta_llama_llama_4_scout_17b_16e_instruct,GA_FIXED,number_kind,odd,14,True,True,[203],0.0,odd,0,80,4.600000102072954e-05
meta_llama_llama_4_scout_17b_16e_instruct,GA_FIXED,number_kind,odd,15,True,True,[2109],0.0,odd,0,80,4.741607699543238e-05
meta_llama_llama_4_scout_17b_16e_instruct,GA_FIXED,number_kind,odd,16,True,True,[-467],0.0,odd,0,80,4.7291978262364864e-05
meta_llama_llama_4_scout_17b_16e_instruct,GA_FIXED,number_kind,odd,17,True,True,[2711],0.0,odd,0,80,4.75000124424696e-05
meta_llama_llama_4_scout_17b_16e_instruct,GA_FIXED,number_kind,odd,18,True,True,[2173],0.0,odd,0,80,4.691607318818569e-05
meta_llama_llama_4_scout_17b_16e_instruct,GA_FIXED,number_kind,odd,19,True,True,[419],0.0,odd,0,80,4.704098682850599e-05
meta_llama_llama_4_scout_17b_16e_instruct,GA_FIXED,number_kind,odd,20,True,True,[2509],0.0,odd,0,80,4.7291978262364864e-05
meta_llama_llama_4_scout_17b_16e_instruct,GA_FIXED,number_kind,odd,21,True,True,[2235],0.0,odd,0,80,4.683306906372309e-05
meta_llama_llama_4_scout_17b_16e_instruct,GA_FIXED,number_kind,odd,22,True,True,[1235],0.0,odd,0,80,4.724995233118534e-05
meta_llama_llama_4_scout_17b_16e_instruct,GA_FIXED,number_kind,odd,23,True,True,[21],0.0,odd,0,80,4.74581029266119e-05
meta_llama_llama_4_scout_17b_16e_instruct,GA_FIXED,number_kind,odd,24,True,True,[1291],0.0,odd,0,80,4.758406430482864e-05
meta_llama_llama_4_scout_17b_16e_instruct,GA_FIXED,number_kind,odd,25,True,True,[303],0.0,odd,0,80,4.720897413790226e-05
meta_llama_llama_4_scout_17b_16e_instruct,GA_FIXED,number_kind,odd,26,True,True,[1695],0.0,odd,0,80,4.666694439947605e-05
meta_llama_llama_4_scout_17b_16e_instruct,GA_FIXED,number_kind,odd,27,True,True,[2781],0.0,odd,0,80,4.8083020374178886e-05
meta_llama_llama_4_scout_17b_16e_instruct,GA_FIXED,number_kind,odd,28,True,True,[1371],0.0,odd,0,80,4.754099063575268e-05
meta_llama_llama_4_scout_17b_16e_instruct,GA_FIXED,number_kind,odd,29,True,True,[253],0.0,odd,0,80,4.7332956455647945e-05
meta_llama_llama_4_scout_17b_16e_instruct,GA_FIXED,number_kind,zero,0,True,True,[0],0.0,zero,4,400,0.0012845420278608
meta_llama_llama_4_scout_17b_16e_instruct,GA_FIXED,number_kind,zero,1,True,True,[0],0.0,zero,4,400,0.0012713329633697
meta_llama_llama_4_scout_17b_16e_instruct,GA_FIXED,number_kind,zero,2,True,True,[0],0.0,zero,8,720,0.0024889159249141
meta_llama_llama_4_scout_17b_16e_instruct,GA_FIXED,number_kind,zero,3,True,True,[0],0.0,zero,16,1360,0.0048650000244379
meta_llama_llama_4_scout_17b_16e_instruct,GA_FIXED,number_kind,zero,4,True,True,[0],0.0,zero,10,880,0.0030927920015528
meta_llama_llama_4_scout_17b_16e_instruct,GA_FIXED,number_kind,zero,5,True,True,[0],0.0,zero,8,720,0.0024737920612096
meta_llama_llama_4_scout_17b_16e_instruct,GA_FIXED,number_kind,zero,6,True,True,[0],0.0,zero,8,720,0.0024943749886006
meta_llama_llama_4_scout_17b_16e_instruct,GA_FIXED,number_kind,zero,7,True,True,[0],0.0,zero,5,480,0.0016046250239014
meta_llama_llama_4_scout_17b_16e_instruct,GA_FIXED,number_kind,zero,8,True,True,[0],0.0,zero,13,1120,0.0039830419700592
meta_llama_llama_4_scout_17b_16e_instruct,GA_FIXED,number_kind,zero,9,True,True,[0],0.0,zero,9,800,0.0027754999464377
meta_llama_llama_4_scout_17b_16e_instruct,GA_FIXED,number_kind,zero,10,True,True,[0],0.0,zero,9,800,0.002793165971525
meta_llama_llama_4_scout_17b_16e_instruct,GA_FIXED,number_kind,zero,11,True,True,[0],0.0,zero,5,480,0.0016136249760165
meta_llama_llama_4_scout_17b_16e_instruct,GA_FIXED,number_kind,zero,12,True,True,[0],0.0,zero,7,640,0.0021524170879274
meta_llama_llama_4_scout_17b_16e_instruct,GA_FIXED,number_kind,zero,13,True,True,[0],0.0,zero,4,400,0.0012718749931082
meta_llama_llama_4_scout_17b_16e_instruct,GA_FIXED,number_kind,zero,14,True,True,[0],0.0,zero,8,720,0.0024786660214886
meta_llama_llama_4_scout_17b_16e_instruct,GA_FIXED,number_kind,zero,15,True,True,[0],0.0,zero,3,320,0.0009642919758334
meta_llama_llama_4_scout_17b_16e_instruct,GA_FIXED,number_kind,zero,16,True,True,[0],0.0,zero,8,720,0.0024779579835012
meta_llama_llama_4_scout_17b_16e_instruct,GA_FIXED,number_kind,zero,17,True,True,[0],0.0,zero,8,720,0.002460875082761
meta_llama_llama_4_scout_17b_16e_instruct,GA_FIXED,number_kind,zero,18,True,True,[0],0.0,zero,2,240,0.0006609160918742
meta_llama_llama_4_scout_17b_16e_instruct,GA_FIXED,number_kind,zero,19,True,True,[0],0.0,zero,5,480,0.0015786669682711
meta_llama_llama_4_scout_17b_16e_instruct,GA_FIXED,number_kind,zero,20,True,True,[0],0.0,zero,13,1120,0.0039388330187648
meta_llama_llama_4_scout_17b_16e_instruct,GA_FIXED,number_kind,zero,21,True,True,[0],0.0,zero,8,720,0.0024582500336691
meta_llama_llama_4_scout_17b_16e_instruct,GA_FIXED,number_kind,zero,22,True,True,[0],0.0,zero,9,800,0.0027870419435203
meta_llama_llama_4_scout_17b_16e_instruct,GA_FIXED,number_kind,zero,23,True,True,[0],0.0,zero,20,1680,0.0063893750775605
meta_llama_llama_4_scout_17b_16e_instruct,GA_FIXED,number_kind,zero,24,True,True,[0],0.0,zero,13,1120,0.0040662500541657
meta_llama_llama_4_scout_17b_16e_instruct,GA_FIXED,number_kind,zero,25,True,True,[0],0.0,zero,13,1120,0.0040149169508367
meta_llama_llama_4_scout_17b_16e_instruct,GA_FIXED,number_kind,zero,26,True,True,[0],0.0,zero,4,400,0.0012983329361304
meta_llama_llama_4_scout_17b_16e_instruct,GA_FIXED,number_kind,zero,27,True,True,[0],0.0,zero,9,800,0.0027810001047328
meta_llama_llama_4_scout_17b_16e_instruct,GA_FIXED,number_kind,zero,28,True,True,[0],0.0,zero,13,1120,0.0040525409858673
meta_llama_llama_4_scout_17b_16e_instruct,GA_FIXED,number_kind,zero,29,True,True,[0],0.0,zero,7,640,0.0021382080158218
meta_llama_llama_4_scout_17b_16e_instruct,GA_FIXED,pin_pattern,all_same,0,True,True,"[-84, -229, 2596, -84]",0.0,all_same,3,320,0.0014518749667331
meta_llama_llama_4_scout_17b_16e_instruct,GA_FIXED,pin_pattern,all_same,1,True,True,"[1641, 242, 1641, 589]",0.0,all_same,3,320,0.00143508403562
meta_llama_llama_4_scout_17b_16e_instruct,GA_FIXED,pin_pattern,all_same,2,True,True,"[2553, 693, 278, 2553]",0.0,all_same,3,320,0.0014296249719336
meta_llama_llama_4_scout_17b_16e_instruct,GA_FIXED,pin_pattern,all_same,3,True,True,"[171, 171, 1872, 859]",0.0,all_same,8,720,0.0035890409490093
meta_llama_llama_4_scout_17b_16e_instruct,GA_FIXED,pin_pattern,all_same,4,True,True,"[2163, 2293, 2163, 1097]",0.0,all_same,5,480,0.0023096249205991
meta_llama_llama_4_scout_17b_16e_instruct,GA_FIXED,pin_pattern,all_same,5,True,True,"[156, 156, 1484, 1453]",0.0,all_same,7,640,0.0032083340920507
meta_llama_llama_4_scout_17b_16e_instruct,GA_FIXED,pin_pattern,all_same,6,True,True,"[1231, 1231, 1201, 1702]",0.0,all_same,0,80,0.0001236669486388
meta_llama_llama_4_scout_17b_16e_instruct,GA_FIXED,pin_pattern,all_same,7,True,True,"[-79, -77, 310, -79]",0.0,all_same,5,480,0.002304624998942
meta_llama_llama_4_scout_17b_16e_instruct,GA_FIXED,pin_pattern,all_same,8,True,True,"[553, 553, 2921, 2420]",0.0,all_same,2,240,0.0010024160146713
meta_llama_llama_4_scout_17b_16e_instruct,GA_FIXED,pin_pattern,all_same,9,True,True,"[90, 90, 1277, 2955]",0.0,all_same,5,480,0.0023040419910103
meta_llama_llama_4_scout_17b_16e_instruct,GA_FIXED,pin_pattern,all_same,10,True,True,"[671, 671, 1370, 2623]",0.0,all_same,4,400,0.0018919999711215
meta_llama_llama_4_scout_17b_16e_instruct,GA_FIXED,pin_pattern,all_same,11,True,True,"[-131, 2945, 1064, -131]",0.0,all_same,7,640,0.0031597500201314
meta_llama_llama_4_scout_17b_16e_instruct,GA_FIXED,pin_pattern,all_same,12,True,True,"[1151, 1151, 2312, 2139]",0.0,all_same,7,640,0.0031621670350432
meta_llama_llama_4_scout_17b_16e_instruct,GA_FIXED,pin_pattern,all_same,13,True,True,"[2347, -208, 2347, 2654]",0.0,all_same,3,320,0.0014264580095186
meta_llama_llama_4_scout_17b_16e_instruct,GA_FIXED,pin_pattern,all_same,14,True,True,"[-67, -67, 2686, -225]",0.0,all_same,0,80,0.0001312920358031
meta_llama_llama_4_scout_17b_16e_instruct,GA_FIXED,pin_pattern,all_same,15,True,True,"[680, 1562, 680, 2899]",0.0,all_same,5,480,0.0023421659134328
meta_llama_llama_4_scout_17b_16e_instruct,GA_FIXED,pin_pattern,all_same,16,True,True,"[2867, 2067, 357, 2867]",0.0,all_same,4,400,0.0018610830884426
meta_llama_llama_4_scout_17b_16e_instruct,GA_FIXED,pin_pattern,all_same,17,True,True,"[1652, 1488, 1972, 1652]",0.0,all_same,0,80,0.0001243749866262
meta_llama_llama_4_scout_17b_16e_instruct,GA_FIXED,pin_pattern,all_same,18,True,True,"[2247, 2247, 1767, 2416]",0.0,all_same,4,400,0.0018655000021681
meta_llama_llama_4_scout_17b_16e_instruct,GA_FIXED,pin_pattern,all_same,19,True,True,"[1344, 1344, 775, 1308]",0.0,all_same,6,560,0.0027518339920789
meta_llama_llama_4_scout_17b_16e_instruct,GA_FIXED,pin_pattern,all_same,20,True,True,"[1206, 1206, 766, 1079]",0.0,all_same,2,240,0.0009958749869838
meta_llama_llama_4_scout_17b_16e_instruct,GA_FIXED,pin_pattern,all_same,21,True,True,"[2451, -263, 2451, 1709]",0.0,all_same,2,240,0.0009870000649243
meta_llama_llama_4_scout_17b_16e_instruct,GA_FIXED,pin_pattern,all_same,22,True,True,"[1142, 1142, 1814, 964]",0.0,all_same,5,480,0.002300375024788
meta_llama_llama_4_scout_17b_16e_instruct,GA_FIXED,pin_pattern,all_same,23,True,True,"[1506, 1506, 1043, -211]",0.0,all_same,4,400,0.0018613750580698
meta_llama_llama_4_scout_17b_16e_instruct,GA_FIXED,pin_pattern,all_same,24,True,True,"[2330, 2047, 2330, 767]",0.0,all_same,3,320,0.0014346659881994
meta_llama_llama_4_scout_17b_16e_instruct,GA_FIXED,pin_pattern,all_same,25,True,True,"[2559, 2559, 1696, 45]",0.0,all_same,4,400,0.0018700839718803
meta_llama_llama_4_scout_17b_16e_instruct,GA_FIXED,pin_pattern,all_same,26,True,True,"[-320, 1291, -480, -320]",0.0,all_same,0,80,0.0001198750687763
meta_llama_llama_4_scout_17b_16e_instruct,GA_FIXED,pin_pattern,all_same,27,True,True,"[1919, 1118, 1894, 1919]",0.0,all_same,5,480,0.0023294170387089
meta_llama_llama_4_scout_17b_16e_instruct,GA_FIXED,pin_pattern,all_same,28,True,True,"[535, 535, 604, 1107]",0.0,all_same,0,80,0.000119165983051
meta_llama_llama_4_scout_17b_16e_instruct,GA_FIXED,pin_pattern,all_same,29,True,True,"[2608, 2324, 2608, 2618]",0.0,all_same,2,240,0.0010026250965893
meta_llama_llama_4_scout_17b_16e_instruct,GA_FIXED,pin_pattern,ordered_sum_20,0,True,True,"[-1, 0, 8, 13]",0.0,ordered_sum_20,30,2480,0.013478250009939
meta_llama_llama_4_scout_17b_16e_instruct,GA_FIXED,pin_pattern,ordered_sum_20,1,True,True,"[-332, -215, 25, 542]",0.0,ordered_sum_20,10,880,0.0045812500175088
meta_llama_llama_4_scout_17b_16e_instruct,GA_FIXED,pin_pattern,ordered_sum_20,2,True,True,"[-240, -60, -49, 369]",0.0,ordered_sum_20,19,1600,0.0085995419649407
meta_llama_llama_4_scout_17b_16e_instruct,GA_FIXED,pin_pattern,ordered_sum_20,3,True,True,"[-314, -121, 56, 399]",0.0,ordered_sum_20,23,1920,0.0103851669700816
meta_llama_llama_4_scout_17b_16e_instruct,GA_FIXED,pin_pattern,ordered_sum_20,4,True,True,"[-491, -108, 287, 332]",0.0,ordered_sum_20,12,1040,0.0054837079951539
meta_llama_llama_4_scout_17b_16e_instruct,GA_FIXED,pin_pattern,ordered_sum_20,5,True,True,"[-420, -248, -35, 723]",0.0,ordered_sum_20,20,1680,0.0090583749115467
meta_llama_llama_4_scout_17b_16e_instruct,GA_FIXED,pin_pattern,ordered_sum_20,6,True,True,"[-479, -444, 88, 855]",0.0,ordered_sum_20,15,1280,0.0067654160084202
meta_llama_llama_4_scout_17b_16e_instruct,GA_FIXED,pin_pattern,ordered_sum_20,7,True,True,"[-234, -128, -18, 400]",0.0,ordered_sum_20,7,640,0.0032708749640733
meta_llama_llama_4_scout_17b_16e_instruct,GA_FIXED,pin_pattern,ordered_sum_20,8,True,True,"[2, 2, 2, 14]",0.0,ordered_sum_20,73,5920,0.0323428330011665
meta_llama_llama_4_scout_17b_16e_instruct,GA_FIXED,pin_pattern,ordered_sum_20,9,True,True,"[-305, -38, 140, 223]",0.0,ordered_sum_20,15,1280,0.0067621249472722
meta_llama_llama_4_scout_17b_16e_instruct,GA_FIXED,pin_pattern,ordered_sum_20,10,True,True,"[-500, -295, 260, 555]",0.0,ordered_sum_20,15,1280,0.0067724999971687
meta_llama_llama_4_scout_17b_16e_instruct,GA_FIXED,pin_pattern,ordered_sum_20,11,True,True,"[-477, -143, 280, 360]",0.0,ordered_sum_20,10,880,0.004556042025797
meta_llama_llama_4_scout_17b_16e_instruct,GA_FIXED,pin_pattern,ordered_sum_20,12,True,True,"[-414, -56, -54, 544]",0.0,ordered_sum_20,10,880,0.0045769170392304
meta_llama_llama_4_scout_17b_16e_instruct,GA_FIXED,pin_pattern,ordered_sum_20,13,True,True,"[-449, -139, 208, 400]",0.0,ordered_sum_20,6,560,0.0027942080050706
meta_llama_llama_4_scout_17b_16e_instruct,GA_FIXED,pin_pattern,ordered_sum_20,14,True,True,"[-455, -205, -61, 741]",0.0,ordered_sum_20,12,1040,0.0054363330127671
meta_llama_llama_4_scout_17b_16e_instruct,GA_FIXED,pin_pattern,ordered_sum_20,15,True,True,"[-476, -287, 198, 585]",0.0,ordered_sum_20,16,1360,0.0073171659605577
meta_llama_llama_4_scout_17b_16e_instruct,GA_FIXED,pin_pattern,ordered_sum_20,16,False,False,"[-15, 2, 11, 23]",1.0,,97,8080,0.0443311249837279
meta_llama_llama_4_scout_17b_16e_instruct,GA_FIXED,pin_pattern,ordered_sum_20,17,True,True,"[-221, -215, -87, 543]",0.0,ordered_sum_20,30,2480,0.0134070829953998
meta_llama_llama_4_scout_17b_16e_instruct,GA_FIXED,pin_pattern,ordered_sum_20,18,True,True,"[-296, -125, -14, 455]",0.0,ordered_sum_20,16,1360,0.0072360420599579
meta_llama_llama_4_scout_17b_16e_instruct,GA_FIXED,pin_pattern,ordered_sum_20,19,True,True,"[-281, -278, 127, 452]",0.0,ordered_sum_20,14,1200,0.0063420420046895
meta_llama_llama_4_scout_17b_16e_instruct,GA_FIXED,pin_pattern,ordered_sum_20,20,True,True,"[-487, -273, -33, 813]",0.0,ordered_sum_20,9,800,0.0041356249712407
meta_llama_llama_4_scout_17b_16e_instruct,GA_FIXED,pin_pattern,ordered_sum_20,21,True,True,"[-171, -145, -4, 340]",0.0,ordered_sum_20,15,1280,0.006812416948378
meta_llama_llama_4_scout_17b_16e_instruct,GA_FIXED,pin_pattern,ordered_sum_20,22,True,True,"[-425, -355, 45, 755]",0.0,ordered_sum_20,9,800,0.0041341669857501
meta_llama_llama_4_scout_17b_16e_instruct,GA_FIXED,pin_pattern,ordered_sum_20,23,True,True,"[-445, -427, -276, 1168]",0.0,ordered_sum_20,18,1520,0.0081275420961901
meta_llama_llama_4_scout_17b_16e_instruct,GA_FIXED,pin_pattern,ordered_sum_20,24,True,True,"[-295, -292, 8, 599]",0.0,ordered_sum_20,16,1360,0.0072487910510972
meta_llama_llama_4_scout_17b_16e_instruct,GA_FIXED,pin_pattern,ordered_sum_20,25,True,True,"[-337, -289, -152, 798]",0.0,ordered_sum_20,15,1280,0.0068089169217273
meta_llama_llama_4_scout_17b_16e_instruct,GA_FIXED,pin_pattern,ordered_sum_20,26,True,True,"[-449, -407, -267, 1143]",0.0,ordered_sum_20,11,960,0.005028583924286
meta_llama_llama_4_scout_17b_16e_instruct,GA_FIXED,pin_pattern,ordered_sum_20,27,True,True,"[-481, -61, 157, 405]",0.0,ordered_sum_20,11,960,0.0050724580651149
meta_llama_llama_4_scout_17b_16e_instruct,GA_FIXED,pin_pattern,ordered_sum_20,28,True,True,"[-428, -425, 396, 477]",0.0,ordered_sum_20,17,1440,0.0076737910276278
meta_llama_llama_4_scout_17b_16e_instruct,GA_FIXED,pin_pattern,ordered_sum_20,29,True,True,"[-353, -191, -87, 651]",0.0,ordered_sum_20,16,1360,0.0072711670072749
meta_llama_llama_4_scout_17b_16e_instruct,GA_FIXED,pin_pattern,other,0,True,True,"[2424, 1422, 1883, -297]",0.0,other,0,80,0.0001368750818073
meta_llama_llama_4_scout_17b_16e_instruct,GA_FIXED,pin_pattern,other,1,True,True,"[503, 1848, 1151, 670]",0.0,other,0,80,0.0001332499086856
meta_llama_llama_4_scout_17b_16e_instruct,GA_FIXED,pin_pattern,other,2,True,True,"[-435, 169, 2404, 874]",0.0,other,0,80,0.0001364999916404
meta_llama_llama_4_scout_17b_16e_instruct,GA_FIXED,pin_pattern,other,3,True,True,"[2458, 1299, 50, 1055]",0.0,other,0,80,0.0001316249836236
meta_llama_llama_4_scout_17b_16e_instruct,GA_FIXED,pin_pattern,other,4,True,True,"[2929, 2493, 374, 809]",0.0,other,0,80,0.0001334579428657
meta_llama_llama_4_scout_17b_16e_instruct,GA_FIXED,pin_pattern,other,5,True,True,"[-2, 2178, -398, 1813]",0.0,other,0,80,0.0001334589906036
meta_llama_llama_4_scout_17b_16e_instruct,GA_FIXED,pin_pattern,other,6,True,True,"[1713, 2485, 1487, 2219]",0.0,other,0,80,0.0001323330216109
meta_llama_llama_4_scout_17b_16e_instruct,GA_FIXED,pin_pattern,other,7,True,True,"[2372, 922, 2902, 1226]",0.0,other,0,80,0.0001323749311268
meta_llama_llama_4_scout_17b_16e_instruct,GA_FIXED,pin_pattern,other,8,True,True,"[2655, 1282, 1567, 2992]",0.0,other,0,80,0.0001343330368399
meta_llama_llama_4_scout_17b_16e_instruct,GA_FIXED,pin_pattern,other,9,True,True,"[261, 2402, 540, 2692]",0.0,other,0,80,0.0001322500174865
meta_llama_llama_4_scout_17b_16e_instruct,GA_FIXED,pin_pattern,other,10,True,True,"[2807, 87, 223, 652]",0.0,other,0,80,0.0001327500212937
meta_llama_llama_4_scout_17b_16e_instruct,GA_FIXED,pin_pattern,other,11,True,True,"[2630, 1001, 378, 387]",0.0,other,0,80,0.0001320419833064
meta_llama_llama_4_scout_17b_16e_instruct,GA_FIXED,pin_pattern,other,12,True,True,"[444, 295, -431, 1684]",0.0,other,0,80,0.0001331249950453
meta_llama_llama_4_scout_17b_16e_instruct,GA_FIXED,pin_pattern,other,13,True,True,"[978, 2635, -333, -179]",0.0,other,0,80,0.0001342499163001
meta_llama_llama_4_scout_17b_16e_instruct,GA_FIXED,pin_pattern,other,14,True,True,"[-74, 99, 1456, 1583]",0.0,other,0,80,0.0001317089190706
meta_llama_llama_4_scout_17b_16e_instruct,GA_FIXED,pin_pattern,other,15,True,True,"[1287, 291, 2903, -468]",0.0,other,0,80,0.0001324170734733
meta_llama_llama_4_scout_17b_16e_instruct,GA_FIXED,pin_pattern,other,16,True,True,"[275, 2990, -245, 1447]",0.0,other,0,80,0.0001327079953625
meta_llama_llama_4_scout_17b_16e_instruct,GA_FIXED,pin_pattern,other,17,True,True,"[91, 32, -453, 1738]",0.0,other,0,80,0.0001324999611824
meta_llama_llama_4_scout_17b_16e_instruct,GA_FIXED,pin_pattern,other,18,True,True,"[2037, 848, 429, 1203]",0.0,other,0,80,0.0001326249912381
meta_llama_llama_4_scout_17b_16e_instruct,GA_FIXED,pin_pattern,other,19,True,True,"[1821, 1178, 1195, 608]",0.0,other,0,80,0.0001326249912381
meta_llama_llama_4_scout_17b_16e_instruct,GA_FIXED,pin_pattern,other,20,True,True,"[1991, 592, 2103, -342]",0.0,other,0,80,0.0001355829881504
meta_llama_llama_4_scout_17b_16e_instruct,GA_FIXED,pin_pattern,other,21,True,True,"[753, 589, 525, -147]",0.0,other,0,80,0.0001329999649897
meta_llama_llama_4_scout_17b_16e_instruct,GA_FIXED,pin_pattern,other,22,True,True,"[382, 958, -192, 199]",0.0,other,0,80,0.0001339169684797
meta_llama_llama_4_scout_17b_16e_instruct,GA_FIXED,pin_pattern,other,23,True,True,"[1828, 121, 1787, 2772]",0.0,other,0,80,0.000134167028591
meta_llama_llama_4_scout_17b_16e_instruct,GA_FIXED,pin_pattern,other,24,True,True,"[2395, 631, 139, 2437]",0.0,other,0,80,0.0001327500212937
meta_llama_llama_4_scout_17b_16e_instruct,GA_FIXED,pin_pattern,other,25,True,True,"[1119, 1880, 1257, 418]",0.0,other,0,80,0.0001315830741077
meta_llama_llama_4_scout_17b_16e_instruct,GA_FIXED,pin_pattern,other,26,True,True,"[1293, 751, 1146, 1490]",0.0,other,0,80,0.0001328330254182
meta_llama_llama_4_scout_17b_16e_instruct,GA_FIXED,pin_pattern,other,27,True,True,"[1972, 410, 571, 1638]",0.0,other,0,80,0.0001309169456362
meta_llama_llama_4_scout_17b_16e_instruct,GA_FIXED,pin_pattern,other,28,True,True,"[1240, 1052, -212, 2054]",0.0,other,0,80,0.0001337919384241
meta_llama_llama_4_scout_17b_16e_instruct,GA_FIXED,pin_pattern,other,29,True,True,"[1379, 2907, 207, 457]",0.0,other,0,80,0.0001337919384241
meta_llama_llama_4_scout_17b_16e_instruct,GA_FIXED,pin_pattern,secret_pin,0,True,True,"[7, 3, 9, 1]",0.0,secret_pin,42,3440,0.0192395000485703
meta_llama_llama_4_scout_17b_16e_instruct,GA_FIXED,pin_pattern,secret_pin,1,True,True,"[7, 3, 9, 1]",0.0,secret_pin,51,4160,0.0229105839971452
meta_llama_llama_4_scout_17b_16e_instruct,GA_FIXED,pin_pattern,secret_pin,2,True,True,"[7, 3, 9, 1]",0.0,secret_pin,34,2800,0.0153450829675421
meta_llama_llama_4_scout_17b_16e_instruct,GA_FIXED,pin_pattern,secret_pin,3,True,True,"[7, 3, 9, 1]",0.0,secret_pin,29,2400,0.0131067079491913
meta_llama_llama_4_scout_17b_16e_instruct,GA_FIXED,pin_pattern,secret_pin,4,True,True,"[7, 3, 9, 1]",0.0,secret_pin,59,4800,0.0265018750214949
meta_llama_llama_4_scout_17b_16e_instruct,GA_FIXED,pin_pattern,secret_pin,5,True,True,"[7, 3, 9, 1]",0.0,secret_pin,33,2720,0.0149268750101327
meta_llama_llama_4_scout_17b_16e_instruct,GA_FIXED,pin_pattern,secret_pin,6,True,True,"[7, 3, 9, 1]",0.0,secret_pin,62,5040,0.0278575419215485
meta_llama_llama_4_scout_17b_16e_instruct,GA_FIXED,pin_pattern,secret_pin,7,True,True,"[7, 3, 9, 1]",0.0,secret_pin,45,3680,0.0202797090169042
meta_llama_llama_4_scout_17b_16e_instruct,GA_FIXED,pin_pattern,secret_pin,8,True,True,"[7, 3, 9, 1]",0.0,secret_pin,54,4400,0.0242393329972401
meta_llama_llama_4_scout_17b_16e_instruct,GA_FIXED,pin_pattern,secret_pin,9,True,True,"[7, 3, 9, 1]",0.0,secret_pin,40,3280,0.0179067499702796
meta_llama_llama_4_scout_17b_16e_instruct,GA_FIXED,pin_pattern,secret_pin,10,True,True,"[7, 3, 9, 1]",0.0,secret_pin,42,3440,0.0188874999294057
meta_llama_llama_4_scout_17b_16e_instruct,GA_FIXED,pin_pattern,secret_pin,11,True,True,"[7, 3, 9, 1]",0.0,secret_pin,52,4240,0.0232638330198824
meta_llama_llama_4_scout_17b_16e_instruct,GA_FIXED,pin_pattern,secret_pin,12,True,True,"[7, 3, 9, 1]",0.0,secret_pin,40,3280,0.0180178750306367
meta_llama_llama_4_scout_17b_16e_instruct,GA_FIXED,pin_pattern,secret_pin,13,True,True,"[7, 3, 9, 1]",0.0,secret_pin,31,2560,0.0139860420022159
meta_llama_llama_4_scout_17b_16e_instruct,GA_FIXED,pin_pattern,secret_pin,14,True,True,"[7, 3, 9, 1]",0.0,secret_pin,53,4320,0.0237660000566393
meta_llama_llama_4_scout_17b_16e_instruct,GA_FIXED,pin_pattern,secret_pin,15,True,True,"[7, 3, 9, 1]",0.0,secret_pin,69,5600,0.0308175830869004
meta_llama_llama_4_scout_17b_16e_instruct,GA_FIXED,pin_pattern,secret_pin,16,True,True,"[7, 3, 9, 1]",0.0,secret_pin,49,4000,0.0219568749889731
meta_llama_llama_4_scout_17b_16e_instruct,GA_FIXED,pin_pattern,secret_pin,17,True,True,"[7, 3, 9, 1]",0.0,secret_pin,48,3920,0.0214361250400543
meta_llama_llama_4_scout_17b_16e_instruct,GA_FIXED,pin_pattern,secret_pin,18,True,True,"[7, 3, 9, 1]",0.0,secret_pin,38,3120,0.0170767080271616
meta_llama_llama_4_scout_17b_16e_instruct,GA_FIXED,pin_pattern,secret_pin,19,True,True,"[7, 3, 9, 1]",0.0,secret_pin,56,4560,0.0248676249757409
meta_llama_llama_4_scout_17b_16e_instruct,GA_FIXED,pin_pattern,secret_pin,20,True,True,"[7, 3, 9, 1]",0.0,secret_pin,54,4400,0.023927625035867
meta_llama_llama_4_scout_17b_16e_instruct,GA_FIXED,pin_pattern,secret_pin,21,True,True,"[7, 3, 9, 1]",0.0,secret_pin,48,3920,0.021274667000398
meta_llama_llama_4_scout_17b_16e_instruct,GA_FIXED,pin_pattern,secret_pin,22,True,True,"[7, 3, 9, 1]",0.0,secret_pin,42,3440,0.0186560000292956
meta_llama_llama_4_scout_17b_16e_instruct,GA_FIXED,pin_pattern,secret_pin,23,True,True,"[7, 3, 9, 1]",0.0,secret_pin,43,3520,0.0190533749992027
meta_llama_llama_4_scout_17b_16e_instruct,GA_FIXED,pin_pattern,secret_pin,24,True,True,"[7, 3, 9, 1]",0.0,secret_pin,48,3920,0.0212667499436065
meta_llama_llama_4_scout_17b_16e_instruct,GA_FIXED,pin_pattern,secret_pin,25,True,True,"[7, 3, 9, 1]",0.0,secret_pin,44,3600,0.0194869160186499
meta_llama_llama_4_scout_17b_16e_instruct,GA_FIXED,pin_pattern,secret_pin,26,True,True,"[7, 3, 9, 1]",0.0,secret_pin,77,6240,0.0342531249625608
meta_llama_llama_4_scout_17b_16e_instruct,GA_FIXED,pin_pattern,secret_pin,27,True,True,"[7, 3, 9, 1]",0.0,secret_pin,48,3920,0.0213592500658705
meta_llama_llama_4_scout_17b_16e_instruct,GA_FIXED,pin_pattern,secret_pin,28,True,True,"[7, 3, 9, 1]",0.0,secret_pin,41,3360,0.0183886250015348
meta_llama_llama_4_scout_17b_16e_instruct,GA_FIXED,pin_pattern,secret_pin,29,True,True,"[7, 3, 9, 1]",0.0,secret_pin,45,3680,0.0200492499861866
meta_llama_llama_4_scout_17b_16e_instruct,GA_FIXED,shipping_discount,free_express_shipping,0,True,True,"[244.93254778348916, 46.52371529084748, True]",0.0,free_express_shipping,0,80,9.550002869218588e-05
meta_llama_llama_4_scout_17b_16e_instruct,GA_FIXED,shipping_discount,free_express_shipping,1,True,True,"[232.33459749552742, 41.067297690719165, True]",0.0,free_express_shipping,0,80,9.029102511703968e-05
meta_llama_llama_4_scout_17b_16e_instruct,GA_FIXED,shipping_discount,free_express_shipping,2,True,True,"[262.5300971866786, 3.023069872080242, True]",0.0,free_express_shipping,0,80,8.808297570794821e-05
meta_llama_llama_4_scout_17b_16e_instruct,GA_FIXED,shipping_discount,free_express_shipping,3,True,True,"[250.3581809233639, 29.98083491435918, True]",0.0,free_express_shipping,0,80,8.670799434185028e-05
meta_llama_llama_4_scout_17b_16e_instruct,GA_FIXED,shipping_discount,free_express_shipping,4,True,True,"[246.24122783963122, 40.95894139418438, True]",0.0,free_express_shipping,0,80,8.66670161485672e-05
meta_llama_llama_4_scout_17b_16e_instruct,GA_FIXED,shipping_discount,free_express_shipping,5,True,True,"[259.0016529000136, 20.87118477209353, True]",0.0,free_express_shipping,0,80,8.683302439749241e-05
meta_llama_llama_4_scout_17b_16e_instruct,GA_FIXED,shipping_discount,free_express_shipping,6,True,True,"[274.5698273702677, 29.914595618730633, True]",0.0,free_express_shipping,0,80,8.679204620420933e-05
meta_llama_llama_4_scout_17b_16e_instruct,GA_FIXED,shipping_discount,free_express_shipping,7,True,True,"[290.314051875582, 1.9516663273021928, True]",0.0,free_express_shipping,0,80,8.62079905346036e-05
meta_llama_llama_4_scout_17b_16e_instruct,GA_FIXED,shipping_discount,free_express_shipping,8,True,True,"[223.30914806044902, 36.33209920947894, True]",0.0,free_express_shipping,1,160,0.000492374994792
meta_llama_llama_4_scout_17b_16e_instruct,GA_FIXED,shipping_discount,free_express_shipping,9,True,True,"[268.1882260493768, 1.9159595247149719, True]",0.0,free_express_shipping,0,80,8.858297951519489e-05
meta_llama_llama_4_scout_17b_16e_instruct,GA_FIXED,shipping_discount,free_express_shipping,10,True,True,"[211.34402418141713, 8.018353708976612, True]",0.0,free_express_shipping,0,80,8.800008799880743e-05
meta_llama_llama_4_scout_17b_16e_instruct,GA_FIXED,shipping_discount,free_express_shipping,11,True,True,"[209.28803024273367, 19.480010660170166, True]",0.0,free_express_shipping,0,80,8.716597221791744e-05
meta_llama_llama_4_scout_17b_16e_instruct,GA_FIXED,shipping_discount,free_express_shipping,12,True,True,"[275.4555257409001, 17.799389144362966, True]",0.0,free_express_shipping,0,80,8.783303201198578e-05
meta_llama_llama_4_scout_17b_16e_instruct,GA_FIXED,shipping_discount,free_express_shipping,13,True,True,"[264.93134071776177, 48.35322782654692, True]",0.0,free_express_shipping,0,80,8.729193359613419e-05
meta_llama_llama_4_scout_17b_16e_instruct,GA_FIXED,shipping_discount,free_express_shipping,14,True,True,"[280.48876321004985, 15.950822019534883, True]",0.0,free_express_shipping,0,80,8.687505032867193e-05
meta_llama_llama_4_scout_17b_16e_instruct,GA_FIXED,shipping_discount,free_express_shipping,15,True,True,"[259.63717278687136, 10.724567283126385, True]",0.0,free_express_shipping,0,80,8.783303201198578e-05
meta_llama_llama_4_scout_17b_16e_instruct,GA_FIXED,shipping_discount,free_express_shipping,16,True,True,"[228.5870974495922, 47.426677661330594, True]",0.0,free_express_shipping,0,80,8.758297190070152e-05
meta_llama_llama_4_scout_17b_16e_instruct,GA_FIXED,shipping_discount,free_express_shipping,17,True,True,"[275.45475680276, 1.0473244877821752, True]",0.0,free_express_shipping,0,80,8.720799814909697e-05
meta_llama_llama_4_scout_17b_16e_instruct,GA_FIXED,shipping_discount,free_express_shipping,18,True,True,"[216.20705481233145, 41.11841443647799, True]",0.0,free_express_shipping,1,160,0.0004869590047746
meta_llama_llama_4_scout_17b_16e_instruct,GA_FIXED,shipping_discount,free_express_shipping,19,True,True,"[231.41774111495454, 48.49997065021285, True]",0.0,free_express_shipping,0,80,8.77090496942401e-05
meta_llama_llama_4_scout_17b_16e_instruct,GA_FIXED,shipping_discount,free_express_shipping,20,True,True,"[240.65805668481207, 18.69040623350048, True]",0.0,free_express_shipping,0,80,8.650007657706738e-05
meta_llama_llama_4_scout_17b_16e_instruct,GA_FIXED,shipping_discount,free_express_shipping,21,True,True,"[278.6663323236256, 5.449524774920711, True]",0.0,free_express_shipping,0,80,8.679099846631289e-05
meta_llama_llama_4_scout_17b_16e_instruct,GA_FIXED,shipping_discount,free_express_shipping,22,True,True,"[293.1061278947941, 38.035983111253216, True]",0.0,free_express_shipping,0,80,8.599995635449886e-05
meta_llama_llama_4_scout_17b_16e_instruct,GA_FIXED,shipping_discount,free_express_shipping,23,True,True,"[285.7047330369717, 37.669121814914334, True]",0.0,free_express_shipping,1,160,0.0004886250244453
meta_llama_llama_4_scout_17b_16e_instruct,GA_FIXED,shipping_discount,free_express_shipping,24,True,True,"[239.1341762792042, 40.218094364073174, True]",0.0,free_express_shipping,0,80,8.699996396899223e-05
meta_llama_llama_4_scout_17b_16e_instruct,GA_FIXED,shipping_discount,free_express_shipping,25,True,True,"[218.04836545009644, 18.073904015532026, True]",0.0,free_express_shipping,0,80,8.820905350148678e-05
meta_llama_llama_4_scout_17b_16e_instruct,GA_FIXED,shipping_discount,free_express_shipping,26,True,True,"[275.95079356085955, 11.8831236141404, True]",0.0,free_express_shipping,1,160,0.0004902920918539
meta_llama_llama_4_scout_17b_16e_instruct,GA_FIXED,shipping_discount,free_express_shipping,27,True,True,"[290.665364206875, 20.84576971380363, True]",0.0,free_express_shipping,0,80,8.749996777623892e-05
meta_llama_llama_4_scout_17b_16e_instruct,GA_FIXED,shipping_discount,free_express_shipping,28,True,True,"[243.7117822741048, 4.142896563013587, True]",0.0,free_express_shipping,0,80,8.63329041749239e-05
meta_llama_llama_4_scout_17b_16e_instruct,GA_FIXED,shipping_discount,free_express_shipping,29,True,True,"[274.5830926373128, 24.473963165934997, True]",0.0,free_express_shipping,0,80,8.720904588699341e-05
meta_llama_llama_4_scout_17b_16e_instruct,GA_FIXED,shipping_discount,invalid,0,False,False,"[121.1547804649163, 103.02940069334407, True]",1.0,,0,8080,0.0389105409849435
meta_llama_llama_4_scout_17b_16e_instruct,GA_FIXED,shipping_discount,invalid,1,False,False,"[278.86624455123564, 172.4169119830293, False]",1.0,,0,8080,0.0385966250905767
meta_llama_llama_4_scout_17b_16e_instruct,GA_FIXED,shipping_discount,invalid,2,False,False,"[174.36716931233371, 212.76725388387987, False]",1.0,,0,8080,0.0385985410539433
meta_llama_llama_4_scout_17b_16e_instruct,GA_FIXED,shipping_discount,invalid,3,False,False,"[30.629353916100776, 143.60436392370767, True]",1.0,,0,8080,0.0387108749710023
meta_llama_llama_4_scout_17b_16e_instruct,GA_FIXED,shipping_discount,invalid,4,False,False,"[258.4625890801658, 176.94776653668336, True]",1.0,,0,8080,0.0387378330342471
meta_llama_llama_4_scout_17b_16e_instruct,GA_FIXED,shipping_discount,invalid,5,False,False,"[43.0079553347646, 283.58883636638535, True]",1.0,,0,8080,0.0389134170254692
meta_llama_llama_4_scout_17b_16e_instruct,GA_FIXED,shipping_discount,invalid,6,False,False,"[252.51976728569343, 38.44716614869065, False]",1.0,,0,8080,0.0388575419783592
meta_llama_llama_4_scout_17b_16e_instruct,GA_FIXED,shipping_discount,invalid,7,False,False,"[153.04813656190782, 234.2234139341726, False]",1.0,,0,8080,0.0386756249936297
meta_llama_llama_4_scout_17b_16e_instruct,GA_FIXED,shipping_discount,invalid,8,False,False,"[202.54885487139433, 194.03436600800902, False]",1.0,,0,8080,0.0384737090207636
meta_llama_llama_4_scout_17b_16e_instruct,GA_FIXED,shipping_discount,invalid,9,False,False,"[56.34162867195056, 61.97854810083881, False]",1.0,,0,8080,0.0385478329844772
meta_llama_llama_4_scout_17b_16e_instruct,GA_FIXED,shipping_discount,invalid,10,False,False,"[292.6907780121354, 162.8632656801109, True]",1.0,,0,8080,0.0384321660967543
meta_llama_llama_4_scout_17b_16e_instruct,GA_FIXED,shipping_discount,invalid,11,False,False,"[60.08097698757688, 225.7374414159204, True]",1.0,,0,8080,0.0383192499866709
meta_llama_llama_4_scout_17b_16e_instruct,GA_FIXED,shipping_discount,invalid,12,False,False,"[233.6872307920477, 82.59459886665752, False]",1.0,,0,8080,0.0382490420015528
meta_llama_llama_4_scout_17b_16e_instruct,GA_FIXED,shipping_discount,invalid,13,False,False,"[109.78802290925574, 120.20866883391193, False]",1.0,,0,8080,0.0383981659542769
meta_llama_llama_4_scout_17b_16e_instruct,GA_FIXED,shipping_discount,invalid,14,False,False,"[243.2888015140504, 229.44967561013894, True]",1.0,,0,8080,0.0384296249831095
meta_llama_llama_4_scout_17b_16e_instruct,GA_FIXED,shipping_discount,invalid,15,False,False,"[128.22351776729923, 117.54322912789819, False]",1.0,,0,8080,0.0383838750422
meta_llama_llama_4_scout_17b_16e_instruct,GA_FIXED,shipping_discount,invalid,16,False,False,"[90.03702651861589, 14.608266165163919, False]",1.0,,0,8080,0.0386639169882983
meta_llama_llama_4_scout_17b_16e_instruct,GA_FIXED,shipping_discount,invalid,17,False,False,"[179.25330742607014, 166.1961398618214, True]",1.0,,0,8080,0.038609042065218
meta_llama_llama_4_scout_17b_16e_instruct,GA_FIXED,shipping_discount,invalid,18,False,False,"[268.4262056875059, 215.9657938796447, False]",1.0,,0,8080,0.0383206660626456
meta_llama_llama_4_scout_17b_16e_instruct,GA_FIXED,shipping_discount,invalid,19,False,False,"[16.278962074325896, 215.48935154769416, True]",1.0,,0,8080,0.0382410840829834
meta_llama_llama_4_scout_17b_16e_instruct,GA_FIXED,shipping_discount,invalid,20,False,False,"[148.4101910030859, 249.51805494397925, True]",1.0,,0,8080,0.0382938750553876
meta_llama_llama_4_scout_17b_16e_instruct,GA_FIXED,shipping_discount,invalid,21,False,False,"[58.91433316529622, 107.17084503308956, False]",1.0,,0,8080,0.0383901670575141
meta_llama_llama_4_scout_17b_16e_instruct,GA_FIXED,shipping_discount,invalid,22,False,False,"[134.66588926133164, 216.04748710611312, True]",1.0,,0,8080,0.0383382920408621
meta_llama_llama_4_scout_17b_16e_instruct,GA_FIXED,shipping_discount,invalid,23,False,False,"[187.91498070229846, 130.57831213356445, True]",1.0,,0,8080,0.0385911250486969
meta_llama_llama_4_scout_17b_16e_instruct,GA_FIXED,shipping_discount,invalid,24,False,False,"[114.05700718921337, 48.52936745500843, True]",1.0,,0,8080,0.038334000040777
meta_llama_llama_4_scout_17b_16e_instruct,GA_FIXED,shipping_discount,invalid,25,False,False,"[139.87943095763822, 5.536922028504043, False]",1.0,,0,8080,0.0385978330159559
meta_llama_llama_4_scout_17b_16e_instruct,GA_FIXED,shipping_discount,invalid,26,False,False,"[251.2723874938263, 61.461848799665354, False]",1.0,,0,8080,0.0386024169856682
meta_llama_llama_4_scout_17b_16e_instruct,GA_FIXED,shipping_discount,invalid,27,False,False,"[268.2881257208166, 116.74331072619756, False]",1.0,,0,8080,0.0386007920606061
meta_llama_llama_4_scout_17b_16e_instruct,GA_FIXED,shipping_discount,invalid,28,False,False,"[9.708044185799004, 21.945185374247135, True]",1.0,,0,8080,0.0384727920172736
meta_llama_llama_4_scout_17b_16e_instruct,GA_FIXED,shipping_discount,invalid,29,False,False,"[90.85931421049344, 212.94398061246645, True]",1.0,,0,8080,0.0383434169925749
meta_llama_llama_4_scout_17b_16e_instruct,GA_FIXED,shipping_discount,no_discount,0,True,True,"[25.01680313821062, 146.005520700889, False]",0.0,no_discount,0,80,7.687509059906006e-05
meta_llama_llama_4_scout_17b_16e_instruct,GA_FIXED,shipping_discount,no_discount,1,True,True,"[23.94773812442459, 235.44903400993354, False]",0.0,no_discount,0,80,7.716706022620201e-05
meta_llama_llama_4_scout_17b_16e_instruct,GA_FIXED,shipping_discount,no_discount,2,True,True,"[48.818384516874744, 75.33570484414598, False]",0.0,no_discount,0,80,7.595797069370747e-05
meta_llama_llama_4_scout_17b_16e_instruct,GA_FIXED,shipping_discount,no_discount,3,True,True,"[20.591406795391077, 183.74393225176215, False]",0.0,no_discount,0,80,7.629103492945433e-05
meta_llama_llama_4_scout_17b_16e_instruct,GA_FIXED,shipping_discount,no_discount,4,True,True,"[36.90247245851196, 170.32496210730324, False]",0.0,no_discount,0,80,7.620803080499172e-05
meta_llama_llama_4_scout_17b_16e_instruct,GA_FIXED,shipping_discount,no_discount,5,True,True,"[26.485851461224243, 108.42458317798499, False]",0.0,no_discount,0,80,7.512501906603575e-05
meta_llama_llama_4_scout_17b_16e_instruct,GA_FIXED,shipping_discount,no_discount,6,True,True,"[2.7730661675925528, 256.457522967247, False]",0.0,no_discount,0,80,7.64590222388506e-05
meta_llama_llama_4_scout_17b_16e_instruct,GA_FIXED,shipping_discount,no_discount,7,True,True,"[29.25329098738648, 263.8151006780239, False]",0.0,no_discount,0,80,7.466704118996859e-05
meta_llama_llama_4_scout_17b_16e_instruct,GA_FIXED,shipping_discount,no_discount,8,True,True,"[19.42189370672792, 32.87136513644203, False]",0.0,no_discount,0,80,7.512501906603575e-05
meta_llama_llama_4_scout_17b_16e_instruct,GA_FIXED,shipping_discount,no_discount,9,True,True,"[28.515552772801524, 78.4008304470249, False]",0.0,no_discount,0,80,7.579103112220764e-05
meta_llama_llama_4_scout_17b_16e_instruct,GA_FIXED,shipping_discount,no_discount,10,True,True,"[11.241715201891477, 119.3394704321478, False]",0.0,no_discount,0,80,7.508299313485622e-05
meta_llama_llama_4_scout_17b_16e_instruct,GA_FIXED,shipping_discount,no_discount,11,True,True,"[48.57995594160808, 185.15422515984775, False]",0.0,no_discount,0,80,7.595808710902929e-05
meta_llama_llama_4_scout_17b_16e_instruct,GA_FIXED,shipping_discount,no_discount,12,True,True,"[28.593337255355145, 81.83755526157591, False]",0.0,no_discount,0,80,7.54169886931777e-05
meta_llama_llama_4_scout_17b_16e_instruct,GA_FIXED,shipping_discount,no_discount,13,True,True,"[1.4923366158205997, 186.79768324948094, False]",0.0,no_discount,0,80,7.566704880446196e-05
meta_llama_llama_4_scout_17b_16e_instruct,GA_FIXED,shipping_discount,no_discount,14,True,True,"[23.40222463151006, 176.06083257815206, False]",0.0,no_discount,0,80,7.54999928176403e-05
meta_llama_llama_4_scout_17b_16e_instruct,GA_FIXED,shipping_discount,no_discount,15,True,True,"[39.48591111320427, 78.14431185094321, False]",0.0,no_discount,0,80,7.591699250042439e-05
meta_llama_llama_4_scout_17b_16e_instruct,GA_FIXED,shipping_discount,no_discount,16,True,True,"[33.593590446489316, 263.88959993254207, False]",0.0,no_discount,0,80,7.516704499721527e-05
meta_llama_llama_4_scout_17b_16e_instruct,GA_FIXED,shipping_discount,no_discount,17,True,True,"[27.43238016809203, 14.13446147480627, False]",0.0,no_discount,0,80,7.537507917732e-05
meta_llama_llama_4_scout_17b_16e_instruct,GA_FIXED,shipping_discount,no_discount,18,True,True,"[33.78800909207875, 125.67279655687035, False]",0.0,no_discount,0,80,7.566704880446196e-05
meta_llama_llama_4_scout_17b_16e_instruct,GA_FIXED,shipping_discount,no_discount,19,True,True,"[9.619423659647996, 230.46583610478734, False]",0.0,no_discount,0,80,7.487495895475149e-05
meta_llama_llama_4_scout_17b_16e_instruct,GA_FIXED,shipping_discount,no_discount,20,True,True,"[22.556846971299148, 264.54689199015974, False]",0.0,no_discount,0,80,7.591699250042439e-05
meta_llama_llama_4_scout_17b_16e_instruct,GA_FIXED,shipping_discount,no_discount,21,True,True,"[19.889916412796318, 11.697930431997804, False]",0.0,no_discount,0,80,7.529195863753557e-05
meta_llama_llama_4_scout_17b_16e_instruct,GA_FIXED,shipping_discount,no_discount,22,True,True,"[20.972575185145114, 286.30368402481474, False]",0.0,no_discount,0,80,7.783295586705208e-05
meta_llama_llama_4_scout_17b_16e_instruct,GA_FIXED,shipping_discount,no_discount,23,True,True,"[37.90809240681357, 45.39797390127933, False]",0.0,no_discount,0,80,7.620896212756634e-05
meta_llama_llama_4_scout_17b_16e_instruct,GA_FIXED,shipping_discount,no_discount,24,True,True,"[28.021874213417508, 26.231130048797745, False]",0.0,no_discount,0,80,7.508299313485622e-05
meta_llama_llama_4_scout_17b_16e_instruct,GA_FIXED,shipping_discount,no_discount,25,True,True,"[7.060325679561674, 123.6788717373036, False]",0.0,no_discount,0,80,8.729100227355957e-05
meta_llama_llama_4_scout_17b_16e_instruct,GA_FIXED,shipping_discount,no_discount,26,True,True,"[40.477194258657015, 171.8457157815022, False]",0.0,no_discount,0,80,7.595797069370747e-05
meta_llama_llama_4_scout_17b_16e_instruct,GA_FIXED,shipping_discount,no_discount,27,True,True,"[39.343670361578596, 103.4567733763893, False]",0.0,no_discount,0,80,7.604190614074469e-05
meta_llama_llama_4_scout_17b_16e_instruct,GA_FIXED,shipping_discount,no_discount,28,True,True,"[34.10224679522425, 217.48457161007386, False]",0.0,no_discount,0,80,7.595797069370747e-05
meta_llama_llama_4_scout_17b_16e_instruct,GA_FIXED,shipping_discount,no_discount,29,True,True,"[25.900077308138737, 96.46523945631834, False]",0.0,no_discount,0,80,7.620803080499172e-05
meta_llama_llama_4_scout_17b_16e_instruct,GA_FIXED,shipping_discount,small_discount,0,True,True,"[52.18138905444152, 50.985565169924406, True]",0.0,small_discount,0,80,8.895806968212128e-05
meta_llama_llama_4_scout_17b_16e_instruct,GA_FIXED,shipping_discount,small_discount,1,True,True,"[274.67871158808714, 222.31057707279484, True]",0.0,small_discount,0,80,8.708401583135128e-05
meta_llama_llama_4_scout_17b_16e_instruct,GA_FIXED,shipping_discount,small_discount,2,True,True,"[192.80711646669465, 102.40268851064306, True]",0.0,small_discount,0,80,8.741696365177631e-05
meta_llama_llama_4_scout_17b_16e_instruct,GA_FIXED,shipping_discount,small_discount,3,True,True,"[275.98595534427136, 276.363091813989, False]",0.0,small_discount,0,80,8.599995635449886e-05
meta_llama_llama_4_scout_17b_16e_instruct,GA_FIXED,shipping_discount,small_discount,4,True,True,"[147.07904496672066, 248.81338104059796, False]",0.0,small_discount,0,80,8.599995635449886e-05
meta_llama_llama_4_scout_17b_16e_instruct,GA_FIXED,shipping_discount,small_discount,5,True,True,"[60.20115830377143, 272.3622756341303, False]",0.0,small_discount,0,80,8.816597983241081e-05
meta_llama_llama_4_scout_17b_16e_instruct,GA_FIXED,shipping_discount,small_discount,6,True,True,"[174.69233797626134, 127.0913463721852, False]",0.0,small_discount,0,80,8.587492629885674e-05
meta_llama_llama_4_scout_17b_16e_instruct,GA_FIXED,shipping_discount,small_discount,7,True,True,"[109.41124248867469, 297.54648861014215, False]",0.0,small_discount,0,80,8.762499783188105e-05
meta_llama_llama_4_scout_17b_16e_instruct,GA_FIXED,shipping_discount,small_discount,8,True,True,"[278.3036184893707, 145.61988108693228, False]",0.0,small_discount,0,80,8.804106619209051e-05
meta_llama_llama_4_scout_17b_16e_instruct,GA_FIXED,shipping_discount,small_discount,9,True,True,"[171.03757327557068, 247.0812757743984, True]",0.0,small_discount,0,80,8.658296428620815e-05
meta_llama_llama_4_scout_17b_16e_instruct,GA_FIXED,shipping_discount,small_discount,10,True,True,"[99.76010542114003, 61.422475104724974, True]",0.0,small_discount,0,80,8.770800195634365e-05
meta_llama_llama_4_scout_17b_16e_instruct,GA_FIXED,shipping_discount,small_discount,11,True,True,"[81.50515083787054, 117.11397490810802, False]",0.0,small_discount,0,80,8.670799434185028e-05
meta_llama_llama_4_scout_17b_16e_instruct,GA_FIXED,shipping_discount,small_discount,12,True,True,"[246.93027684297007, 166.10831827139725, True]",0.0,small_discount,0,80,8.724990766495466e-05
meta_llama_llama_4_scout_17b_16e_instruct,GA_FIXED,shipping_discount,small_discount,13,True,True,"[119.60412852795046, 143.14009016691526, False]",0.0,small_discount,0,80,8.829205762594938e-05
meta_llama_llama_4_scout_17b_16e_instruct,GA_FIXED,shipping_discount,small_discount,14,True,True,"[167.9714888366503, 165.2837581543129, False]",0.0,small_discount,0,80,8.708401583135128e-05
meta_llama_llama_4_scout_17b_16e_instruct,GA_FIXED,shipping_discount,small_discount,15,True,True,"[250.00515298725975, 155.23356092494265, True]",0.0,small_discount,0,80,8.612498641014099e-05
meta_llama_llama_4_scout_17b_16e_instruct,GA_FIXED,shipping_discount,small_discount,16,True,True,"[175.14875196771783, 215.93324823228795, True]",0.0,small_discount,0,80,8.637493010610342e-05
meta_llama_llama_4_scout_17b_16e_instruct,GA_FIXED,shipping_discount,small_discount,17,True,True,"[135.78140580265816, 252.36502141538554, False]",0.0,small_discount,0,80,8.758401963859797e-05
meta_llama_llama_4_scout_17b_16e_instruct,GA_FIXED,shipping_discount,small_discount,18,True,True,"[86.2304144763482, 139.0967395827033, True]",0.0,small_discount,0,80,8.654105477035046e-05
meta_llama_llama_4_scout_17b_16e_instruct,GA_FIXED,shipping_discount,small_discount,19,True,True,"[165.81199908460533, 156.09371333127805, True]",0.0,small_discount,0,80,8.68749339133501e-05
meta_llama_llama_4_scout_17b_16e_instruct,GA_FIXED,shipping_discount,small_discount,20,True,True,"[54.617256061079864, 50.56196792302886, True]",0.0,small_discount,0,80,8.787494152784348e-05
meta_llama_llama_4_scout_17b_16e_instruct,GA_FIXED,shipping_discount,small_discount,21,True,True,"[247.84097123381028, 158.76104299413325, False]",0.0,small_discount,0,80,8.79999715834856e-05
meta_llama_llama_4_scout_17b_16e_instruct,GA_FIXED,shipping_discount,small_discount,22,True,True,"[269.16447794425596, 127.31345010853516, True]",0.0,small_discount,0,80,8.687505032867193e-05
meta_llama_llama_4_scout_17b_16e_instruct,GA_FIXED,shipping_discount,small_discount,23,True,True,"[216.37557950889746, 272.4830943607141, True]",0.0,small_discount,0,80,8.662499021738768e-05
meta_llama_llama_4_scout_17b_16e_instruct,GA_FIXED,shipping_discount,small_discount,24,True,True,"[61.275163625974585, 43.21630248706274, True]",0.0,small_discount,0,80,8.699996396899223e-05
meta_llama_llama_4_scout_17b_16e_instruct,GA_FIXED,shipping_discount,small_discount,25,True,True,"[123.82588689019937, 179.25141631978977, False]",0.0,small_discount,0,80,8.67500202730298e-05
meta_llama_llama_4_scout_17b_16e_instruct,GA_FIXED,shipping_discount,small_discount,26,True,True,"[102.44750980904664, 235.23274190700218, True]",0.0,small_discount,0,80,8.949998300522566e-05
meta_llama_llama_4_scout_17b_16e_instruct,GA_FIXED,shipping_discount,small_discount,27,True,True,"[153.72315114509482, 165.64134564264148, True]",0.0,small_discount,0,80,8.691707625985146e-05
meta_llama_llama_4_scout_17b_16e_instruct,GA_FIXED,shipping_discount,small_discount,28,True,True,"[131.4798324537174, 204.98481408799685, True]",0.0,small_discount,0,80,8.579192217439413e-05
meta_llama_llama_4_scout_17b_16e_instruct,GA_FIXED,shipping_discount,small_discount,29,True,True,"[123.31959451233124, 279.79579621748616, True]",0.0,small_discount,0,80,8.66670161485672e-05
meta_llama_llama_4_scout_17b_16e_instruct,GA_FIXED,shipping_discount,standard_discount,0,True,True,"[122.92272100204487, 10.724278834961298, False]",0.0,standard_discount,0,80,8.975004311650991e-05
meta_llama_llama_4_scout_17b_16e_instruct,GA_FIXED,shipping_discount,standard_discount,1,True,True,"[145.17102284051083, 28.165660095591683, True]",0.0,standard_discount,0,80,8.812500163912773e-05
meta_llama_llama_4_scout_17b_16e_instruct,GA_FIXED,shipping_discount,standard_discount,2,True,True,"[259.0108237582899, 80.2739802130046, False]",0.0,standard_discount,0,80,8.720799814909697e-05
meta_llama_llama_4_scout_17b_16e_instruct,GA_FIXED,shipping_discount,standard_discount,3,True,True,"[297.88591091860405, 4.088692681464689, False]",0.0,standard_discount,0,80,8.587492629885674e-05
meta_llama_llama_4_scout_17b_16e_instruct,GA_FIXED,shipping_discount,standard_discount,4,True,True,"[173.2069766106232, 26.956024789916988, True]",0.0,standard_discount,0,80,8.716597221791744e-05
meta_llama_llama_4_scout_17b_16e_instruct,GA_FIXED,shipping_discount,standard_discount,5,True,True,"[276.44638993039246, 87.60696611282216, False]",0.0,standard_discount,0,80,8.700008038431406e-05
meta_llama_llama_4_scout_17b_16e_instruct,GA_FIXED,shipping_discount,standard_discount,6,True,True,"[181.70647332346786, 75.045753097653, True]",0.0,standard_discount,0,80,8.641695603728294e-05
meta_llama_llama_4_scout_17b_16e_instruct,GA_FIXED,shipping_discount,standard_discount,7,True,True,"[217.05525097438155, 61.60727960570658, True]",0.0,standard_discount,0,80,8.658308070152998e-05
meta_llama_llama_4_scout_17b_16e_instruct,GA_FIXED,shipping_discount,standard_discount,8,True,True,"[178.01384050466652, 98.49020867664154, False]",0.0,standard_discount,0,80,8.600007276982069e-05
meta_llama_llama_4_scout_17b_16e_instruct,GA_FIXED,shipping_discount,standard_discount,9,True,True,"[240.30385796304944, 60.34408541744239, True]",0.0,standard_discount,0,80,8.658296428620815e-05
meta_llama_llama_4_scout_17b_16e_instruct,GA_FIXED,shipping_discount,standard_discount,10,True,True,"[272.1467031261394, 28.965879640574986, False]",0.0,standard_discount,0,80,8.687505032867193e-05
meta_llama_llama_4_scout_17b_16e_instruct,GA_FIXED,shipping_discount,standard_discount,11,True,True,"[109.73623068068386, 26.373719028165056, True]",0.0,standard_discount,0,80,8.708308450877666e-05
meta_llama_llama_4_scout_17b_16e_instruct,GA_FIXED,shipping_discount,standard_discount,12,True,True,"[219.36892107031596, 77.78704897448884, False]",0.0,standard_discount,0,80,8.637493010610342e-05
meta_llama_llama_4_scout_17b_16e_instruct,GA_FIXED,shipping_discount,standard_discount,13,True,True,"[120.92839857076548, 57.68497375438479, True]",0.0,standard_discount,0,80,9.537499863654376e-05
meta_llama_llama_4_scout_17b_16e_instruct,GA_FIXED,shipping_discount,standard_discount,14,True,True,"[224.40397911112575, 62.30426252361817, True]",0.0,standard_discount,0,80,9.045808110386132e-05
meta_llama_llama_4_scout_17b_16e_instruct,GA_FIXED,shipping_discount,standard_discount,15,True,True,"[253.92502515106762, 3.7095523272302366, False]",0.0,standard_discount,0,80,8.662499021738768e-05
meta_llama_llama_4_scout_17b_16e_instruct,GA_FIXED,shipping_discount,standard_discount,16,True,True,"[188.44304146319598, 69.07770784103128, True]",0.0,standard_discount,0,80,8.583301678299904e-05
meta_llama_llama_4_scout_17b_16e_instruct,GA_FIXED,shipping_discount,standard_discount,17,True,True,"[133.6755126624124, 91.40575669283535, True]",0.0,standard_discount,0,80,8.73330282047391e-05
meta_llama_llama_4_scout_17b_16e_instruct,GA_FIXED,shipping_discount,standard_discount,18,True,True,"[168.58152233126927, 55.3495892648981, True]",0.0,standard_discount,0,80,9.216705802828074e-05
meta_llama_llama_4_scout_17b_16e_instruct,GA_FIXED,shipping_discount,standard_discount,19,True,True,"[106.63879116155441, 70.14786832362935, False]",0.0,standard_discount,0,80,9.112502448260784e-05
meta_llama_llama_4_scout_17b_16e_instruct,GA_FIXED,shipping_discount,standard_discount,20,True,True,"[185.16536126390494, 41.04156025789716, True]",0.0,standard_discount,0,80,8.887506555765867e-05
meta_llama_llama_4_scout_17b_16e_instruct,GA_FIXED,shipping_discount,standard_discount,21,True,True,"[275.7004468824757, 36.069760369141804, False]",0.0,standard_discount,0,80,8.712499402463436e-05
meta_llama_llama_4_scout_17b_16e_instruct,GA_FIXED,shipping_discount,standard_discount,22,True,True,"[226.16699030321828, 96.30322028263578, False]",0.0,standard_discount,0,80,8.712499402463436e-05
meta_llama_llama_4_scout_17b_16e_instruct,GA_FIXED,shipping_discount,standard_discount,23,True,True,"[193.59271954097647, 25.172080210988888, True]",0.0,standard_discount,0,80,8.641707245260477e-05
meta_llama_llama_4_scout_17b_16e_instruct,GA_FIXED,shipping_discount,standard_discount,24,True,True,"[163.52221579743528, 59.45630789782539, True]",0.0,standard_discount,0,80,8.833396714180708e-05
meta_llama_llama_4_scout_17b_16e_instruct,GA_FIXED,shipping_discount,standard_discount,25,True,True,"[244.6356583611179, 56.55316769577995, False]",0.0,standard_discount,0,80,8.737505413591862e-05
meta_llama_llama_4_scout_17b_16e_instruct,GA_FIXED,shipping_discount,standard_discount,26,True,True,"[267.4441195563148, 4.6380490071217695, False]",0.0,standard_discount,0,80,8.616701234132051e-05
meta_llama_llama_4_scout_17b_16e_instruct,GA_FIXED,shipping_discount,standard_discount,27,True,True,"[216.9301885276288, 96.62937372272931, False]",0.0,standard_discount,0,80,8.67500202730298e-05
meta_llama_llama_4_scout_17b_16e_instruct,GA_FIXED,shipping_discount,standard_discount,28,True,True,"[137.59540519562964, 68.25007273666527, False]",0.0,standard_discount,0,80,8.670799434185028e-05
meta_llama_llama_4_scout_17b_16e_instruct,GA_FIXED,shipping_discount,standard_discount,29,True,True,"[226.06528949300747, 76.924177989393, False]",0.0,standard_discount,0,80,8.695898577570915e-05
meta_llama_llama_4_scout_17b_16e_instruct,GA_FIXED,sign_type,negative,0,True,True,[0.0],0.0,negative,33,2720,0.0100453330669552
meta_llama_llama_4_scout_17b_16e_instruct,GA_FIXED,sign_type,negative,1,True,True,[0.0],0.0,negative,3,320,0.0009542079642415
meta_llama_llama_4_scout_17b_16e_instruct,GA_FIXED,sign_type,negative,2,True,True,[0.0],0.0,negative,13,1120,0.0039679169422015
meta_llama_llama_4_scout_17b_16e_instruct,GA_FIXED,sign_type,negative,3,True,True,[0.0],0.0,negative,39,3200,0.0118080000393092
meta_llama_llama_4_scout_17b_16e_instruct,GA_FIXED,sign_type,negative,4,True,True,[0.0],0.0,negative,10,880,0.0030447499593719
meta_llama_llama_4_scout_17b_16e_instruct,GA_FIXED,sign_type,negative,5,True,True,[0.0],0.0,negative,9,800,0.0027469579363241
meta_llama_llama_4_scout_17b_16e_instruct,GA_FIXED,sign_type,negative,6,True,True,[0.0],0.0,negative,22,1840,0.0066490829922258
meta_llama_llama_4_scout_17b_16e_instruct,GA_FIXED,sign_type,negative,7,True,True,[0.0],0.0,negative,8,720,0.0024455410894006
meta_llama_llama_4_scout_17b_16e_instruct,GA_FIXED,sign_type,negative,8,True,True,[0.0],0.0,negative,17,1440,0.0051454160129651
meta_llama_llama_4_scout_17b_16e_instruct,GA_FIXED,sign_type,negative,9,True,True,[0.0],0.0,negative,5,480,0.0015452499501407
meta_llama_llama_4_scout_17b_16e_instruct,GA_FIXED,sign_type,negative,10,True,True,[0.0],0.0,negative,10,880,0.0030525000765919
meta_llama_llama_4_scout_17b_16e_instruct,GA_FIXED,sign_type,negative,11,True,True,[0.0],0.0,negative,10,880,0.0030796249629929
meta_llama_llama_4_scout_17b_16e_instruct,GA_FIXED,sign_type,negative,12,True,True,[0.0],0.0,negative,1,160,0.0003444999456405
meta_llama_llama_4_scout_17b_16e_instruct,GA_FIXED,sign_type,negative,13,True,True,[0.0],0.0,negative,14,1200,0.0042460409458726
meta_llama_llama_4_scout_17b_16e_instruct,GA_FIXED,sign_type,negative,14,True,True,[0.0],0.0,negative,5,480,0.0015516250859946
meta_llama_llama_4_scout_17b_16e_instruct,GA_FIXED,sign_type,negative,15,True,True,[0.0],0.0,negative,16,1360,0.0049126249505206
meta_llama_llama_4_scout_17b_16e_instruct,GA_FIXED,sign_type,negative,16,True,True,[0.0],0.0,negative,27,2240,0.0081567500019446
meta_llama_llama_4_scout_17b_16e_instruct,GA_FIXED,sign_type,negative,17,True,True,[0.0],0.0,negative,30,2480,0.0090997499646618
meta_llama_llama_4_scout_17b_16e_instruct,GA_FIXED,sign_type,negative,18,True,True,[0.0],0.0,negative,11,960,0.0033548329956829
meta_llama_llama_4_scout_17b_16e_instruct,GA_FIXED,sign_type,negative,19,True,True,[0.0],0.0,negative,6,560,0.0018752079922705
meta_llama_llama_4_scout_17b_16e_instruct,GA_FIXED,sign_type,negative,20,True,True,[0.0],0.0,negative,15,1280,0.0045394159387797
meta_llama_llama_4_scout_17b_16e_instruct,GA_FIXED,sign_type,negative,21,True,True,[0.0],0.0,negative,22,1840,0.0066352910362184
meta_llama_llama_4_scout_17b_16e_instruct,GA_FIXED,sign_type,negative,22,True,True,[0.0],0.0,negative,19,1600,0.0058392089558765
meta_llama_llama_4_scout_17b_16e_instruct,GA_FIXED,sign_type,negative,23,True,True,[0.0],0.0,negative,8,720,0.0024471250362694
meta_llama_llama_4_scout_17b_16e_instruct,GA_FIXED,sign_type,negative,24,True,True,[0.0],0.0,negative,4,400,0.0012522090692073
meta_llama_llama_4_scout_17b_16e_instruct,GA_FIXED,sign_type,negative,25,True,True,[0.0],0.0,negative,34,2800,0.0102609590394422
meta_llama_llama_4_scout_17b_16e_instruct,GA_FIXED,sign_type,negative,26,True,True,[0.0],0.0,negative,5,480,0.0015626249369233
meta_llama_llama_4_scout_17b_16e_instruct,GA_FIXED,sign_type,negative,27,True,True,[0.0],0.0,negative,38,3120,0.0114486670354381
meta_llama_llama_4_scout_17b_16e_instruct,GA_FIXED,sign_type,negative,28,True,True,[0.0],0.0,negative,35,2880,0.0106403330573812
meta_llama_llama_4_scout_17b_16e_instruct,GA_FIXED,sign_type,negative,29,True,True,[0.0],0.0,negative,18,1520,0.005445749964565
meta_llama_llama_4_scout_17b_16e_instruct,GA_FIXED,sign_type,positive,0,True,True,[242.62330713561298],0.0,positive,0,80,4.220905248075723e-05
meta_llama_llama_4_scout_17b_16e_instruct,GA_FIXED,sign_type,positive,1,True,True,[707.1929785474777],0.0,positive,0,80,3.945804201066494e-05
meta_llama_llama_4_scout_17b_16e_instruct,GA_FIXED,sign_type,positive,2,True,True,[911.3595826538891],0.0,positive,0,80,3.970798570662737e-05
meta_llama_llama_4_scout_17b_16e_instruct,GA_FIXED,sign_type,positive,3,True,True,[249.87716833899432],0.0,positive,0,80,3.9332895539700985e-05
meta_llama_llama_4_scout_17b_16e_instruct,GA_FIXED,sign_type,positive,4,True,True,[78.17471193029624],0.0,positive,0,80,4.0334067307412624e-05
meta_llama_llama_4_scout_17b_16e_instruct,GA_FIXED,sign_type,positive,5,True,True,[365.0903974469966],0.0,positive,0,80,3.954197745770216e-05
meta_llama_llama_4_scout_17b_16e_instruct,GA_FIXED,sign_type,positive,6,True,True,[820.188786700464],0.0,positive,0,80,3.883300814777613e-05
meta_llama_llama_4_scout_17b_16e_instruct,GA_FIXED,sign_type,positive,7,True,True,[558.3516233551779],0.0,positive,0,80,3.895792178809643e-05
meta_llama_llama_4_scout_17b_16e_instruct,GA_FIXED,sign_type,positive,8,True,True,[671.1290439182922],0.0,positive,0,80,3.966700751334429e-05
meta_llama_llama_4_scout_17b_16e_instruct,GA_FIXED,sign_type,positive,9,True,True,[626.1976729816793],0.0,positive,0,80,3.949995152652264e-05
meta_llama_llama_4_scout_17b_16e_instruct,GA_FIXED,sign_type,positive,10,True,True,[102.8750107721561],0.0,positive,0,80,3.954197745770216e-05
meta_llama_llama_4_scout_17b_16e_instruct,GA_FIXED,sign_type,positive,11,True,True,[215.33432049704248],0.0,positive,0,80,3.954197745770216e-05
meta_llama_llama_4_scout_17b_16e_instruct,GA_FIXED,sign_type,positive,12,True,True,[94.95760701073364],0.0,positive,0,80,3.958307206630707e-05
meta_llama_llama_4_scout_17b_16e_instruct,GA_FIXED,sign_type,positive,13,True,True,[172.19425439721647],0.0,positive,0,80,3.912497777491808e-05
meta_llama_llama_4_scout_17b_16e_instruct,GA_FIXED,sign_type,positive,14,True,True,[345.6131795992304],0.0,positive,0,80,3.954197745770216e-05
meta_llama_llama_4_scout_17b_16e_instruct,GA_FIXED,sign_type,positive,15,True,True,[549.1730068415263],0.0,positive,0,80,3.883405588567257e-05
meta_llama_llama_4_scout_17b_16e_instruct,GA_FIXED,sign_type,positive,16,True,True,[702.8956817613577],0.0,positive,0,80,3.920798189938069e-05
meta_llama_llama_4_scout_17b_16e_instruct,GA_FIXED,sign_type,positive,17,True,True,[642.469270784279],0.0,positive,0,80,3.9375037886202335e-05
meta_llama_llama_4_scout_17b_16e_instruct,GA_FIXED,sign_type,positive,18,True,True,[226.78482252205012],0.0,positive,0,80,3.887503407895565e-05
meta_llama_llama_4_scout_17b_16e_instruct,GA_FIXED,sign_type,positive,19,True,True,[288.4089891057875],0.0,positive,0,80,3.958307206630707e-05
meta_llama_llama_4_scout_17b_16e_instruct,GA_FIXED,sign_type,positive,20,True,True,[642.6573334004541],0.0,positive,0,80,3.962498158216477e-05
meta_llama_llama_4_scout_17b_16e_instruct,GA_FIXED,sign_type,positive,21,True,True,[131.38568584847732],0.0,positive,0,80,3.941694740206003e-05
meta_llama_llama_4_scout_17b_16e_instruct,GA_FIXED,sign_type,positive,22,True,True,[891.7364589123241],0.0,positive,0,80,3.912497777491808e-05
meta_llama_llama_4_scout_17b_16e_instruct,GA_FIXED,sign_type,positive,23,True,True,[926.6577872803632],0.0,positive,0,80,3.950006794184446e-05
meta_llama_llama_4_scout_17b_16e_instruct,GA_FIXED,sign_type,positive,24,True,True,[582.1455839538382],0.0,positive,0,80,3.912497777491808e-05
meta_llama_llama_4_scout_17b_16e_instruct,GA_FIXED,sign_type,positive,25,True,True,[988.8392327677659],0.0,positive,0,80,3.904104232788086e-05
meta_llama_llama_4_scout_17b_16e_instruct,GA_FIXED,sign_type,positive,26,True,True,[488.3116030498242],0.0,positive,0,80,3.920798189938069e-05
meta_llama_llama_4_scout_17b_16e_instruct,GA_FIXED,sign_type,positive,27,True,True,[927.2881770343705],0.0,positive,0,80,3.8958038203418255e-05
meta_llama_llama_4_scout_17b_16e_instruct,GA_FIXED,sign_type,positive,28,True,True,[189.06402645033938],0.0,positive,0,80,3.895896952599287e-05
meta_llama_llama_4_scout_17b_16e_instruct,GA_FIXED,sign_type,positive,29,True,True,[552.2593602269513],0.0,positive,0,80,3.999995533376932e-05
meta_llama_llama_4_scout_17b_16e_instruct,GA_FIXED,sign_type,zero,0,True,True,[0.0],0.0,zero,15,1280,0.0045730830170214
meta_llama_llama_4_scout_17b_16e_instruct,GA_FIXED,sign_type,zero,1,True,True,[0.0],0.0,zero,34,2800,0.0102758330758661
meta_llama_llama_4_scout_17b_16e_instruct,GA_FIXED,sign_type,zero,2,True,True,[0.0],0.0,zero,15,1280,0.0045642500044777
meta_llama_llama_4_scout_17b_16e_instruct,GA_FIXED,sign_type,zero,3,True,True,[0.0],0.0,zero,30,2480,0.0091212090337648
meta_llama_llama_4_scout_17b_16e_instruct,GA_FIXED,sign_type,zero,4,True,True,[0.0],0.0,zero,8,720,0.0025045409565791
meta_llama_llama_4_scout_17b_16e_instruct,GA_FIXED,sign_type,zero,5,True,True,[0.0],0.0,zero,15,1280,0.0046083339257165
meta_llama_llama_4_scout_17b_16e_instruct,GA_FIXED,sign_type,zero,6,True,True,[0.0],0.0,zero,20,1680,0.0060811670264229
meta_llama_llama_4_scout_17b_16e_instruct,GA_FIXED,sign_type,zero,7,True,True,[0.0],0.0,zero,26,2160,0.0078731660032644
meta_llama_llama_4_scout_17b_16e_instruct,GA_FIXED,sign_type,zero,8,True,True,[0.0],0.0,zero,14,1200,0.0042640420142561
meta_llama_llama_4_scout_17b_16e_instruct,GA_FIXED,sign_type,zero,9,True,True,[0.0],0.0,zero,5,480,0.0015636249445378
meta_llama_llama_4_scout_17b_16e_instruct,GA_FIXED,sign_type,zero,10,True,True,[0.0],0.0,zero,6,560,0.0018527500797063
meta_llama_llama_4_scout_17b_16e_instruct,GA_FIXED,sign_type,zero,11,True,True,[0.0],0.0,zero,20,1680,0.0060754580190405
meta_llama_llama_4_scout_17b_16e_instruct,GA_FIXED,sign_type,zero,12,True,True,[0.0],0.0,zero,10,880,0.0031232079491019
meta_llama_llama_4_scout_17b_16e_instruct,GA_FIXED,sign_type,zero,13,True,True,[0.0],0.0,zero,38,3120,0.0114781250013038
meta_llama_llama_4_scout_17b_16e_instruct,GA_FIXED,sign_type,zero,14,True,True,[0.0],0.0,zero,10,880,0.0030507500050589
meta_llama_llama_4_scout_17b_16e_instruct,GA_FIXED,sign_type,zero,15,True,True,[0.0],0.0,zero,12,1040,0.0036587918875738
meta_llama_llama_4_scout_17b_16e_instruct,GA_FIXED,sign_type,zero,16,True,True,[0.0],0.0,zero,21,1760,0.0063885840354487
meta_llama_llama_4_scout_17b_16e_instruct,GA_FIXED,sign_type,zero,17,True,True,[0.0],0.0,zero,9,800,0.0027706669643521
meta_llama_llama_4_scout_17b_16e_instruct,GA_FIXED,sign_type,zero,18,True,True,[0.0],0.0,zero,13,1120,0.0039577499264851
meta_llama_llama_4_scout_17b_16e_instruct,GA_FIXED,sign_type,zero,19,True,True,[0.0],0.0,zero,6,560,0.0018478330457583
meta_llama_llama_4_scout_17b_16e_instruct,GA_FIXED,sign_type,zero,20,True,True,[0.0],0.0,zero,31,2560,0.0095148750115185
meta_llama_llama_4_scout_17b_16e_instruct,GA_FIXED,sign_type,zero,21,True,True,[0.0],0.0,zero,4,400,0.0012769169406965
meta_llama_llama_4_scout_17b_16e_instruct,GA_FIXED,sign_type,zero,22,True,True,[0.0],0.0,zero,14,1200,0.0042896659579128
meta_llama_llama_4_scout_17b_16e_instruct,GA_FIXED,sign_type,zero,23,True,True,[0.0],0.0,zero,17,1440,0.0052040410228073
meta_llama_llama_4_scout_17b_16e_instruct,GA_FIXED,sign_type,zero,24,True,True,[0.0],0.0,zero,13,1120,0.004004165995866
meta_llama_llama_4_scout_17b_16e_instruct,GA_FIXED,sign_type,zero,25,True,True,[0.0],0.0,zero,15,1280,0.0045885000145062
meta_llama_llama_4_scout_17b_16e_instruct,GA_FIXED,sign_type,zero,26,True,True,[0.0],0.0,zero,17,1440,0.0051889170426875
meta_llama_llama_4_scout_17b_16e_instruct,GA_FIXED,sign_type,zero,27,True,True,[0.0],0.0,zero,12,1040,0.0036973329260945
meta_llama_llama_4_scout_17b_16e_instruct,GA_FIXED,sign_type,zero,28,True,True,[0.0],0.0,zero,4,400,0.0012835829984396
meta_llama_llama_4_scout_17b_16e_instruct,GA_FIXED,sign_type,zero,29,True,True,[0.0],0.0,zero,4,400,0.0012793749338015
meta_llama_llama_4_scout_17b_16e_instruct,GA_FIXED,string_category,empty,0,True,True,[''],0.0,empty,0,80,0.000177290989086
meta_llama_llama_4_scout_17b_16e_instruct,GA_FIXED,string_category,empty,1,True,True,[''],0.0,empty,0,80,0.0001439999323338
meta_llama_llama_4_scout_17b_16e_instruct,GA_FIXED,string_category,empty,2,True,True,[''],0.0,empty,0,80,0.0001493329182267
meta_llama_llama_4_scout_17b_16e_instruct,GA_FIXED,string_category,empty,3,True,True,[''],0.0,empty,0,80,0.000156958005391
meta_llama_llama_4_scout_17b_16e_instruct,GA_FIXED,string_category,empty,4,True,True,[''],0.0,empty,0,80,0.0001487080007791
meta_llama_llama_4_scout_17b_16e_instruct,GA_FIXED,string_category,empty,5,True,True,[''],0.0,empty,0,80,0.0001469160197302
meta_llama_llama_4_scout_17b_16e_instruct,GA_FIXED,string_category,empty,6,True,True,[''],0.0,empty,0,80,0.0001542919781059
meta_llama_llama_4_scout_17b_16e_instruct,GA_FIXED,string_category,empty,7,True,True,[''],0.0,empty,0,80,0.0001537499483674
meta_llama_llama_4_scout_17b_16e_instruct,GA_FIXED,string_category,empty,8,True,True,[''],0.0,empty,0,80,0.0001492500305175
meta_llama_llama_4_scout_17b_16e_instruct,GA_FIXED,string_category,empty,9,True,True,[''],0.0,empty,0,80,0.0001523750834167
meta_llama_llama_4_scout_17b_16e_instruct,GA_FIXED,string_category,empty,10,True,True,[''],0.0,empty,0,80,0.0001537080388516
meta_llama_llama_4_scout_17b_16e_instruct,GA_FIXED,string_category,empty,11,True,True,[''],0.0,empty,0,80,0.0001422920031473
meta_llama_llama_4_scout_17b_16e_instruct,GA_FIXED,string_category,empty,12,True,True,[''],0.0,empty,0,80,0.0001431669807061
meta_llama_llama_4_scout_17b_16e_instruct,GA_FIXED,string_category,empty,13,True,True,[''],0.0,empty,0,80,0.0001548749860376
meta_llama_llama_4_scout_17b_16e_instruct,GA_FIXED,string_category,empty,14,True,True,[''],0.0,empty,0,80,0.0001511250156909
meta_llama_llama_4_scout_17b_16e_instruct,GA_FIXED,string_category,empty,15,True,True,[''],0.0,empty,0,80,0.000152583932504
meta_llama_llama_4_scout_17b_16e_instruct,GA_FIXED,string_category,empty,16,True,True,[''],0.0,empty,0,80,0.000145792029798
meta_llama_llama_4_scout_17b_16e_instruct,GA_FIXED,string_category,empty,17,True,True,[''],0.0,empty,0,80,0.0001443750225007
meta_llama_llama_4_scout_17b_16e_instruct,GA_FIXED,string_category,empty,18,True,True,[''],0.0,empty,0,80,0.0001467500114813
meta_llama_llama_4_scout_17b_16e_instruct,GA_FIXED,string_category,empty,19,True,True,[''],0.0,empty,0,80,0.0001496670302003
meta_llama_llama_4_scout_17b_16e_instruct,GA_FIXED,string_category,empty,20,True,True,[''],0.0,empty,0,80,0.0001496670302003
meta_llama_llama_4_scout_17b_16e_instruct,GA_FIXED,string_category,empty,21,True,True,[''],0.0,empty,0,80,0.0001507919514551
meta_llama_llama_4_scout_17b_16e_instruct,GA_FIXED,string_category,empty,22,True,True,[''],0.0,empty,0,80,0.0001551669556647
meta_llama_llama_4_scout_17b_16e_instruct,GA_FIXED,string_category,empty,23,True,True,[''],0.0,empty,0,80,0.0001511250156909
meta_llama_llama_4_scout_17b_16e_instruct,GA_FIXED,string_category,empty,24,True,True,[''],0.0,empty,0,80,0.0001516250194981
meta_llama_llama_4_scout_17b_16e_instruct,GA_FIXED,string_category,empty,25,True,True,[''],0.0,empty,0,80,0.0001508339773863
meta_llama_llama_4_scout_17b_16e_instruct,GA_FIXED,string_category,empty,26,True,True,[''],0.0,empty,0,80,0.0001561250537633
meta_llama_llama_4_scout_17b_16e_instruct,GA_FIXED,string_category,empty,27,True,True,[''],0.0,empty,0,80,0.000148749910295
meta_llama_llama_4_scout_17b_16e_instruct,GA_FIXED,string_category,empty,28,True,True,[''],0.0,empty,0,80,0.0001466249814257
meta_llama_llama_4_scout_17b_16e_instruct,GA_FIXED,string_category,empty,29,True,True,[''],0.0,empty,0,80,0.0001518329372629
meta_llama_llama_4_scout_17b_16e_instruct,GA_FIXED,string_category,long_non_palindrome,0,True,True,['EEqGM'],0.0,long_non_palindrome,0,80,0.000146625097841
meta_llama_llama_4_scout_17b_16e_instruct,GA_FIXED,string_category,long_non_palindrome,1,True,True,['4Nxpzj8Ph3Bge'],0.0,long_non_palindrome,0,80,0.0001468749251216
meta_llama_llama_4_scout_17b_16e_instruct,GA_FIXED,string_category,long_non_palindrome,2,True,True,['0ojnTsB'],0.0,long_non_palindrome,0,80,0.0001537089701741
meta_llama_llama_4_scout_17b_16e_instruct,GA_FIXED,string_category,long_non_palindrome,3,True,True,['YKSGGQ9wT4'],0.0,long_non_palindrome,0,80,0.0001439170446246
meta_llama_llama_4_scout_17b_16e_instruct,GA_FIXED,string_category,long_non_palindrome,4,True,True,['wq8yNNIiXi7iAS'],0.0,long_non_palindrome,0,80,0.0001497499179095
meta_llama_llama_4_scout_17b_16e_instruct,GA_FIXED,string_category,long_non_palindrome,5,True,True,['5zCa5PtA6Z'],0.0,long_non_palindrome,0,80,0.0001508339773863
meta_llama_llama_4_scout_17b_16e_instruct,GA_FIXED,string_category,long_non_palindrome,6,True,True,['qOwj2hKD9i9e'],0.0,long_non_palindrome,0,80,0.0001493750605732
meta_llama_llama_4_scout_17b_16e_instruct,GA_FIXED,string_category,long_non_palindrome,7,True,True,['r5RRuBMn'],0.0,long_non_palindrome,0,80,0.0001480840146541
meta_llama_llama_4_scout_17b_16e_instruct,GA_FIXED,string_category,long_non_palindrome,8,True,True,['RkoPlhH'],0.0,long_non_palindrome,0,80,0.0001502080122008
meta_llama_llama_4_scout_17b_16e_instruct,GA_FIXED,string_category,long_non_palindrome,9,True,True,['UnLSH'],0.0,long_non_palindrome,0,80,0.0001488750567659
meta_llama_llama_4_scout_17b_16e_instruct,GA_FIXED,string_category,long_non_palindrome,10,True,True,['MYnjoEqc'],0.0,long_non_palindrome,0,80,0.0001449170522391
meta_llama_llama_4_scout_17b_16e_instruct,GA_FIXED,string_category,long_non_palindrome,11,True,True,['kdm3lgkQpw'],0.0,long_non_palindrome,0,80,0.00014741695486
meta_llama_llama_4_scout_17b_16e_instruct,GA_FIXED,string_category,long_non_palindrome,12,True,True,['US2pBF9LYsXnfHD'],0.0,long_non_palindrome,0,80,0.0001531250309199
meta_llama_llama_4_scout_17b_16e_instruct,GA_FIXED,string_category,long_non_palindrome,13,True,True,['iK4ohIP3OIHp4q'],0.0,long_non_palindrome,0,80,0.0001538749784231
meta_llama_llama_4_scout_17b_16e_instruct,GA_FIXED,string_category,long_non_palindrome,14,True,True,['pK3zS67HKXDkT9'],0.0,long_non_palindrome,0,80,0.0001568750012665
meta_llama_llama_4_scout_17b_16e_instruct,GA_FIXED,string_category,long_non_palindrome,15,True,True,['girCjYD1'],0.0,long_non_palindrome,0,80,0.0001482910010963
meta_llama_llama_4_scout_17b_16e_instruct,GA_FIXED,string_category,long_non_palindrome,16,True,True,['PV0THx4'],0.0,long_non_palindrome,0,80,0.0001583329867571
meta_llama_llama_4_scout_17b_16e_instruct,GA_FIXED,string_category,long_non_palindrome,17,True,True,['vvw9Sk6'],0.0,long_non_palindrome,0,80,0.0001475419849157
meta_llama_llama_4_scout_17b_16e_instruct,GA_FIXED,string_category,long_non_palindrome,18,True,True,['lwBKA4MlfLMct'],0.0,long_non_palindrome,0,80,0.0001571669708937
meta_llama_llama_4_scout_17b_16e_instruct,GA_FIXED,string_category,long_non_palindrome,19,True,True,['lcmuhoDFPp'],0.0,long_non_palindrome,0,80,0.0001467079855501
meta_llama_llama_4_scout_17b_16e_instruct,GA_FIXED,string_category,long_non_palindrome,20,True,True,['shiSyOBCrGPuyL'],0.0,long_non_palindrome,0,80,0.0001646250020712
meta_llama_llama_4_scout_17b_16e_instruct,GA_FIXED,string_category,long_non_palindrome,21,True,True,['ifTQizCH7qLb'],0.0,long_non_palindrome,0,80,0.0001616660738363
meta_llama_llama_4_scout_17b_16e_instruct,GA_FIXED,string_category,long_non_palindrome,22,True,True,['R3CKk5a5'],0.0,long_non_palindrome,0,80,0.0001462089130654
meta_llama_llama_4_scout_17b_16e_instruct,GA_FIXED,string_category,long_non_palindrome,23,True,True,['RJW9b7Zjr'],0.0,long_non_palindrome,0,80,0.0001527499407529
meta_llama_llama_4_scout_17b_16e_instruct,GA_FIXED,string_category,long_non_palindrome,24,True,True,['Dsy62'],0.0,long_non_palindrome,0,80,0.0001442910870537
meta_llama_llama_4_scout_17b_16e_instruct,GA_FIXED,string_category,long_non_palindrome,25,True,True,['nLLmRaQQX'],0.0,long_non_palindrome,0,80,0.0001502089435234
meta_llama_llama_4_scout_17b_16e_instruct,GA_FIXED,string_category,long_non_palindrome,26,True,True,['B8QFK'],0.0,long_non_palindrome,0,80,0.0001419589389115
meta_llama_llama_4_scout_17b_16e_instruct,GA_FIXED,string_category,long_non_palindrome,27,True,True,['pCmnEkkK'],0.0,long_non_palindrome,0,80,0.0001508329296484
meta_llama_llama_4_scout_17b_16e_instruct,GA_FIXED,string_category,long_non_palindrome,28,True,True,['4Cilus8OCyQ'],0.0,long_non_palindrome,0,80,0.000157875008881
meta_llama_llama_4_scout_17b_16e_instruct,GA_FIXED,string_category,long_non_palindrome,29,True,True,['yYKhaE3'],0.0,long_non_palindrome,0,80,0.0001490829745307
meta_llama_llama_4_scout_17b_16e_instruct,GA_FIXED,string_category,long_palindrome,0,True,True,['iti'],0.0,long_palindrome,20,1680,0.00650224997662
meta_llama_llama_4_scout_17b_16e_instruct,GA_FIXED,string_category,long_palindrome,1,False,False,['4xjx1k73'],1.0,,0,8080,0.0318402090342715
meta_llama_llama_4_scout_17b_16e_instruct,GA_FIXED,string_category,long_palindrome,2,True,True,['QeQ'],0.0,long_palindrome,51,4160,0.016330000013113
meta_llama_llama_4_scout_17b_16e_instruct,GA_FIXED,string_category,long_palindrome,3,False,False,['ROPl58BVNt56'],1.0,,0,8080,0.0316904169740155
meta_llama_llama_4_scout_17b_16e_instruct,GA_FIXED,string_category,long_palindrome,4,True,True,['E6E'],0.0,long_palindrome,27,2240,0.0086359160486608
meta_llama_llama_4_scout_17b_16e_instruct,GA_FIXED,string_category,long_palindrome,5,True,True,['scs'],0.0,long_palindrome,0,80,0.0001634579384699
meta_llama_llama_4_scout_17b_16e_instruct,GA_FIXED,string_category,long_palindrome,6,True,True,['bib'],0.0,long_palindrome,19,1600,0.0061031249351799
meta_llama_llama_4_scout_17b_16e_instruct,GA_FIXED,string_category,long_palindrome,7,False,False,['hwHDsM'],1.0,,0,8080,0.0315580420428887
meta_llama_llama_4_scout_17b_16e_instruct,GA_FIXED,string_category,long_palindrome,8,True,True,['ZxZ'],0.0,long_palindrome,2,240,0.000804458046332
meta_llama_llama_4_scout_17b_16e_instruct,GA_FIXED,string_category,long_palindrome,9,False,False,['ETJ2QxcTsg'],1.0,,0,8080,0.0327689159894362
meta_llama_llama_4_scout_17b_16e_instruct,GA_FIXED,string_category,long_palindrome,10,True,True,['5J5'],0.0,long_palindrome,0,80,0.000170583021827
meta_llama_llama_4_scout_17b_16e_instruct,GA_FIXED,string_category,long_palindrome,11,True,True,['XwX'],0.0,long_palindrome,7,640,0.0027977909194305
meta_llama_llama_4_scout_17b_16e_instruct,GA_FIXED,string_category,long_palindrome,12,False,False,['T7RIIZzmF85qZb'],1.0,,0,8080,0.0344600829994306
meta_llama_llama_4_scout_17b_16e_instruct,GA_FIXED,string_category,long_palindrome,13,True,True,['6F6'],0.0,long_palindrome,24,2000,0.0089702919358387
meta_llama_llama_4_scout_17b_16e_instruct,GA_FIXED,string_category,long_palindrome,14,True,True,['yWy'],0.0,long_palindrome,7,640,0.002625250024721
meta_llama_llama_4_scout_17b_16e_instruct,GA_FIXED,string_category,long_palindrome,15,False,False,['V204uC8m1'],1.0,,0,8080,0.0340835000388324
meta_llama_llama_4_scout_17b_16e_instruct,GA_FIXED,string_category,long_palindrome,16,False,False,['kLvMLxaTQtHfncK'],1.0,,0,8080,0.0372924170223996
meta_llama_llama_4_scout_17b_16e_instruct,GA_FIXED,string_category,long_palindrome,17,True,True,['LFL'],0.0,long_palindrome,30,2480,0.0102110829902812
meta_llama_llama_4_scout_17b_16e_instruct,GA_FIXED,string_category,long_palindrome,18,True,True,['KiK'],0.0,long_palindrome,33,2720,0.0109912080224603
meta_llama_llama_4_scout_17b_16e_instruct,GA_FIXED,string_category,long_palindrome,19,False,False,['SjvTFuLP'],1.0,,0,8080,0.0325170829892158
meta_llama_llama_4_scout_17b_16e_instruct,GA_FIXED,string_category,long_palindrome,20,False,False,['JRHqBIRklDgwt'],1.0,,0,8080,0.0328869170043617
meta_llama_llama_4_scout_17b_16e_instruct,GA_FIXED,string_category,long_palindrome,21,True,True,['yly'],0.0,long_palindrome,60,4880,0.019173959037289
meta_llama_llama_4_scout_17b_16e_instruct,GA_FIXED,string_category,long_palindrome,22,False,False,['2UG1Bl'],1.0,,0,8080,0.0318381660617888
meta_llama_llama_4_scout_17b_16e_instruct,GA_FIXED,string_category,long_palindrome,23,True,True,['lbl'],0.0,long_palindrome,76,6160,0.0243080420186743
meta_llama_llama_4_scout_17b_16e_instruct,GA_FIXED,string_category,long_palindrome,24,True,True,['flwwlf'],0.0,long_palindrome,30,2480,0.009647833998315
meta_llama_llama_4_scout_17b_16e_instruct,GA_FIXED,string_category,long_palindrome,25,False,False,['KQzs'],1.0,,0,8080,0.0324470419436693
meta_llama_llama_4_scout_17b_16e_instruct,GA_FIXED,string_category,long_palindrome,26,True,True,['QOQ'],0.0,long_palindrome,0,80,0.0001731660449877
meta_llama_llama_4_scout_17b_16e_instruct,GA_FIXED,string_category,long_palindrome,27,True,True,['u1u'],0.0,long_palindrome,7,640,0.002426459104754
meta_llama_llama_4_scout_17b_16e_instruct,GA_FIXED,string_category,long_palindrome,28,True,True,['HgH'],0.0,long_palindrome,0,80,0.000170208979398
meta_llama_llama_4_scout_17b_16e_instruct,GA_FIXED,string_category,long_palindrome,29,True,True,['RSR'],0.0,long_palindrome,37,3040,0.0121297501027584
meta_llama_llama_4_scout_17b_16e_instruct,GA_FIXED,string_category,other,0,True,True,['R8F'],0.0,other,0,80,0.0001490419963374
meta_llama_llama_4_scout_17b_16e_instruct,GA_FIXED,string_category,other,1,True,True,['6x0J'],0.0,other,0,80,0.0001547920983284
meta_llama_llama_4_scout_17b_16e_instruct,GA_FIXED,string_category,other,2,True,True,['6doMV'],0.0,other,0,80,0.0001438750186935
meta_llama_llama_4_scout_17b_16e_instruct,GA_FIXED,string_category,other,3,True,True,['Vi0g'],0.0,other,0,80,0.0001395839499309
meta_llama_llama_4_scout_17b_16e_instruct,GA_FIXED,string_category,other,4,True,True,['WMo'],0.0,other,0,80,0.000150250038132
meta_llama_llama_4_scout_17b_16e_instruct,GA_FIXED,string_category,other,5,True,True,['or'],0.0,other,0,80,0.0001561669632792
meta_llama_llama_4_scout_17b_16e_instruct,GA_FIXED,string_category,other,6,True,True,['q7Nn2'],0.0,other,0,80,0.0001542499521747
meta_llama_llama_4_scout_17b_16e_instruct,GA_FIXED,string_category,other,7,True,True,['HJQty'],0.0,other,0,80,0.0001497908961027
meta_llama_llama_4_scout_17b_16e_instruct,GA_FIXED,string_category,other,8,True,True,['w4LPV'],0.0,other,0,80,0.000154040986672
meta_llama_llama_4_scout_17b_16e_instruct,GA_FIXED,string_category,other,9,True,True,['REr29'],0.0,other,0,80,0.000146250007674
meta_llama_llama_4_scout_17b_16e_instruct,GA_FIXED,string_category,other,10,True,True,['EK6'],0.0,other,0,80,0.0001432499848306
meta_llama_llama_4_scout_17b_16e_instruct,GA_FIXED,string_category,other,11,True,True,['8YSgb'],0.0,other,0,80,0.0001497080083936
meta_llama_llama_4_scout_17b_16e_instruct,GA_FIXED,string_category,other,12,True,True,['SUu93'],0.0,other,0,80,0.0001492080045863
meta_llama_llama_4_scout_17b_16e_instruct,GA_FIXED,string_category,other,13,True,True,['5eJB3'],0.0,other,0,80,0.0001463750377297
meta_llama_llama_4_scout_17b_16e_instruct,GA_FIXED,string_category,other,14,True,True,['jHf'],0.0,other,0,80,0.0001473339507356
meta_llama_llama_4_scout_17b_16e_instruct,GA_FIXED,string_category,other,15,True,True,['4ZA'],0.0,other,0,80,0.0001625000732019
meta_llama_llama_4_scout_17b_16e_instruct,GA_FIXED,string_category,other,16,True,True,['9ys'],0.0,other,0,80,0.0001523749670013
meta_llama_llama_4_scout_17b_16e_instruct,GA_FIXED,string_category,other,17,True,True,['Z9fpS'],0.0,other,0,80,0.0001451249700039
meta_llama_llama_4_scout_17b_16e_instruct,GA_FIXED,string_category,other,18,True,True,['kt4Y'],0.0,other,0,80,0.0001538329524919
meta_llama_llama_4_scout_17b_16e_instruct,GA_FIXED,string_category,other,19,True,True,['djWVk'],0.0,other,0,80,0.0001562079414725
meta_llama_llama_4_scout_17b_16e_instruct,GA_FIXED,string_category,other,20,True,True,['74p'],0.0,other,0,80,0.0001454169396311
meta_llama_llama_4_scout_17b_16e_instruct,GA_FIXED,string_category,other,21,True,True,['Wsjb'],0.0,other,0,80,0.000150040956214
meta_llama_llama_4_scout_17b_16e_instruct,GA_FIXED,string_category,other,22,True,True,['3HV8'],0.0,other,0,80,0.0001459999475628
meta_llama_llama_4_scout_17b_16e_instruct,GA_FIXED,string_category,other,23,True,True,['3Dk'],0.0,other,0,80,0.0001509169815108
meta_llama_llama_4_scout_17b_16e_instruct,GA_FIXED,string_category,other,24,True,True,['0Q'],0.0,other,0,80,0.0001405000220984
meta_llama_llama_4_scout_17b_16e_instruct,GA_FIXED,string_category,other,25,True,True,['xtrtp'],0.0,other,0,80,0.0001617080997675
meta_llama_llama_4_scout_17b_16e_instruct,GA_FIXED,string_category,other,26,True,True,['wRBL4'],0.0,other,0,80,0.0001468750415369
meta_llama_llama_4_scout_17b_16e_instruct,GA_FIXED,string_category,other,27,True,True,['Q18'],0.0,other,0,80,0.0001498339697718
meta_llama_llama_4_scout_17b_16e_instruct,GA_FIXED,string_category,other,28,True,True,['vz'],0.0,other,0,80,0.0001532089663669
meta_llama_llama_4_scout_17b_16e_instruct,GA_FIXED,string_category,other,29,True,True,['S1x9'],0.0,other,0,80,0.0001493749441578
meta_llama_llama_4_scout_17b_16e_instruct,GA_FIXED,string_category,short_palindrome,0,True,True,['8'],0.0,short_palindrome,0,80,0.0001655831001698
meta_llama_llama_4_scout_17b_16e_instruct,GA_FIXED,string_category,short_palindrome,1,True,True,['Q'],0.0,short_palindrome,0,80,0.0001575839705765
meta_llama_llama_4_scout_17b_16e_instruct,GA_FIXED,string_category,short_palindrome,2,True,True,[''],0.0,short_palindrome,0,80,0.0001535000046715
meta_llama_llama_4_scout_17b_16e_instruct,GA_FIXED,string_category,short_palindrome,3,True,True,[''],0.0,short_palindrome,0,80,0.0001509999856352
meta_llama_llama_4_scout_17b_16e_instruct,GA_FIXED,string_category,short_palindrome,4,True,True,[''],0.0,short_palindrome,0,80,0.0001560420496389
meta_llama_llama_4_scout_17b_16e_instruct,GA_FIXED,string_category,short_palindrome,5,True,True,['E'],0.0,short_palindrome,0,80,0.0001499160425737
meta_llama_llama_4_scout_17b_16e_instruct,GA_FIXED,string_category,short_palindrome,6,True,True,['W'],0.0,short_palindrome,0,80,0.0001540839439257
meta_llama_llama_4_scout_17b_16e_instruct,GA_FIXED,string_category,short_palindrome,7,True,True,['b'],0.0,short_palindrome,0,80,0.0001445000525563
meta_llama_llama_4_scout_17b_16e_instruct,GA_FIXED,string_category,short_palindrome,8,True,True,['D'],0.0,short_palindrome,0,80,0.0001581669785082
meta_llama_llama_4_scout_17b_16e_instruct,GA_FIXED,string_category,short_palindrome,9,True,True,[''],0.0,short_palindrome,0,80,0.0001472500152885
meta_llama_llama_4_scout_17b_16e_instruct,GA_FIXED,string_category,short_palindrome,10,True,True,[''],0.0,short_palindrome,0,80,0.0001509999856352
meta_llama_llama_4_scout_17b_16e_instruct,GA_FIXED,string_category,short_palindrome,11,True,True,[''],0.0,short_palindrome,0,80,0.0001522499369457
meta_llama_llama_4_scout_17b_16e_instruct,GA_FIXED,string_category,short_palindrome,12,True,True,['8'],0.0,short_palindrome,0,80,0.0001480829669162
meta_llama_llama_4_scout_17b_16e_instruct,GA_FIXED,string_category,short_palindrome,13,True,True,['v'],0.0,short_palindrome,0,80,0.0001544579863548
meta_llama_llama_4_scout_17b_16e_instruct,GA_FIXED,string_category,short_palindrome,14,True,True,[''],0.0,short_palindrome,0,80,0.0001543749822303
meta_llama_llama_4_scout_17b_16e_instruct,GA_FIXED,string_category,short_palindrome,15,True,True,['R'],0.0,short_palindrome,0,80,0.0001622500130906
meta_llama_llama_4_scout_17b_16e_instruct,GA_FIXED,string_category,short_palindrome,16,True,True,['z'],0.0,short_palindrome,0,80,0.0001517089549452
meta_llama_llama_4_scout_17b_16e_instruct,GA_FIXED,string_category,short_palindrome,17,True,True,[''],0.0,short_palindrome,0,80,0.0001533339964225
meta_llama_llama_4_scout_17b_16e_instruct,GA_FIXED,string_category,short_palindrome,18,True,True,[''],0.0,short_palindrome,0,80,0.0001580839743837
meta_llama_llama_4_scout_17b_16e_instruct,GA_FIXED,string_category,short_palindrome,19,True,True,[''],0.0,short_palindrome,0,80,0.0001550000160932
meta_llama_llama_4_scout_17b_16e_instruct,GA_FIXED,string_category,short_palindrome,20,True,True,[''],0.0,short_palindrome,0,80,0.0001640409464016
meta_llama_llama_4_scout_17b_16e_instruct,GA_FIXED,string_category,short_palindrome,21,True,True,['5'],0.0,short_palindrome,0,80,0.0001509580761194
meta_llama_llama_4_scout_17b_16e_instruct,GA_FIXED,string_category,short_palindrome,22,True,True,['u'],0.0,short_palindrome,0,80,0.0001632079947739
meta_llama_llama_4_scout_17b_16e_instruct,GA_FIXED,string_category,short_palindrome,23,True,True,['N'],0.0,short_palindrome,0,80,0.000153207918629
meta_llama_llama_4_scout_17b_16e_instruct,GA_FIXED,string_category,short_palindrome,24,True,True,['E'],0.0,short_palindrome,0,80,0.0001441669883206
meta_llama_llama_4_scout_17b_16e_instruct,GA_FIXED,string_category,short_palindrome,25,True,True,['0'],0.0,short_palindrome,0,80,0.0001479579368606
meta_llama_llama_4_scout_17b_16e_instruct,GA_FIXED,string_category,short_palindrome,26,True,True,['M'],0.0,short_palindrome,0,80,0.0001529169967398
meta_llama_llama_4_scout_17b_16e_instruct,GA_FIXED,string_category,short_palindrome,27,True,True,[''],0.0,short_palindrome,0,80,0.000146416015923
meta_llama_llama_4_scout_17b_16e_instruct,GA_FIXED,string_category,short_palindrome,28,True,True,['d'],0.0,short_palindrome,0,80,0.0001518339850008
meta_llama_llama_4_scout_17b_16e_instruct,GA_FIXED,string_category,short_palindrome,29,True,True,['m'],0.0,short_palindrome,0,80,0.0001543749822303
meta_llama_llama_4_scout_17b_16e_instruct,GA_ADAPTIVE,bmi_category,invalid_height,0,False,False,"[119.3700566706258, 1.0]",1.0,,1,8080,0.038271875004284
meta_llama_llama_4_scout_17b_16e_instruct,GA_ADAPTIVE,bmi_category,invalid_height,1,False,False,"[36.179138260648706, 1.0]",1.0,,1,8080,0.0381240000715479
meta_llama_llama_4_scout_17b_16e_instruct,GA_ADAPTIVE,bmi_category,invalid_height,2,False,False,"[121.59499854170004, 1.0]",1.0,,1,8080,0.0380955839063972
meta_llama_llama_4_scout_17b_16e_instruct,GA_ADAPTIVE,bmi_category,invalid_height,3,False,False,"[22.49234619370512, 1.0]",1.0,,1,8080,0.0380443329922854
meta_llama_llama_4_scout_17b_16e_instruct,GA_ADAPTIVE,bmi_category,invalid_height,4,False,False,"[159.22943461063926, 1.0]",1.0,,1,8080,0.03806433302816
meta_llama_llama_4_scout_17b_16e_instruct,GA_ADAPTIVE,bmi_category,invalid_height,5,False,False,"[179.54375449558538, 1.0]",1.0,,1,8080,0.0382606249768286
meta_llama_llama_4_scout_17b_16e_instruct,GA_ADAPTIVE,bmi_category,invalid_height,6,False,False,"[168.54888132408664, 1.0]",1.0,,1,8080,0.038681500009261
meta_llama_llama_4_scout_17b_16e_instruct,GA_ADAPTIVE,bmi_category,invalid_height,7,False,False,"[115.40641940066634, 1.0]",1.0,,1,8080,0.038668958004564
meta_llama_llama_4_scout_17b_16e_instruct,GA_ADAPTIVE,bmi_category,invalid_height,8,False,False,"[73.39223952003087, 1.0]",1.0,,1,8080,0.0383325839648023
meta_llama_llama_4_scout_17b_16e_instruct,GA_ADAPTIVE,bmi_category,invalid_height,9,False,False,"[108.33706261082429, 1.0]",1.0,,1,8080,0.0383528330130502
meta_llama_llama_4_scout_17b_16e_instruct,GA_ADAPTIVE,bmi_category,invalid_height,10,False,False,"[82.15420696743662, 1.0]",1.0,,1,8080,0.0382439169334247
meta_llama_llama_4_scout_17b_16e_instruct,GA_ADAPTIVE,bmi_category,invalid_height,11,False,False,"[130.67033027297347, 1.0]",1.0,,1,8080,0.0383010830264538
meta_llama_llama_4_scout_17b_16e_instruct,GA_ADAPTIVE,bmi_category,invalid_height,12,False,False,"[187.34044513582023, 1.0]",1.0,,1,8080,0.0382450829492881
meta_llama_llama_4_scout_17b_16e_instruct,GA_ADAPTIVE,bmi_category,invalid_height,13,False,False,"[195.32466843345517, 1.0]",1.0,,1,8080,0.0381105419946834
meta_llama_llama_4_scout_17b_16e_instruct,GA_ADAPTIVE,bmi_category,invalid_height,14,False,False,"[185.49867246819093, 1.0]",1.0,,1,8080,0.0383946250658482
meta_llama_llama_4_scout_17b_16e_instruct,GA_ADAPTIVE,bmi_category,invalid_height,15,False,False,"[24.76634264874896, 1.0]",1.0,,1,8080,0.0386834170203655
meta_llama_llama_4_scout_17b_16e_instruct,GA_ADAPTIVE,bmi_category,invalid_height,16,False,False,"[44.44750663364714, 1.0]",1.0,,1,8080,0.0386536249425262
meta_llama_llama_4_scout_17b_16e_instruct,GA_ADAPTIVE,bmi_category,invalid_height,17,False,False,"[63.40399675902281, 1.0]",1.0,,1,8080,0.0383108330424875
meta_llama_llama_4_scout_17b_16e_instruct,GA_ADAPTIVE,bmi_category,invalid_height,18,False,False,"[133.54550557043538, 1.0]",1.0,,1,8080,0.0382517500547692
meta_llama_llama_4_scout_17b_16e_instruct,GA_ADAPTIVE,bmi_category,invalid_height,19,False,False,"[153.53616693660942, 1.0]",1.0,,1,8080,0.0378466669935733
meta_llama_llama_4_scout_17b_16e_instruct,GA_ADAPTIVE,bmi_category,invalid_height,20,False,False,"[65.53323810775063, 1.0]",1.0,,1,8080,0.0379380829399451
meta_llama_llama_4_scout_17b_16e_instruct,GA_ADAPTIVE,bmi_category,invalid_height,21,False,False,"[103.08240133302556, 1.0]",1.0,,1,8080,0.0379691249690949
meta_llama_llama_4_scout_17b_16e_instruct,GA_ADAPTIVE,bmi_category,invalid_height,22,False,False,"[102.81616753655238, 1.0]",1.0,,1,8080,0.0379665408981964
meta_llama_llama_4_scout_17b_16e_instruct,GA_ADAPTIVE,bmi_category,invalid_height,23,False,False,"[165.0980681707534, 1.0]",1.0,,1,8080,0.0379451670451089
meta_llama_llama_4_scout_17b_16e_instruct,GA_ADAPTIVE,bmi_category,invalid_height,24,False,False,"[175.18830430435824, 1.0]",1.0,,1,8080,0.0380136249586939
meta_llama_llama_4_scout_17b_16e_instruct,GA_ADAPTIVE,bmi_category,invalid_height,25,False,False,"[39.81274884907966, 1.0]",1.0,,1,8080,0.0380136249586939
meta_llama_llama_4_scout_17b_16e_instruct,GA_ADAPTIVE,bmi_category,invalid_height,26,False,False,"[173.07979053057127, 1.0]",1.0,,1,8080,0.0384365830104798
meta_llama_llama_4_scout_17b_16e_instruct,GA_ADAPTIVE,bmi_category,invalid_height,27,False,False,"[66.59548269613326, 1.0]",1.0,,1,8080,0.0385701250052079
meta_llama_llama_4_scout_17b_16e_instruct,GA_ADAPTIVE,bmi_category,invalid_height,28,False,False,"[34.03386529807496, 1.0]",1.0,,1,8080,0.0390154580818489
meta_llama_llama_4_scout_17b_16e_instruct,GA_ADAPTIVE,bmi_category,invalid_height,29,False,False,"[125.7624370693185, 1.0]",1.0,,1,8080,0.039151333970949
meta_llama_llama_4_scout_17b_16e_instruct,GA_ADAPTIVE,bmi_category,normal,0,True,True,"[92.26891344757982, 1.937737280992586]",0.0,normal,0,80,5.337491165846586e-05
meta_llama_llama_4_scout_17b_16e_instruct,GA_ADAPTIVE,bmi_category,normal,1,True,True,"[107.93481856043155, 2.2532677433671573]",0.0,normal,0,80,5.5750017054378986e-05
meta_llama_llama_4_scout_17b_16e_instruct,GA_ADAPTIVE,bmi_category,normal,2,True,True,"[32.68776091371022, 1.2871642636430138]",0.0,normal,0,80,5.566701292991638e-05
meta_llama_llama_4_scout_17b_16e_instruct,GA_ADAPTIVE,bmi_category,normal,3,True,True,"[95.19132629177892, 2.1369809009427243]",0.0,normal,0,80,5.63750509172678e-05
meta_llama_llama_4_scout_17b_16e_instruct,GA_ADAPTIVE,bmi_category,normal,4,True,True,"[46.72406719360987, 1.377711950933704]",0.0,normal,0,80,5.545897874981165e-05
meta_llama_llama_4_scout_17b_16e_instruct,GA_ADAPTIVE,bmi_category,normal,5,True,True,"[59.08133218648055, 1.5768257197388864]",0.0,normal,0,80,5.550007335841656e-05
meta_llama_llama_4_scout_17b_16e_instruct,GA_ADAPTIVE,bmi_category,normal,6,True,True,"[79.21846854313016, 1.8143491334170867]",0.0,normal,0,80,5.554093513637781e-05
meta_llama_llama_4_scout_17b_16e_instruct,GA_ADAPTIVE,bmi_category,normal,7,True,True,"[51.23726767675754, 1.5495062924391563]",0.0,normal,0,80,5.5750017054378986e-05
meta_llama_llama_4_scout_17b_16e_instruct,GA_ADAPTIVE,bmi_category,normal,8,True,True,"[89.96463169072514, 1.9674811324070947]",0.0,normal,0,80,5.587493069469929e-05
meta_llama_llama_4_scout_17b_16e_instruct,GA_ADAPTIVE,bmi_category,normal,9,True,True,"[63.287474737195765, 1.8477208676341115]",0.0,normal,0,80,5.6124990805983543e-05
meta_llama_llama_4_scout_17b_16e_instruct,GA_ADAPTIVE,bmi_category,normal,10,True,True,"[132.06445157652112, 2.419357903490814]",0.0,normal,0,80,5.554209928959608e-05
meta_llama_llama_4_scout_17b_16e_instruct,GA_ADAPTIVE,bmi_category,normal,11,True,True,"[128.3314718291943, 2.4949100857165583]",0.0,normal,0,80,5.550007335841656e-05
meta_llama_llama_4_scout_17b_16e_instruct,GA_ADAPTIVE,bmi_category,normal,12,True,True,"[114.91423249934542, 2.2215360253925587]",0.0,normal,0,80,5.537504330277443e-05
meta_llama_llama_4_scout_17b_16e_instruct,GA_ADAPTIVE,bmi_category,normal,13,True,True,"[128.3310060252925, 2.4113212902056853]",0.0,normal,0,80,5.624990444630384e-05
meta_llama_llama_4_scout_17b_16e_instruct,GA_ADAPTIVE,bmi_category,normal,14,True,True,"[112.83131636393016, 2.27820995385629]",0.0,normal,0,80,5.570799112319946e-05
meta_llama_llama_4_scout_17b_16e_instruct,GA_ADAPTIVE,bmi_category,normal,15,True,True,"[46.622590373220035, 1.5274420077853819]",0.0,normal,0,80,5.52500132471323e-05
meta_llama_llama_4_scout_17b_16e_instruct,GA_ADAPTIVE,bmi_category,normal,16,True,True,"[57.886229755182995, 1.7049805783086622]",0.0,normal,0,80,5.5541982874274254e-05
meta_llama_llama_4_scout_17b_16e_instruct,GA_ADAPTIVE,bmi_category,normal,17,True,True,"[110.48497555614338, 2.4345140438124058]",0.0,normal,0,80,5.937495734542608e-05
meta_llama_llama_4_scout_17b_16e_instruct,GA_ADAPTIVE,bmi_category,normal,18,True,True,"[88.04993207514653, 2.1214625472181408]",0.0,normal,0,80,5.566701292991638e-05
meta_llama_llama_4_scout_17b_16e_instruct,GA_ADAPTIVE,bmi_category,normal,19,True,True,"[121.79418913211717, 2.303025851605532]",0.0,normal,0,80,5.8292062021791935e-05
meta_llama_llama_4_scout_17b_16e_instruct,GA_ADAPTIVE,bmi_category,normal,20,True,True,"[141.8601742017421, 2.423173236784928]",0.0,normal,0,80,5.604198668152094e-05
meta_llama_llama_4_scout_17b_16e_instruct,GA_ADAPTIVE,bmi_category,normal,21,True,True,"[92.10586657941522, 2.0194829052486303]",0.0,normal,0,80,5.583302117884159e-05
meta_llama_llama_4_scout_17b_16e_instruct,GA_ADAPTIVE,bmi_category,normal,22,True,True,"[125.35602036513278, 2.4909816077604594]",0.0,normal,0,80,5.579204298555851e-05
meta_llama_llama_4_scout_17b_16e_instruct,GA_ADAPTIVE,bmi_category,normal,23,True,True,"[137.00059553945022, 2.369727148687651]",0.0,normal,0,80,5.595805123448372e-05
meta_llama_llama_4_scout_17b_16e_instruct,GA_ADAPTIVE,bmi_category,normal,24,True,True,"[107.86721607696188, 2.151138054533811]",0.0,normal,0,80,5.5750017054378986e-05
meta_llama_llama_4_scout_17b_16e_instruct,GA_ADAPTIVE,bmi_category,normal,25,True,True,"[58.08067618002175, 1.6074052867553033]",0.0,normal,0,80,5.5875047110021114e-05
meta_llama_llama_4_scout_17b_16e_instruct,GA_ADAPTIVE,bmi_category,normal,26,True,True,"[115.89446490665556, 2.207719627476859]",0.0,normal,0,80,5.591602530330419e-05
meta_llama_llama_4_scout_17b_16e_instruct,GA_ADAPTIVE,bmi_category,normal,27,True,True,"[130.52173012834567, 2.368485780354649]",0.0,normal,0,80,5.550007335841656e-05
meta_llama_llama_4_scout_17b_16e_instruct,GA_ADAPTIVE,bmi_category,normal,28,True,True,"[75.78062690194704, 2.016056028596619]",0.0,normal,0,80,5.6124990805983543e-05
meta_llama_llama_4_scout_17b_16e_instruct,GA_ADAPTIVE,bmi_category,normal,29,True,True,"[112.19432512327761, 2.2104306440113346]",0.0,normal,0,80,5.579204298555851e-05
meta_llama_llama_4_scout_17b_16e_instruct,GA_ADAPTIVE,bmi_category,obese,0,True,True,"[157.58960139607385, 1.2320518275639363]",0.0,obese,0,80,5.191704258322716e-05
meta_llama_llama_4_scout_17b_16e_instruct,GA_ADAPTIVE,bmi_category,obese,1,True,True,"[191.25687299741867, 1.517296428633213]",0.0,obese,0,80,5.320890340954065e-05
meta_llama_llama_4_scout_17b_16e_instruct,GA_ADAPTIVE,bmi_category,obese,2,True,True,"[167.62413337476195, 2.173663021240019]",0.0,obese,0,80,5.616701673716307e-05
meta_llama_llama_4_scout_17b_16e_instruct,GA_ADAPTIVE,bmi_category,obese,3,True,True,"[99.6260020182701, 1.217810646055659]",0.0,obese,0,80,5.608401261270046e-05
meta_llama_llama_4_scout_17b_16e_instruct,GA_ADAPTIVE,bmi_category,obese,4,True,True,"[81.66609530946327, 1.0527966412601222]",0.0,obese,0,80,5.5333017371594906e-05
meta_llama_llama_4_scout_17b_16e_instruct,GA_ADAPTIVE,bmi_category,obese,5,True,True,"[90.76495466607368, 1.656021352534466]",0.0,obese,0,80,5.608296487480402e-05
meta_llama_llama_4_scout_17b_16e_instruct,GA_ADAPTIVE,bmi_category,obese,6,True,True,"[171.02331622688712, 1.0229844350803499]",0.0,obese,0,80,5.600007716566324e-05
meta_llama_llama_4_scout_17b_16e_instruct,GA_ADAPTIVE,bmi_category,obese,7,True,True,"[81.22547693826374, 1.4529175484233043]",0.0,obese,0,80,5.566596519201994e-05
meta_llama_llama_4_scout_17b_16e_instruct,GA_ADAPTIVE,bmi_category,obese,8,True,True,"[171.20908348650272, 1.827354920231413]",0.0,obese,0,80,5.566701292991638e-05
meta_llama_llama_4_scout_17b_16e_instruct,GA_ADAPTIVE,bmi_category,obese,9,True,True,"[193.7402784103111, 2.386229521326559]",0.0,obese,0,80,5.545897874981165e-05
meta_llama_llama_4_scout_17b_16e_instruct,GA_ADAPTIVE,bmi_category,obese,10,True,True,"[120.56521818540995, 1.699393532277723]",0.0,obese,0,80,5.63750509172678e-05
meta_llama_llama_4_scout_17b_16e_instruct,GA_ADAPTIVE,bmi_category,obese,11,True,True,"[76.42812778577515, 1.2723005600268138]",0.0,obese,0,80,5.7916040532290936e-05
meta_llama_llama_4_scout_17b_16e_instruct,GA_ADAPTIVE,bmi_category,obese,12,True,True,"[149.77838304677033, 1.6553937588530427]",0.0,obese,0,80,5.4916017688810825e-05
meta_llama_llama_4_scout_17b_16e_instruct,GA_ADAPTIVE,bmi_category,obese,13,True,True,"[130.62306952514933, 1.0681223731848795]",0.0,obese,0,80,5.549995694309473e-05
meta_llama_llama_4_scout_17b_16e_instruct,GA_ADAPTIVE,bmi_category,obese,14,True,True,"[170.52781838761436, 2.3164790094430225]",0.0,obese,0,80,5.550007335841656e-05
meta_llama_llama_4_scout_17b_16e_instruct,GA_ADAPTIVE,bmi_category,obese,15,True,True,"[166.73251118797867, 1.7762369646397678]",0.0,obese,0,80,5.508400499820709e-05
meta_llama_llama_4_scout_17b_16e_instruct,GA_ADAPTIVE,bmi_category,obese,16,True,True,"[152.67152345053188, 1.962667967004316]",0.0,obese,0,80,5.579192657023668e-05
meta_llama_llama_4_scout_17b_16e_instruct,GA_ADAPTIVE,bmi_category,obese,17,True,True,"[91.45107046656199, 1.5547023983901889]",0.0,obese,0,80,5.529099144041538e-05
meta_llama_llama_4_scout_17b_16e_instruct,GA_ADAPTIVE,bmi_category,obese,18,True,True,"[195.04665520766477, 1.618188705879643]",0.0,obese,0,80,8.699996396899223e-05
meta_llama_llama_4_scout_17b_16e_instruct,GA_ADAPTIVE,bmi_category,obese,19,True,True,"[169.88957195799563, 1.8869144521275694]",0.0,obese,0,80,5.504197906702757e-05
meta_llama_llama_4_scout_17b_16e_instruct,GA_ADAPTIVE,bmi_category,obese,20,True,True,"[194.5061096469753, 2.118215334790893]",0.0,obese,0,80,5.741603672504425e-05
meta_llama_llama_4_scout_17b_16e_instruct,GA_ADAPTIVE,bmi_category,obese,21,True,True,"[138.8264619312452, 1.4105058310658634]",0.0,obese,0,80,5.541706923395395e-05
meta_llama_llama_4_scout_17b_16e_instruct,GA_ADAPTIVE,bmi_category,obese,22,True,True,"[62.21450334645267, 1.1444138833774407]",0.0,obese,0,80,5.537504330277443e-05
meta_llama_llama_4_scout_17b_16e_instruct,GA_ADAPTIVE,bmi_category,obese,23,True,True,"[96.9530829403593, 1.1065245800848946]",0.0,obese,0,80,5.504104774445295e-05
meta_llama_llama_4_scout_17b_16e_instruct,GA_ADAPTIVE,bmi_category,obese,24,True,True,"[111.40211401693597, 1.1806388944822515]",0.0,obese,0,80,5.537504330277443e-05
meta_llama_llama_4_scout_17b_16e_instruct,GA_ADAPTIVE,bmi_category,obese,25,True,True,"[155.0937319420003, 1.8076815125601768]",0.0,obese,0,80,5.583302117884159e-05
meta_llama_llama_4_scout_17b_16e_instruct,GA_ADAPTIVE,bmi_category,obese,26,True,True,"[167.0393305638165, 1.392987195439487]",0.0,obese,0,80,5.5292039178311825e-05
meta_llama_llama_4_scout_17b_16e_instruct,GA_ADAPTIVE,bmi_category,obese,27,True,True,"[66.87106154848443, 1.4246572246781193]",0.0,obese,0,80,5.462497938424349e-05
meta_llama_llama_4_scout_17b_16e_instruct,GA_ADAPTIVE,bmi_category,obese,28,True,True,"[67.60375693453713, 1.500987699734617]",0.0,obese,0,80,5.633302498608827e-05
meta_llama_llama_4_scout_17b_16e_instruct,GA_ADAPTIVE,bmi_category,obese,29,True,True,"[110.86139523309474, 1.2296422203606325]",0.0,obese,0,80,5.562498699873686e-05
meta_llama_llama_4_scout_17b_16e_instruct,GA_ADAPTIVE,bmi_category,overweight,0,True,True,"[113.00734262066683, 2.076176559716055]",0.0,overweight,0,80,5.691591650247574e-05
meta_llama_llama_4_scout_17b_16e_instruct,GA_ADAPTIVE,bmi_category,overweight,1,True,True,"[32.01996032289856, 1.1246351103511754]",0.0,overweight,0,80,5.6582968682050705e-05
meta_llama_llama_4_scout_17b_16e_instruct,GA_ADAPTIVE,bmi_category,overweight,2,True,True,"[139.83816836224042, 2.2658533951132753]",0.0,overweight,0,80,5.5750017054378986e-05
meta_llama_llama_4_scout_17b_16e_instruct,GA_ADAPTIVE,bmi_category,overweight,3,True,True,"[40.00412233284419, 1.1608015895325927]",0.0,overweight,0,80,5.591602530330419e-05
meta_llama_llama_4_scout_17b_16e_instruct,GA_ADAPTIVE,bmi_category,overweight,4,True,True,"[138.29560600091398, 2.1506725852784028]",0.0,overweight,0,80,5.579204298555851e-05
meta_llama_llama_4_scout_17b_16e_instruct,GA_ADAPTIVE,bmi_category,overweight,5,True,True,"[43.62265125648598, 1.309869676578447]",0.0,overweight,0,80,5.6916032917797565e-05
meta_llama_llama_4_scout_17b_16e_instruct,GA_ADAPTIVE,bmi_category,overweight,6,True,True,"[62.42308050916504, 1.572905516920431]",0.0,overweight,0,80,5.629099905490875e-05
meta_llama_llama_4_scout_17b_16e_instruct,GA_ADAPTIVE,bmi_category,overweight,7,True,True,"[127.52886109837053, 2.2546666563401914]",0.0,overweight,0,80,5.6541990488767624e-05
meta_llama_llama_4_scout_17b_16e_instruct,GA_ADAPTIVE,bmi_category,overweight,8,True,True,"[161.26939067854556, 2.422928017577523]",0.0,overweight,0,80,5.6541990488767624e-05
meta_llama_llama_4_scout_17b_16e_instruct,GA_ADAPTIVE,bmi_category,overweight,9,True,True,"[131.65643253379693, 2.178589082223654]",0.0,overweight,0,80,5.6165968999266624e-05
meta_llama_llama_4_scout_17b_16e_instruct,GA_ADAPTIVE,bmi_category,overweight,10,True,True,"[138.2115889696411, 2.2366448443462685]",0.0,overweight,0,80,5.620799493044615e-05
meta_llama_llama_4_scout_17b_16e_instruct,GA_ADAPTIVE,bmi_category,overweight,11,True,True,"[170.06207315684034, 2.421650123902306]",0.0,overweight,0,80,5.616701673716307e-05
meta_llama_llama_4_scout_17b_16e_instruct,GA_ADAPTIVE,bmi_category,overweight,12,True,True,"[182.2916367066681, 2.493175861461328]",0.0,overweight,0,80,5.591695662587881e-05
meta_llama_llama_4_scout_17b_16e_instruct,GA_ADAPTIVE,bmi_category,overweight,13,True,True,"[80.82129262297883, 1.7937525792452602]",0.0,overweight,0,80,5.637493450194597e-05
meta_llama_llama_4_scout_17b_16e_instruct,GA_ADAPTIVE,bmi_category,overweight,14,True,True,"[125.5549476069049, 2.1072642471105034]",0.0,overweight,0,80,5.645898636430502e-05
meta_llama_llama_4_scout_17b_16e_instruct,GA_ADAPTIVE,bmi_category,overweight,15,True,True,"[99.42098011694931, 1.860812099150684]",0.0,overweight,0,80,5.645793862640858e-05
meta_llama_llama_4_scout_17b_16e_instruct,GA_ADAPTIVE,bmi_category,overweight,16,True,True,"[60.951389934844244, 1.485741934068142]",0.0,overweight,0,80,5.687493830919266e-05
meta_llama_llama_4_scout_17b_16e_instruct,GA_ADAPTIVE,bmi_category,overweight,17,True,True,"[49.00774498537274, 1.3931586882887548]",0.0,overweight,0,80,5.64999645575881e-05
meta_llama_llama_4_scout_17b_16e_instruct,GA_ADAPTIVE,bmi_category,overweight,18,True,True,"[89.58023111028693, 1.8619286610405121]",0.0,overweight,0,80,5.595909897238016e-05
meta_llama_llama_4_scout_17b_16e_instruct,GA_ADAPTIVE,bmi_category,overweight,19,True,True,"[148.27710585420297, 2.3297291322831075]",0.0,overweight,0,80,5.658401641994715e-05
meta_llama_llama_4_scout_17b_16e_instruct,GA_ADAPTIVE,bmi_category,overweight,20,True,True,"[166.93926932895397, 2.379118622107666]",0.0,overweight,0,80,5.620799493044615e-05
meta_llama_llama_4_scout_17b_16e_instruct,GA_ADAPTIVE,bmi_category,overweight,21,True,True,"[53.232494005795274, 1.374922095458925]",0.0,overweight,0,80,6.41669612377882e-05
meta_llama_llama_4_scout_17b_16e_instruct,GA_ADAPTIVE,bmi_category,overweight,22,True,True,"[151.11352792675183, 2.3430998756941106]",0.0,overweight,0,80,5.683302879333496e-05
meta_llama_llama_4_scout_17b_16e_instruct,GA_ADAPTIVE,bmi_category,overweight,23,True,True,"[120.24629122911, 2.185393704555259]",0.0,overweight,0,80,5.77080063521862e-05
meta_llama_llama_4_scout_17b_16e_instruct,GA_ADAPTIVE,bmi_category,overweight,24,True,True,"[122.71199023348693, 2.0791009357522445]",0.0,overweight,0,80,5.637493450194597e-05
meta_llama_llama_4_scout_17b_16e_instruct,GA_ADAPTIVE,bmi_category,overweight,25,True,True,"[79.30665450398004, 1.632763668077793]",0.0,overweight,0,80,5.620892625302076e-05
meta_llama_llama_4_scout_17b_16e_instruct,GA_ADAPTIVE,bmi_category,overweight,26,True,True,"[113.11187152974423, 1.9498426062968433]",0.0,overweight,0,80,5.9582991525530815e-05
meta_llama_llama_4_scout_17b_16e_instruct,GA_ADAPTIVE,bmi_category,overweight,27,True,True,"[174.2844839556025, 2.420815683394421]",0.0,overweight,0,80,5.1166978664696217e-05
meta_llama_llama_4_scout_17b_16e_instruct,GA_ADAPTIVE,bmi_category,overweight,28,True,True,"[55.79016705133164, 1.3688373962024065]",0.0,overweight,0,80,5.304196383804083e-05
meta_llama_llama_4_scout_17b_16e_instruct,GA_ADAPTIVE,bmi_category,overweight,29,True,True,"[140.69238299510826, 2.192286206462298]",0.0,overweight,0,80,5.2582938224077225e-05
meta_llama_llama_4_scout_17b_16e_instruct,GA_ADAPTIVE,bmi_category,underweight,0,True,True,"[63.98328943873433, 2.2462071588746055]",0.0,underweight,0,80,0.0001011670101433
meta_llama_llama_4_scout_17b_16e_instruct,GA_ADAPTIVE,bmi_category,underweight,1,True,True,"[23.395553331418004, 1.3045408480755722]",0.0,underweight,0,80,7.366598583757877e-05
meta_llama_llama_4_scout_17b_16e_instruct,GA_ADAPTIVE,bmi_category,underweight,2,True,True,"[82.64905316075641, 2.262666405705225]",0.0,underweight,0,80,5.716690793633461e-05
meta_llama_llama_4_scout_17b_16e_instruct,GA_ADAPTIVE,bmi_category,underweight,3,True,True,"[34.34362191702729, 1.7053606593335724]",0.0,underweight,0,80,5.841697566211224e-05
meta_llama_llama_4_scout_17b_16e_instruct,GA_ADAPTIVE,bmi_category,underweight,4,True,True,"[94.31814181627291, 2.3819289720686907]",0.0,underweight,0,80,5.7875062339007854e-05
meta_llama_llama_4_scout_17b_16e_instruct,GA_ADAPTIVE,bmi_category,underweight,5,True,True,"[90.64625467459062, 2.3076482370948175]",0.0,underweight,0,80,5.825003609061241e-05
meta_llama_llama_4_scout_17b_16e_instruct,GA_ADAPTIVE,bmi_category,underweight,6,True,True,"[62.22818302926155, 1.9058630091012951]",0.0,underweight,0,80,5.779205821454525e-05
meta_llama_llama_4_scout_17b_16e_instruct,GA_ADAPTIVE,bmi_category,underweight,7,True,True,"[88.96308684806178, 2.3099772243078247]",0.0,underweight,0,80,5.566701292991638e-05
meta_llama_llama_4_scout_17b_16e_instruct,GA_ADAPTIVE,bmi_category,underweight,8,True,True,"[31.352437798995766, 2.3260059222838825]",0.0,underweight,0,80,5.479203537106514e-05
meta_llama_llama_4_scout_17b_16e_instruct,GA_ADAPTIVE,bmi_category,underweight,9,True,True,"[23.902084546722804, 1.7436970267421992]",0.0,underweight,0,80,5.545793101191521e-05
meta_llama_llama_4_scout_17b_16e_instruct,GA_ADAPTIVE,bmi_category,underweight,10,True,True,"[82.78667606464347, 2.2253140121915362]",0.0,underweight,0,80,5.570799112319946e-05
meta_llama_llama_4_scout_17b_16e_instruct,GA_ADAPTIVE,bmi_category,underweight,11,True,True,"[63.39092611022849, 2.1484537784166258]",0.0,underweight,0,80,5.520798731595278e-05
meta_llama_llama_4_scout_17b_16e_instruct,GA_ADAPTIVE,bmi_category,underweight,12,True,True,"[26.208227957430495, 1.259391690240698]",0.0,underweight,0,80,5.8999983593821526e-05
meta_llama_llama_4_scout_17b_16e_instruct,GA_ADAPTIVE,bmi_category,underweight,13,True,True,"[30.567624787620062, 1.444219814958347]",0.0,underweight,0,80,5.6124990805983543e-05
meta_llama_llama_4_scout_17b_16e_instruct,GA_ADAPTIVE,bmi_category,underweight,14,True,True,"[72.80934082443372, 2.171232845177397]",0.0,underweight,0,80,5.570799112319946e-05
meta_llama_llama_4_scout_17b_16e_instruct,GA_ADAPTIVE,bmi_category,underweight,15,True,True,"[49.22391560059424, 2.1844834980738614]",0.0,underweight,0,80,5.5458047427237034e-05
meta_llama_llama_4_scout_17b_16e_instruct,GA_ADAPTIVE,bmi_category,underweight,16,True,True,"[55.13507072133075, 2.0091091256799523]",0.0,underweight,0,80,5.587493069469929e-05
meta_llama_llama_4_scout_17b_16e_instruct,GA_ADAPTIVE,bmi_category,underweight,17,True,True,"[50.07861481384414, 2.4235964074326324]",0.0,underweight,0,80,5.520798731595278e-05
meta_llama_llama_4_scout_17b_16e_instruct,GA_ADAPTIVE,bmi_category,underweight,18,True,True,"[49.42173248407953, 2.0752019202433725]",0.0,underweight,0,80,5.729193799197674e-05
meta_llama_llama_4_scout_17b_16e_instruct,GA_ADAPTIVE,bmi_category,underweight,19,True,True,"[32.19826907873846, 2.33318288356147]",0.0,underweight,0,80,5.516689270734787e-05
meta_llama_llama_4_scout_17b_16e_instruct,GA_ADAPTIVE,bmi_category,underweight,20,True,True,"[29.4957510534854, 1.770849063588049]",0.0,underweight,0,80,5.445792339742184e-05
meta_llama_llama_4_scout_17b_16e_instruct,GA_ADAPTIVE,bmi_category,underweight,21,True,True,"[86.17940613249411, 2.3339459278155266]",0.0,underweight,0,80,5.8249919675290585e-05
meta_llama_llama_4_scout_17b_16e_instruct,GA_ADAPTIVE,bmi_category,underweight,22,True,True,"[29.83038021994468, 1.6322911855207893]",0.0,underweight,0,80,9.474996477365494e-05
meta_llama_llama_4_scout_17b_16e_instruct,GA_ADAPTIVE,bmi_category,underweight,23,True,True,"[42.17583603461878, 2.376090967319987]",0.0,underweight,0,80,5.295802839100361e-05
meta_llama_llama_4_scout_17b_16e_instruct,GA_ADAPTIVE,bmi_category,underweight,24,True,True,"[61.98273356020785, 2.064679533558201]",0.0,underweight,0,80,5.412509199231863e-05
meta_llama_llama_4_scout_17b_16e_instruct,GA_ADAPTIVE,bmi_category,underweight,25,True,True,"[55.71903343862878, 2.3540474939453677]",0.0,underweight,0,80,5.725002847611904e-05
meta_llama_llama_4_scout_17b_16e_instruct,GA_ADAPTIVE,bmi_category,underweight,26,True,True,"[102.82347479243559, 2.4029182739730746]",0.0,underweight,0,80,5.820801015943289e-05
meta_llama_llama_4_scout_17b_16e_instruct,GA_ADAPTIVE,bmi_category,underweight,27,True,True,"[38.78634847445442, 1.870734116230631]",0.0,underweight,0,80,5.7875062339007854e-05
meta_llama_llama_4_scout_17b_16e_instruct,GA_ADAPTIVE,bmi_category,underweight,28,True,True,"[83.81082923363198, 2.290211762258428]",0.0,underweight,0,80,5.7875062339007854e-05
meta_llama_llama_4_scout_17b_16e_instruct,GA_ADAPTIVE,bmi_category,underweight,29,True,True,"[23.243456913954613, 1.6398519361118797]",0.0,underweight,0,80,5.537504330277443e-05
meta_llama_llama_4_scout_17b_16e_instruct,GA_ADAPTIVE,list_pattern,sorted_unique,0,True,True,"[[-59, -4]]",0.0,sorted_unique,0,80,0.0001230409834533
meta_llama_llama_4_scout_17b_16e_instruct,GA_ADAPTIVE,list_pattern,sorted_unique,1,True,True,"[[20, 66]]",0.0,sorted_unique,0,80,0.000130166998133
meta_llama_llama_4_scout_17b_16e_instruct,GA_ADAPTIVE,list_pattern,sorted_unique,2,True,True,"[[-66, -56, 8]]",0.0,sorted_unique,0,80,0.0001267079496756
meta_llama_llama_4_scout_17b_16e_instruct,GA_ADAPTIVE,list_pattern,sorted_unique,3,True,True,"[[-71, -46, -9]]",0.0,sorted_unique,0,80,0.000125459046103
meta_llama_llama_4_scout_17b_16e_instruct,GA_ADAPTIVE,list_pattern,sorted_unique,4,True,True,"[[40, 51]]",0.0,sorted_unique,0,80,0.0001366670476272
meta_llama_llama_4_scout_17b_16e_instruct,GA_ADAPTIVE,list_pattern,sorted_unique,5,True,True,"[[-53, 92]]",0.0,sorted_unique,0,80,0.0001409170217812
meta_llama_llama_4_scout_17b_16e_instruct,GA_ADAPTIVE,list_pattern,sorted_unique,6,True,True,"[[-79, -6]]",0.0,sorted_unique,0,80,0.0001227500615641
meta_llama_llama_4_scout_17b_16e_instruct,GA_ADAPTIVE,list_pattern,sorted_unique,7,True,True,"[[-70, 60]]",0.0,sorted_unique,0,80,0.0001298749120905
meta_llama_llama_4_scout_17b_16e_instruct,GA_ADAPTIVE,list_pattern,sorted_unique,8,True,True,"[[-41, -19]]",0.0,sorted_unique,0,80,0.0001280409051105
meta_llama_llama_4_scout_17b_16e_instruct,GA_ADAPTIVE,list_pattern,sorted_unique,9,True,True,"[[19, 38, 65]]",0.0,sorted_unique,0,80,0.0001319169532507
meta_llama_llama_4_scout_17b_16e_instruct,GA_ADAPTIVE,list_pattern,sorted_unique,10,True,True,"[[-32, 70]]",0.0,sorted_unique,0,80,0.0001257500844076
meta_llama_llama_4_scout_17b_16e_instruct,GA_ADAPTIVE,list_pattern,sorted_unique,11,True,True,"[[13, 55]]",0.0,sorted_unique,0,80,0.0001401250483468
meta_llama_llama_4_scout_17b_16e_instruct,GA_ADAPTIVE,list_pattern,sorted_unique,12,True,True,"[[63, 65]]",0.0,sorted_unique,0,80,0.000128542073071
meta_llama_llama_4_scout_17b_16e_instruct,GA_ADAPTIVE,list_pattern,sorted_unique,13,True,True,"[[-9, 0, 10]]",0.0,sorted_unique,0,80,0.0001302079763263
meta_llama_llama_4_scout_17b_16e_instruct,GA_ADAPTIVE,list_pattern,sorted_unique,14,True,True,"[[-92, -53]]",0.0,sorted_unique,0,80,0.0001300829462707
meta_llama_llama_4_scout_17b_16e_instruct,GA_ADAPTIVE,list_pattern,sorted_unique,15,True,True,"[[9, 45, 76]]",0.0,sorted_unique,0,80,0.0001360840396955
meta_llama_llama_4_scout_17b_16e_instruct,GA_ADAPTIVE,list_pattern,sorted_unique,16,True,True,"[[-4, 34, 83]]",0.0,sorted_unique,0,80,0.0001243340084329
meta_llama_llama_4_scout_17b_16e_instruct,GA_ADAPTIVE,list_pattern,sorted_unique,17,True,True,"[[-80, 96]]",0.0,sorted_unique,0,80,0.0001219590194523
meta_llama_llama_4_scout_17b_16e_instruct,GA_ADAPTIVE,list_pattern,sorted_unique,18,True,True,"[[-100, 33]]",0.0,sorted_unique,0,80,0.0001263750018551
meta_llama_llama_4_scout_17b_16e_instruct,GA_ADAPTIVE,list_pattern,sorted_unique,19,True,True,"[[-48, 3]]",0.0,sorted_unique,0,80,0.0001289579086005
meta_llama_llama_4_scout_17b_16e_instruct,GA_ADAPTIVE,list_pattern,sorted_unique,20,True,True,"[[-61, 45]]",0.0,sorted_unique,0,80,0.000132874934934
meta_llama_llama_4_scout_17b_16e_instruct,GA_ADAPTIVE,list_pattern,sorted_unique,21,True,True,"[[-79, -66, -28, -21, 55]]",0.0,sorted_unique,0,80,0.0001378329470753
meta_llama_llama_4_scout_17b_16e_instruct,GA_ADAPTIVE,list_pattern,sorted_unique,22,True,True,"[[-71, 9, 57, 94]]",0.0,sorted_unique,0,80,0.0001295410329475
meta_llama_llama_4_scout_17b_16e_instruct,GA_ADAPTIVE,list_pattern,sorted_unique,23,True,True,"[[-100, -53, 97]]",0.0,sorted_unique,0,80,0.0001311670057475
meta_llama_llama_4_scout_17b_16e_instruct,GA_ADAPTIVE,list_pattern,sorted_unique,24,True,True,"[[77, 98]]",0.0,sorted_unique,0,80,0.0001245419261977
meta_llama_llama_4_scout_17b_16e_instruct,GA_ADAPTIVE,list_pattern,sorted_unique,25,True,True,"[[21, 86]]",0.0,sorted_unique,0,80,0.0001250840723514
meta_llama_llama_4_scout_17b_16e_instruct,GA_ADAPTIVE,list_pattern,sorted_unique,26,True,True,"[[-97, -70, 66]]",0.0,sorted_unique,0,80,0.0001225000014528
meta_llama_llama_4_scout_17b_16e_instruct,GA_ADAPTIVE,list_pattern,sorted_unique,27,True,True,"[[-60, -55, -53, 29]]",0.0,sorted_unique,0,80,0.0001381660113111
meta_llama_llama_4_scout_17b_16e_instruct,GA_ADAPTIVE,list_pattern,sorted_unique,28,True,True,"[[-78, 30]]",0.0,sorted_unique,0,80,0.000127000035718
meta_llama_llama_4_scout_17b_16e_instruct,GA_ADAPTIVE,list_pattern,sorted_unique,29,True,True,"[[-71, 86]]",0.0,sorted_unique,0,80,0.0001219590194523
meta_llama_llama_4_scout_17b_16e_instruct,GA_ADAPTIVE,list_pattern,sorted_with_duplicates,0,True,True,"[[52, 52]]",0.0,sorted_with_duplicates,0,80,0.0001336249988526
meta_llama_llama_4_scout_17b_16e_instruct,GA_ADAPTIVE,list_pattern,sorted_with_duplicates,1,True,True,"[[-3, -3, 23, 82]]",0.0,sorted_with_duplicates,4,400,0.0020100000547245
meta_llama_llama_4_scout_17b_16e_instruct,GA_ADAPTIVE,list_pattern,sorted_with_duplicates,2,True,True,"[[-72, 86, 86]]",0.0,sorted_with_duplicates,36,2960,0.0170630840584635
meta_llama_llama_4_scout_17b_16e_instruct,GA_ADAPTIVE,list_pattern,sorted_with_duplicates,3,True,True,"[[-40, 54, 54]]",0.0,sorted_with_duplicates,18,1520,0.0080148329725489
meta_llama_llama_4_scout_17b_16e_instruct,GA_ADAPTIVE,list_pattern,sorted_with_duplicates,4,True,True,"[[-36, -36]]",0.0,sorted_with_duplicates,23,1920,0.0106528750620782
meta_llama_llama_4_scout_17b_16e_instruct,GA_ADAPTIVE,list_pattern,sorted_with_duplicates,5,True,True,"[[1, 1]]",0.0,sorted_with_duplicates,0,80,0.0001312920358031
meta_llama_llama_4_scout_17b_16e_instruct,GA_ADAPTIVE,list_pattern,sorted_with_duplicates,6,True,True,"[[-56, -56]]",0.0,sorted_with_duplicates,16,1360,0.0070383329875767
meta_llama_llama_4_scout_17b_16e_instruct,GA_ADAPTIVE,list_pattern,sorted_with_duplicates,7,True,True,"[[-20, -7, 18, 18]]",0.0,sorted_with_duplicates,34,2800,0.0156645410461351
meta_llama_llama_4_scout_17b_16e_instruct,GA_ADAPTIVE,list_pattern,sorted_with_duplicates,8,True,True,"[[19, 19]]",0.0,sorted_with_duplicates,34,2800,0.0154142079409211
meta_llama_llama_4_scout_17b_16e_instruct,GA_ADAPTIVE,list_pattern,sorted_with_duplicates,9,True,True,"[[41, 41]]",0.0,sorted_with_duplicates,37,3040,0.016452542040497
meta_llama_llama_4_scout_17b_16e_instruct,GA_ADAPTIVE,list_pattern,sorted_with_duplicates,10,True,True,"[[-63, -63, 5, 86]]",0.0,sorted_with_duplicates,38,3120,0.0169216250069439
meta_llama_llama_4_scout_17b_16e_instruct,GA_ADAPTIVE,list_pattern,sorted_with_duplicates,11,True,True,"[[-42, -33, -20, 58, 58]]",0.0,sorted_with_duplicates,0,80,0.0001328330254182
meta_llama_llama_4_scout_17b_16e_instruct,GA_ADAPTIVE,list_pattern,sorted_with_duplicates,12,True,True,"[[-50, -50]]",0.0,sorted_with_duplicates,2,240,0.000988166895695
meta_llama_llama_4_scout_17b_16e_instruct,GA_ADAPTIVE,list_pattern,sorted_with_duplicates,13,True,True,"[[-5, -5]]",0.0,sorted_with_duplicates,16,1360,0.0072656660340726
meta_llama_llama_4_scout_17b_16e_instruct,GA_ADAPTIVE,list_pattern,sorted_with_duplicates,14,True,True,"[[22, 22]]",0.0,sorted_with_duplicates,2,240,0.0009761250112205
meta_llama_llama_4_scout_17b_16e_instruct,GA_ADAPTIVE,list_pattern,sorted_with_duplicates,15,True,True,"[[-64, -64, 93]]",0.0,sorted_with_duplicates,4,400,0.0017936250660568
meta_llama_llama_4_scout_17b_16e_instruct,GA_ADAPTIVE,list_pattern,sorted_with_duplicates,16,True,True,"[[-79, -59, -59, 14, 21]]",0.0,sorted_with_duplicates,11,960,0.0048023340059444
meta_llama_llama_4_scout_17b_16e_instruct,GA_ADAPTIVE,list_pattern,sorted_with_duplicates,17,True,True,"[[-61, -61]]",0.0,sorted_with_duplicates,10,880,0.0044413750292733
meta_llama_llama_4_scout_17b_16e_instruct,GA_ADAPTIVE,list_pattern,sorted_with_duplicates,18,True,True,"[[-55, 35, 46, 46, 49]]",0.0,sorted_with_duplicates,0,80,0.0001315829576924
meta_llama_llama_4_scout_17b_16e_instruct,GA_ADAPTIVE,list_pattern,sorted_with_duplicates,19,True,True,"[[56, 56]]",0.0,sorted_with_duplicates,22,1840,0.0095360419945791
meta_llama_llama_4_scout_17b_16e_instruct,GA_ADAPTIVE,list_pattern,sorted_with_duplicates,20,True,True,"[[72, 72]]",0.0,sorted_with_duplicates,27,2240,0.012096041929908
meta_llama_llama_4_scout_17b_16e_instruct,GA_ADAPTIVE,list_pattern,sorted_with_duplicates,21,True,True,"[[-94, -94]]",0.0,sorted_with_duplicates,23,1920,0.0097460419638082
meta_llama_llama_4_scout_17b_16e_instruct,GA_ADAPTIVE,list_pattern,sorted_with_duplicates,22,True,True,"[[-2, 79, 79]]",0.0,sorted_with_duplicates,4,400,0.0018397499807178
meta_llama_llama_4_scout_17b_16e_instruct,GA_ADAPTIVE,list_pattern,sorted_with_duplicates,23,True,True,"[[-90, -90]]",0.0,sorted_with_duplicates,7,640,0.0031045839423313
meta_llama_llama_4_scout_17b_16e_instruct,GA_ADAPTIVE,list_pattern,sorted_with_duplicates,24,True,True,"[[94, 94]]",0.0,sorted_with_duplicates,6,560,0.0027429580222815
meta_llama_llama_4_scout_17b_16e_instruct,GA_ADAPTIVE,list_pattern,sorted_with_duplicates,25,True,True,"[[-95, 5, 5]]",0.0,sorted_with_duplicates,2,240,0.0009613749571144
meta_llama_llama_4_scout_17b_16e_instruct,GA_ADAPTIVE,list_pattern,sorted_with_duplicates,26,True,True,"[[-16, -16]]",0.0,sorted_with_duplicates,5,480,0.0022012919653207
meta_llama_llama_4_scout_17b_16e_instruct,GA_ADAPTIVE,list_pattern,sorted_with_duplicates,27,True,True,"[[-10, -10]]",0.0,sorted_with_duplicates,0,80,0.000127249979414
meta_llama_llama_4_scout_17b_16e_instruct,GA_ADAPTIVE,list_pattern,sorted_with_duplicates,28,True,True,"[[-41, -41]]",0.0,sorted_with_duplicates,20,1680,0.0089744589058682
meta_llama_llama_4_scout_17b_16e_instruct,GA_ADAPTIVE,list_pattern,sorted_with_duplicates,29,True,True,"[[92, 92]]",0.0,sorted_with_duplicates,30,2480,0.0133526659337803
meta_llama_llama_4_scout_17b_16e_instruct,GA_ADAPTIVE,list_pattern,too_short,0,True,True,[[-33]],0.0,too_short,0,80,0.0001392080448567
meta_llama_llama_4_scout_17b_16e_instruct,GA_ADAPTIVE,list_pattern,too_short,1,True,True,[[-50]],0.0,too_short,0,80,0.0001246670726686
meta_llama_llama_4_scout_17b_16e_instruct,GA_ADAPTIVE,list_pattern,too_short,2,True,True,[[-30]],0.0,too_short,0,80,0.0001259159762412
meta_llama_llama_4_scout_17b_16e_instruct,GA_ADAPTIVE,list_pattern,too_short,3,True,True,[[-79]],0.0,too_short,0,80,0.0001244579907506
meta_llama_llama_4_scout_17b_16e_instruct,GA_ADAPTIVE,list_pattern,too_short,4,True,True,[[-92]],0.0,too_short,0,80,0.000126416911371
meta_llama_llama_4_scout_17b_16e_instruct,GA_ADAPTIVE,list_pattern,too_short,5,True,True,[[-99]],0.0,too_short,0,80,0.0001295419642701
meta_llama_llama_4_scout_17b_16e_instruct,GA_ADAPTIVE,list_pattern,too_short,6,True,True,[[-69]],0.0,too_short,0,80,0.0001273750094696
meta_llama_llama_4_scout_17b_16e_instruct,GA_ADAPTIVE,list_pattern,too_short,7,True,True,[[]],0.0,too_short,0,80,0.0001323330216109
meta_llama_llama_4_scout_17b_16e_instruct,GA_ADAPTIVE,list_pattern,too_short,8,True,True,[[66]],0.0,too_short,0,80,0.0001349159283563
meta_llama_llama_4_scout_17b_16e_instruct,GA_ADAPTIVE,list_pattern,too_short,9,True,True,[[-47]],0.0,too_short,0,80,0.0001267920015379
meta_llama_llama_4_scout_17b_16e_instruct,GA_ADAPTIVE,list_pattern,too_short,10,True,True,[[]],0.0,too_short,0,80,0.0001314580440521
meta_llama_llama_4_scout_17b_16e_instruct,GA_ADAPTIVE,list_pattern,too_short,11,True,True,[[]],0.0,too_short,0,80,0.0001212919596582
meta_llama_llama_4_scout_17b_16e_instruct,GA_ADAPTIVE,list_pattern,too_short,12,True,True,[[-7]],0.0,too_short,0,80,0.0001160000683739
meta_llama_llama_4_scout_17b_16e_instruct,GA_ADAPTIVE,list_pattern,too_short,13,True,True,[[-97]],0.0,too_short,0,80,0.0001286660553887
meta_llama_llama_4_scout_17b_16e_instruct,GA_ADAPTIVE,list_pattern,too_short,14,True,True,[[]],0.0,too_short,0,80,0.0001282499870285
meta_llama_llama_4_scout_17b_16e_instruct,GA_ADAPTIVE,list_pattern,too_short,15,True,True,[[54]],0.0,too_short,0,80,0.0001266669714823
meta_llama_llama_4_scout_17b_16e_instruct,GA_ADAPTIVE,list_pattern,too_short,16,True,True,[[32]],0.0,too_short,0,80,0.0001282918965443
meta_llama_llama_4_scout_17b_16e_instruct,GA_ADAPTIVE,list_pattern,too_short,17,True,True,[[]],0.0,too_short,0,80,0.0001219590194523
meta_llama_llama_4_scout_17b_16e_instruct,GA_ADAPTIVE,list_pattern,too_short,18,True,True,[[]],0.0,too_short,0,80,0.0001336249988526
meta_llama_llama_4_scout_17b_16e_instruct,GA_ADAPTIVE,list_pattern,too_short,19,True,True,[[]],0.0,too_short,0,80,0.0001365829957649
meta_llama_llama_4_scout_17b_16e_instruct,GA_ADAPTIVE,list_pattern,too_short,20,True,True,[[]],0.0,too_short,0,80,0.0001277079572901
meta_llama_llama_4_scout_17b_16e_instruct,GA_ADAPTIVE,list_pattern,too_short,21,True,True,[[-12]],0.0,too_short,0,80,0.0001265839673578
meta_llama_llama_4_scout_17b_16e_instruct,GA_ADAPTIVE,list_pattern,too_short,22,True,True,[[-36]],0.0,too_short,0,80,0.0001296250848099
meta_llama_llama_4_scout_17b_16e_instruct,GA_ADAPTIVE,list_pattern,too_short,23,True,True,[[11]],0.0,too_short,0,80,0.0001303750323131
meta_llama_llama_4_scout_17b_16e_instruct,GA_ADAPTIVE,list_pattern,too_short,24,True,True,[[]],0.0,too_short,0,80,0.0001353329280391
meta_llama_llama_4_scout_17b_16e_instruct,GA_ADAPTIVE,list_pattern,too_short,25,True,True,[[]],0.0,too_short,0,80,0.000129000050947
meta_llama_llama_4_scout_17b_16e_instruct,GA_ADAPTIVE,list_pattern,too_short,26,True,True,[[]],0.0,too_short,0,80,0.0001273750094696
meta_llama_llama_4_scout_17b_16e_instruct,GA_ADAPTIVE,list_pattern,too_short,27,True,True,[[]],0.0,too_short,0,80,0.0001252080546692
meta_llama_llama_4_scout_17b_16e_instruct,GA_ADAPTIVE,list_pattern,too_short,28,True,True,[[]],0.0,too_short,0,80,0.0001263750018551
meta_llama_llama_4_scout_17b_16e_instruct,GA_ADAPTIVE,list_pattern,too_short,29,True,True,[[-91]],0.0,too_short,0,80,0.0001248749904334
meta_llama_llama_4_scout_17b_16e_instruct,GA_ADAPTIVE,list_pattern,unsorted_unique,0,True,True,"[[64, -62, -100, -46]]",0.0,unsorted_unique,0,80,0.0001403749920427
meta_llama_llama_4_scout_17b_16e_instruct,GA_ADAPTIVE,list_pattern,unsorted_unique,1,True,True,"[[14, -18]]",0.0,unsorted_unique,0,80,0.0001243749866262
meta_llama_llama_4_scout_17b_16e_instruct,GA_ADAPTIVE,list_pattern,unsorted_unique,2,True,True,"[[11, -50]]",0.0,unsorted_unique,0,80,0.0001239170087501
meta_llama_llama_4_scout_17b_16e_instruct,GA_ADAPTIVE,list_pattern,unsorted_unique,3,True,True,"[[97, -43, 83, 59, 34]]",0.0,unsorted_unique,0,80,0.0001380000030621
meta_llama_llama_4_scout_17b_16e_instruct,GA_ADAPTIVE,list_pattern,unsorted_unique,4,True,True,"[[59, 34, 55]]",0.0,unsorted_unique,0,80,0.0001298330025747
meta_llama_llama_4_scout_17b_16e_instruct,GA_ADAPTIVE,list_pattern,unsorted_unique,5,True,True,"[[77, -97, -88, 57, -69, -30]]",0.0,unsorted_unique,0,80,0.0001306249760091
meta_llama_llama_4_scout_17b_16e_instruct,GA_ADAPTIVE,list_pattern,unsorted_unique,6,True,True,"[[-10, 94, 6, -79, -37, -44]]",0.0,unsorted_unique,0,80,0.0001279580174013
meta_llama_llama_4_scout_17b_16e_instruct,GA_ADAPTIVE,list_pattern,unsorted_unique,7,True,True,"[[-50, -7, -27, -84, -48]]",0.0,unsorted_unique,0,80,0.0001190829789265
meta_llama_llama_4_scout_17b_16e_instruct,GA_ADAPTIVE,list_pattern,unsorted_unique,8,True,True,"[[96, 85]]",0.0,unsorted_unique,0,80,0.0001194999786093
meta_llama_llama_4_scout_17b_16e_instruct,GA_ADAPTIVE,list_pattern,unsorted_unique,9,True,True,"[[-89, -14, -67, -51, -29, 53]]",0.0,unsorted_unique,0,80,0.0001239589182659
meta_llama_llama_4_scout_17b_16e_instruct,GA_ADAPTIVE,list_pattern,unsorted_unique,10,True,True,"[[-60, -59, 88, -29, 40]]",0.0,unsorted_unique,0,80,0.000128166982904
meta_llama_llama_4_scout_17b_16e_instruct,GA_ADAPTIVE,list_pattern,unsorted_unique,11,True,True,"[[95, 47, -56, 16]]",0.0,unsorted_unique,0,80,0.0001236250391229
meta_llama_llama_4_scout_17b_16e_instruct,GA_ADAPTIVE,list_pattern,unsorted_unique,12,True,True,"[[-88, 88, -87]]",0.0,unsorted_unique,0,80,0.0001365420175716
meta_llama_llama_4_scout_17b_16e_instruct,GA_ADAPTIVE,list_pattern,unsorted_unique,13,True,True,"[[100, 93, 99, -94, -61, -14]]",0.0,unsorted_unique,0,80,0.0001258749980479
meta_llama_llama_4_scout_17b_16e_instruct,GA_ADAPTIVE,list_pattern,unsorted_unique,14,True,True,"[[-75, -78, -36]]",0.0,unsorted_unique,0,80,0.0001291249645873
meta_llama_llama_4_scout_17b_16e_instruct,GA_ADAPTIVE,list_pattern,unsorted_unique,15,True,True,"[[-5, 3, -47, 33, -90]]",0.0,unsorted_unique,0,80,0.0001289169304072
meta_llama_llama_4_scout_17b_16e_instruct,GA_ADAPTIVE,list_pattern,unsorted_unique,16,True,True,"[[-66, -80, 23, 14]]",0.0,unsorted_unique,0,80,0.0001299169380217
meta_llama_llama_4_scout_17b_16e_instruct,GA_ADAPTIVE,list_pattern,unsorted_unique,17,True,True,"[[54, -71]]",0.0,unsorted_unique,0,80,0.000121625023894
meta_llama_llama_4_scout_17b_16e_instruct,GA_ADAPTIVE,list_pattern,unsorted_unique,18,True,True,"[[21, -71, -59, 82, -66, -61]]",0.0,unsorted_unique,0,80,0.0001298750285059
meta_llama_llama_4_scout_17b_16e_instruct,GA_ADAPTIVE,list_pattern,unsorted_unique,19,True,True,"[[-72, 100, 63, -97]]",0.0,unsorted_unique,0,80,0.0001249999040737
meta_llama_llama_4_scout_17b_16e_instruct,GA_ADAPTIVE,list_pattern,unsorted_unique,20,True,True,"[[75, -38]]",0.0,unsorted_unique,0,80,0.0001197080127894
meta_llama_llama_4_scout_17b_16e_instruct,GA_ADAPTIVE,list_pattern,unsorted_unique,21,True,True,"[[6, -12, 52, 1, 90, -24]]",0.0,unsorted_unique,0,80,0.0001341250026598
meta_llama_llama_4_scout_17b_16e_instruct,GA_ADAPTIVE,list_pattern,unsorted_unique,22,True,True,"[[56, -75]]",0.0,unsorted_unique,0,80,0.0001297499984502
meta_llama_llama_4_scout_17b_16e_instruct,GA_ADAPTIVE,list_pattern,unsorted_unique,23,True,True,"[[-72, -39, 80, 73, -99, 66]]",0.0,unsorted_unique,0,80,0.000133708002977
meta_llama_llama_4_scout_17b_16e_instruct,GA_ADAPTIVE,list_pattern,unsorted_unique,24,True,True,"[[84, 60, -64]]",0.0,unsorted_unique,0,80,0.0001359580783173
meta_llama_llama_4_scout_17b_16e_instruct,GA_ADAPTIVE,list_pattern,unsorted_unique,25,True,True,"[[50, -52, -44, -39, -18]]",0.0,unsorted_unique,0,80,0.000124790938571
meta_llama_llama_4_scout_17b_16e_instruct,GA_ADAPTIVE,list_pattern,unsorted_unique,26,True,True,"[[-84, -16, 8, -54, -21, 74]]",0.0,unsorted_unique,0,80,0.0001285839825868
meta_llama_llama_4_scout_17b_16e_instruct,GA_ADAPTIVE,list_pattern,unsorted_unique,27,True,True,"[[-48, -16, 33, -34, 96]]",0.0,unsorted_unique,0,80,0.0001315419794991
meta_llama_llama_4_scout_17b_16e_instruct,GA_ADAPTIVE,list_pattern,unsorted_unique,28,True,True,"[[1, 47, -70, 18, 79]]",0.0,unsorted_unique,0,80,0.0001262919977307
meta_llama_llama_4_scout_17b_16e_instruct,GA_ADAPTIVE,list_pattern,unsorted_unique,29,True,True,"[[-15, 64, -56, -36, 60]]",0.0,unsorted_unique,0,80,0.0001351250102743
meta_llama_llama_4_scout_17b_16e_instruct,GA_ADAPTIVE,list_pattern,unsorted_with_duplicates,0,True,True,"[[-87, 6, -99, -99, -13]]",0.0,unsorted_with_duplicates,0,80,0.0001292920205742
meta_llama_llama_4_scout_17b_16e_instruct,GA_ADAPTIVE,list_pattern,unsorted_with_duplicates,1,True,True,"[[90, 99, -96, -96]]",0.0,unsorted_with_duplicates,0,80,0.0001257079420611
meta_llama_llama_4_scout_17b_16e_instruct,GA_ADAPTIVE,list_pattern,unsorted_with_duplicates,2,True,True,"[[-59, 52, 75, -50, -99, -59]]",0.0,unsorted_with_duplicates,0,80,0.000131707987748
meta_llama_llama_4_scout_17b_16e_instruct,GA_ADAPTIVE,list_pattern,unsorted_with_duplicates,3,True,True,"[[70, -87, 95, 46, -87, -50]]",0.0,unsorted_with_duplicates,0,80,0.0001244589220732
meta_llama_llama_4_scout_17b_16e_instruct,GA_ADAPTIVE,list_pattern,unsorted_with_duplicates,4,True,True,"[[-24, -65, -59, -32, -65, -28]]",0.0,unsorted_with_duplicates,2,240,0.0010182919213548
meta_llama_llama_4_scout_17b_16e_instruct,GA_ADAPTIVE,list_pattern,unsorted_with_duplicates,5,True,True,"[[-42, 95, 65, -42, 70, 94]]",0.0,unsorted_with_duplicates,0,80,0.0001209169859066
meta_llama_llama_4_scout_17b_16e_instruct,GA_ADAPTIVE,list_pattern,unsorted_with_duplicates,6,True,True,"[[-6, -78, 95, -6, 63, -71]]",0.0,unsorted_with_duplicates,0,80,0.0001260840799659
meta_llama_llama_4_scout_17b_16e_instruct,GA_ADAPTIVE,list_pattern,unsorted_with_duplicates,7,True,True,"[[-27, -62, -25, -43, -27, -47]]",0.0,unsorted_with_duplicates,0,80,0.0001283750170841
meta_llama_llama_4_scout_17b_16e_instruct,GA_ADAPTIVE,list_pattern,unsorted_with_duplicates,8,True,True,"[[-61, 38, 38, 19, 18]]",0.0,unsorted_with_duplicates,0,80,0.0001286250771954
meta_llama_llama_4_scout_17b_16e_instruct,GA_ADAPTIVE,list_pattern,unsorted_with_duplicates,9,True,True,"[[23, 66, -10, -72, -72]]",0.0,unsorted_with_duplicates,12,1040,0.0051276249578222
meta_llama_llama_4_scout_17b_16e_instruct,GA_ADAPTIVE,list_pattern,unsorted_with_duplicates,10,True,True,"[[19, 93, -15, 93]]",0.0,unsorted_with_duplicates,0,80,0.000133333960548
meta_llama_llama_4_scout_17b_16e_instruct,GA_ADAPTIVE,list_pattern,unsorted_with_duplicates,11,True,True,"[[65, -89, -89, 41, -52, 71]]",0.0,unsorted_with_duplicates,0,80,0.000129707972519
meta_llama_llama_4_scout_17b_16e_instruct,GA_ADAPTIVE,list_pattern,unsorted_with_duplicates,12,True,True,"[[51, -66, -37, 51]]",0.0,unsorted_with_duplicates,0,80,0.0001305000623688
meta_llama_llama_4_scout_17b_16e_instruct,GA_ADAPTIVE,list_pattern,unsorted_with_duplicates,13,True,True,"[[49, 4, 0, 49, -22]]",0.0,unsorted_with_duplicates,0,80,0.0001240409910678
meta_llama_llama_4_scout_17b_16e_instruct,GA_ADAPTIVE,list_pattern,unsorted_with_duplicates,14,True,True,"[[49, -70, 49, -78, -85, -18]]",0.0,unsorted_with_duplicates,0,80,0.0001229159533977
meta_llama_llama_4_scout_17b_16e_instruct,GA_ADAPTIVE,list_pattern,unsorted_with_duplicates,15,True,True,"[[64, -66, 3, -10, 3, 61]]",0.0,unsorted_with_duplicates,0,80,0.0001244590384885
meta_llama_llama_4_scout_17b_16e_instruct,GA_ADAPTIVE,list_pattern,unsorted_with_duplicates,16,True,True,"[[18, -47, -88, 18, 43, 56]]",0.0,unsorted_with_duplicates,0,80,0.0001303330063819
meta_llama_llama_4_scout_17b_16e_instruct,GA_ADAPTIVE,list_pattern,unsorted_with_duplicates,17,True,True,"[[-61, -45, -45, 15, -27, 83]]",0.0,unsorted_with_duplicates,0,80,0.0001300420844927
meta_llama_llama_4_scout_17b_16e_instruct,GA_ADAPTIVE,list_pattern,unsorted_with_duplicates,18,True,True,"[[4, -14, -53, -14]]",0.0,unsorted_with_duplicates,0,80,0.0001278329873457
meta_llama_llama_4_scout_17b_16e_instruct,GA_ADAPTIVE,list_pattern,unsorted_with_duplicates,19,True,True,"[[67, 97, 97, -6, 28, -2]]",0.0,unsorted_with_duplicates,0,80,0.000131084001623
meta_llama_llama_4_scout_17b_16e_instruct,GA_ADAPTIVE,list_pattern,unsorted_with_duplicates,20,True,True,"[[-26, -42, -26]]",0.0,unsorted_with_duplicates,4,400,0.0017459579976275
meta_llama_llama_4_scout_17b_16e_instruct,GA_ADAPTIVE,list_pattern,unsorted_with_duplicates,21,True,True,"[[-96, 55, -96]]",0.0,unsorted_with_duplicates,0,80,0.0001216249074786
meta_llama_llama_4_scout_17b_16e_instruct,GA_ADAPTIVE,list_pattern,unsorted_with_duplicates,22,True,True,"[[11, -63, -65, -17, -71, -65]]",0.0,unsorted_with_duplicates,0,80,0.0001335829729214
meta_llama_llama_4_scout_17b_16e_instruct,GA_ADAPTIVE,list_pattern,unsorted_with_duplicates,23,True,True,"[[-67, 21, -67, -21, 9]]",0.0,unsorted_with_duplicates,0,80,0.0001204999862238
meta_llama_llama_4_scout_17b_16e_instruct,GA_ADAPTIVE,list_pattern,unsorted_with_duplicates,24,True,True,"[[-3, -3, -54]]",0.0,unsorted_with_duplicates,1,160,0.0005532919894903
meta_llama_llama_4_scout_17b_16e_instruct,GA_ADAPTIVE,list_pattern,unsorted_with_duplicates,25,True,True,"[[78, 93, 54, 93, -58, -69]]",0.0,unsorted_with_duplicates,0,80,0.0001262919977307
meta_llama_llama_4_scout_17b_16e_instruct,GA_ADAPTIVE,list_pattern,unsorted_with_duplicates,26,True,True,"[[-53, -61, -53]]",0.0,unsorted_with_duplicates,0,80,0.0001261659199371
meta_llama_llama_4_scout_17b_16e_instruct,GA_ADAPTIVE,list_pattern,unsorted_with_duplicates,27,True,True,"[[70, 70, -98, -10, -63, -71]]",0.0,unsorted_with_duplicates,0,80,0.0001281660515815
meta_llama_llama_4_scout_17b_16e_instruct,GA_ADAPTIVE,list_pattern,unsorted_with_duplicates,28,True,True,"[[51, 21, 21, 25, 45, -74]]",0.0,unsorted_with_duplicates,0,80,0.0001287920167669
meta_llama_llama_4_scout_17b_16e_instruct,GA_ADAPTIVE,list_pattern,unsorted_with_duplicates,29,True,True,"[[54, -65, 54]]",0.0,unsorted_with_duplicates,16,1360,0.0068688750034198
meta_llama_llama_4_scout_17b_16e_instruct,GA_ADAPTIVE,number_kind,even,0,True,True,[1610],0.0,even,0,80,5.341600626707077e-05
meta_llama_llama_4_scout_17b_16e_instruct,GA_ADAPTIVE,number_kind,even,1,True,True,[-314],0.0,even,0,80,5.341588985174894e-05
meta_llama_llama_4_scout_17b_16e_instruct,GA_ADAPTIVE,number_kind,even,2,True,True,[708],0.0,even,0,80,5.583302117884159e-05
meta_llama_llama_4_scout_17b_16e_instruct,GA_ADAPTIVE,number_kind,even,3,True,True,[2550],0.0,even,0,80,5.270808469504118e-05
meta_llama_llama_4_scout_17b_16e_instruct,GA_ADAPTIVE,number_kind,even,4,True,True,[-178],0.0,even,0,80,5.245895590633154e-05
meta_llama_llama_4_scout_17b_16e_instruct,GA_ADAPTIVE,number_kind,even,5,True,True,[-386],0.0,even,0,80,5.254207644611597e-05
meta_llama_llama_4_scout_17b_16e_instruct,GA_ADAPTIVE,number_kind,even,6,True,True,[934],0.0,even,0,80,5.233404226601124e-05
meta_llama_llama_4_scout_17b_16e_instruct,GA_ADAPTIVE,number_kind,even,7,True,True,[210],0.0,even,0,80,5.3416937589645386e-05
meta_llama_llama_4_scout_17b_16e_instruct,GA_ADAPTIVE,number_kind,even,8,True,True,[1022],0.0,even,0,80,5.224999040365219e-05
meta_llama_llama_4_scout_17b_16e_instruct,GA_ADAPTIVE,number_kind,even,9,True,True,[2766],0.0,even,0,80,5.295802839100361e-05
meta_llama_llama_4_scout_17b_16e_instruct,GA_ADAPTIVE,number_kind,even,10,True,True,[1446],0.0,even,0,80,5.291588604450226e-05
meta_llama_llama_4_scout_17b_16e_instruct,GA_ADAPTIVE,number_kind,even,11,True,True,[-220],0.0,even,0,80,5.258398596197367e-05
meta_llama_llama_4_scout_17b_16e_instruct,GA_ADAPTIVE,number_kind,even,12,True,True,[2404],0.0,even,0,80,5.287502426654101e-05
meta_llama_llama_4_scout_17b_16e_instruct,GA_ADAPTIVE,number_kind,even,13,True,True,[2894],0.0,even,0,80,5.249993409961462e-05
meta_llama_llama_4_scout_17b_16e_instruct,GA_ADAPTIVE,number_kind,even,14,True,True,[1684],0.0,even,0,80,5.2582938224077225e-05
meta_llama_llama_4_scout_17b_16e_instruct,GA_ADAPTIVE,number_kind,even,15,True,True,[-54],0.0,even,0,80,5.3292023949325085e-05
meta_llama_llama_4_scout_17b_16e_instruct,GA_ADAPTIVE,number_kind,even,16,True,True,[2756],0.0,even,0,80,5.312508437782526e-05
meta_llama_llama_4_scout_17b_16e_instruct,GA_ADAPTIVE,number_kind,even,17,True,True,[-300],0.0,even,0,80,5.258305463939905e-05
meta_llama_llama_4_scout_17b_16e_instruct,GA_ADAPTIVE,number_kind,even,18,True,True,[2168],0.0,even,0,80,5.208305083215237e-05
meta_llama_llama_4_scout_17b_16e_instruct,GA_ADAPTIVE,number_kind,even,19,True,True,[2202],0.0,even,0,80,5.262496415525675e-05
meta_llama_llama_4_scout_17b_16e_instruct,GA_ADAPTIVE,number_kind,even,20,True,True,[1676],0.0,even,0,80,5.237502045929432e-05
meta_llama_llama_4_scout_17b_16e_instruct,GA_ADAPTIVE,number_kind,even,21,True,True,[-80],0.0,even,0,80,5.229189991950989e-05
meta_llama_llama_4_scout_17b_16e_instruct,GA_ADAPTIVE,number_kind,even,22,True,True,[2124],0.0,even,0,80,5.362497176975012e-05
meta_llama_llama_4_scout_17b_16e_instruct,GA_ADAPTIVE,number_kind,even,23,True,True,[386],0.0,even,0,80,5.324999801814556e-05
meta_llama_llama_4_scout_17b_16e_instruct,GA_ADAPTIVE,number_kind,even,24,True,True,[610],0.0,even,0,80,5.479203537106514e-05
meta_llama_llama_4_scout_17b_16e_instruct,GA_ADAPTIVE,number_kind,even,25,True,True,[2848],0.0,even,0,80,5.295791197568178e-05
meta_llama_llama_4_scout_17b_16e_instruct,GA_ADAPTIVE,number_kind,even,26,True,True,[1504],0.0,even,0,80,5.270796827971935e-05
meta_llama_llama_4_scout_17b_16e_instruct,GA_ADAPTIVE,number_kind,even,27,True,True,[2308],0.0,even,0,80,5.287502426654101e-05
meta_llama_llama_4_scout_17b_16e_instruct,GA_ADAPTIVE,number_kind,even,28,True,True,[-424],0.0,even,0,80,5.3958967328071594e-05
meta_llama_llama_4_scout_17b_16e_instruct,GA_ADAPTIVE,number_kind,even,29,True,True,[1810],0.0,even,0,80,5.395803600549698e-05
meta_llama_llama_4_scout_17b_16e_instruct,GA_ADAPTIVE,number_kind,odd,0,True,True,[175],0.0,odd,0,80,5.237502045929432e-05
meta_llama_llama_4_scout_17b_16e_instruct,GA_ADAPTIVE,number_kind,odd,1,True,True,[2263],0.0,odd,0,80,5.262496415525675e-05
meta_llama_llama_4_scout_17b_16e_instruct,GA_ADAPTIVE,number_kind,odd,2,True,True,[1669],0.0,odd,0,80,5.312496796250343e-05
meta_llama_llama_4_scout_17b_16e_instruct,GA_ADAPTIVE,number_kind,odd,3,True,True,[2951],0.0,odd,0,80,5.462497938424349e-05
meta_llama_llama_4_scout_17b_16e_instruct,GA_ADAPTIVE,number_kind,odd,4,True,True,[1301],0.0,odd,0,80,5.237502045929432e-05
meta_llama_llama_4_scout_17b_16e_instruct,GA_ADAPTIVE,number_kind,odd,5,True,True,[1165],0.0,odd,0,80,5.245895590633154e-05
meta_llama_llama_4_scout_17b_16e_instruct,GA_ADAPTIVE,number_kind,odd,6,True,True,[1729],0.0,odd,0,80,5.283299833536148e-05
meta_llama_llama_4_scout_17b_16e_instruct,GA_ADAPTIVE,number_kind,odd,7,True,True,[2659],0.0,odd,0,80,5.220796447247267e-05
meta_llama_llama_4_scout_17b_16e_instruct,GA_ADAPTIVE,number_kind,odd,8,True,True,[-21],0.0,odd,0,80,5.35410363227129e-05
meta_llama_llama_4_scout_17b_16e_instruct,GA_ADAPTIVE,number_kind,odd,9,True,True,[1471],0.0,odd,0,80,5.266699008643627e-05
meta_llama_llama_4_scout_17b_16e_instruct,GA_ADAPTIVE,number_kind,odd,10,True,True,[933],0.0,odd,0,80,5.287502426654101e-05
meta_llama_llama_4_scout_17b_16e_instruct,GA_ADAPTIVE,number_kind,odd,11,True,True,[2989],0.0,odd,0,80,5.27920201420784e-05
meta_llama_llama_4_scout_17b_16e_instruct,GA_ADAPTIVE,number_kind,odd,12,True,True,[-121],0.0,odd,0,80,5.2459072321653366e-05
meta_llama_llama_4_scout_17b_16e_instruct,GA_ADAPTIVE,number_kind,odd,13,True,True,[-83],0.0,odd,0,80,5.3458032198250294e-05
meta_llama_llama_4_scout_17b_16e_instruct,GA_ADAPTIVE,number_kind,odd,14,True,True,[791],0.0,odd,0,80,5.295791197568178e-05
meta_llama_llama_4_scout_17b_16e_instruct,GA_ADAPTIVE,number_kind,odd,15,True,True,[-9],0.0,odd,0,80,5.266699008643627e-05
meta_llama_llama_4_scout_17b_16e_instruct,GA_ADAPTIVE,number_kind,odd,16,True,True,[1069],0.0,odd,0,80,5.320901982486248e-05
meta_llama_llama_4_scout_17b_16e_instruct,GA_ADAPTIVE,number_kind,odd,17,True,True,[-71],0.0,odd,0,80,5.2666058763861656e-05
meta_llama_llama_4_scout_17b_16e_instruct,GA_ADAPTIVE,number_kind,odd,18,True,True,[861],0.0,odd,0,80,5.320797208696604e-05
meta_llama_llama_4_scout_17b_16e_instruct,GA_ADAPTIVE,number_kind,odd,19,True,True,[439],0.0,odd,0,80,5.620799493044615e-05
meta_llama_llama_4_scout_17b_16e_instruct,GA_ADAPTIVE,number_kind,odd,20,True,True,[-323],0.0,odd,0,80,5.1709008403122425e-05
meta_llama_llama_4_scout_17b_16e_instruct,GA_ADAPTIVE,number_kind,odd,21,True,True,[1987],0.0,odd,0,80,5.287490785121918e-05
meta_llama_llama_4_scout_17b_16e_instruct,GA_ADAPTIVE,number_kind,odd,22,True,True,[1411],0.0,odd,0,80,5.24159986525774e-05
meta_llama_llama_4_scout_17b_16e_instruct,GA_ADAPTIVE,number_kind,odd,23,True,True,[-435],0.0,odd,0,80,5.358306225389242e-05
meta_llama_llama_4_scout_17b_16e_instruct,GA_ADAPTIVE,number_kind,odd,24,True,True,[-455],0.0,odd,0,80,5.383300594985485e-05
meta_llama_llama_4_scout_17b_16e_instruct,GA_ADAPTIVE,number_kind,odd,25,True,True,[875],0.0,odd,0,80,5.266699008643627e-05
meta_llama_llama_4_scout_17b_16e_instruct,GA_ADAPTIVE,number_kind,odd,26,True,True,[1609],0.0,odd,0,80,5.287502426654101e-05
meta_llama_llama_4_scout_17b_16e_instruct,GA_ADAPTIVE,number_kind,odd,27,True,True,[1619],0.0,odd,0,80,5.2292016334831715e-05
meta_llama_llama_4_scout_17b_16e_instruct,GA_ADAPTIVE,number_kind,odd,28,True,True,[441],0.0,odd,0,80,5.27920201420784e-05
meta_llama_llama_4_scout_17b_16e_instruct,GA_ADAPTIVE,number_kind,odd,29,True,True,[273],0.0,odd,0,80,5.3042080253362656e-05
meta_llama_llama_4_scout_17b_16e_instruct,GA_ADAPTIVE,number_kind,zero,0,True,True,[0],0.0,zero,4,400,0.0012770419707521
meta_llama_llama_4_scout_17b_16e_instruct,GA_ADAPTIVE,number_kind,zero,1,True,True,[0],0.0,zero,6,560,0.001882667071186
meta_llama_llama_4_scout_17b_16e_instruct,GA_ADAPTIVE,number_kind,zero,2,True,True,[0],0.0,zero,10,880,0.0030795830534771
meta_llama_llama_4_scout_17b_16e_instruct,GA_ADAPTIVE,number_kind,zero,3,True,True,[0],0.0,zero,1,160,0.000359958037734
meta_llama_llama_4_scout_17b_16e_instruct,GA_ADAPTIVE,number_kind,zero,4,True,True,[0],0.0,zero,11,960,0.0033900829730555
meta_llama_llama_4_scout_17b_16e_instruct,GA_ADAPTIVE,number_kind,zero,5,True,True,[0],0.0,zero,10,880,0.003137250081636
meta_llama_llama_4_scout_17b_16e_instruct,GA_ADAPTIVE,number_kind,zero,6,True,True,[0],0.0,zero,6,560,0.0018733330070972
meta_llama_llama_4_scout_17b_16e_instruct,GA_ADAPTIVE,number_kind,zero,7,True,True,[0],0.0,zero,3,320,0.0009687090059742
meta_llama_llama_4_scout_17b_16e_instruct,GA_ADAPTIVE,number_kind,zero,8,True,True,[0],0.0,zero,6,560,0.0018758330261334
meta_llama_llama_4_scout_17b_16e_instruct,GA_ADAPTIVE,number_kind,zero,9,True,True,[0],0.0,zero,6,560,0.0018819170072674
meta_llama_llama_4_scout_17b_16e_instruct,GA_ADAPTIVE,number_kind,zero,10,True,True,[0],0.0,zero,6,560,0.0019060000777244
meta_llama_llama_4_scout_17b_16e_instruct,GA_ADAPTIVE,number_kind,zero,11,True,True,[0],0.0,zero,6,560,0.0018692499725148
meta_llama_llama_4_scout_17b_16e_instruct,GA_ADAPTIVE,number_kind,zero,12,True,True,[0],0.0,zero,7,640,0.0021776669891551
meta_llama_llama_4_scout_17b_16e_instruct,GA_ADAPTIVE,number_kind,zero,13,True,True,[0],0.0,zero,4,400,0.0012953329132869
meta_llama_llama_4_scout_17b_16e_instruct,GA_ADAPTIVE,number_kind,zero,14,True,True,[0],0.0,zero,9,800,0.0027840000111609
meta_llama_llama_4_scout_17b_16e_instruct,GA_ADAPTIVE,number_kind,zero,15,True,True,[0],0.0,zero,11,960,0.0033992500975728
meta_llama_llama_4_scout_17b_16e_instruct,GA_ADAPTIVE,number_kind,zero,16,True,True,[0],0.0,zero,5,480,0.0015700829681009
meta_llama_llama_4_scout_17b_16e_instruct,GA_ADAPTIVE,number_kind,zero,17,True,True,[0],0.0,zero,6,560,0.0018617919413372
meta_llama_llama_4_scout_17b_16e_instruct,GA_ADAPTIVE,number_kind,zero,18,True,True,[0],0.0,zero,13,1120,0.0040397499687969
meta_llama_llama_4_scout_17b_16e_instruct,GA_ADAPTIVE,number_kind,zero,19,True,True,[0],0.0,zero,3,320,0.0009683329844847
meta_llama_llama_4_scout_17b_16e_instruct,GA_ADAPTIVE,number_kind,zero,20,True,True,[0],0.0,zero,17,1440,0.0052077920408919
meta_llama_llama_4_scout_17b_16e_instruct,GA_ADAPTIVE,number_kind,zero,21,True,True,[0],0.0,zero,5,480,0.0016158339567482
meta_llama_llama_4_scout_17b_16e_instruct,GA_ADAPTIVE,number_kind,zero,22,True,True,[0],0.0,zero,13,1120,0.0039842500118538
meta_llama_llama_4_scout_17b_16e_instruct,GA_ADAPTIVE,number_kind,zero,23,True,True,[0],0.0,zero,12,1040,0.0036829579621553
meta_llama_llama_4_scout_17b_16e_instruct,GA_ADAPTIVE,number_kind,zero,24,True,True,[0],0.0,zero,5,480,0.0015697909984737
meta_llama_llama_4_scout_17b_16e_instruct,GA_ADAPTIVE,number_kind,zero,25,True,True,[0],0.0,zero,8,720,0.0024919579736888
meta_llama_llama_4_scout_17b_16e_instruct,GA_ADAPTIVE,number_kind,zero,26,True,True,[0],0.0,zero,4,400,0.00127829099074
meta_llama_llama_4_scout_17b_16e_instruct,GA_ADAPTIVE,number_kind,zero,27,True,True,[0],0.0,zero,7,640,0.0021793750347569
meta_llama_llama_4_scout_17b_16e_instruct,GA_ADAPTIVE,number_kind,zero,28,True,True,[0],0.0,zero,5,480,0.0015615000156685
meta_llama_llama_4_scout_17b_16e_instruct,GA_ADAPTIVE,number_kind,zero,29,True,True,[0],0.0,zero,3,320,0.000960125005804
meta_llama_llama_4_scout_17b_16e_instruct,GA_ADAPTIVE,pin_pattern,all_same,0,True,True,"[954, 954, 1855, 2417]",0.0,all_same,10,880,0.00466629199218
meta_llama_llama_4_scout_17b_16e_instruct,GA_ADAPTIVE,pin_pattern,all_same,1,True,True,"[-416, -416, 2681, -359]",0.0,all_same,2,240,0.001075290958397
meta_llama_llama_4_scout_17b_16e_instruct,GA_ADAPTIVE,pin_pattern,all_same,2,True,True,"[333, 333, -303, 1117]",0.0,all_same,4,400,0.0019478750182315
meta_llama_llama_4_scout_17b_16e_instruct,GA_ADAPTIVE,pin_pattern,all_same,3,True,True,"[2585, 2802, 2585, 2480]",0.0,all_same,3,320,0.0014914580387994
meta_llama_llama_4_scout_17b_16e_instruct,GA_ADAPTIVE,pin_pattern,all_same,4,True,True,"[1512, 1512, 1278, 2385]",0.0,all_same,3,320,0.0015002500731498
meta_llama_llama_4_scout_17b_16e_instruct,GA_ADAPTIVE,pin_pattern,all_same,5,True,True,"[-417, -417, 963, 2634]",0.0,all_same,8,720,0.0037596669280901
meta_llama_llama_4_scout_17b_16e_instruct,GA_ADAPTIVE,pin_pattern,all_same,6,True,True,"[706, 1907, -452, 706]",0.0,all_same,8,720,0.0038100840756669
meta_llama_llama_4_scout_17b_16e_instruct,GA_ADAPTIVE,pin_pattern,all_same,7,True,True,"[1580, 1580, -177, 1674]",0.0,all_same,11,960,0.0051407080609351
meta_llama_llama_4_scout_17b_16e_instruct,GA_ADAPTIVE,pin_pattern,all_same,8,True,True,"[2450, 920, 2450, 1634]",0.0,all_same,2,240,0.0010821250034496
meta_llama_llama_4_scout_17b_16e_instruct,GA_ADAPTIVE,pin_pattern,all_same,9,True,True,"[2460, 2460, 1604, 2832]",0.0,all_same,4,400,0.001959583023563
meta_llama_llama_4_scout_17b_16e_instruct,GA_ADAPTIVE,pin_pattern,all_same,10,True,True,"[1659, 1659, 890, 1214]",0.0,all_same,1,160,0.0006323750130832
meta_llama_llama_4_scout_17b_16e_instruct,GA_ADAPTIVE,pin_pattern,all_same,11,True,True,"[146, 1914, 146, 1486]",0.0,all_same,5,480,0.0023940000683069
meta_llama_llama_4_scout_17b_16e_instruct,GA_ADAPTIVE,pin_pattern,all_same,12,True,True,"[1139, 1139, 1043, 940]",0.0,all_same,4,400,0.0019554580794647
meta_llama_llama_4_scout_17b_16e_instruct,GA_ADAPTIVE,pin_pattern,all_same,13,True,True,"[1802, 2161, 1802, 1661]",0.0,all_same,5,480,0.0023948330199345
meta_llama_llama_4_scout_17b_16e_instruct,GA_ADAPTIVE,pin_pattern,all_same,14,True,True,"[1850, 52, 1850, 1918]",0.0,all_same,6,560,0.0028677500085905
meta_llama_llama_4_scout_17b_16e_instruct,GA_ADAPTIVE,pin_pattern,all_same,15,True,True,"[39, 39, -161, -287]",0.0,all_same,0,80,0.0001227090833708
meta_llama_llama_4_scout_17b_16e_instruct,GA_ADAPTIVE,pin_pattern,all_same,16,True,True,"[2722, 2626, 1445, 2722]",0.0,all_same,2,240,0.0010554160689935
meta_llama_llama_4_scout_17b_16e_instruct,GA_ADAPTIVE,pin_pattern,all_same,17,True,True,"[1351, -377, -238, 1351]",0.0,all_same,8,720,0.003817250020802
meta_llama_llama_4_scout_17b_16e_instruct,GA_ADAPTIVE,pin_pattern,all_same,18,True,True,"[-453, -453, 2800, -355]",0.0,all_same,6,560,0.0028470420511439
meta_llama_llama_4_scout_17b_16e_instruct,GA_ADAPTIVE,pin_pattern,all_same,19,True,True,"[120, 1522, 120, -48]",0.0,all_same,4,400,0.0019928329857066
meta_llama_llama_4_scout_17b_16e_instruct,GA_ADAPTIVE,pin_pattern,all_same,20,True,True,"[-429, 2198, 1041, -429]",0.0,all_same,5,480,0.00242508307565
meta_llama_llama_4_scout_17b_16e_instruct,GA_ADAPTIVE,pin_pattern,all_same,21,True,True,"[818, 818, 2524, 2317]",0.0,all_same,0,80,0.0001256250543519
meta_llama_llama_4_scout_17b_16e_instruct,GA_ADAPTIVE,pin_pattern,all_same,22,True,True,"[2040, 2040, 1107, 1367]",0.0,all_same,1,160,0.0006131250411272
meta_llama_llama_4_scout_17b_16e_instruct,GA_ADAPTIVE,pin_pattern,all_same,23,True,True,"[2122, 1215, 2122, 242]",0.0,all_same,6,560,0.0028841249877586
meta_llama_llama_4_scout_17b_16e_instruct,GA_ADAPTIVE,pin_pattern,all_same,24,True,True,"[1712, -143, 1712, 2645]",0.0,all_same,6,560,0.0028198750223964
meta_llama_llama_4_scout_17b_16e_instruct,GA_ADAPTIVE,pin_pattern,all_same,25,True,True,"[1209, 820, 2566, 1209]",0.0,all_same,5,480,0.0024489589268341
meta_llama_llama_4_scout_17b_16e_instruct,GA_ADAPTIVE,pin_pattern,all_same,26,True,True,"[1314, 1292, 2759, 1314]",0.0,all_same,2,240,0.001055417000316
meta_llama_llama_4_scout_17b_16e_instruct,GA_ADAPTIVE,pin_pattern,all_same,27,True,True,"[1837, 1837, 2423, 1612]",0.0,all_same,5,480,0.002761207986623
meta_llama_llama_4_scout_17b_16e_instruct,GA_ADAPTIVE,pin_pattern,all_same,28,True,True,"[790, 790, 195, 2982]",0.0,all_same,2,240,0.0010502910008653
meta_llama_llama_4_scout_17b_16e_instruct,GA_ADAPTIVE,pin_pattern,all_same,29,True,True,"[2625, 2625, 2762, 416]",0.0,all_same,9,800,0.0043830409413203
meta_llama_llama_4_scout_17b_16e_instruct,GA_ADAPTIVE,pin_pattern,ordered_sum_20,0,True,True,"[-204, -174, 109, 289]",0.0,ordered_sum_20,17,1440,0.0079470829805359
meta_llama_llama_4_scout_17b_16e_instruct,GA_ADAPTIVE,pin_pattern,ordered_sum_20,1,True,True,"[-342, -254, 106, 510]",0.0,ordered_sum_20,12,1040,0.0060992910293862
meta_llama_llama_4_scout_17b_16e_instruct,GA_ADAPTIVE,pin_pattern,ordered_sum_20,2,True,True,"[-264, -158, -30, 472]",0.0,ordered_sum_20,13,1120,0.0065633329795673
meta_llama_llama_4_scout_17b_16e_instruct,GA_ADAPTIVE,pin_pattern,ordered_sum_20,3,True,True,"[-345, 71, 133, 161]",0.0,ordered_sum_20,13,1120,0.0061706249834969
meta_llama_llama_4_scout_17b_16e_instruct,GA_ADAPTIVE,pin_pattern,ordered_sum_20,4,True,True,"[-474, 11, 75, 408]",0.0,ordered_sum_20,17,1440,0.0078884999966248
meta_llama_llama_4_scout_17b_16e_instruct,GA_ADAPTIVE,pin_pattern,ordered_sum_20,5,True,True,"[-72, -27, 6, 113]",0.0,ordered_sum_20,11,960,0.0053282909793779
meta_llama_llama_4_scout_17b_16e_instruct,GA_ADAPTIVE,pin_pattern,ordered_sum_20,6,True,True,"[-374, -72, -61, 527]",0.0,ordered_sum_20,13,1120,0.0061112080002203
meta_llama_llama_4_scout_17b_16e_instruct,GA_ADAPTIVE,pin_pattern,ordered_sum_20,7,True,True,"[-283, -219, 129, 393]",0.0,ordered_sum_20,14,1200,0.0066515409853309
meta_llama_llama_4_scout_17b_16e_instruct,GA_ADAPTIVE,pin_pattern,ordered_sum_20,8,True,True,"[-243, -1, 132, 132]",0.0,ordered_sum_20,24,2000,0.0112533329520374
meta_llama_llama_4_scout_17b_16e_instruct,GA_ADAPTIVE,pin_pattern,ordered_sum_20,9,True,True,"[-289, -259, -50, 618]",0.0,ordered_sum_20,18,1520,0.0084444580134004
meta_llama_llama_4_scout_17b_16e_instruct,GA_ADAPTIVE,pin_pattern,ordered_sum_20,10,True,True,"[-468, 32, 66, 390]",0.0,ordered_sum_20,19,1600,0.009041832992807
meta_llama_llama_4_scout_17b_16e_instruct,GA_ADAPTIVE,pin_pattern,ordered_sum_20,11,True,True,"[-329, -280, 286, 343]",0.0,ordered_sum_20,9,800,0.0043280000099912
meta_llama_llama_4_scout_17b_16e_instruct,GA_ADAPTIVE,pin_pattern,ordered_sum_20,12,True,True,"[-414, -301, -258, 993]",0.0,ordered_sum_20,10,880,0.0047676670365035
meta_llama_llama_4_scout_17b_16e_instruct,GA_ADAPTIVE,pin_pattern,ordered_sum_20,13,True,True,"[-229, -60, 140, 169]",0.0,ordered_sum_20,12,1040,0.005748042021878
meta_llama_llama_4_scout_17b_16e_instruct,GA_ADAPTIVE,pin_pattern,ordered_sum_20,14,True,True,"[-290, -110, 19, 401]",0.0,ordered_sum_20,13,1120,0.0063578329281881
meta_llama_llama_4_scout_17b_16e_instruct,GA_ADAPTIVE,pin_pattern,ordered_sum_20,15,True,True,"[-105, 16, 43, 66]",0.0,ordered_sum_20,14,1200,0.0065873340936377
meta_llama_llama_4_scout_17b_16e_instruct,GA_ADAPTIVE,pin_pattern,ordered_sum_20,16,True,True,"[-342, -312, 136, 538]",0.0,ordered_sum_20,21,1760,0.0098718750523403
meta_llama_llama_4_scout_17b_16e_instruct,GA_ADAPTIVE,pin_pattern,ordered_sum_20,17,True,True,"[-156, -1, 22, 155]",0.0,ordered_sum_20,16,1360,0.0073984169866889
meta_llama_llama_4_scout_17b_16e_instruct,GA_ADAPTIVE,pin_pattern,ordered_sum_20,18,True,True,"[-487, -468, 50, 925]",0.0,ordered_sum_20,11,960,0.0050922919763252
meta_llama_llama_4_scout_17b_16e_instruct,GA_ADAPTIVE,pin_pattern,ordered_sum_20,19,True,True,"[-388, -121, 176, 353]",0.0,ordered_sum_20,10,880,0.0046576659660786
meta_llama_llama_4_scout_17b_16e_instruct,GA_ADAPTIVE,pin_pattern,ordered_sum_20,20,True,True,"[-292, -116, 171, 257]",0.0,ordered_sum_20,24,2000,0.011103167082183
meta_llama_llama_4_scout_17b_16e_instruct,GA_ADAPTIVE,pin_pattern,ordered_sum_20,21,True,True,"[-410, -389, -101, 920]",0.0,ordered_sum_20,15,1280,0.0070893749361857
meta_llama_llama_4_scout_17b_16e_instruct,GA_ADAPTIVE,pin_pattern,ordered_sum_20,22,True,True,"[-429, -48, 222, 275]",0.0,ordered_sum_20,13,1120,0.0061271670274436
meta_llama_llama_4_scout_17b_16e_instruct,GA_ADAPTIVE,pin_pattern,ordered_sum_20,23,True,True,"[-437, -365, -172, 994]",0.0,ordered_sum_20,14,1200,0.0066277080914005
meta_llama_llama_4_scout_17b_16e_instruct,GA_ADAPTIVE,pin_pattern,ordered_sum_20,24,True,True,"[-444, 75, 177, 212]",0.0,ordered_sum_20,13,1120,0.0062526250258088
meta_llama_llama_4_scout_17b_16e_instruct,GA_ADAPTIVE,pin_pattern,ordered_sum_20,25,True,True,"[-122, 36, 44, 62]",0.0,ordered_sum_20,46,3760,0.0211658329935744
meta_llama_llama_4_scout_17b_16e_instruct,GA_ADAPTIVE,pin_pattern,ordered_sum_20,26,True,True,"[-296, -284, 80, 520]",0.0,ordered_sum_20,12,1040,0.0060202500317245
meta_llama_llama_4_scout_17b_16e_instruct,GA_ADAPTIVE,pin_pattern,ordered_sum_20,27,True,True,"[-210, -103, 17, 316]",0.0,ordered_sum_20,16,1360,0.0073777920333668
meta_llama_llama_4_scout_17b_16e_instruct,GA_ADAPTIVE,pin_pattern,ordered_sum_20,28,True,True,"[-243, -172, 148, 287]",0.0,ordered_sum_20,11,960,0.0055327920708805
meta_llama_llama_4_scout_17b_16e_instruct,GA_ADAPTIVE,pin_pattern,ordered_sum_20,29,True,True,"[-464, 96, 159, 229]",0.0,ordered_sum_20,11,960,0.0052264580735936
meta_llama_llama_4_scout_17b_16e_instruct,GA_ADAPTIVE,pin_pattern,other,0,True,True,"[2818, -145, 1828, 633]",0.0,other,0,80,0.0001412089914083
meta_llama_llama_4_scout_17b_16e_instruct,GA_ADAPTIVE,pin_pattern,other,1,True,True,"[-2, 1484, 1482, 2137]",0.0,other,0,80,0.0001376669388264
meta_llama_llama_4_scout_17b_16e_instruct,GA_ADAPTIVE,pin_pattern,other,2,True,True,"[2182, 1692, 2925, 1051]",0.0,other,0,80,0.00013545807451
meta_llama_llama_4_scout_17b_16e_instruct,GA_ADAPTIVE,pin_pattern,other,3,True,True,"[-413, 1023, 1714, 2927]",0.0,other,0,80,0.0001363749615848
meta_llama_llama_4_scout_17b_16e_instruct,GA_ADAPTIVE,pin_pattern,other,4,True,True,"[2316, -397, 572, 666]",0.0,other,0,80,0.0001339589944109
meta_llama_llama_4_scout_17b_16e_instruct,GA_ADAPTIVE,pin_pattern,other,5,True,True,"[2044, 1062, 2782, 688]",0.0,other,0,80,0.0001337920548394
meta_llama_llama_4_scout_17b_16e_instruct,GA_ADAPTIVE,pin_pattern,other,6,True,True,"[1402, 0, -5, 2401]",0.0,other,0,80,0.0001354999840259
meta_llama_llama_4_scout_17b_16e_instruct,GA_ADAPTIVE,pin_pattern,other,7,True,True,"[824, 1150, -33, 2447]",0.0,other,0,80,0.0001345840282738
meta_llama_llama_4_scout_17b_16e_instruct,GA_ADAPTIVE,pin_pattern,other,8,True,True,"[-324, 2316, 1416, 1132]",0.0,other,0,80,0.0001326670171692
meta_llama_llama_4_scout_17b_16e_instruct,GA_ADAPTIVE,pin_pattern,other,9,True,True,"[1402, 2239, 2735, 1588]",0.0,other,0,80,0.0001330829691141
meta_llama_llama_4_scout_17b_16e_instruct,GA_ADAPTIVE,pin_pattern,other,10,True,True,"[2638, 491, 1980, 1423]",0.0,other,0,80,0.0001342500327154
meta_llama_llama_4_scout_17b_16e_instruct,GA_ADAPTIVE,pin_pattern,other,11,True,True,"[1162, 2491, 2113, -424]",0.0,other,0,80,0.0001340419985353
meta_llama_llama_4_scout_17b_16e_instruct,GA_ADAPTIVE,pin_pattern,other,12,True,True,"[56, 570, 75, 1040]",0.0,other,0,80,0.0001340840244665
meta_llama_llama_4_scout_17b_16e_instruct,GA_ADAPTIVE,pin_pattern,other,13,True,True,"[1222, 2457, 232, 2720]",0.0,other,0,80,0.0001340840244665
meta_llama_llama_4_scout_17b_16e_instruct,GA_ADAPTIVE,pin_pattern,other,14,True,True,"[406, 1120, 1457, 611]",0.0,other,0,80,0.0001340419985353
meta_llama_llama_4_scout_17b_16e_instruct,GA_ADAPTIVE,pin_pattern,other,15,True,True,"[1566, 392, 1985, 1518]",0.0,other,0,80,0.0001337500289082
meta_llama_llama_4_scout_17b_16e_instruct,GA_ADAPTIVE,pin_pattern,other,16,True,True,"[851, -352, 1452, 368]",0.0,other,0,80,0.0001334579428657
meta_llama_llama_4_scout_17b_16e_instruct,GA_ADAPTIVE,pin_pattern,other,17,True,True,"[2328, 1410, -282, 99]",0.0,other,0,80,0.0001334580592811
meta_llama_llama_4_scout_17b_16e_instruct,GA_ADAPTIVE,pin_pattern,other,18,True,True,"[1891, 983, 2194, 2319]",0.0,other,0,80,0.000133250025101
meta_llama_llama_4_scout_17b_16e_instruct,GA_ADAPTIVE,pin_pattern,other,19,True,True,"[-407, 1978, 141, 735]",0.0,other,0,80,0.0001343339681625
meta_llama_llama_4_scout_17b_16e_instruct,GA_ADAPTIVE,pin_pattern,other,20,True,True,"[2189, 2646, 1449, 704]",0.0,other,0,80,0.0001345840282738
meta_llama_llama_4_scout_17b_16e_instruct,GA_ADAPTIVE,pin_pattern,other,21,True,True,"[811, 2907, -120, 1156]",0.0,other,0,80,0.0001364999916404
meta_llama_llama_4_scout_17b_16e_instruct,GA_ADAPTIVE,pin_pattern,other,22,True,True,"[2974, 979, 910, 1802]",0.0,other,0,80,0.0001352080143988
meta_llama_llama_4_scout_17b_16e_instruct,GA_ADAPTIVE,pin_pattern,other,23,True,True,"[271, 2997, 1233, 2233]",0.0,other,0,80,0.0001378749730065
meta_llama_llama_4_scout_17b_16e_instruct,GA_ADAPTIVE,pin_pattern,other,24,True,True,"[499, 208, 1600, 792]",0.0,other,0,80,0.0001418329775333
meta_llama_llama_4_scout_17b_16e_instruct,GA_ADAPTIVE,pin_pattern,other,25,True,True,"[455, 1, 2494, 1435]",0.0,other,0,80,0.000145333004184
meta_llama_llama_4_scout_17b_16e_instruct,GA_ADAPTIVE,pin_pattern,other,26,True,True,"[-325, -315, 557, 2102]",0.0,other,0,80,0.0001412910642102
meta_llama_llama_4_scout_17b_16e_instruct,GA_ADAPTIVE,pin_pattern,other,27,True,True,"[-128, 926, 1273, 303]",0.0,other,0,80,0.0001371250255033
meta_llama_llama_4_scout_17b_16e_instruct,GA_ADAPTIVE,pin_pattern,other,28,True,True,"[2202, -357, -185, 2275]",0.0,other,0,80,0.0001384579809382
meta_llama_llama_4_scout_17b_16e_instruct,GA_ADAPTIVE,pin_pattern,other,29,True,True,"[2427, 1279, 2521, 1749]",0.0,other,0,80,0.0001373330596834
meta_llama_llama_4_scout_17b_16e_instruct,GA_ADAPTIVE,pin_pattern,secret_pin,0,False,False,"[7, 3, 10, 1]",1.0,,35,8080,0.0480294169392436
meta_llama_llama_4_scout_17b_16e_instruct,GA_ADAPTIVE,pin_pattern,secret_pin,1,True,True,"[7, 3, 9, 1]",0.0,secret_pin,45,3680,0.0206029590917751
meta_llama_llama_4_scout_17b_16e_instruct,GA_ADAPTIVE,pin_pattern,secret_pin,2,False,False,"[7, 4, 9, 1]",1.0,,36,8080,0.0497165000997483
meta_llama_llama_4_scout_17b_16e_instruct,GA_ADAPTIVE,pin_pattern,secret_pin,3,False,False,"[7, 2, 9, 1]",1.0,,49,8080,0.0482627919409424
meta_llama_llama_4_scout_17b_16e_instruct,GA_ADAPTIVE,pin_pattern,secret_pin,4,True,True,"[7, 3, 9, 1]",0.0,secret_pin,42,3440,0.0188680419232696
meta_llama_llama_4_scout_17b_16e_instruct,GA_ADAPTIVE,pin_pattern,secret_pin,5,True,True,"[7, 3, 9, 1]",0.0,secret_pin,36,2960,0.0166868749074637
meta_llama_llama_4_scout_17b_16e_instruct,GA_ADAPTIVE,pin_pattern,secret_pin,6,False,False,"[7, 4, 9, 1]",1.0,,32,8080,0.0478760000551119
meta_llama_llama_4_scout_17b_16e_instruct,GA_ADAPTIVE,pin_pattern,secret_pin,7,True,True,"[7, 3, 9, 1]",0.0,secret_pin,46,3760,0.0204178750282153
meta_llama_llama_4_scout_17b_16e_instruct,GA_ADAPTIVE,pin_pattern,secret_pin,8,False,False,"[7, 4, 9, 1]",1.0,,33,8080,0.047677791910246
meta_llama_llama_4_scout_17b_16e_instruct,GA_ADAPTIVE,pin_pattern,secret_pin,9,True,True,"[7, 3, 9, 1]",0.0,secret_pin,56,4560,0.0247914999490603
meta_llama_llama_4_scout_17b_16e_instruct,GA_ADAPTIVE,pin_pattern,secret_pin,10,False,False,"[8, 3, 9, 1]",1.0,,36,8080,0.0475158330518752
meta_llama_llama_4_scout_17b_16e_instruct,GA_ADAPTIVE,pin_pattern,secret_pin,11,True,True,"[7, 3, 9, 1]",0.0,secret_pin,45,3680,0.020028791972436
meta_llama_llama_4_scout_17b_16e_instruct,GA_ADAPTIVE,pin_pattern,secret_pin,12,False,False,"[7, 3, 8, 1]",1.0,,59,8080,0.0459575839340686
meta_llama_llama_4_scout_17b_16e_instruct,GA_ADAPTIVE,pin_pattern,secret_pin,13,True,True,"[7, 3, 9, 1]",0.0,secret_pin,37,3040,0.0166565839899703
meta_llama_llama_4_scout_17b_16e_instruct,GA_ADAPTIVE,pin_pattern,secret_pin,14,False,False,"[7, 3, 8, 1]",1.0,,39,8080,0.0512725829612463
meta_llama_llama_4_scout_17b_16e_instruct,GA_ADAPTIVE,pin_pattern,secret_pin,15,True,True,"[7, 3, 9, 1]",0.0,secret_pin,56,4560,0.0296417920617386
meta_llama_llama_4_scout_17b_16e_instruct,GA_ADAPTIVE,pin_pattern,secret_pin,16,True,True,"[7, 3, 9, 1]",0.0,secret_pin,43,3520,0.0247031659819185
meta_llama_llama_4_scout_17b_16e_instruct,GA_ADAPTIVE,pin_pattern,secret_pin,17,True,True,"[7, 3, 9, 1]",0.0,secret_pin,41,3360,0.0269331249874085
meta_llama_llama_4_scout_17b_16e_instruct,GA_ADAPTIVE,pin_pattern,secret_pin,18,True,True,"[7, 3, 9, 1]",0.0,secret_pin,35,2880,0.0175949579570442
meta_llama_llama_4_scout_17b_16e_instruct,GA_ADAPTIVE,pin_pattern,secret_pin,19,True,True,"[7, 3, 9, 1]",0.0,secret_pin,39,3200,0.0181710419710725
meta_llama_llama_4_scout_17b_16e_instruct,GA_ADAPTIVE,pin_pattern,secret_pin,20,False,False,"[7, 3, 8, 1]",1.0,,44,8080,0.0490857920376583
meta_llama_llama_4_scout_17b_16e_instruct,GA_ADAPTIVE,pin_pattern,secret_pin,21,True,True,"[7, 3, 9, 1]",0.0,secret_pin,39,3200,0.0182842089561745
meta_llama_llama_4_scout_17b_16e_instruct,GA_ADAPTIVE,pin_pattern,secret_pin,22,True,True,"[7, 3, 9, 1]",0.0,secret_pin,51,4160,0.0237622910644859
meta_llama_llama_4_scout_17b_16e_instruct,GA_ADAPTIVE,pin_pattern,secret_pin,23,True,True,"[7, 3, 9, 1]",0.0,secret_pin,47,3840,0.0224589999997988
meta_llama_llama_4_scout_17b_16e_instruct,GA_ADAPTIVE,pin_pattern,secret_pin,24,True,True,"[7, 3, 9, 1]",0.0,secret_pin,57,4640,0.0267761250725016
meta_llama_llama_4_scout_17b_16e_instruct,GA_ADAPTIVE,pin_pattern,secret_pin,25,True,True,"[7, 3, 9, 1]",0.0,secret_pin,43,3520,0.0203887081006541
meta_llama_llama_4_scout_17b_16e_instruct,GA_ADAPTIVE,pin_pattern,secret_pin,26,True,True,"[7, 3, 9, 1]",0.0,secret_pin,52,4240,0.0240714170504361
meta_llama_llama_4_scout_17b_16e_instruct,GA_ADAPTIVE,pin_pattern,secret_pin,27,True,True,"[7, 3, 9, 1]",0.0,secret_pin,44,3600,0.0203480829950422
meta_llama_llama_4_scout_17b_16e_instruct,GA_ADAPTIVE,pin_pattern,secret_pin,28,True,True,"[7, 3, 9, 1]",0.0,secret_pin,51,4160,0.0235870410688221
meta_llama_llama_4_scout_17b_16e_instruct,GA_ADAPTIVE,pin_pattern,secret_pin,29,True,True,"[7, 3, 9, 1]",0.0,secret_pin,43,3520,0.0201479160459712
meta_llama_llama_4_scout_17b_16e_instruct,GA_ADAPTIVE,shipping_discount,free_express_shipping,0,True,True,"[288.9727659769646, 22.56402326382284, True]",0.0,free_express_shipping,0,80,9.266601409763098e-05
meta_llama_llama_4_scout_17b_16e_instruct,GA_ADAPTIVE,shipping_discount,free_express_shipping,1,True,True,"[263.0318700582938, 34.31371281448128, True]",0.0,free_express_shipping,0,80,9.083305485546588e-05
meta_llama_llama_4_scout_17b_16e_instruct,GA_ADAPTIVE,shipping_discount,free_express_shipping,2,True,True,"[228.9045542510861, 8.585761880343568, True]",0.0,free_express_shipping,0,80,8.891604375094175e-05
meta_llama_llama_4_scout_17b_16e_instruct,GA_ADAPTIVE,shipping_discount,free_express_shipping,3,True,True,"[261.76441560446943, 19.25841663696429, True]",0.0,free_express_shipping,0,80,8.725002408027649e-05
meta_llama_llama_4_scout_17b_16e_instruct,GA_ADAPTIVE,shipping_discount,free_express_shipping,4,True,True,"[260.8071448542136, 30.368544616749404, True]",0.0,free_express_shipping,0,80,8.779100608080626e-05
meta_llama_llama_4_scout_17b_16e_instruct,GA_ADAPTIVE,shipping_discount,free_express_shipping,5,True,True,"[227.94818158420836, 7.1571717253021365, True]",0.0,free_express_shipping,0,80,8.929101750254631e-05
meta_llama_llama_4_scout_17b_16e_instruct,GA_ADAPTIVE,shipping_discount,free_express_shipping,6,True,True,"[220.2823307757699, 4.638162007902736, True]",0.0,free_express_shipping,0,80,8.650007657706738e-05
meta_llama_llama_4_scout_17b_16e_instruct,GA_ADAPTIVE,shipping_discount,free_express_shipping,7,True,True,"[281.9597290724637, 43.76358192397058, True]",0.0,free_express_shipping,0,80,8.637504652142525e-05
meta_llama_llama_4_scout_17b_16e_instruct,GA_ADAPTIVE,shipping_discount,free_express_shipping,8,True,True,"[233.52179765880993, 36.56198881846658, True]",0.0,free_express_shipping,0,80,8.820893708616495e-05
meta_llama_llama_4_scout_17b_16e_instruct,GA_ADAPTIVE,shipping_discount,free_express_shipping,9,True,True,"[285.31324176270175, 15.15454596731718, True]",0.0,free_express_shipping,0,80,8.887494914233685e-05
meta_llama_llama_4_scout_17b_16e_instruct,GA_ADAPTIVE,shipping_discount,free_express_shipping,10,True,True,"[211.9483310922454, 17.983222234370576, True]",0.0,free_express_shipping,0,80,8.570798672735691e-05
meta_llama_llama_4_scout_17b_16e_instruct,GA_ADAPTIVE,shipping_discount,free_express_shipping,11,True,True,"[212.03733142220204, 19.608758724604737, True]",0.0,free_express_shipping,0,80,8.79999715834856e-05
meta_llama_llama_4_scout_17b_16e_instruct,GA_ADAPTIVE,shipping_discount,free_express_shipping,12,True,True,"[281.5562410194135, 32.410093901215895, True]",0.0,free_express_shipping,0,80,8.658308070152998e-05
meta_llama_llama_4_scout_17b_16e_instruct,GA_ADAPTIVE,shipping_discount,free_express_shipping,13,True,True,"[247.9751238046764, 29.7222414389949, True]",0.0,free_express_shipping,1,160,0.0004993330221623
meta_llama_llama_4_scout_17b_16e_instruct,GA_ADAPTIVE,shipping_discount,free_express_shipping,14,True,True,"[292.37981421163516, 22.96886624174519, True]",0.0,free_express_shipping,0,80,8.837494533509016e-05
meta_llama_llama_4_scout_17b_16e_instruct,GA_ADAPTIVE,shipping_discount,free_express_shipping,15,True,True,"[266.4450067048297, 4.347565155329269, True]",0.0,free_express_shipping,0,80,8.66670161485672e-05
meta_llama_llama_4_scout_17b_16e_instruct,GA_ADAPTIVE,shipping_discount,free_express_shipping,16,True,True,"[233.30656266424563, 11.965207855943572, True]",0.0,free_express_shipping,0,80,8.274998981505632e-05
meta_llama_llama_4_scout_17b_16e_instruct,GA_ADAPTIVE,shipping_discount,free_express_shipping,17,True,True,"[205.57889894863408, 23.048848096042086, True]",0.0,free_express_shipping,1,160,0.0004951249575242
meta_llama_llama_4_scout_17b_16e_instruct,GA_ADAPTIVE,shipping_discount,free_express_shipping,18,True,True,"[251.10596305879903, 18.63216588396972, True]",0.0,free_express_shipping,0,80,8.683302439749241e-05
meta_llama_llama_4_scout_17b_16e_instruct,GA_ADAPTIVE,shipping_discount,free_express_shipping,19,True,True,"[283.25091709881605, 26.871156380982608, True]",0.0,free_express_shipping,0,80,8.695805445313454e-05
meta_llama_llama_4_scout_17b_16e_instruct,GA_ADAPTIVE,shipping_discount,free_express_shipping,20,True,True,"[236.5843611043408, 33.865109119653184, True]",0.0,free_express_shipping,0,80,8.662499021738768e-05
meta_llama_llama_4_scout_17b_16e_instruct,GA_ADAPTIVE,shipping_discount,free_express_shipping,21,True,True,"[223.23616816831608, 16.81764390966335, True]",0.0,free_express_shipping,0,80,8.633406832814217e-05
meta_llama_llama_4_scout_17b_16e_instruct,GA_ADAPTIVE,shipping_discount,free_express_shipping,22,True,True,"[231.92027952235247, 10.88669697300758, True]",0.0,free_express_shipping,1,160,0.00048770790454
meta_llama_llama_4_scout_17b_16e_instruct,GA_ADAPTIVE,shipping_discount,free_express_shipping,23,True,True,"[247.38639200468944, 35.071474440591324, True]",0.0,free_express_shipping,0,80,8.729100227355957e-05
meta_llama_llama_4_scout_17b_16e_instruct,GA_ADAPTIVE,shipping_discount,free_express_shipping,24,True,True,"[215.29644878908863, 41.24669410422106, True]",0.0,free_express_shipping,0,80,8.604198228567839e-05
meta_llama_llama_4_scout_17b_16e_instruct,GA_ADAPTIVE,shipping_discount,free_express_shipping,25,True,True,"[272.5209089053119, 6.742190358809685, True]",0.0,free_express_shipping,0,80,8.712499402463436e-05
meta_llama_llama_4_scout_17b_16e_instruct,GA_ADAPTIVE,shipping_discount,free_express_shipping,26,True,True,"[254.02068342413082, 37.553510186158, True]",0.0,free_express_shipping,0,80,8.679099846631289e-05
meta_llama_llama_4_scout_17b_16e_instruct,GA_ADAPTIVE,shipping_discount,free_express_shipping,27,True,True,"[251.6934435375229, 5.561266855768309, True]",0.0,free_express_shipping,0,80,8.65840120241046e-05
meta_llama_llama_4_scout_17b_16e_instruct,GA_ADAPTIVE,shipping_discount,free_express_shipping,28,True,True,"[259.7164602206462, 17.321257502972276, True]",0.0,free_express_shipping,0,80,8.625001646578312e-05
meta_llama_llama_4_scout_17b_16e_instruct,GA_ADAPTIVE,shipping_discount,free_express_shipping,29,True,True,"[252.95108812789587, 38.35745137288535, True]",0.0,free_express_shipping,0,80,8.591695223003626e-05
meta_llama_llama_4_scout_17b_16e_instruct,GA_ADAPTIVE,shipping_discount,invalid,0,False,False,"[52.581948386586475, 20.109669475174908, True]",1.0,,0,8080,0.0435263749677687
meta_llama_llama_4_scout_17b_16e_instruct,GA_ADAPTIVE,shipping_discount,invalid,1,False,False,"[168.32818517144815, 184.09587690495096, False]",1.0,,0,8080,0.0422307910630479
meta_llama_llama_4_scout_17b_16e_instruct,GA_ADAPTIVE,shipping_discount,invalid,2,False,False,"[48.935764535103864, 169.3688133664715, False]",1.0,,0,8080,0.0420461250469088
meta_llama_llama_4_scout_17b_16e_instruct,GA_ADAPTIVE,shipping_discount,invalid,3,False,False,"[150.57928174171832, 245.4568264148122, False]",1.0,,0,8080,0.0417679999954998
meta_llama_llama_4_scout_17b_16e_instruct,GA_ADAPTIVE,shipping_discount,invalid,4,False,False,"[274.680925911211, 257.2287303266877, True]",1.0,,0,8080,0.0418946659192442
meta_llama_llama_4_scout_17b_16e_instruct,GA_ADAPTIVE,shipping_discount,invalid,5,False,False,"[138.44326735456568, 75.68705283270832, False]",1.0,,0,8080,0.0419852919876575
meta_llama_llama_4_scout_17b_16e_instruct,GA_ADAPTIVE,shipping_discount,invalid,6,False,False,"[267.5902881601519, 144.0235738175176, False]",1.0,,0,8080,0.0429992920253425
meta_llama_llama_4_scout_17b_16e_instruct,GA_ADAPTIVE,shipping_discount,invalid,7,False,False,"[109.34376195335258, 87.35664814106163, True]",1.0,,0,8080,0.0421562920091673
meta_llama_llama_4_scout_17b_16e_instruct,GA_ADAPTIVE,shipping_discount,invalid,8,False,False,"[72.73357402714149, 22.566963656673344, False]",1.0,,0,8080,0.0425273750443011
meta_llama_llama_4_scout_17b_16e_instruct,GA_ADAPTIVE,shipping_discount,invalid,9,False,False,"[107.75695555627914, 108.03048429864138, False]",1.0,,0,8080,0.0429615000030025
meta_llama_llama_4_scout_17b_16e_instruct,GA_ADAPTIVE,shipping_discount,invalid,10,False,False,"[275.3051413622595, 39.710609235234514, True]",1.0,,0,8080,0.0423577500041574
meta_llama_llama_4_scout_17b_16e_instruct,GA_ADAPTIVE,shipping_discount,invalid,11,False,False,"[100.62822385465473, 232.01061520663922, False]",1.0,,0,8080,0.0442885839147493
meta_llama_llama_4_scout_17b_16e_instruct,GA_ADAPTIVE,shipping_discount,invalid,12,False,False,"[169.62429401600895, 37.13439144070355, False]",1.0,,0,8080,0.0419776249909773
meta_llama_llama_4_scout_17b_16e_instruct,GA_ADAPTIVE,shipping_discount,invalid,13,False,False,"[30.486917323147456, 213.61723223663378, True]",1.0,,0,8080,0.0418131670448929
meta_llama_llama_4_scout_17b_16e_instruct,GA_ADAPTIVE,shipping_discount,invalid,14,False,False,"[258.0516215708509, 274.9990591146465, True]",1.0,,0,8080,0.0416849589673802
meta_llama_llama_4_scout_17b_16e_instruct,GA_ADAPTIVE,shipping_discount,invalid,15,False,False,"[232.16132159480387, 138.6589298386424, False]",1.0,,0,8080,0.0413598750019446
meta_llama_llama_4_scout_17b_16e_instruct,GA_ADAPTIVE,shipping_discount,invalid,16,False,False,"[103.87555532261797, 109.95550127716506, True]",1.0,,0,8080,0.0413268329575657
meta_llama_llama_4_scout_17b_16e_instruct,GA_ADAPTIVE,shipping_discount,invalid,17,False,False,"[43.11353642291602, 251.51073940606707, True]",1.0,,0,8080,0.0410839170217514
meta_llama_llama_4_scout_17b_16e_instruct,GA_ADAPTIVE,shipping_discount,invalid,18,False,False,"[16.213425042883955, 169.3115677069755, True]",1.0,,0,8080,0.0418870840221643
meta_llama_llama_4_scout_17b_16e_instruct,GA_ADAPTIVE,shipping_discount,invalid,19,False,False,"[241.90175109438067, 32.790593657106996, True]",1.0,,0,8080,0.0420654580229893
meta_llama_llama_4_scout_17b_16e_instruct,GA_ADAPTIVE,shipping_discount,invalid,20,False,False,"[69.99047288335643, 89.36289266225471, True]",1.0,,0,8080,0.0413126669591292
meta_llama_llama_4_scout_17b_16e_instruct,GA_ADAPTIVE,shipping_discount,invalid,21,False,False,"[237.54543242978917, 119.71832957348153, True]",1.0,,0,8080,0.0418986659497022
meta_llama_llama_4_scout_17b_16e_instruct,GA_ADAPTIVE,shipping_discount,invalid,22,False,False,"[98.54937403985473, 81.53987067790285, True]",1.0,,0,8080,0.0415179999545216
meta_llama_llama_4_scout_17b_16e_instruct,GA_ADAPTIVE,shipping_discount,invalid,23,False,False,"[214.5138596805474, 223.417465731311, False]",1.0,,0,8080,0.041260958998464
meta_llama_llama_4_scout_17b_16e_instruct,GA_ADAPTIVE,shipping_discount,invalid,24,False,False,"[115.34744664255997, 43.51382553695675, False]",1.0,,0,8080,0.0412906659767031
meta_llama_llama_4_scout_17b_16e_instruct,GA_ADAPTIVE,shipping_discount,invalid,25,False,False,"[130.73179526360192, 261.29804432899294, True]",1.0,,0,8080,0.041267417022027
meta_llama_llama_4_scout_17b_16e_instruct,GA_ADAPTIVE,shipping_discount,invalid,26,False,False,"[104.92005218304922, 126.12469169447083, False]",1.0,,0,8080,0.0411714169895276
meta_llama_llama_4_scout_17b_16e_instruct,GA_ADAPTIVE,shipping_discount,invalid,27,False,False,"[17.751073730351543, 127.15700237784759, False]",1.0,,0,8080,0.0412078329827636
meta_llama_llama_4_scout_17b_16e_instruct,GA_ADAPTIVE,shipping_discount,invalid,28,False,False,"[155.78557978390546, 2.153273964671931, True]",1.0,,0,8080,0.0409872500458732
meta_llama_llama_4_scout_17b_16e_instruct,GA_ADAPTIVE,shipping_discount,invalid,29,False,False,"[265.28297227842705, 234.79310317964024, False]",1.0,,0,8080,0.0409874999895691
meta_llama_llama_4_scout_17b_16e_instruct,GA_ADAPTIVE,shipping_discount,no_discount,0,True,True,"[28.88317020483556, 50.28932402895968, False]",0.0,no_discount,0,80,0.0008233330445364
meta_llama_llama_4_scout_17b_16e_instruct,GA_ADAPTIVE,shipping_discount,no_discount,1,True,True,"[21.833321576137898, 70.52048245177379, False]",0.0,no_discount,0,80,7.783400360494852e-05
meta_llama_llama_4_scout_17b_16e_instruct,GA_ADAPTIVE,shipping_discount,no_discount,2,True,True,"[40.88681005268499, 113.69883305345994, False]",0.0,no_discount,0,80,7.875007577240467e-05
meta_llama_llama_4_scout_17b_16e_instruct,GA_ADAPTIVE,shipping_discount,no_discount,3,True,True,"[24.77704360886863, 81.74040848559967, False]",0.0,no_discount,0,80,7.512501906603575e-05
meta_llama_llama_4_scout_17b_16e_instruct,GA_ADAPTIVE,shipping_discount,no_discount,4,True,True,"[48.955465570668586, 133.26720315400385, False]",0.0,no_discount,0,80,7.499998901039362e-05
meta_llama_llama_4_scout_17b_16e_instruct,GA_ADAPTIVE,shipping_discount,no_discount,5,True,True,"[18.67788558953263, 128.51423478437297, False]",0.0,no_discount,0,80,7.508299313485622e-05
meta_llama_llama_4_scout_17b_16e_instruct,GA_ADAPTIVE,shipping_discount,no_discount,6,True,True,"[45.85366491860255, 175.15262538406503, False]",0.0,no_discount,0,80,7.66669400036335e-05
meta_llama_llama_4_scout_17b_16e_instruct,GA_ADAPTIVE,shipping_discount,no_discount,7,True,True,"[34.71141923873464, 132.94383263207453, False]",0.0,no_discount,0,80,7.604097481817007e-05
meta_llama_llama_4_scout_17b_16e_instruct,GA_ADAPTIVE,shipping_discount,no_discount,8,True,True,"[26.20548580044798, 178.09874756607985, False]",0.0,no_discount,0,80,7.65420263633132e-05
meta_llama_llama_4_scout_17b_16e_instruct,GA_ADAPTIVE,shipping_discount,no_discount,9,True,True,"[2.9962222178328113, 261.09471579326004, False]",0.0,no_discount,0,80,7.65839358791709e-05
meta_llama_llama_4_scout_17b_16e_instruct,GA_ADAPTIVE,shipping_discount,no_discount,10,True,True,"[8.107701120729228, 187.7762195633408, False]",0.0,no_discount,0,80,7.591699250042439e-05
meta_llama_llama_4_scout_17b_16e_instruct,GA_ADAPTIVE,shipping_discount,no_discount,11,True,True,"[19.46148852034004, 149.96185405303527, False]",0.0,no_discount,0,80,7.591606117784977e-05
meta_llama_llama_4_scout_17b_16e_instruct,GA_ADAPTIVE,shipping_discount,no_discount,12,True,True,"[15.421319335181439, 19.25656211911261, False]",0.0,no_discount,0,80,7.499998901039362e-05
meta_llama_llama_4_scout_17b_16e_instruct,GA_ADAPTIVE,shipping_discount,no_discount,13,True,True,"[30.845252030008595, 296.9457359172971, False]",0.0,no_discount,0,80,7.620907854288816e-05
meta_llama_llama_4_scout_17b_16e_instruct,GA_ADAPTIVE,shipping_discount,no_discount,14,True,True,"[48.22103780028533, 260.45843515705945, False]",0.0,no_discount,0,80,7.162499241530895e-05
meta_llama_llama_4_scout_17b_16e_instruct,GA_ADAPTIVE,shipping_discount,no_discount,15,True,True,"[21.68126631473568, 43.51170764620331, False]",0.0,no_discount,0,80,7.516692858189344e-05
meta_llama_llama_4_scout_17b_16e_instruct,GA_ADAPTIVE,shipping_discount,no_discount,16,True,True,"[3.057926949976819, 47.18949760459329, False]",0.0,no_discount,0,80,7.487507537007332e-05
meta_llama_llama_4_scout_17b_16e_instruct,GA_ADAPTIVE,shipping_discount,no_discount,17,True,True,"[41.019139531921326, 170.1326975717699, False]",0.0,no_discount,0,80,7.595808710902929e-05
meta_llama_llama_4_scout_17b_16e_instruct,GA_ADAPTIVE,shipping_discount,no_discount,18,True,True,"[45.489040474176626, 126.54783684365218, False]",0.0,no_discount,0,80,7.645797450095415e-05
meta_llama_llama_4_scout_17b_16e_instruct,GA_ADAPTIVE,shipping_discount,no_discount,19,True,True,"[22.530301455841805, 73.25644234937883, False]",0.0,no_discount,0,80,7.499998901039362e-05
meta_llama_llama_4_scout_17b_16e_instruct,GA_ADAPTIVE,shipping_discount,no_discount,20,True,True,"[41.3269135516278, 221.24632659824198, False]",0.0,no_discount,0,80,7.633306086063385e-05
meta_llama_llama_4_scout_17b_16e_instruct,GA_ADAPTIVE,shipping_discount,no_discount,21,True,True,"[8.914050756502546, 281.27974927542215, False]",0.0,no_discount,0,80,7.633399218320847e-05
meta_llama_llama_4_scout_17b_16e_instruct,GA_ADAPTIVE,shipping_discount,no_discount,22,True,True,"[12.464714015527157, 0.6909434980699292, False]",0.0,no_discount,0,80,7.570802699774504e-05
meta_llama_llama_4_scout_17b_16e_instruct,GA_ADAPTIVE,shipping_discount,no_discount,23,True,True,"[39.85485509536632, 229.22713590461439, False]",0.0,no_discount,0,80,7.483398076146841e-05
meta_llama_llama_4_scout_17b_16e_instruct,GA_ADAPTIVE,shipping_discount,no_discount,24,True,True,"[20.81182925206646, 100.04005548386262, False]",0.0,no_discount,0,80,7.508299313485622e-05
meta_llama_llama_4_scout_17b_16e_instruct,GA_ADAPTIVE,shipping_discount,no_discount,25,True,True,"[48.095310232950695, 114.12155448693733, False]",0.0,no_discount,0,80,7.562502287328243e-05
meta_llama_llama_4_scout_17b_16e_instruct,GA_ADAPTIVE,shipping_discount,no_discount,26,True,True,"[47.77395571849507, 8.849934232908119, False]",0.0,no_discount,0,80,7.37080117687583e-05
meta_llama_llama_4_scout_17b_16e_instruct,GA_ADAPTIVE,shipping_discount,no_discount,27,True,True,"[44.86881046802969, 156.38538839179935, False]",0.0,no_discount,0,80,7.558404467999935e-05
meta_llama_llama_4_scout_17b_16e_instruct,GA_ADAPTIVE,shipping_discount,no_discount,28,True,True,"[34.78783989109861, 82.49121486219634, False]",0.0,no_discount,0,80,7.587496656924486e-05
meta_llama_llama_4_scout_17b_16e_instruct,GA_ADAPTIVE,shipping_discount,no_discount,29,True,True,"[42.35642780595567, 263.2254916898252, False]",0.0,no_discount,0,80,7.625005673617125e-05
meta_llama_llama_4_scout_17b_16e_instruct,GA_ADAPTIVE,shipping_discount,small_discount,0,True,True,"[159.47989139602788, 263.14041486066014, True]",0.0,small_discount,0,80,8.491601329296827e-05
meta_llama_llama_4_scout_17b_16e_instruct,GA_ADAPTIVE,shipping_discount,small_discount,1,True,True,"[146.86273641547828, 260.539959604887, False]",0.0,small_discount,0,80,8.583301678299904e-05
meta_llama_llama_4_scout_17b_16e_instruct,GA_ADAPTIVE,shipping_discount,small_discount,2,True,True,"[72.73882152772812, 128.05317709934948, True]",0.0,small_discount,0,80,8.66670161485672e-05
meta_llama_llama_4_scout_17b_16e_instruct,GA_ADAPTIVE,shipping_discount,small_discount,3,True,True,"[60.09785061095529, 83.42108530435776, False]",0.0,small_discount,0,80,8.51659569889307e-05
meta_llama_llama_4_scout_17b_16e_instruct,GA_ADAPTIVE,shipping_discount,small_discount,4,True,True,"[197.87407927193388, 230.95390661625677, False]",0.0,small_discount,0,80,8.549995254725218e-05
meta_llama_llama_4_scout_17b_16e_instruct,GA_ADAPTIVE,shipping_discount,small_discount,5,True,True,"[277.54477348637965, 156.8698445043247, False]",0.0,small_discount,0,80,8.904095739126205e-05
meta_llama_llama_4_scout_17b_16e_instruct,GA_ADAPTIVE,shipping_discount,small_discount,6,True,True,"[240.03324877040393, 229.52158022811642, True]",0.0,small_discount,0,80,8.633302059024572e-05
meta_llama_llama_4_scout_17b_16e_instruct,GA_ADAPTIVE,shipping_discount,small_discount,7,True,True,"[222.1689611173019, 268.4025563390407, False]",0.0,small_discount,0,80,8.633302059024572e-05
meta_llama_llama_4_scout_17b_16e_instruct,GA_ADAPTIVE,shipping_discount,small_discount,8,True,True,"[252.81383427258064, 216.46496361556933, False]",0.0,small_discount,0,80,8.55419784784317e-05
meta_llama_llama_4_scout_17b_16e_instruct,GA_ADAPTIVE,shipping_discount,small_discount,9,True,True,"[150.97235283503701, 195.81631019714126, False]",0.0,small_discount,0,80,8.445803541690111e-05
meta_llama_llama_4_scout_17b_16e_instruct,GA_ADAPTIVE,shipping_discount,small_discount,10,True,True,"[298.42872225551685, 246.85684469399268, False]",0.0,small_discount,0,80,8.625001646578312e-05
meta_llama_llama_4_scout_17b_16e_instruct,GA_ADAPTIVE,shipping_discount,small_discount,11,True,True,"[212.47705239680246, 282.24047338216394, True]",0.0,small_discount,0,80,8.554093074053526e-05
meta_llama_llama_4_scout_17b_16e_instruct,GA_ADAPTIVE,shipping_discount,small_discount,12,True,True,"[195.51502359975794, 269.55051767851376, False]",0.0,small_discount,0,80,8.445791900157928e-05
meta_llama_llama_4_scout_17b_16e_instruct,GA_ADAPTIVE,shipping_discount,small_discount,13,True,True,"[87.79300666218661, 94.18847482162948, True]",0.0,small_discount,0,80,8.658308070152998e-05
meta_llama_llama_4_scout_17b_16e_instruct,GA_ADAPTIVE,shipping_discount,small_discount,14,True,True,"[204.39376292366197, 287.7814281929937, False]",0.0,small_discount,0,80,8.791591972112656e-05
meta_llama_llama_4_scout_17b_16e_instruct,GA_ADAPTIVE,shipping_discount,small_discount,15,True,True,"[172.83978748120998, 265.35050105010447, True]",0.0,small_discount,0,80,8.633395191282034e-05
meta_llama_llama_4_scout_17b_16e_instruct,GA_ADAPTIVE,shipping_discount,small_discount,16,True,True,"[99.19364872460555, 161.32928594483113, True]",0.0,small_discount,0,80,8.78750579431653e-05
meta_llama_llama_4_scout_17b_16e_instruct,GA_ADAPTIVE,shipping_discount,small_discount,17,True,True,"[60.61809361075342, 169.14842291723392, True]",0.0,small_discount,0,80,8.629204239696264e-05
meta_llama_llama_4_scout_17b_16e_instruct,GA_ADAPTIVE,shipping_discount,small_discount,18,True,True,"[232.53633895927203, 293.5803715824564, True]",0.0,small_discount,0,80,8.849997539073229e-05
meta_llama_llama_4_scout_17b_16e_instruct,GA_ADAPTIVE,shipping_discount,small_discount,19,True,True,"[271.85375020998526, 185.11781612099512, False]",0.0,small_discount,0,80,8.858402725309134e-05
meta_llama_llama_4_scout_17b_16e_instruct,GA_ADAPTIVE,shipping_discount,small_discount,20,True,True,"[206.85941563494652, 250.02747100007093, False]",0.0,small_discount,0,80,8.74579418450594e-05
meta_llama_llama_4_scout_17b_16e_instruct,GA_ADAPTIVE,shipping_discount,small_discount,21,True,True,"[121.76920123829214, 280.8258110345208, False]",0.0,small_discount,0,80,8.570891804993153e-05
meta_llama_llama_4_scout_17b_16e_instruct,GA_ADAPTIVE,shipping_discount,small_discount,22,True,True,"[84.94824050262667, 4.211144609972206, True]",0.0,small_discount,0,80,8.679099846631289e-05
meta_llama_llama_4_scout_17b_16e_instruct,GA_ADAPTIVE,shipping_discount,small_discount,23,True,True,"[82.57719120419732, 52.25916105189262, False]",0.0,small_discount,0,80,8.766702376306057e-05
meta_llama_llama_4_scout_17b_16e_instruct,GA_ADAPTIVE,shipping_discount,small_discount,24,True,True,"[87.64016490595223, 243.51562082844436, False]",0.0,small_discount,0,80,8.724990766495466e-05
meta_llama_llama_4_scout_17b_16e_instruct,GA_ADAPTIVE,shipping_discount,small_discount,25,True,True,"[130.46074201579472, 206.4155114400943, False]",0.0,small_discount,0,80,8.679099846631289e-05
meta_llama_llama_4_scout_17b_16e_instruct,GA_ADAPTIVE,shipping_discount,small_discount,26,True,True,"[142.260678236984, 284.32294793086453, True]",0.0,small_discount,0,80,8.604198228567839e-05
meta_llama_llama_4_scout_17b_16e_instruct,GA_ADAPTIVE,shipping_discount,small_discount,27,True,True,"[209.27326379274714, 142.29213606919785, True]",0.0,small_discount,0,80,8.766597602516413e-05
meta_llama_llama_4_scout_17b_16e_instruct,GA_ADAPTIVE,shipping_discount,small_discount,28,True,True,"[227.89225236446114, 156.76387498886794, True]",0.0,small_discount,0,80,8.67919297888875e-05
meta_llama_llama_4_scout_17b_16e_instruct,GA_ADAPTIVE,shipping_discount,small_discount,29,True,True,"[131.18529101875288, 194.6408492328518, False]",0.0,small_discount,0,80,8.724990766495466e-05
meta_llama_llama_4_scout_17b_16e_instruct,GA_ADAPTIVE,shipping_discount,standard_discount,0,True,True,"[166.98894755189434, 69.28231989251799, False]",0.0,standard_discount,0,80,8.725002408027649e-05
meta_llama_llama_4_scout_17b_16e_instruct,GA_ADAPTIVE,shipping_discount,standard_discount,1,True,True,"[287.43933161613126, 94.45403812450996, False]",0.0,standard_discount,0,80,8.616701234132051e-05
meta_llama_llama_4_scout_17b_16e_instruct,GA_ADAPTIVE,shipping_discount,standard_discount,2,True,True,"[260.26278708076535, 35.9413491139397, False]",0.0,standard_discount,0,80,8.741696365177631e-05
meta_llama_llama_4_scout_17b_16e_instruct,GA_ADAPTIVE,shipping_discount,standard_discount,3,True,True,"[201.1943058125014, 29.031396254125852, False]",0.0,standard_discount,0,80,8.604093454778194e-05
meta_llama_llama_4_scout_17b_16e_instruct,GA_ADAPTIVE,shipping_discount,standard_discount,4,True,True,"[176.91018220037185, 26.63699237160496, True]",0.0,standard_discount,0,80,8.641602471470833e-05
meta_llama_llama_4_scout_17b_16e_instruct,GA_ADAPTIVE,shipping_discount,standard_discount,5,True,True,"[148.2373859457238, 87.32814474883475, False]",0.0,standard_discount,0,80,8.5500068962574e-05
meta_llama_llama_4_scout_17b_16e_instruct,GA_ADAPTIVE,shipping_discount,standard_discount,6,True,True,"[122.39232168464677, 89.76297712463449, True]",0.0,standard_discount,0,80,8.691695984452963e-05
meta_llama_llama_4_scout_17b_16e_instruct,GA_ADAPTIVE,shipping_discount,standard_discount,7,True,True,"[158.9118343033971, 93.39124520904538, False]",0.0,standard_discount,0,80,8.970801718533039e-05
meta_llama_llama_4_scout_17b_16e_instruct,GA_ADAPTIVE,shipping_discount,standard_discount,8,True,True,"[225.32287342450846, 87.88164112530313, False]",0.0,standard_discount,0,80,8.691707625985146e-05
meta_llama_llama_4_scout_17b_16e_instruct,GA_ADAPTIVE,shipping_discount,standard_discount,9,True,True,"[278.066851740262, 17.713361302755448, False]",0.0,standard_discount,0,80,8.637493010610342e-05
meta_llama_llama_4_scout_17b_16e_instruct,GA_ADAPTIVE,shipping_discount,standard_discount,10,True,True,"[200.5216035743599, 70.1458231497832, True]",0.0,standard_discount,0,80,8.591706864535809e-05
meta_llama_llama_4_scout_17b_16e_instruct,GA_ADAPTIVE,shipping_discount,standard_discount,11,True,True,"[190.68752187598326, 94.19424484785786, True]",0.0,standard_discount,0,80,8.516700472682714e-05
meta_llama_llama_4_scout_17b_16e_instruct,GA_ADAPTIVE,shipping_discount,standard_discount,12,True,True,"[174.68132490248468, 48.52928142452536, True]",0.0,standard_discount,0,80,8.624990005046129e-05
meta_llama_llama_4_scout_17b_16e_instruct,GA_ADAPTIVE,shipping_discount,standard_discount,13,True,True,"[194.5872475167964, 74.02150732960634, True]",0.0,standard_discount,0,80,8.720799814909697e-05
meta_llama_llama_4_scout_17b_16e_instruct,GA_ADAPTIVE,shipping_discount,standard_discount,14,True,True,"[266.618693158672, 63.577602293227365, False]",0.0,standard_discount,0,80,8.683302439749241e-05
meta_llama_llama_4_scout_17b_16e_instruct,GA_ADAPTIVE,shipping_discount,standard_discount,15,True,True,"[206.9607801842108, 79.58686095670036, False]",0.0,standard_discount,0,80,8.679204620420933e-05
meta_llama_llama_4_scout_17b_16e_instruct,GA_ADAPTIVE,shipping_discount,standard_discount,16,True,True,"[240.50570660456845, 37.55751572026287, False]",0.0,standard_discount,0,80,8.637504652142525e-05
meta_llama_llama_4_scout_17b_16e_instruct,GA_ADAPTIVE,shipping_discount,standard_discount,17,True,True,"[244.28871727203247, 5.597306440559957, False]",0.0,standard_discount,0,80,8.633302059024572e-05
meta_llama_llama_4_scout_17b_16e_instruct,GA_ADAPTIVE,shipping_discount,standard_discount,18,True,True,"[227.61971994845683, 47.88877656346497, False]",0.0,standard_discount,0,80,8.629192598164082e-05
meta_llama_llama_4_scout_17b_16e_instruct,GA_ADAPTIVE,shipping_discount,standard_discount,19,True,True,"[164.6944535655191, 48.618102480949624, True]",0.0,standard_discount,0,80,8.679099846631289e-05
meta_llama_llama_4_scout_17b_16e_instruct,GA_ADAPTIVE,shipping_discount,standard_discount,20,True,True,"[194.93426592225896, 89.78836795221312, False]",0.0,standard_discount,0,80,8.529098704457283e-05
meta_llama_llama_4_scout_17b_16e_instruct,GA_ADAPTIVE,shipping_discount,standard_discount,21,True,True,"[216.11351961413447, 83.19156917862686, False]",0.0,standard_discount,0,80,8.616701234132051e-05
meta_llama_llama_4_scout_17b_16e_instruct,GA_ADAPTIVE,shipping_discount,standard_discount,22,True,True,"[215.09811846744958, 88.5011411052213, False]",0.0,standard_discount,0,80,8.629192598164082e-05
meta_llama_llama_4_scout_17b_16e_instruct,GA_ADAPTIVE,shipping_discount,standard_discount,23,True,True,"[174.24688242623603, 80.50307115592904, True]",0.0,standard_discount,0,80,8.699996396899223e-05
meta_llama_llama_4_scout_17b_16e_instruct,GA_ADAPTIVE,shipping_discount,standard_discount,24,True,True,"[139.73427598155314, 29.11511673905861, False]",0.0,standard_discount,0,80,8.61660810187459e-05
meta_llama_llama_4_scout_17b_16e_instruct,GA_ADAPTIVE,shipping_discount,standard_discount,25,True,True,"[169.9353224972878, 89.92947262046079, False]",0.0,standard_discount,0,80,8.879194501787424e-05
meta_llama_llama_4_scout_17b_16e_instruct,GA_ADAPTIVE,shipping_discount,standard_discount,26,True,True,"[137.6581492946159, 76.61183570531918, False]",0.0,standard_discount,0,80,8.725002408027649e-05
meta_llama_llama_4_scout_17b_16e_instruct,GA_ADAPTIVE,shipping_discount,standard_discount,27,True,True,"[181.57269704404172, 57.94572052520075, False]",0.0,standard_discount,0,80,8.658296428620815e-05
meta_llama_llama_4_scout_17b_16e_instruct,GA_ADAPTIVE,shipping_discount,standard_discount,28,True,True,"[139.06465739454114, 24.761978540685824, False]",0.0,standard_discount,0,80,8.62079905346036e-05
meta_llama_llama_4_scout_17b_16e_instruct,GA_ADAPTIVE,shipping_discount,standard_discount,29,True,True,"[121.49916749454967, 81.62879059260034, False]",0.0,standard_discount,0,80,8.691591210663319e-05
meta_llama_llama_4_scout_17b_16e_instruct,GA_ADAPTIVE,sign_type,negative,0,True,True,[0.0],0.0,negative,5,480,0.0015763340052217
meta_llama_llama_4_scout_17b_16e_instruct,GA_ADAPTIVE,sign_type,negative,1,True,True,[0.0],0.0,negative,10,880,0.003039582981728
meta_llama_llama_4_scout_17b_16e_instruct,GA_ADAPTIVE,sign_type,negative,2,True,True,[0.0],0.0,negative,6,560,0.0018630829872563
meta_llama_llama_4_scout_17b_16e_instruct,GA_ADAPTIVE,sign_type,negative,3,True,True,[0.0],0.0,negative,34,2800,0.010264333919622
meta_llama_llama_4_scout_17b_16e_instruct,GA_ADAPTIVE,sign_type,negative,4,True,True,[0.0],0.0,negative,25,2080,0.0076039580162614
meta_llama_llama_4_scout_17b_16e_instruct,GA_ADAPTIVE,sign_type,negative,5,True,True,[0.0],0.0,negative,3,320,0.0009497089777141
meta_llama_llama_4_scout_17b_16e_instruct,GA_ADAPTIVE,sign_type,negative,6,True,True,[0.0],0.0,negative,46,3760,0.0138948339736089
meta_llama_llama_4_scout_17b_16e_instruct,GA_ADAPTIVE,sign_type,negative,7,True,True,[0.0],0.0,negative,26,2160,0.0078482499811798
meta_llama_llama_4_scout_17b_16e_instruct,GA_ADAPTIVE,sign_type,negative,8,True,True,[0.0],0.0,negative,19,1600,0.00574220798444
meta_llama_llama_4_scout_17b_16e_instruct,GA_ADAPTIVE,sign_type,negative,9,True,True,[0.0],0.0,negative,12,1040,0.0036673749564215
meta_llama_llama_4_scout_17b_16e_instruct,GA_ADAPTIVE,sign_type,negative,10,True,True,[0.0],0.0,negative,1,160,0.0003416660474613
meta_llama_llama_4_scout_17b_16e_instruct,GA_ADAPTIVE,sign_type,negative,11,True,True,[0.0],0.0,negative,1,160,0.000346792046912
meta_llama_llama_4_scout_17b_16e_instruct,GA_ADAPTIVE,sign_type,negative,12,True,True,[0.0],0.0,negative,13,1120,0.0040353749645873
meta_llama_llama_4_scout_17b_16e_instruct,GA_ADAPTIVE,sign_type,negative,13,True,True,[0.0],0.0,negative,21,1760,0.0064135830616578
meta_llama_llama_4_scout_17b_16e_instruct,GA_ADAPTIVE,sign_type,negative,14,True,True,[0.0],0.0,negative,3,320,0.0009569589747115
meta_llama_llama_4_scout_17b_16e_instruct,GA_ADAPTIVE,sign_type,negative,15,True,True,[0.0],0.0,negative,9,800,0.0027623330242931
meta_llama_llama_4_scout_17b_16e_instruct,GA_ADAPTIVE,sign_type,negative,16,True,True,[0.0],0.0,negative,7,640,0.0021502500167116
meta_llama_llama_4_scout_17b_16e_instruct,GA_ADAPTIVE,sign_type,negative,17,True,True,[0.0],0.0,negative,13,1120,0.0039736670441925
meta_llama_llama_4_scout_17b_16e_instruct,GA_ADAPTIVE,sign_type,negative,18,True,True,[0.0],0.0,negative,23,1920,0.00693712499924
meta_llama_llama_4_scout_17b_16e_instruct,GA_ADAPTIVE,sign_type,negative,19,True,True,[0.0],0.0,negative,16,1360,0.0048389169387519
meta_llama_llama_4_scout_17b_16e_instruct,GA_ADAPTIVE,sign_type,negative,20,True,True,[0.0],0.0,negative,12,1040,0.0036552919773384
meta_llama_llama_4_scout_17b_16e_instruct,GA_ADAPTIVE,sign_type,negative,21,True,True,[0.0],0.0,negative,7,640,0.0021531659876927
meta_llama_llama_4_scout_17b_16e_instruct,GA_ADAPTIVE,sign_type,negative,22,True,True,[0.0],0.0,negative,8,720,0.0024631659034639
meta_llama_llama_4_scout_17b_16e_instruct,GA_ADAPTIVE,sign_type,negative,23,True,True,[0.0],0.0,negative,9,800,0.0027507909107953
meta_llama_llama_4_scout_17b_16e_instruct,GA_ADAPTIVE,sign_type,negative,24,True,True,[0.0],0.0,negative,30,2480,0.0090675830142572
meta_llama_llama_4_scout_17b_16e_instruct,GA_ADAPTIVE,sign_type,negative,25,True,True,[0.0],0.0,negative,39,3200,0.0118046249262988
meta_llama_llama_4_scout_17b_16e_instruct,GA_ADAPTIVE,sign_type,negative,26,True,True,[0.0],0.0,negative,4,400,0.0012606659438461
meta_llama_llama_4_scout_17b_16e_instruct,GA_ADAPTIVE,sign_type,negative,27,True,True,[0.0],0.0,negative,10,880,0.0030511670047417
meta_llama_llama_4_scout_17b_16e_instruct,GA_ADAPTIVE,sign_type,negative,28,True,True,[0.0],0.0,negative,1,160,0.0003511660033836
meta_llama_llama_4_scout_17b_16e_instruct,GA_ADAPTIVE,sign_type,negative,29,True,True,[0.0],0.0,negative,21,1760,0.0063813329907134
meta_llama_llama_4_scout_17b_16e_instruct,GA_ADAPTIVE,sign_type,positive,0,True,True,[686.3136967698684],0.0,positive,0,80,4.125002305954695e-05
meta_llama_llama_4_scout_17b_16e_instruct,GA_ADAPTIVE,sign_type,positive,1,True,True,[788.7548793926093],0.0,positive,0,80,4.004104994237423e-05
meta_llama_llama_4_scout_17b_16e_instruct,GA_ADAPTIVE,sign_type,positive,2,True,True,[872.7700912346668],0.0,positive,0,80,3.9874925278127193e-05
meta_llama_llama_4_scout_17b_16e_instruct,GA_ADAPTIVE,sign_type,positive,3,True,True,[527.3892017473821],0.0,positive,0,80,3.970798570662737e-05
meta_llama_llama_4_scout_17b_16e_instruct,GA_ADAPTIVE,sign_type,positive,4,True,True,[237.83904041244608],0.0,positive,0,80,4.087504930794239e-05
meta_llama_llama_4_scout_17b_16e_instruct,GA_ADAPTIVE,sign_type,positive,5,True,True,[763.6109272090408],0.0,positive,0,80,3.987504169344902e-05
meta_llama_llama_4_scout_17b_16e_instruct,GA_ADAPTIVE,sign_type,positive,6,True,True,[441.9451759162779],0.0,positive,0,80,3.9915903471410275e-05
meta_llama_llama_4_scout_17b_16e_instruct,GA_ADAPTIVE,sign_type,positive,7,True,True,[311.1318439613858],0.0,positive,0,80,3.987504169344902e-05
meta_llama_llama_4_scout_17b_16e_instruct,GA_ADAPTIVE,sign_type,positive,8,True,True,[500.7662584486089],0.0,positive,0,80,4.0499959141016006e-05
meta_llama_llama_4_scout_17b_16e_instruct,GA_ADAPTIVE,sign_type,positive,9,True,True,[813.1922029786817],0.0,positive,0,80,3.975001163780689e-05
meta_llama_llama_4_scout_17b_16e_instruct,GA_ADAPTIVE,sign_type,positive,10,True,True,[149.05075934818558],0.0,positive,0,80,4.054198507219553e-05
meta_llama_llama_4_scout_17b_16e_instruct,GA_ADAPTIVE,sign_type,positive,11,True,True,[361.35937579581656],0.0,positive,0,80,4.0207989513874054e-05
meta_llama_llama_4_scout_17b_16e_instruct,GA_ADAPTIVE,sign_type,positive,12,True,True,[76.38685422223035],0.0,positive,0,80,4.025001544505358e-05
meta_llama_llama_4_scout_17b_16e_instruct,GA_ADAPTIVE,sign_type,positive,13,True,True,[109.46139863268279],0.0,positive,0,80,4.037492908537388e-05
meta_llama_llama_4_scout_17b_16e_instruct,GA_ADAPTIVE,sign_type,positive,14,True,True,[40.399388387946104],0.0,positive,0,80,4.0500075556337833e-05
meta_llama_llama_4_scout_17b_16e_instruct,GA_ADAPTIVE,sign_type,positive,15,True,True,[800.9688591492194],0.0,positive,0,80,3.9083999581635e-05
meta_llama_llama_4_scout_17b_16e_instruct,GA_ADAPTIVE,sign_type,positive,16,True,True,[87.70603119410147],0.0,positive,0,80,3.91670037060976e-05
meta_llama_llama_4_scout_17b_16e_instruct,GA_ADAPTIVE,sign_type,positive,17,True,True,[109.91762017409567],0.0,positive,0,80,3.929098602384329e-05
meta_llama_llama_4_scout_17b_16e_instruct,GA_ADAPTIVE,sign_type,positive,18,True,True,[503.801613087567],0.0,positive,0,80,4.0041981264948845e-05
meta_llama_llama_4_scout_17b_16e_instruct,GA_ADAPTIVE,sign_type,positive,19,True,True,[831.4758013773155],0.0,positive,0,80,3.945804201066494e-05
meta_llama_llama_4_scout_17b_16e_instruct,GA_ADAPTIVE,sign_type,positive,20,True,True,[506.00374492542835],0.0,positive,0,80,3.999995533376932e-05
meta_llama_llama_4_scout_17b_16e_instruct,GA_ADAPTIVE,sign_type,positive,21,True,True,[48.756792293757954],0.0,positive,0,80,3.908306825906038e-05
meta_llama_llama_4_scout_17b_16e_instruct,GA_ADAPTIVE,sign_type,positive,22,True,True,[463.64843207160254],0.0,positive,0,80,3.958295565098524e-05
meta_llama_llama_4_scout_17b_16e_instruct,GA_ADAPTIVE,sign_type,positive,23,True,True,[27.130792853630957],0.0,positive,0,80,3.949995152652264e-05
meta_llama_llama_4_scout_17b_16e_instruct,GA_ADAPTIVE,sign_type,positive,24,True,True,[586.0934265954315],0.0,positive,0,80,3.92089132219553e-05
meta_llama_llama_4_scout_17b_16e_instruct,GA_ADAPTIVE,sign_type,positive,25,True,True,[727.1071466563611],0.0,positive,0,80,3.941706381738186e-05
meta_llama_llama_4_scout_17b_16e_instruct,GA_ADAPTIVE,sign_type,positive,26,True,True,[883.1709596464632],0.0,positive,0,80,3.958400338888168e-05
meta_llama_llama_4_scout_17b_16e_instruct,GA_ADAPTIVE,sign_type,positive,27,True,True,[241.06124327012512],0.0,positive,0,80,3.999995533376932e-05
meta_llama_llama_4_scout_17b_16e_instruct,GA_ADAPTIVE,sign_type,positive,28,True,True,[950.585578053367],0.0,positive,0,80,3.920809831470251e-05
meta_llama_llama_4_scout_17b_16e_instruct,GA_ADAPTIVE,sign_type,positive,29,True,True,[330.5522710327248],0.0,positive,0,80,3.9458973333239555e-05
meta_llama_llama_4_scout_17b_16e_instruct,GA_ADAPTIVE,sign_type,zero,0,True,True,[0.0],0.0,zero,7,640,0.002199999988079
meta_llama_llama_4_scout_17b_16e_instruct,GA_ADAPTIVE,sign_type,zero,1,True,True,[0.0],0.0,zero,20,1680,0.0060953330248594
meta_llama_llama_4_scout_17b_16e_instruct,GA_ADAPTIVE,sign_type,zero,2,True,True,[0.0],0.0,zero,38,3120,0.0115743749774992
meta_llama_llama_4_scout_17b_16e_instruct,GA_ADAPTIVE,sign_type,zero,3,True,True,[0.0],0.0,zero,39,3200,0.0118519590469077
meta_llama_llama_4_scout_17b_16e_instruct,GA_ADAPTIVE,sign_type,zero,4,True,True,[0.0],0.0,zero,26,2160,0.0079352499451488
meta_llama_llama_4_scout_17b_16e_instruct,GA_ADAPTIVE,sign_type,zero,5,True,True,[0.0],0.0,zero,5,480,0.0015571669209748
meta_llama_llama_4_scout_17b_16e_instruct,GA_ADAPTIVE,sign_type,zero,6,True,True,[0.0],0.0,zero,9,800,0.0027680000057443
meta_llama_llama_4_scout_17b_16e_instruct,GA_ADAPTIVE,sign_type,zero,7,True,True,[0.0],0.0,zero,15,1280,0.004611250013113
meta_llama_llama_4_scout_17b_16e_instruct,GA_ADAPTIVE,sign_type,zero,8,True,True,[0.0],0.0,zero,9,800,0.0027611249824985
meta_llama_llama_4_scout_17b_16e_instruct,GA_ADAPTIVE,sign_type,zero,9,True,True,[0.0],0.0,zero,7,640,0.0021794589702039
meta_llama_llama_4_scout_17b_16e_instruct,GA_ADAPTIVE,sign_type,zero,10,True,True,[0.0],0.0,zero,18,1520,0.0055078329751268
meta_llama_llama_4_scout_17b_16e_instruct,GA_ADAPTIVE,sign_type,zero,11,True,True,[0.0],0.0,zero,17,1440,0.0052014579996466
meta_llama_llama_4_scout_17b_16e_instruct,GA_ADAPTIVE,sign_type,zero,12,True,True,[0.0],0.0,zero,15,1280,0.0045899579999968
meta_llama_llama_4_scout_17b_16e_instruct,GA_ADAPTIVE,sign_type,zero,13,True,True,[0.0],0.0,zero,40,3280,0.0121700000017881
meta_llama_llama_4_scout_17b_16e_instruct,GA_ADAPTIVE,sign_type,zero,14,True,True,[0.0],0.0,zero,42,3440,0.0127371250418946
meta_llama_llama_4_scout_17b_16e_instruct,GA_ADAPTIVE,sign_type,zero,15,True,True,[0.0],0.0,zero,12,1040,0.003684833063744
meta_llama_llama_4_scout_17b_16e_instruct,GA_ADAPTIVE,sign_type,zero,16,True,True,[0.0],0.0,zero,20,1680,0.0060654160333797
meta_llama_llama_4_scout_17b_16e_instruct,GA_ADAPTIVE,sign_type,zero,17,True,True,[0.0],0.0,zero,8,720,0.0024648749968037
meta_llama_llama_4_scout_17b_16e_instruct,GA_ADAPTIVE,sign_type,zero,18,True,True,[0.0],0.0,zero,7,640,0.002148792031221
meta_llama_llama_4_scout_17b_16e_instruct,GA_ADAPTIVE,sign_type,zero,19,True,True,[0.0],0.0,zero,21,1760,0.0063926669536158
meta_llama_llama_4_scout_17b_16e_instruct,GA_ADAPTIVE,sign_type,zero,20,True,True,[0.0],0.0,zero,4,400,0.0012867921032011
meta_llama_llama_4_scout_17b_16e_instruct,GA_ADAPTIVE,sign_type,zero,21,True,True,[0.0],0.0,zero,26,2160,0.0078412079019472
meta_llama_llama_4_scout_17b_16e_instruct,GA_ADAPTIVE,sign_type,zero,22,True,True,[0.0],0.0,zero,22,1840,0.0066743340576067
meta_llama_llama_4_scout_17b_16e_instruct,GA_ADAPTIVE,sign_type,zero,23,True,True,[0.0],0.0,zero,23,1920,0.0069715420249849
meta_llama_llama_4_scout_17b_16e_instruct,GA_ADAPTIVE,sign_type,zero,24,True,True,[0.0],0.0,zero,10,880,0.0030926250619813
meta_llama_llama_4_scout_17b_16e_instruct,GA_ADAPTIVE,sign_type,zero,25,True,True,[0.0],0.0,zero,11,960,0.0033690000418573
meta_llama_llama_4_scout_17b_16e_instruct,GA_ADAPTIVE,sign_type,zero,26,True,True,[0.0],0.0,zero,10,880,0.003068916965276
meta_llama_llama_4_scout_17b_16e_instruct,GA_ADAPTIVE,sign_type,zero,27,True,True,[0.0],0.0,zero,1,160,0.00034774991218
meta_llama_llama_4_scout_17b_16e_instruct,GA_ADAPTIVE,sign_type,zero,28,True,True,[0.0],0.0,zero,31,2560,0.0096506669651716
meta_llama_llama_4_scout_17b_16e_instruct,GA_ADAPTIVE,sign_type,zero,29,True,True,[0.0],0.0,zero,10,880,0.0031349998898804
meta_llama_llama_4_scout_17b_16e_instruct,GA_ADAPTIVE,string_category,empty,0,True,True,[''],0.0,empty,0,80,0.0001835830044001
meta_llama_llama_4_scout_17b_16e_instruct,GA_ADAPTIVE,string_category,empty,1,True,True,[''],0.0,empty,0,80,0.0001591250766068
meta_llama_llama_4_scout_17b_16e_instruct,GA_ADAPTIVE,string_category,empty,2,True,True,[''],0.0,empty,0,80,0.0001497089397162
meta_llama_llama_4_scout_17b_16e_instruct,GA_ADAPTIVE,string_category,empty,3,True,True,[''],0.0,empty,0,80,0.0001597499940544
meta_llama_llama_4_scout_17b_16e_instruct,GA_ADAPTIVE,string_category,empty,4,True,True,[''],0.0,empty,0,80,0.0001407919917255
meta_llama_llama_4_scout_17b_16e_instruct,GA_ADAPTIVE,string_category,empty,5,True,True,[''],0.0,empty,0,80,0.0001508329296484
meta_llama_llama_4_scout_17b_16e_instruct,GA_ADAPTIVE,string_category,empty,6,True,True,[''],0.0,empty,0,80,0.0001510409638285
meta_llama_llama_4_scout_17b_16e_instruct,GA_ADAPTIVE,string_category,empty,7,True,True,[''],0.0,empty,0,80,0.0001570410095155
meta_llama_llama_4_scout_17b_16e_instruct,GA_ADAPTIVE,string_category,empty,8,True,True,[''],0.0,empty,0,80,0.0001490000868216
meta_llama_llama_4_scout_17b_16e_instruct,GA_ADAPTIVE,string_category,empty,9,True,True,[''],0.0,empty,0,80,0.0001576250651851
meta_llama_llama_4_scout_17b_16e_instruct,GA_ADAPTIVE,string_category,empty,10,True,True,[''],0.0,empty,0,80,0.0001518750796094
meta_llama_llama_4_scout_17b_16e_instruct,GA_ADAPTIVE,string_category,empty,11,True,True,[''],0.0,empty,0,80,0.0001758750295266
meta_llama_llama_4_scout_17b_16e_instruct,GA_ADAPTIVE,string_category,empty,12,True,True,[''],0.0,empty,0,80,0.0001593329943716
meta_llama_llama_4_scout_17b_16e_instruct,GA_ADAPTIVE,string_category,empty,13,True,True,[''],0.0,empty,0,80,0.0001476660836488
meta_llama_llama_4_scout_17b_16e_instruct,GA_ADAPTIVE,string_category,empty,14,True,True,[''],0.0,empty,0,80,0.0001526250271126
meta_llama_llama_4_scout_17b_16e_instruct,GA_ADAPTIVE,string_category,empty,15,True,True,[''],0.0,empty,0,80,0.000151791027747
meta_llama_llama_4_scout_17b_16e_instruct,GA_ADAPTIVE,string_category,empty,16,True,True,[''],0.0,empty,0,80,0.0001467920374125
meta_llama_llama_4_scout_17b_16e_instruct,GA_ADAPTIVE,string_category,empty,17,True,True,[''],0.0,empty,0,80,0.0001509999856352
meta_llama_llama_4_scout_17b_16e_instruct,GA_ADAPTIVE,string_category,empty,18,True,True,[''],0.0,empty,0,80,0.0001515829935669
meta_llama_llama_4_scout_17b_16e_instruct,GA_ADAPTIVE,string_category,empty,19,True,True,[''],0.0,empty,0,80,0.0001423330977559
meta_llama_llama_4_scout_17b_16e_instruct,GA_ADAPTIVE,string_category,empty,20,True,True,[''],0.0,empty,0,80,0.0001539998920634
meta_llama_llama_4_scout_17b_16e_instruct,GA_ADAPTIVE,string_category,empty,21,True,True,[''],0.0,empty,0,80,0.0001552919857203
meta_llama_llama_4_scout_17b_16e_instruct,GA_ADAPTIVE,string_category,empty,22,True,True,[''],0.0,empty,0,80,0.0001587920123711
meta_llama_llama_4_scout_17b_16e_instruct,GA_ADAPTIVE,string_category,empty,23,True,True,[''],0.0,empty,0,80,0.000148499966599
meta_llama_llama_4_scout_17b_16e_instruct,GA_ADAPTIVE,string_category,empty,24,True,True,[''],0.0,empty,0,80,0.0001518330536782
meta_llama_llama_4_scout_17b_16e_instruct,GA_ADAPTIVE,string_category,empty,25,True,True,[''],0.0,empty,0,80,0.0001395839499309
meta_llama_llama_4_scout_17b_16e_instruct,GA_ADAPTIVE,string_category,empty,26,True,True,[''],0.0,empty,0,80,0.0001426660455763
meta_llama_llama_4_scout_17b_16e_instruct,GA_ADAPTIVE,string_category,empty,27,True,True,[''],0.0,empty,0,80,0.0001521250233054
meta_llama_llama_4_scout_17b_16e_instruct,GA_ADAPTIVE,string_category,empty,28,True,True,[''],0.0,empty,0,80,0.0001540000084787
meta_llama_llama_4_scout_17b_16e_instruct,GA_ADAPTIVE,string_category,empty,29,True,True,[''],0.0,empty,0,80,0.0001421249471604
meta_llama_llama_4_scout_17b_16e_instruct,GA_ADAPTIVE,string_category,long_non_palindrome,0,True,True,['wPOev'],0.0,long_non_palindrome,0,80,0.0001490829745307
meta_llama_llama_4_scout_17b_16e_instruct,GA_ADAPTIVE,string_category,long_non_palindrome,1,True,True,['AyRptbK7CY'],0.0,long_non_palindrome,0,80,0.000156708061695
meta_llama_llama_4_scout_17b_16e_instruct,GA_ADAPTIVE,string_category,long_non_palindrome,2,True,True,['75kVdoF0UK2ej'],0.0,long_non_palindrome,0,80,0.0001596669899299
meta_llama_llama_4_scout_17b_16e_instruct,GA_ADAPTIVE,string_category,long_non_palindrome,3,True,True,['68UkZf'],0.0,long_non_palindrome,0,80,0.0001500840298831
meta_llama_llama_4_scout_17b_16e_instruct,GA_ADAPTIVE,string_category,long_non_palindrome,4,True,True,['qlLs2seRBWDh'],0.0,long_non_palindrome,0,80,0.0001522919628769
meta_llama_llama_4_scout_17b_16e_instruct,GA_ADAPTIVE,string_category,long_non_palindrome,5,True,True,['J9IBa2ldZetCr'],0.0,long_non_palindrome,0,80,0.0001449999399483
meta_llama_llama_4_scout_17b_16e_instruct,GA_ADAPTIVE,string_category,long_non_palindrome,6,True,True,['K8vtuD1exvaa51'],0.0,long_non_palindrome,0,80,0.000149582978338
meta_llama_llama_4_scout_17b_16e_instruct,GA_ADAPTIVE,string_category,long_non_palindrome,7,True,True,['G4nb4OUX'],0.0,long_non_palindrome,0,80,0.0001484580570831
meta_llama_llama_4_scout_17b_16e_instruct,GA_ADAPTIVE,string_category,long_non_palindrome,8,True,True,['wlWRwClx'],0.0,long_non_palindrome,0,80,0.0001577499788254
meta_llama_llama_4_scout_17b_16e_instruct,GA_ADAPTIVE,string_category,long_non_palindrome,9,True,True,['WPXWyOnJdXa'],0.0,long_non_palindrome,0,80,0.0001589159946888
meta_llama_llama_4_scout_17b_16e_instruct,GA_ADAPTIVE,string_category,long_non_palindrome,10,True,True,['1Af00BLKOa9'],0.0,long_non_palindrome,0,80,0.000146250007674
meta_llama_llama_4_scout_17b_16e_instruct,GA_ADAPTIVE,string_category,long_non_palindrome,11,True,True,['iZ6pOM'],0.0,long_non_palindrome,0,80,0.0001422918867319
meta_llama_llama_4_scout_17b_16e_instruct,GA_ADAPTIVE,string_category,long_non_palindrome,12,True,True,['6SturzPr'],0.0,long_non_palindrome,0,80,0.0001554160844534
meta_llama_llama_4_scout_17b_16e_instruct,GA_ADAPTIVE,string_category,long_non_palindrome,13,True,True,['TzgLVrTagcHvA'],0.0,long_non_palindrome,0,80,0.0001540830126032
meta_llama_llama_4_scout_17b_16e_instruct,GA_ADAPTIVE,string_category,long_non_palindrome,14,True,True,['94peotB0VlgfU46'],0.0,long_non_palindrome,0,80,0.0001498749479651
meta_llama_llama_4_scout_17b_16e_instruct,GA_ADAPTIVE,string_category,long_non_palindrome,15,True,True,['5kZVAbdZnH4gV'],0.0,long_non_palindrome,0,80,0.0001457090256735
meta_llama_llama_4_scout_17b_16e_instruct,GA_ADAPTIVE,string_category,long_non_palindrome,16,True,True,['rkLhpv1lpWCM2PD'],0.0,long_non_palindrome,0,80,0.0001528749708086
meta_llama_llama_4_scout_17b_16e_instruct,GA_ADAPTIVE,string_category,long_non_palindrome,17,True,True,['Z1QPs'],0.0,long_non_palindrome,0,80,0.0001545830164104
meta_llama_llama_4_scout_17b_16e_instruct,GA_ADAPTIVE,string_category,long_non_palindrome,18,True,True,['jesmH'],0.0,long_non_palindrome,0,80,0.0001497919438406
meta_llama_llama_4_scout_17b_16e_instruct,GA_ADAPTIVE,string_category,long_non_palindrome,19,True,True,['0LPlIaS7'],0.0,long_non_palindrome,0,80,0.0001488339621573
meta_llama_llama_4_scout_17b_16e_instruct,GA_ADAPTIVE,string_category,long_non_palindrome,20,True,True,['H2zPQL9eO6Y4g'],0.0,long_non_palindrome,0,80,0.0001479580532759
meta_llama_llama_4_scout_17b_16e_instruct,GA_ADAPTIVE,string_category,long_non_palindrome,21,True,True,['45CbSD'],0.0,long_non_palindrome,0,80,0.000145333004184
meta_llama_llama_4_scout_17b_16e_instruct,GA_ADAPTIVE,string_category,long_non_palindrome,22,True,True,['sXt2Vl'],0.0,long_non_palindrome,0,80,0.0001619580434635
meta_llama_llama_4_scout_17b_16e_instruct,GA_ADAPTIVE,string_category,long_non_palindrome,23,True,True,['rCukhU5'],0.0,long_non_palindrome,0,80,0.0001542919781059
meta_llama_llama_4_scout_17b_16e_instruct,GA_ADAPTIVE,string_category,long_non_palindrome,24,True,True,['TPx6cd9YqEaNgoK'],0.0,long_non_palindrome,0,80,0.0001550829038023
meta_llama_llama_4_scout_17b_16e_instruct,GA_ADAPTIVE,string_category,long_non_palindrome,25,True,True,['dOv8nKQYzhR'],0.0,long_non_palindrome,0,80,0.000152250053361
meta_llama_llama_4_scout_17b_16e_instruct,GA_ADAPTIVE,string_category,long_non_palindrome,26,True,True,['SBjm8qP6'],0.0,long_non_palindrome,0,80,0.0001481670187786
meta_llama_llama_4_scout_17b_16e_instruct,GA_ADAPTIVE,string_category,long_non_palindrome,27,True,True,['IYj1qmYC7Km'],0.0,long_non_palindrome,0,80,0.0001472500152885
meta_llama_llama_4_scout_17b_16e_instruct,GA_ADAPTIVE,string_category,long_non_palindrome,28,True,True,['4RjgQAJqdNM'],0.0,long_non_palindrome,0,80,0.0001509169815108
meta_llama_llama_4_scout_17b_16e_instruct,GA_ADAPTIVE,string_category,long_non_palindrome,29,True,True,['A3kqWUM'],0.0,long_non_palindrome,0,80,0.000163041986525
meta_llama_llama_4_scout_17b_16e_instruct,GA_ADAPTIVE,string_category,long_palindrome,0,True,True,['Q5Q'],0.0,long_palindrome,72,5840,0.0252549169817939
meta_llama_llama_4_scout_17b_16e_instruct,GA_ADAPTIVE,string_category,long_palindrome,1,True,True,['yVy'],0.0,long_palindrome,14,1200,0.0047477920306846
meta_llama_llama_4_scout_17b_16e_instruct,GA_ADAPTIVE,string_category,long_palindrome,2,True,True,['NnN'],0.0,long_palindrome,22,1840,0.0073594170389696
meta_llama_llama_4_scout_17b_16e_instruct,GA_ADAPTIVE,string_category,long_palindrome,3,False,False,['GY5l'],1.0,,0,8080,0.0351094159996137
meta_llama_llama_4_scout_17b_16e_instruct,GA_ADAPTIVE,string_category,long_palindrome,4,True,True,['SuS'],0.0,long_palindrome,57,4640,0.0199368329485878
meta_llama_llama_4_scout_17b_16e_instruct,GA_ADAPTIVE,string_category,long_palindrome,5,True,True,['OpO'],0.0,long_palindrome,31,2560,0.0105662499554455
meta_llama_llama_4_scout_17b_16e_instruct,GA_ADAPTIVE,string_category,long_palindrome,6,True,True,['4w4'],0.0,long_palindrome,0,80,0.0001672500511631
meta_llama_llama_4_scout_17b_16e_instruct,GA_ADAPTIVE,string_category,long_palindrome,7,False,False,['tvXv4b61EC0ZX4'],1.0,,0,8080,0.0347856669686734
meta_llama_llama_4_scout_17b_16e_instruct,GA_ADAPTIVE,string_category,long_palindrome,8,True,True,['c3c'],0.0,long_palindrome,10,880,0.0034055000869557
meta_llama_llama_4_scout_17b_16e_instruct,GA_ADAPTIVE,string_category,long_palindrome,9,False,False,['V6RtXCQn7w'],1.0,,0,8080,0.034830541932024
meta_llama_llama_4_scout_17b_16e_instruct,GA_ADAPTIVE,string_category,long_palindrome,10,True,True,['DID'],0.0,long_palindrome,33,2720,0.0115480000386014
meta_llama_llama_4_scout_17b_16e_instruct,GA_ADAPTIVE,string_category,long_palindrome,11,True,True,['UMU'],0.0,long_palindrome,9,800,0.0030817911028862
meta_llama_llama_4_scout_17b_16e_instruct,GA_ADAPTIVE,string_category,long_palindrome,12,True,True,['ROR'],0.0,long_palindrome,1,160,0.0004873749567195
meta_llama_llama_4_scout_17b_16e_instruct,GA_ADAPTIVE,string_category,long_palindrome,13,False,False,['WOasvguYzXPROMt'],1.0,,0,8080,0.0347110410220921
meta_llama_llama_4_scout_17b_16e_instruct,GA_ADAPTIVE,string_category,long_palindrome,14,True,True,['242'],0.0,long_palindrome,43,3520,0.0146374999312683
meta_llama_llama_4_scout_17b_16e_instruct,GA_ADAPTIVE,string_category,long_palindrome,15,True,True,['BDB'],0.0,long_palindrome,4,400,0.0014192089438438
meta_llama_llama_4_scout_17b_16e_instruct,GA_ADAPTIVE,string_category,long_palindrome,16,True,True,['9m9'],0.0,long_palindrome,42,3440,0.0142192909261211
meta_llama_llama_4_scout_17b_16e_instruct,GA_ADAPTIVE,string_category,long_palindrome,17,True,True,['878'],0.0,long_palindrome,2,240,0.0007992499740794
meta_llama_llama_4_scout_17b_16e_instruct,GA_ADAPTIVE,string_category,long_palindrome,18,True,True,['2d2'],0.0,long_palindrome,34,2800,0.0115454159677028
meta_llama_llama_4_scout_17b_16e_instruct,GA_ADAPTIVE,string_category,long_palindrome,19,True,True,['JEJ'],0.0,long_palindrome,84,6800,0.02880704193376
meta_llama_llama_4_scout_17b_16e_instruct,GA_ADAPTIVE,string_category,long_palindrome,20,True,True,['I2I'],0.0,long_palindrome,30,2480,0.0101520409807562
meta_llama_llama_4_scout_17b_16e_instruct,GA_ADAPTIVE,string_category,long_palindrome,21,True,True,['b121b'],0.0,long_palindrome,32,2640,0.0106347079854458
meta_llama_llama_4_scout_17b_16e_instruct,GA_ADAPTIVE,string_category,long_palindrome,22,True,True,['G7G'],0.0,long_palindrome,13,1120,0.004322542110458
meta_llama_llama_4_scout_17b_16e_instruct,GA_ADAPTIVE,string_category,long_palindrome,23,True,True,['h8h'],0.0,long_palindrome,33,2720,0.0110020829597488
meta_llama_llama_4_scout_17b_16e_instruct,GA_ADAPTIVE,string_category,long_palindrome,24,True,True,['JBJ'],0.0,long_palindrome,30,2480,0.0100733339786529
meta_llama_llama_4_scout_17b_16e_instruct,GA_ADAPTIVE,string_category,long_palindrome,25,True,True,['jOj'],0.0,long_palindrome,91,7360,0.0310045419028028
meta_llama_llama_4_scout_17b_16e_instruct,GA_ADAPTIVE,string_category,long_palindrome,26,True,True,['zBz'],0.0,long_palindrome,73,5920,0.0247781659709289
meta_llama_llama_4_scout_17b_16e_instruct,GA_ADAPTIVE,string_category,long_palindrome,27,True,True,['IbI'],0.0,long_palindrome,0,80,0.0001629999605938
meta_llama_llama_4_scout_17b_16e_instruct,GA_ADAPTIVE,string_category,long_palindrome,28,False,False,['35OFapDoE'],1.0,,0,8080,0.0341282919980585
meta_llama_llama_4_scout_17b_16e_instruct,GA_ADAPTIVE,string_category,long_palindrome,29,True,True,['gpg'],0.0,long_palindrome,75,6080,0.025386375025846
meta_llama_llama_4_scout_17b_16e_instruct,GA_ADAPTIVE,string_category,other,0,True,True,['Cah'],0.0,other,0,80,0.0001550840679556
meta_llama_llama_4_scout_17b_16e_instruct,GA_ADAPTIVE,string_category,other,1,True,True,['3s'],0.0,other,0,80,0.0001623750431463
meta_llama_llama_4_scout_17b_16e_instruct,GA_ADAPTIVE,string_category,other,2,True,True,['QCSr'],0.0,other,0,80,0.0001580829266458
meta_llama_llama_4_scout_17b_16e_instruct,GA_ADAPTIVE,string_category,other,3,True,True,['m7jv'],0.0,other,0,80,0.000157207949087
meta_llama_llama_4_scout_17b_16e_instruct,GA_ADAPTIVE,string_category,other,4,True,True,['552'],0.0,other,0,80,0.000160334049724
meta_llama_llama_4_scout_17b_16e_instruct,GA_ADAPTIVE,string_category,other,5,True,True,['7o'],0.0,other,0,80,0.0001499999780207
meta_llama_llama_4_scout_17b_16e_instruct,GA_ADAPTIVE,string_category,other,6,True,True,['sC'],0.0,other,0,80,0.0001564580015838
meta_llama_llama_4_scout_17b_16e_instruct,GA_ADAPTIVE,string_category,other,7,True,True,['blr'],0.0,other,0,80,0.0001503750681877
meta_llama_llama_4_scout_17b_16e_instruct,GA_ADAPTIVE,string_category,other,8,True,True,['szUl'],0.0,other,0,80,0.0001542080426588
meta_llama_llama_4_scout_17b_16e_instruct,GA_ADAPTIVE,string_category,other,9,True,True,['y5zp'],0.0,other,0,80,0.0001517920754849
meta_llama_llama_4_scout_17b_16e_instruct,GA_ADAPTIVE,string_category,other,10,True,True,['pjI5'],0.0,other,0,80,0.0001576669747009
meta_llama_llama_4_scout_17b_16e_instruct,GA_ADAPTIVE,string_category,other,11,True,True,['06Vl'],0.0,other,0,80,0.0001548749860376
meta_llama_llama_4_scout_17b_16e_instruct,GA_ADAPTIVE,string_category,other,12,True,True,['N7'],0.0,other,0,80,0.0001557919895276
meta_llama_llama_4_scout_17b_16e_instruct,GA_ADAPTIVE,string_category,other,13,True,True,['wZ'],0.0,other,0,80,0.0001490840222686
meta_llama_llama_4_scout_17b_16e_instruct,GA_ADAPTIVE,string_category,other,14,True,True,['mKW7'],0.0,other,0,80,0.0001530409790575
meta_llama_llama_4_scout_17b_16e_instruct,GA_ADAPTIVE,string_category,other,15,True,True,['2LW6Y'],0.0,other,0,80,0.000156334019266
meta_llama_llama_4_scout_17b_16e_instruct,GA_ADAPTIVE,string_category,other,16,True,True,['kQ82g'],0.0,other,0,80,0.000144875026308
meta_llama_llama_4_scout_17b_16e_instruct,GA_ADAPTIVE,string_category,other,17,True,True,['G9Ep'],0.0,other,0,80,0.0001440839841961
meta_llama_llama_4_scout_17b_16e_instruct,GA_ADAPTIVE,string_category,other,18,True,True,['1N'],0.0,other,0,80,0.0001482079969719
meta_llama_llama_4_scout_17b_16e_instruct,GA_ADAPTIVE,string_category,other,19,True,True,['R74H'],0.0,other,0,80,0.0001523329410701
meta_llama_llama_4_scout_17b_16e_instruct,GA_ADAPTIVE,string_category,other,20,True,True,['t8'],0.0,other,0,80,0.0001546669518575
meta_llama_llama_4_scout_17b_16e_instruct,GA_ADAPTIVE,string_category,other,21,True,True,['cemv'],0.0,other,0,80,0.0001582920085638
meta_llama_llama_4_scout_17b_16e_instruct,GA_ADAPTIVE,string_category,other,22,True,True,['wCfwK'],0.0,other,0,80,0.0001492920564487
meta_llama_llama_4_scout_17b_16e_instruct,GA_ADAPTIVE,string_category,other,23,True,True,['ui'],0.0,other,0,80,0.0001606249716132
meta_llama_llama_4_scout_17b_16e_instruct,GA_ADAPTIVE,string_category,other,24,True,True,['MW'],0.0,other,0,80,0.0001543329562991
meta_llama_llama_4_scout_17b_16e_instruct,GA_ADAPTIVE,string_category,other,25,True,True,['V3xJ'],0.0,other,0,80,0.0001556660281494
meta_llama_llama_4_scout_17b_16e_instruct,GA_ADAPTIVE,string_category,other,26,True,True,['yO'],0.0,other,0,80,0.0001562919933348
meta_llama_llama_4_scout_17b_16e_instruct,GA_ADAPTIVE,string_category,other,27,True,True,['Wxsbb'],0.0,other,0,80,0.0001549581065773
meta_llama_llama_4_scout_17b_16e_instruct,GA_ADAPTIVE,string_category,other,28,True,True,['gVwv1'],0.0,other,0,80,0.0001481249928474
meta_llama_llama_4_scout_17b_16e_instruct,GA_ADAPTIVE,string_category,other,29,True,True,['iVy'],0.0,other,0,80,0.0001472079893574
meta_llama_llama_4_scout_17b_16e_instruct,GA_ADAPTIVE,string_category,short_palindrome,0,True,True,[''],0.0,short_palindrome,0,80,0.000149792060256
meta_llama_llama_4_scout_17b_16e_instruct,GA_ADAPTIVE,string_category,short_palindrome,1,True,True,['6'],0.0,short_palindrome,0,80,0.00014741695486
meta_llama_llama_4_scout_17b_16e_instruct,GA_ADAPTIVE,string_category,short_palindrome,2,True,True,[''],0.0,short_palindrome,0,80,0.0001435000449419
meta_llama_llama_4_scout_17b_16e_instruct,GA_ADAPTIVE,string_category,short_palindrome,3,True,True,[''],0.0,short_palindrome,0,80,0.0001470409333705
meta_llama_llama_4_scout_17b_16e_instruct,GA_ADAPTIVE,string_category,short_palindrome,4,True,True,[''],0.0,short_palindrome,0,80,0.0001419590553268
meta_llama_llama_4_scout_17b_16e_instruct,GA_ADAPTIVE,string_category,short_palindrome,5,True,True,['V'],0.0,short_palindrome,0,80,0.0001499159261584
meta_llama_llama_4_scout_17b_16e_instruct,GA_ADAPTIVE,string_category,short_palindrome,6,True,True,[''],0.0,short_palindrome,0,80,0.0001557919895276
meta_llama_llama_4_scout_17b_16e_instruct,GA_ADAPTIVE,string_category,short_palindrome,7,True,True,[''],0.0,short_palindrome,0,80,0.0001519579673185
meta_llama_llama_4_scout_17b_16e_instruct,GA_ADAPTIVE,string_category,short_palindrome,8,True,True,[''],0.0,short_palindrome,0,80,0.0001457500038668
meta_llama_llama_4_scout_17b_16e_instruct,GA_ADAPTIVE,string_category,short_palindrome,9,True,True,['J'],0.0,short_palindrome,0,80,0.0001550420420244
meta_llama_llama_4_scout_17b_16e_instruct,GA_ADAPTIVE,string_category,short_palindrome,10,True,True,[''],0.0,short_palindrome,0,80,0.0001491250004619
meta_llama_llama_4_scout_17b_16e_instruct,GA_ADAPTIVE,string_category,short_palindrome,11,True,True,['e'],0.0,short_palindrome,0,80,0.0001452909782528
meta_llama_llama_4_scout_17b_16e_instruct,GA_ADAPTIVE,string_category,short_palindrome,12,True,True,[''],0.0,short_palindrome,0,80,0.0001584580168128
meta_llama_llama_4_scout_17b_16e_instruct,GA_ADAPTIVE,string_category,short_palindrome,13,True,True,['0'],0.0,short_palindrome,0,80,0.0001533749746158
meta_llama_llama_4_scout_17b_16e_instruct,GA_ADAPTIVE,string_category,short_palindrome,14,True,True,[''],0.0,short_palindrome,0,80,0.0001504580723121
meta_llama_llama_4_scout_17b_16e_instruct,GA_ADAPTIVE,string_category,short_palindrome,15,True,True,['x'],0.0,short_palindrome,0,80,0.0001512499293312
meta_llama_llama_4_scout_17b_16e_instruct,GA_ADAPTIVE,string_category,short_palindrome,16,True,True,['F'],0.0,short_palindrome,0,80,0.0001516249030828
meta_llama_llama_4_scout_17b_16e_instruct,GA_ADAPTIVE,string_category,short_palindrome,17,True,True,['F'],0.0,short_palindrome,0,80,0.0001484169624745
meta_llama_llama_4_scout_17b_16e_instruct,GA_ADAPTIVE,string_category,short_palindrome,18,True,True,[''],0.0,short_palindrome,0,80,0.0001429159892722
meta_llama_llama_4_scout_17b_16e_instruct,GA_ADAPTIVE,string_category,short_palindrome,19,True,True,['s'],0.0,short_palindrome,0,80,0.0001416670856997
meta_llama_llama_4_scout_17b_16e_instruct,GA_ADAPTIVE,string_category,short_palindrome,20,True,True,['t'],0.0,short_palindrome,0,80,0.0001528339926153
meta_llama_llama_4_scout_17b_16e_instruct,GA_ADAPTIVE,string_category,short_palindrome,21,True,True,['z'],0.0,short_palindrome,0,80,0.0001527919666841
meta_llama_llama_4_scout_17b_16e_instruct,GA_ADAPTIVE,string_category,short_palindrome,22,True,True,[''],0.0,short_palindrome,0,80,0.0001472079893574
meta_llama_llama_4_scout_17b_16e_instruct,GA_ADAPTIVE,string_category,short_palindrome,23,True,True,['U'],0.0,short_palindrome,0,80,0.00014741695486
meta_llama_llama_4_scout_17b_16e_instruct,GA_ADAPTIVE,string_category,short_palindrome,24,True,True,[''],0.0,short_palindrome,0,80,0.000144875026308
meta_llama_llama_4_scout_17b_16e_instruct,GA_ADAPTIVE,string_category,short_palindrome,25,True,True,[''],0.0,short_palindrome,0,80,0.0001507500419393
meta_llama_llama_4_scout_17b_16e_instruct,GA_ADAPTIVE,string_category,short_palindrome,26,True,True,['I'],0.0,short_palindrome,0,80,0.0001436250749975
meta_llama_llama_4_scout_17b_16e_instruct,GA_ADAPTIVE,string_category,short_palindrome,27,True,True,[''],0.0,short_palindrome,0,80,0.0001493750605732
meta_llama_llama_4_scout_17b_16e_instruct,GA_ADAPTIVE,string_category,short_palindrome,28,True,True,['F'],0.0,short_palindrome,0,80,0.0001484579406678
meta_llama_llama_4_scout_17b_16e_instruct,GA_ADAPTIVE,string_category,short_palindrome,29,True,True,['E'],0.0,short_palindrome,0,80,0.0001475419849157
