model,method,function_name,target,run_id,found,validated,best_chromosome,best_fitness,reached_branch,generation,evaluations,runtime
meta_llama_llama_4_scout_17b_16e_instruct,GA_FIXED,bmi_category,invalid_height,0,False,False,"[140.09643089949338, 1.0]",1.0,,1,8080,0.03618200006894767
meta_llama_llama_4_scout_17b_16e_instruct,GA_FIXED,bmi_category,invalid_height,1,False,False,"[194.7818245136419, 1.0]",1.0,,1,8080,0.03575337503571063
meta_llama_llama_4_scout_17b_16e_instruct,GA_FIXED,bmi_category,invalid_height,2,False,False,"[154.6960991036418, 1.0]",1.0,,1,8080,0.035960417008027434
meta_llama_llama_4_scout_17b_16e_instruct,GA_FIXED,bmi_category,invalid_height,3,False,False,"[38.25305309811212, 1.0]",1.0,,1,8080,0.035929417004808784
meta_llama_llama_4_scout_17b_16e_instruct,GA_FIXED,bmi_category,invalid_height,4,False,False,"[154.48476403368926, 1.0]",1.0,,1,8080,0.03569700010120869
meta_llama_llama_4_scout_17b_16e_instruct,GA_FIXED,bmi_category,invalid_height,5,False,False,"[124.78876342144238, 1.0]",1.0,,1,8080,0.035083165974356234
meta_llama_llama_4_scout_17b_16e_instruct,GA_FIXED,bmi_category,invalid_height,6,False,False,"[134.9674529714835, 1.0]",1.0,,1,8080,0.03545445797499269
meta_llama_llama_4_scout_17b_16e_instruct,GA_FIXED,bmi_category,invalid_height,7,False,False,"[87.89704860069735, 1.0]",1.0,,1,8080,0.03578033298254013
meta_llama_llama_4_scout_17b_16e_instruct,GA_FIXED,bmi_category,invalid_height,8,False,False,"[141.36172389174345, 1.0]",1.0,,1,8080,0.03648883302230388
meta_llama_llama_4_scout_17b_16e_instruct,GA_FIXED,bmi_category,invalid_height,9,False,False,"[116.97139118047765, 1.0]",1.0,,1,8080,0.03566166595555842
meta_llama_llama_4_scout_17b_16e_instruct,GA_FIXED,bmi_category,invalid_height,10,False,False,"[136.94973924135914, 1.0]",1.0,,1,8080,0.03585358301643282
meta_llama_llama_4_scout_17b_16e_instruct,GA_FIXED,bmi_category,invalid_height,11,False,False,"[79.91841839810172, 1.0]",1.0,,1,8080,0.03560216701589525
meta_llama_llama_4_scout_17b_16e_instruct,GA_FIXED,bmi_category,invalid_height,12,False,False,"[20.439337113147854, 1.0]",1.0,,1,8080,0.03564833395648748
meta_llama_llama_4_scout_17b_16e_instruct,GA_FIXED,bmi_category,invalid_height,13,False,False,"[26.612224495734853, 1.0]",1.0,,1,8080,0.03560762503184378
meta_llama_llama_4_scout_17b_16e_instruct,GA_FIXED,bmi_category,invalid_height,14,False,False,"[39.23510225423803, 1.0]",1.0,,1,8080,0.03573916701134294
meta_llama_llama_4_scout_17b_16e_instruct,GA_FIXED,bmi_category,invalid_height,15,False,False,"[76.11109273370678, 1.0]",1.0,,1,8080,0.035251792054623365
meta_llama_llama_4_scout_17b_16e_instruct,GA_FIXED,bmi_category,invalid_height,16,False,False,"[160.46501074350905, 1.0]",1.0,,1,8080,0.035284999990835786
meta_llama_llama_4_scout_17b_16e_instruct,GA_FIXED,bmi_category,invalid_height,17,False,False,"[61.336507074576645, 1.0]",1.0,,1,8080,0.03541904198937118
meta_llama_llama_4_scout_17b_16e_instruct,GA_FIXED,bmi_category,invalid_height,18,False,False,"[41.99564999730547, 1.0]",1.0,,1,8080,0.03545950003899634
meta_llama_llama_4_scout_17b_16e_instruct,GA_FIXED,bmi_category,invalid_height,19,False,False,"[51.47453472456317, 1.0]",1.0,,1,8080,0.03563404199667275
meta_llama_llama_4_scout_17b_16e_instruct,GA_FIXED,bmi_category,invalid_height,20,False,False,"[41.299714662139074, 1.0]",1.0,,1,8080,0.035610207938589156
meta_llama_llama_4_scout_17b_16e_instruct,GA_FIXED,bmi_category,invalid_height,21,False,False,"[196.23995324695088, 1.0]",1.0,,1,8080,0.03586812503635883
meta_llama_llama_4_scout_17b_16e_instruct,GA_FIXED,bmi_category,invalid_height,22,False,False,"[138.19106293188537, 1.0]",1.0,,1,8080,0.03562829096335918
meta_llama_llama_4_scout_17b_16e_instruct,GA_FIXED,bmi_category,invalid_height,23,False,False,"[77.67105951519508, 1.0]",1.0,,1,8080,0.035651707905344665
meta_llama_llama_4_scout_17b_16e_instruct,GA_FIXED,bmi_category,invalid_height,24,False,False,"[75.12095321308723, 1.0]",1.0,,1,8080,0.03551279194653034
meta_llama_llama_4_scout_17b_16e_instruct,GA_FIXED,bmi_category,invalid_height,25,False,False,"[51.00938280883146, 1.0]",1.0,,1,8080,0.03557366691529751
meta_llama_llama_4_scout_17b_16e_instruct,GA_FIXED,bmi_category,invalid_height,26,False,False,"[72.29602654805922, 1.0]",1.0,,1,8080,0.03550091607030481
meta_llama_llama_4_scout_17b_16e_instruct,GA_FIXED,bmi_category,invalid_height,27,False,False,"[27.160510541769007, 1.0]",1.0,,1,8080,0.03550516604445875
meta_llama_llama_4_scout_17b_16e_instruct,GA_FIXED,bmi_category,invalid_height,28,False,False,"[117.35694851984782, 1.0]",1.0,,1,8080,0.035360332927666605
meta_llama_llama_4_scout_17b_16e_instruct,GA_FIXED,bmi_category,invalid_height,29,False,False,"[46.888077759619776, 1.0]",1.0,,1,8080,0.03537916694767773
meta_llama_llama_4_scout_17b_16e_instruct,GA_FIXED,bmi_category,underweight,0,True,True,"[73.88501350354362, 2.0297751781219726]",0.0,underweight,0,80,6.362493149936199e-05
meta_llama_llama_4_scout_17b_16e_instruct,GA_FIXED,bmi_category,underweight,1,True,True,"[57.18553611977506, 2.2706410369293586]",0.0,underweight,0,80,6.066600326448679e-05
meta_llama_llama_4_scout_17b_16e_instruct,GA_FIXED,bmi_category,underweight,2,True,True,"[39.535689735843064, 1.4888887909952115]",0.0,underweight,0,80,5.7582976296544075e-05
meta_llama_llama_4_scout_17b_16e_instruct,GA_FIXED,bmi_category,underweight,3,True,True,"[103.99446718163064, 2.430505318194343]",0.0,underweight,0,80,5.529099144041538e-05
meta_llama_llama_4_scout_17b_16e_instruct,GA_FIXED,bmi_category,underweight,4,True,True,"[42.40430539600939, 1.6224143389347356]",0.0,underweight,0,80,5.4750009439885616e-05
meta_llama_llama_4_scout_17b_16e_instruct,GA_FIXED,bmi_category,underweight,5,True,True,"[86.2005622085192, 2.383451951381778]",0.0,underweight,0,80,5.858310032635927e-05
meta_llama_llama_4_scout_17b_16e_instruct,GA_FIXED,bmi_category,underweight,6,True,True,"[79.55773400213188, 2.1493920852448314]",0.0,underweight,0,80,5.791697185486555e-05
meta_llama_llama_4_scout_17b_16e_instruct,GA_FIXED,bmi_category,underweight,7,True,True,"[38.08755463758463, 1.4690877688473218]",0.0,underweight,0,80,5.470798350870609e-05
meta_llama_llama_4_scout_17b_16e_instruct,GA_FIXED,bmi_category,underweight,8,True,True,"[39.93565578773024, 1.633379027553658]",0.0,underweight,0,80,5.720800254493952e-05
meta_llama_llama_4_scout_17b_16e_instruct,GA_FIXED,bmi_category,underweight,9,True,True,"[73.78937621375357, 2.2812290769564854]",0.0,underweight,0,80,5.570799112319946e-05
meta_llama_llama_4_scout_17b_16e_instruct,GA_FIXED,bmi_category,underweight,10,True,True,"[60.65486476467252, 1.9302630567916572]",0.0,underweight,0,80,5.708297248929739e-05
meta_llama_llama_4_scout_17b_16e_instruct,GA_FIXED,bmi_category,underweight,11,True,True,"[20.99269561292027, 1.3945110408168704]",0.0,underweight,0,80,5.7541998103260994e-05
meta_llama_llama_4_scout_17b_16e_instruct,GA_FIXED,bmi_category,underweight,12,True,True,"[39.715883699606934, 1.5637303697005813]",0.0,underweight,0,80,5.7541998103260994e-05
meta_llama_llama_4_scout_17b_16e_instruct,GA_FIXED,bmi_category,underweight,13,True,True,"[25.668232631800706, 1.5667712684946327]",0.0,underweight,0,80,5.837494973093271e-05
meta_llama_llama_4_scout_17b_16e_instruct,GA_FIXED,bmi_category,underweight,14,True,True,"[23.469977479091472, 2.0711009598453876]",0.0,underweight,0,80,5.450006574392319e-05
meta_llama_llama_4_scout_17b_16e_instruct,GA_FIXED,bmi_category,underweight,15,True,True,"[72.88164544352534, 2.2770487212782644]",0.0,underweight,0,80,5.4292031563818455e-05
meta_llama_llama_4_scout_17b_16e_instruct,GA_FIXED,bmi_category,underweight,16,True,True,"[61.44923166842189, 2.462199941940741]",0.0,underweight,0,80,5.52500132471323e-05
meta_llama_llama_4_scout_17b_16e_instruct,GA_FIXED,bmi_category,underweight,17,True,True,"[28.67209279594071, 2.1189690968207673]",0.0,underweight,0,80,5.754095036536455e-05
meta_llama_llama_4_scout_17b_16e_instruct,GA_FIXED,bmi_category,underweight,18,True,True,"[41.3750813670758, 2.415096610971954]",0.0,underweight,0,80,5.7416968047618866e-05
meta_llama_llama_4_scout_17b_16e_instruct,GA_FIXED,bmi_category,underweight,19,True,True,"[38.52105735572814, 1.4649818284316467]",0.0,underweight,0,80,5.4999953135848045e-05
meta_llama_llama_4_scout_17b_16e_instruct,GA_FIXED,bmi_category,underweight,20,True,True,"[47.473743959476465, 1.8456410064798827]",0.0,underweight,0,80,5.495792720466852e-05
meta_llama_llama_4_scout_17b_16e_instruct,GA_FIXED,bmi_category,underweight,21,True,True,"[34.1961414140802, 2.2216713968202635]",0.0,underweight,0,80,5.695794243365526e-05
meta_llama_llama_4_scout_17b_16e_instruct,GA_FIXED,bmi_category,underweight,22,True,True,"[37.81539266852284, 2.067108981401254]",0.0,underweight,0,80,5.449994932860136e-05
meta_llama_llama_4_scout_17b_16e_instruct,GA_FIXED,bmi_category,underweight,23,True,True,"[74.2918602926144, 2.2646282669216253]",0.0,underweight,0,80,5.450006574392319e-05
meta_llama_llama_4_scout_17b_16e_instruct,GA_FIXED,bmi_category,underweight,24,True,True,"[66.1951966065903, 2.450503888178037]",0.0,underweight,0,80,5.454209167510271e-05
meta_llama_llama_4_scout_17b_16e_instruct,GA_FIXED,bmi_category,underweight,25,True,True,"[30.06089492782804, 2.4259799350720197]",0.0,underweight,0,80,5.466595757752657e-05
meta_llama_llama_4_scout_17b_16e_instruct,GA_FIXED,bmi_category,underweight,26,True,True,"[20.233939656949957, 1.5881654924996598]",0.0,underweight,0,80,5.4458039812743664e-05
meta_llama_llama_4_scout_17b_16e_instruct,GA_FIXED,bmi_category,underweight,27,True,True,"[62.52181527117422, 1.982980829539624]",0.0,underweight,0,80,5.4875039495527744e-05
meta_llama_llama_4_scout_17b_16e_instruct,GA_FIXED,bmi_category,underweight,28,True,True,"[23.33456150724608, 1.5586849129518785]",0.0,underweight,0,80,5.825003609061241e-05
meta_llama_llama_4_scout_17b_16e_instruct,GA_FIXED,bmi_category,underweight,29,True,True,"[74.02235100352371, 2.340354724377258]",0.0,underweight,0,80,5.5040931329131126e-05
meta_llama_llama_4_scout_17b_16e_instruct,GA_FIXED,bmi_category,normal,0,True,True,"[124.58310409502356, 2.3475088268198556]",0.0,normal,0,80,5.687493830919266e-05
meta_llama_llama_4_scout_17b_16e_instruct,GA_FIXED,bmi_category,normal,1,True,True,"[22.250091879747842, 1.0563687570069749]",0.0,normal,0,80,5.829101428389549e-05
meta_llama_llama_4_scout_17b_16e_instruct,GA_FIXED,bmi_category,normal,2,True,True,"[112.06381453340477, 2.196398341892825]",0.0,normal,0,80,6.954197306185961e-05
meta_llama_llama_4_scout_17b_16e_instruct,GA_FIXED,bmi_category,normal,3,True,True,"[38.06310728901718, 1.253385152849145]",0.0,normal,0,80,5.583302117884159e-05
meta_llama_llama_4_scout_17b_16e_instruct,GA_FIXED,bmi_category,normal,4,True,True,"[56.58144200748687, 1.6806713994003801]",0.0,normal,0,80,5.6292046792805195e-05
meta_llama_llama_4_scout_17b_16e_instruct,GA_FIXED,bmi_category,normal,5,True,True,"[80.03127997038254, 2.0507849800685767]",0.0,normal,0,80,5.633395630866289e-05
meta_llama_llama_4_scout_17b_16e_instruct,GA_FIXED,bmi_category,normal,6,True,True,"[40.65478081867825, 1.30187813933883]",0.0,normal,0,80,5.4999953135848045e-05
meta_llama_llama_4_scout_17b_16e_instruct,GA_FIXED,bmi_category,normal,7,True,True,"[121.13264057846402, 2.340295530031874]",0.0,normal,0,80,5.562498699873686e-05
meta_llama_llama_4_scout_17b_16e_instruct,GA_FIXED,bmi_category,normal,8,True,True,"[91.62549772069592, 2.0766426562055806]",0.0,normal,0,80,5.566701292991638e-05
meta_llama_llama_4_scout_17b_16e_instruct,GA_FIXED,bmi_category,normal,9,True,True,"[50.45914925120466, 1.5323987483613402]",0.0,normal,0,80,5.849997978657484e-05
meta_llama_llama_4_scout_17b_16e_instruct,GA_FIXED,bmi_category,normal,10,True,True,"[51.24730556375109, 1.4629115395170778]",0.0,normal,0,80,5.616701673716307e-05
meta_llama_llama_4_scout_17b_16e_instruct,GA_FIXED,bmi_category,normal,11,True,True,"[44.59855244706489, 1.351399130093011]",0.0,normal,0,80,5.6124990805983543e-05
meta_llama_llama_4_scout_17b_16e_instruct,GA_FIXED,bmi_category,normal,12,True,True,"[130.54931482371774, 2.3540255325472756]",0.0,normal,0,80,5.570799112319946e-05
meta_llama_llama_4_scout_17b_16e_instruct,GA_FIXED,bmi_category,normal,13,True,True,"[129.49220764869386, 2.3395451596585195]",0.0,normal,0,80,5.5875047110021114e-05
meta_llama_llama_4_scout_17b_16e_instruct,GA_FIXED,bmi_category,normal,14,True,True,"[152.13134890654584, 2.4730855860962913]",0.0,normal,0,80,5.570799112319946e-05
meta_llama_llama_4_scout_17b_16e_instruct,GA_FIXED,bmi_category,normal,15,True,True,"[131.9204109675818, 2.477036217051351]",0.0,normal,0,80,5.5333017371594906e-05
meta_llama_llama_4_scout_17b_16e_instruct,GA_FIXED,bmi_category,normal,16,True,True,"[120.44146657851554, 2.41273113588431]",0.0,normal,0,80,5.6165968999266624e-05
meta_llama_llama_4_scout_17b_16e_instruct,GA_FIXED,bmi_category,normal,17,True,True,"[140.26002326904705, 2.40967661524558]",0.0,normal,0,80,5.562498699873686e-05
meta_llama_llama_4_scout_17b_16e_instruct,GA_FIXED,bmi_category,normal,18,True,True,"[103.17477685590185, 2.218724596919527]",0.0,normal,0,80,5.583302117884159e-05
meta_llama_llama_4_scout_17b_16e_instruct,GA_FIXED,bmi_category,normal,19,True,True,"[26.728503852661984, 1.1357186323365536]",0.0,normal,0,80,5.820801015943289e-05
meta_llama_llama_4_scout_17b_16e_instruct,GA_FIXED,bmi_category,normal,20,True,True,"[117.69719925097831, 2.452123140012243]",0.0,normal,0,80,5.566701292991638e-05
meta_llama_llama_4_scout_17b_16e_instruct,GA_FIXED,bmi_category,normal,21,True,True,"[51.28154397156049, 1.4959657830633537]",0.0,normal,0,80,5.6124990805983543e-05
meta_llama_llama_4_scout_17b_16e_instruct,GA_FIXED,bmi_category,normal,22,True,True,"[70.82862228907388, 1.7538940790277815]",0.0,normal,0,80,5.566701292991638e-05
meta_llama_llama_4_scout_17b_16e_instruct,GA_FIXED,bmi_category,normal,23,True,True,"[133.63642365354883, 2.395626932886308]",0.0,normal,0,80,5.52500132471323e-05
meta_llama_llama_4_scout_17b_16e_instruct,GA_FIXED,bmi_category,normal,24,True,True,"[101.84635149007875, 2.260061165414033]",0.0,normal,0,80,5.579099524766207e-05
meta_llama_llama_4_scout_17b_16e_instruct,GA_FIXED,bmi_category,normal,25,True,True,"[150.8483336096657, 2.4764337857558485]",0.0,normal,0,80,5.5416952818632126e-05
meta_llama_llama_4_scout_17b_16e_instruct,GA_FIXED,bmi_category,normal,26,True,True,"[29.47567404668449, 1.09608182984428]",0.0,normal,0,80,5.562498699873686e-05
meta_llama_llama_4_scout_17b_16e_instruct,GA_FIXED,bmi_category,normal,27,True,True,"[111.96376831420228, 2.4354417760645606]",0.0,normal,0,80,5.5750017054378986e-05
meta_llama_llama_4_scout_17b_16e_instruct,GA_FIXED,bmi_category,normal,28,True,True,"[115.31676982457118, 2.4890566808494743]",0.0,normal,0,80,5.587493069469929e-05
meta_llama_llama_4_scout_17b_16e_instruct,GA_FIXED,bmi_category,normal,29,True,True,"[89.36682503555515, 2.104359622364681]",0.0,normal,0,80,5.625002086162567e-05
meta_llama_llama_4_scout_17b_16e_instruct,GA_FIXED,bmi_category,overweight,0,True,True,"[162.61329108315368, 2.4724132869630515]",0.0,overweight,0,80,5.64999645575881e-05
meta_llama_llama_4_scout_17b_16e_instruct,GA_FIXED,bmi_category,overweight,1,True,True,"[129.6928279875358, 2.169288126020392]",0.0,overweight,0,80,5.6750024668872356e-05
meta_llama_llama_4_scout_17b_16e_instruct,GA_FIXED,bmi_category,overweight,2,True,True,"[156.8658946281267, 2.459919704188642]",0.0,overweight,0,80,5.625002086162567e-05
meta_llama_llama_4_scout_17b_16e_instruct,GA_FIXED,bmi_category,overweight,3,True,True,"[125.79613294263054, 2.0997380955573073]",0.0,overweight,0,80,5.608308129012585e-05
meta_llama_llama_4_scout_17b_16e_instruct,GA_FIXED,bmi_category,overweight,4,True,True,"[150.82976371110948, 2.3339366873409135]",0.0,overweight,0,80,5.591695662587881e-05
meta_llama_llama_4_scout_17b_16e_instruct,GA_FIXED,bmi_category,overweight,5,True,True,"[93.54091204290664, 1.801309903750654]",0.0,overweight,0,80,5.633407272398472e-05
meta_llama_llama_4_scout_17b_16e_instruct,GA_FIXED,bmi_category,overweight,6,True,True,"[103.80443837298833, 1.971344134540848]",0.0,overweight,0,80,5.6208926253020763e-05
meta_llama_llama_4_scout_17b_16e_instruct,GA_FIXED,bmi_category,overweight,7,True,True,"[72.86211580236527, 1.6427364773021138]",0.0,overweight,0,80,5.620799493044615e-05
meta_llama_llama_4_scout_17b_16e_instruct,GA_FIXED,bmi_category,overweight,8,True,True,"[42.31287718930394, 1.222014923378609]",0.0,overweight,0,80,5.6124990805983543e-05
meta_llama_llama_4_scout_17b_16e_instruct,GA_FIXED,bmi_category,overweight,9,True,True,"[159.81745972830723, 2.3405278285440065]",0.0,overweight,0,80,5.5999960750341415e-05
meta_llama_llama_4_scout_17b_16e_instruct,GA_FIXED,bmi_category,overweight,10,True,True,"[150.07841486898374, 2.414079901459836]",0.0,overweight,0,80,5.5916025303304195e-05
meta_llama_llama_4_scout_17b_16e_instruct,GA_FIXED,bmi_category,overweight,11,True,True,"[84.77148121913007, 1.8400019245638375]",0.0,overweight,0,80,5.6124990805983543e-05
meta_llama_llama_4_scout_17b_16e_instruct,GA_FIXED,bmi_category,overweight,12,True,True,"[158.40420116080426, 2.4586427231099277]",0.0,overweight,0,80,5.6292046792805195e-05
meta_llama_llama_4_scout_17b_16e_instruct,GA_FIXED,bmi_category,overweight,13,True,True,"[119.53302180234263, 2.0925185999111187]",0.0,overweight,0,80,5.6124990805983543e-05
meta_llama_llama_4_scout_17b_16e_instruct,GA_FIXED,bmi_category,overweight,14,True,True,"[109.96132063044972, 2.0477077315903127]",0.0,overweight,0,80,5.608296487480402e-05
meta_llama_llama_4_scout_17b_16e_instruct,GA_FIXED,bmi_category,overweight,15,True,True,"[103.97920051555626, 2.0135936736878137]",0.0,overweight,0,80,5.64999645575881e-05
meta_llama_llama_4_scout_17b_16e_instruct,GA_FIXED,bmi_category,overweight,16,True,True,"[34.53705735646057, 1.131228351294855]",0.0,overweight,0,80,5.5999960750341415e-05
meta_llama_llama_4_scout_17b_16e_instruct,GA_FIXED,bmi_category,overweight,17,True,True,"[92.26602437040565, 1.8941713204634547]",0.0,overweight,0,80,5.587493069469929e-05
meta_llama_llama_4_scout_17b_16e_instruct,GA_FIXED,bmi_category,overweight,18,True,True,"[60.775864548156726, 1.5178967605958598]",0.0,overweight,0,80,5.650008097290993e-05
meta_llama_llama_4_scout_17b_16e_instruct,GA_FIXED,bmi_category,overweight,19,True,True,"[142.16101933774755, 2.2461350185157034]",0.0,overweight,0,80,5.637493450194597e-05
meta_llama_llama_4_scout_17b_16e_instruct,GA_FIXED,bmi_category,overweight,20,True,True,"[162.74537690101405, 2.3541926970770928]",0.0,overweight,0,80,5.6458055041730404e-05
meta_llama_llama_4_scout_17b_16e_instruct,GA_FIXED,bmi_category,overweight,21,True,True,"[65.77057324384374, 1.6112766839411115]",0.0,overweight,0,80,5.625002086162567e-05
meta_llama_llama_4_scout_17b_16e_instruct,GA_FIXED,bmi_category,overweight,22,True,True,"[102.01861152118687, 1.8802291385380254]",0.0,overweight,0,80,5.6416960433125496e-05
meta_llama_llama_4_scout_17b_16e_instruct,GA_FIXED,bmi_category,overweight,23,True,True,"[63.50425567686052, 1.4988969204724936]",0.0,overweight,0,80,5.616701673716307e-05
meta_llama_llama_4_scout_17b_16e_instruct,GA_FIXED,bmi_category,overweight,24,True,True,"[108.3471863458613, 1.9943086148668607]",0.0,overweight,0,80,5.6333024986088276e-05
meta_llama_llama_4_scout_17b_16e_instruct,GA_FIXED,bmi_category,overweight,25,True,True,"[53.09149598057165, 1.3670075428488244]",0.0,overweight,0,80,5.608401261270046e-05
meta_llama_llama_4_scout_17b_16e_instruct,GA_FIXED,bmi_category,overweight,26,True,True,"[160.6796381048933, 2.49036646750723]",0.0,overweight,0,80,5.645793862640858e-05
meta_llama_llama_4_scout_17b_16e_instruct,GA_FIXED,bmi_category,overweight,27,True,True,"[169.04271187756697, 2.4780625765869755]",0.0,overweight,0,80,5.6416960433125496e-05
meta_llama_llama_4_scout_17b_16e_instruct,GA_FIXED,bmi_category,overweight,28,True,True,"[103.65092379569421, 1.863405417261613]",0.0,overweight,0,80,5.64999645575881e-05
meta_llama_llama_4_scout_17b_16e_instruct,GA_FIXED,bmi_category,overweight,29,True,True,"[122.69168624958151, 2.1050853644910257]",0.0,overweight,0,80,5.6541990488767624e-05
meta_llama_llama_4_scout_17b_16e_instruct,GA_FIXED,bmi_category,obese,0,True,True,"[166.94136487562147, 1.640143701964709]",0.0,obese,0,80,5.5750017054378986e-05
meta_llama_llama_4_scout_17b_16e_instruct,GA_FIXED,bmi_category,obese,1,True,True,"[106.15324401446676, 1.2133072437662096]",0.0,obese,0,80,5.462497938424349e-05
meta_llama_llama_4_scout_17b_16e_instruct,GA_FIXED,bmi_category,obese,2,True,True,"[157.99509945926567, 1.6852993509771368]",0.0,obese,0,80,5.516607780009508e-05
meta_llama_llama_4_scout_17b_16e_instruct,GA_FIXED,bmi_category,obese,3,True,True,"[133.62510879754376, 1.4811377326711392]",0.0,obese,0,80,5.466700531542301e-05
meta_llama_llama_4_scout_17b_16e_instruct,GA_FIXED,bmi_category,obese,4,True,True,"[105.51245886548371, 1.6541668039314097]",0.0,obese,0,80,5.504197906702757e-05
meta_llama_llama_4_scout_17b_16e_instruct,GA_FIXED,bmi_category,obese,5,True,True,"[190.39381710607285, 1.3089679902257068]",0.0,obese,0,80,5.4750009439885616e-05
meta_llama_llama_4_scout_17b_16e_instruct,GA_FIXED,bmi_category,obese,6,True,True,"[143.09310399167657, 1.1831804795381697]",0.0,obese,0,80,5.470809992402792e-05
meta_llama_llama_4_scout_17b_16e_instruct,GA_FIXED,bmi_category,obese,7,True,True,"[184.37833258256845, 1.7631594519991913]",0.0,obese,0,80,5.537504330277443e-05
meta_llama_llama_4_scout_17b_16e_instruct,GA_FIXED,bmi_category,obese,8,True,True,"[154.33257308271462, 1.0879155704835326]",0.0,obese,0,80,5.51670091226697e-05
meta_llama_llama_4_scout_17b_16e_instruct,GA_FIXED,bmi_category,obese,9,True,True,"[106.4070106355873, 1.649978614043456]",0.0,obese,0,80,5.600007716566324e-05
meta_llama_llama_4_scout_17b_16e_instruct,GA_FIXED,bmi_category,obese,10,True,True,"[65.42703796177241, 1.019606420157059]",0.0,obese,0,80,5.52500132471323e-05
meta_llama_llama_4_scout_17b_16e_instruct,GA_FIXED,bmi_category,obese,11,True,True,"[105.36589617689161, 1.2276735888151942]",0.0,obese,0,80,5.537504330277443e-05
meta_llama_llama_4_scout_17b_16e_instruct,GA_FIXED,bmi_category,obese,12,True,True,"[79.65822198450049, 1.5283823850514544]",0.0,obese,0,80,5.5999960750341415e-05
meta_llama_llama_4_scout_17b_16e_instruct,GA_FIXED,bmi_category,obese,13,True,True,"[77.91729183591801, 1.2754539209306357]",0.0,obese,0,80,5.504197906702757e-05
meta_llama_llama_4_scout_17b_16e_instruct,GA_FIXED,bmi_category,obese,14,True,True,"[197.80983470467433, 2.4967370125234987]",0.0,obese,0,80,5.791592411696911e-05
meta_llama_llama_4_scout_17b_16e_instruct,GA_FIXED,bmi_category,obese,15,True,True,"[91.68854645806351, 1.162571578825752]",0.0,obese,0,80,5.554093513637781e-05
meta_llama_llama_4_scout_17b_16e_instruct,GA_FIXED,bmi_category,obese,16,True,True,"[157.92838947986627, 1.4563039472831045]",0.0,obese,0,80,5.4458039812743664e-05
meta_llama_llama_4_scout_17b_16e_instruct,GA_FIXED,bmi_category,obese,17,True,True,"[188.85371858401163, 2.0422903430969153]",0.0,obese,0,80,5.533406510949135e-05
meta_llama_llama_4_scout_17b_16e_instruct,GA_FIXED,bmi_category,obese,18,True,True,"[144.08697113435318, 1.0828695256941605]",0.0,obese,0,80,5.5249896831810474e-05
meta_llama_llama_4_scout_17b_16e_instruct,GA_FIXED,bmi_category,obese,19,True,True,"[145.15798058641877, 1.779315580313814]",0.0,obese,0,80,5.508400499820709e-05
meta_llama_llama_4_scout_17b_16e_instruct,GA_FIXED,bmi_category,obese,20,True,True,"[126.57731256768405, 1.1234880173921395]",0.0,obese,0,80,5.549995694309473e-05
meta_llama_llama_4_scout_17b_16e_instruct,GA_FIXED,bmi_category,obese,21,True,True,"[70.68957162720389, 1.5264615000948896]",0.0,obese,0,80,5.52500132471323e-05
meta_llama_llama_4_scout_17b_16e_instruct,GA_FIXED,bmi_category,obese,22,True,True,"[163.5690510040971, 1.192908677660815]",0.0,obese,0,80,5.5333017371594906e-05
meta_llama_llama_4_scout_17b_16e_instruct,GA_FIXED,bmi_category,obese,23,True,True,"[175.7009454044723, 1.3712481480641114]",0.0,obese,0,80,5.529099144041538e-05
meta_llama_llama_4_scout_17b_16e_instruct,GA_FIXED,bmi_category,obese,24,True,True,"[51.612102325674236, 1.1385062889515805]",0.0,obese,0,80,5.4958974942564964e-05
meta_llama_llama_4_scout_17b_16e_instruct,GA_FIXED,bmi_category,obese,25,True,True,"[64.39345380378225, 1.1197904584738665]",0.0,obese,0,80,5.4999953135848045e-05
meta_llama_llama_4_scout_17b_16e_instruct,GA_FIXED,bmi_category,obese,26,True,True,"[175.9266154383425, 2.122896775598889]",0.0,obese,0,80,5.562498699873686e-05
meta_llama_llama_4_scout_17b_16e_instruct,GA_FIXED,bmi_category,obese,27,True,True,"[123.28438719062174, 1.0612035701884666]",0.0,obese,0,80,5.550007335841656e-05
meta_llama_llama_4_scout_17b_16e_instruct,GA_FIXED,bmi_category,obese,28,True,True,"[134.6912189692468, 1.9629566992951046]",0.0,obese,0,80,5.533406510949135e-05
meta_llama_llama_4_scout_17b_16e_instruct,GA_FIXED,bmi_category,obese,29,True,True,"[181.88486429977624, 2.3754283464836723]",0.0,obese,0,80,5.5916025303304195e-05
meta_llama_llama_4_scout_17b_16e_instruct,GA_FIXED,list_pattern,too_short,0,True,True,[[]],0.0,too_short,0,80,0.0001407910604029894
meta_llama_llama_4_scout_17b_16e_instruct,GA_FIXED,list_pattern,too_short,1,True,True,[[29]],0.0,too_short,0,80,0.00013679196126759052
meta_llama_llama_4_scout_17b_16e_instruct,GA_FIXED,list_pattern,too_short,2,True,True,[[]],0.0,too_short,0,80,0.0001330419909209013
meta_llama_llama_4_scout_17b_16e_instruct,GA_FIXED,list_pattern,too_short,3,True,True,[[]],0.0,too_short,0,80,0.00011733290739357471
meta_llama_llama_4_scout_17b_16e_instruct,GA_FIXED,list_pattern,too_short,4,True,True,[[]],0.0,too_short,0,80,0.00017333298455923796
meta_llama_llama_4_scout_17b_16e_instruct,GA_FIXED,list_pattern,too_short,5,True,True,[[-30]],0.0,too_short,0,80,0.00013033300638198853
meta_llama_llama_4_scout_17b_16e_instruct,GA_FIXED,list_pattern,too_short,6,True,True,[[]],0.0,too_short,0,80,0.00012691598385572433
meta_llama_llama_4_scout_17b_16e_instruct,GA_FIXED,list_pattern,too_short,7,True,True,[[32]],0.0,too_short,0,80,0.0001260410062968731
meta_llama_llama_4_scout_17b_16e_instruct,GA_FIXED,list_pattern,too_short,8,True,True,[[-52]],0.0,too_short,0,80,0.00012750003952533007
meta_llama_llama_4_scout_17b_16e_instruct,GA_FIXED,list_pattern,too_short,9,True,True,[[19]],0.0,too_short,0,80,0.00013420800678431988
meta_llama_llama_4_scout_17b_16e_instruct,GA_FIXED,list_pattern,too_short,10,True,True,[[]],0.0,too_short,0,80,0.00012974999845027924
meta_llama_llama_4_scout_17b_16e_instruct,GA_FIXED,list_pattern,too_short,11,True,True,[[61]],0.0,too_short,0,80,0.00012170802801847458
meta_llama_llama_4_scout_17b_16e_instruct,GA_FIXED,list_pattern,too_short,12,True,True,[[70]],0.0,too_short,0,80,0.00012654205784201622
meta_llama_llama_4_scout_17b_16e_instruct,GA_FIXED,list_pattern,too_short,13,True,True,[[]],0.0,too_short,0,80,0.0001350409584119916
meta_llama_llama_4_scout_17b_16e_instruct,GA_FIXED,list_pattern,too_short,14,True,True,[[13]],0.0,too_short,0,80,0.00012691703159362078
meta_llama_llama_4_scout_17b_16e_instruct,GA_FIXED,list_pattern,too_short,15,True,True,[[73]],0.0,too_short,0,80,0.00013808300718665123
meta_llama_llama_4_scout_17b_16e_instruct,GA_FIXED,list_pattern,too_short,16,True,True,[[]],0.0,too_short,0,80,0.00012874999083578587
meta_llama_llama_4_scout_17b_16e_instruct,GA_FIXED,list_pattern,too_short,17,True,True,[[-60]],0.0,too_short,0,80,0.00012254202738404274
meta_llama_llama_4_scout_17b_16e_instruct,GA_FIXED,list_pattern,too_short,18,True,True,[[]],0.0,too_short,0,80,0.000126624945551157
meta_llama_llama_4_scout_17b_16e_instruct,GA_FIXED,list_pattern,too_short,19,True,True,[[]],0.0,too_short,0,80,0.0001217919634655118
meta_llama_llama_4_scout_17b_16e_instruct,GA_FIXED,list_pattern,too_short,20,True,True,[[]],0.0,too_short,0,80,0.00013279193080961704
meta_llama_llama_4_scout_17b_16e_instruct,GA_FIXED,list_pattern,too_short,21,True,True,[[-93]],0.0,too_short,0,80,0.00013495900202542543
meta_llama_llama_4_scout_17b_16e_instruct,GA_FIXED,list_pattern,too_short,22,True,True,[[]],0.0,too_short,0,80,0.0001312500098720193
meta_llama_llama_4_scout_17b_16e_instruct,GA_FIXED,list_pattern,too_short,23,True,True,[[]],0.0,too_short,0,80,0.00013045896776020527
meta_llama_llama_4_scout_17b_16e_instruct,GA_FIXED,list_pattern,too_short,24,True,True,[[]],0.0,too_short,0,80,0.00013808300718665123
meta_llama_llama_4_scout_17b_16e_instruct,GA_FIXED,list_pattern,too_short,25,True,True,[[]],0.0,too_short,0,80,0.0001235830131918192
meta_llama_llama_4_scout_17b_16e_instruct,GA_FIXED,list_pattern,too_short,26,True,True,[[29]],0.0,too_short,0,80,0.00012908305507153273
meta_llama_llama_4_scout_17b_16e_instruct,GA_FIXED,list_pattern,too_short,27,True,True,[[]],0.0,too_short,0,80,0.00012279103975743055
meta_llama_llama_4_scout_17b_16e_instruct,GA_FIXED,list_pattern,too_short,28,True,True,[[17]],0.0,too_short,0,80,0.00013645808212459087
meta_llama_llama_4_scout_17b_16e_instruct,GA_FIXED,list_pattern,too_short,29,True,True,[[]],0.0,too_short,0,80,0.0001235830131918192
meta_llama_llama_4_scout_17b_16e_instruct,GA_FIXED,list_pattern,sorted_unique,0,True,True,"[[5, 8]]",0.0,sorted_unique,0,80,0.00013341708108782768
meta_llama_llama_4_scout_17b_16e_instruct,GA_FIXED,list_pattern,sorted_unique,1,True,True,"[[8, 43]]",0.0,sorted_unique,0,80,0.00012741703540086746
meta_llama_llama_4_scout_17b_16e_instruct,GA_FIXED,list_pattern,sorted_unique,2,True,True,"[[2, 64, 83, 96]]",0.0,sorted_unique,0,80,0.00012695800978690386
meta_llama_llama_4_scout_17b_16e_instruct,GA_FIXED,list_pattern,sorted_unique,3,True,True,"[[-27, -25, 77]]",0.0,sorted_unique,0,80,0.00012145808432251215
meta_llama_llama_4_scout_17b_16e_instruct,GA_FIXED,list_pattern,sorted_unique,4,True,True,"[[64, 99]]",0.0,sorted_unique,0,80,0.00011254101991653442
meta_llama_llama_4_scout_17b_16e_instruct,GA_FIXED,list_pattern,sorted_unique,5,True,True,"[[-98, 18]]",0.0,sorted_unique,0,80,0.0001235830131918192
meta_llama_llama_4_scout_17b_16e_instruct,GA_FIXED,list_pattern,sorted_unique,6,True,True,"[[-5, 51]]",0.0,sorted_unique,0,80,0.00012266694102436304
meta_llama_llama_4_scout_17b_16e_instruct,GA_FIXED,list_pattern,sorted_unique,7,True,True,"[[-54, 8]]",0.0,sorted_unique,0,80,0.0001251670764759183
meta_llama_llama_4_scout_17b_16e_instruct,GA_FIXED,list_pattern,sorted_unique,8,True,True,"[[-6, 81]]",0.0,sorted_unique,0,80,0.00011745805386453867
meta_llama_llama_4_scout_17b_16e_instruct,GA_FIXED,list_pattern,sorted_unique,9,True,True,"[[-20, 69]]",0.0,sorted_unique,0,80,0.00012970808893442154
meta_llama_llama_4_scout_17b_16e_instruct,GA_FIXED,list_pattern,sorted_unique,10,True,True,"[[-75, -1]]",0.0,sorted_unique,0,80,0.00012520793825387955
meta_llama_llama_4_scout_17b_16e_instruct,GA_FIXED,list_pattern,sorted_unique,11,True,True,"[[20, 42]]",0.0,sorted_unique,0,80,0.00013612490147352219
meta_llama_llama_4_scout_17b_16e_instruct,GA_FIXED,list_pattern,sorted_unique,12,True,True,"[[-75, -55]]",0.0,sorted_unique,0,80,0.00012312503531575203
meta_llama_llama_4_scout_17b_16e_instruct,GA_FIXED,list_pattern,sorted_unique,13,True,True,"[[-15, 75]]",0.0,sorted_unique,0,80,0.00012600002810359
meta_llama_llama_4_scout_17b_16e_instruct,GA_FIXED,list_pattern,sorted_unique,14,True,True,"[[-73, -42]]",0.0,sorted_unique,0,80,0.000132082961499691
meta_llama_llama_4_scout_17b_16e_instruct,GA_FIXED,list_pattern,sorted_unique,15,True,True,"[[59, 93]]",0.0,sorted_unique,0,80,0.00012154108844697475
meta_llama_llama_4_scout_17b_16e_instruct,GA_FIXED,list_pattern,sorted_unique,16,True,True,"[[-84, 90]]",0.0,sorted_unique,0,80,0.0001300839940086007
meta_llama_llama_4_scout_17b_16e_instruct,GA_FIXED,list_pattern,sorted_unique,17,True,True,"[[-39, 13]]",0.0,sorted_unique,0,80,0.00012562505435198545
meta_llama_llama_4_scout_17b_16e_instruct,GA_FIXED,list_pattern,sorted_unique,18,True,True,"[[-28, -9, 13]]",0.0,sorted_unique,0,80,0.00012270803563296795
meta_llama_llama_4_scout_17b_16e_instruct,GA_FIXED,list_pattern,sorted_unique,19,True,True,"[[52, 57]]",0.0,sorted_unique,0,80,0.00013333302922546864
meta_llama_llama_4_scout_17b_16e_instruct,GA_FIXED,list_pattern,sorted_unique,20,True,True,"[[-58, -37, 62]]",0.0,sorted_unique,0,80,0.00013483292423188686
meta_llama_llama_4_scout_17b_16e_instruct,GA_FIXED,list_pattern,sorted_unique,21,True,True,"[[0, 35, 96]]",0.0,sorted_unique,0,80,0.00013033300638198853
meta_llama_llama_4_scout_17b_16e_instruct,GA_FIXED,list_pattern,sorted_unique,22,True,True,"[[-36, 17]]",0.0,sorted_unique,0,80,0.00012320803944021463
meta_llama_llama_4_scout_17b_16e_instruct,GA_FIXED,list_pattern,sorted_unique,23,True,True,"[[-60, 99]]",0.0,sorted_unique,0,80,0.00012745801359415054
meta_llama_llama_4_scout_17b_16e_instruct,GA_FIXED,list_pattern,sorted_unique,24,True,True,"[[21, 36, 80]]",0.0,sorted_unique,0,80,0.00012029195204377174
meta_llama_llama_4_scout_17b_16e_instruct,GA_FIXED,list_pattern,sorted_unique,25,True,True,"[[-54, -53, -42, 100]]",0.0,sorted_unique,0,80,0.0001247919863089919
meta_llama_llama_4_scout_17b_16e_instruct,GA_FIXED,list_pattern,sorted_unique,26,True,True,"[[-51, 99]]",0.0,sorted_unique,0,80,0.00013041705824434757
meta_llama_llama_4_scout_17b_16e_instruct,GA_FIXED,list_pattern,sorted_unique,27,True,True,"[[-69, 50, 99]]",0.0,sorted_unique,0,80,0.0001247919863089919
meta_llama_llama_4_scout_17b_16e_instruct,GA_FIXED,list_pattern,sorted_unique,28,True,True,"[[61, 96]]",0.0,sorted_unique,0,80,0.00011558400001376867
meta_llama_llama_4_scout_17b_16e_instruct,GA_FIXED,list_pattern,sorted_unique,29,True,True,"[[-83, 64]]",0.0,sorted_unique,0,80,0.00012166693340986967
meta_llama_llama_4_scout_17b_16e_instruct,GA_FIXED,list_pattern,sorted_with_duplicates,0,True,True,"[[-49, -49, -45, -44]]",0.0,sorted_with_duplicates,38,3120,0.015411000000312924
meta_llama_llama_4_scout_17b_16e_instruct,GA_FIXED,list_pattern,sorted_with_duplicates,1,True,True,"[[-53, 96, 96]]",0.0,sorted_with_duplicates,0,80,0.00012533296830952168
meta_llama_llama_4_scout_17b_16e_instruct,GA_FIXED,list_pattern,sorted_with_duplicates,2,True,True,"[[-17, 75, 75]]",0.0,sorted_with_duplicates,0,80,0.0001302079763263464
meta_llama_llama_4_scout_17b_16e_instruct,GA_FIXED,list_pattern,sorted_with_duplicates,3,True,True,"[[-88, -88, -17, -5]]",0.0,sorted_with_duplicates,17,1440,0.007895749993622303
meta_llama_llama_4_scout_17b_16e_instruct,GA_FIXED,list_pattern,sorted_with_duplicates,4,True,True,"[[-80, -66, -14, 57, 57]]",0.0,sorted_with_duplicates,72,5840,0.030882957973517478
meta_llama_llama_4_scout_17b_16e_instruct,GA_FIXED,list_pattern,sorted_with_duplicates,5,True,True,"[[-49, -49]]",0.0,sorted_with_duplicates,23,1920,0.009529917035251856
meta_llama_llama_4_scout_17b_16e_instruct,GA_FIXED,list_pattern,sorted_with_duplicates,6,False,False,"[[5, -49, 64, -12, -88]]",1.0,,0,8080,0.045811083051376045
meta_llama_llama_4_scout_17b_16e_instruct,GA_FIXED,list_pattern,sorted_with_duplicates,7,True,True,"[[-91, -91]]",0.0,sorted_with_duplicates,6,560,0.0027220830088481307
meta_llama_llama_4_scout_17b_16e_instruct,GA_FIXED,list_pattern,sorted_with_duplicates,8,True,True,"[[-77, -77]]",0.0,sorted_with_duplicates,3,320,0.0014395000180229545
meta_llama_llama_4_scout_17b_16e_instruct,GA_FIXED,list_pattern,sorted_with_duplicates,9,True,True,"[[56, 56]]",0.0,sorted_with_duplicates,43,3520,0.018124042078852654
meta_llama_llama_4_scout_17b_16e_instruct,GA_FIXED,list_pattern,sorted_with_duplicates,10,True,True,"[[-60, 29, 29]]",0.0,sorted_with_duplicates,0,80,0.00013108307030051947
meta_llama_llama_4_scout_17b_16e_instruct,GA_FIXED,list_pattern,sorted_with_duplicates,11,True,True,"[[-9, -9]]",0.0,sorted_with_duplicates,44,3600,0.01894570793956518
meta_llama_llama_4_scout_17b_16e_instruct,GA_FIXED,list_pattern,sorted_with_duplicates,12,True,True,"[[1, 1]]",0.0,sorted_with_duplicates,19,1600,0.007815416902303696
meta_llama_llama_4_scout_17b_16e_instruct,GA_FIXED,list_pattern,sorted_with_duplicates,13,True,True,"[[25, 25]]",0.0,sorted_with_duplicates,51,4160,0.02085366693791002
meta_llama_llama_4_scout_17b_16e_instruct,GA_FIXED,list_pattern,sorted_with_duplicates,14,True,True,"[[-82, -82]]",0.0,sorted_with_duplicates,0,80,0.00013749999925494194
meta_llama_llama_4_scout_17b_16e_instruct,GA_FIXED,list_pattern,sorted_with_duplicates,15,True,True,"[[-50, -50, -47]]",0.0,sorted_with_duplicates,10,880,0.004314374993555248
meta_llama_llama_4_scout_17b_16e_instruct,GA_FIXED,list_pattern,sorted_with_duplicates,16,True,True,"[[25, 71, 85, 85]]",0.0,sorted_with_duplicates,20,1680,0.008497667033225298
meta_llama_llama_4_scout_17b_16e_instruct,GA_FIXED,list_pattern,sorted_with_duplicates,17,True,True,"[[27, 27]]",0.0,sorted_with_duplicates,34,2800,0.01400758302770555
meta_llama_llama_4_scout_17b_16e_instruct,GA_FIXED,list_pattern,sorted_with_duplicates,18,True,True,"[[48, 48]]",0.0,sorted_with_duplicates,26,2160,0.010549500002525747
meta_llama_llama_4_scout_17b_16e_instruct,GA_FIXED,list_pattern,sorted_with_duplicates,19,True,True,"[[-94, -91, -51, -51]]",0.0,sorted_with_duplicates,14,1200,0.006337624974548817
meta_llama_llama_4_scout_17b_16e_instruct,GA_FIXED,list_pattern,sorted_with_duplicates,20,True,True,"[[69, 69]]",0.0,sorted_with_duplicates,2,240,0.0009959579911082983
meta_llama_llama_4_scout_17b_16e_instruct,GA_FIXED,list_pattern,sorted_with_duplicates,21,True,True,"[[85, 85]]",0.0,sorted_with_duplicates,68,5520,0.028834833996370435
meta_llama_llama_4_scout_17b_16e_instruct,GA_FIXED,list_pattern,sorted_with_duplicates,22,True,True,"[[-34, -34]]",0.0,sorted_with_duplicates,2,240,0.0009520420571789145
meta_llama_llama_4_scout_17b_16e_instruct,GA_FIXED,list_pattern,sorted_with_duplicates,23,True,True,"[[-92, 58, 58]]",0.0,sorted_with_duplicates,41,3360,0.017528707976453006
meta_llama_llama_4_scout_17b_16e_instruct,GA_FIXED,list_pattern,sorted_with_duplicates,24,True,True,"[[-82, 68, 68]]",0.0,sorted_with_duplicates,30,2480,0.01219954201951623
meta_llama_llama_4_scout_17b_16e_instruct,GA_FIXED,list_pattern,sorted_with_duplicates,25,True,True,"[[-98, -83, 16, 16, 42, 93]]",0.0,sorted_with_duplicates,0,80,0.0001296249683946371
meta_llama_llama_4_scout_17b_16e_instruct,GA_FIXED,list_pattern,sorted_with_duplicates,26,True,True,"[[57, 57]]",0.0,sorted_with_duplicates,4,400,0.0019154170295223594
meta_llama_llama_4_scout_17b_16e_instruct,GA_FIXED,list_pattern,sorted_with_duplicates,27,True,True,"[[6, 6]]",0.0,sorted_with_duplicates,68,5520,0.02965229202527553
meta_llama_llama_4_scout_17b_16e_instruct,GA_FIXED,list_pattern,sorted_with_duplicates,28,True,True,"[[-60, -60, 32]]",0.0,sorted_with_duplicates,26,2160,0.011110208928585052
meta_llama_llama_4_scout_17b_16e_instruct,GA_FIXED,list_pattern,sorted_with_duplicates,29,True,True,"[[89, 89]]",0.0,sorted_with_duplicates,44,3600,0.017949792090803385
meta_llama_llama_4_scout_17b_16e_instruct,GA_FIXED,list_pattern,unsorted_unique,0,True,True,"[[14, -43, -9, -13, 74]]",0.0,unsorted_unique,0,80,0.00012962508480995893
meta_llama_llama_4_scout_17b_16e_instruct,GA_FIXED,list_pattern,unsorted_unique,1,True,True,"[[94, -34]]",0.0,unsorted_unique,0,80,0.00012850004713982344
meta_llama_llama_4_scout_17b_16e_instruct,GA_FIXED,list_pattern,unsorted_unique,2,True,True,"[[-53, 15, 79, 14]]",0.0,unsorted_unique,0,80,0.00012199999764561653
meta_llama_llama_4_scout_17b_16e_instruct,GA_FIXED,list_pattern,unsorted_unique,3,True,True,"[[-25, -69, -94, -43, -77, -89]]",0.0,unsorted_unique,0,80,0.00013870897237211466
meta_llama_llama_4_scout_17b_16e_instruct,GA_FIXED,list_pattern,unsorted_unique,4,True,True,"[[-89, 88, 21, 50, -53, 53]]",0.0,unsorted_unique,0,80,0.00013291602954268456
meta_llama_llama_4_scout_17b_16e_instruct,GA_FIXED,list_pattern,unsorted_unique,5,True,True,"[[-20, -90, 20, 59, -51, 29]]",0.0,unsorted_unique,0,80,0.00013920897617936134
meta_llama_llama_4_scout_17b_16e_instruct,GA_FIXED,list_pattern,unsorted_unique,6,True,True,"[[-6, 45, -18]]",0.0,unsorted_unique,0,80,0.00012208300177007914
meta_llama_llama_4_scout_17b_16e_instruct,GA_FIXED,list_pattern,unsorted_unique,7,True,True,"[[-44, 2, 40, -69]]",0.0,unsorted_unique,0,80,0.00012454099487513304
meta_llama_llama_4_scout_17b_16e_instruct,GA_FIXED,list_pattern,unsorted_unique,8,True,True,"[[13, -93, -14, -52, 59, -84]]",0.0,unsorted_unique,0,80,0.0001379579771310091
meta_llama_llama_4_scout_17b_16e_instruct,GA_FIXED,list_pattern,unsorted_unique,9,True,True,"[[44, -73]]",0.0,unsorted_unique,0,80,0.00012683309614658356
meta_llama_llama_4_scout_17b_16e_instruct,GA_FIXED,list_pattern,unsorted_unique,10,True,True,"[[76, -11]]",0.0,unsorted_unique,0,80,0.0001243329606950283
meta_llama_llama_4_scout_17b_16e_instruct,GA_FIXED,list_pattern,unsorted_unique,11,True,True,"[[6, 14, 63, -28]]",0.0,unsorted_unique,0,80,0.0001252919901162386
meta_llama_llama_4_scout_17b_16e_instruct,GA_FIXED,list_pattern,unsorted_unique,12,True,True,"[[67, 45, 99]]",0.0,unsorted_unique,0,80,0.00012779200915247202
meta_llama_llama_4_scout_17b_16e_instruct,GA_FIXED,list_pattern,unsorted_unique,13,True,True,"[[-14, -12, 82, 48]]",0.0,unsorted_unique,0,80,0.0001264589373022318
meta_llama_llama_4_scout_17b_16e_instruct,GA_FIXED,list_pattern,unsorted_unique,14,True,True,"[[-53, -84, 45, -96, -51]]",0.0,unsorted_unique,0,80,0.00013233302161097527
meta_llama_llama_4_scout_17b_16e_instruct,GA_FIXED,list_pattern,unsorted_unique,15,True,True,"[[32, 97, 11]]",0.0,unsorted_unique,0,80,0.0001271669752895832
meta_llama_llama_4_scout_17b_16e_instruct,GA_FIXED,list_pattern,unsorted_unique,16,True,True,"[[24, 18]]",0.0,unsorted_unique,0,80,0.00012508290819823742
meta_llama_llama_4_scout_17b_16e_instruct,GA_FIXED,list_pattern,unsorted_unique,17,True,True,"[[-63, -100, 73, 85, 67, -51]]",0.0,unsorted_unique,0,80,0.00013470801059156656
meta_llama_llama_4_scout_17b_16e_instruct,GA_FIXED,list_pattern,unsorted_unique,18,True,True,"[[34, -83]]",0.0,unsorted_unique,0,80,0.00012558302842080593
meta_llama_llama_4_scout_17b_16e_instruct,GA_FIXED,list_pattern,unsorted_unique,19,True,True,"[[13, 91, 94, 34]]",0.0,unsorted_unique,0,80,0.00011941592674702406
meta_llama_llama_4_scout_17b_16e_instruct,GA_FIXED,list_pattern,unsorted_unique,20,True,True,"[[65, 81, -62, 7, -84]]",0.0,unsorted_unique,0,80,0.00012862496078014374
meta_llama_llama_4_scout_17b_16e_instruct,GA_FIXED,list_pattern,unsorted_unique,21,True,True,"[[23, -20, -89]]",0.0,unsorted_unique,0,80,0.00012391596101224422
meta_llama_llama_4_scout_17b_16e_instruct,GA_FIXED,list_pattern,unsorted_unique,22,True,True,"[[19, -48, 95, 17, -49]]",0.0,unsorted_unique,0,80,0.00012645800597965717
meta_llama_llama_4_scout_17b_16e_instruct,GA_FIXED,list_pattern,unsorted_unique,23,True,True,"[[99, 56, 88, 45, -75]]",0.0,unsorted_unique,0,80,0.00013495807070285082
meta_llama_llama_4_scout_17b_16e_instruct,GA_FIXED,list_pattern,unsorted_unique,24,True,True,"[[-6, 17, -55]]",0.0,unsorted_unique,0,80,0.00012858293484896421
meta_llama_llama_4_scout_17b_16e_instruct,GA_FIXED,list_pattern,unsorted_unique,25,True,True,"[[24, 26, -86, -57]]",0.0,unsorted_unique,0,80,0.0001153749180957675
meta_llama_llama_4_scout_17b_16e_instruct,GA_FIXED,list_pattern,unsorted_unique,26,True,True,"[[64, 67, -16, -48]]",0.0,unsorted_unique,0,80,0.00013266608584672213
meta_llama_llama_4_scout_17b_16e_instruct,GA_FIXED,list_pattern,unsorted_unique,27,True,True,"[[-76, -42, -84, 34]]",0.0,unsorted_unique,0,80,0.00011670892126858234
meta_llama_llama_4_scout_17b_16e_instruct,GA_FIXED,list_pattern,unsorted_unique,28,True,True,"[[83, -11, 86]]",0.0,unsorted_unique,0,80,0.00012054096441715956
meta_llama_llama_4_scout_17b_16e_instruct,GA_FIXED,list_pattern,unsorted_unique,29,True,True,"[[67, -65]]",0.0,unsorted_unique,0,80,0.00012391700875014067
meta_llama_llama_4_scout_17b_16e_instruct,GA_FIXED,list_pattern,unsorted_with_duplicates,0,True,True,"[[88, -4, -68, -39, -68]]",0.0,unsorted_with_duplicates,0,80,0.0001308330101892352
meta_llama_llama_4_scout_17b_16e_instruct,GA_FIXED,list_pattern,unsorted_with_duplicates,1,True,True,"[[59, 89, 29, 32, 14, 59]]",0.0,unsorted_with_duplicates,0,80,0.00012012501247227192
meta_llama_llama_4_scout_17b_16e_instruct,GA_FIXED,list_pattern,unsorted_with_duplicates,2,True,True,"[[27, 29, 39, 97, 29, -75]]",0.0,unsorted_with_duplicates,0,80,0.00011733290739357471
meta_llama_llama_4_scout_17b_16e_instruct,GA_FIXED,list_pattern,unsorted_with_duplicates,3,True,True,"[[33, 60, -37, -33, -15, -33]]",0.0,unsorted_with_duplicates,0,80,0.00012295797932893038
meta_llama_llama_4_scout_17b_16e_instruct,GA_FIXED,list_pattern,unsorted_with_duplicates,4,True,True,"[[91, 7, -16, -87, 0, -87]]",0.0,unsorted_with_duplicates,0,80,0.00012983300257474184
meta_llama_llama_4_scout_17b_16e_instruct,GA_FIXED,list_pattern,unsorted_with_duplicates,5,True,True,"[[-18, 46, -3, 32, 32, 33]]",0.0,unsorted_with_duplicates,0,80,0.0001271669752895832
meta_llama_llama_4_scout_17b_16e_instruct,GA_FIXED,list_pattern,unsorted_with_duplicates,6,True,True,"[[-100, 80, 52, 52, 69]]",0.0,unsorted_with_duplicates,0,80,0.00013120798394083977
meta_llama_llama_4_scout_17b_16e_instruct,GA_FIXED,list_pattern,unsorted_with_duplicates,7,True,True,"[[-90, 70, -90, 53, -89]]",0.0,unsorted_with_duplicates,0,80,0.0001277499832212925
meta_llama_llama_4_scout_17b_16e_instruct,GA_FIXED,list_pattern,unsorted_with_duplicates,8,True,True,"[[-35, 10, 52, -34, 52]]",0.0,unsorted_with_duplicates,0,80,0.000128250103443861
meta_llama_llama_4_scout_17b_16e_instruct,GA_FIXED,list_pattern,unsorted_with_duplicates,9,True,True,"[[-23, -87, -15, 17, -68, -68]]",0.0,unsorted_with_duplicates,0,80,0.00012083305045962334
meta_llama_llama_4_scout_17b_16e_instruct,GA_FIXED,list_pattern,unsorted_with_duplicates,10,True,True,"[[18, 6, 18]]",0.0,unsorted_with_duplicates,0,80,0.00012216705363243818
meta_llama_llama_4_scout_17b_16e_instruct,GA_FIXED,list_pattern,unsorted_with_duplicates,11,True,True,"[[-58, -57, 53, -58]]",0.0,unsorted_with_duplicates,0,80,0.00012995791621506214
meta_llama_llama_4_scout_17b_16e_instruct,GA_FIXED,list_pattern,unsorted_with_duplicates,12,True,True,"[[48, 34, 34, 91, -100, -29]]",0.0,unsorted_with_duplicates,0,80,0.00012091605458408594
meta_llama_llama_4_scout_17b_16e_instruct,GA_FIXED,list_pattern,unsorted_with_duplicates,13,True,True,"[[-76, 12, 95, 94, 43, 43]]",0.0,unsorted_with_duplicates,0,80,0.0001235000090673566
meta_llama_llama_4_scout_17b_16e_instruct,GA_FIXED,list_pattern,unsorted_with_duplicates,14,True,True,"[[83, -11, 74, 89, 83, -4]]",0.0,unsorted_with_duplicates,0,80,0.00012708303984254599
meta_llama_llama_4_scout_17b_16e_instruct,GA_FIXED,list_pattern,unsorted_with_duplicates,15,True,True,"[[72, 58, 15, 89, 72, -3]]",0.0,unsorted_with_duplicates,0,80,0.00012687500566244125
meta_llama_llama_4_scout_17b_16e_instruct,GA_FIXED,list_pattern,unsorted_with_duplicates,16,True,True,"[[-82, -10, -10, 66, -17]]",0.0,unsorted_with_duplicates,0,80,0.00012795801740139723
meta_llama_llama_4_scout_17b_16e_instruct,GA_FIXED,list_pattern,unsorted_with_duplicates,17,True,True,"[[-85, -11, -83, -11, -39]]",0.0,unsorted_with_duplicates,0,80,0.00013641605619341135
meta_llama_llama_4_scout_17b_16e_instruct,GA_FIXED,list_pattern,unsorted_with_duplicates,18,True,True,"[[42, 42, 80, -61, -12, 6]]",0.0,unsorted_with_duplicates,2,240,0.0010376670397818089
meta_llama_llama_4_scout_17b_16e_instruct,GA_FIXED,list_pattern,unsorted_with_duplicates,19,True,True,"[[12, 12, -67, 18]]",0.0,unsorted_with_duplicates,0,80,0.00013083394151180983
meta_llama_llama_4_scout_17b_16e_instruct,GA_FIXED,list_pattern,unsorted_with_duplicates,20,True,True,"[[52, -98, 25, 31, -23, 25]]",0.0,unsorted_with_duplicates,3,320,0.0013489160919561982
meta_llama_llama_4_scout_17b_16e_instruct,GA_FIXED,list_pattern,unsorted_with_duplicates,21,True,True,"[[46, 86, -9, 60, -9, 42]]",0.0,unsorted_with_duplicates,7,640,0.0030981249874457717
meta_llama_llama_4_scout_17b_16e_instruct,GA_FIXED,list_pattern,unsorted_with_duplicates,22,True,True,"[[46, -7, 68, -81, 46]]",0.0,unsorted_with_duplicates,0,80,0.00013266701716929674
meta_llama_llama_4_scout_17b_16e_instruct,GA_FIXED,list_pattern,unsorted_with_duplicates,23,True,True,"[[88, 80, 24, 80, 78]]",0.0,unsorted_with_duplicates,0,80,0.00012687500566244125
meta_llama_llama_4_scout_17b_16e_instruct,GA_FIXED,list_pattern,unsorted_with_duplicates,24,True,True,"[[63, 90, 90, -73, 31]]",0.0,unsorted_with_duplicates,0,80,0.0001229580957442522
meta_llama_llama_4_scout_17b_16e_instruct,GA_FIXED,list_pattern,unsorted_with_duplicates,25,True,True,"[[58, 58, 42, 97]]",0.0,unsorted_with_duplicates,0,80,0.00012149999383836985
meta_llama_llama_4_scout_17b_16e_instruct,GA_FIXED,list_pattern,unsorted_with_duplicates,26,True,True,"[[-56, -57, -56, -45, 73, 90]]",0.0,unsorted_with_duplicates,0,80,0.00012137496378272772
meta_llama_llama_4_scout_17b_16e_instruct,GA_FIXED,list_pattern,unsorted_with_duplicates,27,True,True,"[[80, 80, 51, -96, 33]]",0.0,unsorted_with_duplicates,0,80,0.0001284580212086439
meta_llama_llama_4_scout_17b_16e_instruct,GA_FIXED,list_pattern,unsorted_with_duplicates,28,True,True,"[[54, 54, -98, 30, -100]]",0.0,unsorted_with_duplicates,0,80,0.00012912496458739042
meta_llama_llama_4_scout_17b_16e_instruct,GA_FIXED,list_pattern,unsorted_with_duplicates,29,True,True,"[[79, -99, -53, -53, 65, -79]]",0.0,unsorted_with_duplicates,0,80,0.00013670895714312792
meta_llama_llama_4_scout_17b_16e_instruct,GA_FIXED,number_kind,zero,0,True,True,[0],0.0,zero,4,400,0.00128454202786088
meta_llama_llama_4_scout_17b_16e_instruct,GA_FIXED,number_kind,zero,1,True,True,[0],0.0,zero,4,400,0.0012713329633697867
meta_llama_llama_4_scout_17b_16e_instruct,GA_FIXED,number_kind,zero,2,True,True,[0],0.0,zero,8,720,0.0024889159249141812
meta_llama_llama_4_scout_17b_16e_instruct,GA_FIXED,number_kind,zero,3,True,True,[0],0.0,zero,16,1360,0.004865000024437904
meta_llama_llama_4_scout_17b_16e_instruct,GA_FIXED,number_kind,zero,4,True,True,[0],0.0,zero,10,880,0.00309279200155288
meta_llama_llama_4_scout_17b_16e_instruct,GA_FIXED,number_kind,zero,5,True,True,[0],0.0,zero,8,720,0.0024737920612096786
meta_llama_llama_4_scout_17b_16e_instruct,GA_FIXED,number_kind,zero,6,True,True,[0],0.0,zero,8,720,0.0024943749886006117
meta_llama_llama_4_scout_17b_16e_instruct,GA_FIXED,number_kind,zero,7,True,True,[0],0.0,zero,5,480,0.0016046250239014626
meta_llama_llama_4_scout_17b_16e_instruct,GA_FIXED,number_kind,zero,8,True,True,[0],0.0,zero,13,1120,0.003983041970059276
meta_llama_llama_4_scout_17b_16e_instruct,GA_FIXED,number_kind,zero,9,True,True,[0],0.0,zero,9,800,0.002775499946437776
meta_llama_llama_4_scout_17b_16e_instruct,GA_FIXED,number_kind,zero,10,True,True,[0],0.0,zero,9,800,0.0027931659715250134
meta_llama_llama_4_scout_17b_16e_instruct,GA_FIXED,number_kind,zero,11,True,True,[0],0.0,zero,5,480,0.001613624976016581
meta_llama_llama_4_scout_17b_16e_instruct,GA_FIXED,number_kind,zero,12,True,True,[0],0.0,zero,7,640,0.0021524170879274607
meta_llama_llama_4_scout_17b_16e_instruct,GA_FIXED,number_kind,zero,13,True,True,[0],0.0,zero,4,400,0.001271874993108213
meta_llama_llama_4_scout_17b_16e_instruct,GA_FIXED,number_kind,zero,14,True,True,[0],0.0,zero,8,720,0.002478666021488607
meta_llama_llama_4_scout_17b_16e_instruct,GA_FIXED,number_kind,zero,15,True,True,[0],0.0,zero,3,320,0.0009642919758334756
meta_llama_llama_4_scout_17b_16e_instruct,GA_FIXED,number_kind,zero,16,True,True,[0],0.0,zero,8,720,0.0024779579835012555
meta_llama_llama_4_scout_17b_16e_instruct,GA_FIXED,number_kind,zero,17,True,True,[0],0.0,zero,8,720,0.0024608750827610493
meta_llama_llama_4_scout_17b_16e_instruct,GA_FIXED,number_kind,zero,18,True,True,[0],0.0,zero,2,240,0.0006609160918742418
meta_llama_llama_4_scout_17b_16e_instruct,GA_FIXED,number_kind,zero,19,True,True,[0],0.0,zero,5,480,0.0015786669682711363
meta_llama_llama_4_scout_17b_16e_instruct,GA_FIXED,number_kind,zero,20,True,True,[0],0.0,zero,13,1120,0.0039388330187648535
meta_llama_llama_4_scout_17b_16e_instruct,GA_FIXED,number_kind,zero,21,True,True,[0],0.0,zero,8,720,0.0024582500336691737
meta_llama_llama_4_scout_17b_16e_instruct,GA_FIXED,number_kind,zero,22,True,True,[0],0.0,zero,9,800,0.0027870419435203075
meta_llama_llama_4_scout_17b_16e_instruct,GA_FIXED,number_kind,zero,23,True,True,[0],0.0,zero,20,1680,0.006389375077560544
meta_llama_llama_4_scout_17b_16e_instruct,GA_FIXED,number_kind,zero,24,True,True,[0],0.0,zero,13,1120,0.004066250054165721
meta_llama_llama_4_scout_17b_16e_instruct,GA_FIXED,number_kind,zero,25,True,True,[0],0.0,zero,13,1120,0.004014916950836778
meta_llama_llama_4_scout_17b_16e_instruct,GA_FIXED,number_kind,zero,26,True,True,[0],0.0,zero,4,400,0.001298332936130464
meta_llama_llama_4_scout_17b_16e_instruct,GA_FIXED,number_kind,zero,27,True,True,[0],0.0,zero,9,800,0.0027810001047328115
meta_llama_llama_4_scout_17b_16e_instruct,GA_FIXED,number_kind,zero,28,True,True,[0],0.0,zero,13,1120,0.004052540985867381
meta_llama_llama_4_scout_17b_16e_instruct,GA_FIXED,number_kind,zero,29,True,True,[0],0.0,zero,7,640,0.002138208015821874
meta_llama_llama_4_scout_17b_16e_instruct,GA_FIXED,number_kind,even,0,True,True,[1690],0.0,even,0,80,5.9208949096500874e-05
meta_llama_llama_4_scout_17b_16e_instruct,GA_FIXED,number_kind,even,1,True,True,[2448],0.0,even,0,80,5.6041055358946323e-05
meta_llama_llama_4_scout_17b_16e_instruct,GA_FIXED,number_kind,even,2,True,True,[-128],0.0,even,0,80,5.450006574392319e-05
meta_llama_llama_4_scout_17b_16e_instruct,GA_FIXED,number_kind,even,3,True,True,[1250],0.0,even,0,80,6.387499161064625e-05
meta_llama_llama_4_scout_17b_16e_instruct,GA_FIXED,number_kind,even,4,True,True,[1012],0.0,even,0,80,5.2666058763861656e-05
meta_llama_llama_4_scout_17b_16e_instruct,GA_FIXED,number_kind,even,5,True,True,[2090],0.0,even,0,80,5.420902743935585e-05
meta_llama_llama_4_scout_17b_16e_instruct,GA_FIXED,number_kind,even,6,True,True,[1380],0.0,even,0,80,5.462497938424349e-05
meta_llama_llama_4_scout_17b_16e_instruct,GA_FIXED,number_kind,even,7,True,True,[1108],0.0,even,0,80,5.458306986838579e-05
meta_llama_llama_4_scout_17b_16e_instruct,GA_FIXED,number_kind,even,8,True,True,[2662],0.0,even,0,80,5.537504330277443e-05
meta_llama_llama_4_scout_17b_16e_instruct,GA_FIXED,number_kind,even,9,True,True,[1084],0.0,even,0,80,5.200004670768976e-05
meta_llama_llama_4_scout_17b_16e_instruct,GA_FIXED,number_kind,even,10,True,True,[528],0.0,even,0,80,4.8749963752925396e-05
meta_llama_llama_4_scout_17b_16e_instruct,GA_FIXED,number_kind,even,11,True,True,[84],0.0,even,0,80,4.470802377909422e-05
meta_llama_llama_4_scout_17b_16e_instruct,GA_FIXED,number_kind,even,12,True,True,[170],0.0,even,0,80,4.499999340623617e-05
meta_llama_llama_4_scout_17b_16e_instruct,GA_FIXED,number_kind,even,13,True,True,[1746],0.0,even,0,80,4.437495954334736e-05
meta_llama_llama_4_scout_17b_16e_instruct,GA_FIXED,number_kind,even,14,True,True,[394],0.0,even,0,80,4.4334097765386105e-05
meta_llama_llama_4_scout_17b_16e_instruct,GA_FIXED,number_kind,even,15,True,True,[-350],0.0,even,0,80,4.52499371021986e-05
meta_llama_llama_4_scout_17b_16e_instruct,GA_FIXED,number_kind,even,16,True,True,[1798],0.0,even,0,80,4.554202314466238e-05
meta_llama_llama_4_scout_17b_16e_instruct,GA_FIXED,number_kind,even,17,True,True,[2460],0.0,even,0,80,4.3584033846855164e-05
meta_llama_llama_4_scout_17b_16e_instruct,GA_FIXED,number_kind,even,18,True,True,[584],0.0,even,0,80,4.700000863522291e-05
meta_llama_llama_4_scout_17b_16e_instruct,GA_FIXED,number_kind,even,19,True,True,[-426],0.0,even,0,80,4.7749956138432026e-05
meta_llama_llama_4_scout_17b_16e_instruct,GA_FIXED,number_kind,even,20,True,True,[256],0.0,even,0,80,4.658300895243883e-05
meta_llama_llama_4_scout_17b_16e_instruct,GA_FIXED,number_kind,even,21,True,True,[1676],0.0,even,0,80,4.6291970647871494e-05
meta_llama_llama_4_scout_17b_16e_instruct,GA_FIXED,number_kind,even,22,True,True,[892],0.0,even,0,80,4.7208042815327644e-05
meta_llama_llama_4_scout_17b_16e_instruct,GA_FIXED,number_kind,even,23,True,True,[2172],0.0,even,0,80,4.641700070351362e-05
meta_llama_llama_4_scout_17b_16e_instruct,GA_FIXED,number_kind,even,24,True,True,[-150],0.0,even,0,80,4.737498238682747e-05
meta_llama_llama_4_scout_17b_16e_instruct,GA_FIXED,number_kind,even,25,True,True,[296],0.0,even,0,80,4.75000124424696e-05
meta_llama_llama_4_scout_17b_16e_instruct,GA_FIXED,number_kind,even,26,True,True,[316],0.0,even,0,80,4.7792098484933376e-05
meta_llama_llama_4_scout_17b_16e_instruct,GA_FIXED,number_kind,even,27,True,True,[694],0.0,even,0,80,4.724995233118534e-05
meta_llama_llama_4_scout_17b_16e_instruct,GA_FIXED,number_kind,even,28,True,True,[2758],0.0,even,0,80,4.741596058011055e-05
meta_llama_llama_4_scout_17b_16e_instruct,GA_FIXED,number_kind,even,29,True,True,[974],0.0,even,0,80,4.733307287096977e-05
meta_llama_llama_4_scout_17b_16e_instruct,GA_FIXED,number_kind,odd,0,True,True,[2493],0.0,odd,0,80,4.795799031853676e-05
meta_llama_llama_4_scout_17b_16e_instruct,GA_FIXED,number_kind,odd,1,True,True,[527],0.0,odd,0,80,4.775007255375385e-05
meta_llama_llama_4_scout_17b_16e_instruct,GA_FIXED,number_kind,odd,2,True,True,[2059],0.0,odd,0,80,4.737498238682747e-05
meta_llama_llama_4_scout_17b_16e_instruct,GA_FIXED,number_kind,odd,3,True,True,[405],0.0,odd,0,80,4.6791043132543564e-05
meta_llama_llama_4_scout_17b_16e_instruct,GA_FIXED,number_kind,odd,4,True,True,[947],0.0,odd,0,80,4.7625042498111725e-05
meta_llama_llama_4_scout_17b_16e_instruct,GA_FIXED,number_kind,odd,5,True,True,[2669],0.0,odd,0,80,4.775007255375385e-05
meta_llama_llama_4_scout_17b_16e_instruct,GA_FIXED,number_kind,odd,6,True,True,[-461],0.0,odd,0,80,4.679197445511818e-05
meta_llama_llama_4_scout_17b_16e_instruct,GA_FIXED,number_kind,odd,7,True,True,[1923],0.0,odd,0,80,4.724995233118534e-05
meta_llama_llama_4_scout_17b_16e_instruct,GA_FIXED,number_kind,odd,8,True,True,[867],0.0,odd,0,80,4.712492227554321e-05
meta_llama_llama_4_scout_17b_16e_instruct,GA_FIXED,number_kind,odd,9,True,True,[2069],0.0,odd,0,80,4.620791878551245e-05
meta_llama_llama_4_scout_17b_16e_instruct,GA_FIXED,number_kind,odd,10,True,True,[161],0.0,odd,0,80,4.6666013076901436e-05
meta_llama_llama_4_scout_17b_16e_instruct,GA_FIXED,number_kind,odd,11,True,True,[1395],0.0,odd,0,80,4.658300895243883e-05
meta_llama_llama_4_scout_17b_16e_instruct,GA_FIXED,number_kind,odd,12,True,True,[1711],0.0,odd,0,80,4.666694439947605e-05
meta_llama_llama_4_scout_17b_16e_instruct,GA_FIXED,number_kind,odd,13,True,True,[1351],0.0,odd,0,80,4.766706842929125e-05
meta_llama_llama_4_scout_17b_16e_instruct,GA_FIXED,number_kind,odd,14,True,True,[203],0.0,odd,0,80,4.600000102072954e-05
meta_llama_llama_4_scout_17b_16e_instruct,GA_FIXED,number_kind,odd,15,True,True,[2109],0.0,odd,0,80,4.741607699543238e-05
meta_llama_llama_4_scout_17b_16e_instruct,GA_FIXED,number_kind,odd,16,True,True,[-467],0.0,odd,0,80,4.7291978262364864e-05
meta_llama_llama_4_scout_17b_16e_instruct,GA_FIXED,number_kind,odd,17,True,True,[2711],0.0,odd,0,80,4.75000124424696e-05
meta_llama_llama_4_scout_17b_16e_instruct,GA_FIXED,number_kind,odd,18,True,True,[2173],0.0,odd,0,80,4.691607318818569e-05
meta_llama_llama_4_scout_17b_16e_instruct,GA_FIXED,number_kind,odd,19,True,True,[419],0.0,odd,0,80,4.704098682850599e-05
meta_llama_llama_4_scout_17b_16e_instruct,GA_FIXED,number_kind,odd,20,True,True,[2509],0.0,odd,0,80,4.7291978262364864e-05
meta_llama_llama_4_scout_17b_16e_instruct,GA_FIXED,number_kind,odd,21,True,True,[2235],0.0,odd,0,80,4.683306906372309e-05
meta_llama_llama_4_scout_17b_16e_instruct,GA_FIXED,number_kind,odd,22,True,True,[1235],0.0,odd,0,80,4.724995233118534e-05
meta_llama_llama_4_scout_17b_16e_instruct,GA_FIXED,number_kind,odd,23,True,True,[21],0.0,odd,0,80,4.74581029266119e-05
meta_llama_llama_4_scout_17b_16e_instruct,GA_FIXED,number_kind,odd,24,True,True,[1291],0.0,odd,0,80,4.7584064304828644e-05
meta_llama_llama_4_scout_17b_16e_instruct,GA_FIXED,number_kind,odd,25,True,True,[303],0.0,odd,0,80,4.720897413790226e-05
meta_llama_llama_4_scout_17b_16e_instruct,GA_FIXED,number_kind,odd,26,True,True,[1695],0.0,odd,0,80,4.666694439947605e-05
meta_llama_llama_4_scout_17b_16e_instruct,GA_FIXED,number_kind,odd,27,True,True,[2781],0.0,odd,0,80,4.8083020374178886e-05
meta_llama_llama_4_scout_17b_16e_instruct,GA_FIXED,number_kind,odd,28,True,True,[1371],0.0,odd,0,80,4.754099063575268e-05
meta_llama_llama_4_scout_17b_16e_instruct,GA_FIXED,number_kind,odd,29,True,True,[253],0.0,odd,0,80,4.7332956455647945e-05
meta_llama_llama_4_scout_17b_16e_instruct,GA_FIXED,pin_pattern,secret_pin,0,True,True,"[7, 3, 9, 1]",0.0,secret_pin,42,3440,0.019239500048570335
meta_llama_llama_4_scout_17b_16e_instruct,GA_FIXED,pin_pattern,secret_pin,1,True,True,"[7, 3, 9, 1]",0.0,secret_pin,51,4160,0.022910583997145295
meta_llama_llama_4_scout_17b_16e_instruct,GA_FIXED,pin_pattern,secret_pin,2,True,True,"[7, 3, 9, 1]",0.0,secret_pin,34,2800,0.015345082967542112
meta_llama_llama_4_scout_17b_16e_instruct,GA_FIXED,pin_pattern,secret_pin,3,True,True,"[7, 3, 9, 1]",0.0,secret_pin,29,2400,0.013106707949191332
meta_llama_llama_4_scout_17b_16e_instruct,GA_FIXED,pin_pattern,secret_pin,4,True,True,"[7, 3, 9, 1]",0.0,secret_pin,59,4800,0.026501875021494925
meta_llama_llama_4_scout_17b_16e_instruct,GA_FIXED,pin_pattern,secret_pin,5,True,True,"[7, 3, 9, 1]",0.0,secret_pin,33,2720,0.01492687501013279
meta_llama_llama_4_scout_17b_16e_instruct,GA_FIXED,pin_pattern,secret_pin,6,True,True,"[7, 3, 9, 1]",0.0,secret_pin,62,5040,0.027857541921548545
meta_llama_llama_4_scout_17b_16e_instruct,GA_FIXED,pin_pattern,secret_pin,7,True,True,"[7, 3, 9, 1]",0.0,secret_pin,45,3680,0.020279709016904235
meta_llama_llama_4_scout_17b_16e_instruct,GA_FIXED,pin_pattern,secret_pin,8,True,True,"[7, 3, 9, 1]",0.0,secret_pin,54,4400,0.024239332997240126
meta_llama_llama_4_scout_17b_16e_instruct,GA_FIXED,pin_pattern,secret_pin,9,True,True,"[7, 3, 9, 1]",0.0,secret_pin,40,3280,0.017906749970279634
meta_llama_llama_4_scout_17b_16e_instruct,GA_FIXED,pin_pattern,secret_pin,10,True,True,"[7, 3, 9, 1]",0.0,secret_pin,42,3440,0.01888749992940575
meta_llama_llama_4_scout_17b_16e_instruct,GA_FIXED,pin_pattern,secret_pin,11,True,True,"[7, 3, 9, 1]",0.0,secret_pin,52,4240,0.02326383301988244
meta_llama_llama_4_scout_17b_16e_instruct,GA_FIXED,pin_pattern,secret_pin,12,True,True,"[7, 3, 9, 1]",0.0,secret_pin,40,3280,0.018017875030636787
meta_llama_llama_4_scout_17b_16e_instruct,GA_FIXED,pin_pattern,secret_pin,13,True,True,"[7, 3, 9, 1]",0.0,secret_pin,31,2560,0.013986042002215981
meta_llama_llama_4_scout_17b_16e_instruct,GA_FIXED,pin_pattern,secret_pin,14,True,True,"[7, 3, 9, 1]",0.0,secret_pin,53,4320,0.023766000056639314
meta_llama_llama_4_scout_17b_16e_instruct,GA_FIXED,pin_pattern,secret_pin,15,True,True,"[7, 3, 9, 1]",0.0,secret_pin,69,5600,0.030817583086900413
meta_llama_llama_4_scout_17b_16e_instruct,GA_FIXED,pin_pattern,secret_pin,16,True,True,"[7, 3, 9, 1]",0.0,secret_pin,49,4000,0.02195687498897314
meta_llama_llama_4_scout_17b_16e_instruct,GA_FIXED,pin_pattern,secret_pin,17,True,True,"[7, 3, 9, 1]",0.0,secret_pin,48,3920,0.02143612504005432
meta_llama_llama_4_scout_17b_16e_instruct,GA_FIXED,pin_pattern,secret_pin,18,True,True,"[7, 3, 9, 1]",0.0,secret_pin,38,3120,0.017076708027161658
meta_llama_llama_4_scout_17b_16e_instruct,GA_FIXED,pin_pattern,secret_pin,19,True,True,"[7, 3, 9, 1]",0.0,secret_pin,56,4560,0.02486762497574091
meta_llama_llama_4_scout_17b_16e_instruct,GA_FIXED,pin_pattern,secret_pin,20,True,True,"[7, 3, 9, 1]",0.0,secret_pin,54,4400,0.023927625035867095
meta_llama_llama_4_scout_17b_16e_instruct,GA_FIXED,pin_pattern,secret_pin,21,True,True,"[7, 3, 9, 1]",0.0,secret_pin,48,3920,0.02127466700039804
meta_llama_llama_4_scout_17b_16e_instruct,GA_FIXED,pin_pattern,secret_pin,22,True,True,"[7, 3, 9, 1]",0.0,secret_pin,42,3440,0.018656000029295683
meta_llama_llama_4_scout_17b_16e_instruct,GA_FIXED,pin_pattern,secret_pin,23,True,True,"[7, 3, 9, 1]",0.0,secret_pin,43,3520,0.019053374999202788
meta_llama_llama_4_scout_17b_16e_instruct,GA_FIXED,pin_pattern,secret_pin,24,True,True,"[7, 3, 9, 1]",0.0,secret_pin,48,3920,0.021266749943606555
meta_llama_llama_4_scout_17b_16e_instruct,GA_FIXED,pin_pattern,secret_pin,25,True,True,"[7, 3, 9, 1]",0.0,secret_pin,44,3600,0.019486916018649936
meta_llama_llama_4_scout_17b_16e_instruct,GA_FIXED,pin_pattern,secret_pin,26,True,True,"[7, 3, 9, 1]",0.0,secret_pin,77,6240,0.03425312496256083
meta_llama_llama_4_scout_17b_16e_instruct,GA_FIXED,pin_pattern,secret_pin,27,True,True,"[7, 3, 9, 1]",0.0,secret_pin,48,3920,0.021359250065870583
meta_llama_llama_4_scout_17b_16e_instruct,GA_FIXED,pin_pattern,secret_pin,28,True,True,"[7, 3, 9, 1]",0.0,secret_pin,41,3360,0.01838862500153482
meta_llama_llama_4_scout_17b_16e_instruct,GA_FIXED,pin_pattern,secret_pin,29,True,True,"[7, 3, 9, 1]",0.0,secret_pin,45,3680,0.020049249986186624
meta_llama_llama_4_scout_17b_16e_instruct,GA_FIXED,pin_pattern,all_same,0,True,True,"[-84, -229, 2596, -84]",0.0,all_same,3,320,0.0014518749667331576
meta_llama_llama_4_scout_17b_16e_instruct,GA_FIXED,pin_pattern,all_same,1,True,True,"[1641, 242, 1641, 589]",0.0,all_same,3,320,0.0014350840356200933
meta_llama_llama_4_scout_17b_16e_instruct,GA_FIXED,pin_pattern,all_same,2,True,True,"[2553, 693, 278, 2553]",0.0,all_same,3,320,0.0014296249719336629
meta_llama_llama_4_scout_17b_16e_instruct,GA_FIXED,pin_pattern,all_same,3,True,True,"[171, 171, 1872, 859]",0.0,all_same,8,720,0.003589040949009359
meta_llama_llama_4_scout_17b_16e_instruct,GA_FIXED,pin_pattern,all_same,4,True,True,"[2163, 2293, 2163, 1097]",0.0,all_same,5,480,0.0023096249205991626
meta_llama_llama_4_scout_17b_16e_instruct,GA_FIXED,pin_pattern,all_same,5,True,True,"[156, 156, 1484, 1453]",0.0,all_same,7,640,0.003208334092050791
meta_llama_llama_4_scout_17b_16e_instruct,GA_FIXED,pin_pattern,all_same,6,True,True,"[1231, 1231, 1201, 1702]",0.0,all_same,0,80,0.0001236669486388564
meta_llama_llama_4_scout_17b_16e_instruct,GA_FIXED,pin_pattern,all_same,7,True,True,"[-79, -77, 310, -79]",0.0,all_same,5,480,0.0023046249989420176
meta_llama_llama_4_scout_17b_16e_instruct,GA_FIXED,pin_pattern,all_same,8,True,True,"[553, 553, 2921, 2420]",0.0,all_same,2,240,0.0010024160146713257
meta_llama_llama_4_scout_17b_16e_instruct,GA_FIXED,pin_pattern,all_same,9,True,True,"[90, 90, 1277, 2955]",0.0,all_same,5,480,0.0023040419910103083
meta_llama_llama_4_scout_17b_16e_instruct,GA_FIXED,pin_pattern,all_same,10,True,True,"[671, 671, 1370, 2623]",0.0,all_same,4,400,0.0018919999711215496
meta_llama_llama_4_scout_17b_16e_instruct,GA_FIXED,pin_pattern,all_same,11,True,True,"[-131, 2945, 1064, -131]",0.0,all_same,7,640,0.0031597500201314688
meta_llama_llama_4_scout_17b_16e_instruct,GA_FIXED,pin_pattern,all_same,12,True,True,"[1151, 1151, 2312, 2139]",0.0,all_same,7,640,0.0031621670350432396
meta_llama_llama_4_scout_17b_16e_instruct,GA_FIXED,pin_pattern,all_same,13,True,True,"[2347, -208, 2347, 2654]",0.0,all_same,3,320,0.001426458009518683
meta_llama_llama_4_scout_17b_16e_instruct,GA_FIXED,pin_pattern,all_same,14,True,True,"[-67, -67, 2686, -225]",0.0,all_same,0,80,0.00013129203580319881
meta_llama_llama_4_scout_17b_16e_instruct,GA_FIXED,pin_pattern,all_same,15,True,True,"[680, 1562, 680, 2899]",0.0,all_same,5,480,0.0023421659134328365
meta_llama_llama_4_scout_17b_16e_instruct,GA_FIXED,pin_pattern,all_same,16,True,True,"[2867, 2067, 357, 2867]",0.0,all_same,4,400,0.0018610830884426832
meta_llama_llama_4_scout_17b_16e_instruct,GA_FIXED,pin_pattern,all_same,17,True,True,"[1652, 1488, 1972, 1652]",0.0,all_same,0,80,0.00012437498662620783
meta_llama_llama_4_scout_17b_16e_instruct,GA_FIXED,pin_pattern,all_same,18,True,True,"[2247, 2247, 1767, 2416]",0.0,all_same,4,400,0.001865500002168119
meta_llama_llama_4_scout_17b_16e_instruct,GA_FIXED,pin_pattern,all_same,19,True,True,"[1344, 1344, 775, 1308]",0.0,all_same,6,560,0.0027518339920789003
meta_llama_llama_4_scout_17b_16e_instruct,GA_FIXED,pin_pattern,all_same,20,True,True,"[1206, 1206, 766, 1079]",0.0,all_same,2,240,0.0009958749869838357
meta_llama_llama_4_scout_17b_16e_instruct,GA_FIXED,pin_pattern,all_same,21,True,True,"[2451, -263, 2451, 1709]",0.0,all_same,2,240,0.0009870000649243593
meta_llama_llama_4_scout_17b_16e_instruct,GA_FIXED,pin_pattern,all_same,22,True,True,"[1142, 1142, 1814, 964]",0.0,all_same,5,480,0.0023003750247880816
meta_llama_llama_4_scout_17b_16e_instruct,GA_FIXED,pin_pattern,all_same,23,True,True,"[1506, 1506, 1043, -211]",0.0,all_same,4,400,0.0018613750580698252
meta_llama_llama_4_scout_17b_16e_instruct,GA_FIXED,pin_pattern,all_same,24,True,True,"[2330, 2047, 2330, 767]",0.0,all_same,3,320,0.0014346659881994128
meta_llama_llama_4_scout_17b_16e_instruct,GA_FIXED,pin_pattern,all_same,25,True,True,"[2559, 2559, 1696, 45]",0.0,all_same,4,400,0.0018700839718803763
meta_llama_llama_4_scout_17b_16e_instruct,GA_FIXED,pin_pattern,all_same,26,True,True,"[-320, 1291, -480, -320]",0.0,all_same,0,80,0.00011987506877630949
meta_llama_llama_4_scout_17b_16e_instruct,GA_FIXED,pin_pattern,all_same,27,True,True,"[1919, 1118, 1894, 1919]",0.0,all_same,5,480,0.0023294170387089252
meta_llama_llama_4_scout_17b_16e_instruct,GA_FIXED,pin_pattern,all_same,28,True,True,"[535, 535, 604, 1107]",0.0,all_same,0,80,0.00011916598305106163
meta_llama_llama_4_scout_17b_16e_instruct,GA_FIXED,pin_pattern,all_same,29,True,True,"[2608, 2324, 2608, 2618]",0.0,all_same,2,240,0.0010026250965893269
meta_llama_llama_4_scout_17b_16e_instruct,GA_FIXED,pin_pattern,ordered_sum_20,0,True,True,"[-1, 0, 8, 13]",0.0,ordered_sum_20,30,2480,0.013478250009939075
meta_llama_llama_4_scout_17b_16e_instruct,GA_FIXED,pin_pattern,ordered_sum_20,1,True,True,"[-332, -215, 25, 542]",0.0,ordered_sum_20,10,880,0.004581250017508864
meta_llama_llama_4_scout_17b_16e_instruct,GA_FIXED,pin_pattern,ordered_sum_20,2,True,True,"[-240, -60, -49, 369]",0.0,ordered_sum_20,19,1600,0.008599541964940727
meta_llama_llama_4_scout_17b_16e_instruct,GA_FIXED,pin_pattern,ordered_sum_20,3,True,True,"[-314, -121, 56, 399]",0.0,ordered_sum_20,23,1920,0.010385166970081627
meta_llama_llama_4_scout_17b_16e_instruct,GA_FIXED,pin_pattern,ordered_sum_20,4,True,True,"[-491, -108, 287, 332]",0.0,ordered_sum_20,12,1040,0.0054837079951539636
meta_llama_llama_4_scout_17b_16e_instruct,GA_FIXED,pin_pattern,ordered_sum_20,5,True,True,"[-420, -248, -35, 723]",0.0,ordered_sum_20,20,1680,0.009058374911546707
meta_llama_llama_4_scout_17b_16e_instruct,GA_FIXED,pin_pattern,ordered_sum_20,6,True,True,"[-479, -444, 88, 855]",0.0,ordered_sum_20,15,1280,0.0067654160084202886
meta_llama_llama_4_scout_17b_16e_instruct,GA_FIXED,pin_pattern,ordered_sum_20,7,True,True,"[-234, -128, -18, 400]",0.0,ordered_sum_20,7,640,0.0032708749640733004
meta_llama_llama_4_scout_17b_16e_instruct,GA_FIXED,pin_pattern,ordered_sum_20,8,True,True,"[2, 2, 2, 14]",0.0,ordered_sum_20,73,5920,0.03234283300116658
meta_llama_llama_4_scout_17b_16e_instruct,GA_FIXED,pin_pattern,ordered_sum_20,9,True,True,"[-305, -38, 140, 223]",0.0,ordered_sum_20,15,1280,0.006762124947272241
meta_llama_llama_4_scout_17b_16e_instruct,GA_FIXED,pin_pattern,ordered_sum_20,10,True,True,"[-500, -295, 260, 555]",0.0,ordered_sum_20,15,1280,0.006772499997168779
meta_llama_llama_4_scout_17b_16e_instruct,GA_FIXED,pin_pattern,ordered_sum_20,11,True,True,"[-477, -143, 280, 360]",0.0,ordered_sum_20,10,880,0.004556042025797069
meta_llama_llama_4_scout_17b_16e_instruct,GA_FIXED,pin_pattern,ordered_sum_20,12,True,True,"[-414, -56, -54, 544]",0.0,ordered_sum_20,10,880,0.004576917039230466
meta_llama_llama_4_scout_17b_16e_instruct,GA_FIXED,pin_pattern,ordered_sum_20,13,True,True,"[-449, -139, 208, 400]",0.0,ordered_sum_20,6,560,0.0027942080050706863
meta_llama_llama_4_scout_17b_16e_instruct,GA_FIXED,pin_pattern,ordered_sum_20,14,True,True,"[-455, -205, -61, 741]",0.0,ordered_sum_20,12,1040,0.005436333012767136
meta_llama_llama_4_scout_17b_16e_instruct,GA_FIXED,pin_pattern,ordered_sum_20,15,True,True,"[-476, -287, 198, 585]",0.0,ordered_sum_20,16,1360,0.007317165960557759
meta_llama_llama_4_scout_17b_16e_instruct,GA_FIXED,pin_pattern,ordered_sum_20,16,False,False,"[-15, 2, 11, 23]",1.0,,97,8080,0.04433112498372793
meta_llama_llama_4_scout_17b_16e_instruct,GA_FIXED,pin_pattern,ordered_sum_20,17,True,True,"[-221, -215, -87, 543]",0.0,ordered_sum_20,30,2480,0.013407082995399833
meta_llama_llama_4_scout_17b_16e_instruct,GA_FIXED,pin_pattern,ordered_sum_20,18,True,True,"[-296, -125, -14, 455]",0.0,ordered_sum_20,16,1360,0.007236042059957981
meta_llama_llama_4_scout_17b_16e_instruct,GA_FIXED,pin_pattern,ordered_sum_20,19,True,True,"[-281, -278, 127, 452]",0.0,ordered_sum_20,14,1200,0.006342042004689574
meta_llama_llama_4_scout_17b_16e_instruct,GA_FIXED,pin_pattern,ordered_sum_20,20,True,True,"[-487, -273, -33, 813]",0.0,ordered_sum_20,9,800,0.004135624971240759
meta_llama_llama_4_scout_17b_16e_instruct,GA_FIXED,pin_pattern,ordered_sum_20,21,True,True,"[-171, -145, -4, 340]",0.0,ordered_sum_20,15,1280,0.006812416948378086
meta_llama_llama_4_scout_17b_16e_instruct,GA_FIXED,pin_pattern,ordered_sum_20,22,True,True,"[-425, -355, 45, 755]",0.0,ordered_sum_20,9,800,0.004134166985750198
meta_llama_llama_4_scout_17b_16e_instruct,GA_FIXED,pin_pattern,ordered_sum_20,23,True,True,"[-445, -427, -276, 1168]",0.0,ordered_sum_20,18,1520,0.008127542096190155
meta_llama_llama_4_scout_17b_16e_instruct,GA_FIXED,pin_pattern,ordered_sum_20,24,True,True,"[-295, -292, 8, 599]",0.0,ordered_sum_20,16,1360,0.007248791051097214
meta_llama_llama_4_scout_17b_16e_instruct,GA_FIXED,pin_pattern,ordered_sum_20,25,True,True,"[-337, -289, -152, 798]",0.0,ordered_sum_20,15,1280,0.006808916921727359
meta_llama_llama_4_scout_17b_16e_instruct,GA_FIXED,pin_pattern,ordered_sum_20,26,True,True,"[-449, -407, -267, 1143]",0.0,ordered_sum_20,11,960,0.0050285839242860675
meta_llama_llama_4_scout_17b_16e_instruct,GA_FIXED,pin_pattern,ordered_sum_20,27,True,True,"[-481, -61, 157, 405]",0.0,ordered_sum_20,11,960,0.005072458065114915
meta_llama_llama_4_scout_17b_16e_instruct,GA_FIXED,pin_pattern,ordered_sum_20,28,True,True,"[-428, -425, 396, 477]",0.0,ordered_sum_20,17,1440,0.007673791027627885
meta_llama_llama_4_scout_17b_16e_instruct,GA_FIXED,pin_pattern,ordered_sum_20,29,True,True,"[-353, -191, -87, 651]",0.0,ordered_sum_20,16,1360,0.007271167007274926
meta_llama_llama_4_scout_17b_16e_instruct,GA_FIXED,pin_pattern,other,0,True,True,"[2424, 1422, 1883, -297]",0.0,other,0,80,0.00013687508180737495
meta_llama_llama_4_scout_17b_16e_instruct,GA_FIXED,pin_pattern,other,1,True,True,"[503, 1848, 1151, 670]",0.0,other,0,80,0.0001332499086856842
meta_llama_llama_4_scout_17b_16e_instruct,GA_FIXED,pin_pattern,other,2,True,True,"[-435, 169, 2404, 874]",0.0,other,0,80,0.00013649999164044857
meta_llama_llama_4_scout_17b_16e_instruct,GA_FIXED,pin_pattern,other,3,True,True,"[2458, 1299, 50, 1055]",0.0,other,0,80,0.00013162498362362385
meta_llama_llama_4_scout_17b_16e_instruct,GA_FIXED,pin_pattern,other,4,True,True,"[2929, 2493, 374, 809]",0.0,other,0,80,0.00013345794286578894
meta_llama_llama_4_scout_17b_16e_instruct,GA_FIXED,pin_pattern,other,5,True,True,"[-2, 2178, -398, 1813]",0.0,other,0,80,0.00013345899060368538
meta_llama_llama_4_scout_17b_16e_instruct,GA_FIXED,pin_pattern,other,6,True,True,"[1713, 2485, 1487, 2219]",0.0,other,0,80,0.00013233302161097527
meta_llama_llama_4_scout_17b_16e_instruct,GA_FIXED,pin_pattern,other,7,True,True,"[2372, 922, 2902, 1226]",0.0,other,0,80,0.00013237493112683296
meta_llama_llama_4_scout_17b_16e_instruct,GA_FIXED,pin_pattern,other,8,True,True,"[2655, 1282, 1567, 2992]",0.0,other,0,80,0.000134333036839962
meta_llama_llama_4_scout_17b_16e_instruct,GA_FIXED,pin_pattern,other,9,True,True,"[261, 2402, 540, 2692]",0.0,other,0,80,0.00013225001748651266
meta_llama_llama_4_scout_17b_16e_instruct,GA_FIXED,pin_pattern,other,10,True,True,"[2807, 87, 223, 652]",0.0,other,0,80,0.00013275002129375935
meta_llama_llama_4_scout_17b_16e_instruct,GA_FIXED,pin_pattern,other,11,True,True,"[2630, 1001, 378, 387]",0.0,other,0,80,0.00013204198330640793
meta_llama_llama_4_scout_17b_16e_instruct,GA_FIXED,pin_pattern,other,12,True,True,"[444, 295, -431, 1684]",0.0,other,0,80,0.0001331249950453639
meta_llama_llama_4_scout_17b_16e_instruct,GA_FIXED,pin_pattern,other,13,True,True,"[978, 2635, -333, -179]",0.0,other,0,80,0.00013424991630017757
meta_llama_llama_4_scout_17b_16e_instruct,GA_FIXED,pin_pattern,other,14,True,True,"[-74, 99, 1456, 1583]",0.0,other,0,80,0.00013170891907066107
meta_llama_llama_4_scout_17b_16e_instruct,GA_FIXED,pin_pattern,other,15,True,True,"[1287, 291, 2903, -468]",0.0,other,0,80,0.0001324170734733343
meta_llama_llama_4_scout_17b_16e_instruct,GA_FIXED,pin_pattern,other,16,True,True,"[275, 2990, -245, 1447]",0.0,other,0,80,0.00013270799536257982
meta_llama_llama_4_scout_17b_16e_instruct,GA_FIXED,pin_pattern,other,17,True,True,"[91, 32, -453, 1738]",0.0,other,0,80,0.0001324999611824751
meta_llama_llama_4_scout_17b_16e_instruct,GA_FIXED,pin_pattern,other,18,True,True,"[2037, 848, 429, 1203]",0.0,other,0,80,0.00013262499123811722
meta_llama_llama_4_scout_17b_16e_instruct,GA_FIXED,pin_pattern,other,19,True,True,"[1821, 1178, 1195, 608]",0.0,other,0,80,0.00013262499123811722
meta_llama_llama_4_scout_17b_16e_instruct,GA_FIXED,pin_pattern,other,20,True,True,"[1991, 592, 2103, -342]",0.0,other,0,80,0.0001355829881504178
meta_llama_llama_4_scout_17b_16e_instruct,GA_FIXED,pin_pattern,other,21,True,True,"[753, 589, 525, -147]",0.0,other,0,80,0.00013299996498972178
meta_llama_llama_4_scout_17b_16e_instruct,GA_FIXED,pin_pattern,other,22,True,True,"[382, 958, -192, 199]",0.0,other,0,80,0.00013391696847975254
meta_llama_llama_4_scout_17b_16e_instruct,GA_FIXED,pin_pattern,other,23,True,True,"[1828, 121, 1787, 2772]",0.0,other,0,80,0.0001341670285910368
meta_llama_llama_4_scout_17b_16e_instruct,GA_FIXED,pin_pattern,other,24,True,True,"[2395, 631, 139, 2437]",0.0,other,0,80,0.00013275002129375935
meta_llama_llama_4_scout_17b_16e_instruct,GA_FIXED,pin_pattern,other,25,True,True,"[1119, 1880, 1257, 418]",0.0,other,0,80,0.00013158307410776615
meta_llama_llama_4_scout_17b_16e_instruct,GA_FIXED,pin_pattern,other,26,True,True,"[1293, 751, 1146, 1490]",0.0,other,0,80,0.00013283302541822195
meta_llama_llama_4_scout_17b_16e_instruct,GA_FIXED,pin_pattern,other,27,True,True,"[1972, 410, 571, 1638]",0.0,other,0,80,0.00013091694563627243
meta_llama_llama_4_scout_17b_16e_instruct,GA_FIXED,pin_pattern,other,28,True,True,"[1240, 1052, -212, 2054]",0.0,other,0,80,0.0001337919384241104
meta_llama_llama_4_scout_17b_16e_instruct,GA_FIXED,pin_pattern,other,29,True,True,"[1379, 2907, 207, 457]",0.0,other,0,80,0.0001337919384241104
meta_llama_llama_4_scout_17b_16e_instruct,GA_FIXED,shipping_discount,invalid,0,False,False,"[121.1547804649163, 103.02940069334407, True]",1.0,,0,8080,0.03891054098494351
meta_llama_llama_4_scout_17b_16e_instruct,GA_FIXED,shipping_discount,invalid,1,False,False,"[278.86624455123564, 172.4169119830293, False]",1.0,,0,8080,0.03859662509057671
meta_llama_llama_4_scout_17b_16e_instruct,GA_FIXED,shipping_discount,invalid,2,False,False,"[174.36716931233371, 212.76725388387987, False]",1.0,,0,8080,0.038598541053943336
meta_llama_llama_4_scout_17b_16e_instruct,GA_FIXED,shipping_discount,invalid,3,False,False,"[30.629353916100776, 143.60436392370767, True]",1.0,,0,8080,0.03871087497100234
meta_llama_llama_4_scout_17b_16e_instruct,GA_FIXED,shipping_discount,invalid,4,False,False,"[258.4625890801658, 176.94776653668336, True]",1.0,,0,8080,0.03873783303424716
meta_llama_llama_4_scout_17b_16e_instruct,GA_FIXED,shipping_discount,invalid,5,False,False,"[43.0079553347646, 283.58883636638535, True]",1.0,,0,8080,0.038913417025469244
meta_llama_llama_4_scout_17b_16e_instruct,GA_FIXED,shipping_discount,invalid,6,False,False,"[252.51976728569343, 38.44716614869065, False]",1.0,,0,8080,0.03885754197835922
meta_llama_llama_4_scout_17b_16e_instruct,GA_FIXED,shipping_discount,invalid,7,False,False,"[153.04813656190782, 234.2234139341726, False]",1.0,,0,8080,0.038675624993629754
meta_llama_llama_4_scout_17b_16e_instruct,GA_FIXED,shipping_discount,invalid,8,False,False,"[202.54885487139433, 194.03436600800902, False]",1.0,,0,8080,0.038473709020763636
meta_llama_llama_4_scout_17b_16e_instruct,GA_FIXED,shipping_discount,invalid,9,False,False,"[56.34162867195056, 61.97854810083881, False]",1.0,,0,8080,0.03854783298447728
meta_llama_llama_4_scout_17b_16e_instruct,GA_FIXED,shipping_discount,invalid,10,False,False,"[292.6907780121354, 162.8632656801109, True]",1.0,,0,8080,0.03843216609675437
meta_llama_llama_4_scout_17b_16e_instruct,GA_FIXED,shipping_discount,invalid,11,False,False,"[60.08097698757688, 225.7374414159204, True]",1.0,,0,8080,0.03831924998667091
meta_llama_llama_4_scout_17b_16e_instruct,GA_FIXED,shipping_discount,invalid,12,False,False,"[233.6872307920477, 82.59459886665752, False]",1.0,,0,8080,0.03824904200155288
meta_llama_llama_4_scout_17b_16e_instruct,GA_FIXED,shipping_discount,invalid,13,False,False,"[109.78802290925574, 120.20866883391193, False]",1.0,,0,8080,0.03839816595427692
meta_llama_llama_4_scout_17b_16e_instruct,GA_FIXED,shipping_discount,invalid,14,False,False,"[243.2888015140504, 229.44967561013894, True]",1.0,,0,8080,0.038429624983109534
meta_llama_llama_4_scout_17b_16e_instruct,GA_FIXED,shipping_discount,invalid,15,False,False,"[128.22351776729923, 117.54322912789819, False]",1.0,,0,8080,0.03838387504220009
meta_llama_llama_4_scout_17b_16e_instruct,GA_FIXED,shipping_discount,invalid,16,False,False,"[90.03702651861589, 14.608266165163919, False]",1.0,,0,8080,0.0386639169882983
meta_llama_llama_4_scout_17b_16e_instruct,GA_FIXED,shipping_discount,invalid,17,False,False,"[179.25330742607014, 166.1961398618214, True]",1.0,,0,8080,0.03860904206521809
meta_llama_llama_4_scout_17b_16e_instruct,GA_FIXED,shipping_discount,invalid,18,False,False,"[268.4262056875059, 215.9657938796447, False]",1.0,,0,8080,0.038320666062645614
meta_llama_llama_4_scout_17b_16e_instruct,GA_FIXED,shipping_discount,invalid,19,False,False,"[16.278962074325896, 215.48935154769416, True]",1.0,,0,8080,0.038241084082983434
meta_llama_llama_4_scout_17b_16e_instruct,GA_FIXED,shipping_discount,invalid,20,False,False,"[148.4101910030859, 249.51805494397925, True]",1.0,,0,8080,0.038293875055387616
meta_llama_llama_4_scout_17b_16e_instruct,GA_FIXED,shipping_discount,invalid,21,False,False,"[58.91433316529622, 107.17084503308956, False]",1.0,,0,8080,0.03839016705751419
meta_llama_llama_4_scout_17b_16e_instruct,GA_FIXED,shipping_discount,invalid,22,False,False,"[134.66588926133164, 216.04748710611312, True]",1.0,,0,8080,0.03833829204086214
meta_llama_llama_4_scout_17b_16e_instruct,GA_FIXED,shipping_discount,invalid,23,False,False,"[187.91498070229846, 130.57831213356445, True]",1.0,,0,8080,0.038591125048696995
meta_llama_llama_4_scout_17b_16e_instruct,GA_FIXED,shipping_discount,invalid,24,False,False,"[114.05700718921337, 48.52936745500843, True]",1.0,,0,8080,0.03833400004077703
meta_llama_llama_4_scout_17b_16e_instruct,GA_FIXED,shipping_discount,invalid,25,False,False,"[139.87943095763822, 5.536922028504043, False]",1.0,,0,8080,0.038597833015955985
meta_llama_llama_4_scout_17b_16e_instruct,GA_FIXED,shipping_discount,invalid,26,False,False,"[251.2723874938263, 61.461848799665354, False]",1.0,,0,8080,0.03860241698566824
meta_llama_llama_4_scout_17b_16e_instruct,GA_FIXED,shipping_discount,invalid,27,False,False,"[268.2881257208166, 116.74331072619756, False]",1.0,,0,8080,0.03860079206060618
meta_llama_llama_4_scout_17b_16e_instruct,GA_FIXED,shipping_discount,invalid,28,False,False,"[9.708044185799004, 21.945185374247135, True]",1.0,,0,8080,0.038472792017273605
meta_llama_llama_4_scout_17b_16e_instruct,GA_FIXED,shipping_discount,invalid,29,False,False,"[90.85931421049344, 212.94398061246645, True]",1.0,,0,8080,0.03834341699257493
meta_llama_llama_4_scout_17b_16e_instruct,GA_FIXED,shipping_discount,free_express_shipping,0,True,True,"[244.93254778348916, 46.52371529084748, True]",0.0,free_express_shipping,0,80,9.550002869218588e-05
meta_llama_llama_4_scout_17b_16e_instruct,GA_FIXED,shipping_discount,free_express_shipping,1,True,True,"[232.33459749552742, 41.067297690719165, True]",0.0,free_express_shipping,0,80,9.029102511703968e-05
meta_llama_llama_4_scout_17b_16e_instruct,GA_FIXED,shipping_discount,free_express_shipping,2,True,True,"[262.5300971866786, 3.023069872080242, True]",0.0,free_express_shipping,0,80,8.808297570794821e-05
meta_llama_llama_4_scout_17b_16e_instruct,GA_FIXED,shipping_discount,free_express_shipping,3,True,True,"[250.3581809233639, 29.98083491435918, True]",0.0,free_express_shipping,0,80,8.670799434185028e-05
meta_llama_llama_4_scout_17b_16e_instruct,GA_FIXED,shipping_discount,free_express_shipping,4,True,True,"[246.24122783963122, 40.95894139418438, True]",0.0,free_express_shipping,0,80,8.66670161485672e-05
meta_llama_llama_4_scout_17b_16e_instruct,GA_FIXED,shipping_discount,free_express_shipping,5,True,True,"[259.0016529000136, 20.87118477209353, True]",0.0,free_express_shipping,0,80,8.683302439749241e-05
meta_llama_llama_4_scout_17b_16e_instruct,GA_FIXED,shipping_discount,free_express_shipping,6,True,True,"[274.5698273702677, 29.914595618730633, True]",0.0,free_express_shipping,0,80,8.679204620420933e-05
meta_llama_llama_4_scout_17b_16e_instruct,GA_FIXED,shipping_discount,free_express_shipping,7,True,True,"[290.314051875582, 1.9516663273021928, True]",0.0,free_express_shipping,0,80,8.62079905346036e-05
meta_llama_llama_4_scout_17b_16e_instruct,GA_FIXED,shipping_discount,free_express_shipping,8,True,True,"[223.30914806044902, 36.33209920947894, True]",0.0,free_express_shipping,1,160,0.0004923749947920442
meta_llama_llama_4_scout_17b_16e_instruct,GA_FIXED,shipping_discount,free_express_shipping,9,True,True,"[268.1882260493768, 1.9159595247149719, True]",0.0,free_express_shipping,0,80,8.858297951519489e-05
meta_llama_llama_4_scout_17b_16e_instruct,GA_FIXED,shipping_discount,free_express_shipping,10,True,True,"[211.34402418141713, 8.018353708976612, True]",0.0,free_express_shipping,0,80,8.800008799880743e-05
meta_llama_llama_4_scout_17b_16e_instruct,GA_FIXED,shipping_discount,free_express_shipping,11,True,True,"[209.28803024273367, 19.480010660170166, True]",0.0,free_express_shipping,0,80,8.716597221791744e-05
meta_llama_llama_4_scout_17b_16e_instruct,GA_FIXED,shipping_discount,free_express_shipping,12,True,True,"[275.4555257409001, 17.799389144362966, True]",0.0,free_express_shipping,0,80,8.783303201198578e-05
meta_llama_llama_4_scout_17b_16e_instruct,GA_FIXED,shipping_discount,free_express_shipping,13,True,True,"[264.93134071776177, 48.35322782654692, True]",0.0,free_express_shipping,0,80,8.729193359613419e-05
meta_llama_llama_4_scout_17b_16e_instruct,GA_FIXED,shipping_discount,free_express_shipping,14,True,True,"[280.48876321004985, 15.950822019534883, True]",0.0,free_express_shipping,0,80,8.687505032867193e-05
meta_llama_llama_4_scout_17b_16e_instruct,GA_FIXED,shipping_discount,free_express_shipping,15,True,True,"[259.63717278687136, 10.724567283126385, True]",0.0,free_express_shipping,0,80,8.783303201198578e-05
meta_llama_llama_4_scout_17b_16e_instruct,GA_FIXED,shipping_discount,free_express_shipping,16,True,True,"[228.5870974495922, 47.426677661330594, True]",0.0,free_express_shipping,0,80,8.758297190070152e-05
meta_llama_llama_4_scout_17b_16e_instruct,GA_FIXED,shipping_discount,free_express_shipping,17,True,True,"[275.45475680276, 1.0473244877821752, True]",0.0,free_express_shipping,0,80,8.720799814909697e-05
meta_llama_llama_4_scout_17b_16e_instruct,GA_FIXED,shipping_discount,free_express_shipping,18,True,True,"[216.20705481233145, 41.11841443647799, True]",0.0,free_express_shipping,1,160,0.0004869590047746897
meta_llama_llama_4_scout_17b_16e_instruct,GA_FIXED,shipping_discount,free_express_shipping,19,True,True,"[231.41774111495454, 48.49997065021285, True]",0.0,free_express_shipping,0,80,8.77090496942401e-05
meta_llama_llama_4_scout_17b_16e_instruct,GA_FIXED,shipping_discount,free_express_shipping,20,True,True,"[240.65805668481207, 18.69040623350048, True]",0.0,free_express_shipping,0,80,8.650007657706738e-05
meta_llama_llama_4_scout_17b_16e_instruct,GA_FIXED,shipping_discount,free_express_shipping,21,True,True,"[278.6663323236256, 5.449524774920711, True]",0.0,free_express_shipping,0,80,8.679099846631289e-05
meta_llama_llama_4_scout_17b_16e_instruct,GA_FIXED,shipping_discount,free_express_shipping,22,True,True,"[293.1061278947941, 38.035983111253216, True]",0.0,free_express_shipping,0,80,8.599995635449886e-05
meta_llama_llama_4_scout_17b_16e_instruct,GA_FIXED,shipping_discount,free_express_shipping,23,True,True,"[285.7047330369717, 37.669121814914334, True]",0.0,free_express_shipping,1,160,0.0004886250244453549
meta_llama_llama_4_scout_17b_16e_instruct,GA_FIXED,shipping_discount,free_express_shipping,24,True,True,"[239.1341762792042, 40.218094364073174, True]",0.0,free_express_shipping,0,80,8.699996396899223e-05
meta_llama_llama_4_scout_17b_16e_instruct,GA_FIXED,shipping_discount,free_express_shipping,25,True,True,"[218.04836545009644, 18.073904015532026, True]",0.0,free_express_shipping,0,80,8.820905350148678e-05
meta_llama_llama_4_scout_17b_16e_instruct,GA_FIXED,shipping_discount,free_express_shipping,26,True,True,"[275.95079356085955, 11.8831236141404, True]",0.0,free_express_shipping,1,160,0.0004902920918539166
meta_llama_llama_4_scout_17b_16e_instruct,GA_FIXED,shipping_discount,free_express_shipping,27,True,True,"[290.665364206875, 20.84576971380363, True]",0.0,free_express_shipping,0,80,8.749996777623892e-05
meta_llama_llama_4_scout_17b_16e_instruct,GA_FIXED,shipping_discount,free_express_shipping,28,True,True,"[243.7117822741048, 4.142896563013587, True]",0.0,free_express_shipping,0,80,8.63329041749239e-05
meta_llama_llama_4_scout_17b_16e_instruct,GA_FIXED,shipping_discount,free_express_shipping,29,True,True,"[274.5830926373128, 24.473963165934997, True]",0.0,free_express_shipping,0,80,8.720904588699341e-05
meta_llama_llama_4_scout_17b_16e_instruct,GA_FIXED,shipping_discount,standard_discount,0,True,True,"[122.92272100204487, 10.724278834961298, False]",0.0,standard_discount,0,80,8.975004311650991e-05
meta_llama_llama_4_scout_17b_16e_instruct,GA_FIXED,shipping_discount,standard_discount,1,True,True,"[145.17102284051083, 28.165660095591683, True]",0.0,standard_discount,0,80,8.812500163912773e-05
meta_llama_llama_4_scout_17b_16e_instruct,GA_FIXED,shipping_discount,standard_discount,2,True,True,"[259.0108237582899, 80.2739802130046, False]",0.0,standard_discount,0,80,8.720799814909697e-05
meta_llama_llama_4_scout_17b_16e_instruct,GA_FIXED,shipping_discount,standard_discount,3,True,True,"[297.88591091860405, 4.088692681464689, False]",0.0,standard_discount,0,80,8.587492629885674e-05
meta_llama_llama_4_scout_17b_16e_instruct,GA_FIXED,shipping_discount,standard_discount,4,True,True,"[173.2069766106232, 26.956024789916988, True]",0.0,standard_discount,0,80,8.716597221791744e-05
meta_llama_llama_4_scout_17b_16e_instruct,GA_FIXED,shipping_discount,standard_discount,5,True,True,"[276.44638993039246, 87.60696611282216, False]",0.0,standard_discount,0,80,8.700008038431406e-05
meta_llama_llama_4_scout_17b_16e_instruct,GA_FIXED,shipping_discount,standard_discount,6,True,True,"[181.70647332346786, 75.045753097653, True]",0.0,standard_discount,0,80,8.641695603728294e-05
meta_llama_llama_4_scout_17b_16e_instruct,GA_FIXED,shipping_discount,standard_discount,7,True,True,"[217.05525097438155, 61.60727960570658, True]",0.0,standard_discount,0,80,8.658308070152998e-05
meta_llama_llama_4_scout_17b_16e_instruct,GA_FIXED,shipping_discount,standard_discount,8,True,True,"[178.01384050466652, 98.49020867664154, False]",0.0,standard_discount,0,80,8.600007276982069e-05
meta_llama_llama_4_scout_17b_16e_instruct,GA_FIXED,shipping_discount,standard_discount,9,True,True,"[240.30385796304944, 60.34408541744239, True]",0.0,standard_discount,0,80,8.658296428620815e-05
meta_llama_llama_4_scout_17b_16e_instruct,GA_FIXED,shipping_discount,standard_discount,10,True,True,"[272.1467031261394, 28.965879640574986, False]",0.0,standard_discount,0,80,8.687505032867193e-05
meta_llama_llama_4_scout_17b_16e_instruct,GA_FIXED,shipping_discount,standard_discount,11,True,True,"[109.73623068068386, 26.373719028165056, True]",0.0,standard_discount,0,80,8.708308450877666e-05
meta_llama_llama_4_scout_17b_16e_instruct,GA_FIXED,shipping_discount,standard_discount,12,True,True,"[219.36892107031596, 77.78704897448884, False]",0.0,standard_discount,0,80,8.637493010610342e-05
meta_llama_llama_4_scout_17b_16e_instruct,GA_FIXED,shipping_discount,standard_discount,13,True,True,"[120.92839857076548, 57.68497375438479, True]",0.0,standard_discount,0,80,9.537499863654375e-05
meta_llama_llama_4_scout_17b_16e_instruct,GA_FIXED,shipping_discount,standard_discount,14,True,True,"[224.40397911112575, 62.30426252361817, True]",0.0,standard_discount,0,80,9.045808110386133e-05
meta_llama_llama_4_scout_17b_16e_instruct,GA_FIXED,shipping_discount,standard_discount,15,True,True,"[253.92502515106762, 3.7095523272302366, False]",0.0,standard_discount,0,80,8.662499021738768e-05
meta_llama_llama_4_scout_17b_16e_instruct,GA_FIXED,shipping_discount,standard_discount,16,True,True,"[188.44304146319598, 69.07770784103128, True]",0.0,standard_discount,0,80,8.583301678299904e-05
meta_llama_llama_4_scout_17b_16e_instruct,GA_FIXED,shipping_discount,standard_discount,17,True,True,"[133.6755126624124, 91.40575669283535, True]",0.0,standard_discount,0,80,8.73330282047391e-05
meta_llama_llama_4_scout_17b_16e_instruct,GA_FIXED,shipping_discount,standard_discount,18,True,True,"[168.58152233126927, 55.3495892648981, True]",0.0,standard_discount,0,80,9.216705802828074e-05
meta_llama_llama_4_scout_17b_16e_instruct,GA_FIXED,shipping_discount,standard_discount,19,True,True,"[106.63879116155441, 70.14786832362935, False]",0.0,standard_discount,0,80,9.112502448260784e-05
meta_llama_llama_4_scout_17b_16e_instruct,GA_FIXED,shipping_discount,standard_discount,20,True,True,"[185.16536126390494, 41.04156025789716, True]",0.0,standard_discount,0,80,8.887506555765867e-05
meta_llama_llama_4_scout_17b_16e_instruct,GA_FIXED,shipping_discount,standard_discount,21,True,True,"[275.7004468824757, 36.069760369141804, False]",0.0,standard_discount,0,80,8.712499402463436e-05
meta_llama_llama_4_scout_17b_16e_instruct,GA_FIXED,shipping_discount,standard_discount,22,True,True,"[226.16699030321828, 96.30322028263578, False]",0.0,standard_discount,0,80,8.712499402463436e-05
meta_llama_llama_4_scout_17b_16e_instruct,GA_FIXED,shipping_discount,standard_discount,23,True,True,"[193.59271954097647, 25.172080210988888, True]",0.0,standard_discount,0,80,8.641707245260477e-05
meta_llama_llama_4_scout_17b_16e_instruct,GA_FIXED,shipping_discount,standard_discount,24,True,True,"[163.52221579743528, 59.45630789782539, True]",0.0,standard_discount,0,80,8.833396714180708e-05
meta_llama_llama_4_scout_17b_16e_instruct,GA_FIXED,shipping_discount,standard_discount,25,True,True,"[244.6356583611179, 56.55316769577995, False]",0.0,standard_discount,0,80,8.737505413591862e-05
meta_llama_llama_4_scout_17b_16e_instruct,GA_FIXED,shipping_discount,standard_discount,26,True,True,"[267.4441195563148, 4.6380490071217695, False]",0.0,standard_discount,0,80,8.616701234132051e-05
meta_llama_llama_4_scout_17b_16e_instruct,GA_FIXED,shipping_discount,standard_discount,27,True,True,"[216.9301885276288, 96.62937372272931, False]",0.0,standard_discount,0,80,8.67500202730298e-05
meta_llama_llama_4_scout_17b_16e_instruct,GA_FIXED,shipping_discount,standard_discount,28,True,True,"[137.59540519562964, 68.25007273666527, False]",0.0,standard_discount,0,80,8.670799434185028e-05
meta_llama_llama_4_scout_17b_16e_instruct,GA_FIXED,shipping_discount,standard_discount,29,True,True,"[226.06528949300747, 76.924177989393, False]",0.0,standard_discount,0,80,8.695898577570915e-05
meta_llama_llama_4_scout_17b_16e_instruct,GA_FIXED,shipping_discount,small_discount,0,True,True,"[52.18138905444152, 50.985565169924406, True]",0.0,small_discount,0,80,8.895806968212128e-05
meta_llama_llama_4_scout_17b_16e_instruct,GA_FIXED,shipping_discount,small_discount,1,True,True,"[274.67871158808714, 222.31057707279484, True]",0.0,small_discount,0,80,8.708401583135128e-05
meta_llama_llama_4_scout_17b_16e_instruct,GA_FIXED,shipping_discount,small_discount,2,True,True,"[192.80711646669465, 102.40268851064306, True]",0.0,small_discount,0,80,8.741696365177631e-05
meta_llama_llama_4_scout_17b_16e_instruct,GA_FIXED,shipping_discount,small_discount,3,True,True,"[275.98595534427136, 276.363091813989, False]",0.0,small_discount,0,80,8.599995635449886e-05
meta_llama_llama_4_scout_17b_16e_instruct,GA_FIXED,shipping_discount,small_discount,4,True,True,"[147.07904496672066, 248.81338104059796, False]",0.0,small_discount,0,80,8.599995635449886e-05
meta_llama_llama_4_scout_17b_16e_instruct,GA_FIXED,shipping_discount,small_discount,5,True,True,"[60.20115830377143, 272.3622756341303, False]",0.0,small_discount,0,80,8.816597983241081e-05
meta_llama_llama_4_scout_17b_16e_instruct,GA_FIXED,shipping_discount,small_discount,6,True,True,"[174.69233797626134, 127.0913463721852, False]",0.0,small_discount,0,80,8.587492629885674e-05
meta_llama_llama_4_scout_17b_16e_instruct,GA_FIXED,shipping_discount,small_discount,7,True,True,"[109.41124248867469, 297.54648861014215, False]",0.0,small_discount,0,80,8.762499783188105e-05
meta_llama_llama_4_scout_17b_16e_instruct,GA_FIXED,shipping_discount,small_discount,8,True,True,"[278.3036184893707, 145.61988108693228, False]",0.0,small_discount,0,80,8.804106619209051e-05
meta_llama_llama_4_scout_17b_16e_instruct,GA_FIXED,shipping_discount,small_discount,9,True,True,"[171.03757327557068, 247.0812757743984, True]",0.0,small_discount,0,80,8.658296428620815e-05
meta_llama_llama_4_scout_17b_16e_instruct,GA_FIXED,shipping_discount,small_discount,10,True,True,"[99.76010542114003, 61.422475104724974, True]",0.0,small_discount,0,80,8.770800195634365e-05
meta_llama_llama_4_scout_17b_16e_instruct,GA_FIXED,shipping_discount,small_discount,11,True,True,"[81.50515083787054, 117.11397490810802, False]",0.0,small_discount,0,80,8.670799434185028e-05
meta_llama_llama_4_scout_17b_16e_instruct,GA_FIXED,shipping_discount,small_discount,12,True,True,"[246.93027684297007, 166.10831827139725, True]",0.0,small_discount,0,80,8.724990766495466e-05
meta_llama_llama_4_scout_17b_16e_instruct,GA_FIXED,shipping_discount,small_discount,13,True,True,"[119.60412852795046, 143.14009016691526, False]",0.0,small_discount,0,80,8.829205762594938e-05
meta_llama_llama_4_scout_17b_16e_instruct,GA_FIXED,shipping_discount,small_discount,14,True,True,"[167.9714888366503, 165.2837581543129, False]",0.0,small_discount,0,80,8.708401583135128e-05
meta_llama_llama_4_scout_17b_16e_instruct,GA_FIXED,shipping_discount,small_discount,15,True,True,"[250.00515298725975, 155.23356092494265, True]",0.0,small_discount,0,80,8.612498641014099e-05
meta_llama_llama_4_scout_17b_16e_instruct,GA_FIXED,shipping_discount,small_discount,16,True,True,"[175.14875196771783, 215.93324823228795, True]",0.0,small_discount,0,80,8.637493010610342e-05
meta_llama_llama_4_scout_17b_16e_instruct,GA_FIXED,shipping_discount,small_discount,17,True,True,"[135.78140580265816, 252.36502141538554, False]",0.0,small_discount,0,80,8.758401963859797e-05
meta_llama_llama_4_scout_17b_16e_instruct,GA_FIXED,shipping_discount,small_discount,18,True,True,"[86.2304144763482, 139.0967395827033, True]",0.0,small_discount,0,80,8.654105477035046e-05
meta_llama_llama_4_scout_17b_16e_instruct,GA_FIXED,shipping_discount,small_discount,19,True,True,"[165.81199908460533, 156.09371333127805, True]",0.0,small_discount,0,80,8.68749339133501e-05
meta_llama_llama_4_scout_17b_16e_instruct,GA_FIXED,shipping_discount,small_discount,20,True,True,"[54.617256061079864, 50.56196792302886, True]",0.0,small_discount,0,80,8.787494152784348e-05
meta_llama_llama_4_scout_17b_16e_instruct,GA_FIXED,shipping_discount,small_discount,21,True,True,"[247.84097123381028, 158.76104299413325, False]",0.0,small_discount,0,80,8.79999715834856e-05
meta_llama_llama_4_scout_17b_16e_instruct,GA_FIXED,shipping_discount,small_discount,22,True,True,"[269.16447794425596, 127.31345010853516, True]",0.0,small_discount,0,80,8.687505032867193e-05
meta_llama_llama_4_scout_17b_16e_instruct,GA_FIXED,shipping_discount,small_discount,23,True,True,"[216.37557950889746, 272.4830943607141, True]",0.0,small_discount,0,80,8.662499021738768e-05
meta_llama_llama_4_scout_17b_16e_instruct,GA_FIXED,shipping_discount,small_discount,24,True,True,"[61.275163625974585, 43.21630248706274, True]",0.0,small_discount,0,80,8.699996396899223e-05
meta_llama_llama_4_scout_17b_16e_instruct,GA_FIXED,shipping_discount,small_discount,25,True,True,"[123.82588689019937, 179.25141631978977, False]",0.0,small_discount,0,80,8.67500202730298e-05
meta_llama_llama_4_scout_17b_16e_instruct,GA_FIXED,shipping_discount,small_discount,26,True,True,"[102.44750980904664, 235.23274190700218, True]",0.0,small_discount,0,80,8.949998300522566e-05
meta_llama_llama_4_scout_17b_16e_instruct,GA_FIXED,shipping_discount,small_discount,27,True,True,"[153.72315114509482, 165.64134564264148, True]",0.0,small_discount,0,80,8.691707625985146e-05
meta_llama_llama_4_scout_17b_16e_instruct,GA_FIXED,shipping_discount,small_discount,28,True,True,"[131.4798324537174, 204.98481408799685, True]",0.0,small_discount,0,80,8.579192217439413e-05
meta_llama_llama_4_scout_17b_16e_instruct,GA_FIXED,shipping_discount,small_discount,29,True,True,"[123.31959451233124, 279.79579621748616, True]",0.0,small_discount,0,80,8.66670161485672e-05
meta_llama_llama_4_scout_17b_16e_instruct,GA_FIXED,shipping_discount,no_discount,0,True,True,"[25.01680313821062, 146.005520700889, False]",0.0,no_discount,0,80,7.687509059906006e-05
meta_llama_llama_4_scout_17b_16e_instruct,GA_FIXED,shipping_discount,no_discount,1,True,True,"[23.94773812442459, 235.44903400993354, False]",0.0,no_discount,0,80,7.716706022620201e-05
meta_llama_llama_4_scout_17b_16e_instruct,GA_FIXED,shipping_discount,no_discount,2,True,True,"[48.818384516874744, 75.33570484414598, False]",0.0,no_discount,0,80,7.595797069370747e-05
meta_llama_llama_4_scout_17b_16e_instruct,GA_FIXED,shipping_discount,no_discount,3,True,True,"[20.591406795391077, 183.74393225176215, False]",0.0,no_discount,0,80,7.629103492945433e-05
meta_llama_llama_4_scout_17b_16e_instruct,GA_FIXED,shipping_discount,no_discount,4,True,True,"[36.90247245851196, 170.32496210730324, False]",0.0,no_discount,0,80,7.620803080499172e-05
meta_llama_llama_4_scout_17b_16e_instruct,GA_FIXED,shipping_discount,no_discount,5,True,True,"[26.485851461224243, 108.42458317798499, False]",0.0,no_discount,0,80,7.512501906603575e-05
meta_llama_llama_4_scout_17b_16e_instruct,GA_FIXED,shipping_discount,no_discount,6,True,True,"[2.7730661675925528, 256.457522967247, False]",0.0,no_discount,0,80,7.64590222388506e-05
meta_llama_llama_4_scout_17b_16e_instruct,GA_FIXED,shipping_discount,no_discount,7,True,True,"[29.25329098738648, 263.8151006780239, False]",0.0,no_discount,0,80,7.466704118996859e-05
meta_llama_llama_4_scout_17b_16e_instruct,GA_FIXED,shipping_discount,no_discount,8,True,True,"[19.42189370672792, 32.87136513644203, False]",0.0,no_discount,0,80,7.512501906603575e-05
meta_llama_llama_4_scout_17b_16e_instruct,GA_FIXED,shipping_discount,no_discount,9,True,True,"[28.515552772801524, 78.4008304470249, False]",0.0,no_discount,0,80,7.579103112220764e-05
meta_llama_llama_4_scout_17b_16e_instruct,GA_FIXED,shipping_discount,no_discount,10,True,True,"[11.241715201891477, 119.3394704321478, False]",0.0,no_discount,0,80,7.508299313485622e-05
meta_llama_llama_4_scout_17b_16e_instruct,GA_FIXED,shipping_discount,no_discount,11,True,True,"[48.57995594160808, 185.15422515984775, False]",0.0,no_discount,0,80,7.595808710902929e-05
meta_llama_llama_4_scout_17b_16e_instruct,GA_FIXED,shipping_discount,no_discount,12,True,True,"[28.593337255355145, 81.83755526157591, False]",0.0,no_discount,0,80,7.54169886931777e-05
meta_llama_llama_4_scout_17b_16e_instruct,GA_FIXED,shipping_discount,no_discount,13,True,True,"[1.4923366158205997, 186.79768324948094, False]",0.0,no_discount,0,80,7.566704880446196e-05
meta_llama_llama_4_scout_17b_16e_instruct,GA_FIXED,shipping_discount,no_discount,14,True,True,"[23.40222463151006, 176.06083257815206, False]",0.0,no_discount,0,80,7.54999928176403e-05
meta_llama_llama_4_scout_17b_16e_instruct,GA_FIXED,shipping_discount,no_discount,15,True,True,"[39.48591111320427, 78.14431185094321, False]",0.0,no_discount,0,80,7.591699250042439e-05
meta_llama_llama_4_scout_17b_16e_instruct,GA_FIXED,shipping_discount,no_discount,16,True,True,"[33.593590446489316, 263.88959993254207, False]",0.0,no_discount,0,80,7.516704499721527e-05
meta_llama_llama_4_scout_17b_16e_instruct,GA_FIXED,shipping_discount,no_discount,17,True,True,"[27.43238016809203, 14.13446147480627, False]",0.0,no_discount,0,80,7.537507917732e-05
meta_llama_llama_4_scout_17b_16e_instruct,GA_FIXED,shipping_discount,no_discount,18,True,True,"[33.78800909207875, 125.67279655687035, False]",0.0,no_discount,0,80,7.566704880446196e-05
meta_llama_llama_4_scout_17b_16e_instruct,GA_FIXED,shipping_discount,no_discount,19,True,True,"[9.619423659647996, 230.46583610478734, False]",0.0,no_discount,0,80,7.487495895475149e-05
meta_llama_llama_4_scout_17b_16e_instruct,GA_FIXED,shipping_discount,no_discount,20,True,True,"[22.556846971299148, 264.54689199015974, False]",0.0,no_discount,0,80,7.591699250042439e-05
meta_llama_llama_4_scout_17b_16e_instruct,GA_FIXED,shipping_discount,no_discount,21,True,True,"[19.889916412796318, 11.697930431997804, False]",0.0,no_discount,0,80,7.529195863753557e-05
meta_llama_llama_4_scout_17b_16e_instruct,GA_FIXED,shipping_discount,no_discount,22,True,True,"[20.972575185145114, 286.30368402481474, False]",0.0,no_discount,0,80,7.783295586705208e-05
meta_llama_llama_4_scout_17b_16e_instruct,GA_FIXED,shipping_discount,no_discount,23,True,True,"[37.90809240681357, 45.39797390127933, False]",0.0,no_discount,0,80,7.620896212756634e-05
meta_llama_llama_4_scout_17b_16e_instruct,GA_FIXED,shipping_discount,no_discount,24,True,True,"[28.021874213417508, 26.231130048797745, False]",0.0,no_discount,0,80,7.508299313485622e-05
meta_llama_llama_4_scout_17b_16e_instruct,GA_FIXED,shipping_discount,no_discount,25,True,True,"[7.060325679561674, 123.6788717373036, False]",0.0,no_discount,0,80,8.729100227355957e-05
meta_llama_llama_4_scout_17b_16e_instruct,GA_FIXED,shipping_discount,no_discount,26,True,True,"[40.477194258657015, 171.8457157815022, False]",0.0,no_discount,0,80,7.595797069370747e-05
meta_llama_llama_4_scout_17b_16e_instruct,GA_FIXED,shipping_discount,no_discount,27,True,True,"[39.343670361578596, 103.4567733763893, False]",0.0,no_discount,0,80,7.604190614074469e-05
meta_llama_llama_4_scout_17b_16e_instruct,GA_FIXED,shipping_discount,no_discount,28,True,True,"[34.10224679522425, 217.48457161007386, False]",0.0,no_discount,0,80,7.595797069370747e-05
meta_llama_llama_4_scout_17b_16e_instruct,GA_FIXED,shipping_discount,no_discount,29,True,True,"[25.900077308138737, 96.46523945631834, False]",0.0,no_discount,0,80,7.620803080499172e-05
meta_llama_llama_4_scout_17b_16e_instruct,GA_FIXED,sign_type,positive,0,True,True,[242.62330713561298],0.0,positive,0,80,4.2209052480757236e-05
meta_llama_llama_4_scout_17b_16e_instruct,GA_FIXED,sign_type,positive,1,True,True,[707.1929785474777],0.0,positive,0,80,3.945804201066494e-05
meta_llama_llama_4_scout_17b_16e_instruct,GA_FIXED,sign_type,positive,2,True,True,[911.3595826538891],0.0,positive,0,80,3.970798570662737e-05
meta_llama_llama_4_scout_17b_16e_instruct,GA_FIXED,sign_type,positive,3,True,True,[249.87716833899432],0.0,positive,0,80,3.9332895539700985e-05
meta_llama_llama_4_scout_17b_16e_instruct,GA_FIXED,sign_type,positive,4,True,True,[78.17471193029624],0.0,positive,0,80,4.0334067307412624e-05
meta_llama_llama_4_scout_17b_16e_instruct,GA_FIXED,sign_type,positive,5,True,True,[365.0903974469966],0.0,positive,0,80,3.954197745770216e-05
meta_llama_llama_4_scout_17b_16e_instruct,GA_FIXED,sign_type,positive,6,True,True,[820.188786700464],0.0,positive,0,80,3.883300814777613e-05
meta_llama_llama_4_scout_17b_16e_instruct,GA_FIXED,sign_type,positive,7,True,True,[558.3516233551779],0.0,positive,0,80,3.895792178809643e-05
meta_llama_llama_4_scout_17b_16e_instruct,GA_FIXED,sign_type,positive,8,True,True,[671.1290439182922],0.0,positive,0,80,3.966700751334429e-05
meta_llama_llama_4_scout_17b_16e_instruct,GA_FIXED,sign_type,positive,9,True,True,[626.1976729816793],0.0,positive,0,80,3.9499951526522636e-05
meta_llama_llama_4_scout_17b_16e_instruct,GA_FIXED,sign_type,positive,10,True,True,[102.8750107721561],0.0,positive,0,80,3.954197745770216e-05
meta_llama_llama_4_scout_17b_16e_instruct,GA_FIXED,sign_type,positive,11,True,True,[215.33432049704248],0.0,positive,0,80,3.954197745770216e-05
meta_llama_llama_4_scout_17b_16e_instruct,GA_FIXED,sign_type,positive,12,True,True,[94.95760701073364],0.0,positive,0,80,3.958307206630707e-05
meta_llama_llama_4_scout_17b_16e_instruct,GA_FIXED,sign_type,positive,13,True,True,[172.19425439721647],0.0,positive,0,80,3.912497777491808e-05
meta_llama_llama_4_scout_17b_16e_instruct,GA_FIXED,sign_type,positive,14,True,True,[345.6131795992304],0.0,positive,0,80,3.954197745770216e-05
meta_llama_llama_4_scout_17b_16e_instruct,GA_FIXED,sign_type,positive,15,True,True,[549.1730068415263],0.0,positive,0,80,3.883405588567257e-05
meta_llama_llama_4_scout_17b_16e_instruct,GA_FIXED,sign_type,positive,16,True,True,[702.8956817613577],0.0,positive,0,80,3.9207981899380684e-05
meta_llama_llama_4_scout_17b_16e_instruct,GA_FIXED,sign_type,positive,17,True,True,[642.469270784279],0.0,positive,0,80,3.9375037886202335e-05
meta_llama_llama_4_scout_17b_16e_instruct,GA_FIXED,sign_type,positive,18,True,True,[226.78482252205012],0.0,positive,0,80,3.887503407895565e-05
meta_llama_llama_4_scout_17b_16e_instruct,GA_FIXED,sign_type,positive,19,True,True,[288.4089891057875],0.0,positive,0,80,3.958307206630707e-05
meta_llama_llama_4_scout_17b_16e_instruct,GA_FIXED,sign_type,positive,20,True,True,[642.6573334004541],0.0,positive,0,80,3.9624981582164764e-05
meta_llama_llama_4_scout_17b_16e_instruct,GA_FIXED,sign_type,positive,21,True,True,[131.38568584847732],0.0,positive,0,80,3.941694740206003e-05
meta_llama_llama_4_scout_17b_16e_instruct,GA_FIXED,sign_type,positive,22,True,True,[891.7364589123241],0.0,positive,0,80,3.912497777491808e-05
meta_llama_llama_4_scout_17b_16e_instruct,GA_FIXED,sign_type,positive,23,True,True,[926.6577872803632],0.0,positive,0,80,3.950006794184446e-05
meta_llama_llama_4_scout_17b_16e_instruct,GA_FIXED,sign_type,positive,24,True,True,[582.1455839538382],0.0,positive,0,80,3.912497777491808e-05
meta_llama_llama_4_scout_17b_16e_instruct,GA_FIXED,sign_type,positive,25,True,True,[988.8392327677659],0.0,positive,0,80,3.904104232788086e-05
meta_llama_llama_4_scout_17b_16e_instruct,GA_FIXED,sign_type,positive,26,True,True,[488.3116030498242],0.0,positive,0,80,3.9207981899380684e-05
meta_llama_llama_4_scout_17b_16e_instruct,GA_FIXED,sign_type,positive,27,True,True,[927.2881770343705],0.0,positive,0,80,3.8958038203418255e-05
meta_llama_llama_4_scout_17b_16e_instruct,GA_FIXED,sign_type,positive,28,True,True,[189.06402645033938],0.0,positive,0,80,3.895896952599287e-05
meta_llama_llama_4_scout_17b_16e_instruct,GA_FIXED,sign_type,positive,29,True,True,[552.2593602269513],0.0,positive,0,80,3.999995533376932e-05
meta_llama_llama_4_scout_17b_16e_instruct,GA_FIXED,sign_type,negative,0,True,True,[0.0],0.0,negative,33,2720,0.010045333066955209
meta_llama_llama_4_scout_17b_16e_instruct,GA_FIXED,sign_type,negative,1,True,True,[0.0],0.0,negative,3,320,0.0009542079642415047
meta_llama_llama_4_scout_17b_16e_instruct,GA_FIXED,sign_type,negative,2,True,True,[0.0],0.0,negative,13,1120,0.003967916942201555
meta_llama_llama_4_scout_17b_16e_instruct,GA_FIXED,sign_type,negative,3,True,True,[0.0],0.0,negative,39,3200,0.011808000039309263
meta_llama_llama_4_scout_17b_16e_instruct,GA_FIXED,sign_type,negative,4,True,True,[0.0],0.0,negative,10,880,0.003044749959371984
meta_llama_llama_4_scout_17b_16e_instruct,GA_FIXED,sign_type,negative,5,True,True,[0.0],0.0,negative,9,800,0.002746957936324179
meta_llama_llama_4_scout_17b_16e_instruct,GA_FIXED,sign_type,negative,6,True,True,[0.0],0.0,negative,22,1840,0.006649082992225885
meta_llama_llama_4_scout_17b_16e_instruct,GA_FIXED,sign_type,negative,7,True,True,[0.0],0.0,negative,8,720,0.002445541089400649
meta_llama_llama_4_scout_17b_16e_instruct,GA_FIXED,sign_type,negative,8,True,True,[0.0],0.0,negative,17,1440,0.005145416012965143
meta_llama_llama_4_scout_17b_16e_instruct,GA_FIXED,sign_type,negative,9,True,True,[0.0],0.0,negative,5,480,0.0015452499501407146
meta_llama_llama_4_scout_17b_16e_instruct,GA_FIXED,sign_type,negative,10,True,True,[0.0],0.0,negative,10,880,0.0030525000765919685
meta_llama_llama_4_scout_17b_16e_instruct,GA_FIXED,sign_type,negative,11,True,True,[0.0],0.0,negative,10,880,0.003079624962992966
meta_llama_llama_4_scout_17b_16e_instruct,GA_FIXED,sign_type,negative,12,True,True,[0.0],0.0,negative,1,160,0.00034449994564056396
meta_llama_llama_4_scout_17b_16e_instruct,GA_FIXED,sign_type,negative,13,True,True,[0.0],0.0,negative,14,1200,0.0042460409458726645
meta_llama_llama_4_scout_17b_16e_instruct,GA_FIXED,sign_type,negative,14,True,True,[0.0],0.0,negative,5,480,0.0015516250859946012
meta_llama_llama_4_scout_17b_16e_instruct,GA_FIXED,sign_type,negative,15,True,True,[0.0],0.0,negative,16,1360,0.004912624950520694
meta_llama_llama_4_scout_17b_16e_instruct,GA_FIXED,sign_type,negative,16,True,True,[0.0],0.0,negative,27,2240,0.008156750001944602
meta_llama_llama_4_scout_17b_16e_instruct,GA_FIXED,sign_type,negative,17,True,True,[0.0],0.0,negative,30,2480,0.009099749964661896
meta_llama_llama_4_scout_17b_16e_instruct,GA_FIXED,sign_type,negative,18,True,True,[0.0],0.0,negative,11,960,0.003354832995682955
meta_llama_llama_4_scout_17b_16e_instruct,GA_FIXED,sign_type,negative,19,True,True,[0.0],0.0,negative,6,560,0.0018752079922705889
meta_llama_llama_4_scout_17b_16e_instruct,GA_FIXED,sign_type,negative,20,True,True,[0.0],0.0,negative,15,1280,0.004539415938779712
meta_llama_llama_4_scout_17b_16e_instruct,GA_FIXED,sign_type,negative,21,True,True,[0.0],0.0,negative,22,1840,0.006635291036218405
meta_llama_llama_4_scout_17b_16e_instruct,GA_FIXED,sign_type,negative,22,True,True,[0.0],0.0,negative,19,1600,0.005839208955876529
meta_llama_llama_4_scout_17b_16e_instruct,GA_FIXED,sign_type,negative,23,True,True,[0.0],0.0,negative,8,720,0.0024471250362694263
meta_llama_llama_4_scout_17b_16e_instruct,GA_FIXED,sign_type,negative,24,True,True,[0.0],0.0,negative,4,400,0.0012522090692073107
meta_llama_llama_4_scout_17b_16e_instruct,GA_FIXED,sign_type,negative,25,True,True,[0.0],0.0,negative,34,2800,0.010260959039442241
meta_llama_llama_4_scout_17b_16e_instruct,GA_FIXED,sign_type,negative,26,True,True,[0.0],0.0,negative,5,480,0.0015626249369233847
meta_llama_llama_4_scout_17b_16e_instruct,GA_FIXED,sign_type,negative,27,True,True,[0.0],0.0,negative,38,3120,0.01144866703543812
meta_llama_llama_4_scout_17b_16e_instruct,GA_FIXED,sign_type,negative,28,True,True,[0.0],0.0,negative,35,2880,0.010640333057381213
meta_llama_llama_4_scout_17b_16e_instruct,GA_FIXED,sign_type,negative,29,True,True,[0.0],0.0,negative,18,1520,0.005445749964565039
meta_llama_llama_4_scout_17b_16e_instruct,GA_FIXED,sign_type,zero,0,True,True,[0.0],0.0,zero,15,1280,0.004573083017021418
meta_llama_llama_4_scout_17b_16e_instruct,GA_FIXED,sign_type,zero,1,True,True,[0.0],0.0,zero,34,2800,0.010275833075866103
meta_llama_llama_4_scout_17b_16e_instruct,GA_FIXED,sign_type,zero,2,True,True,[0.0],0.0,zero,15,1280,0.004564250004477799
meta_llama_llama_4_scout_17b_16e_instruct,GA_FIXED,sign_type,zero,3,True,True,[0.0],0.0,zero,30,2480,0.009121209033764899
meta_llama_llama_4_scout_17b_16e_instruct,GA_FIXED,sign_type,zero,4,True,True,[0.0],0.0,zero,8,720,0.0025045409565791488
meta_llama_llama_4_scout_17b_16e_instruct,GA_FIXED,sign_type,zero,5,True,True,[0.0],0.0,zero,15,1280,0.004608333925716579
meta_llama_llama_4_scout_17b_16e_instruct,GA_FIXED,sign_type,zero,6,True,True,[0.0],0.0,zero,20,1680,0.006081167026422918
meta_llama_llama_4_scout_17b_16e_instruct,GA_FIXED,sign_type,zero,7,True,True,[0.0],0.0,zero,26,2160,0.007873166003264487
meta_llama_llama_4_scout_17b_16e_instruct,GA_FIXED,sign_type,zero,8,True,True,[0.0],0.0,zero,14,1200,0.00426404201425612
meta_llama_llama_4_scout_17b_16e_instruct,GA_FIXED,sign_type,zero,9,True,True,[0.0],0.0,zero,5,480,0.001563624944537878
meta_llama_llama_4_scout_17b_16e_instruct,GA_FIXED,sign_type,zero,10,True,True,[0.0],0.0,zero,6,560,0.0018527500797063112
meta_llama_llama_4_scout_17b_16e_instruct,GA_FIXED,sign_type,zero,11,True,True,[0.0],0.0,zero,20,1680,0.006075458019040525
meta_llama_llama_4_scout_17b_16e_instruct,GA_FIXED,sign_type,zero,12,True,True,[0.0],0.0,zero,10,880,0.003123207949101925
meta_llama_llama_4_scout_17b_16e_instruct,GA_FIXED,sign_type,zero,13,True,True,[0.0],0.0,zero,38,3120,0.011478125001303852
meta_llama_llama_4_scout_17b_16e_instruct,GA_FIXED,sign_type,zero,14,True,True,[0.0],0.0,zero,10,880,0.0030507500050589442
meta_llama_llama_4_scout_17b_16e_instruct,GA_FIXED,sign_type,zero,15,True,True,[0.0],0.0,zero,12,1040,0.003658791887573898
meta_llama_llama_4_scout_17b_16e_instruct,GA_FIXED,sign_type,zero,16,True,True,[0.0],0.0,zero,21,1760,0.00638858403544873
meta_llama_llama_4_scout_17b_16e_instruct,GA_FIXED,sign_type,zero,17,True,True,[0.0],0.0,zero,9,800,0.002770666964352131
meta_llama_llama_4_scout_17b_16e_instruct,GA_FIXED,sign_type,zero,18,True,True,[0.0],0.0,zero,13,1120,0.003957749926485121
meta_llama_llama_4_scout_17b_16e_instruct,GA_FIXED,sign_type,zero,19,True,True,[0.0],0.0,zero,6,560,0.001847833045758307
meta_llama_llama_4_scout_17b_16e_instruct,GA_FIXED,sign_type,zero,20,True,True,[0.0],0.0,zero,31,2560,0.009514875011518598
meta_llama_llama_4_scout_17b_16e_instruct,GA_FIXED,sign_type,zero,21,True,True,[0.0],0.0,zero,4,400,0.0012769169406965375
meta_llama_llama_4_scout_17b_16e_instruct,GA_FIXED,sign_type,zero,22,True,True,[0.0],0.0,zero,14,1200,0.004289665957912803
meta_llama_llama_4_scout_17b_16e_instruct,GA_FIXED,sign_type,zero,23,True,True,[0.0],0.0,zero,17,1440,0.00520404102280736
meta_llama_llama_4_scout_17b_16e_instruct,GA_FIXED,sign_type,zero,24,True,True,[0.0],0.0,zero,13,1120,0.00400416599586606
meta_llama_llama_4_scout_17b_16e_instruct,GA_FIXED,sign_type,zero,25,True,True,[0.0],0.0,zero,15,1280,0.00458850001450628
meta_llama_llama_4_scout_17b_16e_instruct,GA_FIXED,sign_type,zero,26,True,True,[0.0],0.0,zero,17,1440,0.005188917042687535
meta_llama_llama_4_scout_17b_16e_instruct,GA_FIXED,sign_type,zero,27,True,True,[0.0],0.0,zero,12,1040,0.003697332926094532
meta_llama_llama_4_scout_17b_16e_instruct,GA_FIXED,sign_type,zero,28,True,True,[0.0],0.0,zero,4,400,0.0012835829984396696
meta_llama_llama_4_scout_17b_16e_instruct,GA_FIXED,sign_type,zero,29,True,True,[0.0],0.0,zero,4,400,0.0012793749338015914
meta_llama_llama_4_scout_17b_16e_instruct,GA_FIXED,string_category,empty,0,True,True,[''],0.0,empty,0,80,0.00017729098908603191
meta_llama_llama_4_scout_17b_16e_instruct,GA_FIXED,string_category,empty,1,True,True,[''],0.0,empty,0,80,0.00014399993233382702
meta_llama_llama_4_scout_17b_16e_instruct,GA_FIXED,string_category,empty,2,True,True,[''],0.0,empty,0,80,0.0001493329182267189
meta_llama_llama_4_scout_17b_16e_instruct,GA_FIXED,string_category,empty,3,True,True,[''],0.0,empty,0,80,0.0001569580053910613
meta_llama_llama_4_scout_17b_16e_instruct,GA_FIXED,string_category,empty,4,True,True,[''],0.0,empty,0,80,0.00014870800077915192
meta_llama_llama_4_scout_17b_16e_instruct,GA_FIXED,string_category,empty,5,True,True,[''],0.0,empty,0,80,0.0001469160197302699
meta_llama_llama_4_scout_17b_16e_instruct,GA_FIXED,string_category,empty,6,True,True,[''],0.0,empty,0,80,0.00015429197810590267
meta_llama_llama_4_scout_17b_16e_instruct,GA_FIXED,string_category,empty,7,True,True,[''],0.0,empty,0,80,0.00015374994836747646
meta_llama_llama_4_scout_17b_16e_instruct,GA_FIXED,string_category,empty,8,True,True,[''],0.0,empty,0,80,0.00014925003051757812
meta_llama_llama_4_scout_17b_16e_instruct,GA_FIXED,string_category,empty,9,True,True,[''],0.0,empty,0,80,0.00015237508341670036
meta_llama_llama_4_scout_17b_16e_instruct,GA_FIXED,string_category,empty,10,True,True,[''],0.0,empty,0,80,0.00015370803885161877
meta_llama_llama_4_scout_17b_16e_instruct,GA_FIXED,string_category,empty,11,True,True,[''],0.0,empty,0,80,0.00014229200314730406
meta_llama_llama_4_scout_17b_16e_instruct,GA_FIXED,string_category,empty,12,True,True,[''],0.0,empty,0,80,0.0001431669807061553
meta_llama_llama_4_scout_17b_16e_instruct,GA_FIXED,string_category,empty,13,True,True,[''],0.0,empty,0,80,0.00015487498603761196
meta_llama_llama_4_scout_17b_16e_instruct,GA_FIXED,string_category,empty,14,True,True,[''],0.0,empty,0,80,0.00015112501569092274
meta_llama_llama_4_scout_17b_16e_instruct,GA_FIXED,string_category,empty,15,True,True,[''],0.0,empty,0,80,0.00015258393250405788
meta_llama_llama_4_scout_17b_16e_instruct,GA_FIXED,string_category,empty,16,True,True,[''],0.0,empty,0,80,0.00014579202979803085
meta_llama_llama_4_scout_17b_16e_instruct,GA_FIXED,string_category,empty,17,True,True,[''],0.0,empty,0,80,0.0001443750225007534
meta_llama_llama_4_scout_17b_16e_instruct,GA_FIXED,string_category,empty,18,True,True,[''],0.0,empty,0,80,0.0001467500114813447
meta_llama_llama_4_scout_17b_16e_instruct,GA_FIXED,string_category,empty,19,True,True,[''],0.0,empty,0,80,0.0001496670302003622
meta_llama_llama_4_scout_17b_16e_instruct,GA_FIXED,string_category,empty,20,True,True,[''],0.0,empty,0,80,0.0001496670302003622
meta_llama_llama_4_scout_17b_16e_instruct,GA_FIXED,string_category,empty,21,True,True,[''],0.0,empty,0,80,0.00015079195145517588
meta_llama_llama_4_scout_17b_16e_instruct,GA_FIXED,string_category,empty,22,True,True,[''],0.0,empty,0,80,0.00015516695566475391
meta_llama_llama_4_scout_17b_16e_instruct,GA_FIXED,string_category,empty,23,True,True,[''],0.0,empty,0,80,0.00015112501569092274
meta_llama_llama_4_scout_17b_16e_instruct,GA_FIXED,string_category,empty,24,True,True,[''],0.0,empty,0,80,0.00015162501949816942
meta_llama_llama_4_scout_17b_16e_instruct,GA_FIXED,string_category,empty,25,True,True,[''],0.0,empty,0,80,0.0001508339773863554
meta_llama_llama_4_scout_17b_16e_instruct,GA_FIXED,string_category,empty,26,True,True,[''],0.0,empty,0,80,0.0001561250537633896
meta_llama_llama_4_scout_17b_16e_instruct,GA_FIXED,string_category,empty,27,True,True,[''],0.0,empty,0,80,0.0001487499102950096
meta_llama_llama_4_scout_17b_16e_instruct,GA_FIXED,string_category,empty,28,True,True,[''],0.0,empty,0,80,0.00014662498142570257
meta_llama_llama_4_scout_17b_16e_instruct,GA_FIXED,string_category,empty,29,True,True,[''],0.0,empty,0,80,0.00015183293726295233
meta_llama_llama_4_scout_17b_16e_instruct,GA_FIXED,string_category,long_palindrome,0,True,True,['iti'],0.0,long_palindrome,20,1680,0.006502249976620078
meta_llama_llama_4_scout_17b_16e_instruct,GA_FIXED,string_category,long_palindrome,1,False,False,['4xjx1k73'],1.0,,0,8080,0.03184020903427154
meta_llama_llama_4_scout_17b_16e_instruct,GA_FIXED,string_category,long_palindrome,2,True,True,['QeQ'],0.0,long_palindrome,51,4160,0.016330000013113022
meta_llama_llama_4_scout_17b_16e_instruct,GA_FIXED,string_category,long_palindrome,3,False,False,['ROPl58BVNt56'],1.0,,0,8080,0.031690416974015534
meta_llama_llama_4_scout_17b_16e_instruct,GA_FIXED,string_category,long_palindrome,4,True,True,['E6E'],0.0,long_palindrome,27,2240,0.008635916048660874
meta_llama_llama_4_scout_17b_16e_instruct,GA_FIXED,string_category,long_palindrome,5,True,True,['scs'],0.0,long_palindrome,0,80,0.00016345793846994638
meta_llama_llama_4_scout_17b_16e_instruct,GA_FIXED,string_category,long_palindrome,6,True,True,['bib'],0.0,long_palindrome,19,1600,0.006103124935179949
meta_llama_llama_4_scout_17b_16e_instruct,GA_FIXED,string_category,long_palindrome,7,False,False,['hwHDsM'],1.0,,0,8080,0.0315580420428887
meta_llama_llama_4_scout_17b_16e_instruct,GA_FIXED,string_category,long_palindrome,8,True,True,['ZxZ'],0.0,long_palindrome,2,240,0.0008044580463320017
meta_llama_llama_4_scout_17b_16e_instruct,GA_FIXED,string_category,long_palindrome,9,False,False,['ETJ2QxcTsg'],1.0,,0,8080,0.03276891598943621
meta_llama_llama_4_scout_17b_16e_instruct,GA_FIXED,string_category,long_palindrome,10,True,True,['5J5'],0.0,long_palindrome,0,80,0.0001705830218270421
meta_llama_llama_4_scout_17b_16e_instruct,GA_FIXED,string_category,long_palindrome,11,True,True,['XwX'],0.0,long_palindrome,7,640,0.002797790919430554
meta_llama_llama_4_scout_17b_16e_instruct,GA_FIXED,string_category,long_palindrome,12,False,False,['T7RIIZzmF85qZb'],1.0,,0,8080,0.0344600829994306
meta_llama_llama_4_scout_17b_16e_instruct,GA_FIXED,string_category,long_palindrome,13,True,True,['6F6'],0.0,long_palindrome,24,2000,0.008970291935838759
meta_llama_llama_4_scout_17b_16e_instruct,GA_FIXED,string_category,long_palindrome,14,True,True,['yWy'],0.0,long_palindrome,7,640,0.0026252500247210264
meta_llama_llama_4_scout_17b_16e_instruct,GA_FIXED,string_category,long_palindrome,15,False,False,['V204uC8m1'],1.0,,0,8080,0.034083500038832426
meta_llama_llama_4_scout_17b_16e_instruct,GA_FIXED,string_category,long_palindrome,16,False,False,['kLvMLxaTQtHfncK'],1.0,,0,8080,0.037292417022399604
meta_llama_llama_4_scout_17b_16e_instruct,GA_FIXED,string_category,long_palindrome,17,True,True,['LFL'],0.0,long_palindrome,30,2480,0.010211082990281284
meta_llama_llama_4_scout_17b_16e_instruct,GA_FIXED,string_category,long_palindrome,18,True,True,['KiK'],0.0,long_palindrome,33,2720,0.010991208022460341
meta_llama_llama_4_scout_17b_16e_instruct,GA_FIXED,string_category,long_palindrome,19,False,False,['SjvTFuLP'],1.0,,0,8080,0.03251708298921585
meta_llama_llama_4_scout_17b_16e_instruct,GA_FIXED,string_category,long_palindrome,20,False,False,['JRHqBIRklDgwt'],1.0,,0,8080,0.03288691700436175
meta_llama_llama_4_scout_17b_16e_instruct,GA_FIXED,string_category,long_palindrome,21,True,True,['yly'],0.0,long_palindrome,60,4880,0.019173959037289023
meta_llama_llama_4_scout_17b_16e_instruct,GA_FIXED,string_category,long_palindrome,22,False,False,['2UG1Bl'],1.0,,0,8080,0.0318381660617888
meta_llama_llama_4_scout_17b_16e_instruct,GA_FIXED,string_category,long_palindrome,23,True,True,['lbl'],0.0,long_palindrome,76,6160,0.024308042018674314
meta_llama_llama_4_scout_17b_16e_instruct,GA_FIXED,string_category,long_palindrome,24,True,True,['flwwlf'],0.0,long_palindrome,30,2480,0.009647833998315036
meta_llama_llama_4_scout_17b_16e_instruct,GA_FIXED,string_category,long_palindrome,25,False,False,['KQzs'],1.0,,0,8080,0.03244704194366932
meta_llama_llama_4_scout_17b_16e_instruct,GA_FIXED,string_category,long_palindrome,26,True,True,['QOQ'],0.0,long_palindrome,0,80,0.00017316604498773813
meta_llama_llama_4_scout_17b_16e_instruct,GA_FIXED,string_category,long_palindrome,27,True,True,['u1u'],0.0,long_palindrome,7,640,0.0024264591047540307
meta_llama_llama_4_scout_17b_16e_instruct,GA_FIXED,string_category,long_palindrome,28,True,True,['HgH'],0.0,long_palindrome,0,80,0.00017020897939801216
meta_llama_llama_4_scout_17b_16e_instruct,GA_FIXED,string_category,long_palindrome,29,True,True,['RSR'],0.0,long_palindrome,37,3040,0.012129750102758408
meta_llama_llama_4_scout_17b_16e_instruct,GA_FIXED,string_category,short_palindrome,0,True,True,['8'],0.0,short_palindrome,0,80,0.00016558310016989708
meta_llama_llama_4_scout_17b_16e_instruct,GA_FIXED,string_category,short_palindrome,1,True,True,['Q'],0.0,short_palindrome,0,80,0.00015758397057652473
meta_llama_llama_4_scout_17b_16e_instruct,GA_FIXED,string_category,short_palindrome,2,True,True,[''],0.0,short_palindrome,0,80,0.00015350000467151403
meta_llama_llama_4_scout_17b_16e_instruct,GA_FIXED,string_category,short_palindrome,3,True,True,[''],0.0,short_palindrome,0,80,0.0001509999856352806
meta_llama_llama_4_scout_17b_16e_instruct,GA_FIXED,string_category,short_palindrome,4,True,True,[''],0.0,short_palindrome,0,80,0.00015604204963892698
meta_llama_llama_4_scout_17b_16e_instruct,GA_FIXED,string_category,short_palindrome,5,True,True,['E'],0.0,short_palindrome,0,80,0.00014991604257375002
meta_llama_llama_4_scout_17b_16e_instruct,GA_FIXED,string_category,short_palindrome,6,True,True,['W'],0.0,short_palindrome,0,80,0.00015408394392579794
meta_llama_llama_4_scout_17b_16e_instruct,GA_FIXED,string_category,short_palindrome,7,True,True,['b'],0.0,short_palindrome,0,80,0.00014450005255639553
meta_llama_llama_4_scout_17b_16e_instruct,GA_FIXED,string_category,short_palindrome,8,True,True,['D'],0.0,short_palindrome,0,80,0.00015816697850823402
meta_llama_llama_4_scout_17b_16e_instruct,GA_FIXED,string_category,short_palindrome,9,True,True,[''],0.0,short_palindrome,0,80,0.00014725001528859138
meta_llama_llama_4_scout_17b_16e_instruct,GA_FIXED,string_category,short_palindrome,10,True,True,[''],0.0,short_palindrome,0,80,0.0001509999856352806
meta_llama_llama_4_scout_17b_16e_instruct,GA_FIXED,string_category,short_palindrome,11,True,True,[''],0.0,short_palindrome,0,80,0.0001522499369457364
meta_llama_llama_4_scout_17b_16e_instruct,GA_FIXED,string_category,short_palindrome,12,True,True,['8'],0.0,short_palindrome,0,80,0.0001480829669162631
meta_llama_llama_4_scout_17b_16e_instruct,GA_FIXED,string_category,short_palindrome,13,True,True,['v'],0.0,short_palindrome,0,80,0.00015445798635482788
meta_llama_llama_4_scout_17b_16e_instruct,GA_FIXED,string_category,short_palindrome,14,True,True,[''],0.0,short_palindrome,0,80,0.00015437498223036528
meta_llama_llama_4_scout_17b_16e_instruct,GA_FIXED,string_category,short_palindrome,15,True,True,['R'],0.0,short_palindrome,0,80,0.0001622500130906701
meta_llama_llama_4_scout_17b_16e_instruct,GA_FIXED,string_category,short_palindrome,16,True,True,['z'],0.0,short_palindrome,0,80,0.00015170895494520664
meta_llama_llama_4_scout_17b_16e_instruct,GA_FIXED,string_category,short_palindrome,17,True,True,[''],0.0,short_palindrome,0,80,0.00015333399642258883
meta_llama_llama_4_scout_17b_16e_instruct,GA_FIXED,string_category,short_palindrome,18,True,True,[''],0.0,short_palindrome,0,80,0.00015808397438377142
meta_llama_llama_4_scout_17b_16e_instruct,GA_FIXED,string_category,short_palindrome,19,True,True,[''],0.0,short_palindrome,0,80,0.0001550000160932541
meta_llama_llama_4_scout_17b_16e_instruct,GA_FIXED,string_category,short_palindrome,20,True,True,[''],0.0,short_palindrome,0,80,0.00016404094640165567
meta_llama_llama_4_scout_17b_16e_instruct,GA_FIXED,string_category,short_palindrome,21,True,True,['5'],0.0,short_palindrome,0,80,0.0001509580761194229
meta_llama_llama_4_scout_17b_16e_instruct,GA_FIXED,string_category,short_palindrome,22,True,True,['u'],0.0,short_palindrome,0,80,0.00016320799477398396
meta_llama_llama_4_scout_17b_16e_instruct,GA_FIXED,string_category,short_palindrome,23,True,True,['N'],0.0,short_palindrome,0,80,0.00015320791862905025
meta_llama_llama_4_scout_17b_16e_instruct,GA_FIXED,string_category,short_palindrome,24,True,True,['E'],0.0,short_palindrome,0,80,0.00014416698832064867
meta_llama_llama_4_scout_17b_16e_instruct,GA_FIXED,string_category,short_palindrome,25,True,True,['0'],0.0,short_palindrome,0,80,0.00014795793686062098
meta_llama_llama_4_scout_17b_16e_instruct,GA_FIXED,string_category,short_palindrome,26,True,True,['M'],0.0,short_palindrome,0,80,0.00015291699673980474
meta_llama_llama_4_scout_17b_16e_instruct,GA_FIXED,string_category,short_palindrome,27,True,True,[''],0.0,short_palindrome,0,80,0.00014641601592302322
meta_llama_llama_4_scout_17b_16e_instruct,GA_FIXED,string_category,short_palindrome,28,True,True,['d'],0.0,short_palindrome,0,80,0.00015183398500084877
meta_llama_llama_4_scout_17b_16e_instruct,GA_FIXED,string_category,short_palindrome,29,True,True,['m'],0.0,short_palindrome,0,80,0.00015437498223036528
meta_llama_llama_4_scout_17b_16e_instruct,GA_FIXED,string_category,long_non_palindrome,0,True,True,['EEqGM'],0.0,long_non_palindrome,0,80,0.0001466250978410244
meta_llama_llama_4_scout_17b_16e_instruct,GA_FIXED,string_category,long_non_palindrome,1,True,True,['4Nxpzj8Ph3Bge'],0.0,long_non_palindrome,0,80,0.000146874925121665
meta_llama_llama_4_scout_17b_16e_instruct,GA_FIXED,string_category,long_non_palindrome,2,True,True,['0ojnTsB'],0.0,long_non_palindrome,0,80,0.00015370897017419338
meta_llama_llama_4_scout_17b_16e_instruct,GA_FIXED,string_category,long_non_palindrome,3,True,True,['YKSGGQ9wT4'],0.0,long_non_palindrome,0,80,0.00014391704462468624
meta_llama_llama_4_scout_17b_16e_instruct,GA_FIXED,string_category,long_non_palindrome,4,True,True,['wq8yNNIiXi7iAS'],0.0,long_non_palindrome,0,80,0.00014974991790950298
meta_llama_llama_4_scout_17b_16e_instruct,GA_FIXED,string_category,long_non_palindrome,5,True,True,['5zCa5PtA6Z'],0.0,long_non_palindrome,0,80,0.0001508339773863554
meta_llama_llama_4_scout_17b_16e_instruct,GA_FIXED,string_category,long_non_palindrome,6,True,True,['qOwj2hKD9i9e'],0.0,long_non_palindrome,0,80,0.00014937506057322025
meta_llama_llama_4_scout_17b_16e_instruct,GA_FIXED,string_category,long_non_palindrome,7,True,True,['r5RRuBMn'],0.0,long_non_palindrome,0,80,0.00014808401465415955
meta_llama_llama_4_scout_17b_16e_instruct,GA_FIXED,string_category,long_non_palindrome,8,True,True,['RkoPlhH'],0.0,long_non_palindrome,0,80,0.00015020801220089197
meta_llama_llama_4_scout_17b_16e_instruct,GA_FIXED,string_category,long_non_palindrome,9,True,True,['UnLSH'],0.0,long_non_palindrome,0,80,0.00014887505676597357
meta_llama_llama_4_scout_17b_16e_instruct,GA_FIXED,string_category,long_non_palindrome,10,True,True,['MYnjoEqc'],0.0,long_non_palindrome,0,80,0.0001449170522391796
meta_llama_llama_4_scout_17b_16e_instruct,GA_FIXED,string_category,long_non_palindrome,11,True,True,['kdm3lgkQpw'],0.0,long_non_palindrome,0,80,0.0001474169548600912
meta_llama_llama_4_scout_17b_16e_instruct,GA_FIXED,string_category,long_non_palindrome,12,True,True,['US2pBF9LYsXnfHD'],0.0,long_non_palindrome,0,80,0.00015312503091990948
meta_llama_llama_4_scout_17b_16e_instruct,GA_FIXED,string_category,long_non_palindrome,13,True,True,['iK4ohIP3OIHp4q'],0.0,long_non_palindrome,0,80,0.0001538749784231186
meta_llama_llama_4_scout_17b_16e_instruct,GA_FIXED,string_category,long_non_palindrome,14,True,True,['pK3zS67HKXDkT9'],0.0,long_non_palindrome,0,80,0.0001568750012665987
meta_llama_llama_4_scout_17b_16e_instruct,GA_FIXED,string_category,long_non_palindrome,15,True,True,['girCjYD1'],0.0,long_non_palindrome,0,80,0.00014829100109636784
meta_llama_llama_4_scout_17b_16e_instruct,GA_FIXED,string_category,long_non_palindrome,16,True,True,['PV0THx4'],0.0,long_non_palindrome,0,80,0.00015833298675715923
meta_llama_llama_4_scout_17b_16e_instruct,GA_FIXED,string_category,long_non_palindrome,17,True,True,['vvw9Sk6'],0.0,long_non_palindrome,0,80,0.00014754198491573334
meta_llama_llama_4_scout_17b_16e_instruct,GA_FIXED,string_category,long_non_palindrome,18,True,True,['lwBKA4MlfLMct'],0.0,long_non_palindrome,0,80,0.00015716697089374065
meta_llama_llama_4_scout_17b_16e_instruct,GA_FIXED,string_category,long_non_palindrome,19,True,True,['lcmuhoDFPp'],0.0,long_non_palindrome,0,80,0.00014670798555016518
meta_llama_llama_4_scout_17b_16e_instruct,GA_FIXED,string_category,long_non_palindrome,20,True,True,['shiSyOBCrGPuyL'],0.0,long_non_palindrome,0,80,0.0001646250020712614
meta_llama_llama_4_scout_17b_16e_instruct,GA_FIXED,string_category,long_non_palindrome,21,True,True,['ifTQizCH7qLb'],0.0,long_non_palindrome,0,80,0.0001616660738363862
meta_llama_llama_4_scout_17b_16e_instruct,GA_FIXED,string_category,long_non_palindrome,22,True,True,['R3CKk5a5'],0.0,long_non_palindrome,0,80,0.0001462089130654931
meta_llama_llama_4_scout_17b_16e_instruct,GA_FIXED,string_category,long_non_palindrome,23,True,True,['RJW9b7Zjr'],0.0,long_non_palindrome,0,80,0.0001527499407529831
meta_llama_llama_4_scout_17b_16e_instruct,GA_FIXED,string_category,long_non_palindrome,24,True,True,['Dsy62'],0.0,long_non_palindrome,0,80,0.00014429108705371618
meta_llama_llama_4_scout_17b_16e_instruct,GA_FIXED,string_category,long_non_palindrome,25,True,True,['nLLmRaQQX'],0.0,long_non_palindrome,0,80,0.0001502089435234666
meta_llama_llama_4_scout_17b_16e_instruct,GA_FIXED,string_category,long_non_palindrome,26,True,True,['B8QFK'],0.0,long_non_palindrome,0,80,0.0001419589389115572
meta_llama_llama_4_scout_17b_16e_instruct,GA_FIXED,string_category,long_non_palindrome,27,True,True,['pCmnEkkK'],0.0,long_non_palindrome,0,80,0.00015083292964845896
meta_llama_llama_4_scout_17b_16e_instruct,GA_FIXED,string_category,long_non_palindrome,28,True,True,['4Cilus8OCyQ'],0.0,long_non_palindrome,0,80,0.00015787500888109207
meta_llama_llama_4_scout_17b_16e_instruct,GA_FIXED,string_category,long_non_palindrome,29,True,True,['yYKhaE3'],0.0,long_non_palindrome,0,80,0.00014908297453075647
meta_llama_llama_4_scout_17b_16e_instruct,GA_FIXED,string_category,other,0,True,True,['R8F'],0.0,other,0,80,0.0001490419963374734
meta_llama_llama_4_scout_17b_16e_instruct,GA_FIXED,string_category,other,1,True,True,['6x0J'],0.0,other,0,80,0.00015479209832847118
meta_llama_llama_4_scout_17b_16e_instruct,GA_FIXED,string_category,other,2,True,True,['6doMV'],0.0,other,0,80,0.00014387501869350672
meta_llama_llama_4_scout_17b_16e_instruct,GA_FIXED,string_category,other,3,True,True,['Vi0g'],0.0,other,0,80,0.0001395839499309659
meta_llama_llama_4_scout_17b_16e_instruct,GA_FIXED,string_category,other,4,True,True,['WMo'],0.0,other,0,80,0.0001502500381320715
meta_llama_llama_4_scout_17b_16e_instruct,GA_FIXED,string_category,other,5,True,True,['or'],0.0,other,0,80,0.00015616696327924728
meta_llama_llama_4_scout_17b_16e_instruct,GA_FIXED,string_category,other,6,True,True,['q7Nn2'],0.0,other,0,80,0.00015424995217472315
meta_llama_llama_4_scout_17b_16e_instruct,GA_FIXED,string_category,other,7,True,True,['HJQty'],0.0,other,0,80,0.00014979089610278606
meta_llama_llama_4_scout_17b_16e_instruct,GA_FIXED,string_category,other,8,True,True,['w4LPV'],0.0,other,0,80,0.0001540409866720438
meta_llama_llama_4_scout_17b_16e_instruct,GA_FIXED,string_category,other,9,True,True,['REr29'],0.0,other,0,80,0.00014625000767409801
meta_llama_llama_4_scout_17b_16e_instruct,GA_FIXED,string_category,other,10,True,True,['EK6'],0.0,other,0,80,0.0001432499848306179
meta_llama_llama_4_scout_17b_16e_instruct,GA_FIXED,string_category,other,11,True,True,['8YSgb'],0.0,other,0,80,0.0001497080083936453
meta_llama_llama_4_scout_17b_16e_instruct,GA_FIXED,string_category,other,12,True,True,['SUu93'],0.0,other,0,80,0.0001492080045863986
meta_llama_llama_4_scout_17b_16e_instruct,GA_FIXED,string_category,other,13,True,True,['5eJB3'],0.0,other,0,80,0.00014637503772974014
meta_llama_llama_4_scout_17b_16e_instruct,GA_FIXED,string_category,other,14,True,True,['jHf'],0.0,other,0,80,0.0001473339507356286
meta_llama_llama_4_scout_17b_16e_instruct,GA_FIXED,string_category,other,15,True,True,['4ZA'],0.0,other,0,80,0.00016250007320195436
meta_llama_llama_4_scout_17b_16e_instruct,GA_FIXED,string_category,other,16,True,True,['9ys'],0.0,other,0,80,0.00015237496700137854
meta_llama_llama_4_scout_17b_16e_instruct,GA_FIXED,string_category,other,17,True,True,['Z9fpS'],0.0,other,0,80,0.00014512497000396252
meta_llama_llama_4_scout_17b_16e_instruct,GA_FIXED,string_category,other,18,True,True,['kt4Y'],0.0,other,0,80,0.00015383295249193907
meta_llama_llama_4_scout_17b_16e_instruct,GA_FIXED,string_category,other,19,True,True,['djWVk'],0.0,other,0,80,0.00015620794147253036
meta_llama_llama_4_scout_17b_16e_instruct,GA_FIXED,string_category,other,20,True,True,['74p'],0.0,other,0,80,0.00014541693963110447
meta_llama_llama_4_scout_17b_16e_instruct,GA_FIXED,string_category,other,21,True,True,['Wsjb'],0.0,other,0,80,0.00015004095621407032
meta_llama_llama_4_scout_17b_16e_instruct,GA_FIXED,string_category,other,22,True,True,['3HV8'],0.0,other,0,80,0.00014599994756281376
meta_llama_llama_4_scout_17b_16e_instruct,GA_FIXED,string_category,other,23,True,True,['3Dk'],0.0,other,0,80,0.000150916981510818
meta_llama_llama_4_scout_17b_16e_instruct,GA_FIXED,string_category,other,24,True,True,['0Q'],0.0,other,0,80,0.00014050002209842205
meta_llama_llama_4_scout_17b_16e_instruct,GA_FIXED,string_category,other,25,True,True,['xtrtp'],0.0,other,0,80,0.00016170809976756573
meta_llama_llama_4_scout_17b_16e_instruct,GA_FIXED,string_category,other,26,True,True,['wRBL4'],0.0,other,0,80,0.00014687504153698683
meta_llama_llama_4_scout_17b_16e_instruct,GA_FIXED,string_category,other,27,True,True,['Q18'],0.0,other,0,80,0.00014983396977186203
meta_llama_llama_4_scout_17b_16e_instruct,GA_FIXED,string_category,other,28,True,True,['vz'],0.0,other,0,80,0.0001532089663669467
meta_llama_llama_4_scout_17b_16e_instruct,GA_FIXED,string_category,other,29,True,True,['S1x9'],0.0,other,0,80,0.00014937494415789843
meta_llama_llama_4_scout_17b_16e_instruct,GA_ADAPTIVE,bmi_category,invalid_height,0,False,False,"[119.3700566706258, 1.0]",1.0,,1,8080,0.038271875004284084
meta_llama_llama_4_scout_17b_16e_instruct,GA_ADAPTIVE,bmi_category,invalid_height,1,False,False,"[36.179138260648706, 1.0]",1.0,,1,8080,0.038124000071547925
meta_llama_llama_4_scout_17b_16e_instruct,GA_ADAPTIVE,bmi_category,invalid_height,2,False,False,"[121.59499854170004, 1.0]",1.0,,1,8080,0.038095583906397223
meta_llama_llama_4_scout_17b_16e_instruct,GA_ADAPTIVE,bmi_category,invalid_height,3,False,False,"[22.49234619370512, 1.0]",1.0,,1,8080,0.03804433299228549
meta_llama_llama_4_scout_17b_16e_instruct,GA_ADAPTIVE,bmi_category,invalid_height,4,False,False,"[159.22943461063926, 1.0]",1.0,,1,8080,0.038064333028160036
meta_llama_llama_4_scout_17b_16e_instruct,GA_ADAPTIVE,bmi_category,invalid_height,5,False,False,"[179.54375449558538, 1.0]",1.0,,1,8080,0.038260624976828694
meta_llama_llama_4_scout_17b_16e_instruct,GA_ADAPTIVE,bmi_category,invalid_height,6,False,False,"[168.54888132408664, 1.0]",1.0,,1,8080,0.03868150000926107
meta_llama_llama_4_scout_17b_16e_instruct,GA_ADAPTIVE,bmi_category,invalid_height,7,False,False,"[115.40641940066634, 1.0]",1.0,,1,8080,0.03866895800456405
meta_llama_llama_4_scout_17b_16e_instruct,GA_ADAPTIVE,bmi_category,invalid_height,8,False,False,"[73.39223952003087, 1.0]",1.0,,1,8080,0.038332583964802325
meta_llama_llama_4_scout_17b_16e_instruct,GA_ADAPTIVE,bmi_category,invalid_height,9,False,False,"[108.33706261082429, 1.0]",1.0,,1,8080,0.03835283301305026
meta_llama_llama_4_scout_17b_16e_instruct,GA_ADAPTIVE,bmi_category,invalid_height,10,False,False,"[82.15420696743662, 1.0]",1.0,,1,8080,0.03824391693342477
meta_llama_llama_4_scout_17b_16e_instruct,GA_ADAPTIVE,bmi_category,invalid_height,11,False,False,"[130.67033027297347, 1.0]",1.0,,1,8080,0.03830108302645385
meta_llama_llama_4_scout_17b_16e_instruct,GA_ADAPTIVE,bmi_category,invalid_height,12,False,False,"[187.34044513582023, 1.0]",1.0,,1,8080,0.03824508294928819
meta_llama_llama_4_scout_17b_16e_instruct,GA_ADAPTIVE,bmi_category,invalid_height,13,False,False,"[195.32466843345517, 1.0]",1.0,,1,8080,0.038110541994683444
meta_llama_llama_4_scout_17b_16e_instruct,GA_ADAPTIVE,bmi_category,invalid_height,14,False,False,"[185.49867246819093, 1.0]",1.0,,1,8080,0.03839462506584823
meta_llama_llama_4_scout_17b_16e_instruct,GA_ADAPTIVE,bmi_category,invalid_height,15,False,False,"[24.76634264874896, 1.0]",1.0,,1,8080,0.038683417020365596
meta_llama_llama_4_scout_17b_16e_instruct,GA_ADAPTIVE,bmi_category,invalid_height,16,False,False,"[44.44750663364714, 1.0]",1.0,,1,8080,0.03865362494252622
meta_llama_llama_4_scout_17b_16e_instruct,GA_ADAPTIVE,bmi_category,invalid_height,17,False,False,"[63.40399675902281, 1.0]",1.0,,1,8080,0.0383108330424875
meta_llama_llama_4_scout_17b_16e_instruct,GA_ADAPTIVE,bmi_category,invalid_height,18,False,False,"[133.54550557043538, 1.0]",1.0,,1,8080,0.03825175005476922
meta_llama_llama_4_scout_17b_16e_instruct,GA_ADAPTIVE,bmi_category,invalid_height,19,False,False,"[153.53616693660942, 1.0]",1.0,,1,8080,0.03784666699357331
meta_llama_llama_4_scout_17b_16e_instruct,GA_ADAPTIVE,bmi_category,invalid_height,20,False,False,"[65.53323810775063, 1.0]",1.0,,1,8080,0.03793808293994516
meta_llama_llama_4_scout_17b_16e_instruct,GA_ADAPTIVE,bmi_category,invalid_height,21,False,False,"[103.08240133302556, 1.0]",1.0,,1,8080,0.03796912496909499
meta_llama_llama_4_scout_17b_16e_instruct,GA_ADAPTIVE,bmi_category,invalid_height,22,False,False,"[102.81616753655238, 1.0]",1.0,,1,8080,0.0379665408981964
meta_llama_llama_4_scout_17b_16e_instruct,GA_ADAPTIVE,bmi_category,invalid_height,23,False,False,"[165.0980681707534, 1.0]",1.0,,1,8080,0.037945167045108974
meta_llama_llama_4_scout_17b_16e_instruct,GA_ADAPTIVE,bmi_category,invalid_height,24,False,False,"[175.18830430435824, 1.0]",1.0,,1,8080,0.03801362495869398
meta_llama_llama_4_scout_17b_16e_instruct,GA_ADAPTIVE,bmi_category,invalid_height,25,False,False,"[39.81274884907966, 1.0]",1.0,,1,8080,0.03801362495869398
meta_llama_llama_4_scout_17b_16e_instruct,GA_ADAPTIVE,bmi_category,invalid_height,26,False,False,"[173.07979053057127, 1.0]",1.0,,1,8080,0.03843658301047981
meta_llama_llama_4_scout_17b_16e_instruct,GA_ADAPTIVE,bmi_category,invalid_height,27,False,False,"[66.59548269613326, 1.0]",1.0,,1,8080,0.038570125005207956
meta_llama_llama_4_scout_17b_16e_instruct,GA_ADAPTIVE,bmi_category,invalid_height,28,False,False,"[34.03386529807496, 1.0]",1.0,,1,8080,0.03901545808184892
meta_llama_llama_4_scout_17b_16e_instruct,GA_ADAPTIVE,bmi_category,invalid_height,29,False,False,"[125.7624370693185, 1.0]",1.0,,1,8080,0.039151333970949054
meta_llama_llama_4_scout_17b_16e_instruct,GA_ADAPTIVE,bmi_category,underweight,0,True,True,"[63.98328943873433, 2.2462071588746055]",0.0,underweight,0,80,0.00010116701014339924
meta_llama_llama_4_scout_17b_16e_instruct,GA_ADAPTIVE,bmi_category,underweight,1,True,True,"[23.395553331418004, 1.3045408480755722]",0.0,underweight,0,80,7.366598583757877e-05
meta_llama_llama_4_scout_17b_16e_instruct,GA_ADAPTIVE,bmi_category,underweight,2,True,True,"[82.64905316075641, 2.262666405705225]",0.0,underweight,0,80,5.716690793633461e-05
meta_llama_llama_4_scout_17b_16e_instruct,GA_ADAPTIVE,bmi_category,underweight,3,True,True,"[34.34362191702729, 1.7053606593335724]",0.0,underweight,0,80,5.8416975662112236e-05
meta_llama_llama_4_scout_17b_16e_instruct,GA_ADAPTIVE,bmi_category,underweight,4,True,True,"[94.31814181627291, 2.3819289720686907]",0.0,underweight,0,80,5.7875062339007854e-05
meta_llama_llama_4_scout_17b_16e_instruct,GA_ADAPTIVE,bmi_category,underweight,5,True,True,"[90.64625467459062, 2.3076482370948175]",0.0,underweight,0,80,5.825003609061241e-05
meta_llama_llama_4_scout_17b_16e_instruct,GA_ADAPTIVE,bmi_category,underweight,6,True,True,"[62.22818302926155, 1.9058630091012951]",0.0,underweight,0,80,5.779205821454525e-05
meta_llama_llama_4_scout_17b_16e_instruct,GA_ADAPTIVE,bmi_category,underweight,7,True,True,"[88.96308684806178, 2.3099772243078247]",0.0,underweight,0,80,5.566701292991638e-05
meta_llama_llama_4_scout_17b_16e_instruct,GA_ADAPTIVE,bmi_category,underweight,8,True,True,"[31.352437798995766, 2.3260059222838825]",0.0,underweight,0,80,5.479203537106514e-05
meta_llama_llama_4_scout_17b_16e_instruct,GA_ADAPTIVE,bmi_category,underweight,9,True,True,"[23.902084546722804, 1.7436970267421992]",0.0,underweight,0,80,5.545793101191521e-05
meta_llama_llama_4_scout_17b_16e_instruct,GA_ADAPTIVE,bmi_category,underweight,10,True,True,"[82.78667606464347, 2.2253140121915362]",0.0,underweight,0,80,5.570799112319946e-05
meta_llama_llama_4_scout_17b_16e_instruct,GA_ADAPTIVE,bmi_category,underweight,11,True,True,"[63.39092611022849, 2.1484537784166258]",0.0,underweight,0,80,5.520798731595278e-05
meta_llama_llama_4_scout_17b_16e_instruct,GA_ADAPTIVE,bmi_category,underweight,12,True,True,"[26.208227957430495, 1.259391690240698]",0.0,underweight,0,80,5.8999983593821526e-05
meta_llama_llama_4_scout_17b_16e_instruct,GA_ADAPTIVE,bmi_category,underweight,13,True,True,"[30.567624787620062, 1.444219814958347]",0.0,underweight,0,80,5.6124990805983543e-05
meta_llama_llama_4_scout_17b_16e_instruct,GA_ADAPTIVE,bmi_category,underweight,14,True,True,"[72.80934082443372, 2.171232845177397]",0.0,underweight,0,80,5.570799112319946e-05
meta_llama_llama_4_scout_17b_16e_instruct,GA_ADAPTIVE,bmi_category,underweight,15,True,True,"[49.22391560059424, 2.1844834980738614]",0.0,underweight,0,80,5.5458047427237034e-05
meta_llama_llama_4_scout_17b_16e_instruct,GA_ADAPTIVE,bmi_category,underweight,16,True,True,"[55.13507072133075, 2.0091091256799523]",0.0,underweight,0,80,5.587493069469929e-05
meta_llama_llama_4_scout_17b_16e_instruct,GA_ADAPTIVE,bmi_category,underweight,17,True,True,"[50.07861481384414, 2.4235964074326324]",0.0,underweight,0,80,5.520798731595278e-05
meta_llama_llama_4_scout_17b_16e_instruct,GA_ADAPTIVE,bmi_category,underweight,18,True,True,"[49.42173248407953, 2.0752019202433725]",0.0,underweight,0,80,5.729193799197674e-05
meta_llama_llama_4_scout_17b_16e_instruct,GA_ADAPTIVE,bmi_category,underweight,19,True,True,"[32.19826907873846, 2.33318288356147]",0.0,underweight,0,80,5.516689270734787e-05
meta_llama_llama_4_scout_17b_16e_instruct,GA_ADAPTIVE,bmi_category,underweight,20,True,True,"[29.4957510534854, 1.770849063588049]",0.0,underweight,0,80,5.445792339742184e-05
meta_llama_llama_4_scout_17b_16e_instruct,GA_ADAPTIVE,bmi_category,underweight,21,True,True,"[86.17940613249411, 2.3339459278155266]",0.0,underweight,0,80,5.8249919675290585e-05
meta_llama_llama_4_scout_17b_16e_instruct,GA_ADAPTIVE,bmi_category,underweight,22,True,True,"[29.83038021994468, 1.6322911855207893]",0.0,underweight,0,80,9.474996477365494e-05
meta_llama_llama_4_scout_17b_16e_instruct,GA_ADAPTIVE,bmi_category,underweight,23,True,True,"[42.17583603461878, 2.376090967319987]",0.0,underweight,0,80,5.295802839100361e-05
meta_llama_llama_4_scout_17b_16e_instruct,GA_ADAPTIVE,bmi_category,underweight,24,True,True,"[61.98273356020785, 2.064679533558201]",0.0,underweight,0,80,5.412509199231863e-05
meta_llama_llama_4_scout_17b_16e_instruct,GA_ADAPTIVE,bmi_category,underweight,25,True,True,"[55.71903343862878, 2.3540474939453677]",0.0,underweight,0,80,5.725002847611904e-05
meta_llama_llama_4_scout_17b_16e_instruct,GA_ADAPTIVE,bmi_category,underweight,26,True,True,"[102.82347479243559, 2.4029182739730746]",0.0,underweight,0,80,5.820801015943289e-05
meta_llama_llama_4_scout_17b_16e_instruct,GA_ADAPTIVE,bmi_category,underweight,27,True,True,"[38.78634847445442, 1.870734116230631]",0.0,underweight,0,80,5.7875062339007854e-05
meta_llama_llama_4_scout_17b_16e_instruct,GA_ADAPTIVE,bmi_category,underweight,28,True,True,"[83.81082923363198, 2.290211762258428]",0.0,underweight,0,80,5.7875062339007854e-05
meta_llama_llama_4_scout_17b_16e_instruct,GA_ADAPTIVE,bmi_category,underweight,29,True,True,"[23.243456913954613, 1.6398519361118797]",0.0,underweight,0,80,5.537504330277443e-05
meta_llama_llama_4_scout_17b_16e_instruct,GA_ADAPTIVE,bmi_category,normal,0,True,True,"[92.26891344757982, 1.937737280992586]",0.0,normal,0,80,5.337491165846586e-05
meta_llama_llama_4_scout_17b_16e_instruct,GA_ADAPTIVE,bmi_category,normal,1,True,True,"[107.93481856043155, 2.2532677433671573]",0.0,normal,0,80,5.5750017054378986e-05
meta_llama_llama_4_scout_17b_16e_instruct,GA_ADAPTIVE,bmi_category,normal,2,True,True,"[32.68776091371022, 1.2871642636430138]",0.0,normal,0,80,5.566701292991638e-05
meta_llama_llama_4_scout_17b_16e_instruct,GA_ADAPTIVE,bmi_category,normal,3,True,True,"[95.19132629177892, 2.1369809009427243]",0.0,normal,0,80,5.63750509172678e-05
meta_llama_llama_4_scout_17b_16e_instruct,GA_ADAPTIVE,bmi_category,normal,4,True,True,"[46.72406719360987, 1.377711950933704]",0.0,normal,0,80,5.545897874981165e-05
meta_llama_llama_4_scout_17b_16e_instruct,GA_ADAPTIVE,bmi_category,normal,5,True,True,"[59.08133218648055, 1.5768257197388864]",0.0,normal,0,80,5.550007335841656e-05
meta_llama_llama_4_scout_17b_16e_instruct,GA_ADAPTIVE,bmi_category,normal,6,True,True,"[79.21846854313016, 1.8143491334170867]",0.0,normal,0,80,5.554093513637781e-05
meta_llama_llama_4_scout_17b_16e_instruct,GA_ADAPTIVE,bmi_category,normal,7,True,True,"[51.23726767675754, 1.5495062924391563]",0.0,normal,0,80,5.5750017054378986e-05
meta_llama_llama_4_scout_17b_16e_instruct,GA_ADAPTIVE,bmi_category,normal,8,True,True,"[89.96463169072514, 1.9674811324070947]",0.0,normal,0,80,5.587493069469929e-05
meta_llama_llama_4_scout_17b_16e_instruct,GA_ADAPTIVE,bmi_category,normal,9,True,True,"[63.287474737195765, 1.8477208676341115]",0.0,normal,0,80,5.6124990805983543e-05
meta_llama_llama_4_scout_17b_16e_instruct,GA_ADAPTIVE,bmi_category,normal,10,True,True,"[132.06445157652112, 2.419357903490814]",0.0,normal,0,80,5.554209928959608e-05
meta_llama_llama_4_scout_17b_16e_instruct,GA_ADAPTIVE,bmi_category,normal,11,True,True,"[128.3314718291943, 2.4949100857165583]",0.0,normal,0,80,5.550007335841656e-05
meta_llama_llama_4_scout_17b_16e_instruct,GA_ADAPTIVE,bmi_category,normal,12,True,True,"[114.91423249934542, 2.2215360253925587]",0.0,normal,0,80,5.537504330277443e-05
meta_llama_llama_4_scout_17b_16e_instruct,GA_ADAPTIVE,bmi_category,normal,13,True,True,"[128.3310060252925, 2.4113212902056853]",0.0,normal,0,80,5.6249904446303844e-05
meta_llama_llama_4_scout_17b_16e_instruct,GA_ADAPTIVE,bmi_category,normal,14,True,True,"[112.83131636393016, 2.27820995385629]",0.0,normal,0,80,5.570799112319946e-05
meta_llama_llama_4_scout_17b_16e_instruct,GA_ADAPTIVE,bmi_category,normal,15,True,True,"[46.622590373220035, 1.5274420077853819]",0.0,normal,0,80,5.52500132471323e-05
meta_llama_llama_4_scout_17b_16e_instruct,GA_ADAPTIVE,bmi_category,normal,16,True,True,"[57.886229755182995, 1.7049805783086622]",0.0,normal,0,80,5.5541982874274254e-05
meta_llama_llama_4_scout_17b_16e_instruct,GA_ADAPTIVE,bmi_category,normal,17,True,True,"[110.48497555614338, 2.4345140438124058]",0.0,normal,0,80,5.937495734542608e-05
meta_llama_llama_4_scout_17b_16e_instruct,GA_ADAPTIVE,bmi_category,normal,18,True,True,"[88.04993207514653, 2.1214625472181408]",0.0,normal,0,80,5.566701292991638e-05
meta_llama_llama_4_scout_17b_16e_instruct,GA_ADAPTIVE,bmi_category,normal,19,True,True,"[121.79418913211717, 2.303025851605532]",0.0,normal,0,80,5.8292062021791935e-05
meta_llama_llama_4_scout_17b_16e_instruct,GA_ADAPTIVE,bmi_category,normal,20,True,True,"[141.8601742017421, 2.423173236784928]",0.0,normal,0,80,5.604198668152094e-05
meta_llama_llama_4_scout_17b_16e_instruct,GA_ADAPTIVE,bmi_category,normal,21,True,True,"[92.10586657941522, 2.0194829052486303]",0.0,normal,0,80,5.583302117884159e-05
meta_llama_llama_4_scout_17b_16e_instruct,GA_ADAPTIVE,bmi_category,normal,22,True,True,"[125.35602036513278, 2.4909816077604594]",0.0,normal,0,80,5.579204298555851e-05
meta_llama_llama_4_scout_17b_16e_instruct,GA_ADAPTIVE,bmi_category,normal,23,True,True,"[137.00059553945022, 2.369727148687651]",0.0,normal,0,80,5.595805123448372e-05
meta_llama_llama_4_scout_17b_16e_instruct,GA_ADAPTIVE,bmi_category,normal,24,True,True,"[107.86721607696188, 2.151138054533811]",0.0,normal,0,80,5.5750017054378986e-05
meta_llama_llama_4_scout_17b_16e_instruct,GA_ADAPTIVE,bmi_category,normal,25,True,True,"[58.08067618002175, 1.6074052867553033]",0.0,normal,0,80,5.5875047110021114e-05
meta_llama_llama_4_scout_17b_16e_instruct,GA_ADAPTIVE,bmi_category,normal,26,True,True,"[115.89446490665556, 2.207719627476859]",0.0,normal,0,80,5.5916025303304195e-05
meta_llama_llama_4_scout_17b_16e_instruct,GA_ADAPTIVE,bmi_category,normal,27,True,True,"[130.52173012834567, 2.368485780354649]",0.0,normal,0,80,5.550007335841656e-05
meta_llama_llama_4_scout_17b_16e_instruct,GA_ADAPTIVE,bmi_category,normal,28,True,True,"[75.78062690194704, 2.016056028596619]",0.0,normal,0,80,5.6124990805983543e-05
meta_llama_llama_4_scout_17b_16e_instruct,GA_ADAPTIVE,bmi_category,normal,29,True,True,"[112.19432512327761, 2.2104306440113346]",0.0,normal,0,80,5.579204298555851e-05
meta_llama_llama_4_scout_17b_16e_instruct,GA_ADAPTIVE,bmi_category,overweight,0,True,True,"[113.00734262066683, 2.076176559716055]",0.0,overweight,0,80,5.691591650247574e-05
meta_llama_llama_4_scout_17b_16e_instruct,GA_ADAPTIVE,bmi_category,overweight,1,True,True,"[32.01996032289856, 1.1246351103511754]",0.0,overweight,0,80,5.6582968682050705e-05
meta_llama_llama_4_scout_17b_16e_instruct,GA_ADAPTIVE,bmi_category,overweight,2,True,True,"[139.83816836224042, 2.2658533951132753]",0.0,overweight,0,80,5.5750017054378986e-05
meta_llama_llama_4_scout_17b_16e_instruct,GA_ADAPTIVE,bmi_category,overweight,3,True,True,"[40.00412233284419, 1.1608015895325927]",0.0,overweight,0,80,5.5916025303304195e-05
meta_llama_llama_4_scout_17b_16e_instruct,GA_ADAPTIVE,bmi_category,overweight,4,True,True,"[138.29560600091398, 2.1506725852784028]",0.0,overweight,0,80,5.579204298555851e-05
meta_llama_llama_4_scout_17b_16e_instruct,GA_ADAPTIVE,bmi_category,overweight,5,True,True,"[43.62265125648598, 1.309869676578447]",0.0,overweight,0,80,5.6916032917797565e-05
meta_llama_llama_4_scout_17b_16e_instruct,GA_ADAPTIVE,bmi_category,overweight,6,True,True,"[62.42308050916504, 1.572905516920431]",0.0,overweight,0,80,5.629099905490875e-05
meta_llama_llama_4_scout_17b_16e_instruct,GA_ADAPTIVE,bmi_category,overweight,7,True,True,"[127.52886109837053, 2.2546666563401914]",0.0,overweight,0,80,5.6541990488767624e-05
meta_llama_llama_4_scout_17b_16e_instruct,GA_ADAPTIVE,bmi_category,overweight,8,True,True,"[161.26939067854556, 2.422928017577523]",0.0,overweight,0,80,5.6541990488767624e-05
meta_llama_llama_4_scout_17b_16e_instruct,GA_ADAPTIVE,bmi_category,overweight,9,True,True,"[131.65643253379693, 2.178589082223654]",0.0,overweight,0,80,5.6165968999266624e-05
meta_llama_llama_4_scout_17b_16e_instruct,GA_ADAPTIVE,bmi_category,overweight,10,True,True,"[138.2115889696411, 2.2366448443462685]",0.0,overweight,0,80,5.620799493044615e-05
meta_llama_llama_4_scout_17b_16e_instruct,GA_ADAPTIVE,bmi_category,overweight,11,True,True,"[170.06207315684034, 2.421650123902306]",0.0,overweight,0,80,5.616701673716307e-05
meta_llama_llama_4_scout_17b_16e_instruct,GA_ADAPTIVE,bmi_category,overweight,12,True,True,"[182.2916367066681, 2.493175861461328]",0.0,overweight,0,80,5.591695662587881e-05
meta_llama_llama_4_scout_17b_16e_instruct,GA_ADAPTIVE,bmi_category,overweight,13,True,True,"[80.82129262297883, 1.7937525792452602]",0.0,overweight,0,80,5.637493450194597e-05
meta_llama_llama_4_scout_17b_16e_instruct,GA_ADAPTIVE,bmi_category,overweight,14,True,True,"[125.5549476069049, 2.1072642471105034]",0.0,overweight,0,80,5.645898636430502e-05
meta_llama_llama_4_scout_17b_16e_instruct,GA_ADAPTIVE,bmi_category,overweight,15,True,True,"[99.42098011694931, 1.860812099150684]",0.0,overweight,0,80,5.645793862640858e-05
meta_llama_llama_4_scout_17b_16e_instruct,GA_ADAPTIVE,bmi_category,overweight,16,True,True,"[60.951389934844244, 1.485741934068142]",0.0,overweight,0,80,5.687493830919266e-05
meta_llama_llama_4_scout_17b_16e_instruct,GA_ADAPTIVE,bmi_category,overweight,17,True,True,"[49.00774498537274, 1.3931586882887548]",0.0,overweight,0,80,5.64999645575881e-05
meta_llama_llama_4_scout_17b_16e_instruct,GA_ADAPTIVE,bmi_category,overweight,18,True,True,"[89.58023111028693, 1.8619286610405121]",0.0,overweight,0,80,5.595909897238016e-05
meta_llama_llama_4_scout_17b_16e_instruct,GA_ADAPTIVE,bmi_category,overweight,19,True,True,"[148.27710585420297, 2.3297291322831075]",0.0,overweight,0,80,5.658401641994715e-05
meta_llama_llama_4_scout_17b_16e_instruct,GA_ADAPTIVE,bmi_category,overweight,20,True,True,"[166.93926932895397, 2.379118622107666]",0.0,overweight,0,80,5.620799493044615e-05
meta_llama_llama_4_scout_17b_16e_instruct,GA_ADAPTIVE,bmi_category,overweight,21,True,True,"[53.232494005795274, 1.374922095458925]",0.0,overweight,0,80,6.41669612377882e-05
meta_llama_llama_4_scout_17b_16e_instruct,GA_ADAPTIVE,bmi_category,overweight,22,True,True,"[151.11352792675183, 2.3430998756941106]",0.0,overweight,0,80,5.683302879333496e-05
meta_llama_llama_4_scout_17b_16e_instruct,GA_ADAPTIVE,bmi_category,overweight,23,True,True,"[120.24629122911, 2.185393704555259]",0.0,overweight,0,80,5.77080063521862e-05
meta_llama_llama_4_scout_17b_16e_instruct,GA_ADAPTIVE,bmi_category,overweight,24,True,True,"[122.71199023348693, 2.0791009357522445]",0.0,overweight,0,80,5.637493450194597e-05
meta_llama_llama_4_scout_17b_16e_instruct,GA_ADAPTIVE,bmi_category,overweight,25,True,True,"[79.30665450398004, 1.632763668077793]",0.0,overweight,0,80,5.6208926253020763e-05
meta_llama_llama_4_scout_17b_16e_instruct,GA_ADAPTIVE,bmi_category,overweight,26,True,True,"[113.11187152974423, 1.9498426062968433]",0.0,overweight,0,80,5.9582991525530815e-05
meta_llama_llama_4_scout_17b_16e_instruct,GA_ADAPTIVE,bmi_category,overweight,27,True,True,"[174.2844839556025, 2.420815683394421]",0.0,overweight,0,80,5.1166978664696217e-05
meta_llama_llama_4_scout_17b_16e_instruct,GA_ADAPTIVE,bmi_category,overweight,28,True,True,"[55.79016705133164, 1.3688373962024065]",0.0,overweight,0,80,5.304196383804083e-05
meta_llama_llama_4_scout_17b_16e_instruct,GA_ADAPTIVE,bmi_category,overweight,29,True,True,"[140.69238299510826, 2.192286206462298]",0.0,overweight,0,80,5.2582938224077225e-05
meta_llama_llama_4_scout_17b_16e_instruct,GA_ADAPTIVE,bmi_category,obese,0,True,True,"[157.58960139607385, 1.2320518275639363]",0.0,obese,0,80,5.191704258322716e-05
meta_llama_llama_4_scout_17b_16e_instruct,GA_ADAPTIVE,bmi_category,obese,1,True,True,"[191.25687299741867, 1.517296428633213]",0.0,obese,0,80,5.320890340954065e-05
meta_llama_llama_4_scout_17b_16e_instruct,GA_ADAPTIVE,bmi_category,obese,2,True,True,"[167.62413337476195, 2.173663021240019]",0.0,obese,0,80,5.616701673716307e-05
meta_llama_llama_4_scout_17b_16e_instruct,GA_ADAPTIVE,bmi_category,obese,3,True,True,"[99.6260020182701, 1.217810646055659]",0.0,obese,0,80,5.608401261270046e-05
meta_llama_llama_4_scout_17b_16e_instruct,GA_ADAPTIVE,bmi_category,obese,4,True,True,"[81.66609530946327, 1.0527966412601222]",0.0,obese,0,80,5.5333017371594906e-05
meta_llama_llama_4_scout_17b_16e_instruct,GA_ADAPTIVE,bmi_category,obese,5,True,True,"[90.76495466607368, 1.656021352534466]",0.0,obese,0,80,5.608296487480402e-05
meta_llama_llama_4_scout_17b_16e_instruct,GA_ADAPTIVE,bmi_category,obese,6,True,True,"[171.02331622688712, 1.0229844350803499]",0.0,obese,0,80,5.600007716566324e-05
meta_llama_llama_4_scout_17b_16e_instruct,GA_ADAPTIVE,bmi_category,obese,7,True,True,"[81.22547693826374, 1.4529175484233043]",0.0,obese,0,80,5.566596519201994e-05
meta_llama_llama_4_scout_17b_16e_instruct,GA_ADAPTIVE,bmi_category,obese,8,True,True,"[171.20908348650272, 1.827354920231413]",0.0,obese,0,80,5.566701292991638e-05
meta_llama_llama_4_scout_17b_16e_instruct,GA_ADAPTIVE,bmi_category,obese,9,True,True,"[193.7402784103111, 2.386229521326559]",0.0,obese,0,80,5.545897874981165e-05
meta_llama_llama_4_scout_17b_16e_instruct,GA_ADAPTIVE,bmi_category,obese,10,True,True,"[120.56521818540995, 1.699393532277723]",0.0,obese,0,80,5.63750509172678e-05
meta_llama_llama_4_scout_17b_16e_instruct,GA_ADAPTIVE,bmi_category,obese,11,True,True,"[76.42812778577515, 1.2723005600268138]",0.0,obese,0,80,5.7916040532290936e-05
meta_llama_llama_4_scout_17b_16e_instruct,GA_ADAPTIVE,bmi_category,obese,12,True,True,"[149.77838304677033, 1.6553937588530427]",0.0,obese,0,80,5.4916017688810825e-05
meta_llama_llama_4_scout_17b_16e_instruct,GA_ADAPTIVE,bmi_category,obese,13,True,True,"[130.62306952514933, 1.0681223731848795]",0.0,obese,0,80,5.549995694309473e-05
meta_llama_llama_4_scout_17b_16e_instruct,GA_ADAPTIVE,bmi_category,obese,14,True,True,"[170.52781838761436, 2.3164790094430225]",0.0,obese,0,80,5.550007335841656e-05
meta_llama_llama_4_scout_17b_16e_instruct,GA_ADAPTIVE,bmi_category,obese,15,True,True,"[166.73251118797867, 1.7762369646397678]",0.0,obese,0,80,5.508400499820709e-05
meta_llama_llama_4_scout_17b_16e_instruct,GA_ADAPTIVE,bmi_category,obese,16,True,True,"[152.67152345053188, 1.962667967004316]",0.0,obese,0,80,5.579192657023668e-05
meta_llama_llama_4_scout_17b_16e_instruct,GA_ADAPTIVE,bmi_category,obese,17,True,True,"[91.45107046656199, 1.5547023983901889]",0.0,obese,0,80,5.529099144041538e-05
meta_llama_llama_4_scout_17b_16e_instruct,GA_ADAPTIVE,bmi_category,obese,18,True,True,"[195.04665520766477, 1.618188705879643]",0.0,obese,0,80,8.699996396899223e-05
meta_llama_llama_4_scout_17b_16e_instruct,GA_ADAPTIVE,bmi_category,obese,19,True,True,"[169.88957195799563, 1.8869144521275694]",0.0,obese,0,80,5.504197906702757e-05
meta_llama_llama_4_scout_17b_16e_instruct,GA_ADAPTIVE,bmi_category,obese,20,True,True,"[194.5061096469753, 2.118215334790893]",0.0,obese,0,80,5.741603672504425e-05
meta_llama_llama_4_scout_17b_16e_instruct,GA_ADAPTIVE,bmi_category,obese,21,True,True,"[138.8264619312452, 1.4105058310658634]",0.0,obese,0,80,5.541706923395395e-05
meta_llama_llama_4_scout_17b_16e_instruct,GA_ADAPTIVE,bmi_category,obese,22,True,True,"[62.21450334645267, 1.1444138833774407]",0.0,obese,0,80,5.537504330277443e-05
meta_llama_llama_4_scout_17b_16e_instruct,GA_ADAPTIVE,bmi_category,obese,23,True,True,"[96.9530829403593, 1.1065245800848946]",0.0,obese,0,80,5.504104774445295e-05
meta_llama_llama_4_scout_17b_16e_instruct,GA_ADAPTIVE,bmi_category,obese,24,True,True,"[111.40211401693597, 1.1806388944822515]",0.0,obese,0,80,5.537504330277443e-05
meta_llama_llama_4_scout_17b_16e_instruct,GA_ADAPTIVE,bmi_category,obese,25,True,True,"[155.0937319420003, 1.8076815125601768]",0.0,obese,0,80,5.583302117884159e-05
meta_llama_llama_4_scout_17b_16e_instruct,GA_ADAPTIVE,bmi_category,obese,26,True,True,"[167.0393305638165, 1.392987195439487]",0.0,obese,0,80,5.5292039178311825e-05
meta_llama_llama_4_scout_17b_16e_instruct,GA_ADAPTIVE,bmi_category,obese,27,True,True,"[66.87106154848443, 1.4246572246781193]",0.0,obese,0,80,5.462497938424349e-05
meta_llama_llama_4_scout_17b_16e_instruct,GA_ADAPTIVE,bmi_category,obese,28,True,True,"[67.60375693453713, 1.500987699734617]",0.0,obese,0,80,5.6333024986088276e-05
meta_llama_llama_4_scout_17b_16e_instruct,GA_ADAPTIVE,bmi_category,obese,29,True,True,"[110.86139523309474, 1.2296422203606325]",0.0,obese,0,80,5.562498699873686e-05
meta_llama_llama_4_scout_17b_16e_instruct,GA_ADAPTIVE,list_pattern,too_short,0,True,True,[[-33]],0.0,too_short,0,80,0.00013920804485678673
meta_llama_llama_4_scout_17b_16e_instruct,GA_ADAPTIVE,list_pattern,too_short,1,True,True,[[-50]],0.0,too_short,0,80,0.0001246670726686716
meta_llama_llama_4_scout_17b_16e_instruct,GA_ADAPTIVE,list_pattern,too_short,2,True,True,[[-30]],0.0,too_short,0,80,0.00012591597624123096
meta_llama_llama_4_scout_17b_16e_instruct,GA_ADAPTIVE,list_pattern,too_short,3,True,True,[[-79]],0.0,too_short,0,80,0.00012445799075067043
meta_llama_llama_4_scout_17b_16e_instruct,GA_ADAPTIVE,list_pattern,too_short,4,True,True,[[-92]],0.0,too_short,0,80,0.00012641691137105227
meta_llama_llama_4_scout_17b_16e_instruct,GA_ADAPTIVE,list_pattern,too_short,5,True,True,[[-99]],0.0,too_short,0,80,0.0001295419642701745
meta_llama_llama_4_scout_17b_16e_instruct,GA_ADAPTIVE,list_pattern,too_short,6,True,True,[[-69]],0.0,too_short,0,80,0.00012737500946968794
meta_llama_llama_4_scout_17b_16e_instruct,GA_ADAPTIVE,list_pattern,too_short,7,True,True,[[]],0.0,too_short,0,80,0.00013233302161097527
meta_llama_llama_4_scout_17b_16e_instruct,GA_ADAPTIVE,list_pattern,too_short,8,True,True,[[66]],0.0,too_short,0,80,0.00013491592835634947
meta_llama_llama_4_scout_17b_16e_instruct,GA_ADAPTIVE,list_pattern,too_short,9,True,True,[[-47]],0.0,too_short,0,80,0.00012679200153797865
meta_llama_llama_4_scout_17b_16e_instruct,GA_ADAPTIVE,list_pattern,too_short,10,True,True,[[]],0.0,too_short,0,80,0.00013145804405212402
meta_llama_llama_4_scout_17b_16e_instruct,GA_ADAPTIVE,list_pattern,too_short,11,True,True,[[]],0.0,too_short,0,80,0.00012129195965826511
meta_llama_llama_4_scout_17b_16e_instruct,GA_ADAPTIVE,list_pattern,too_short,12,True,True,[[-7]],0.0,too_short,0,80,0.00011600006837397814
meta_llama_llama_4_scout_17b_16e_instruct,GA_ADAPTIVE,list_pattern,too_short,13,True,True,[[-97]],0.0,too_short,0,80,0.00012866605538874865
meta_llama_llama_4_scout_17b_16e_instruct,GA_ADAPTIVE,list_pattern,too_short,14,True,True,[[]],0.0,too_short,0,80,0.00012824998702853918
meta_llama_llama_4_scout_17b_16e_instruct,GA_ADAPTIVE,list_pattern,too_short,15,True,True,[[54]],0.0,too_short,0,80,0.00012666697148233652
meta_llama_llama_4_scout_17b_16e_instruct,GA_ADAPTIVE,list_pattern,too_short,16,True,True,[[32]],0.0,too_short,0,80,0.00012829189654439688
meta_llama_llama_4_scout_17b_16e_instruct,GA_ADAPTIVE,list_pattern,too_short,17,True,True,[[]],0.0,too_short,0,80,0.00012195901945233345
meta_llama_llama_4_scout_17b_16e_instruct,GA_ADAPTIVE,list_pattern,too_short,18,True,True,[[]],0.0,too_short,0,80,0.0001336249988526106
meta_llama_llama_4_scout_17b_16e_instruct,GA_ADAPTIVE,list_pattern,too_short,19,True,True,[[]],0.0,too_short,0,80,0.00013658299576491117
meta_llama_llama_4_scout_17b_16e_instruct,GA_ADAPTIVE,list_pattern,too_short,20,True,True,[[]],0.0,too_short,0,80,0.00012770795729011297
meta_llama_llama_4_scout_17b_16e_instruct,GA_ADAPTIVE,list_pattern,too_short,21,True,True,[[-12]],0.0,too_short,0,80,0.00012658396735787392
meta_llama_llama_4_scout_17b_16e_instruct,GA_ADAPTIVE,list_pattern,too_short,22,True,True,[[-36]],0.0,too_short,0,80,0.00012962508480995893
meta_llama_llama_4_scout_17b_16e_instruct,GA_ADAPTIVE,list_pattern,too_short,23,True,True,[[11]],0.0,too_short,0,80,0.00013037503231316805
meta_llama_llama_4_scout_17b_16e_instruct,GA_ADAPTIVE,list_pattern,too_short,24,True,True,[[]],0.0,too_short,0,80,0.00013533292803913355
meta_llama_llama_4_scout_17b_16e_instruct,GA_ADAPTIVE,list_pattern,too_short,25,True,True,[[]],0.0,too_short,0,80,0.00012900005094707012
meta_llama_llama_4_scout_17b_16e_instruct,GA_ADAPTIVE,list_pattern,too_short,26,True,True,[[]],0.0,too_short,0,80,0.00012737500946968794
meta_llama_llama_4_scout_17b_16e_instruct,GA_ADAPTIVE,list_pattern,too_short,27,True,True,[[]],0.0,too_short,0,80,0.00012520805466920137
meta_llama_llama_4_scout_17b_16e_instruct,GA_ADAPTIVE,list_pattern,too_short,28,True,True,[[]],0.0,too_short,0,80,0.00012637500185519457
meta_llama_llama_4_scout_17b_16e_instruct,GA_ADAPTIVE,list_pattern,too_short,29,True,True,[[-91]],0.0,too_short,0,80,0.0001248749904334545
meta_llama_llama_4_scout_17b_16e_instruct,GA_ADAPTIVE,list_pattern,sorted_unique,0,True,True,"[[-59, -4]]",0.0,sorted_unique,0,80,0.00012304098345339298
meta_llama_llama_4_scout_17b_16e_instruct,GA_ADAPTIVE,list_pattern,sorted_unique,1,True,True,"[[20, 66]]",0.0,sorted_unique,0,80,0.00013016699813306332
meta_llama_llama_4_scout_17b_16e_instruct,GA_ADAPTIVE,list_pattern,sorted_unique,2,True,True,"[[-66, -56, 8]]",0.0,sorted_unique,0,80,0.0001267079496756196
meta_llama_llama_4_scout_17b_16e_instruct,GA_ADAPTIVE,list_pattern,sorted_unique,3,True,True,"[[-71, -46, -9]]",0.0,sorted_unique,0,80,0.00012545904610306025
meta_llama_llama_4_scout_17b_16e_instruct,GA_ADAPTIVE,list_pattern,sorted_unique,4,True,True,"[[40, 51]]",0.0,sorted_unique,0,80,0.00013666704762727022
meta_llama_llama_4_scout_17b_16e_instruct,GA_ADAPTIVE,list_pattern,sorted_unique,5,True,True,"[[-53, 92]]",0.0,sorted_unique,0,80,0.00014091702178120613
meta_llama_llama_4_scout_17b_16e_instruct,GA_ADAPTIVE,list_pattern,sorted_unique,6,True,True,"[[-79, -6]]",0.0,sorted_unique,0,80,0.00012275006156414747
meta_llama_llama_4_scout_17b_16e_instruct,GA_ADAPTIVE,list_pattern,sorted_unique,7,True,True,"[[-70, 60]]",0.0,sorted_unique,0,80,0.00012987491209059954
meta_llama_llama_4_scout_17b_16e_instruct,GA_ADAPTIVE,list_pattern,sorted_unique,8,True,True,"[[-41, -19]]",0.0,sorted_unique,0,80,0.000128040905110538
meta_llama_llama_4_scout_17b_16e_instruct,GA_ADAPTIVE,list_pattern,sorted_unique,9,True,True,"[[19, 38, 65]]",0.0,sorted_unique,0,80,0.0001319169532507658
meta_llama_llama_4_scout_17b_16e_instruct,GA_ADAPTIVE,list_pattern,sorted_unique,10,True,True,"[[-32, 70]]",0.0,sorted_unique,0,80,0.00012575008440762758
meta_llama_llama_4_scout_17b_16e_instruct,GA_ADAPTIVE,list_pattern,sorted_unique,11,True,True,"[[13, 55]]",0.0,sorted_unique,0,80,0.0001401250483468175
meta_llama_llama_4_scout_17b_16e_instruct,GA_ADAPTIVE,list_pattern,sorted_unique,12,True,True,"[[63, 65]]",0.0,sorted_unique,0,80,0.00012854207307100296
meta_llama_llama_4_scout_17b_16e_instruct,GA_ADAPTIVE,list_pattern,sorted_unique,13,True,True,"[[-9, 0, 10]]",0.0,sorted_unique,0,80,0.0001302079763263464
meta_llama_llama_4_scout_17b_16e_instruct,GA_ADAPTIVE,list_pattern,sorted_unique,14,True,True,"[[-92, -53]]",0.0,sorted_unique,0,80,0.00013008294627070427
meta_llama_llama_4_scout_17b_16e_instruct,GA_ADAPTIVE,list_pattern,sorted_unique,15,True,True,"[[9, 45, 76]]",0.0,sorted_unique,0,80,0.00013608403969556093
meta_llama_llama_4_scout_17b_16e_instruct,GA_ADAPTIVE,list_pattern,sorted_unique,16,True,True,"[[-4, 34, 83]]",0.0,sorted_unique,0,80,0.00012433400843292475
meta_llama_llama_4_scout_17b_16e_instruct,GA_ADAPTIVE,list_pattern,sorted_unique,17,True,True,"[[-80, 96]]",0.0,sorted_unique,0,80,0.00012195901945233345
meta_llama_llama_4_scout_17b_16e_instruct,GA_ADAPTIVE,list_pattern,sorted_unique,18,True,True,"[[-100, 33]]",0.0,sorted_unique,0,80,0.00012637500185519457
meta_llama_llama_4_scout_17b_16e_instruct,GA_ADAPTIVE,list_pattern,sorted_unique,19,True,True,"[[-48, 3]]",0.0,sorted_unique,0,80,0.00012895790860056877
meta_llama_llama_4_scout_17b_16e_instruct,GA_ADAPTIVE,list_pattern,sorted_unique,20,True,True,"[[-61, 45]]",0.0,sorted_unique,0,80,0.00013287493493407965
meta_llama_llama_4_scout_17b_16e_instruct,GA_ADAPTIVE,list_pattern,sorted_unique,21,True,True,"[[-79, -66, -28, -21, 55]]",0.0,sorted_unique,0,80,0.00013783294707536697
meta_llama_llama_4_scout_17b_16e_instruct,GA_ADAPTIVE,list_pattern,sorted_unique,22,True,True,"[[-71, 9, 57, 94]]",0.0,sorted_unique,0,80,0.0001295410329475999
meta_llama_llama_4_scout_17b_16e_instruct,GA_ADAPTIVE,list_pattern,sorted_unique,23,True,True,"[[-100, -53, 97]]",0.0,sorted_unique,0,80,0.00013116700574755669
meta_llama_llama_4_scout_17b_16e_instruct,GA_ADAPTIVE,list_pattern,sorted_unique,24,True,True,"[[77, 98]]",0.0,sorted_unique,0,80,0.00012454192619770765
meta_llama_llama_4_scout_17b_16e_instruct,GA_ADAPTIVE,list_pattern,sorted_unique,25,True,True,"[[21, 86]]",0.0,sorted_unique,0,80,0.0001250840723514557
meta_llama_llama_4_scout_17b_16e_instruct,GA_ADAPTIVE,list_pattern,sorted_unique,26,True,True,"[[-97, -70, 66]]",0.0,sorted_unique,0,80,0.00012250000145286322
meta_llama_llama_4_scout_17b_16e_instruct,GA_ADAPTIVE,list_pattern,sorted_unique,27,True,True,"[[-60, -55, -53, 29]]",0.0,sorted_unique,0,80,0.00013816601131111383
meta_llama_llama_4_scout_17b_16e_instruct,GA_ADAPTIVE,list_pattern,sorted_unique,28,True,True,"[[-78, 30]]",0.0,sorted_unique,0,80,0.00012700003571808338
meta_llama_llama_4_scout_17b_16e_instruct,GA_ADAPTIVE,list_pattern,sorted_unique,29,True,True,"[[-71, 86]]",0.0,sorted_unique,0,80,0.00012195901945233345
meta_llama_llama_4_scout_17b_16e_instruct,GA_ADAPTIVE,list_pattern,sorted_with_duplicates,0,True,True,"[[52, 52]]",0.0,sorted_with_duplicates,0,80,0.0001336249988526106
meta_llama_llama_4_scout_17b_16e_instruct,GA_ADAPTIVE,list_pattern,sorted_with_duplicates,1,True,True,"[[-3, -3, 23, 82]]",0.0,sorted_with_duplicates,4,400,0.0020100000547245145
meta_llama_llama_4_scout_17b_16e_instruct,GA_ADAPTIVE,list_pattern,sorted_with_duplicates,2,True,True,"[[-72, 86, 86]]",0.0,sorted_with_duplicates,36,2960,0.017063084058463573
meta_llama_llama_4_scout_17b_16e_instruct,GA_ADAPTIVE,list_pattern,sorted_with_duplicates,3,True,True,"[[-40, 54, 54]]",0.0,sorted_with_duplicates,18,1520,0.008014832972548902
meta_llama_llama_4_scout_17b_16e_instruct,GA_ADAPTIVE,list_pattern,sorted_with_duplicates,4,True,True,"[[-36, -36]]",0.0,sorted_with_duplicates,23,1920,0.010652875062078238
meta_llama_llama_4_scout_17b_16e_instruct,GA_ADAPTIVE,list_pattern,sorted_with_duplicates,5,True,True,"[[1, 1]]",0.0,sorted_with_duplicates,0,80,0.00013129203580319881
meta_llama_llama_4_scout_17b_16e_instruct,GA_ADAPTIVE,list_pattern,sorted_with_duplicates,6,True,True,"[[-56, -56]]",0.0,sorted_with_duplicates,16,1360,0.007038332987576723
meta_llama_llama_4_scout_17b_16e_instruct,GA_ADAPTIVE,list_pattern,sorted_with_duplicates,7,True,True,"[[-20, -7, 18, 18]]",0.0,sorted_with_duplicates,34,2800,0.015664541046135128
meta_llama_llama_4_scout_17b_16e_instruct,GA_ADAPTIVE,list_pattern,sorted_with_duplicates,8,True,True,"[[19, 19]]",0.0,sorted_with_duplicates,34,2800,0.015414207940921187
meta_llama_llama_4_scout_17b_16e_instruct,GA_ADAPTIVE,list_pattern,sorted_with_duplicates,9,True,True,"[[41, 41]]",0.0,sorted_with_duplicates,37,3040,0.016452542040497065
meta_llama_llama_4_scout_17b_16e_instruct,GA_ADAPTIVE,list_pattern,sorted_with_duplicates,10,True,True,"[[-63, -63, 5, 86]]",0.0,sorted_with_duplicates,38,3120,0.01692162500694394
meta_llama_llama_4_scout_17b_16e_instruct,GA_ADAPTIVE,list_pattern,sorted_with_duplicates,11,True,True,"[[-42, -33, -20, 58, 58]]",0.0,sorted_with_duplicates,0,80,0.00013283302541822195
meta_llama_llama_4_scout_17b_16e_instruct,GA_ADAPTIVE,list_pattern,sorted_with_duplicates,12,True,True,"[[-50, -50]]",0.0,sorted_with_duplicates,2,240,0.0009881668956950307
meta_llama_llama_4_scout_17b_16e_instruct,GA_ADAPTIVE,list_pattern,sorted_with_duplicates,13,True,True,"[[-5, -5]]",0.0,sorted_with_duplicates,16,1360,0.0072656660340726376
meta_llama_llama_4_scout_17b_16e_instruct,GA_ADAPTIVE,list_pattern,sorted_with_duplicates,14,True,True,"[[22, 22]]",0.0,sorted_with_duplicates,2,240,0.0009761250112205744
meta_llama_llama_4_scout_17b_16e_instruct,GA_ADAPTIVE,list_pattern,sorted_with_duplicates,15,True,True,"[[-64, -64, 93]]",0.0,sorted_with_duplicates,4,400,0.0017936250660568476
meta_llama_llama_4_scout_17b_16e_instruct,GA_ADAPTIVE,list_pattern,sorted_with_duplicates,16,True,True,"[[-79, -59, -59, 14, 21]]",0.0,sorted_with_duplicates,11,960,0.004802334005944431
meta_llama_llama_4_scout_17b_16e_instruct,GA_ADAPTIVE,list_pattern,sorted_with_duplicates,17,True,True,"[[-61, -61]]",0.0,sorted_with_duplicates,10,880,0.004441375029273331
meta_llama_llama_4_scout_17b_16e_instruct,GA_ADAPTIVE,list_pattern,sorted_with_duplicates,18,True,True,"[[-55, 35, 46, 46, 49]]",0.0,sorted_with_duplicates,0,80,0.00013158295769244432
meta_llama_llama_4_scout_17b_16e_instruct,GA_ADAPTIVE,list_pattern,sorted_with_duplicates,19,True,True,"[[56, 56]]",0.0,sorted_with_duplicates,22,1840,0.009536041994579136
meta_llama_llama_4_scout_17b_16e_instruct,GA_ADAPTIVE,list_pattern,sorted_with_duplicates,20,True,True,"[[72, 72]]",0.0,sorted_with_duplicates,27,2240,0.012096041929908097
meta_llama_llama_4_scout_17b_16e_instruct,GA_ADAPTIVE,list_pattern,sorted_with_duplicates,21,True,True,"[[-94, -94]]",0.0,sorted_with_duplicates,23,1920,0.009746041963808239
meta_llama_llama_4_scout_17b_16e_instruct,GA_ADAPTIVE,list_pattern,sorted_with_duplicates,22,True,True,"[[-2, 79, 79]]",0.0,sorted_with_duplicates,4,400,0.0018397499807178974
meta_llama_llama_4_scout_17b_16e_instruct,GA_ADAPTIVE,list_pattern,sorted_with_duplicates,23,True,True,"[[-90, -90]]",0.0,sorted_with_duplicates,7,640,0.0031045839423313737
meta_llama_llama_4_scout_17b_16e_instruct,GA_ADAPTIVE,list_pattern,sorted_with_duplicates,24,True,True,"[[94, 94]]",0.0,sorted_with_duplicates,6,560,0.0027429580222815275
meta_llama_llama_4_scout_17b_16e_instruct,GA_ADAPTIVE,list_pattern,sorted_with_duplicates,25,True,True,"[[-95, 5, 5]]",0.0,sorted_with_duplicates,2,240,0.0009613749571144581
meta_llama_llama_4_scout_17b_16e_instruct,GA_ADAPTIVE,list_pattern,sorted_with_duplicates,26,True,True,"[[-16, -16]]",0.0,sorted_with_duplicates,5,480,0.0022012919653207064
meta_llama_llama_4_scout_17b_16e_instruct,GA_ADAPTIVE,list_pattern,sorted_with_duplicates,27,True,True,"[[-10, -10]]",0.0,sorted_with_duplicates,0,80,0.0001272499794140458
meta_llama_llama_4_scout_17b_16e_instruct,GA_ADAPTIVE,list_pattern,sorted_with_duplicates,28,True,True,"[[-41, -41]]",0.0,sorted_with_duplicates,20,1680,0.008974458905868232
meta_llama_llama_4_scout_17b_16e_instruct,GA_ADAPTIVE,list_pattern,sorted_with_duplicates,29,True,True,"[[92, 92]]",0.0,sorted_with_duplicates,30,2480,0.013352665933780372
meta_llama_llama_4_scout_17b_16e_instruct,GA_ADAPTIVE,list_pattern,unsorted_unique,0,True,True,"[[64, -62, -100, -46]]",0.0,unsorted_unique,0,80,0.00014037499204277992
meta_llama_llama_4_scout_17b_16e_instruct,GA_ADAPTIVE,list_pattern,unsorted_unique,1,True,True,"[[14, -18]]",0.0,unsorted_unique,0,80,0.00012437498662620783
meta_llama_llama_4_scout_17b_16e_instruct,GA_ADAPTIVE,list_pattern,unsorted_unique,2,True,True,"[[11, -50]]",0.0,unsorted_unique,0,80,0.00012391700875014067
meta_llama_llama_4_scout_17b_16e_instruct,GA_ADAPTIVE,list_pattern,unsorted_unique,3,True,True,"[[97, -43, 83, 59, 34]]",0.0,unsorted_unique,0,80,0.00013800000306218863
meta_llama_llama_4_scout_17b_16e_instruct,GA_ADAPTIVE,list_pattern,unsorted_unique,4,True,True,"[[59, 34, 55]]",0.0,unsorted_unique,0,80,0.00012983300257474184
meta_llama_llama_4_scout_17b_16e_instruct,GA_ADAPTIVE,list_pattern,unsorted_unique,5,True,True,"[[77, -97, -88, 57, -69, -30]]",0.0,unsorted_unique,0,80,0.00013062497600913048
meta_llama_llama_4_scout_17b_16e_instruct,GA_ADAPTIVE,list_pattern,unsorted_unique,6,True,True,"[[-10, 94, 6, -79, -37, -44]]",0.0,unsorted_unique,0,80,0.00012795801740139723
meta_llama_llama_4_scout_17b_16e_instruct,GA_ADAPTIVE,list_pattern,unsorted_unique,7,True,True,"[[-50, -7, -27, -84, -48]]",0.0,unsorted_unique,0,80,0.00011908297892659903
meta_llama_llama_4_scout_17b_16e_instruct,GA_ADAPTIVE,list_pattern,unsorted_unique,8,True,True,"[[96, 85]]",0.0,unsorted_unique,0,80,0.0001194999786093831
meta_llama_llama_4_scout_17b_16e_instruct,GA_ADAPTIVE,list_pattern,unsorted_unique,9,True,True,"[[-89, -14, -67, -51, -29, 53]]",0.0,unsorted_unique,0,80,0.00012395891826599836
meta_llama_llama_4_scout_17b_16e_instruct,GA_ADAPTIVE,list_pattern,unsorted_unique,10,True,True,"[[-60, -59, 88, -29, 40]]",0.0,unsorted_unique,0,80,0.00012816698290407658
meta_llama_llama_4_scout_17b_16e_instruct,GA_ADAPTIVE,list_pattern,unsorted_unique,11,True,True,"[[95, 47, -56, 16]]",0.0,unsorted_unique,0,80,0.00012362503912299871
meta_llama_llama_4_scout_17b_16e_instruct,GA_ADAPTIVE,list_pattern,unsorted_unique,12,True,True,"[[-88, 88, -87]]",0.0,unsorted_unique,0,80,0.0001365420175716281
meta_llama_llama_4_scout_17b_16e_instruct,GA_ADAPTIVE,list_pattern,unsorted_unique,13,True,True,"[[100, 93, 99, -94, -61, -14]]",0.0,unsorted_unique,0,80,0.00012587499804794788
meta_llama_llama_4_scout_17b_16e_instruct,GA_ADAPTIVE,list_pattern,unsorted_unique,14,True,True,"[[-75, -78, -36]]",0.0,unsorted_unique,0,80,0.00012912496458739042
meta_llama_llama_4_scout_17b_16e_instruct,GA_ADAPTIVE,list_pattern,unsorted_unique,15,True,True,"[[-5, 3, -47, 33, -90]]",0.0,unsorted_unique,0,80,0.0001289169304072857
meta_llama_llama_4_scout_17b_16e_instruct,GA_ADAPTIVE,list_pattern,unsorted_unique,16,True,True,"[[-66, -80, 23, 14]]",0.0,unsorted_unique,0,80,0.00012991693802177906
meta_llama_llama_4_scout_17b_16e_instruct,GA_ADAPTIVE,list_pattern,unsorted_unique,17,True,True,"[[54, -71]]",0.0,unsorted_unique,0,80,0.00012162502389401197
meta_llama_llama_4_scout_17b_16e_instruct,GA_ADAPTIVE,list_pattern,unsorted_unique,18,True,True,"[[21, -71, -59, 82, -66, -61]]",0.0,unsorted_unique,0,80,0.00012987502850592136
meta_llama_llama_4_scout_17b_16e_instruct,GA_ADAPTIVE,list_pattern,unsorted_unique,19,True,True,"[[-72, 100, 63, -97]]",0.0,unsorted_unique,0,80,0.00012499990407377481
meta_llama_llama_4_scout_17b_16e_instruct,GA_ADAPTIVE,list_pattern,unsorted_unique,20,True,True,"[[75, -38]]",0.0,unsorted_unique,0,80,0.00011970801278948784
meta_llama_llama_4_scout_17b_16e_instruct,GA_ADAPTIVE,list_pattern,unsorted_unique,21,True,True,"[[6, -12, 52, 1, 90, -24]]",0.0,unsorted_unique,0,80,0.00013412500265985727
meta_llama_llama_4_scout_17b_16e_instruct,GA_ADAPTIVE,list_pattern,unsorted_unique,22,True,True,"[[56, -75]]",0.0,unsorted_unique,0,80,0.00012974999845027924
meta_llama_llama_4_scout_17b_16e_instruct,GA_ADAPTIVE,list_pattern,unsorted_unique,23,True,True,"[[-72, -39, 80, 73, -99, 66]]",0.0,unsorted_unique,0,80,0.0001337080029770732
meta_llama_llama_4_scout_17b_16e_instruct,GA_ADAPTIVE,list_pattern,unsorted_unique,24,True,True,"[[84, 60, -64]]",0.0,unsorted_unique,0,80,0.0001359580783173442
meta_llama_llama_4_scout_17b_16e_instruct,GA_ADAPTIVE,list_pattern,unsorted_unique,25,True,True,"[[50, -52, -44, -39, -18]]",0.0,unsorted_unique,0,80,0.00012479093857109547
meta_llama_llama_4_scout_17b_16e_instruct,GA_ADAPTIVE,list_pattern,unsorted_unique,26,True,True,"[[-84, -16, 8, -54, -21, 74]]",0.0,unsorted_unique,0,80,0.00012858398258686066
meta_llama_llama_4_scout_17b_16e_instruct,GA_ADAPTIVE,list_pattern,unsorted_unique,27,True,True,"[[-48, -16, 33, -34, 96]]",0.0,unsorted_unique,0,80,0.00013154197949916124
meta_llama_llama_4_scout_17b_16e_instruct,GA_ADAPTIVE,list_pattern,unsorted_unique,28,True,True,"[[1, 47, -70, 18, 79]]",0.0,unsorted_unique,0,80,0.00012629199773073196
meta_llama_llama_4_scout_17b_16e_instruct,GA_ADAPTIVE,list_pattern,unsorted_unique,29,True,True,"[[-15, 64, -56, -36, 60]]",0.0,unsorted_unique,0,80,0.00013512501027435064
meta_llama_llama_4_scout_17b_16e_instruct,GA_ADAPTIVE,list_pattern,unsorted_with_duplicates,0,True,True,"[[-87, 6, -99, -99, -13]]",0.0,unsorted_with_duplicates,0,80,0.00012929202057421207
meta_llama_llama_4_scout_17b_16e_instruct,GA_ADAPTIVE,list_pattern,unsorted_with_duplicates,1,True,True,"[[90, 99, -96, -96]]",0.0,unsorted_with_duplicates,0,80,0.00012570794206112623
meta_llama_llama_4_scout_17b_16e_instruct,GA_ADAPTIVE,list_pattern,unsorted_with_duplicates,2,True,True,"[[-59, 52, 75, -50, -99, -59]]",0.0,unsorted_with_duplicates,0,80,0.00013170798774808645
meta_llama_llama_4_scout_17b_16e_instruct,GA_ADAPTIVE,list_pattern,unsorted_with_duplicates,3,True,True,"[[70, -87, 95, 46, -87, -50]]",0.0,unsorted_with_duplicates,0,80,0.00012445892207324505
meta_llama_llama_4_scout_17b_16e_instruct,GA_ADAPTIVE,list_pattern,unsorted_with_duplicates,4,True,True,"[[-24, -65, -59, -32, -65, -28]]",0.0,unsorted_with_duplicates,2,240,0.0010182919213548303
meta_llama_llama_4_scout_17b_16e_instruct,GA_ADAPTIVE,list_pattern,unsorted_with_duplicates,5,True,True,"[[-42, 95, 65, -42, 70, 94]]",0.0,unsorted_with_duplicates,0,80,0.00012091698590666056
meta_llama_llama_4_scout_17b_16e_instruct,GA_ADAPTIVE,list_pattern,unsorted_with_duplicates,6,True,True,"[[-6, -78, 95, -6, 63, -71]]",0.0,unsorted_with_duplicates,0,80,0.00012608407996594906
meta_llama_llama_4_scout_17b_16e_instruct,GA_ADAPTIVE,list_pattern,unsorted_with_duplicates,7,True,True,"[[-27, -62, -25, -43, -27, -47]]",0.0,unsorted_with_duplicates,0,80,0.0001283750170841813
meta_llama_llama_4_scout_17b_16e_instruct,GA_ADAPTIVE,list_pattern,unsorted_with_duplicates,8,True,True,"[[-61, 38, 38, 19, 18]]",0.0,unsorted_with_duplicates,0,80,0.00012862507719546556
meta_llama_llama_4_scout_17b_16e_instruct,GA_ADAPTIVE,list_pattern,unsorted_with_duplicates,9,True,True,"[[23, 66, -10, -72, -72]]",0.0,unsorted_with_duplicates,12,1040,0.005127624957822263
meta_llama_llama_4_scout_17b_16e_instruct,GA_ADAPTIVE,list_pattern,unsorted_with_duplicates,10,True,True,"[[19, 93, -15, 93]]",0.0,unsorted_with_duplicates,0,80,0.00013333396054804325
meta_llama_llama_4_scout_17b_16e_instruct,GA_ADAPTIVE,list_pattern,unsorted_with_duplicates,11,True,True,"[[65, -89, -89, 41, -52, 71]]",0.0,unsorted_with_duplicates,0,80,0.0001297079725190997
meta_llama_llama_4_scout_17b_16e_instruct,GA_ADAPTIVE,list_pattern,unsorted_with_duplicates,12,True,True,"[[51, -66, -37, 51]]",0.0,unsorted_with_duplicates,0,80,0.00013050006236881018
meta_llama_llama_4_scout_17b_16e_instruct,GA_ADAPTIVE,list_pattern,unsorted_with_duplicates,13,True,True,"[[49, 4, 0, 49, -22]]",0.0,unsorted_with_duplicates,0,80,0.00012404099106788635
meta_llama_llama_4_scout_17b_16e_instruct,GA_ADAPTIVE,list_pattern,unsorted_with_duplicates,14,True,True,"[[49, -70, 49, -78, -85, -18]]",0.0,unsorted_with_duplicates,0,80,0.00012291595339775085
meta_llama_llama_4_scout_17b_16e_instruct,GA_ADAPTIVE,list_pattern,unsorted_with_duplicates,15,True,True,"[[64, -66, 3, -10, 3, 61]]",0.0,unsorted_with_duplicates,0,80,0.00012445903848856688
meta_llama_llama_4_scout_17b_16e_instruct,GA_ADAPTIVE,list_pattern,unsorted_with_duplicates,16,True,True,"[[18, -47, -88, 18, 43, 56]]",0.0,unsorted_with_duplicates,0,80,0.00013033300638198853
meta_llama_llama_4_scout_17b_16e_instruct,GA_ADAPTIVE,list_pattern,unsorted_with_duplicates,17,True,True,"[[-61, -45, -45, 15, -27, 83]]",0.0,unsorted_with_duplicates,0,80,0.00013004208449274302
meta_llama_llama_4_scout_17b_16e_instruct,GA_ADAPTIVE,list_pattern,unsorted_with_duplicates,18,True,True,"[[4, -14, -53, -14]]",0.0,unsorted_with_duplicates,0,80,0.0001278329873457551
meta_llama_llama_4_scout_17b_16e_instruct,GA_ADAPTIVE,list_pattern,unsorted_with_duplicates,19,True,True,"[[67, 97, 97, -6, 28, -2]]",0.0,unsorted_with_duplicates,0,80,0.00013108400162309408
meta_llama_llama_4_scout_17b_16e_instruct,GA_ADAPTIVE,list_pattern,unsorted_with_duplicates,20,True,True,"[[-26, -42, -26]]",0.0,unsorted_with_duplicates,4,400,0.0017459579976275563
meta_llama_llama_4_scout_17b_16e_instruct,GA_ADAPTIVE,list_pattern,unsorted_with_duplicates,21,True,True,"[[-96, 55, -96]]",0.0,unsorted_with_duplicates,0,80,0.00012162490747869015
meta_llama_llama_4_scout_17b_16e_instruct,GA_ADAPTIVE,list_pattern,unsorted_with_duplicates,22,True,True,"[[11, -63, -65, -17, -71, -65]]",0.0,unsorted_with_duplicates,0,80,0.00013358297292143106
meta_llama_llama_4_scout_17b_16e_instruct,GA_ADAPTIVE,list_pattern,unsorted_with_duplicates,23,True,True,"[[-67, 21, -67, -21, 9]]",0.0,unsorted_with_duplicates,0,80,0.00012049998622387648
meta_llama_llama_4_scout_17b_16e_instruct,GA_ADAPTIVE,list_pattern,unsorted_with_duplicates,24,True,True,"[[-3, -3, -54]]",0.0,unsorted_with_duplicates,1,160,0.0005532919894903898
meta_llama_llama_4_scout_17b_16e_instruct,GA_ADAPTIVE,list_pattern,unsorted_with_duplicates,25,True,True,"[[78, 93, 54, 93, -58, -69]]",0.0,unsorted_with_duplicates,0,80,0.00012629199773073196
meta_llama_llama_4_scout_17b_16e_instruct,GA_ADAPTIVE,list_pattern,unsorted_with_duplicates,26,True,True,"[[-53, -61, -53]]",0.0,unsorted_with_duplicates,0,80,0.0001261659199371934
meta_llama_llama_4_scout_17b_16e_instruct,GA_ADAPTIVE,list_pattern,unsorted_with_duplicates,27,True,True,"[[70, 70, -98, -10, -63, -71]]",0.0,unsorted_with_duplicates,0,80,0.00012816605158150196
meta_llama_llama_4_scout_17b_16e_instruct,GA_ADAPTIVE,list_pattern,unsorted_with_duplicates,28,True,True,"[[51, 21, 21, 25, 45, -74]]",0.0,unsorted_with_duplicates,0,80,0.0001287920167669654
meta_llama_llama_4_scout_17b_16e_instruct,GA_ADAPTIVE,list_pattern,unsorted_with_duplicates,29,True,True,"[[54, -65, 54]]",0.0,unsorted_with_duplicates,16,1360,0.0068688750034198165
meta_llama_llama_4_scout_17b_16e_instruct,GA_ADAPTIVE,number_kind,zero,0,True,True,[0],0.0,zero,4,400,0.0012770419707521796
meta_llama_llama_4_scout_17b_16e_instruct,GA_ADAPTIVE,number_kind,zero,1,True,True,[0],0.0,zero,6,560,0.001882667071186006
meta_llama_llama_4_scout_17b_16e_instruct,GA_ADAPTIVE,number_kind,zero,2,True,True,[0],0.0,zero,10,880,0.0030795830534771085
meta_llama_llama_4_scout_17b_16e_instruct,GA_ADAPTIVE,number_kind,zero,3,True,True,[0],0.0,zero,1,160,0.0003599580377340317
meta_llama_llama_4_scout_17b_16e_instruct,GA_ADAPTIVE,number_kind,zero,4,True,True,[0],0.0,zero,11,960,0.0033900829730555415
meta_llama_llama_4_scout_17b_16e_instruct,GA_ADAPTIVE,number_kind,zero,5,True,True,[0],0.0,zero,10,880,0.0031372500816360116
meta_llama_llama_4_scout_17b_16e_instruct,GA_ADAPTIVE,number_kind,zero,6,True,True,[0],0.0,zero,6,560,0.0018733330070972443
meta_llama_llama_4_scout_17b_16e_instruct,GA_ADAPTIVE,number_kind,zero,7,True,True,[0],0.0,zero,3,320,0.0009687090059742332
meta_llama_llama_4_scout_17b_16e_instruct,GA_ADAPTIVE,number_kind,zero,8,True,True,[0],0.0,zero,6,560,0.0018758330261334777
meta_llama_llama_4_scout_17b_16e_instruct,GA_ADAPTIVE,number_kind,zero,9,True,True,[0],0.0,zero,6,560,0.0018819170072674751
meta_llama_llama_4_scout_17b_16e_instruct,GA_ADAPTIVE,number_kind,zero,10,True,True,[0],0.0,zero,6,560,0.0019060000777244568
meta_llama_llama_4_scout_17b_16e_instruct,GA_ADAPTIVE,number_kind,zero,11,True,True,[0],0.0,zero,6,560,0.0018692499725148082
meta_llama_llama_4_scout_17b_16e_instruct,GA_ADAPTIVE,number_kind,zero,12,True,True,[0],0.0,zero,7,640,0.0021776669891551137
meta_llama_llama_4_scout_17b_16e_instruct,GA_ADAPTIVE,number_kind,zero,13,True,True,[0],0.0,zero,4,400,0.001295332913286984
meta_llama_llama_4_scout_17b_16e_instruct,GA_ADAPTIVE,number_kind,zero,14,True,True,[0],0.0,zero,9,800,0.0027840000111609697
meta_llama_llama_4_scout_17b_16e_instruct,GA_ADAPTIVE,number_kind,zero,15,True,True,[0],0.0,zero,11,960,0.0033992500975728035
meta_llama_llama_4_scout_17b_16e_instruct,GA_ADAPTIVE,number_kind,zero,16,True,True,[0],0.0,zero,5,480,0.0015700829681009054
meta_llama_llama_4_scout_17b_16e_instruct,GA_ADAPTIVE,number_kind,zero,17,True,True,[0],0.0,zero,6,560,0.0018617919413372874
meta_llama_llama_4_scout_17b_16e_instruct,GA_ADAPTIVE,number_kind,zero,18,True,True,[0],0.0,zero,13,1120,0.0040397499687969685
meta_llama_llama_4_scout_17b_16e_instruct,GA_ADAPTIVE,number_kind,zero,19,True,True,[0],0.0,zero,3,320,0.0009683329844847322
meta_llama_llama_4_scout_17b_16e_instruct,GA_ADAPTIVE,number_kind,zero,20,True,True,[0],0.0,zero,17,1440,0.005207792040891945
meta_llama_llama_4_scout_17b_16e_instruct,GA_ADAPTIVE,number_kind,zero,21,True,True,[0],0.0,zero,5,480,0.0016158339567482471
meta_llama_llama_4_scout_17b_16e_instruct,GA_ADAPTIVE,number_kind,zero,22,True,True,[0],0.0,zero,13,1120,0.003984250011853874
meta_llama_llama_4_scout_17b_16e_instruct,GA_ADAPTIVE,number_kind,zero,23,True,True,[0],0.0,zero,12,1040,0.003682957962155342
meta_llama_llama_4_scout_17b_16e_instruct,GA_ADAPTIVE,number_kind,zero,24,True,True,[0],0.0,zero,5,480,0.0015697909984737635
meta_llama_llama_4_scout_17b_16e_instruct,GA_ADAPTIVE,number_kind,zero,25,True,True,[0],0.0,zero,8,720,0.002491957973688841
meta_llama_llama_4_scout_17b_16e_instruct,GA_ADAPTIVE,number_kind,zero,26,True,True,[0],0.0,zero,4,400,0.0012782909907400608
meta_llama_llama_4_scout_17b_16e_instruct,GA_ADAPTIVE,number_kind,zero,27,True,True,[0],0.0,zero,7,640,0.0021793750347569585
meta_llama_llama_4_scout_17b_16e_instruct,GA_ADAPTIVE,number_kind,zero,28,True,True,[0],0.0,zero,5,480,0.001561500015668571
meta_llama_llama_4_scout_17b_16e_instruct,GA_ADAPTIVE,number_kind,zero,29,True,True,[0],0.0,zero,3,320,0.0009601250058040023
meta_llama_llama_4_scout_17b_16e_instruct,GA_ADAPTIVE,number_kind,even,0,True,True,[1610],0.0,even,0,80,5.341600626707077e-05
meta_llama_llama_4_scout_17b_16e_instruct,GA_ADAPTIVE,number_kind,even,1,True,True,[-314],0.0,even,0,80,5.341588985174894e-05
meta_llama_llama_4_scout_17b_16e_instruct,GA_ADAPTIVE,number_kind,even,2,True,True,[708],0.0,even,0,80,5.583302117884159e-05
meta_llama_llama_4_scout_17b_16e_instruct,GA_ADAPTIVE,number_kind,even,3,True,True,[2550],0.0,even,0,80,5.270808469504118e-05
meta_llama_llama_4_scout_17b_16e_instruct,GA_ADAPTIVE,number_kind,even,4,True,True,[-178],0.0,even,0,80,5.245895590633154e-05
meta_llama_llama_4_scout_17b_16e_instruct,GA_ADAPTIVE,number_kind,even,5,True,True,[-386],0.0,even,0,80,5.254207644611597e-05
meta_llama_llama_4_scout_17b_16e_instruct,GA_ADAPTIVE,number_kind,even,6,True,True,[934],0.0,even,0,80,5.233404226601124e-05
meta_llama_llama_4_scout_17b_16e_instruct,GA_ADAPTIVE,number_kind,even,7,True,True,[210],0.0,even,0,80,5.3416937589645386e-05
meta_llama_llama_4_scout_17b_16e_instruct,GA_ADAPTIVE,number_kind,even,8,True,True,[1022],0.0,even,0,80,5.224999040365219e-05
meta_llama_llama_4_scout_17b_16e_instruct,GA_ADAPTIVE,number_kind,even,9,True,True,[2766],0.0,even,0,80,5.295802839100361e-05
meta_llama_llama_4_scout_17b_16e_instruct,GA_ADAPTIVE,number_kind,even,10,True,True,[1446],0.0,even,0,80,5.291588604450226e-05
meta_llama_llama_4_scout_17b_16e_instruct,GA_ADAPTIVE,number_kind,even,11,True,True,[-220],0.0,even,0,80,5.258398596197367e-05
meta_llama_llama_4_scout_17b_16e_instruct,GA_ADAPTIVE,number_kind,even,12,True,True,[2404],0.0,even,0,80,5.2875024266541004e-05
meta_llama_llama_4_scout_17b_16e_instruct,GA_ADAPTIVE,number_kind,even,13,True,True,[2894],0.0,even,0,80,5.249993409961462e-05
meta_llama_llama_4_scout_17b_16e_instruct,GA_ADAPTIVE,number_kind,even,14,True,True,[1684],0.0,even,0,80,5.2582938224077225e-05
meta_llama_llama_4_scout_17b_16e_instruct,GA_ADAPTIVE,number_kind,even,15,True,True,[-54],0.0,even,0,80,5.3292023949325085e-05
meta_llama_llama_4_scout_17b_16e_instruct,GA_ADAPTIVE,number_kind,even,16,True,True,[2756],0.0,even,0,80,5.312508437782526e-05
meta_llama_llama_4_scout_17b_16e_instruct,GA_ADAPTIVE,number_kind,even,17,True,True,[-300],0.0,even,0,80,5.258305463939905e-05
meta_llama_llama_4_scout_17b_16e_instruct,GA_ADAPTIVE,number_kind,even,18,True,True,[2168],0.0,even,0,80,5.208305083215237e-05
meta_llama_llama_4_scout_17b_16e_instruct,GA_ADAPTIVE,number_kind,even,19,True,True,[2202],0.0,even,0,80,5.262496415525675e-05
meta_llama_llama_4_scout_17b_16e_instruct,GA_ADAPTIVE,number_kind,even,20,True,True,[1676],0.0,even,0,80,5.237502045929432e-05
meta_llama_llama_4_scout_17b_16e_instruct,GA_ADAPTIVE,number_kind,even,21,True,True,[-80],0.0,even,0,80,5.229189991950989e-05
meta_llama_llama_4_scout_17b_16e_instruct,GA_ADAPTIVE,number_kind,even,22,True,True,[2124],0.0,even,0,80,5.362497176975012e-05
meta_llama_llama_4_scout_17b_16e_instruct,GA_ADAPTIVE,number_kind,even,23,True,True,[386],0.0,even,0,80,5.324999801814556e-05
meta_llama_llama_4_scout_17b_16e_instruct,GA_ADAPTIVE,number_kind,even,24,True,True,[610],0.0,even,0,80,5.479203537106514e-05
meta_llama_llama_4_scout_17b_16e_instruct,GA_ADAPTIVE,number_kind,even,25,True,True,[2848],0.0,even,0,80,5.295791197568178e-05
meta_llama_llama_4_scout_17b_16e_instruct,GA_ADAPTIVE,number_kind,even,26,True,True,[1504],0.0,even,0,80,5.270796827971935e-05
meta_llama_llama_4_scout_17b_16e_instruct,GA_ADAPTIVE,number_kind,even,27,True,True,[2308],0.0,even,0,80,5.2875024266541004e-05
meta_llama_llama_4_scout_17b_16e_instruct,GA_ADAPTIVE,number_kind,even,28,True,True,[-424],0.0,even,0,80,5.3958967328071594e-05
meta_llama_llama_4_scout_17b_16e_instruct,GA_ADAPTIVE,number_kind,even,29,True,True,[1810],0.0,even,0,80,5.395803600549698e-05
meta_llama_llama_4_scout_17b_16e_instruct,GA_ADAPTIVE,number_kind,odd,0,True,True,[175],0.0,odd,0,80,5.237502045929432e-05
meta_llama_llama_4_scout_17b_16e_instruct,GA_ADAPTIVE,number_kind,odd,1,True,True,[2263],0.0,odd,0,80,5.262496415525675e-05
meta_llama_llama_4_scout_17b_16e_instruct,GA_ADAPTIVE,number_kind,odd,2,True,True,[1669],0.0,odd,0,80,5.312496796250343e-05
meta_llama_llama_4_scout_17b_16e_instruct,GA_ADAPTIVE,number_kind,odd,3,True,True,[2951],0.0,odd,0,80,5.462497938424349e-05
meta_llama_llama_4_scout_17b_16e_instruct,GA_ADAPTIVE,number_kind,odd,4,True,True,[1301],0.0,odd,0,80,5.237502045929432e-05
meta_llama_llama_4_scout_17b_16e_instruct,GA_ADAPTIVE,number_kind,odd,5,True,True,[1165],0.0,odd,0,80,5.245895590633154e-05
meta_llama_llama_4_scout_17b_16e_instruct,GA_ADAPTIVE,number_kind,odd,6,True,True,[1729],0.0,odd,0,80,5.283299833536148e-05
meta_llama_llama_4_scout_17b_16e_instruct,GA_ADAPTIVE,number_kind,odd,7,True,True,[2659],0.0,odd,0,80,5.220796447247267e-05
meta_llama_llama_4_scout_17b_16e_instruct,GA_ADAPTIVE,number_kind,odd,8,True,True,[-21],0.0,odd,0,80,5.35410363227129e-05
meta_llama_llama_4_scout_17b_16e_instruct,GA_ADAPTIVE,number_kind,odd,9,True,True,[1471],0.0,odd,0,80,5.266699008643627e-05
meta_llama_llama_4_scout_17b_16e_instruct,GA_ADAPTIVE,number_kind,odd,10,True,True,[933],0.0,odd,0,80,5.2875024266541004e-05
meta_llama_llama_4_scout_17b_16e_instruct,GA_ADAPTIVE,number_kind,odd,11,True,True,[2989],0.0,odd,0,80,5.27920201420784e-05
meta_llama_llama_4_scout_17b_16e_instruct,GA_ADAPTIVE,number_kind,odd,12,True,True,[-121],0.0,odd,0,80,5.2459072321653366e-05
meta_llama_llama_4_scout_17b_16e_instruct,GA_ADAPTIVE,number_kind,odd,13,True,True,[-83],0.0,odd,0,80,5.3458032198250294e-05
meta_llama_llama_4_scout_17b_16e_instruct,GA_ADAPTIVE,number_kind,odd,14,True,True,[791],0.0,odd,0,80,5.295791197568178e-05
meta_llama_llama_4_scout_17b_16e_instruct,GA_ADAPTIVE,number_kind,odd,15,True,True,[-9],0.0,odd,0,80,5.266699008643627e-05
meta_llama_llama_4_scout_17b_16e_instruct,GA_ADAPTIVE,number_kind,odd,16,True,True,[1069],0.0,odd,0,80,5.320901982486248e-05
meta_llama_llama_4_scout_17b_16e_instruct,GA_ADAPTIVE,number_kind,odd,17,True,True,[-71],0.0,odd,0,80,5.2666058763861656e-05
meta_llama_llama_4_scout_17b_16e_instruct,GA_ADAPTIVE,number_kind,odd,18,True,True,[861],0.0,odd,0,80,5.320797208696604e-05
meta_llama_llama_4_scout_17b_16e_instruct,GA_ADAPTIVE,number_kind,odd,19,True,True,[439],0.0,odd,0,80,5.620799493044615e-05
meta_llama_llama_4_scout_17b_16e_instruct,GA_ADAPTIVE,number_kind,odd,20,True,True,[-323],0.0,odd,0,80,5.1709008403122425e-05
meta_llama_llama_4_scout_17b_16e_instruct,GA_ADAPTIVE,number_kind,odd,21,True,True,[1987],0.0,odd,0,80,5.287490785121918e-05
meta_llama_llama_4_scout_17b_16e_instruct,GA_ADAPTIVE,number_kind,odd,22,True,True,[1411],0.0,odd,0,80,5.24159986525774e-05
meta_llama_llama_4_scout_17b_16e_instruct,GA_ADAPTIVE,number_kind,odd,23,True,True,[-435],0.0,odd,0,80,5.358306225389242e-05
meta_llama_llama_4_scout_17b_16e_instruct,GA_ADAPTIVE,number_kind,odd,24,True,True,[-455],0.0,odd,0,80,5.383300594985485e-05
meta_llama_llama_4_scout_17b_16e_instruct,GA_ADAPTIVE,number_kind,odd,25,True,True,[875],0.0,odd,0,80,5.266699008643627e-05
meta_llama_llama_4_scout_17b_16e_instruct,GA_ADAPTIVE,number_kind,odd,26,True,True,[1609],0.0,odd,0,80,5.2875024266541004e-05
meta_llama_llama_4_scout_17b_16e_instruct,GA_ADAPTIVE,number_kind,odd,27,True,True,[1619],0.0,odd,0,80,5.2292016334831715e-05
meta_llama_llama_4_scout_17b_16e_instruct,GA_ADAPTIVE,number_kind,odd,28,True,True,[441],0.0,odd,0,80,5.27920201420784e-05
meta_llama_llama_4_scout_17b_16e_instruct,GA_ADAPTIVE,number_kind,odd,29,True,True,[273],0.0,odd,0,80,5.3042080253362656e-05
meta_llama_llama_4_scout_17b_16e_instruct,GA_ADAPTIVE,pin_pattern,secret_pin,0,False,False,"[7, 3, 10, 1]",1.0,,35,8080,0.048029416939243674
meta_llama_llama_4_scout_17b_16e_instruct,GA_ADAPTIVE,pin_pattern,secret_pin,1,True,True,"[7, 3, 9, 1]",0.0,secret_pin,45,3680,0.02060295909177512
meta_llama_llama_4_scout_17b_16e_instruct,GA_ADAPTIVE,pin_pattern,secret_pin,2,False,False,"[7, 4, 9, 1]",1.0,,36,8080,0.04971650009974837
meta_llama_llama_4_scout_17b_16e_instruct,GA_ADAPTIVE,pin_pattern,secret_pin,3,False,False,"[7, 2, 9, 1]",1.0,,49,8080,0.04826279194094241
meta_llama_llama_4_scout_17b_16e_instruct,GA_ADAPTIVE,pin_pattern,secret_pin,4,True,True,"[7, 3, 9, 1]",0.0,secret_pin,42,3440,0.01886804192326963
meta_llama_llama_4_scout_17b_16e_instruct,GA_ADAPTIVE,pin_pattern,secret_pin,5,True,True,"[7, 3, 9, 1]",0.0,secret_pin,36,2960,0.01668687490746379
meta_llama_llama_4_scout_17b_16e_instruct,GA_ADAPTIVE,pin_pattern,secret_pin,6,False,False,"[7, 4, 9, 1]",1.0,,32,8080,0.047876000055111945
meta_llama_llama_4_scout_17b_16e_instruct,GA_ADAPTIVE,pin_pattern,secret_pin,7,True,True,"[7, 3, 9, 1]",0.0,secret_pin,46,3760,0.02041787502821535
meta_llama_llama_4_scout_17b_16e_instruct,GA_ADAPTIVE,pin_pattern,secret_pin,8,False,False,"[7, 4, 9, 1]",1.0,,33,8080,0.047677791910246015
meta_llama_llama_4_scout_17b_16e_instruct,GA_ADAPTIVE,pin_pattern,secret_pin,9,True,True,"[7, 3, 9, 1]",0.0,secret_pin,56,4560,0.02479149994906038
meta_llama_llama_4_scout_17b_16e_instruct,GA_ADAPTIVE,pin_pattern,secret_pin,10,False,False,"[8, 3, 9, 1]",1.0,,36,8080,0.047515833051875234
meta_llama_llama_4_scout_17b_16e_instruct,GA_ADAPTIVE,pin_pattern,secret_pin,11,True,True,"[7, 3, 9, 1]",0.0,secret_pin,45,3680,0.02002879197243601
meta_llama_llama_4_scout_17b_16e_instruct,GA_ADAPTIVE,pin_pattern,secret_pin,12,False,False,"[7, 3, 8, 1]",1.0,,59,8080,0.04595758393406868
meta_llama_llama_4_scout_17b_16e_instruct,GA_ADAPTIVE,pin_pattern,secret_pin,13,True,True,"[7, 3, 9, 1]",0.0,secret_pin,37,3040,0.016656583989970386
meta_llama_llama_4_scout_17b_16e_instruct,GA_ADAPTIVE,pin_pattern,secret_pin,14,False,False,"[7, 3, 8, 1]",1.0,,39,8080,0.05127258296124637
meta_llama_llama_4_scout_17b_16e_instruct,GA_ADAPTIVE,pin_pattern,secret_pin,15,True,True,"[7, 3, 9, 1]",0.0,secret_pin,56,4560,0.02964179206173867
meta_llama_llama_4_scout_17b_16e_instruct,GA_ADAPTIVE,pin_pattern,secret_pin,16,True,True,"[7, 3, 9, 1]",0.0,secret_pin,43,3520,0.024703165981918573
meta_llama_llama_4_scout_17b_16e_instruct,GA_ADAPTIVE,pin_pattern,secret_pin,17,True,True,"[7, 3, 9, 1]",0.0,secret_pin,41,3360,0.02693312498740852
meta_llama_llama_4_scout_17b_16e_instruct,GA_ADAPTIVE,pin_pattern,secret_pin,18,True,True,"[7, 3, 9, 1]",0.0,secret_pin,35,2880,0.017594957957044244
meta_llama_llama_4_scout_17b_16e_instruct,GA_ADAPTIVE,pin_pattern,secret_pin,19,True,True,"[7, 3, 9, 1]",0.0,secret_pin,39,3200,0.018171041971072555
meta_llama_llama_4_scout_17b_16e_instruct,GA_ADAPTIVE,pin_pattern,secret_pin,20,False,False,"[7, 3, 8, 1]",1.0,,44,8080,0.04908579203765839
meta_llama_llama_4_scout_17b_16e_instruct,GA_ADAPTIVE,pin_pattern,secret_pin,21,True,True,"[7, 3, 9, 1]",0.0,secret_pin,39,3200,0.018284208956174552
meta_llama_llama_4_scout_17b_16e_instruct,GA_ADAPTIVE,pin_pattern,secret_pin,22,True,True,"[7, 3, 9, 1]",0.0,secret_pin,51,4160,0.023762291064485908
meta_llama_llama_4_scout_17b_16e_instruct,GA_ADAPTIVE,pin_pattern,secret_pin,23,True,True,"[7, 3, 9, 1]",0.0,secret_pin,47,3840,0.022458999999798834
meta_llama_llama_4_scout_17b_16e_instruct,GA_ADAPTIVE,pin_pattern,secret_pin,24,True,True,"[7, 3, 9, 1]",0.0,secret_pin,57,4640,0.0267761250725016
meta_llama_llama_4_scout_17b_16e_instruct,GA_ADAPTIVE,pin_pattern,secret_pin,25,True,True,"[7, 3, 9, 1]",0.0,secret_pin,43,3520,0.020388708100654185
meta_llama_llama_4_scout_17b_16e_instruct,GA_ADAPTIVE,pin_pattern,secret_pin,26,True,True,"[7, 3, 9, 1]",0.0,secret_pin,52,4240,0.02407141705043614
meta_llama_llama_4_scout_17b_16e_instruct,GA_ADAPTIVE,pin_pattern,secret_pin,27,True,True,"[7, 3, 9, 1]",0.0,secret_pin,44,3600,0.020348082995042205
meta_llama_llama_4_scout_17b_16e_instruct,GA_ADAPTIVE,pin_pattern,secret_pin,28,True,True,"[7, 3, 9, 1]",0.0,secret_pin,51,4160,0.023587041068822145
meta_llama_llama_4_scout_17b_16e_instruct,GA_ADAPTIVE,pin_pattern,secret_pin,29,True,True,"[7, 3, 9, 1]",0.0,secret_pin,43,3520,0.020147916045971215
meta_llama_llama_4_scout_17b_16e_instruct,GA_ADAPTIVE,pin_pattern,all_same,0,True,True,"[954, 954, 1855, 2417]",0.0,all_same,10,880,0.004666291992180049
meta_llama_llama_4_scout_17b_16e_instruct,GA_ADAPTIVE,pin_pattern,all_same,1,True,True,"[-416, -416, 2681, -359]",0.0,all_same,2,240,0.0010752909583970904
meta_llama_llama_4_scout_17b_16e_instruct,GA_ADAPTIVE,pin_pattern,all_same,2,True,True,"[333, 333, -303, 1117]",0.0,all_same,4,400,0.0019478750182315707
meta_llama_llama_4_scout_17b_16e_instruct,GA_ADAPTIVE,pin_pattern,all_same,3,True,True,"[2585, 2802, 2585, 2480]",0.0,all_same,3,320,0.0014914580387994647
meta_llama_llama_4_scout_17b_16e_instruct,GA_ADAPTIVE,pin_pattern,all_same,4,True,True,"[1512, 1512, 1278, 2385]",0.0,all_same,3,320,0.0015002500731498003
meta_llama_llama_4_scout_17b_16e_instruct,GA_ADAPTIVE,pin_pattern,all_same,5,True,True,"[-417, -417, 963, 2634]",0.0,all_same,8,720,0.003759666928090155
meta_llama_llama_4_scout_17b_16e_instruct,GA_ADAPTIVE,pin_pattern,all_same,6,True,True,"[706, 1907, -452, 706]",0.0,all_same,8,720,0.003810084075666964
meta_llama_llama_4_scout_17b_16e_instruct,GA_ADAPTIVE,pin_pattern,all_same,7,True,True,"[1580, 1580, -177, 1674]",0.0,all_same,11,960,0.00514070806093514
meta_llama_llama_4_scout_17b_16e_instruct,GA_ADAPTIVE,pin_pattern,all_same,8,True,True,"[2450, 920, 2450, 1634]",0.0,all_same,2,240,0.0010821250034496188
meta_llama_llama_4_scout_17b_16e_instruct,GA_ADAPTIVE,pin_pattern,all_same,9,True,True,"[2460, 2460, 1604, 2832]",0.0,all_same,4,400,0.0019595830235630274
meta_llama_llama_4_scout_17b_16e_instruct,GA_ADAPTIVE,pin_pattern,all_same,10,True,True,"[1659, 1659, 890, 1214]",0.0,all_same,1,160,0.0006323750130832195
meta_llama_llama_4_scout_17b_16e_instruct,GA_ADAPTIVE,pin_pattern,all_same,11,True,True,"[146, 1914, 146, 1486]",0.0,all_same,5,480,0.002394000068306923
meta_llama_llama_4_scout_17b_16e_instruct,GA_ADAPTIVE,pin_pattern,all_same,12,True,True,"[1139, 1139, 1043, 940]",0.0,all_same,4,400,0.0019554580794647336
meta_llama_llama_4_scout_17b_16e_instruct,GA_ADAPTIVE,pin_pattern,all_same,13,True,True,"[1802, 2161, 1802, 1661]",0.0,all_same,5,480,0.0023948330199345946
meta_llama_llama_4_scout_17b_16e_instruct,GA_ADAPTIVE,pin_pattern,all_same,14,True,True,"[1850, 52, 1850, 1918]",0.0,all_same,6,560,0.0028677500085905194
meta_llama_llama_4_scout_17b_16e_instruct,GA_ADAPTIVE,pin_pattern,all_same,15,True,True,"[39, 39, -161, -287]",0.0,all_same,0,80,0.0001227090833708644
meta_llama_llama_4_scout_17b_16e_instruct,GA_ADAPTIVE,pin_pattern,all_same,16,True,True,"[2722, 2626, 1445, 2722]",0.0,all_same,2,240,0.0010554160689935088
meta_llama_llama_4_scout_17b_16e_instruct,GA_ADAPTIVE,pin_pattern,all_same,17,True,True,"[1351, -377, -238, 1351]",0.0,all_same,8,720,0.003817250020802021
meta_llama_llama_4_scout_17b_16e_instruct,GA_ADAPTIVE,pin_pattern,all_same,18,True,True,"[-453, -453, 2800, -355]",0.0,all_same,6,560,0.0028470420511439443
meta_llama_llama_4_scout_17b_16e_instruct,GA_ADAPTIVE,pin_pattern,all_same,19,True,True,"[120, 1522, 120, -48]",0.0,all_same,4,400,0.0019928329857066274
meta_llama_llama_4_scout_17b_16e_instruct,GA_ADAPTIVE,pin_pattern,all_same,20,True,True,"[-429, 2198, 1041, -429]",0.0,all_same,5,480,0.0024250830756500363
meta_llama_llama_4_scout_17b_16e_instruct,GA_ADAPTIVE,pin_pattern,all_same,21,True,True,"[818, 818, 2524, 2317]",0.0,all_same,0,80,0.00012562505435198545
meta_llama_llama_4_scout_17b_16e_instruct,GA_ADAPTIVE,pin_pattern,all_same,22,True,True,"[2040, 2040, 1107, 1367]",0.0,all_same,1,160,0.0006131250411272049
meta_llama_llama_4_scout_17b_16e_instruct,GA_ADAPTIVE,pin_pattern,all_same,23,True,True,"[2122, 1215, 2122, 242]",0.0,all_same,6,560,0.002884124987758696
meta_llama_llama_4_scout_17b_16e_instruct,GA_ADAPTIVE,pin_pattern,all_same,24,True,True,"[1712, -143, 1712, 2645]",0.0,all_same,6,560,0.0028198750223964453
meta_llama_llama_4_scout_17b_16e_instruct,GA_ADAPTIVE,pin_pattern,all_same,25,True,True,"[1209, 820, 2566, 1209]",0.0,all_same,5,480,0.002448958926834166
meta_llama_llama_4_scout_17b_16e_instruct,GA_ADAPTIVE,pin_pattern,all_same,26,True,True,"[1314, 1292, 2759, 1314]",0.0,all_same,2,240,0.0010554170003160834
meta_llama_llama_4_scout_17b_16e_instruct,GA_ADAPTIVE,pin_pattern,all_same,27,True,True,"[1837, 1837, 2423, 1612]",0.0,all_same,5,480,0.0027612079866230488
meta_llama_llama_4_scout_17b_16e_instruct,GA_ADAPTIVE,pin_pattern,all_same,28,True,True,"[790, 790, 195, 2982]",0.0,all_same,2,240,0.0010502910008653998
meta_llama_llama_4_scout_17b_16e_instruct,GA_ADAPTIVE,pin_pattern,all_same,29,True,True,"[2625, 2625, 2762, 416]",0.0,all_same,9,800,0.00438304094132036
meta_llama_llama_4_scout_17b_16e_instruct,GA_ADAPTIVE,pin_pattern,ordered_sum_20,0,True,True,"[-204, -174, 109, 289]",0.0,ordered_sum_20,17,1440,0.007947082980535924
meta_llama_llama_4_scout_17b_16e_instruct,GA_ADAPTIVE,pin_pattern,ordered_sum_20,1,True,True,"[-342, -254, 106, 510]",0.0,ordered_sum_20,12,1040,0.006099291029386222
meta_llama_llama_4_scout_17b_16e_instruct,GA_ADAPTIVE,pin_pattern,ordered_sum_20,2,True,True,"[-264, -158, -30, 472]",0.0,ordered_sum_20,13,1120,0.006563332979567349
meta_llama_llama_4_scout_17b_16e_instruct,GA_ADAPTIVE,pin_pattern,ordered_sum_20,3,True,True,"[-345, 71, 133, 161]",0.0,ordered_sum_20,13,1120,0.006170624983496964
meta_llama_llama_4_scout_17b_16e_instruct,GA_ADAPTIVE,pin_pattern,ordered_sum_20,4,True,True,"[-474, 11, 75, 408]",0.0,ordered_sum_20,17,1440,0.007888499996624887
meta_llama_llama_4_scout_17b_16e_instruct,GA_ADAPTIVE,pin_pattern,ordered_sum_20,5,True,True,"[-72, -27, 6, 113]",0.0,ordered_sum_20,11,960,0.005328290979377925
meta_llama_llama_4_scout_17b_16e_instruct,GA_ADAPTIVE,pin_pattern,ordered_sum_20,6,True,True,"[-374, -72, -61, 527]",0.0,ordered_sum_20,13,1120,0.006111208000220358
meta_llama_llama_4_scout_17b_16e_instruct,GA_ADAPTIVE,pin_pattern,ordered_sum_20,7,True,True,"[-283, -219, 129, 393]",0.0,ordered_sum_20,14,1200,0.006651540985330939
meta_llama_llama_4_scout_17b_16e_instruct,GA_ADAPTIVE,pin_pattern,ordered_sum_20,8,True,True,"[-243, -1, 132, 132]",0.0,ordered_sum_20,24,2000,0.011253332952037454
meta_llama_llama_4_scout_17b_16e_instruct,GA_ADAPTIVE,pin_pattern,ordered_sum_20,9,True,True,"[-289, -259, -50, 618]",0.0,ordered_sum_20,18,1520,0.008444458013400435
meta_llama_llama_4_scout_17b_16e_instruct,GA_ADAPTIVE,pin_pattern,ordered_sum_20,10,True,True,"[-468, 32, 66, 390]",0.0,ordered_sum_20,19,1600,0.00904183299280703
meta_llama_llama_4_scout_17b_16e_instruct,GA_ADAPTIVE,pin_pattern,ordered_sum_20,11,True,True,"[-329, -280, 286, 343]",0.0,ordered_sum_20,9,800,0.004328000009991229
meta_llama_llama_4_scout_17b_16e_instruct,GA_ADAPTIVE,pin_pattern,ordered_sum_20,12,True,True,"[-414, -301, -258, 993]",0.0,ordered_sum_20,10,880,0.004767667036503553
meta_llama_llama_4_scout_17b_16e_instruct,GA_ADAPTIVE,pin_pattern,ordered_sum_20,13,True,True,"[-229, -60, 140, 169]",0.0,ordered_sum_20,12,1040,0.005748042021878064
meta_llama_llama_4_scout_17b_16e_instruct,GA_ADAPTIVE,pin_pattern,ordered_sum_20,14,True,True,"[-290, -110, 19, 401]",0.0,ordered_sum_20,13,1120,0.006357832928188145
meta_llama_llama_4_scout_17b_16e_instruct,GA_ADAPTIVE,pin_pattern,ordered_sum_20,15,True,True,"[-105, 16, 43, 66]",0.0,ordered_sum_20,14,1200,0.0065873340936377645
meta_llama_llama_4_scout_17b_16e_instruct,GA_ADAPTIVE,pin_pattern,ordered_sum_20,16,True,True,"[-342, -312, 136, 538]",0.0,ordered_sum_20,21,1760,0.009871875052340329
meta_llama_llama_4_scout_17b_16e_instruct,GA_ADAPTIVE,pin_pattern,ordered_sum_20,17,True,True,"[-156, -1, 22, 155]",0.0,ordered_sum_20,16,1360,0.0073984169866889715
meta_llama_llama_4_scout_17b_16e_instruct,GA_ADAPTIVE,pin_pattern,ordered_sum_20,18,True,True,"[-487, -468, 50, 925]",0.0,ordered_sum_20,11,960,0.005092291976325214
meta_llama_llama_4_scout_17b_16e_instruct,GA_ADAPTIVE,pin_pattern,ordered_sum_20,19,True,True,"[-388, -121, 176, 353]",0.0,ordered_sum_20,10,880,0.004657665966078639
meta_llama_llama_4_scout_17b_16e_instruct,GA_ADAPTIVE,pin_pattern,ordered_sum_20,20,True,True,"[-292, -116, 171, 257]",0.0,ordered_sum_20,24,2000,0.011103167082183063
meta_llama_llama_4_scout_17b_16e_instruct,GA_ADAPTIVE,pin_pattern,ordered_sum_20,21,True,True,"[-410, -389, -101, 920]",0.0,ordered_sum_20,15,1280,0.007089374936185777
meta_llama_llama_4_scout_17b_16e_instruct,GA_ADAPTIVE,pin_pattern,ordered_sum_20,22,True,True,"[-429, -48, 222, 275]",0.0,ordered_sum_20,13,1120,0.006127167027443647
meta_llama_llama_4_scout_17b_16e_instruct,GA_ADAPTIVE,pin_pattern,ordered_sum_20,23,True,True,"[-437, -365, -172, 994]",0.0,ordered_sum_20,14,1200,0.006627708091400564
meta_llama_llama_4_scout_17b_16e_instruct,GA_ADAPTIVE,pin_pattern,ordered_sum_20,24,True,True,"[-444, 75, 177, 212]",0.0,ordered_sum_20,13,1120,0.006252625025808811
meta_llama_llama_4_scout_17b_16e_instruct,GA_ADAPTIVE,pin_pattern,ordered_sum_20,25,True,True,"[-122, 36, 44, 62]",0.0,ordered_sum_20,46,3760,0.02116583299357444
meta_llama_llama_4_scout_17b_16e_instruct,GA_ADAPTIVE,pin_pattern,ordered_sum_20,26,True,True,"[-296, -284, 80, 520]",0.0,ordered_sum_20,12,1040,0.006020250031724572
meta_llama_llama_4_scout_17b_16e_instruct,GA_ADAPTIVE,pin_pattern,ordered_sum_20,27,True,True,"[-210, -103, 17, 316]",0.0,ordered_sum_20,16,1360,0.007377792033366859
meta_llama_llama_4_scout_17b_16e_instruct,GA_ADAPTIVE,pin_pattern,ordered_sum_20,28,True,True,"[-243, -172, 148, 287]",0.0,ordered_sum_20,11,960,0.005532792070880532
meta_llama_llama_4_scout_17b_16e_instruct,GA_ADAPTIVE,pin_pattern,ordered_sum_20,29,True,True,"[-464, 96, 159, 229]",0.0,ordered_sum_20,11,960,0.005226458073593676
meta_llama_llama_4_scout_17b_16e_instruct,GA_ADAPTIVE,pin_pattern,other,0,True,True,"[2818, -145, 1828, 633]",0.0,other,0,80,0.00014120899140834808
meta_llama_llama_4_scout_17b_16e_instruct,GA_ADAPTIVE,pin_pattern,other,1,True,True,"[-2, 1484, 1482, 2137]",0.0,other,0,80,0.00013766693882644176
meta_llama_llama_4_scout_17b_16e_instruct,GA_ADAPTIVE,pin_pattern,other,2,True,True,"[2182, 1692, 2925, 1051]",0.0,other,0,80,0.0001354580745100975
meta_llama_llama_4_scout_17b_16e_instruct,GA_ADAPTIVE,pin_pattern,other,3,True,True,"[-413, 1023, 1714, 2927]",0.0,other,0,80,0.00013637496158480644
meta_llama_llama_4_scout_17b_16e_instruct,GA_ADAPTIVE,pin_pattern,other,4,True,True,"[2316, -397, 572, 666]",0.0,other,0,80,0.00013395899441093206
meta_llama_llama_4_scout_17b_16e_instruct,GA_ADAPTIVE,pin_pattern,other,5,True,True,"[2044, 1062, 2782, 688]",0.0,other,0,80,0.00013379205483943224
meta_llama_llama_4_scout_17b_16e_instruct,GA_ADAPTIVE,pin_pattern,other,6,True,True,"[1402, 0, -5, 2401]",0.0,other,0,80,0.0001354999840259552
meta_llama_llama_4_scout_17b_16e_instruct,GA_ADAPTIVE,pin_pattern,other,7,True,True,"[824, 1150, -33, 2447]",0.0,other,0,80,0.00013458402827382088
meta_llama_llama_4_scout_17b_16e_instruct,GA_ADAPTIVE,pin_pattern,other,8,True,True,"[-324, 2316, 1416, 1132]",0.0,other,0,80,0.00013266701716929674
meta_llama_llama_4_scout_17b_16e_instruct,GA_ADAPTIVE,pin_pattern,other,9,True,True,"[1402, 2239, 2735, 1588]",0.0,other,0,80,0.00013308296911418438
meta_llama_llama_4_scout_17b_16e_instruct,GA_ADAPTIVE,pin_pattern,other,10,True,True,"[2638, 491, 1980, 1423]",0.0,other,0,80,0.0001342500327154994
meta_llama_llama_4_scout_17b_16e_instruct,GA_ADAPTIVE,pin_pattern,other,11,True,True,"[1162, 2491, 2113, -424]",0.0,other,0,80,0.00013404199853539467
meta_llama_llama_4_scout_17b_16e_instruct,GA_ADAPTIVE,pin_pattern,other,12,True,True,"[56, 570, 75, 1040]",0.0,other,0,80,0.0001340840244665742
meta_llama_llama_4_scout_17b_16e_instruct,GA_ADAPTIVE,pin_pattern,other,13,True,True,"[1222, 2457, 232, 2720]",0.0,other,0,80,0.0001340840244665742
meta_llama_llama_4_scout_17b_16e_instruct,GA_ADAPTIVE,pin_pattern,other,14,True,True,"[406, 1120, 1457, 611]",0.0,other,0,80,0.00013404199853539467
meta_llama_llama_4_scout_17b_16e_instruct,GA_ADAPTIVE,pin_pattern,other,15,True,True,"[1566, 392, 1985, 1518]",0.0,other,0,80,0.00013375002890825272
meta_llama_llama_4_scout_17b_16e_instruct,GA_ADAPTIVE,pin_pattern,other,16,True,True,"[851, -352, 1452, 368]",0.0,other,0,80,0.00013345794286578894
meta_llama_llama_4_scout_17b_16e_instruct,GA_ADAPTIVE,pin_pattern,other,17,True,True,"[2328, 1410, -282, 99]",0.0,other,0,80,0.00013345805928111076
meta_llama_llama_4_scout_17b_16e_instruct,GA_ADAPTIVE,pin_pattern,other,18,True,True,"[1891, 983, 2194, 2319]",0.0,other,0,80,0.00013325002510100603
meta_llama_llama_4_scout_17b_16e_instruct,GA_ADAPTIVE,pin_pattern,other,19,True,True,"[-407, 1978, 141, 735]",0.0,other,0,80,0.00013433396816253662
meta_llama_llama_4_scout_17b_16e_instruct,GA_ADAPTIVE,pin_pattern,other,20,True,True,"[2189, 2646, 1449, 704]",0.0,other,0,80,0.00013458402827382088
meta_llama_llama_4_scout_17b_16e_instruct,GA_ADAPTIVE,pin_pattern,other,21,True,True,"[811, 2907, -120, 1156]",0.0,other,0,80,0.00013649999164044857
meta_llama_llama_4_scout_17b_16e_instruct,GA_ADAPTIVE,pin_pattern,other,22,True,True,"[2974, 979, 910, 1802]",0.0,other,0,80,0.00013520801439881325
meta_llama_llama_4_scout_17b_16e_instruct,GA_ADAPTIVE,pin_pattern,other,23,True,True,"[271, 2997, 1233, 2233]",0.0,other,0,80,0.0001378749730065465
meta_llama_llama_4_scout_17b_16e_instruct,GA_ADAPTIVE,pin_pattern,other,24,True,True,"[499, 208, 1600, 792]",0.0,other,0,80,0.00014183297753334045
meta_llama_llama_4_scout_17b_16e_instruct,GA_ADAPTIVE,pin_pattern,other,25,True,True,"[455, 1, 2494, 1435]",0.0,other,0,80,0.00014533300418406725
meta_llama_llama_4_scout_17b_16e_instruct,GA_ADAPTIVE,pin_pattern,other,26,True,True,"[-325, -315, 557, 2102]",0.0,other,0,80,0.00014129106421023607
meta_llama_llama_4_scout_17b_16e_instruct,GA_ADAPTIVE,pin_pattern,other,27,True,True,"[-128, 926, 1273, 303]",0.0,other,0,80,0.00013712502550333738
meta_llama_llama_4_scout_17b_16e_instruct,GA_ADAPTIVE,pin_pattern,other,28,True,True,"[2202, -357, -185, 2275]",0.0,other,0,80,0.0001384579809382558
meta_llama_llama_4_scout_17b_16e_instruct,GA_ADAPTIVE,pin_pattern,other,29,True,True,"[2427, 1279, 2521, 1749]",0.0,other,0,80,0.00013733305968344212
meta_llama_llama_4_scout_17b_16e_instruct,GA_ADAPTIVE,shipping_discount,invalid,0,False,False,"[52.581948386586475, 20.109669475174908, True]",1.0,,0,8080,0.04352637496776879
meta_llama_llama_4_scout_17b_16e_instruct,GA_ADAPTIVE,shipping_discount,invalid,1,False,False,"[168.32818517144815, 184.09587690495096, False]",1.0,,0,8080,0.042230791063047945
meta_llama_llama_4_scout_17b_16e_instruct,GA_ADAPTIVE,shipping_discount,invalid,2,False,False,"[48.935764535103864, 169.3688133664715, False]",1.0,,0,8080,0.042046125046908855
meta_llama_llama_4_scout_17b_16e_instruct,GA_ADAPTIVE,shipping_discount,invalid,3,False,False,"[150.57928174171832, 245.4568264148122, False]",1.0,,0,8080,0.04176799999549985
meta_llama_llama_4_scout_17b_16e_instruct,GA_ADAPTIVE,shipping_discount,invalid,4,False,False,"[274.680925911211, 257.2287303266877, True]",1.0,,0,8080,0.04189466591924429
meta_llama_llama_4_scout_17b_16e_instruct,GA_ADAPTIVE,shipping_discount,invalid,5,False,False,"[138.44326735456568, 75.68705283270832, False]",1.0,,0,8080,0.04198529198765755
meta_llama_llama_4_scout_17b_16e_instruct,GA_ADAPTIVE,shipping_discount,invalid,6,False,False,"[267.5902881601519, 144.0235738175176, False]",1.0,,0,8080,0.042999292025342584
meta_llama_llama_4_scout_17b_16e_instruct,GA_ADAPTIVE,shipping_discount,invalid,7,False,False,"[109.34376195335258, 87.35664814106163, True]",1.0,,0,8080,0.04215629200916737
meta_llama_llama_4_scout_17b_16e_instruct,GA_ADAPTIVE,shipping_discount,invalid,8,False,False,"[72.73357402714149, 22.566963656673344, False]",1.0,,0,8080,0.04252737504430115
meta_llama_llama_4_scout_17b_16e_instruct,GA_ADAPTIVE,shipping_discount,invalid,9,False,False,"[107.75695555627914, 108.03048429864138, False]",1.0,,0,8080,0.042961500003002584
meta_llama_llama_4_scout_17b_16e_instruct,GA_ADAPTIVE,shipping_discount,invalid,10,False,False,"[275.3051413622595, 39.710609235234514, True]",1.0,,0,8080,0.042357750004157424
meta_llama_llama_4_scout_17b_16e_instruct,GA_ADAPTIVE,shipping_discount,invalid,11,False,False,"[100.62822385465473, 232.01061520663922, False]",1.0,,0,8080,0.044288583914749324
meta_llama_llama_4_scout_17b_16e_instruct,GA_ADAPTIVE,shipping_discount,invalid,12,False,False,"[169.62429401600895, 37.13439144070355, False]",1.0,,0,8080,0.04197762499097735
meta_llama_llama_4_scout_17b_16e_instruct,GA_ADAPTIVE,shipping_discount,invalid,13,False,False,"[30.486917323147456, 213.61723223663378, True]",1.0,,0,8080,0.04181316704489291
meta_llama_llama_4_scout_17b_16e_instruct,GA_ADAPTIVE,shipping_discount,invalid,14,False,False,"[258.0516215708509, 274.9990591146465, True]",1.0,,0,8080,0.041684958967380226
meta_llama_llama_4_scout_17b_16e_instruct,GA_ADAPTIVE,shipping_discount,invalid,15,False,False,"[232.16132159480387, 138.6589298386424, False]",1.0,,0,8080,0.0413598750019446
meta_llama_llama_4_scout_17b_16e_instruct,GA_ADAPTIVE,shipping_discount,invalid,16,False,False,"[103.87555532261797, 109.95550127716506, True]",1.0,,0,8080,0.041326832957565784
meta_llama_llama_4_scout_17b_16e_instruct,GA_ADAPTIVE,shipping_discount,invalid,17,False,False,"[43.11353642291602, 251.51073940606707, True]",1.0,,0,8080,0.041083917021751404
meta_llama_llama_4_scout_17b_16e_instruct,GA_ADAPTIVE,shipping_discount,invalid,18,False,False,"[16.213425042883955, 169.3115677069755, True]",1.0,,0,8080,0.041887084022164345
meta_llama_llama_4_scout_17b_16e_instruct,GA_ADAPTIVE,shipping_discount,invalid,19,False,False,"[241.90175109438067, 32.790593657106996, True]",1.0,,0,8080,0.04206545802298933
meta_llama_llama_4_scout_17b_16e_instruct,GA_ADAPTIVE,shipping_discount,invalid,20,False,False,"[69.99047288335643, 89.36289266225471, True]",1.0,,0,8080,0.041312666959129274
meta_llama_llama_4_scout_17b_16e_instruct,GA_ADAPTIVE,shipping_discount,invalid,21,False,False,"[237.54543242978917, 119.71832957348153, True]",1.0,,0,8080,0.04189866594970226
meta_llama_llama_4_scout_17b_16e_instruct,GA_ADAPTIVE,shipping_discount,invalid,22,False,False,"[98.54937403985473, 81.53987067790285, True]",1.0,,0,8080,0.041517999954521656
meta_llama_llama_4_scout_17b_16e_instruct,GA_ADAPTIVE,shipping_discount,invalid,23,False,False,"[214.5138596805474, 223.417465731311, False]",1.0,,0,8080,0.04126095899846405
meta_llama_llama_4_scout_17b_16e_instruct,GA_ADAPTIVE,shipping_discount,invalid,24,False,False,"[115.34744664255997, 43.51382553695675, False]",1.0,,0,8080,0.04129066597670317
meta_llama_llama_4_scout_17b_16e_instruct,GA_ADAPTIVE,shipping_discount,invalid,25,False,False,"[130.73179526360192, 261.29804432899294, True]",1.0,,0,8080,0.041267417022027075
meta_llama_llama_4_scout_17b_16e_instruct,GA_ADAPTIVE,shipping_discount,invalid,26,False,False,"[104.92005218304922, 126.12469169447083, False]",1.0,,0,8080,0.04117141698952764
meta_llama_llama_4_scout_17b_16e_instruct,GA_ADAPTIVE,shipping_discount,invalid,27,False,False,"[17.751073730351543, 127.15700237784759, False]",1.0,,0,8080,0.04120783298276365
meta_llama_llama_4_scout_17b_16e_instruct,GA_ADAPTIVE,shipping_discount,invalid,28,False,False,"[155.78557978390546, 2.153273964671931, True]",1.0,,0,8080,0.040987250045873225
meta_llama_llama_4_scout_17b_16e_instruct,GA_ADAPTIVE,shipping_discount,invalid,29,False,False,"[265.28297227842705, 234.79310317964024, False]",1.0,,0,8080,0.04098749998956919
meta_llama_llama_4_scout_17b_16e_instruct,GA_ADAPTIVE,shipping_discount,free_express_shipping,0,True,True,"[288.9727659769646, 22.56402326382284, True]",0.0,free_express_shipping,0,80,9.266601409763098e-05
meta_llama_llama_4_scout_17b_16e_instruct,GA_ADAPTIVE,shipping_discount,free_express_shipping,1,True,True,"[263.0318700582938, 34.31371281448128, True]",0.0,free_express_shipping,0,80,9.083305485546589e-05
meta_llama_llama_4_scout_17b_16e_instruct,GA_ADAPTIVE,shipping_discount,free_express_shipping,2,True,True,"[228.9045542510861, 8.585761880343568, True]",0.0,free_express_shipping,0,80,8.891604375094175e-05
meta_llama_llama_4_scout_17b_16e_instruct,GA_ADAPTIVE,shipping_discount,free_express_shipping,3,True,True,"[261.76441560446943, 19.25841663696429, True]",0.0,free_express_shipping,0,80,8.725002408027649e-05
meta_llama_llama_4_scout_17b_16e_instruct,GA_ADAPTIVE,shipping_discount,free_express_shipping,4,True,True,"[260.8071448542136, 30.368544616749404, True]",0.0,free_express_shipping,0,80,8.779100608080626e-05
meta_llama_llama_4_scout_17b_16e_instruct,GA_ADAPTIVE,shipping_discount,free_express_shipping,5,True,True,"[227.94818158420836, 7.1571717253021365, True]",0.0,free_express_shipping,0,80,8.929101750254631e-05
meta_llama_llama_4_scout_17b_16e_instruct,GA_ADAPTIVE,shipping_discount,free_express_shipping,6,True,True,"[220.2823307757699, 4.638162007902736, True]",0.0,free_express_shipping,0,80,8.650007657706738e-05
meta_llama_llama_4_scout_17b_16e_instruct,GA_ADAPTIVE,shipping_discount,free_express_shipping,7,True,True,"[281.9597290724637, 43.76358192397058, True]",0.0,free_express_shipping,0,80,8.637504652142525e-05
meta_llama_llama_4_scout_17b_16e_instruct,GA_ADAPTIVE,shipping_discount,free_express_shipping,8,True,True,"[233.52179765880993, 36.56198881846658, True]",0.0,free_express_shipping,0,80,8.820893708616495e-05
meta_llama_llama_4_scout_17b_16e_instruct,GA_ADAPTIVE,shipping_discount,free_express_shipping,9,True,True,"[285.31324176270175, 15.15454596731718, True]",0.0,free_express_shipping,0,80,8.887494914233685e-05
meta_llama_llama_4_scout_17b_16e_instruct,GA_ADAPTIVE,shipping_discount,free_express_shipping,10,True,True,"[211.9483310922454, 17.983222234370576, True]",0.0,free_express_shipping,0,80,8.570798672735691e-05
meta_llama_llama_4_scout_17b_16e_instruct,GA_ADAPTIVE,shipping_discount,free_express_shipping,11,True,True,"[212.03733142220204, 19.608758724604737, True]",0.0,free_express_shipping,0,80,8.79999715834856e-05
meta_llama_llama_4_scout_17b_16e_instruct,GA_ADAPTIVE,shipping_discount,free_express_shipping,12,True,True,"[281.5562410194135, 32.410093901215895, True]",0.0,free_express_shipping,0,80,8.658308070152998e-05
meta_llama_llama_4_scout_17b_16e_instruct,GA_ADAPTIVE,shipping_discount,free_express_shipping,13,True,True,"[247.9751238046764, 29.7222414389949, True]",0.0,free_express_shipping,1,160,0.0004993330221623182
meta_llama_llama_4_scout_17b_16e_instruct,GA_ADAPTIVE,shipping_discount,free_express_shipping,14,True,True,"[292.37981421163516, 22.96886624174519, True]",0.0,free_express_shipping,0,80,8.837494533509016e-05
meta_llama_llama_4_scout_17b_16e_instruct,GA_ADAPTIVE,shipping_discount,free_express_shipping,15,True,True,"[266.4450067048297, 4.347565155329269, True]",0.0,free_express_shipping,0,80,8.66670161485672e-05
meta_llama_llama_4_scout_17b_16e_instruct,GA_ADAPTIVE,shipping_discount,free_express_shipping,16,True,True,"[233.30656266424563, 11.965207855943572, True]",0.0,free_express_shipping,0,80,8.274998981505632e-05
meta_llama_llama_4_scout_17b_16e_instruct,GA_ADAPTIVE,shipping_discount,free_express_shipping,17,True,True,"[205.57889894863408, 23.048848096042086, True]",0.0,free_express_shipping,1,160,0.00049512495752424
meta_llama_llama_4_scout_17b_16e_instruct,GA_ADAPTIVE,shipping_discount,free_express_shipping,18,True,True,"[251.10596305879903, 18.63216588396972, True]",0.0,free_express_shipping,0,80,8.683302439749241e-05
meta_llama_llama_4_scout_17b_16e_instruct,GA_ADAPTIVE,shipping_discount,free_express_shipping,19,True,True,"[283.25091709881605, 26.871156380982608, True]",0.0,free_express_shipping,0,80,8.695805445313454e-05
meta_llama_llama_4_scout_17b_16e_instruct,GA_ADAPTIVE,shipping_discount,free_express_shipping,20,True,True,"[236.5843611043408, 33.865109119653184, True]",0.0,free_express_shipping,0,80,8.662499021738768e-05
meta_llama_llama_4_scout_17b_16e_instruct,GA_ADAPTIVE,shipping_discount,free_express_shipping,21,True,True,"[223.23616816831608, 16.81764390966335, True]",0.0,free_express_shipping,0,80,8.633406832814217e-05
meta_llama_llama_4_scout_17b_16e_instruct,GA_ADAPTIVE,shipping_discount,free_express_shipping,22,True,True,"[231.92027952235247, 10.88669697300758, True]",0.0,free_express_shipping,1,160,0.00048770790454000235
meta_llama_llama_4_scout_17b_16e_instruct,GA_ADAPTIVE,shipping_discount,free_express_shipping,23,True,True,"[247.38639200468944, 35.071474440591324, True]",0.0,free_express_shipping,0,80,8.729100227355957e-05
meta_llama_llama_4_scout_17b_16e_instruct,GA_ADAPTIVE,shipping_discount,free_express_shipping,24,True,True,"[215.29644878908863, 41.24669410422106, True]",0.0,free_express_shipping,0,80,8.604198228567839e-05
meta_llama_llama_4_scout_17b_16e_instruct,GA_ADAPTIVE,shipping_discount,free_express_shipping,25,True,True,"[272.5209089053119, 6.742190358809685, True]",0.0,free_express_shipping,0,80,8.712499402463436e-05
meta_llama_llama_4_scout_17b_16e_instruct,GA_ADAPTIVE,shipping_discount,free_express_shipping,26,True,True,"[254.02068342413082, 37.553510186158, True]",0.0,free_express_shipping,0,80,8.679099846631289e-05
meta_llama_llama_4_scout_17b_16e_instruct,GA_ADAPTIVE,shipping_discount,free_express_shipping,27,True,True,"[251.6934435375229, 5.561266855768309, True]",0.0,free_express_shipping,0,80,8.65840120241046e-05
meta_llama_llama_4_scout_17b_16e_instruct,GA_ADAPTIVE,shipping_discount,free_express_shipping,28,True,True,"[259.7164602206462, 17.321257502972276, True]",0.0,free_express_shipping,0,80,8.625001646578312e-05
meta_llama_llama_4_scout_17b_16e_instruct,GA_ADAPTIVE,shipping_discount,free_express_shipping,29,True,True,"[252.95108812789587, 38.35745137288535, True]",0.0,free_express_shipping,0,80,8.591695223003626e-05
meta_llama_llama_4_scout_17b_16e_instruct,GA_ADAPTIVE,shipping_discount,standard_discount,0,True,True,"[166.98894755189434, 69.28231989251799, False]",0.0,standard_discount,0,80,8.725002408027649e-05
meta_llama_llama_4_scout_17b_16e_instruct,GA_ADAPTIVE,shipping_discount,standard_discount,1,True,True,"[287.43933161613126, 94.45403812450996, False]",0.0,standard_discount,0,80,8.616701234132051e-05
meta_llama_llama_4_scout_17b_16e_instruct,GA_ADAPTIVE,shipping_discount,standard_discount,2,True,True,"[260.26278708076535, 35.9413491139397, False]",0.0,standard_discount,0,80,8.741696365177631e-05
meta_llama_llama_4_scout_17b_16e_instruct,GA_ADAPTIVE,shipping_discount,standard_discount,3,True,True,"[201.1943058125014, 29.031396254125852, False]",0.0,standard_discount,0,80,8.604093454778194e-05
meta_llama_llama_4_scout_17b_16e_instruct,GA_ADAPTIVE,shipping_discount,standard_discount,4,True,True,"[176.91018220037185, 26.63699237160496, True]",0.0,standard_discount,0,80,8.641602471470833e-05
meta_llama_llama_4_scout_17b_16e_instruct,GA_ADAPTIVE,shipping_discount,standard_discount,5,True,True,"[148.2373859457238, 87.32814474883475, False]",0.0,standard_discount,0,80,8.5500068962574e-05
meta_llama_llama_4_scout_17b_16e_instruct,GA_ADAPTIVE,shipping_discount,standard_discount,6,True,True,"[122.39232168464677, 89.76297712463449, True]",0.0,standard_discount,0,80,8.691695984452963e-05
meta_llama_llama_4_scout_17b_16e_instruct,GA_ADAPTIVE,shipping_discount,standard_discount,7,True,True,"[158.9118343033971, 93.39124520904538, False]",0.0,standard_discount,0,80,8.970801718533039e-05
meta_llama_llama_4_scout_17b_16e_instruct,GA_ADAPTIVE,shipping_discount,standard_discount,8,True,True,"[225.32287342450846, 87.88164112530313, False]",0.0,standard_discount,0,80,8.691707625985146e-05
meta_llama_llama_4_scout_17b_16e_instruct,GA_ADAPTIVE,shipping_discount,standard_discount,9,True,True,"[278.066851740262, 17.713361302755448, False]",0.0,standard_discount,0,80,8.637493010610342e-05
meta_llama_llama_4_scout_17b_16e_instruct,GA_ADAPTIVE,shipping_discount,standard_discount,10,True,True,"[200.5216035743599, 70.1458231497832, True]",0.0,standard_discount,0,80,8.591706864535809e-05
meta_llama_llama_4_scout_17b_16e_instruct,GA_ADAPTIVE,shipping_discount,standard_discount,11,True,True,"[190.68752187598326, 94.19424484785786, True]",0.0,standard_discount,0,80,8.516700472682714e-05
meta_llama_llama_4_scout_17b_16e_instruct,GA_ADAPTIVE,shipping_discount,standard_discount,12,True,True,"[174.68132490248468, 48.52928142452536, True]",0.0,standard_discount,0,80,8.624990005046129e-05
meta_llama_llama_4_scout_17b_16e_instruct,GA_ADAPTIVE,shipping_discount,standard_discount,13,True,True,"[194.5872475167964, 74.02150732960634, True]",0.0,standard_discount,0,80,8.720799814909697e-05
meta_llama_llama_4_scout_17b_16e_instruct,GA_ADAPTIVE,shipping_discount,standard_discount,14,True,True,"[266.618693158672, 63.577602293227365, False]",0.0,standard_discount,0,80,8.683302439749241e-05
meta_llama_llama_4_scout_17b_16e_instruct,GA_ADAPTIVE,shipping_discount,standard_discount,15,True,True,"[206.9607801842108, 79.58686095670036, False]",0.0,standard_discount,0,80,8.679204620420933e-05
meta_llama_llama_4_scout_17b_16e_instruct,GA_ADAPTIVE,shipping_discount,standard_discount,16,True,True,"[240.50570660456845, 37.55751572026287, False]",0.0,standard_discount,0,80,8.637504652142525e-05
meta_llama_llama_4_scout_17b_16e_instruct,GA_ADAPTIVE,shipping_discount,standard_discount,17,True,True,"[244.28871727203247, 5.597306440559957, False]",0.0,standard_discount,0,80,8.633302059024572e-05
meta_llama_llama_4_scout_17b_16e_instruct,GA_ADAPTIVE,shipping_discount,standard_discount,18,True,True,"[227.61971994845683, 47.88877656346497, False]",0.0,standard_discount,0,80,8.629192598164082e-05
meta_llama_llama_4_scout_17b_16e_instruct,GA_ADAPTIVE,shipping_discount,standard_discount,19,True,True,"[164.6944535655191, 48.618102480949624, True]",0.0,standard_discount,0,80,8.679099846631289e-05
meta_llama_llama_4_scout_17b_16e_instruct,GA_ADAPTIVE,shipping_discount,standard_discount,20,True,True,"[194.93426592225896, 89.78836795221312, False]",0.0,standard_discount,0,80,8.529098704457283e-05
meta_llama_llama_4_scout_17b_16e_instruct,GA_ADAPTIVE,shipping_discount,standard_discount,21,True,True,"[216.11351961413447, 83.19156917862686, False]",0.0,standard_discount,0,80,8.616701234132051e-05
meta_llama_llama_4_scout_17b_16e_instruct,GA_ADAPTIVE,shipping_discount,standard_discount,22,True,True,"[215.09811846744958, 88.5011411052213, False]",0.0,standard_discount,0,80,8.629192598164082e-05
meta_llama_llama_4_scout_17b_16e_instruct,GA_ADAPTIVE,shipping_discount,standard_discount,23,True,True,"[174.24688242623603, 80.50307115592904, True]",0.0,standard_discount,0,80,8.699996396899223e-05
meta_llama_llama_4_scout_17b_16e_instruct,GA_ADAPTIVE,shipping_discount,standard_discount,24,True,True,"[139.73427598155314, 29.11511673905861, False]",0.0,standard_discount,0,80,8.61660810187459e-05
meta_llama_llama_4_scout_17b_16e_instruct,GA_ADAPTIVE,shipping_discount,standard_discount,25,True,True,"[169.9353224972878, 89.92947262046079, False]",0.0,standard_discount,0,80,8.879194501787424e-05
meta_llama_llama_4_scout_17b_16e_instruct,GA_ADAPTIVE,shipping_discount,standard_discount,26,True,True,"[137.6581492946159, 76.61183570531918, False]",0.0,standard_discount,0,80,8.725002408027649e-05
meta_llama_llama_4_scout_17b_16e_instruct,GA_ADAPTIVE,shipping_discount,standard_discount,27,True,True,"[181.57269704404172, 57.94572052520075, False]",0.0,standard_discount,0,80,8.658296428620815e-05
meta_llama_llama_4_scout_17b_16e_instruct,GA_ADAPTIVE,shipping_discount,standard_discount,28,True,True,"[139.06465739454114, 24.761978540685824, False]",0.0,standard_discount,0,80,8.62079905346036e-05
meta_llama_llama_4_scout_17b_16e_instruct,GA_ADAPTIVE,shipping_discount,standard_discount,29,True,True,"[121.49916749454967, 81.62879059260034, False]",0.0,standard_discount,0,80,8.691591210663319e-05
meta_llama_llama_4_scout_17b_16e_instruct,GA_ADAPTIVE,shipping_discount,small_discount,0,True,True,"[159.47989139602788, 263.14041486066014, True]",0.0,small_discount,0,80,8.491601329296827e-05
meta_llama_llama_4_scout_17b_16e_instruct,GA_ADAPTIVE,shipping_discount,small_discount,1,True,True,"[146.86273641547828, 260.539959604887, False]",0.0,small_discount,0,80,8.583301678299904e-05
meta_llama_llama_4_scout_17b_16e_instruct,GA_ADAPTIVE,shipping_discount,small_discount,2,True,True,"[72.73882152772812, 128.05317709934948, True]",0.0,small_discount,0,80,8.66670161485672e-05
meta_llama_llama_4_scout_17b_16e_instruct,GA_ADAPTIVE,shipping_discount,small_discount,3,True,True,"[60.09785061095529, 83.42108530435776, False]",0.0,small_discount,0,80,8.51659569889307e-05
meta_llama_llama_4_scout_17b_16e_instruct,GA_ADAPTIVE,shipping_discount,small_discount,4,True,True,"[197.87407927193388, 230.95390661625677, False]",0.0,small_discount,0,80,8.549995254725218e-05
meta_llama_llama_4_scout_17b_16e_instruct,GA_ADAPTIVE,shipping_discount,small_discount,5,True,True,"[277.54477348637965, 156.8698445043247, False]",0.0,small_discount,0,80,8.904095739126205e-05
meta_llama_llama_4_scout_17b_16e_instruct,GA_ADAPTIVE,shipping_discount,small_discount,6,True,True,"[240.03324877040393, 229.52158022811642, True]",0.0,small_discount,0,80,8.633302059024572e-05
meta_llama_llama_4_scout_17b_16e_instruct,GA_ADAPTIVE,shipping_discount,small_discount,7,True,True,"[222.1689611173019, 268.4025563390407, False]",0.0,small_discount,0,80,8.633302059024572e-05
meta_llama_llama_4_scout_17b_16e_instruct,GA_ADAPTIVE,shipping_discount,small_discount,8,True,True,"[252.81383427258064, 216.46496361556933, False]",0.0,small_discount,0,80,8.55419784784317e-05
meta_llama_llama_4_scout_17b_16e_instruct,GA_ADAPTIVE,shipping_discount,small_discount,9,True,True,"[150.97235283503701, 195.81631019714126, False]",0.0,small_discount,0,80,8.445803541690111e-05
meta_llama_llama_4_scout_17b_16e_instruct,GA_ADAPTIVE,shipping_discount,small_discount,10,True,True,"[298.42872225551685, 246.85684469399268, False]",0.0,small_discount,0,80,8.625001646578312e-05
meta_llama_llama_4_scout_17b_16e_instruct,GA_ADAPTIVE,shipping_discount,small_discount,11,True,True,"[212.47705239680246, 282.24047338216394, True]",0.0,small_discount,0,80,8.554093074053526e-05
meta_llama_llama_4_scout_17b_16e_instruct,GA_ADAPTIVE,shipping_discount,small_discount,12,True,True,"[195.51502359975794, 269.55051767851376, False]",0.0,small_discount,0,80,8.445791900157928e-05
meta_llama_llama_4_scout_17b_16e_instruct,GA_ADAPTIVE,shipping_discount,small_discount,13,True,True,"[87.79300666218661, 94.18847482162948, True]",0.0,small_discount,0,80,8.658308070152998e-05
meta_llama_llama_4_scout_17b_16e_instruct,GA_ADAPTIVE,shipping_discount,small_discount,14,True,True,"[204.39376292366197, 287.7814281929937, False]",0.0,small_discount,0,80,8.791591972112656e-05
meta_llama_llama_4_scout_17b_16e_instruct,GA_ADAPTIVE,shipping_discount,small_discount,15,True,True,"[172.83978748120998, 265.35050105010447, True]",0.0,small_discount,0,80,8.633395191282034e-05
meta_llama_llama_4_scout_17b_16e_instruct,GA_ADAPTIVE,shipping_discount,small_discount,16,True,True,"[99.19364872460555, 161.32928594483113, True]",0.0,small_discount,0,80,8.78750579431653e-05
meta_llama_llama_4_scout_17b_16e_instruct,GA_ADAPTIVE,shipping_discount,small_discount,17,True,True,"[60.61809361075342, 169.14842291723392, True]",0.0,small_discount,0,80,8.629204239696264e-05
meta_llama_llama_4_scout_17b_16e_instruct,GA_ADAPTIVE,shipping_discount,small_discount,18,True,True,"[232.53633895927203, 293.5803715824564, True]",0.0,small_discount,0,80,8.849997539073229e-05
meta_llama_llama_4_scout_17b_16e_instruct,GA_ADAPTIVE,shipping_discount,small_discount,19,True,True,"[271.85375020998526, 185.11781612099512, False]",0.0,small_discount,0,80,8.858402725309134e-05
meta_llama_llama_4_scout_17b_16e_instruct,GA_ADAPTIVE,shipping_discount,small_discount,20,True,True,"[206.85941563494652, 250.02747100007093, False]",0.0,small_discount,0,80,8.74579418450594e-05
meta_llama_llama_4_scout_17b_16e_instruct,GA_ADAPTIVE,shipping_discount,small_discount,21,True,True,"[121.76920123829214, 280.8258110345208, False]",0.0,small_discount,0,80,8.570891804993153e-05
meta_llama_llama_4_scout_17b_16e_instruct,GA_ADAPTIVE,shipping_discount,small_discount,22,True,True,"[84.94824050262667, 4.211144609972206, True]",0.0,small_discount,0,80,8.679099846631289e-05
meta_llama_llama_4_scout_17b_16e_instruct,GA_ADAPTIVE,shipping_discount,small_discount,23,True,True,"[82.57719120419732, 52.25916105189262, False]",0.0,small_discount,0,80,8.766702376306057e-05
meta_llama_llama_4_scout_17b_16e_instruct,GA_ADAPTIVE,shipping_discount,small_discount,24,True,True,"[87.64016490595223, 243.51562082844436, False]",0.0,small_discount,0,80,8.724990766495466e-05
meta_llama_llama_4_scout_17b_16e_instruct,GA_ADAPTIVE,shipping_discount,small_discount,25,True,True,"[130.46074201579472, 206.4155114400943, False]",0.0,small_discount,0,80,8.679099846631289e-05
meta_llama_llama_4_scout_17b_16e_instruct,GA_ADAPTIVE,shipping_discount,small_discount,26,True,True,"[142.260678236984, 284.32294793086453, True]",0.0,small_discount,0,80,8.604198228567839e-05
meta_llama_llama_4_scout_17b_16e_instruct,GA_ADAPTIVE,shipping_discount,small_discount,27,True,True,"[209.27326379274714, 142.29213606919785, True]",0.0,small_discount,0,80,8.766597602516413e-05
meta_llama_llama_4_scout_17b_16e_instruct,GA_ADAPTIVE,shipping_discount,small_discount,28,True,True,"[227.89225236446114, 156.76387498886794, True]",0.0,small_discount,0,80,8.67919297888875e-05
meta_llama_llama_4_scout_17b_16e_instruct,GA_ADAPTIVE,shipping_discount,small_discount,29,True,True,"[131.18529101875288, 194.6408492328518, False]",0.0,small_discount,0,80,8.724990766495466e-05
meta_llama_llama_4_scout_17b_16e_instruct,GA_ADAPTIVE,shipping_discount,no_discount,0,True,True,"[28.88317020483556, 50.28932402895968, False]",0.0,no_discount,0,80,0.0008233330445364118
meta_llama_llama_4_scout_17b_16e_instruct,GA_ADAPTIVE,shipping_discount,no_discount,1,True,True,"[21.833321576137898, 70.52048245177379, False]",0.0,no_discount,0,80,7.783400360494852e-05
meta_llama_llama_4_scout_17b_16e_instruct,GA_ADAPTIVE,shipping_discount,no_discount,2,True,True,"[40.88681005268499, 113.69883305345994, False]",0.0,no_discount,0,80,7.875007577240467e-05
meta_llama_llama_4_scout_17b_16e_instruct,GA_ADAPTIVE,shipping_discount,no_discount,3,True,True,"[24.77704360886863, 81.74040848559967, False]",0.0,no_discount,0,80,7.512501906603575e-05
meta_llama_llama_4_scout_17b_16e_instruct,GA_ADAPTIVE,shipping_discount,no_discount,4,True,True,"[48.955465570668586, 133.26720315400385, False]",0.0,no_discount,0,80,7.499998901039362e-05
meta_llama_llama_4_scout_17b_16e_instruct,GA_ADAPTIVE,shipping_discount,no_discount,5,True,True,"[18.67788558953263, 128.51423478437297, False]",0.0,no_discount,0,80,7.508299313485622e-05
meta_llama_llama_4_scout_17b_16e_instruct,GA_ADAPTIVE,shipping_discount,no_discount,6,True,True,"[45.85366491860255, 175.15262538406503, False]",0.0,no_discount,0,80,7.66669400036335e-05
meta_llama_llama_4_scout_17b_16e_instruct,GA_ADAPTIVE,shipping_discount,no_discount,7,True,True,"[34.71141923873464, 132.94383263207453, False]",0.0,no_discount,0,80,7.604097481817007e-05
meta_llama_llama_4_scout_17b_16e_instruct,GA_ADAPTIVE,shipping_discount,no_discount,8,True,True,"[26.20548580044798, 178.09874756607985, False]",0.0,no_discount,0,80,7.65420263633132e-05
meta_llama_llama_4_scout_17b_16e_instruct,GA_ADAPTIVE,shipping_discount,no_discount,9,True,True,"[2.9962222178328113, 261.09471579326004, False]",0.0,no_discount,0,80,7.65839358791709e-05
meta_llama_llama_4_scout_17b_16e_instruct,GA_ADAPTIVE,shipping_discount,no_discount,10,True,True,"[8.107701120729228, 187.7762195633408, False]",0.0,no_discount,0,80,7.591699250042439e-05
meta_llama_llama_4_scout_17b_16e_instruct,GA_ADAPTIVE,shipping_discount,no_discount,11,True,True,"[19.46148852034004, 149.96185405303527, False]",0.0,no_discount,0,80,7.591606117784977e-05
meta_llama_llama_4_scout_17b_16e_instruct,GA_ADAPTIVE,shipping_discount,no_discount,12,True,True,"[15.421319335181439, 19.25656211911261, False]",0.0,no_discount,0,80,7.499998901039362e-05
meta_llama_llama_4_scout_17b_16e_instruct,GA_ADAPTIVE,shipping_discount,no_discount,13,True,True,"[30.845252030008595, 296.9457359172971, False]",0.0,no_discount,0,80,7.620907854288816e-05
meta_llama_llama_4_scout_17b_16e_instruct,GA_ADAPTIVE,shipping_discount,no_discount,14,True,True,"[48.22103780028533, 260.45843515705945, False]",0.0,no_discount,0,80,7.162499241530895e-05
meta_llama_llama_4_scout_17b_16e_instruct,GA_ADAPTIVE,shipping_discount,no_discount,15,True,True,"[21.68126631473568, 43.51170764620331, False]",0.0,no_discount,0,80,7.516692858189344e-05
meta_llama_llama_4_scout_17b_16e_instruct,GA_ADAPTIVE,shipping_discount,no_discount,16,True,True,"[3.057926949976819, 47.18949760459329, False]",0.0,no_discount,0,80,7.487507537007332e-05
meta_llama_llama_4_scout_17b_16e_instruct,GA_ADAPTIVE,shipping_discount,no_discount,17,True,True,"[41.019139531921326, 170.1326975717699, False]",0.0,no_discount,0,80,7.595808710902929e-05
meta_llama_llama_4_scout_17b_16e_instruct,GA_ADAPTIVE,shipping_discount,no_discount,18,True,True,"[45.489040474176626, 126.54783684365218, False]",0.0,no_discount,0,80,7.645797450095415e-05
meta_llama_llama_4_scout_17b_16e_instruct,GA_ADAPTIVE,shipping_discount,no_discount,19,True,True,"[22.530301455841805, 73.25644234937883, False]",0.0,no_discount,0,80,7.499998901039362e-05
meta_llama_llama_4_scout_17b_16e_instruct,GA_ADAPTIVE,shipping_discount,no_discount,20,True,True,"[41.3269135516278, 221.24632659824198, False]",0.0,no_discount,0,80,7.633306086063385e-05
meta_llama_llama_4_scout_17b_16e_instruct,GA_ADAPTIVE,shipping_discount,no_discount,21,True,True,"[8.914050756502546, 281.27974927542215, False]",0.0,no_discount,0,80,7.633399218320847e-05
meta_llama_llama_4_scout_17b_16e_instruct,GA_ADAPTIVE,shipping_discount,no_discount,22,True,True,"[12.464714015527157, 0.6909434980699292, False]",0.0,no_discount,0,80,7.570802699774504e-05
meta_llama_llama_4_scout_17b_16e_instruct,GA_ADAPTIVE,shipping_discount,no_discount,23,True,True,"[39.85485509536632, 229.22713590461439, False]",0.0,no_discount,0,80,7.483398076146841e-05
meta_llama_llama_4_scout_17b_16e_instruct,GA_ADAPTIVE,shipping_discount,no_discount,24,True,True,"[20.81182925206646, 100.04005548386262, False]",0.0,no_discount,0,80,7.508299313485622e-05
meta_llama_llama_4_scout_17b_16e_instruct,GA_ADAPTIVE,shipping_discount,no_discount,25,True,True,"[48.095310232950695, 114.12155448693733, False]",0.0,no_discount,0,80,7.562502287328243e-05
meta_llama_llama_4_scout_17b_16e_instruct,GA_ADAPTIVE,shipping_discount,no_discount,26,True,True,"[47.77395571849507, 8.849934232908119, False]",0.0,no_discount,0,80,7.37080117687583e-05
meta_llama_llama_4_scout_17b_16e_instruct,GA_ADAPTIVE,shipping_discount,no_discount,27,True,True,"[44.86881046802969, 156.38538839179935, False]",0.0,no_discount,0,80,7.558404467999935e-05
meta_llama_llama_4_scout_17b_16e_instruct,GA_ADAPTIVE,shipping_discount,no_discount,28,True,True,"[34.78783989109861, 82.49121486219634, False]",0.0,no_discount,0,80,7.587496656924486e-05
meta_llama_llama_4_scout_17b_16e_instruct,GA_ADAPTIVE,shipping_discount,no_discount,29,True,True,"[42.35642780595567, 263.2254916898252, False]",0.0,no_discount,0,80,7.625005673617125e-05
meta_llama_llama_4_scout_17b_16e_instruct,GA_ADAPTIVE,sign_type,positive,0,True,True,[686.3136967698684],0.0,positive,0,80,4.125002305954695e-05
meta_llama_llama_4_scout_17b_16e_instruct,GA_ADAPTIVE,sign_type,positive,1,True,True,[788.7548793926093],0.0,positive,0,80,4.004104994237423e-05
meta_llama_llama_4_scout_17b_16e_instruct,GA_ADAPTIVE,sign_type,positive,2,True,True,[872.7700912346668],0.0,positive,0,80,3.9874925278127193e-05
meta_llama_llama_4_scout_17b_16e_instruct,GA_ADAPTIVE,sign_type,positive,3,True,True,[527.3892017473821],0.0,positive,0,80,3.970798570662737e-05
meta_llama_llama_4_scout_17b_16e_instruct,GA_ADAPTIVE,sign_type,positive,4,True,True,[237.83904041244608],0.0,positive,0,80,4.087504930794239e-05
meta_llama_llama_4_scout_17b_16e_instruct,GA_ADAPTIVE,sign_type,positive,5,True,True,[763.6109272090408],0.0,positive,0,80,3.987504169344902e-05
meta_llama_llama_4_scout_17b_16e_instruct,GA_ADAPTIVE,sign_type,positive,6,True,True,[441.9451759162779],0.0,positive,0,80,3.9915903471410275e-05
meta_llama_llama_4_scout_17b_16e_instruct,GA_ADAPTIVE,sign_type,positive,7,True,True,[311.1318439613858],0.0,positive,0,80,3.987504169344902e-05
meta_llama_llama_4_scout_17b_16e_instruct,GA_ADAPTIVE,sign_type,positive,8,True,True,[500.7662584486089],0.0,positive,0,80,4.0499959141016006e-05
meta_llama_llama_4_scout_17b_16e_instruct,GA_ADAPTIVE,sign_type,positive,9,True,True,[813.1922029786817],0.0,positive,0,80,3.975001163780689e-05
meta_llama_llama_4_scout_17b_16e_instruct,GA_ADAPTIVE,sign_type,positive,10,True,True,[149.05075934818558],0.0,positive,0,80,4.054198507219553e-05
meta_llama_llama_4_scout_17b_16e_instruct,GA_ADAPTIVE,sign_type,positive,11,True,True,[361.35937579581656],0.0,positive,0,80,4.0207989513874054e-05
meta_llama_llama_4_scout_17b_16e_instruct,GA_ADAPTIVE,sign_type,positive,12,True,True,[76.38685422223035],0.0,positive,0,80,4.025001544505358e-05
meta_llama_llama_4_scout_17b_16e_instruct,GA_ADAPTIVE,sign_type,positive,13,True,True,[109.46139863268279],0.0,positive,0,80,4.037492908537388e-05
meta_llama_llama_4_scout_17b_16e_instruct,GA_ADAPTIVE,sign_type,positive,14,True,True,[40.399388387946104],0.0,positive,0,80,4.0500075556337833e-05
meta_llama_llama_4_scout_17b_16e_instruct,GA_ADAPTIVE,sign_type,positive,15,True,True,[800.9688591492194],0.0,positive,0,80,3.9083999581635e-05
meta_llama_llama_4_scout_17b_16e_instruct,GA_ADAPTIVE,sign_type,positive,16,True,True,[87.70603119410147],0.0,positive,0,80,3.91670037060976e-05
meta_llama_llama_4_scout_17b_16e_instruct,GA_ADAPTIVE,sign_type,positive,17,True,True,[109.91762017409567],0.0,positive,0,80,3.929098602384329e-05
meta_llama_llama_4_scout_17b_16e_instruct,GA_ADAPTIVE,sign_type,positive,18,True,True,[503.801613087567],0.0,positive,0,80,4.0041981264948845e-05
meta_llama_llama_4_scout_17b_16e_instruct,GA_ADAPTIVE,sign_type,positive,19,True,True,[831.4758013773155],0.0,positive,0,80,3.945804201066494e-05
meta_llama_llama_4_scout_17b_16e_instruct,GA_ADAPTIVE,sign_type,positive,20,True,True,[506.00374492542835],0.0,positive,0,80,3.999995533376932e-05
meta_llama_llama_4_scout_17b_16e_instruct,GA_ADAPTIVE,sign_type,positive,21,True,True,[48.756792293757954],0.0,positive,0,80,3.908306825906038e-05
meta_llama_llama_4_scout_17b_16e_instruct,GA_ADAPTIVE,sign_type,positive,22,True,True,[463.64843207160254],0.0,positive,0,80,3.958295565098524e-05
meta_llama_llama_4_scout_17b_16e_instruct,GA_ADAPTIVE,sign_type,positive,23,True,True,[27.130792853630957],0.0,positive,0,80,3.9499951526522636e-05
meta_llama_llama_4_scout_17b_16e_instruct,GA_ADAPTIVE,sign_type,positive,24,True,True,[586.0934265954315],0.0,positive,0,80,3.92089132219553e-05
meta_llama_llama_4_scout_17b_16e_instruct,GA_ADAPTIVE,sign_type,positive,25,True,True,[727.1071466563611],0.0,positive,0,80,3.941706381738186e-05
meta_llama_llama_4_scout_17b_16e_instruct,GA_ADAPTIVE,sign_type,positive,26,True,True,[883.1709596464632],0.0,positive,0,80,3.958400338888168e-05
meta_llama_llama_4_scout_17b_16e_instruct,GA_ADAPTIVE,sign_type,positive,27,True,True,[241.06124327012512],0.0,positive,0,80,3.999995533376932e-05
meta_llama_llama_4_scout_17b_16e_instruct,GA_ADAPTIVE,sign_type,positive,28,True,True,[950.585578053367],0.0,positive,0,80,3.920809831470251e-05
meta_llama_llama_4_scout_17b_16e_instruct,GA_ADAPTIVE,sign_type,positive,29,True,True,[330.5522710327248],0.0,positive,0,80,3.9458973333239555e-05
meta_llama_llama_4_scout_17b_16e_instruct,GA_ADAPTIVE,sign_type,negative,0,True,True,[0.0],0.0,negative,5,480,0.0015763340052217245
meta_llama_llama_4_scout_17b_16e_instruct,GA_ADAPTIVE,sign_type,negative,1,True,True,[0.0],0.0,negative,10,880,0.0030395829817280173
meta_llama_llama_4_scout_17b_16e_instruct,GA_ADAPTIVE,sign_type,negative,2,True,True,[0.0],0.0,negative,6,560,0.0018630829872563481
meta_llama_llama_4_scout_17b_16e_instruct,GA_ADAPTIVE,sign_type,negative,3,True,True,[0.0],0.0,negative,34,2800,0.010264333919622004
meta_llama_llama_4_scout_17b_16e_instruct,GA_ADAPTIVE,sign_type,negative,4,True,True,[0.0],0.0,negative,25,2080,0.007603958016261458
meta_llama_llama_4_scout_17b_16e_instruct,GA_ADAPTIVE,sign_type,negative,5,True,True,[0.0],0.0,negative,3,320,0.000949708977714181
meta_llama_llama_4_scout_17b_16e_instruct,GA_ADAPTIVE,sign_type,negative,6,True,True,[0.0],0.0,negative,46,3760,0.013894833973608911
meta_llama_llama_4_scout_17b_16e_instruct,GA_ADAPTIVE,sign_type,negative,7,True,True,[0.0],0.0,negative,26,2160,0.007848249981179833
meta_llama_llama_4_scout_17b_16e_instruct,GA_ADAPTIVE,sign_type,negative,8,True,True,[0.0],0.0,negative,19,1600,0.005742207984440029
meta_llama_llama_4_scout_17b_16e_instruct,GA_ADAPTIVE,sign_type,negative,9,True,True,[0.0],0.0,negative,12,1040,0.003667374956421554
meta_llama_llama_4_scout_17b_16e_instruct,GA_ADAPTIVE,sign_type,negative,10,True,True,[0.0],0.0,negative,1,160,0.0003416660474613309
meta_llama_llama_4_scout_17b_16e_instruct,GA_ADAPTIVE,sign_type,negative,11,True,True,[0.0],0.0,negative,1,160,0.0003467920469120145
meta_llama_llama_4_scout_17b_16e_instruct,GA_ADAPTIVE,sign_type,negative,12,True,True,[0.0],0.0,negative,13,1120,0.00403537496458739
meta_llama_llama_4_scout_17b_16e_instruct,GA_ADAPTIVE,sign_type,negative,13,True,True,[0.0],0.0,negative,21,1760,0.006413583061657846
meta_llama_llama_4_scout_17b_16e_instruct,GA_ADAPTIVE,sign_type,negative,14,True,True,[0.0],0.0,negative,3,320,0.000956958974711597
meta_llama_llama_4_scout_17b_16e_instruct,GA_ADAPTIVE,sign_type,negative,15,True,True,[0.0],0.0,negative,9,800,0.0027623330242931843
meta_llama_llama_4_scout_17b_16e_instruct,GA_ADAPTIVE,sign_type,negative,16,True,True,[0.0],0.0,negative,7,640,0.0021502500167116523
meta_llama_llama_4_scout_17b_16e_instruct,GA_ADAPTIVE,sign_type,negative,17,True,True,[0.0],0.0,negative,13,1120,0.003973667044192553
meta_llama_llama_4_scout_17b_16e_instruct,GA_ADAPTIVE,sign_type,negative,18,True,True,[0.0],0.0,negative,23,1920,0.006937124999240041
meta_llama_llama_4_scout_17b_16e_instruct,GA_ADAPTIVE,sign_type,negative,19,True,True,[0.0],0.0,negative,16,1360,0.004838916938751936
meta_llama_llama_4_scout_17b_16e_instruct,GA_ADAPTIVE,sign_type,negative,20,True,True,[0.0],0.0,negative,12,1040,0.003655291977338493
meta_llama_llama_4_scout_17b_16e_instruct,GA_ADAPTIVE,sign_type,negative,21,True,True,[0.0],0.0,negative,7,640,0.0021531659876927733
meta_llama_llama_4_scout_17b_16e_instruct,GA_ADAPTIVE,sign_type,negative,22,True,True,[0.0],0.0,negative,8,720,0.0024631659034639597
meta_llama_llama_4_scout_17b_16e_instruct,GA_ADAPTIVE,sign_type,negative,23,True,True,[0.0],0.0,negative,9,800,0.002750790910795331
meta_llama_llama_4_scout_17b_16e_instruct,GA_ADAPTIVE,sign_type,negative,24,True,True,[0.0],0.0,negative,30,2480,0.009067583014257252
meta_llama_llama_4_scout_17b_16e_instruct,GA_ADAPTIVE,sign_type,negative,25,True,True,[0.0],0.0,negative,39,3200,0.011804624926298857
meta_llama_llama_4_scout_17b_16e_instruct,GA_ADAPTIVE,sign_type,negative,26,True,True,[0.0],0.0,negative,4,400,0.0012606659438461065
meta_llama_llama_4_scout_17b_16e_instruct,GA_ADAPTIVE,sign_type,negative,27,True,True,[0.0],0.0,negative,10,880,0.0030511670047417283
meta_llama_llama_4_scout_17b_16e_instruct,GA_ADAPTIVE,sign_type,negative,28,True,True,[0.0],0.0,negative,1,160,0.0003511660033836961
meta_llama_llama_4_scout_17b_16e_instruct,GA_ADAPTIVE,sign_type,negative,29,True,True,[0.0],0.0,negative,21,1760,0.0063813329907134175
meta_llama_llama_4_scout_17b_16e_instruct,GA_ADAPTIVE,sign_type,zero,0,True,True,[0.0],0.0,zero,7,640,0.002199999988079071
meta_llama_llama_4_scout_17b_16e_instruct,GA_ADAPTIVE,sign_type,zero,1,True,True,[0.0],0.0,zero,20,1680,0.006095333024859428
meta_llama_llama_4_scout_17b_16e_instruct,GA_ADAPTIVE,sign_type,zero,2,True,True,[0.0],0.0,zero,38,3120,0.011574374977499247
meta_llama_llama_4_scout_17b_16e_instruct,GA_ADAPTIVE,sign_type,zero,3,True,True,[0.0],0.0,zero,39,3200,0.011851959046907723
meta_llama_llama_4_scout_17b_16e_instruct,GA_ADAPTIVE,sign_type,zero,4,True,True,[0.0],0.0,zero,26,2160,0.007935249945148826
meta_llama_llama_4_scout_17b_16e_instruct,GA_ADAPTIVE,sign_type,zero,5,True,True,[0.0],0.0,zero,5,480,0.0015571669209748507
meta_llama_llama_4_scout_17b_16e_instruct,GA_ADAPTIVE,sign_type,zero,6,True,True,[0.0],0.0,zero,9,800,0.0027680000057443976
meta_llama_llama_4_scout_17b_16e_instruct,GA_ADAPTIVE,sign_type,zero,7,True,True,[0.0],0.0,zero,15,1280,0.004611250013113022
meta_llama_llama_4_scout_17b_16e_instruct,GA_ADAPTIVE,sign_type,zero,8,True,True,[0.0],0.0,zero,9,800,0.002761124982498586
meta_llama_llama_4_scout_17b_16e_instruct,GA_ADAPTIVE,sign_type,zero,9,True,True,[0.0],0.0,zero,7,640,0.0021794589702039957
meta_llama_llama_4_scout_17b_16e_instruct,GA_ADAPTIVE,sign_type,zero,10,True,True,[0.0],0.0,zero,18,1520,0.005507832975126803
meta_llama_llama_4_scout_17b_16e_instruct,GA_ADAPTIVE,sign_type,zero,11,True,True,[0.0],0.0,zero,17,1440,0.005201457999646664
meta_llama_llama_4_scout_17b_16e_instruct,GA_ADAPTIVE,sign_type,zero,12,True,True,[0.0],0.0,zero,15,1280,0.004589957999996841
meta_llama_llama_4_scout_17b_16e_instruct,GA_ADAPTIVE,sign_type,zero,13,True,True,[0.0],0.0,zero,40,3280,0.01217000000178814
meta_llama_llama_4_scout_17b_16e_instruct,GA_ADAPTIVE,sign_type,zero,14,True,True,[0.0],0.0,zero,42,3440,0.012737125041894615
meta_llama_llama_4_scout_17b_16e_instruct,GA_ADAPTIVE,sign_type,zero,15,True,True,[0.0],0.0,zero,12,1040,0.0036848330637440085
meta_llama_llama_4_scout_17b_16e_instruct,GA_ADAPTIVE,sign_type,zero,16,True,True,[0.0],0.0,zero,20,1680,0.0060654160333797336
meta_llama_llama_4_scout_17b_16e_instruct,GA_ADAPTIVE,sign_type,zero,17,True,True,[0.0],0.0,zero,8,720,0.002464874996803701
meta_llama_llama_4_scout_17b_16e_instruct,GA_ADAPTIVE,sign_type,zero,18,True,True,[0.0],0.0,zero,7,640,0.0021487920312210917
meta_llama_llama_4_scout_17b_16e_instruct,GA_ADAPTIVE,sign_type,zero,19,True,True,[0.0],0.0,zero,21,1760,0.006392666953615844
meta_llama_llama_4_scout_17b_16e_instruct,GA_ADAPTIVE,sign_type,zero,20,True,True,[0.0],0.0,zero,4,400,0.001286792103201151
meta_llama_llama_4_scout_17b_16e_instruct,GA_ADAPTIVE,sign_type,zero,21,True,True,[0.0],0.0,zero,26,2160,0.0078412079019472
meta_llama_llama_4_scout_17b_16e_instruct,GA_ADAPTIVE,sign_type,zero,22,True,True,[0.0],0.0,zero,22,1840,0.006674334057606757
meta_llama_llama_4_scout_17b_16e_instruct,GA_ADAPTIVE,sign_type,zero,23,True,True,[0.0],0.0,zero,23,1920,0.006971542024984956
meta_llama_llama_4_scout_17b_16e_instruct,GA_ADAPTIVE,sign_type,zero,24,True,True,[0.0],0.0,zero,10,880,0.00309262506198138
meta_llama_llama_4_scout_17b_16e_instruct,GA_ADAPTIVE,sign_type,zero,25,True,True,[0.0],0.0,zero,11,960,0.003369000041857362
meta_llama_llama_4_scout_17b_16e_instruct,GA_ADAPTIVE,sign_type,zero,26,True,True,[0.0],0.0,zero,10,880,0.003068916965276003
meta_llama_llama_4_scout_17b_16e_instruct,GA_ADAPTIVE,sign_type,zero,27,True,True,[0.0],0.0,zero,1,160,0.0003477499121800065
meta_llama_llama_4_scout_17b_16e_instruct,GA_ADAPTIVE,sign_type,zero,28,True,True,[0.0],0.0,zero,31,2560,0.009650666965171695
meta_llama_llama_4_scout_17b_16e_instruct,GA_ADAPTIVE,sign_type,zero,29,True,True,[0.0],0.0,zero,10,880,0.0031349998898804188
meta_llama_llama_4_scout_17b_16e_instruct,GA_ADAPTIVE,string_category,empty,0,True,True,[''],0.0,empty,0,80,0.0001835830044001341
meta_llama_llama_4_scout_17b_16e_instruct,GA_ADAPTIVE,string_category,empty,1,True,True,[''],0.0,empty,0,80,0.0001591250766068697
meta_llama_llama_4_scout_17b_16e_instruct,GA_ADAPTIVE,string_category,empty,2,True,True,[''],0.0,empty,0,80,0.0001497089397162199
meta_llama_llama_4_scout_17b_16e_instruct,GA_ADAPTIVE,string_category,empty,3,True,True,[''],0.0,empty,0,80,0.00015974999405443668
meta_llama_llama_4_scout_17b_16e_instruct,GA_ADAPTIVE,string_category,empty,4,True,True,[''],0.0,empty,0,80,0.000140791991725564
meta_llama_llama_4_scout_17b_16e_instruct,GA_ADAPTIVE,string_category,empty,5,True,True,[''],0.0,empty,0,80,0.00015083292964845896
meta_llama_llama_4_scout_17b_16e_instruct,GA_ADAPTIVE,string_category,empty,6,True,True,[''],0.0,empty,0,80,0.0001510409638285637
meta_llama_llama_4_scout_17b_16e_instruct,GA_ADAPTIVE,string_category,empty,7,True,True,[''],0.0,empty,0,80,0.0001570410095155239
meta_llama_llama_4_scout_17b_16e_instruct,GA_ADAPTIVE,string_category,empty,8,True,True,[''],0.0,empty,0,80,0.0001490000868216157
meta_llama_llama_4_scout_17b_16e_instruct,GA_ADAPTIVE,string_category,empty,9,True,True,[''],0.0,empty,0,80,0.00015762506518512964
meta_llama_llama_4_scout_17b_16e_instruct,GA_ADAPTIVE,string_category,empty,10,True,True,[''],0.0,empty,0,80,0.00015187507960945368
meta_llama_llama_4_scout_17b_16e_instruct,GA_ADAPTIVE,string_category,empty,11,True,True,[''],0.0,empty,0,80,0.0001758750295266509
meta_llama_llama_4_scout_17b_16e_instruct,GA_ADAPTIVE,string_category,empty,12,True,True,[''],0.0,empty,0,80,0.0001593329943716526
meta_llama_llama_4_scout_17b_16e_instruct,GA_ADAPTIVE,string_category,empty,13,True,True,[''],0.0,empty,0,80,0.00014766608364880085
meta_llama_llama_4_scout_17b_16e_instruct,GA_ADAPTIVE,string_category,empty,14,True,True,[''],0.0,empty,0,80,0.0001526250271126628
meta_llama_llama_4_scout_17b_16e_instruct,GA_ADAPTIVE,string_category,empty,15,True,True,[''],0.0,empty,0,80,0.00015179102774709463
meta_llama_llama_4_scout_17b_16e_instruct,GA_ADAPTIVE,string_category,empty,16,True,True,[''],0.0,empty,0,80,0.00014679203741252422
meta_llama_llama_4_scout_17b_16e_instruct,GA_ADAPTIVE,string_category,empty,17,True,True,[''],0.0,empty,0,80,0.0001509999856352806
meta_llama_llama_4_scout_17b_16e_instruct,GA_ADAPTIVE,string_category,empty,18,True,True,[''],0.0,empty,0,80,0.0001515829935669899
meta_llama_llama_4_scout_17b_16e_instruct,GA_ADAPTIVE,string_category,empty,19,True,True,[''],0.0,empty,0,80,0.00014233309775590897
meta_llama_llama_4_scout_17b_16e_instruct,GA_ADAPTIVE,string_category,empty,20,True,True,[''],0.0,empty,0,80,0.0001539998920634389
meta_llama_llama_4_scout_17b_16e_instruct,GA_ADAPTIVE,string_category,empty,21,True,True,[''],0.0,empty,0,80,0.00015529198572039604
meta_llama_llama_4_scout_17b_16e_instruct,GA_ADAPTIVE,string_category,empty,22,True,True,[''],0.0,empty,0,80,0.00015879201237112284
meta_llama_llama_4_scout_17b_16e_instruct,GA_ADAPTIVE,string_category,empty,23,True,True,[''],0.0,empty,0,80,0.00014849996659904718
meta_llama_llama_4_scout_17b_16e_instruct,GA_ADAPTIVE,string_category,empty,24,True,True,[''],0.0,empty,0,80,0.00015183305367827415
meta_llama_llama_4_scout_17b_16e_instruct,GA_ADAPTIVE,string_category,empty,25,True,True,[''],0.0,empty,0,80,0.0001395839499309659
meta_llama_llama_4_scout_17b_16e_instruct,GA_ADAPTIVE,string_category,empty,26,True,True,[''],0.0,empty,0,80,0.000142666045576334
meta_llama_llama_4_scout_17b_16e_instruct,GA_ADAPTIVE,string_category,empty,27,True,True,[''],0.0,empty,0,80,0.0001521250233054161
meta_llama_llama_4_scout_17b_16e_instruct,GA_ADAPTIVE,string_category,empty,28,True,True,[''],0.0,empty,0,80,0.00015400000847876072
meta_llama_llama_4_scout_17b_16e_instruct,GA_ADAPTIVE,string_category,empty,29,True,True,[''],0.0,empty,0,80,0.0001421249471604824
meta_llama_llama_4_scout_17b_16e_instruct,GA_ADAPTIVE,string_category,long_palindrome,0,True,True,['Q5Q'],0.0,long_palindrome,72,5840,0.02525491698179394
meta_llama_llama_4_scout_17b_16e_instruct,GA_ADAPTIVE,string_category,long_palindrome,1,True,True,['yVy'],0.0,long_palindrome,14,1200,0.00474779203068465
meta_llama_llama_4_scout_17b_16e_instruct,GA_ADAPTIVE,string_category,long_palindrome,2,True,True,['NnN'],0.0,long_palindrome,22,1840,0.007359417038969696
meta_llama_llama_4_scout_17b_16e_instruct,GA_ADAPTIVE,string_category,long_palindrome,3,False,False,['GY5l'],1.0,,0,8080,0.0351094159996137
meta_llama_llama_4_scout_17b_16e_instruct,GA_ADAPTIVE,string_category,long_palindrome,4,True,True,['SuS'],0.0,long_palindrome,57,4640,0.019936832948587835
meta_llama_llama_4_scout_17b_16e_instruct,GA_ADAPTIVE,string_category,long_palindrome,5,True,True,['OpO'],0.0,long_palindrome,31,2560,0.010566249955445528
meta_llama_llama_4_scout_17b_16e_instruct,GA_ADAPTIVE,string_category,long_palindrome,6,True,True,['4w4'],0.0,long_palindrome,0,80,0.00016725005116313696
meta_llama_llama_4_scout_17b_16e_instruct,GA_ADAPTIVE,string_category,long_palindrome,7,False,False,['tvXv4b61EC0ZX4'],1.0,,0,8080,0.03478566696867347
meta_llama_llama_4_scout_17b_16e_instruct,GA_ADAPTIVE,string_category,long_palindrome,8,True,True,['c3c'],0.0,long_palindrome,10,880,0.003405500086955726
meta_llama_llama_4_scout_17b_16e_instruct,GA_ADAPTIVE,string_category,long_palindrome,9,False,False,['V6RtXCQn7w'],1.0,,0,8080,0.03483054193202406
meta_llama_llama_4_scout_17b_16e_instruct,GA_ADAPTIVE,string_category,long_palindrome,10,True,True,['DID'],0.0,long_palindrome,33,2720,0.011548000038601458
meta_llama_llama_4_scout_17b_16e_instruct,GA_ADAPTIVE,string_category,long_palindrome,11,True,True,['UMU'],0.0,long_palindrome,9,800,0.0030817911028862
meta_llama_llama_4_scout_17b_16e_instruct,GA_ADAPTIVE,string_category,long_palindrome,12,True,True,['ROR'],0.0,long_palindrome,1,160,0.0004873749567195773
meta_llama_llama_4_scout_17b_16e_instruct,GA_ADAPTIVE,string_category,long_palindrome,13,False,False,['WOasvguYzXPROMt'],1.0,,0,8080,0.034711041022092104
meta_llama_llama_4_scout_17b_16e_instruct,GA_ADAPTIVE,string_category,long_palindrome,14,True,True,['242'],0.0,long_palindrome,43,3520,0.014637499931268394
meta_llama_llama_4_scout_17b_16e_instruct,GA_ADAPTIVE,string_category,long_palindrome,15,True,True,['BDB'],0.0,long_palindrome,4,400,0.0014192089438438416
meta_llama_llama_4_scout_17b_16e_instruct,GA_ADAPTIVE,string_category,long_palindrome,16,True,True,['9m9'],0.0,long_palindrome,42,3440,0.014219290926121175
meta_llama_llama_4_scout_17b_16e_instruct,GA_ADAPTIVE,string_category,long_palindrome,17,True,True,['878'],0.0,long_palindrome,2,240,0.0007992499740794301
meta_llama_llama_4_scout_17b_16e_instruct,GA_ADAPTIVE,string_category,long_palindrome,18,True,True,['2d2'],0.0,long_palindrome,34,2800,0.011545415967702866
meta_llama_llama_4_scout_17b_16e_instruct,GA_ADAPTIVE,string_category,long_palindrome,19,True,True,['JEJ'],0.0,long_palindrome,84,6800,0.028807041933760047
meta_llama_llama_4_scout_17b_16e_instruct,GA_ADAPTIVE,string_category,long_palindrome,20,True,True,['I2I'],0.0,long_palindrome,30,2480,0.010152040980756283
meta_llama_llama_4_scout_17b_16e_instruct,GA_ADAPTIVE,string_category,long_palindrome,21,True,True,['b121b'],0.0,long_palindrome,32,2640,0.010634707985445857
meta_llama_llama_4_scout_17b_16e_instruct,GA_ADAPTIVE,string_category,long_palindrome,22,True,True,['G7G'],0.0,long_palindrome,13,1120,0.004322542110458016
meta_llama_llama_4_scout_17b_16e_instruct,GA_ADAPTIVE,string_category,long_palindrome,23,True,True,['h8h'],0.0,long_palindrome,33,2720,0.011002082959748805
meta_llama_llama_4_scout_17b_16e_instruct,GA_ADAPTIVE,string_category,long_palindrome,24,True,True,['JBJ'],0.0,long_palindrome,30,2480,0.010073333978652954
meta_llama_llama_4_scout_17b_16e_instruct,GA_ADAPTIVE,string_category,long_palindrome,25,True,True,['jOj'],0.0,long_palindrome,91,7360,0.031004541902802885
meta_llama_llama_4_scout_17b_16e_instruct,GA_ADAPTIVE,string_category,long_palindrome,26,True,True,['zBz'],0.0,long_palindrome,73,5920,0.024778165970928967
meta_llama_llama_4_scout_17b_16e_instruct,GA_ADAPTIVE,string_category,long_palindrome,27,True,True,['IbI'],0.0,long_palindrome,0,80,0.00016299996059387922
meta_llama_llama_4_scout_17b_16e_instruct,GA_ADAPTIVE,string_category,long_palindrome,28,False,False,['35OFapDoE'],1.0,,0,8080,0.03412829199805856
meta_llama_llama_4_scout_17b_16e_instruct,GA_ADAPTIVE,string_category,long_palindrome,29,True,True,['gpg'],0.0,long_palindrome,75,6080,0.025386375025846064
meta_llama_llama_4_scout_17b_16e_instruct,GA_ADAPTIVE,string_category,short_palindrome,0,True,True,[''],0.0,short_palindrome,0,80,0.00014979206025600433
meta_llama_llama_4_scout_17b_16e_instruct,GA_ADAPTIVE,string_category,short_palindrome,1,True,True,['6'],0.0,short_palindrome,0,80,0.0001474169548600912
meta_llama_llama_4_scout_17b_16e_instruct,GA_ADAPTIVE,string_category,short_palindrome,2,True,True,[''],0.0,short_palindrome,0,80,0.00014350004494190216
meta_llama_llama_4_scout_17b_16e_instruct,GA_ADAPTIVE,string_category,short_palindrome,3,True,True,[''],0.0,short_palindrome,0,80,0.0001470409333705902
meta_llama_llama_4_scout_17b_16e_instruct,GA_ADAPTIVE,string_category,short_palindrome,4,True,True,[''],0.0,short_palindrome,0,80,0.00014195905532687902
meta_llama_llama_4_scout_17b_16e_instruct,GA_ADAPTIVE,string_category,short_palindrome,5,True,True,['V'],0.0,short_palindrome,0,80,0.0001499159261584282
meta_llama_llama_4_scout_17b_16e_instruct,GA_ADAPTIVE,string_category,short_palindrome,6,True,True,[''],0.0,short_palindrome,0,80,0.00015579198952764273
meta_llama_llama_4_scout_17b_16e_instruct,GA_ADAPTIVE,string_category,short_palindrome,7,True,True,[''],0.0,short_palindrome,0,80,0.00015195796731859446
meta_llama_llama_4_scout_17b_16e_instruct,GA_ADAPTIVE,string_category,short_palindrome,8,True,True,[''],0.0,short_palindrome,0,80,0.00014575000386685133
meta_llama_llama_4_scout_17b_16e_instruct,GA_ADAPTIVE,string_category,short_palindrome,9,True,True,['J'],0.0,short_palindrome,0,80,0.0001550420420244336
meta_llama_llama_4_scout_17b_16e_instruct,GA_ADAPTIVE,string_category,short_palindrome,10,True,True,[''],0.0,short_palindrome,0,80,0.000149125000461936
meta_llama_llama_4_scout_17b_16e_instruct,GA_ADAPTIVE,string_category,short_palindrome,11,True,True,['e'],0.0,short_palindrome,0,80,0.00014529097825288773
meta_llama_llama_4_scout_17b_16e_instruct,GA_ADAPTIVE,string_category,short_palindrome,12,True,True,[''],0.0,short_palindrome,0,80,0.00015845801681280136
meta_llama_llama_4_scout_17b_16e_instruct,GA_ADAPTIVE,string_category,short_palindrome,13,True,True,['0'],0.0,short_palindrome,0,80,0.0001533749746158719
meta_llama_llama_4_scout_17b_16e_instruct,GA_ADAPTIVE,string_category,short_palindrome,14,True,True,[''],0.0,short_palindrome,0,80,0.00015045807231217623
meta_llama_llama_4_scout_17b_16e_instruct,GA_ADAPTIVE,string_category,short_palindrome,15,True,True,['x'],0.0,short_palindrome,0,80,0.00015124992933124304
meta_llama_llama_4_scout_17b_16e_instruct,GA_ADAPTIVE,string_category,short_palindrome,16,True,True,['F'],0.0,short_palindrome,0,80,0.0001516249030828476
meta_llama_llama_4_scout_17b_16e_instruct,GA_ADAPTIVE,string_category,short_palindrome,17,True,True,['F'],0.0,short_palindrome,0,80,0.00014841696247458458
meta_llama_llama_4_scout_17b_16e_instruct,GA_ADAPTIVE,string_category,short_palindrome,18,True,True,[''],0.0,short_palindrome,0,80,0.00014291598927229643
meta_llama_llama_4_scout_17b_16e_instruct,GA_ADAPTIVE,string_category,short_palindrome,19,True,True,['s'],0.0,short_palindrome,0,80,0.00014166708569973707
meta_llama_llama_4_scout_17b_16e_instruct,GA_ADAPTIVE,string_category,short_palindrome,20,True,True,['t'],0.0,short_palindrome,0,80,0.00015283399261534214
meta_llama_llama_4_scout_17b_16e_instruct,GA_ADAPTIVE,string_category,short_palindrome,21,True,True,['z'],0.0,short_palindrome,0,80,0.00015279196668416262
meta_llama_llama_4_scout_17b_16e_instruct,GA_ADAPTIVE,string_category,short_palindrome,22,True,True,[''],0.0,short_palindrome,0,80,0.00014720798935741186
meta_llama_llama_4_scout_17b_16e_instruct,GA_ADAPTIVE,string_category,short_palindrome,23,True,True,['U'],0.0,short_palindrome,0,80,0.0001474169548600912
meta_llama_llama_4_scout_17b_16e_instruct,GA_ADAPTIVE,string_category,short_palindrome,24,True,True,[''],0.0,short_palindrome,0,80,0.0001448750263080001
meta_llama_llama_4_scout_17b_16e_instruct,GA_ADAPTIVE,string_category,short_palindrome,25,True,True,[''],0.0,short_palindrome,0,80,0.00015075004193931818
meta_llama_llama_4_scout_17b_16e_instruct,GA_ADAPTIVE,string_category,short_palindrome,26,True,True,['I'],0.0,short_palindrome,0,80,0.0001436250749975443
meta_llama_llama_4_scout_17b_16e_instruct,GA_ADAPTIVE,string_category,short_palindrome,27,True,True,[''],0.0,short_palindrome,0,80,0.00014937506057322025
meta_llama_llama_4_scout_17b_16e_instruct,GA_ADAPTIVE,string_category,short_palindrome,28,True,True,['F'],0.0,short_palindrome,0,80,0.00014845794066786766
meta_llama_llama_4_scout_17b_16e_instruct,GA_ADAPTIVE,string_category,short_palindrome,29,True,True,['E'],0.0,short_palindrome,0,80,0.00014754198491573334
meta_llama_llama_4_scout_17b_16e_instruct,GA_ADAPTIVE,string_category,long_non_palindrome,0,True,True,['wPOev'],0.0,long_non_palindrome,0,80,0.00014908297453075647
meta_llama_llama_4_scout_17b_16e_instruct,GA_ADAPTIVE,string_category,long_non_palindrome,1,True,True,['AyRptbK7CY'],0.0,long_non_palindrome,0,80,0.00015670806169509888
meta_llama_llama_4_scout_17b_16e_instruct,GA_ADAPTIVE,string_category,long_non_palindrome,2,True,True,['75kVdoF0UK2ej'],0.0,long_non_palindrome,0,80,0.00015966698992997408
meta_llama_llama_4_scout_17b_16e_instruct,GA_ADAPTIVE,string_category,long_non_palindrome,3,True,True,['68UkZf'],0.0,long_non_palindrome,0,80,0.00015008402988314629
meta_llama_llama_4_scout_17b_16e_instruct,GA_ADAPTIVE,string_category,long_non_palindrome,4,True,True,['qlLs2seRBWDh'],0.0,long_non_palindrome,0,80,0.00015229196287691593
meta_llama_llama_4_scout_17b_16e_instruct,GA_ADAPTIVE,string_category,long_non_palindrome,5,True,True,['J9IBa2ldZetCr'],0.0,long_non_palindrome,0,80,0.0001449999399483204
meta_llama_llama_4_scout_17b_16e_instruct,GA_ADAPTIVE,string_category,long_non_palindrome,6,True,True,['K8vtuD1exvaa51'],0.0,long_non_palindrome,0,80,0.00014958297833800316
meta_llama_llama_4_scout_17b_16e_instruct,GA_ADAPTIVE,string_category,long_non_palindrome,7,True,True,['G4nb4OUX'],0.0,long_non_palindrome,0,80,0.0001484580570831895
meta_llama_llama_4_scout_17b_16e_instruct,GA_ADAPTIVE,string_category,long_non_palindrome,8,True,True,['wlWRwClx'],0.0,long_non_palindrome,0,80,0.00015774997882544994
meta_llama_llama_4_scout_17b_16e_instruct,GA_ADAPTIVE,string_category,long_non_palindrome,9,True,True,['WPXWyOnJdXa'],0.0,long_non_palindrome,0,80,0.00015891599468886852
meta_llama_llama_4_scout_17b_16e_instruct,GA_ADAPTIVE,string_category,long_non_palindrome,10,True,True,['1Af00BLKOa9'],0.0,long_non_palindrome,0,80,0.00014625000767409801
meta_llama_llama_4_scout_17b_16e_instruct,GA_ADAPTIVE,string_category,long_non_palindrome,11,True,True,['iZ6pOM'],0.0,long_non_palindrome,0,80,0.00014229188673198223
meta_llama_llama_4_scout_17b_16e_instruct,GA_ADAPTIVE,string_category,long_non_palindrome,12,True,True,['6SturzPr'],0.0,long_non_palindrome,0,80,0.00015541608445346355
meta_llama_llama_4_scout_17b_16e_instruct,GA_ADAPTIVE,string_category,long_non_palindrome,13,True,True,['TzgLVrTagcHvA'],0.0,long_non_palindrome,0,80,0.00015408301260322332
meta_llama_llama_4_scout_17b_16e_instruct,GA_ADAPTIVE,string_category,long_non_palindrome,14,True,True,['94peotB0VlgfU46'],0.0,long_non_palindrome,0,80,0.0001498749479651451
meta_llama_llama_4_scout_17b_16e_instruct,GA_ADAPTIVE,string_category,long_non_palindrome,15,True,True,['5kZVAbdZnH4gV'],0.0,long_non_palindrome,0,80,0.00014570902567356825
meta_llama_llama_4_scout_17b_16e_instruct,GA_ADAPTIVE,string_category,long_non_palindrome,16,True,True,['rkLhpv1lpWCM2PD'],0.0,long_non_palindrome,0,80,0.00015287497080862522
meta_llama_llama_4_scout_17b_16e_instruct,GA_ADAPTIVE,string_category,long_non_palindrome,17,True,True,['Z1QPs'],0.0,long_non_palindrome,0,80,0.00015458301641047
meta_llama_llama_4_scout_17b_16e_instruct,GA_ADAPTIVE,string_category,long_non_palindrome,18,True,True,['jesmH'],0.0,long_non_palindrome,0,80,0.0001497919438406825
meta_llama_llama_4_scout_17b_16e_instruct,GA_ADAPTIVE,string_category,long_non_palindrome,19,True,True,['0LPlIaS7'],0.0,long_non_palindrome,0,80,0.00014883396215736866
meta_llama_llama_4_scout_17b_16e_instruct,GA_ADAPTIVE,string_category,long_non_palindrome,20,True,True,['H2zPQL9eO6Y4g'],0.0,long_non_palindrome,0,80,0.0001479580532759428
meta_llama_llama_4_scout_17b_16e_instruct,GA_ADAPTIVE,string_category,long_non_palindrome,21,True,True,['45CbSD'],0.0,long_non_palindrome,0,80,0.00014533300418406725
meta_llama_llama_4_scout_17b_16e_instruct,GA_ADAPTIVE,string_category,long_non_palindrome,22,True,True,['sXt2Vl'],0.0,long_non_palindrome,0,80,0.00016195804346352816
meta_llama_llama_4_scout_17b_16e_instruct,GA_ADAPTIVE,string_category,long_non_palindrome,23,True,True,['rCukhU5'],0.0,long_non_palindrome,0,80,0.00015429197810590267
meta_llama_llama_4_scout_17b_16e_instruct,GA_ADAPTIVE,string_category,long_non_palindrome,24,True,True,['TPx6cd9YqEaNgoK'],0.0,long_non_palindrome,0,80,0.00015508290380239487
meta_llama_llama_4_scout_17b_16e_instruct,GA_ADAPTIVE,string_category,long_non_palindrome,25,True,True,['dOv8nKQYzhR'],0.0,long_non_palindrome,0,80,0.00015225005336105824
meta_llama_llama_4_scout_17b_16e_instruct,GA_ADAPTIVE,string_category,long_non_palindrome,26,True,True,['SBjm8qP6'],0.0,long_non_palindrome,0,80,0.00014816701877862215
meta_llama_llama_4_scout_17b_16e_instruct,GA_ADAPTIVE,string_category,long_non_palindrome,27,True,True,['IYj1qmYC7Km'],0.0,long_non_palindrome,0,80,0.00014725001528859138
meta_llama_llama_4_scout_17b_16e_instruct,GA_ADAPTIVE,string_category,long_non_palindrome,28,True,True,['4RjgQAJqdNM'],0.0,long_non_palindrome,0,80,0.000150916981510818
meta_llama_llama_4_scout_17b_16e_instruct,GA_ADAPTIVE,string_category,long_non_palindrome,29,True,True,['A3kqWUM'],0.0,long_non_palindrome,0,80,0.00016304198652505875
meta_llama_llama_4_scout_17b_16e_instruct,GA_ADAPTIVE,string_category,other,0,True,True,['Cah'],0.0,other,0,80,0.00015508406795561314
meta_llama_llama_4_scout_17b_16e_instruct,GA_ADAPTIVE,string_category,other,1,True,True,['3s'],0.0,other,0,80,0.00016237504314631224
meta_llama_llama_4_scout_17b_16e_instruct,GA_ADAPTIVE,string_category,other,2,True,True,['QCSr'],0.0,other,0,80,0.00015808292664587498
meta_llama_llama_4_scout_17b_16e_instruct,GA_ADAPTIVE,string_category,other,3,True,True,['m7jv'],0.0,other,0,80,0.00015720794908702374
meta_llama_llama_4_scout_17b_16e_instruct,GA_ADAPTIVE,string_category,other,4,True,True,['552'],0.0,other,0,80,0.00016033404972404242
meta_llama_llama_4_scout_17b_16e_instruct,GA_ADAPTIVE,string_category,other,5,True,True,['7o'],0.0,other,0,80,0.00014999997802078724
meta_llama_llama_4_scout_17b_16e_instruct,GA_ADAPTIVE,string_category,other,6,True,True,['sC'],0.0,other,0,80,0.00015645800158381462
meta_llama_llama_4_scout_17b_16e_instruct,GA_ADAPTIVE,string_category,other,7,True,True,['blr'],0.0,other,0,80,0.00015037506818771362
meta_llama_llama_4_scout_17b_16e_instruct,GA_ADAPTIVE,string_category,other,8,True,True,['szUl'],0.0,other,0,80,0.00015420804265886545
meta_llama_llama_4_scout_17b_16e_instruct,GA_ADAPTIVE,string_category,other,9,True,True,['y5zp'],0.0,other,0,80,0.00015179207548499107
meta_llama_llama_4_scout_17b_16e_instruct,GA_ADAPTIVE,string_category,other,10,True,True,['pjI5'],0.0,other,0,80,0.00015766697470098734
meta_llama_llama_4_scout_17b_16e_instruct,GA_ADAPTIVE,string_category,other,11,True,True,['06Vl'],0.0,other,0,80,0.00015487498603761196
meta_llama_llama_4_scout_17b_16e_instruct,GA_ADAPTIVE,string_category,other,12,True,True,['N7'],0.0,other,0,80,0.00015579198952764273
meta_llama_llama_4_scout_17b_16e_instruct,GA_ADAPTIVE,string_category,other,13,True,True,['wZ'],0.0,other,0,80,0.00014908402226865292
meta_llama_llama_4_scout_17b_16e_instruct,GA_ADAPTIVE,string_category,other,14,True,True,['mKW7'],0.0,other,0,80,0.00015304097905755043
meta_llama_llama_4_scout_17b_16e_instruct,GA_ADAPTIVE,string_category,other,15,True,True,['2LW6Y'],0.0,other,0,80,0.00015633401926606894
meta_llama_llama_4_scout_17b_16e_instruct,GA_ADAPTIVE,string_category,other,16,True,True,['kQ82g'],0.0,other,0,80,0.0001448750263080001
meta_llama_llama_4_scout_17b_16e_instruct,GA_ADAPTIVE,string_category,other,17,True,True,['G9Ep'],0.0,other,0,80,0.00014408398419618607
meta_llama_llama_4_scout_17b_16e_instruct,GA_ADAPTIVE,string_category,other,18,True,True,['1N'],0.0,other,0,80,0.00014820799697190523
meta_llama_llama_4_scout_17b_16e_instruct,GA_ADAPTIVE,string_category,other,19,True,True,['R74H'],0.0,other,0,80,0.000152332941070199
meta_llama_llama_4_scout_17b_16e_instruct,GA_ADAPTIVE,string_category,other,20,True,True,['t8'],0.0,other,0,80,0.00015466695185750723
meta_llama_llama_4_scout_17b_16e_instruct,GA_ADAPTIVE,string_category,other,21,True,True,['cemv'],0.0,other,0,80,0.00015829200856387615
meta_llama_llama_4_scout_17b_16e_instruct,GA_ADAPTIVE,string_category,other,22,True,True,['wCfwK'],0.0,other,0,80,0.00014929205644875765
meta_llama_llama_4_scout_17b_16e_instruct,GA_ADAPTIVE,string_category,other,23,True,True,['ui'],0.0,other,0,80,0.00016062497161328793
meta_llama_llama_4_scout_17b_16e_instruct,GA_ADAPTIVE,string_category,other,24,True,True,['MW'],0.0,other,0,80,0.00015433295629918575
meta_llama_llama_4_scout_17b_16e_instruct,GA_ADAPTIVE,string_category,other,25,True,True,['V3xJ'],0.0,other,0,80,0.00015566602814942598
meta_llama_llama_4_scout_17b_16e_instruct,GA_ADAPTIVE,string_category,other,26,True,True,['yO'],0.0,other,0,80,0.0001562919933348894
meta_llama_llama_4_scout_17b_16e_instruct,GA_ADAPTIVE,string_category,other,27,True,True,['Wxsbb'],0.0,other,0,80,0.0001549581065773964
meta_llama_llama_4_scout_17b_16e_instruct,GA_ADAPTIVE,string_category,other,28,True,True,['gVwv1'],0.0,other,0,80,0.00014812499284744263
meta_llama_llama_4_scout_17b_16e_instruct,GA_ADAPTIVE,string_category,other,29,True,True,['iVy'],0.0,other,0,80,0.00014720798935741186
