model,method,function_name,target,run_id,found,validated,best_chromosome,best_fitness,reached_branch,generation,evaluations,runtime
no_semantic_meta_llama_llama_4_scout_17b_16e_instruct,GA_FIXED,bmi_category,invalid_height,0,False,False,,inf,,0,8080,0.03741812496446073
no_semantic_meta_llama_llama_4_scout_17b_16e_instruct,GA_FIXED,bmi_category,invalid_height,1,False,False,,inf,,0,8080,0.03663841600064188
no_semantic_meta_llama_llama_4_scout_17b_16e_instruct,GA_FIXED,bmi_category,invalid_height,2,False,False,,inf,,0,8080,0.03638120798859745
no_semantic_meta_llama_llama_4_scout_17b_16e_instruct,GA_FIXED,bmi_category,invalid_height,3,False,False,,inf,,0,8080,0.03632399998605251
no_semantic_meta_llama_llama_4_scout_17b_16e_instruct,GA_FIXED,bmi_category,invalid_height,4,False,False,,inf,,0,8080,0.036271374905481935
no_semantic_meta_llama_llama_4_scout_17b_16e_instruct,GA_FIXED,bmi_category,invalid_height,5,False,False,,inf,,0,8080,0.03661370894405991
no_semantic_meta_llama_llama_4_scout_17b_16e_instruct,GA_FIXED,bmi_category,invalid_height,6,False,False,,inf,,0,8080,0.036231915932148695
no_semantic_meta_llama_llama_4_scout_17b_16e_instruct,GA_FIXED,bmi_category,invalid_height,7,False,False,,inf,,0,8080,0.0366171250352636
no_semantic_meta_llama_llama_4_scout_17b_16e_instruct,GA_FIXED,bmi_category,invalid_height,8,False,False,,inf,,0,8080,0.036729375016875565
no_semantic_meta_llama_llama_4_scout_17b_16e_instruct,GA_FIXED,bmi_category,invalid_height,9,False,False,,inf,,0,8080,0.03633537492714822
no_semantic_meta_llama_llama_4_scout_17b_16e_instruct,GA_FIXED,bmi_category,invalid_height,10,False,False,,inf,,0,8080,0.03642045892775059
no_semantic_meta_llama_llama_4_scout_17b_16e_instruct,GA_FIXED,bmi_category,invalid_height,11,False,False,,inf,,0,8080,0.03639920800924301
no_semantic_meta_llama_llama_4_scout_17b_16e_instruct,GA_FIXED,bmi_category,invalid_height,12,False,False,,inf,,0,8080,0.036590624949894845
no_semantic_meta_llama_llama_4_scout_17b_16e_instruct,GA_FIXED,bmi_category,invalid_height,13,False,False,,inf,,0,8080,0.03652762505225837
no_semantic_meta_llama_llama_4_scout_17b_16e_instruct,GA_FIXED,bmi_category,invalid_height,14,False,False,,inf,,0,8080,0.037107166019268334
no_semantic_meta_llama_llama_4_scout_17b_16e_instruct,GA_FIXED,bmi_category,invalid_height,15,False,False,,inf,,0,8080,0.036928458022885025
no_semantic_meta_llama_llama_4_scout_17b_16e_instruct,GA_FIXED,bmi_category,invalid_height,16,False,False,,inf,,0,8080,0.03685779101215303
no_semantic_meta_llama_llama_4_scout_17b_16e_instruct,GA_FIXED,bmi_category,invalid_height,17,False,False,,inf,,0,8080,0.03660629200749099
no_semantic_meta_llama_llama_4_scout_17b_16e_instruct,GA_FIXED,bmi_category,invalid_height,18,False,False,,inf,,0,8080,0.03658483305480331
no_semantic_meta_llama_llama_4_scout_17b_16e_instruct,GA_FIXED,bmi_category,invalid_height,19,False,False,,inf,,0,8080,0.036692666937597096
no_semantic_meta_llama_llama_4_scout_17b_16e_instruct,GA_FIXED,bmi_category,invalid_height,20,False,False,,inf,,0,8080,0.03658791701309383
no_semantic_meta_llama_llama_4_scout_17b_16e_instruct,GA_FIXED,bmi_category,invalid_height,21,False,False,,inf,,0,8080,0.03651470807380974
no_semantic_meta_llama_llama_4_scout_17b_16e_instruct,GA_FIXED,bmi_category,invalid_height,22,False,False,,inf,,0,8080,0.0365389590151608
no_semantic_meta_llama_llama_4_scout_17b_16e_instruct,GA_FIXED,bmi_category,invalid_height,23,False,False,,inf,,0,8080,0.03621991700492799
no_semantic_meta_llama_llama_4_scout_17b_16e_instruct,GA_FIXED,bmi_category,invalid_height,24,False,False,,inf,,0,8080,0.0363876250339672
no_semantic_meta_llama_llama_4_scout_17b_16e_instruct,GA_FIXED,bmi_category,invalid_height,25,False,False,,inf,,0,8080,0.03618270892184228
no_semantic_meta_llama_llama_4_scout_17b_16e_instruct,GA_FIXED,bmi_category,invalid_height,26,False,False,,inf,,0,8080,0.03630549996159971
no_semantic_meta_llama_llama_4_scout_17b_16e_instruct,GA_FIXED,bmi_category,invalid_height,27,False,False,,inf,,0,8080,0.036232540966011584
no_semantic_meta_llama_llama_4_scout_17b_16e_instruct,GA_FIXED,bmi_category,invalid_height,28,False,False,,inf,,0,8080,0.03628237498924136
no_semantic_meta_llama_llama_4_scout_17b_16e_instruct,GA_FIXED,bmi_category,invalid_height,29,False,False,,inf,,0,8080,0.036271375021897256
no_semantic_meta_llama_llama_4_scout_17b_16e_instruct,GA_FIXED,bmi_category,underweight,0,False,False,,inf,,0,8080,0.0361734579782933
no_semantic_meta_llama_llama_4_scout_17b_16e_instruct,GA_FIXED,bmi_category,underweight,1,False,False,,inf,,0,8080,0.03622837504372001
no_semantic_meta_llama_llama_4_scout_17b_16e_instruct,GA_FIXED,bmi_category,underweight,2,False,False,,inf,,0,8080,0.03635729197412729
no_semantic_meta_llama_llama_4_scout_17b_16e_instruct,GA_FIXED,bmi_category,underweight,3,False,False,,inf,,0,8080,0.03637016599532217
no_semantic_meta_llama_llama_4_scout_17b_16e_instruct,GA_FIXED,bmi_category,underweight,4,False,False,,inf,,0,8080,0.03644895809702575
no_semantic_meta_llama_llama_4_scout_17b_16e_instruct,GA_FIXED,bmi_category,underweight,5,False,False,,inf,,0,8080,0.03627054102253169
no_semantic_meta_llama_llama_4_scout_17b_16e_instruct,GA_FIXED,bmi_category,underweight,6,False,False,,inf,,0,8080,0.03638666600454599
no_semantic_meta_llama_llama_4_scout_17b_16e_instruct,GA_FIXED,bmi_category,underweight,7,False,False,,inf,,0,8080,0.036344500025734305
no_semantic_meta_llama_llama_4_scout_17b_16e_instruct,GA_FIXED,bmi_category,underweight,8,False,False,,inf,,0,8080,0.03634779097046703
no_semantic_meta_llama_llama_4_scout_17b_16e_instruct,GA_FIXED,bmi_category,underweight,9,False,False,,inf,,0,8080,0.03643974999431521
no_semantic_meta_llama_llama_4_scout_17b_16e_instruct,GA_FIXED,bmi_category,underweight,10,False,False,,inf,,0,8080,0.036647040979005396
no_semantic_meta_llama_llama_4_scout_17b_16e_instruct,GA_FIXED,bmi_category,underweight,11,False,False,,inf,,0,8080,0.03659108397550881
no_semantic_meta_llama_llama_4_scout_17b_16e_instruct,GA_FIXED,bmi_category,underweight,12,False,False,,inf,,0,8080,0.03630445804446936
no_semantic_meta_llama_llama_4_scout_17b_16e_instruct,GA_FIXED,bmi_category,underweight,13,False,False,,inf,,0,8080,0.03620404202956706
no_semantic_meta_llama_llama_4_scout_17b_16e_instruct,GA_FIXED,bmi_category,underweight,14,False,False,,inf,,0,8080,0.03666629095096141
no_semantic_meta_llama_llama_4_scout_17b_16e_instruct,GA_FIXED,bmi_category,underweight,15,False,False,,inf,,0,8080,0.03668300004210323
no_semantic_meta_llama_llama_4_scout_17b_16e_instruct,GA_FIXED,bmi_category,underweight,16,False,False,,inf,,0,8080,0.03664041601587087
no_semantic_meta_llama_llama_4_scout_17b_16e_instruct,GA_FIXED,bmi_category,underweight,17,False,False,,inf,,0,8080,0.03655462502501905
no_semantic_meta_llama_llama_4_scout_17b_16e_instruct,GA_FIXED,bmi_category,underweight,18,False,False,,inf,,0,8080,0.03624249994754791
no_semantic_meta_llama_llama_4_scout_17b_16e_instruct,GA_FIXED,bmi_category,underweight,19,False,False,,inf,,0,8080,0.03639920800924301
no_semantic_meta_llama_llama_4_scout_17b_16e_instruct,GA_FIXED,bmi_category,underweight,20,False,False,,inf,,0,8080,0.03659608296584338
no_semantic_meta_llama_llama_4_scout_17b_16e_instruct,GA_FIXED,bmi_category,underweight,21,False,False,,inf,,0,8080,0.03619379200972617
no_semantic_meta_llama_llama_4_scout_17b_16e_instruct,GA_FIXED,bmi_category,underweight,22,False,False,,inf,,0,8080,0.03621808299794793
no_semantic_meta_llama_llama_4_scout_17b_16e_instruct,GA_FIXED,bmi_category,underweight,23,False,False,,inf,,0,8080,0.036143540986813605
no_semantic_meta_llama_llama_4_scout_17b_16e_instruct,GA_FIXED,bmi_category,underweight,24,False,False,,inf,,0,8080,0.03604270797222853
no_semantic_meta_llama_llama_4_scout_17b_16e_instruct,GA_FIXED,bmi_category,underweight,25,False,False,,inf,,0,8080,0.0361342920223251
no_semantic_meta_llama_llama_4_scout_17b_16e_instruct,GA_FIXED,bmi_category,underweight,26,False,False,,inf,,0,8080,0.03609887498896569
no_semantic_meta_llama_llama_4_scout_17b_16e_instruct,GA_FIXED,bmi_category,underweight,27,False,False,,inf,,0,8080,0.03644020890351385
no_semantic_meta_llama_llama_4_scout_17b_16e_instruct,GA_FIXED,bmi_category,underweight,28,False,False,,inf,,0,8080,0.036342374980449677
no_semantic_meta_llama_llama_4_scout_17b_16e_instruct,GA_FIXED,bmi_category,underweight,29,False,False,,inf,,0,8080,0.03692608291748911
no_semantic_meta_llama_llama_4_scout_17b_16e_instruct,GA_FIXED,bmi_category,normal,0,False,False,,inf,,0,8080,0.03702220891136676
no_semantic_meta_llama_llama_4_scout_17b_16e_instruct,GA_FIXED,bmi_category,normal,1,False,False,,inf,,0,8080,0.036519084009341896
no_semantic_meta_llama_llama_4_scout_17b_16e_instruct,GA_FIXED,bmi_category,normal,2,False,False,,inf,,0,8080,0.03624383301939815
no_semantic_meta_llama_llama_4_scout_17b_16e_instruct,GA_FIXED,bmi_category,normal,3,False,False,,inf,,0,8080,0.03620849992148578
no_semantic_meta_llama_llama_4_scout_17b_16e_instruct,GA_FIXED,bmi_category,normal,4,False,False,,inf,,0,8080,0.03609449998475611
no_semantic_meta_llama_llama_4_scout_17b_16e_instruct,GA_FIXED,bmi_category,normal,5,False,False,,inf,,0,8080,0.03616366605274379
no_semantic_meta_llama_llama_4_scout_17b_16e_instruct,GA_FIXED,bmi_category,normal,6,False,False,,inf,,0,8080,0.03631208301521838
no_semantic_meta_llama_llama_4_scout_17b_16e_instruct,GA_FIXED,bmi_category,normal,7,False,False,,inf,,0,8080,0.036381958052515984
no_semantic_meta_llama_llama_4_scout_17b_16e_instruct,GA_FIXED,bmi_category,normal,8,False,False,,inf,,0,8080,0.036357957986183465
no_semantic_meta_llama_llama_4_scout_17b_16e_instruct,GA_FIXED,bmi_category,normal,9,False,False,,inf,,0,8080,0.041107083088718355
no_semantic_meta_llama_llama_4_scout_17b_16e_instruct,GA_FIXED,bmi_category,normal,10,False,False,,inf,,0,8080,0.037056082976050675
no_semantic_meta_llama_llama_4_scout_17b_16e_instruct,GA_FIXED,bmi_category,normal,11,False,False,,inf,,0,8080,0.03737433301284909
no_semantic_meta_llama_llama_4_scout_17b_16e_instruct,GA_FIXED,bmi_category,normal,12,False,False,,inf,,0,8080,0.03689283295534551
no_semantic_meta_llama_llama_4_scout_17b_16e_instruct,GA_FIXED,bmi_category,normal,13,False,False,,inf,,0,8080,0.03666999994311482
no_semantic_meta_llama_llama_4_scout_17b_16e_instruct,GA_FIXED,bmi_category,normal,14,False,False,,inf,,0,8080,0.03703387500718236
no_semantic_meta_llama_llama_4_scout_17b_16e_instruct,GA_FIXED,bmi_category,normal,15,False,False,,inf,,0,8080,0.03693433303851634
no_semantic_meta_llama_llama_4_scout_17b_16e_instruct,GA_FIXED,bmi_category,normal,16,False,False,,inf,,0,8080,0.03706579201389104
no_semantic_meta_llama_llama_4_scout_17b_16e_instruct,GA_FIXED,bmi_category,normal,17,False,False,,inf,,0,8080,0.03653749998193234
no_semantic_meta_llama_llama_4_scout_17b_16e_instruct,GA_FIXED,bmi_category,normal,18,False,False,,inf,,0,8080,0.03671720891725272
no_semantic_meta_llama_llama_4_scout_17b_16e_instruct,GA_FIXED,bmi_category,normal,19,False,False,,inf,,0,8080,0.03684658301062882
no_semantic_meta_llama_llama_4_scout_17b_16e_instruct,GA_FIXED,bmi_category,normal,20,False,False,,inf,,0,8080,0.036704166093841195
no_semantic_meta_llama_llama_4_scout_17b_16e_instruct,GA_FIXED,bmi_category,normal,21,False,False,,inf,,0,8080,0.036761875031515956
no_semantic_meta_llama_llama_4_scout_17b_16e_instruct,GA_FIXED,bmi_category,normal,22,False,False,,inf,,0,8080,0.036783707910217345
no_semantic_meta_llama_llama_4_scout_17b_16e_instruct,GA_FIXED,bmi_category,normal,23,False,False,,inf,,0,8080,0.0366958329686895
no_semantic_meta_llama_llama_4_scout_17b_16e_instruct,GA_FIXED,bmi_category,normal,24,False,False,,inf,,0,8080,0.03675087506417185
no_semantic_meta_llama_llama_4_scout_17b_16e_instruct,GA_FIXED,bmi_category,normal,25,False,False,,inf,,0,8080,0.0366767089581117
no_semantic_meta_llama_llama_4_scout_17b_16e_instruct,GA_FIXED,bmi_category,normal,26,False,False,,inf,,0,8080,0.037085208925418556
no_semantic_meta_llama_llama_4_scout_17b_16e_instruct,GA_FIXED,bmi_category,normal,27,False,False,,inf,,0,8080,0.036879500024951994
no_semantic_meta_llama_llama_4_scout_17b_16e_instruct,GA_FIXED,bmi_category,normal,28,False,False,,inf,,0,8080,0.036872708005830646
no_semantic_meta_llama_llama_4_scout_17b_16e_instruct,GA_FIXED,bmi_category,normal,29,False,False,,inf,,0,8080,0.03688720799982548
no_semantic_meta_llama_llama_4_scout_17b_16e_instruct,GA_FIXED,bmi_category,overweight,0,False,False,,inf,,0,8080,0.036610167007893324
no_semantic_meta_llama_llama_4_scout_17b_16e_instruct,GA_FIXED,bmi_category,overweight,1,False,False,,inf,,0,8080,0.036410334054380655
no_semantic_meta_llama_llama_4_scout_17b_16e_instruct,GA_FIXED,bmi_category,overweight,2,False,False,,inf,,0,8080,0.03653291705995798
no_semantic_meta_llama_llama_4_scout_17b_16e_instruct,GA_FIXED,bmi_category,overweight,3,False,False,,inf,,0,8080,0.0367969999788329
no_semantic_meta_llama_llama_4_scout_17b_16e_instruct,GA_FIXED,bmi_category,overweight,4,False,False,,inf,,0,8080,0.03731095907278359
no_semantic_meta_llama_llama_4_scout_17b_16e_instruct,GA_FIXED,bmi_category,overweight,5,False,False,,inf,,0,8080,0.036770832957699895
no_semantic_meta_llama_llama_4_scout_17b_16e_instruct,GA_FIXED,bmi_category,overweight,6,False,False,,inf,,0,8080,0.03678383305668831
no_semantic_meta_llama_llama_4_scout_17b_16e_instruct,GA_FIXED,bmi_category,overweight,7,False,False,,inf,,0,8080,0.03673512500245124
no_semantic_meta_llama_llama_4_scout_17b_16e_instruct,GA_FIXED,bmi_category,overweight,8,False,False,,inf,,0,8080,0.03636654105503112
no_semantic_meta_llama_llama_4_scout_17b_16e_instruct,GA_FIXED,bmi_category,overweight,9,False,False,,inf,,0,8080,0.0362655830103904
no_semantic_meta_llama_llama_4_scout_17b_16e_instruct,GA_FIXED,bmi_category,overweight,10,False,False,,inf,,0,8080,0.03625066706445068
no_semantic_meta_llama_llama_4_scout_17b_16e_instruct,GA_FIXED,bmi_category,overweight,11,False,False,,inf,,0,8080,0.03626620792783797
no_semantic_meta_llama_llama_4_scout_17b_16e_instruct,GA_FIXED,bmi_category,overweight,12,False,False,,inf,,0,8080,0.036298332968726754
no_semantic_meta_llama_llama_4_scout_17b_16e_instruct,GA_FIXED,bmi_category,overweight,13,False,False,,inf,,0,8080,0.036471541970968246
no_semantic_meta_llama_llama_4_scout_17b_16e_instruct,GA_FIXED,bmi_category,overweight,14,False,False,,inf,,0,8080,0.03651174996048212
no_semantic_meta_llama_llama_4_scout_17b_16e_instruct,GA_FIXED,bmi_category,overweight,15,False,False,,inf,,0,8080,0.03641820896882564
no_semantic_meta_llama_llama_4_scout_17b_16e_instruct,GA_FIXED,bmi_category,overweight,16,False,False,,inf,,0,8080,0.03629037493374199
no_semantic_meta_llama_llama_4_scout_17b_16e_instruct,GA_FIXED,bmi_category,overweight,17,False,False,,inf,,0,8080,0.036443375051021576
no_semantic_meta_llama_llama_4_scout_17b_16e_instruct,GA_FIXED,bmi_category,overweight,18,False,False,,inf,,0,8080,0.03619474999140948
no_semantic_meta_llama_llama_4_scout_17b_16e_instruct,GA_FIXED,bmi_category,overweight,19,False,False,,inf,,0,8080,0.03674779203720391
no_semantic_meta_llama_llama_4_scout_17b_16e_instruct,GA_FIXED,bmi_category,overweight,20,False,False,,inf,,0,8080,0.03666495799552649
no_semantic_meta_llama_llama_4_scout_17b_16e_instruct,GA_FIXED,bmi_category,overweight,21,False,False,,inf,,0,8080,0.03658725006971508
no_semantic_meta_llama_llama_4_scout_17b_16e_instruct,GA_FIXED,bmi_category,overweight,22,False,False,,inf,,0,8080,0.03657150000799447
no_semantic_meta_llama_llama_4_scout_17b_16e_instruct,GA_FIXED,bmi_category,overweight,23,False,False,,inf,,0,8080,0.03615341696422547
no_semantic_meta_llama_llama_4_scout_17b_16e_instruct,GA_FIXED,bmi_category,overweight,24,False,False,,inf,,0,8080,0.03628762508742511
no_semantic_meta_llama_llama_4_scout_17b_16e_instruct,GA_FIXED,bmi_category,overweight,25,False,False,,inf,,0,8080,0.036391958012245595
no_semantic_meta_llama_llama_4_scout_17b_16e_instruct,GA_FIXED,bmi_category,overweight,26,False,False,,inf,,0,8080,0.036242458038032055
no_semantic_meta_llama_llama_4_scout_17b_16e_instruct,GA_FIXED,bmi_category,overweight,27,False,False,,inf,,0,8080,0.03637674998026341
no_semantic_meta_llama_llama_4_scout_17b_16e_instruct,GA_FIXED,bmi_category,overweight,28,False,False,,inf,,0,8080,0.036378958029672503
no_semantic_meta_llama_llama_4_scout_17b_16e_instruct,GA_FIXED,bmi_category,overweight,29,False,False,,inf,,0,8080,0.036247999989427626
no_semantic_meta_llama_llama_4_scout_17b_16e_instruct,GA_FIXED,bmi_category,obese,0,False,False,,inf,,0,8080,0.03640033304691315
no_semantic_meta_llama_llama_4_scout_17b_16e_instruct,GA_FIXED,bmi_category,obese,1,False,False,,inf,,0,8080,0.03619108395650983
no_semantic_meta_llama_llama_4_scout_17b_16e_instruct,GA_FIXED,bmi_category,obese,2,False,False,,inf,,0,8080,0.036504666903056204
no_semantic_meta_llama_llama_4_scout_17b_16e_instruct,GA_FIXED,bmi_category,obese,3,False,False,,inf,,0,8080,0.03637049999088049
no_semantic_meta_llama_llama_4_scout_17b_16e_instruct,GA_FIXED,bmi_category,obese,4,False,False,,inf,,0,8080,0.036300707957707345
no_semantic_meta_llama_llama_4_scout_17b_16e_instruct,GA_FIXED,bmi_category,obese,5,False,False,,inf,,0,8080,0.03649479104205966
no_semantic_meta_llama_llama_4_scout_17b_16e_instruct,GA_FIXED,bmi_category,obese,6,False,False,,inf,,0,8080,0.03635270905215293
no_semantic_meta_llama_llama_4_scout_17b_16e_instruct,GA_FIXED,bmi_category,obese,7,False,False,,inf,,0,8080,0.0363728340016678
no_semantic_meta_llama_llama_4_scout_17b_16e_instruct,GA_FIXED,bmi_category,obese,8,False,False,,inf,,0,8080,0.03634250001050532
no_semantic_meta_llama_llama_4_scout_17b_16e_instruct,GA_FIXED,bmi_category,obese,9,False,False,,inf,,0,8080,0.03639954107347876
no_semantic_meta_llama_llama_4_scout_17b_16e_instruct,GA_FIXED,bmi_category,obese,10,False,False,,inf,,0,8080,0.0362712909700349
no_semantic_meta_llama_llama_4_scout_17b_16e_instruct,GA_FIXED,bmi_category,obese,11,False,False,,inf,,0,8080,0.03639608295634389
no_semantic_meta_llama_llama_4_scout_17b_16e_instruct,GA_FIXED,bmi_category,obese,12,False,False,,inf,,0,8080,0.036310666939243674
no_semantic_meta_llama_llama_4_scout_17b_16e_instruct,GA_FIXED,bmi_category,obese,13,False,False,,inf,,0,8080,0.03632470907177776
no_semantic_meta_llama_llama_4_scout_17b_16e_instruct,GA_FIXED,bmi_category,obese,14,False,False,,inf,,0,8080,0.03629579197149724
no_semantic_meta_llama_llama_4_scout_17b_16e_instruct,GA_FIXED,bmi_category,obese,15,False,False,,inf,,0,8080,0.0362791660008952
no_semantic_meta_llama_llama_4_scout_17b_16e_instruct,GA_FIXED,bmi_category,obese,16,False,False,,inf,,0,8080,0.03636062506120652
no_semantic_meta_llama_llama_4_scout_17b_16e_instruct,GA_FIXED,bmi_category,obese,17,False,False,,inf,,0,8080,0.03639712498988956
no_semantic_meta_llama_llama_4_scout_17b_16e_instruct,GA_FIXED,bmi_category,obese,18,False,False,,inf,,0,8080,0.0362155829789117
no_semantic_meta_llama_llama_4_scout_17b_16e_instruct,GA_FIXED,bmi_category,obese,19,False,False,,inf,,0,8080,0.036357374978251755
no_semantic_meta_llama_llama_4_scout_17b_16e_instruct,GA_FIXED,bmi_category,obese,20,False,False,,inf,,0,8080,0.03637187497224659
no_semantic_meta_llama_llama_4_scout_17b_16e_instruct,GA_FIXED,bmi_category,obese,21,False,False,,inf,,0,8080,0.03633062494918704
no_semantic_meta_llama_llama_4_scout_17b_16e_instruct,GA_FIXED,bmi_category,obese,22,False,False,,inf,,0,8080,0.03632820793427527
no_semantic_meta_llama_llama_4_scout_17b_16e_instruct,GA_FIXED,bmi_category,obese,23,False,False,,inf,,0,8080,0.036321333958767354
no_semantic_meta_llama_llama_4_scout_17b_16e_instruct,GA_FIXED,bmi_category,obese,24,False,False,,inf,,0,8080,0.036480250069871545
no_semantic_meta_llama_llama_4_scout_17b_16e_instruct,GA_FIXED,bmi_category,obese,25,False,False,,inf,,0,8080,0.03634645801503211
no_semantic_meta_llama_llama_4_scout_17b_16e_instruct,GA_FIXED,bmi_category,obese,26,False,False,,inf,,0,8080,0.03633812500629574
no_semantic_meta_llama_llama_4_scout_17b_16e_instruct,GA_FIXED,bmi_category,obese,27,False,False,,inf,,0,8080,0.03643087507225573
no_semantic_meta_llama_llama_4_scout_17b_16e_instruct,GA_FIXED,bmi_category,obese,28,False,False,,inf,,0,8080,0.03598358400631696
no_semantic_meta_llama_llama_4_scout_17b_16e_instruct,GA_FIXED,bmi_category,obese,29,False,False,,inf,,0,8080,0.03613041702192277
no_semantic_meta_llama_llama_4_scout_17b_16e_instruct,GA_FIXED,list_pattern,too_short,0,True,True,[[]],0.0,too_short,0,80,0.00014466699212789536
no_semantic_meta_llama_llama_4_scout_17b_16e_instruct,GA_FIXED,list_pattern,too_short,1,True,True,[[29]],0.0,too_short,0,80,0.00013812503311783075
no_semantic_meta_llama_llama_4_scout_17b_16e_instruct,GA_FIXED,list_pattern,too_short,2,True,True,[[]],0.0,too_short,0,80,0.00013283302541822195
no_semantic_meta_llama_llama_4_scout_17b_16e_instruct,GA_FIXED,list_pattern,too_short,3,True,True,[[]],0.0,too_short,0,80,0.00011812499724328518
no_semantic_meta_llama_llama_4_scout_17b_16e_instruct,GA_FIXED,list_pattern,too_short,4,True,True,[[]],0.0,too_short,0,80,0.00012912508100271225
no_semantic_meta_llama_llama_4_scout_17b_16e_instruct,GA_FIXED,list_pattern,too_short,5,True,True,[[-30]],0.0,too_short,0,80,0.00013308296911418438
no_semantic_meta_llama_llama_4_scout_17b_16e_instruct,GA_FIXED,list_pattern,too_short,6,True,True,[[]],0.0,too_short,0,80,0.00012708303984254599
no_semantic_meta_llama_llama_4_scout_17b_16e_instruct,GA_FIXED,list_pattern,too_short,7,True,True,[[32]],0.0,too_short,0,80,0.00012600002810359
no_semantic_meta_llama_llama_4_scout_17b_16e_instruct,GA_FIXED,list_pattern,too_short,8,True,True,[[-52]],0.0,too_short,0,80,0.0001282920129597187
no_semantic_meta_llama_llama_4_scout_17b_16e_instruct,GA_FIXED,list_pattern,too_short,9,True,True,[[19]],0.0,too_short,0,80,0.00012750003952533007
no_semantic_meta_llama_llama_4_scout_17b_16e_instruct,GA_FIXED,list_pattern,too_short,10,True,True,[[]],0.0,too_short,0,80,0.00012995803263038397
no_semantic_meta_llama_llama_4_scout_17b_16e_instruct,GA_FIXED,list_pattern,too_short,11,True,True,[[61]],0.0,too_short,0,80,0.00012187508400529623
no_semantic_meta_llama_llama_4_scout_17b_16e_instruct,GA_FIXED,list_pattern,too_short,12,True,True,[[70]],0.0,too_short,0,80,0.00012762495316565037
no_semantic_meta_llama_llama_4_scout_17b_16e_instruct,GA_FIXED,list_pattern,too_short,13,True,True,[[]],0.0,too_short,0,80,0.0001356248976662755
no_semantic_meta_llama_llama_4_scout_17b_16e_instruct,GA_FIXED,list_pattern,too_short,14,True,True,[[13]],0.0,too_short,0,80,0.00012425007298588753
no_semantic_meta_llama_llama_4_scout_17b_16e_instruct,GA_FIXED,list_pattern,too_short,15,True,True,[[73]],0.0,too_short,0,80,0.0001367080258205533
no_semantic_meta_llama_llama_4_scout_17b_16e_instruct,GA_FIXED,list_pattern,too_short,16,True,True,[[]],0.0,too_short,0,80,0.0001289999345317483
no_semantic_meta_llama_llama_4_scout_17b_16e_instruct,GA_FIXED,list_pattern,too_short,17,True,True,[[-60]],0.0,too_short,0,80,0.00012233294546604156
no_semantic_meta_llama_llama_4_scout_17b_16e_instruct,GA_FIXED,list_pattern,too_short,18,True,True,[[]],0.0,too_short,0,80,0.00012662506196647882
no_semantic_meta_llama_llama_4_scout_17b_16e_instruct,GA_FIXED,list_pattern,too_short,19,True,True,[[]],0.0,too_short,0,80,0.00012275006156414747
no_semantic_meta_llama_llama_4_scout_17b_16e_instruct,GA_FIXED,list_pattern,too_short,20,True,True,[[]],0.0,too_short,0,80,0.00012591690756380558
no_semantic_meta_llama_llama_4_scout_17b_16e_instruct,GA_FIXED,list_pattern,too_short,21,True,True,[[-93]],0.0,too_short,0,80,0.00013570801820605993
no_semantic_meta_llama_llama_4_scout_17b_16e_instruct,GA_FIXED,list_pattern,too_short,22,True,True,[[]],0.0,too_short,0,80,0.00013270799536257982
no_semantic_meta_llama_llama_4_scout_17b_16e_instruct,GA_FIXED,list_pattern,too_short,23,True,True,[[]],0.0,too_short,0,80,0.00012929202057421207
no_semantic_meta_llama_llama_4_scout_17b_16e_instruct,GA_FIXED,list_pattern,too_short,24,True,True,[[]],0.0,too_short,0,80,0.00013325002510100603
no_semantic_meta_llama_llama_4_scout_17b_16e_instruct,GA_FIXED,list_pattern,too_short,25,True,True,[[]],0.0,too_short,0,80,0.0001230830093845725
no_semantic_meta_llama_llama_4_scout_17b_16e_instruct,GA_FIXED,list_pattern,too_short,26,True,True,[[29]],0.0,too_short,0,80,0.00012833299115300179
no_semantic_meta_llama_llama_4_scout_17b_16e_instruct,GA_FIXED,list_pattern,too_short,27,True,True,[[]],0.0,too_short,0,80,0.00011908297892659903
no_semantic_meta_llama_llama_4_scout_17b_16e_instruct,GA_FIXED,list_pattern,too_short,28,True,True,[[17]],0.0,too_short,0,80,0.00013691699132323265
no_semantic_meta_llama_llama_4_scout_17b_16e_instruct,GA_FIXED,list_pattern,too_short,29,True,True,[[]],0.0,too_short,0,80,0.0001242499565705657
no_semantic_meta_llama_llama_4_scout_17b_16e_instruct,GA_FIXED,list_pattern,sorted_unique,0,True,True,"[[5, 8]]",0.0,sorted_unique,0,80,0.00013129098806530237
no_semantic_meta_llama_llama_4_scout_17b_16e_instruct,GA_FIXED,list_pattern,sorted_unique,1,True,True,"[[8, 43]]",0.0,sorted_unique,0,80,0.00012516696006059647
no_semantic_meta_llama_llama_4_scout_17b_16e_instruct,GA_FIXED,list_pattern,sorted_unique,2,True,True,"[[2, 64, 83, 96]]",0.0,sorted_unique,0,80,0.0001307500060647726
no_semantic_meta_llama_llama_4_scout_17b_16e_instruct,GA_FIXED,list_pattern,sorted_unique,3,True,True,"[[-27, -25, 77]]",0.0,sorted_unique,0,80,0.00012383307330310345
no_semantic_meta_llama_llama_4_scout_17b_16e_instruct,GA_FIXED,list_pattern,sorted_unique,4,True,True,"[[64, 99]]",0.0,sorted_unique,0,80,0.0001152910990640521
no_semantic_meta_llama_llama_4_scout_17b_16e_instruct,GA_FIXED,list_pattern,sorted_unique,5,True,True,"[[-98, 18]]",0.0,sorted_unique,0,80,0.00012229196727275848
no_semantic_meta_llama_llama_4_scout_17b_16e_instruct,GA_FIXED,list_pattern,sorted_unique,6,True,True,"[[-5, 51]]",0.0,sorted_unique,0,80,0.00012329197488725185
no_semantic_meta_llama_llama_4_scout_17b_16e_instruct,GA_FIXED,list_pattern,sorted_unique,7,True,True,"[[-54, 8]]",0.0,sorted_unique,0,80,0.00012658396735787392
no_semantic_meta_llama_llama_4_scout_17b_16e_instruct,GA_FIXED,list_pattern,sorted_unique,8,True,True,"[[-6, 81]]",0.0,sorted_unique,0,80,0.00011841708328574896
no_semantic_meta_llama_llama_4_scout_17b_16e_instruct,GA_FIXED,list_pattern,sorted_unique,9,True,True,"[[-20, 69]]",0.0,sorted_unique,0,80,0.0001793750561773777
no_semantic_meta_llama_llama_4_scout_17b_16e_instruct,GA_FIXED,list_pattern,sorted_unique,10,True,True,"[[-75, -1]]",0.0,sorted_unique,0,80,0.00012720806989818811
no_semantic_meta_llama_llama_4_scout_17b_16e_instruct,GA_FIXED,list_pattern,sorted_unique,11,True,True,"[[20, 42]]",0.0,sorted_unique,0,80,0.00013666704762727022
no_semantic_meta_llama_llama_4_scout_17b_16e_instruct,GA_FIXED,list_pattern,sorted_unique,12,True,True,"[[-75, -55]]",0.0,sorted_unique,0,80,0.00012512505054473877
no_semantic_meta_llama_llama_4_scout_17b_16e_instruct,GA_FIXED,list_pattern,sorted_unique,13,True,True,"[[-15, 75]]",0.0,sorted_unique,0,80,0.0001276669790968299
no_semantic_meta_llama_llama_4_scout_17b_16e_instruct,GA_FIXED,list_pattern,sorted_unique,14,True,True,"[[-73, -42]]",0.0,sorted_unique,0,80,0.0001325419871136546
no_semantic_meta_llama_llama_4_scout_17b_16e_instruct,GA_FIXED,list_pattern,sorted_unique,15,True,True,"[[59, 93]]",0.0,sorted_unique,0,80,0.00012391700875014067
no_semantic_meta_llama_llama_4_scout_17b_16e_instruct,GA_FIXED,list_pattern,sorted_unique,16,True,True,"[[-84, 90]]",0.0,sorted_unique,0,80,0.00013375002890825272
no_semantic_meta_llama_llama_4_scout_17b_16e_instruct,GA_FIXED,list_pattern,sorted_unique,17,True,True,"[[-39, 13]]",0.0,sorted_unique,0,80,0.00012599991168826818
no_semantic_meta_llama_llama_4_scout_17b_16e_instruct,GA_FIXED,list_pattern,sorted_unique,18,True,True,"[[-28, -9, 13]]",0.0,sorted_unique,0,80,0.00012270803563296795
no_semantic_meta_llama_llama_4_scout_17b_16e_instruct,GA_FIXED,list_pattern,sorted_unique,19,True,True,"[[52, 57]]",0.0,sorted_unique,0,80,0.00013504200614988804
no_semantic_meta_llama_llama_4_scout_17b_16e_instruct,GA_FIXED,list_pattern,sorted_unique,20,True,True,"[[-58, -37, 62]]",0.0,sorted_unique,0,80,0.00013466703239828348
no_semantic_meta_llama_llama_4_scout_17b_16e_instruct,GA_FIXED,list_pattern,sorted_unique,21,True,True,"[[0, 35, 96]]",0.0,sorted_unique,0,80,0.00013066607061773539
no_semantic_meta_llama_llama_4_scout_17b_16e_instruct,GA_FIXED,list_pattern,sorted_unique,22,True,True,"[[-36, 17]]",0.0,sorted_unique,0,80,0.00012262491509318352
no_semantic_meta_llama_llama_4_scout_17b_16e_instruct,GA_FIXED,list_pattern,sorted_unique,23,True,True,"[[-60, 99]]",0.0,sorted_unique,0,80,0.00012787501327693462
no_semantic_meta_llama_llama_4_scout_17b_16e_instruct,GA_FIXED,list_pattern,sorted_unique,24,True,True,"[[21, 36, 80]]",0.0,sorted_unique,0,80,0.00011929194442927837
no_semantic_meta_llama_llama_4_scout_17b_16e_instruct,GA_FIXED,list_pattern,sorted_unique,25,True,True,"[[-54, -53, -42, 100]]",0.0,sorted_unique,0,80,0.00012466695625334978
no_semantic_meta_llama_llama_4_scout_17b_16e_instruct,GA_FIXED,list_pattern,sorted_unique,26,True,True,"[[-51, 99]]",0.0,sorted_unique,0,80,0.0001300419680774212
no_semantic_meta_llama_llama_4_scout_17b_16e_instruct,GA_FIXED,list_pattern,sorted_unique,27,True,True,"[[-69, 50, 99]]",0.0,sorted_unique,0,80,0.000125208985991776
no_semantic_meta_llama_llama_4_scout_17b_16e_instruct,GA_FIXED,list_pattern,sorted_unique,28,True,True,"[[61, 96]]",0.0,sorted_unique,0,80,0.00011570798233151436
no_semantic_meta_llama_llama_4_scout_17b_16e_instruct,GA_FIXED,list_pattern,sorted_unique,29,True,True,"[[-83, 64]]",0.0,sorted_unique,0,80,0.00012170802801847458
no_semantic_meta_llama_llama_4_scout_17b_16e_instruct,GA_FIXED,list_pattern,sorted_with_duplicates,0,True,True,"[[-49, -49, -45, -44]]",0.0,sorted_with_duplicates,38,3120,0.015288042020983994
no_semantic_meta_llama_llama_4_scout_17b_16e_instruct,GA_FIXED,list_pattern,sorted_with_duplicates,1,True,True,"[[-53, 96, 96]]",0.0,sorted_with_duplicates,0,80,0.00012562505435198545
no_semantic_meta_llama_llama_4_scout_17b_16e_instruct,GA_FIXED,list_pattern,sorted_with_duplicates,2,True,True,"[[-17, 75, 75]]",0.0,sorted_with_duplicates,0,80,0.00012808397877961397
no_semantic_meta_llama_llama_4_scout_17b_16e_instruct,GA_FIXED,list_pattern,sorted_with_duplicates,3,True,True,"[[-88, -88, -17, -5]]",0.0,sorted_with_duplicates,17,1440,0.007816625060513616
no_semantic_meta_llama_llama_4_scout_17b_16e_instruct,GA_FIXED,list_pattern,sorted_with_duplicates,4,True,True,"[[-80, -66, -14, 57, 57]]",0.0,sorted_with_duplicates,72,5840,0.030755291925743222
no_semantic_meta_llama_llama_4_scout_17b_16e_instruct,GA_FIXED,list_pattern,sorted_with_duplicates,5,True,True,"[[-49, -49]]",0.0,sorted_with_duplicates,23,1920,0.009501209016889334
no_semantic_meta_llama_llama_4_scout_17b_16e_instruct,GA_FIXED,list_pattern,sorted_with_duplicates,6,False,False,"[[5, -49, 64, -12, -88]]",1.0,,0,8080,0.04548199998680502
no_semantic_meta_llama_llama_4_scout_17b_16e_instruct,GA_FIXED,list_pattern,sorted_with_duplicates,7,True,True,"[[-91, -91]]",0.0,sorted_with_duplicates,6,560,0.002730917069129646
no_semantic_meta_llama_llama_4_scout_17b_16e_instruct,GA_FIXED,list_pattern,sorted_with_duplicates,8,True,True,"[[-77, -77]]",0.0,sorted_with_duplicates,3,320,0.0014360829954966903
no_semantic_meta_llama_llama_4_scout_17b_16e_instruct,GA_FIXED,list_pattern,sorted_with_duplicates,9,True,True,"[[56, 56]]",0.0,sorted_with_duplicates,43,3520,0.0180672500282526
no_semantic_meta_llama_llama_4_scout_17b_16e_instruct,GA_FIXED,list_pattern,sorted_with_duplicates,10,True,True,"[[-60, 29, 29]]",0.0,sorted_with_duplicates,0,80,0.00013025000225752592
no_semantic_meta_llama_llama_4_scout_17b_16e_instruct,GA_FIXED,list_pattern,sorted_with_duplicates,11,True,True,"[[-9, -9]]",0.0,sorted_with_duplicates,44,3600,0.02166187495458871
no_semantic_meta_llama_llama_4_scout_17b_16e_instruct,GA_FIXED,list_pattern,sorted_with_duplicates,12,True,True,"[[1, 1]]",0.0,sorted_with_duplicates,19,1600,0.008581541012972593
no_semantic_meta_llama_llama_4_scout_17b_16e_instruct,GA_FIXED,list_pattern,sorted_with_duplicates,13,True,True,"[[25, 25]]",0.0,sorted_with_duplicates,51,4160,0.03627387504093349
no_semantic_meta_llama_llama_4_scout_17b_16e_instruct,GA_FIXED,list_pattern,sorted_with_duplicates,14,True,True,"[[-82, -82]]",0.0,sorted_with_duplicates,0,80,0.00014283298514783382
no_semantic_meta_llama_llama_4_scout_17b_16e_instruct,GA_FIXED,list_pattern,sorted_with_duplicates,15,True,True,"[[-50, -50, -47]]",0.0,sorted_with_duplicates,10,880,0.0043493330013006926
no_semantic_meta_llama_llama_4_scout_17b_16e_instruct,GA_FIXED,list_pattern,sorted_with_duplicates,16,True,True,"[[25, 71, 85, 85]]",0.0,sorted_with_duplicates,20,1680,0.008663541986607015
no_semantic_meta_llama_llama_4_scout_17b_16e_instruct,GA_FIXED,list_pattern,sorted_with_duplicates,17,True,True,"[[27, 27]]",0.0,sorted_with_duplicates,34,2800,0.014666832983493805
no_semantic_meta_llama_llama_4_scout_17b_16e_instruct,GA_FIXED,list_pattern,sorted_with_duplicates,18,True,True,"[[48, 48]]",0.0,sorted_with_duplicates,26,2160,0.010784749989397824
no_semantic_meta_llama_llama_4_scout_17b_16e_instruct,GA_FIXED,list_pattern,sorted_with_duplicates,19,True,True,"[[-94, -91, -51, -51]]",0.0,sorted_with_duplicates,14,1200,0.006395083968527615
no_semantic_meta_llama_llama_4_scout_17b_16e_instruct,GA_FIXED,list_pattern,sorted_with_duplicates,20,True,True,"[[69, 69]]",0.0,sorted_with_duplicates,2,240,0.00098808400798589
no_semantic_meta_llama_llama_4_scout_17b_16e_instruct,GA_FIXED,list_pattern,sorted_with_duplicates,21,True,True,"[[85, 85]]",0.0,sorted_with_duplicates,68,5520,0.029773541959002614
no_semantic_meta_llama_llama_4_scout_17b_16e_instruct,GA_FIXED,list_pattern,sorted_with_duplicates,22,True,True,"[[-34, -34]]",0.0,sorted_with_duplicates,2,240,0.0009600409539416432
no_semantic_meta_llama_llama_4_scout_17b_16e_instruct,GA_FIXED,list_pattern,sorted_with_duplicates,23,True,True,"[[-92, 58, 58]]",0.0,sorted_with_duplicates,41,3360,0.018753541982732713
no_semantic_meta_llama_llama_4_scout_17b_16e_instruct,GA_FIXED,list_pattern,sorted_with_duplicates,24,True,True,"[[-82, 68, 68]]",0.0,sorted_with_duplicates,30,2480,0.012286999961361289
no_semantic_meta_llama_llama_4_scout_17b_16e_instruct,GA_FIXED,list_pattern,sorted_with_duplicates,25,True,True,"[[-98, -83, 16, 16, 42, 93]]",0.0,sorted_with_duplicates,0,80,0.00013629195746034384
no_semantic_meta_llama_llama_4_scout_17b_16e_instruct,GA_FIXED,list_pattern,sorted_with_duplicates,26,True,True,"[[57, 57]]",0.0,sorted_with_duplicates,4,400,0.0019355830736458302
no_semantic_meta_llama_llama_4_scout_17b_16e_instruct,GA_FIXED,list_pattern,sorted_with_duplicates,27,True,True,"[[6, 6]]",0.0,sorted_with_duplicates,68,5520,0.030033749993890524
no_semantic_meta_llama_llama_4_scout_17b_16e_instruct,GA_FIXED,list_pattern,sorted_with_duplicates,28,True,True,"[[-60, -60, 32]]",0.0,sorted_with_duplicates,26,2160,0.011056707939133048
no_semantic_meta_llama_llama_4_scout_17b_16e_instruct,GA_FIXED,list_pattern,sorted_with_duplicates,29,True,True,"[[89, 89]]",0.0,sorted_with_duplicates,44,3600,0.01813904196023941
no_semantic_meta_llama_llama_4_scout_17b_16e_instruct,GA_FIXED,list_pattern,unsorted_unique,0,True,True,"[[14, -43, -9, -13, 74]]",0.0,unsorted_unique,0,80,0.00013299996498972178
no_semantic_meta_llama_llama_4_scout_17b_16e_instruct,GA_FIXED,list_pattern,unsorted_unique,1,True,True,"[[94, -34]]",0.0,unsorted_unique,0,80,0.00012687500566244125
no_semantic_meta_llama_llama_4_scout_17b_16e_instruct,GA_FIXED,list_pattern,unsorted_unique,2,True,True,"[[-53, 15, 79, 14]]",0.0,unsorted_unique,0,80,0.00012820807751268148
no_semantic_meta_llama_llama_4_scout_17b_16e_instruct,GA_FIXED,list_pattern,unsorted_unique,3,True,True,"[[-25, -69, -94, -43, -77, -89]]",0.0,unsorted_unique,0,80,0.00014195905532687902
no_semantic_meta_llama_llama_4_scout_17b_16e_instruct,GA_FIXED,list_pattern,unsorted_unique,4,True,True,"[[-89, 88, 21, 50, -53, 53]]",0.0,unsorted_unique,0,80,0.00012929202057421207
no_semantic_meta_llama_llama_4_scout_17b_16e_instruct,GA_FIXED,list_pattern,unsorted_unique,5,True,True,"[[-20, -90, 20, 59, -51, 29]]",0.0,unsorted_unique,0,80,0.00014058302622288465
no_semantic_meta_llama_llama_4_scout_17b_16e_instruct,GA_FIXED,list_pattern,unsorted_unique,6,True,True,"[[-6, 45, -18]]",0.0,unsorted_unique,0,80,0.00012570805847644806
no_semantic_meta_llama_llama_4_scout_17b_16e_instruct,GA_FIXED,list_pattern,unsorted_unique,7,True,True,"[[-44, 2, 40, -69]]",0.0,unsorted_unique,0,80,0.0001248749904334545
no_semantic_meta_llama_llama_4_scout_17b_16e_instruct,GA_FIXED,list_pattern,unsorted_unique,8,True,True,"[[13, -93, -14, -52, 59, -84]]",0.0,unsorted_unique,0,80,0.0001353750703856349
no_semantic_meta_llama_llama_4_scout_17b_16e_instruct,GA_FIXED,list_pattern,unsorted_unique,9,True,True,"[[44, -73]]",0.0,unsorted_unique,0,80,0.00013633398339152336
no_semantic_meta_llama_llama_4_scout_17b_16e_instruct,GA_FIXED,list_pattern,unsorted_unique,10,True,True,"[[76, -11]]",0.0,unsorted_unique,0,80,0.00012566696386784315
no_semantic_meta_llama_llama_4_scout_17b_16e_instruct,GA_FIXED,list_pattern,unsorted_unique,11,True,True,"[[6, 14, 63, -28]]",0.0,unsorted_unique,0,80,0.00012679200153797865
no_semantic_meta_llama_llama_4_scout_17b_16e_instruct,GA_FIXED,list_pattern,unsorted_unique,12,True,True,"[[67, 45, 99]]",0.0,unsorted_unique,0,80,0.00012916699051856995
no_semantic_meta_llama_llama_4_scout_17b_16e_instruct,GA_FIXED,list_pattern,unsorted_unique,13,True,True,"[[-14, -12, 82, 48]]",0.0,unsorted_unique,0,80,0.00012587499804794788
no_semantic_meta_llama_llama_4_scout_17b_16e_instruct,GA_FIXED,list_pattern,unsorted_unique,14,True,True,"[[-53, -84, 45, -96, -51]]",0.0,unsorted_unique,0,80,0.00013270904310047626
no_semantic_meta_llama_llama_4_scout_17b_16e_instruct,GA_FIXED,list_pattern,unsorted_unique,15,True,True,"[[32, 97, 11]]",0.0,unsorted_unique,0,80,0.00013150006998330355
no_semantic_meta_llama_llama_4_scout_17b_16e_instruct,GA_FIXED,list_pattern,unsorted_unique,16,True,True,"[[24, 18]]",0.0,unsorted_unique,0,80,0.00013316702097654343
no_semantic_meta_llama_llama_4_scout_17b_16e_instruct,GA_FIXED,list_pattern,unsorted_unique,17,True,True,"[[-63, -100, 73, 85, 67, -51]]",0.0,unsorted_unique,0,80,0.0001372919650748372
no_semantic_meta_llama_llama_4_scout_17b_16e_instruct,GA_FIXED,list_pattern,unsorted_unique,18,True,True,"[[34, -83]]",0.0,unsorted_unique,0,80,0.0001267079496756196
no_semantic_meta_llama_llama_4_scout_17b_16e_instruct,GA_FIXED,list_pattern,unsorted_unique,19,True,True,"[[13, 91, 94, 34]]",0.0,unsorted_unique,0,80,0.00012304098345339298
no_semantic_meta_llama_llama_4_scout_17b_16e_instruct,GA_FIXED,list_pattern,unsorted_unique,20,True,True,"[[65, 81, -62, 7, -84]]",0.0,unsorted_unique,0,80,0.000130208907648921
no_semantic_meta_llama_llama_4_scout_17b_16e_instruct,GA_FIXED,list_pattern,unsorted_unique,21,True,True,"[[23, -20, -89]]",0.0,unsorted_unique,0,80,0.0001269590575248003
no_semantic_meta_llama_llama_4_scout_17b_16e_instruct,GA_FIXED,list_pattern,unsorted_unique,22,True,True,"[[19, -48, 95, 17, -49]]",0.0,unsorted_unique,0,80,0.0001294170506298542
no_semantic_meta_llama_llama_4_scout_17b_16e_instruct,GA_FIXED,list_pattern,unsorted_unique,23,True,True,"[[99, 56, 88, 45, -75]]",0.0,unsorted_unique,0,80,0.00013675005175173283
no_semantic_meta_llama_llama_4_scout_17b_16e_instruct,GA_FIXED,list_pattern,unsorted_unique,24,True,True,"[[-6, 17, -55]]",0.0,unsorted_unique,0,80,0.0001323750475421548
no_semantic_meta_llama_llama_4_scout_17b_16e_instruct,GA_FIXED,list_pattern,unsorted_unique,25,True,True,"[[24, 26, -86, -57]]",0.0,unsorted_unique,0,80,0.00011970801278948784
no_semantic_meta_llama_llama_4_scout_17b_16e_instruct,GA_FIXED,list_pattern,unsorted_unique,26,True,True,"[[64, 67, -16, -48]]",0.0,unsorted_unique,0,80,0.00013524992391467094
no_semantic_meta_llama_llama_4_scout_17b_16e_instruct,GA_FIXED,list_pattern,unsorted_unique,27,True,True,"[[-76, -42, -84, 34]]",0.0,unsorted_unique,0,80,0.00011974992230534554
no_semantic_meta_llama_llama_4_scout_17b_16e_instruct,GA_FIXED,list_pattern,unsorted_unique,28,True,True,"[[83, -11, 86]]",0.0,unsorted_unique,0,80,0.0001248749904334545
no_semantic_meta_llama_llama_4_scout_17b_16e_instruct,GA_FIXED,list_pattern,unsorted_unique,29,True,True,"[[67, -65]]",0.0,unsorted_unique,0,80,0.00012745801359415054
no_semantic_meta_llama_llama_4_scout_17b_16e_instruct,GA_FIXED,list_pattern,unsorted_with_duplicates,0,True,True,"[[88, -4, -68, -39, -68]]",0.0,unsorted_with_duplicates,0,80,0.00013479194603860378
no_semantic_meta_llama_llama_4_scout_17b_16e_instruct,GA_FIXED,list_pattern,unsorted_with_duplicates,1,True,True,"[[59, 89, 29, 32, 14, 59]]",0.0,unsorted_with_duplicates,0,80,0.00012441608123481274
no_semantic_meta_llama_llama_4_scout_17b_16e_instruct,GA_FIXED,list_pattern,unsorted_with_duplicates,2,True,True,"[[27, 29, 39, 97, 29, -75]]",0.0,unsorted_with_duplicates,0,80,0.00012137508019804955
no_semantic_meta_llama_llama_4_scout_17b_16e_instruct,GA_FIXED,list_pattern,unsorted_with_duplicates,3,True,True,"[[33, 60, -37, -33, -15, -33]]",0.0,unsorted_with_duplicates,0,80,0.0001253330847248435
no_semantic_meta_llama_llama_4_scout_17b_16e_instruct,GA_FIXED,list_pattern,unsorted_with_duplicates,4,True,True,"[[91, 7, -16, -87, 0, -87]]",0.0,unsorted_with_duplicates,0,80,0.00013183406554162502
no_semantic_meta_llama_llama_4_scout_17b_16e_instruct,GA_FIXED,list_pattern,unsorted_with_duplicates,5,True,True,"[[-18, 46, -3, 32, 32, 33]]",0.0,unsorted_with_duplicates,0,80,0.00012995896395295858
no_semantic_meta_llama_llama_4_scout_17b_16e_instruct,GA_FIXED,list_pattern,unsorted_with_duplicates,6,True,True,"[[-100, 80, 52, 52, 69]]",0.0,unsorted_with_duplicates,0,80,0.00013858301099389791
no_semantic_meta_llama_llama_4_scout_17b_16e_instruct,GA_FIXED,list_pattern,unsorted_with_duplicates,7,True,True,"[[-90, 70, -90, 53, -89]]",0.0,unsorted_with_duplicates,0,80,0.00012687500566244125
no_semantic_meta_llama_llama_4_scout_17b_16e_instruct,GA_FIXED,list_pattern,unsorted_with_duplicates,8,True,True,"[[-35, 10, 52, -34, 52]]",0.0,unsorted_with_duplicates,0,80,0.00013016699813306332
no_semantic_meta_llama_llama_4_scout_17b_16e_instruct,GA_FIXED,list_pattern,unsorted_with_duplicates,9,True,True,"[[-23, -87, -15, 17, -68, -68]]",0.0,unsorted_with_duplicates,0,80,0.00012345798313617706
no_semantic_meta_llama_llama_4_scout_17b_16e_instruct,GA_FIXED,list_pattern,unsorted_with_duplicates,10,True,True,"[[18, 6, 18]]",0.0,unsorted_with_duplicates,0,80,0.0001244159648194909
no_semantic_meta_llama_llama_4_scout_17b_16e_instruct,GA_FIXED,list_pattern,unsorted_with_duplicates,11,True,True,"[[-58, -57, 53, -58]]",0.0,unsorted_with_duplicates,0,80,0.0001332499086856842
no_semantic_meta_llama_llama_4_scout_17b_16e_instruct,GA_FIXED,list_pattern,unsorted_with_duplicates,12,True,True,"[[48, 34, 34, 91, -100, -29]]",0.0,unsorted_with_duplicates,0,80,0.00012316706124693155
no_semantic_meta_llama_llama_4_scout_17b_16e_instruct,GA_FIXED,list_pattern,unsorted_with_duplicates,13,True,True,"[[-76, 12, 95, 94, 43, 43]]",0.0,unsorted_with_duplicates,0,80,0.00012754090130329132
no_semantic_meta_llama_llama_4_scout_17b_16e_instruct,GA_FIXED,list_pattern,unsorted_with_duplicates,14,True,True,"[[83, -11, 74, 89, 83, -4]]",0.0,unsorted_with_duplicates,0,80,0.00012829096522182226
no_semantic_meta_llama_llama_4_scout_17b_16e_instruct,GA_FIXED,list_pattern,unsorted_with_duplicates,15,True,True,"[[72, 58, 15, 89, 72, -3]]",0.0,unsorted_with_duplicates,0,80,0.00012974999845027924
no_semantic_meta_llama_llama_4_scout_17b_16e_instruct,GA_FIXED,list_pattern,unsorted_with_duplicates,16,True,True,"[[-82, -10, -10, 66, -17]]",0.0,unsorted_with_duplicates,0,80,0.00013016699813306332
no_semantic_meta_llama_llama_4_scout_17b_16e_instruct,GA_FIXED,list_pattern,unsorted_with_duplicates,17,True,True,"[[-85, -11, -83, -11, -39]]",0.0,unsorted_with_duplicates,0,80,0.00013654190115630627
no_semantic_meta_llama_llama_4_scout_17b_16e_instruct,GA_FIXED,list_pattern,unsorted_with_duplicates,18,True,True,"[[42, 42, 80, -61, -12, 6]]",0.0,unsorted_with_duplicates,2,240,0.0010479160118848085
no_semantic_meta_llama_llama_4_scout_17b_16e_instruct,GA_FIXED,list_pattern,unsorted_with_duplicates,19,True,True,"[[12, 12, -67, 18]]",0.0,unsorted_with_duplicates,0,80,0.00013420800678431988
no_semantic_meta_llama_llama_4_scout_17b_16e_instruct,GA_FIXED,list_pattern,unsorted_with_duplicates,20,True,True,"[[52, -98, 25, 31, -23, 25]]",0.0,unsorted_with_duplicates,3,320,0.0013362090103328228
no_semantic_meta_llama_llama_4_scout_17b_16e_instruct,GA_FIXED,list_pattern,unsorted_with_duplicates,21,True,True,"[[46, 86, -9, 60, -9, 42]]",0.0,unsorted_with_duplicates,7,640,0.003080459078773856
no_semantic_meta_llama_llama_4_scout_17b_16e_instruct,GA_FIXED,list_pattern,unsorted_with_duplicates,22,True,True,"[[46, -7, 68, -81, 46]]",0.0,unsorted_with_duplicates,0,80,0.00013216701336205006
no_semantic_meta_llama_llama_4_scout_17b_16e_instruct,GA_FIXED,list_pattern,unsorted_with_duplicates,23,True,True,"[[88, 80, 24, 80, 78]]",0.0,unsorted_with_duplicates,0,80,0.00013466703239828348
no_semantic_meta_llama_llama_4_scout_17b_16e_instruct,GA_FIXED,list_pattern,unsorted_with_duplicates,24,True,True,"[[63, 90, 90, -73, 31]]",0.0,unsorted_with_duplicates,0,80,0.00012429198250174522
no_semantic_meta_llama_llama_4_scout_17b_16e_instruct,GA_FIXED,list_pattern,unsorted_with_duplicates,25,True,True,"[[58, 58, 42, 97]]",0.0,unsorted_with_duplicates,0,80,0.00012712494935840368
no_semantic_meta_llama_llama_4_scout_17b_16e_instruct,GA_FIXED,list_pattern,unsorted_with_duplicates,26,True,True,"[[-56, -57, -56, -45, 73, 90]]",0.0,unsorted_with_duplicates,0,80,0.00012400001287460327
no_semantic_meta_llama_llama_4_scout_17b_16e_instruct,GA_FIXED,list_pattern,unsorted_with_duplicates,27,True,True,"[[80, 80, 51, -96, 33]]",0.0,unsorted_with_duplicates,0,80,0.0001319999573752284
no_semantic_meta_llama_llama_4_scout_17b_16e_instruct,GA_FIXED,list_pattern,unsorted_with_duplicates,28,True,True,"[[54, 54, -98, 30, -100]]",0.0,unsorted_with_duplicates,0,80,0.0001312500098720193
no_semantic_meta_llama_llama_4_scout_17b_16e_instruct,GA_FIXED,list_pattern,unsorted_with_duplicates,29,True,True,"[[79, -99, -53, -53, 65, -79]]",0.0,unsorted_with_duplicates,0,80,0.00013687496539205313
no_semantic_meta_llama_llama_4_scout_17b_16e_instruct,GA_FIXED,number_kind,zero,0,True,True,[0],0.0,zero,4,400,0.001300959032960236
no_semantic_meta_llama_llama_4_scout_17b_16e_instruct,GA_FIXED,number_kind,zero,1,True,True,[0],0.0,zero,4,400,0.001314291963353753
no_semantic_meta_llama_llama_4_scout_17b_16e_instruct,GA_FIXED,number_kind,zero,2,True,True,[0],0.0,zero,8,720,0.0025687499437481165
no_semantic_meta_llama_llama_4_scout_17b_16e_instruct,GA_FIXED,number_kind,zero,3,True,True,[0],0.0,zero,16,1360,0.004947333014570177
no_semantic_meta_llama_llama_4_scout_17b_16e_instruct,GA_FIXED,number_kind,zero,4,True,True,[0],0.0,zero,10,880,0.003100665984675288
no_semantic_meta_llama_llama_4_scout_17b_16e_instruct,GA_FIXED,number_kind,zero,5,True,True,[0],0.0,zero,8,720,0.0025098329642787576
no_semantic_meta_llama_llama_4_scout_17b_16e_instruct,GA_FIXED,number_kind,zero,6,True,True,[0],0.0,zero,8,720,0.002510499907657504
no_semantic_meta_llama_llama_4_scout_17b_16e_instruct,GA_FIXED,number_kind,zero,7,True,True,[0],0.0,zero,5,480,0.0016482910141348839
no_semantic_meta_llama_llama_4_scout_17b_16e_instruct,GA_FIXED,number_kind,zero,8,True,True,[0],0.0,zero,13,1120,0.004046874935738742
no_semantic_meta_llama_llama_4_scout_17b_16e_instruct,GA_FIXED,number_kind,zero,9,True,True,[0],0.0,zero,9,800,0.002796208020299673
no_semantic_meta_llama_llama_4_scout_17b_16e_instruct,GA_FIXED,number_kind,zero,10,True,True,[0],0.0,zero,9,800,0.002795166918076575
no_semantic_meta_llama_llama_4_scout_17b_16e_instruct,GA_FIXED,number_kind,zero,11,True,True,[0],0.0,zero,5,480,0.0015742919640615582
no_semantic_meta_llama_llama_4_scout_17b_16e_instruct,GA_FIXED,number_kind,zero,12,True,True,[0],0.0,zero,7,640,0.002194708911702037
no_semantic_meta_llama_llama_4_scout_17b_16e_instruct,GA_FIXED,number_kind,zero,13,True,True,[0],0.0,zero,4,400,0.001286374987103045
no_semantic_meta_llama_llama_4_scout_17b_16e_instruct,GA_FIXED,number_kind,zero,14,True,True,[0],0.0,zero,8,720,0.002490374958142638
no_semantic_meta_llama_llama_4_scout_17b_16e_instruct,GA_FIXED,number_kind,zero,15,True,True,[0],0.0,zero,3,320,0.0009944160701707006
no_semantic_meta_llama_llama_4_scout_17b_16e_instruct,GA_FIXED,number_kind,zero,16,True,True,[0],0.0,zero,8,720,0.002501291921362281
no_semantic_meta_llama_llama_4_scout_17b_16e_instruct,GA_FIXED,number_kind,zero,17,True,True,[0],0.0,zero,8,720,0.0024876249954104424
no_semantic_meta_llama_llama_4_scout_17b_16e_instruct,GA_FIXED,number_kind,zero,18,True,True,[0],0.0,zero,2,240,0.0006688750581815839
no_semantic_meta_llama_llama_4_scout_17b_16e_instruct,GA_FIXED,number_kind,zero,19,True,True,[0],0.0,zero,5,480,0.0015677500050514936
no_semantic_meta_llama_llama_4_scout_17b_16e_instruct,GA_FIXED,number_kind,zero,20,True,True,[0],0.0,zero,13,1120,0.003987542004324496
no_semantic_meta_llama_llama_4_scout_17b_16e_instruct,GA_FIXED,number_kind,zero,21,True,True,[0],0.0,zero,8,720,0.0024876659736037254
no_semantic_meta_llama_llama_4_scout_17b_16e_instruct,GA_FIXED,number_kind,zero,22,True,True,[0],0.0,zero,9,800,0.0027942920569330454
no_semantic_meta_llama_llama_4_scout_17b_16e_instruct,GA_FIXED,number_kind,zero,23,True,True,[0],0.0,zero,20,1680,0.006173000088892877
no_semantic_meta_llama_llama_4_scout_17b_16e_instruct,GA_FIXED,number_kind,zero,24,True,True,[0],0.0,zero,13,1120,0.003974499995820224
no_semantic_meta_llama_llama_4_scout_17b_16e_instruct,GA_FIXED,number_kind,zero,25,True,True,[0],0.0,zero,13,1120,0.004032541997730732
no_semantic_meta_llama_llama_4_scout_17b_16e_instruct,GA_FIXED,number_kind,zero,26,True,True,[0],0.0,zero,4,400,0.0012862090952694416
no_semantic_meta_llama_llama_4_scout_17b_16e_instruct,GA_FIXED,number_kind,zero,27,True,True,[0],0.0,zero,9,800,0.002843957976438105
no_semantic_meta_llama_llama_4_scout_17b_16e_instruct,GA_FIXED,number_kind,zero,28,True,True,[0],0.0,zero,13,1120,0.003958999994210899
no_semantic_meta_llama_llama_4_scout_17b_16e_instruct,GA_FIXED,number_kind,zero,29,True,True,[0],0.0,zero,7,640,0.00217833393253386
no_semantic_meta_llama_llama_4_scout_17b_16e_instruct,GA_FIXED,number_kind,even,0,True,True,[1690],0.0,even,0,80,5.4165953770279884e-05
no_semantic_meta_llama_llama_4_scout_17b_16e_instruct,GA_FIXED,number_kind,even,1,True,True,[2448],0.0,even,0,80,5.4999953135848045e-05
no_semantic_meta_llama_llama_4_scout_17b_16e_instruct,GA_FIXED,number_kind,even,2,True,True,[-128],0.0,even,0,80,5.258398596197367e-05
no_semantic_meta_llama_llama_4_scout_17b_16e_instruct,GA_FIXED,number_kind,even,3,True,True,[1250],0.0,even,0,80,5.191704258322716e-05
no_semantic_meta_llama_llama_4_scout_17b_16e_instruct,GA_FIXED,number_kind,even,4,True,True,[1012],0.0,even,0,80,5.204195622354746e-05
no_semantic_meta_llama_llama_4_scout_17b_16e_instruct,GA_FIXED,number_kind,even,5,True,True,[2090],0.0,even,0,80,5.266699008643627e-05
no_semantic_meta_llama_llama_4_scout_17b_16e_instruct,GA_FIXED,number_kind,even,6,True,True,[1380],0.0,even,0,80,5.295802839100361e-05
no_semantic_meta_llama_llama_4_scout_17b_16e_instruct,GA_FIXED,number_kind,even,7,True,True,[1108],0.0,even,0,80,5.258305463939905e-05
no_semantic_meta_llama_llama_4_scout_17b_16e_instruct,GA_FIXED,number_kind,even,8,True,True,[2662],0.0,even,0,80,5.2749994210898876e-05
no_semantic_meta_llama_llama_4_scout_17b_16e_instruct,GA_FIXED,number_kind,even,9,True,True,[1084],0.0,even,0,80,5.224999040365219e-05
no_semantic_meta_llama_llama_4_scout_17b_16e_instruct,GA_FIXED,number_kind,even,10,True,True,[528],0.0,even,0,80,5.283299833536148e-05
no_semantic_meta_llama_llama_4_scout_17b_16e_instruct,GA_FIXED,number_kind,even,11,True,True,[84],0.0,even,0,80,5.2625080570578575e-05
no_semantic_meta_llama_llama_4_scout_17b_16e_instruct,GA_FIXED,number_kind,even,12,True,True,[170],0.0,even,0,80,5.295791197568178e-05
no_semantic_meta_llama_llama_4_scout_17b_16e_instruct,GA_FIXED,number_kind,even,13,True,True,[1746],0.0,even,0,80,5.283404607325792e-05
no_semantic_meta_llama_llama_4_scout_17b_16e_instruct,GA_FIXED,number_kind,even,14,True,True,[394],0.0,even,0,80,5.2999937906861305e-05
no_semantic_meta_llama_llama_4_scout_17b_16e_instruct,GA_FIXED,number_kind,even,15,True,True,[-350],0.0,even,0,80,5.283299833536148e-05
no_semantic_meta_llama_llama_4_scout_17b_16e_instruct,GA_FIXED,number_kind,even,16,True,True,[1798],0.0,even,0,80,5.3416937589645386e-05
no_semantic_meta_llama_llama_4_scout_17b_16e_instruct,GA_FIXED,number_kind,even,17,True,True,[2460],0.0,even,0,80,5.3040916100144386e-05
no_semantic_meta_llama_llama_4_scout_17b_16e_instruct,GA_FIXED,number_kind,even,18,True,True,[584],0.0,even,0,80,5.2875024266541004e-05
no_semantic_meta_llama_llama_4_scout_17b_16e_instruct,GA_FIXED,number_kind,even,19,True,True,[-426],0.0,even,0,80,5.195802077651024e-05
no_semantic_meta_llama_llama_4_scout_17b_16e_instruct,GA_FIXED,number_kind,even,20,True,True,[256],0.0,even,0,80,5.2833929657936096e-05
no_semantic_meta_llama_llama_4_scout_17b_16e_instruct,GA_FIXED,number_kind,even,21,True,True,[1676],0.0,even,0,80,5.250005051493645e-05
no_semantic_meta_llama_llama_4_scout_17b_16e_instruct,GA_FIXED,number_kind,even,22,True,True,[892],0.0,even,0,80,5.224999040365219e-05
no_semantic_meta_llama_llama_4_scout_17b_16e_instruct,GA_FIXED,number_kind,even,23,True,True,[2172],0.0,even,0,80,5.266699008643627e-05
no_semantic_meta_llama_llama_4_scout_17b_16e_instruct,GA_FIXED,number_kind,even,24,True,True,[-150],0.0,even,0,80,5.3292023949325085e-05
no_semantic_meta_llama_llama_4_scout_17b_16e_instruct,GA_FIXED,number_kind,even,25,True,True,[296],0.0,even,0,80,5.262496415525675e-05
no_semantic_meta_llama_llama_4_scout_17b_16e_instruct,GA_FIXED,number_kind,even,26,True,True,[316],0.0,even,0,80,5.2541960030794144e-05
no_semantic_meta_llama_llama_4_scout_17b_16e_instruct,GA_FIXED,number_kind,even,27,True,True,[694],0.0,even,0,80,5.283299833536148e-05
no_semantic_meta_llama_llama_4_scout_17b_16e_instruct,GA_FIXED,number_kind,even,28,True,True,[2758],0.0,even,0,80,5.308410618454218e-05
no_semantic_meta_llama_llama_4_scout_17b_16e_instruct,GA_FIXED,number_kind,even,29,True,True,[974],0.0,even,0,80,5.237490404397249e-05
no_semantic_meta_llama_llama_4_scout_17b_16e_instruct,GA_FIXED,number_kind,odd,0,True,True,[2493],0.0,odd,0,80,5.5750017054378986e-05
no_semantic_meta_llama_llama_4_scout_17b_16e_instruct,GA_FIXED,number_kind,odd,1,True,True,[527],0.0,odd,0,80,5.316699389368296e-05
no_semantic_meta_llama_llama_4_scout_17b_16e_instruct,GA_FIXED,number_kind,odd,2,True,True,[2784],0.0,odd,0,80,5.2167102694511414e-05
no_semantic_meta_llama_llama_4_scout_17b_16e_instruct,GA_FIXED,number_kind,odd,3,True,True,[2434],0.0,odd,0,80,5.241704639047384e-05
no_semantic_meta_llama_llama_4_scout_17b_16e_instruct,GA_FIXED,number_kind,odd,4,True,True,[-54],0.0,odd,0,80,5.2749994210898876e-05
no_semantic_meta_llama_llama_4_scout_17b_16e_instruct,GA_FIXED,number_kind,odd,5,True,True,[1748],0.0,odd,0,80,5.295791197568178e-05
no_semantic_meta_llama_llama_4_scout_17b_16e_instruct,GA_FIXED,number_kind,odd,6,True,True,[-461],0.0,odd,0,80,5.2332994528114796e-05
no_semantic_meta_llama_llama_4_scout_17b_16e_instruct,GA_FIXED,number_kind,odd,7,True,True,[-186],0.0,odd,0,80,5.304196383804083e-05
no_semantic_meta_llama_llama_4_scout_17b_16e_instruct,GA_FIXED,number_kind,odd,8,True,True,[-60],0.0,odd,0,80,5.312496796250343e-05
no_semantic_meta_llama_llama_4_scout_17b_16e_instruct,GA_FIXED,number_kind,odd,9,True,True,[1816],0.0,odd,0,80,5.1749986596405506e-05
no_semantic_meta_llama_llama_4_scout_17b_16e_instruct,GA_FIXED,number_kind,odd,10,True,True,[1010],0.0,odd,0,80,5.2749994210898876e-05
no_semantic_meta_llama_llama_4_scout_17b_16e_instruct,GA_FIXED,number_kind,odd,11,True,True,[-426],0.0,odd,0,80,5.250005051493645e-05
no_semantic_meta_llama_llama_4_scout_17b_16e_instruct,GA_FIXED,number_kind,odd,12,True,True,[1711],0.0,odd,0,80,5.270889960229397e-05
no_semantic_meta_llama_llama_4_scout_17b_16e_instruct,GA_FIXED,number_kind,odd,13,True,True,[-234],0.0,odd,0,80,5.3459079936146736e-05
no_semantic_meta_llama_llama_4_scout_17b_16e_instruct,GA_FIXED,number_kind,odd,14,True,True,[2716],0.0,odd,0,80,5.2875024266541004e-05
no_semantic_meta_llama_llama_4_scout_17b_16e_instruct,GA_FIXED,number_kind,odd,15,True,True,[2109],0.0,odd,0,80,5.283299833536148e-05
no_semantic_meta_llama_llama_4_scout_17b_16e_instruct,GA_FIXED,number_kind,odd,16,True,True,[-467],0.0,odd,0,80,5.40000619366765e-05
no_semantic_meta_llama_llama_4_scout_17b_16e_instruct,GA_FIXED,number_kind,odd,17,True,True,[2711],0.0,odd,0,80,5.3582945838570595e-05
no_semantic_meta_llama_llama_4_scout_17b_16e_instruct,GA_FIXED,number_kind,odd,18,True,True,[920],0.0,odd,0,80,5.308398976922035e-05
no_semantic_meta_llama_llama_4_scout_17b_16e_instruct,GA_FIXED,number_kind,odd,19,True,True,[1128],0.0,odd,0,80,5.2459072321653366e-05
no_semantic_meta_llama_llama_4_scout_17b_16e_instruct,GA_FIXED,number_kind,odd,20,True,True,[2748],0.0,odd,0,80,5.295791197568178e-05
no_semantic_meta_llama_llama_4_scout_17b_16e_instruct,GA_FIXED,number_kind,odd,21,True,True,[2158],0.0,odd,0,80,5.3333002142608166e-05
no_semantic_meta_llama_llama_4_scout_17b_16e_instruct,GA_FIXED,number_kind,odd,22,True,True,[1235],0.0,odd,0,80,5.304196383804083e-05
no_semantic_meta_llama_llama_4_scout_17b_16e_instruct,GA_FIXED,number_kind,odd,23,True,True,[21],0.0,odd,0,80,5.22910850122571e-05
no_semantic_meta_llama_llama_4_scout_17b_16e_instruct,GA_FIXED,number_kind,odd,24,True,True,[1291],0.0,odd,0,80,5.329109262675047e-05
no_semantic_meta_llama_llama_4_scout_17b_16e_instruct,GA_FIXED,number_kind,odd,25,True,True,[210],0.0,odd,0,80,5.362497176975012e-05
no_semantic_meta_llama_llama_4_scout_17b_16e_instruct,GA_FIXED,number_kind,odd,26,True,True,[1695],0.0,odd,0,80,5.1875016652047634e-05
no_semantic_meta_llama_llama_4_scout_17b_16e_instruct,GA_FIXED,number_kind,odd,27,True,True,[1062],0.0,odd,0,80,5.3042080253362656e-05
no_semantic_meta_llama_llama_4_scout_17b_16e_instruct,GA_FIXED,number_kind,odd,28,True,True,[1832],0.0,odd,0,80,5.2332994528114796e-05
no_semantic_meta_llama_llama_4_scout_17b_16e_instruct,GA_FIXED,number_kind,odd,29,True,True,[2396],0.0,odd,0,80,5.295802839100361e-05
no_semantic_meta_llama_llama_4_scout_17b_16e_instruct,GA_FIXED,password_strength,weak_short,0,True,True,['YKs'],0.0,weak_short,0,80,0.00023245892953127623
no_semantic_meta_llama_llama_4_scout_17b_16e_instruct,GA_FIXED,password_strength,weak_short,1,True,True,['M2kN'],0.0,weak_short,0,80,0.0002074999501928687
no_semantic_meta_llama_llama_4_scout_17b_16e_instruct,GA_FIXED,password_strength,weak_short,2,True,True,['542jrR5'],0.0,weak_short,0,80,0.00021408393513411283
no_semantic_meta_llama_llama_4_scout_17b_16e_instruct,GA_FIXED,password_strength,weak_short,3,True,True,['M7zUcDDV'],0.0,weak_short,0,80,0.0001990000018849969
no_semantic_meta_llama_llama_4_scout_17b_16e_instruct,GA_FIXED,password_strength,weak_short,4,True,True,['4JmIq'],0.0,weak_short,0,80,0.00020320899784564972
no_semantic_meta_llama_llama_4_scout_17b_16e_instruct,GA_FIXED,password_strength,weak_short,5,True,True,['0Ab'],0.0,weak_short,0,80,0.00020783289801329374
no_semantic_meta_llama_llama_4_scout_17b_16e_instruct,GA_FIXED,password_strength,weak_short,6,True,True,['gsx'],0.0,weak_short,0,80,0.0001992909237742424
no_semantic_meta_llama_llama_4_scout_17b_16e_instruct,GA_FIXED,password_strength,weak_short,7,True,True,['r4lAUCH5jC'],0.0,weak_short,0,80,0.00020937493536621332
no_semantic_meta_llama_llama_4_scout_17b_16e_instruct,GA_FIXED,password_strength,weak_short,8,True,True,['MC'],0.0,weak_short,0,80,0.00021458393894135952
no_semantic_meta_llama_llama_4_scout_17b_16e_instruct,GA_FIXED,password_strength,weak_short,9,True,True,['wrEArPs0'],0.0,weak_short,0,80,0.00020408292766660452
no_semantic_meta_llama_llama_4_scout_17b_16e_instruct,GA_FIXED,password_strength,weak_short,10,True,True,['QVP9WqJR9v'],0.0,weak_short,0,80,0.0002067500026896596
no_semantic_meta_llama_llama_4_scout_17b_16e_instruct,GA_FIXED,password_strength,weak_short,11,True,True,['Bj719O'],0.0,weak_short,0,80,0.00021341594401746988
no_semantic_meta_llama_llama_4_scout_17b_16e_instruct,GA_FIXED,password_strength,weak_short,12,True,True,['oSdu'],0.0,weak_short,0,80,0.0002107920590788126
no_semantic_meta_llama_llama_4_scout_17b_16e_instruct,GA_FIXED,password_strength,weak_short,13,True,True,['1'],0.0,weak_short,0,80,0.0002174580004066229
no_semantic_meta_llama_llama_4_scout_17b_16e_instruct,GA_FIXED,password_strength,weak_short,14,True,True,['6AE4y9B'],0.0,weak_short,0,80,0.0002067919122055173
no_semantic_meta_llama_llama_4_scout_17b_16e_instruct,GA_FIXED,password_strength,weak_short,15,True,True,['q'],0.0,weak_short,0,80,0.00020441703964024782
no_semantic_meta_llama_llama_4_scout_17b_16e_instruct,GA_FIXED,password_strength,weak_short,16,True,True,['0'],0.0,weak_short,0,80,0.0002051249612122774
no_semantic_meta_llama_llama_4_scout_17b_16e_instruct,GA_FIXED,password_strength,weak_short,17,True,True,['SY'],0.0,weak_short,0,80,0.00020645803306251764
no_semantic_meta_llama_llama_4_scout_17b_16e_instruct,GA_FIXED,password_strength,weak_short,18,True,True,['D2hwUfcP4z'],0.0,weak_short,0,80,0.00021520804148167372
no_semantic_meta_llama_llama_4_scout_17b_16e_instruct,GA_FIXED,password_strength,weak_short,19,True,True,['7injO8Q'],0.0,weak_short,0,80,0.00021408393513411283
no_semantic_meta_llama_llama_4_scout_17b_16e_instruct,GA_FIXED,password_strength,weak_short,20,True,True,['0uJtxbxco2'],0.0,weak_short,0,80,0.00020608294289559126
no_semantic_meta_llama_llama_4_scout_17b_16e_instruct,GA_FIXED,password_strength,weak_short,21,True,True,['XCq0T0Rq'],0.0,weak_short,0,80,0.0002114580711349845
no_semantic_meta_llama_llama_4_scout_17b_16e_instruct,GA_FIXED,password_strength,weak_short,22,True,True,['H'],0.0,weak_short,0,80,0.0002062499988824129
no_semantic_meta_llama_llama_4_scout_17b_16e_instruct,GA_FIXED,password_strength,weak_short,23,True,True,['FzUj'],0.0,weak_short,0,80,0.0002179170260205865
no_semantic_meta_llama_llama_4_scout_17b_16e_instruct,GA_FIXED,password_strength,weak_short,24,True,True,['cm'],0.0,weak_short,0,80,0.000216167070902884
no_semantic_meta_llama_llama_4_scout_17b_16e_instruct,GA_FIXED,password_strength,weak_short,25,True,True,['L'],0.0,weak_short,0,80,0.00021362502593547106
no_semantic_meta_llama_llama_4_scout_17b_16e_instruct,GA_FIXED,password_strength,weak_short,26,True,True,['WD2yrf2VsJ'],0.0,weak_short,0,80,0.0002062919083982706
no_semantic_meta_llama_llama_4_scout_17b_16e_instruct,GA_FIXED,password_strength,weak_short,27,True,True,['Y1LDRYa13'],0.0,weak_short,0,80,0.00022079190239310265
no_semantic_meta_llama_llama_4_scout_17b_16e_instruct,GA_FIXED,password_strength,weak_short,28,True,True,['8'],0.0,weak_short,0,80,0.00020441703964024782
no_semantic_meta_llama_llama_4_scout_17b_16e_instruct,GA_FIXED,password_strength,weak_short,29,True,True,['b05DSuZY2Y'],0.0,weak_short,0,80,0.00020187499467283487
no_semantic_meta_llama_llama_4_scout_17b_16e_instruct,GA_FIXED,password_strength,strong,0,True,True,['ylEToVUTUBeyVlLSPr7'],0.0,strong,0,80,0.00021425005979835987
no_semantic_meta_llama_llama_4_scout_17b_16e_instruct,GA_FIXED,password_strength,strong,1,True,True,['y1Y1UI'],0.0,strong,0,80,0.0002051659394055605
no_semantic_meta_llama_llama_4_scout_17b_16e_instruct,GA_FIXED,password_strength,strong,2,True,True,['nrIIueoWDnZd7O'],0.0,strong,0,80,0.00020574999507516623
no_semantic_meta_llama_llama_4_scout_17b_16e_instruct,GA_FIXED,password_strength,strong,3,True,True,['SJ8oY9qyCM2LF7X'],0.0,strong,0,80,0.00021312502212822437
no_semantic_meta_llama_llama_4_scout_17b_16e_instruct,GA_FIXED,password_strength,strong,4,True,True,['xgq45X1Q5TP'],0.0,strong,0,80,0.00020045891869813204
no_semantic_meta_llama_llama_4_scout_17b_16e_instruct,GA_FIXED,password_strength,strong,5,True,True,['t1iP8thzFKsJWERte'],0.0,strong,0,80,0.00020512507762759924
no_semantic_meta_llama_llama_4_scout_17b_16e_instruct,GA_FIXED,password_strength,strong,6,True,True,['L3b6HG'],0.0,strong,0,80,0.00019608298316597939
no_semantic_meta_llama_llama_4_scout_17b_16e_instruct,GA_FIXED,password_strength,strong,7,True,True,['WQl4RMbInTfEqJKFV'],0.0,strong,0,80,0.00021329091396182775
no_semantic_meta_llama_llama_4_scout_17b_16e_instruct,GA_FIXED,password_strength,strong,8,True,True,['U3Tk00vo5ynxQjNTeb'],0.0,strong,0,80,0.00020279106684029102
no_semantic_meta_llama_llama_4_scout_17b_16e_instruct,GA_FIXED,password_strength,strong,9,True,True,['TnYFeICdBu8zSQ'],0.0,strong,0,80,0.0002115420065820217
no_semantic_meta_llama_llama_4_scout_17b_16e_instruct,GA_FIXED,password_strength,strong,10,True,True,['i5D4rj'],0.0,strong,0,80,0.00018933298997581005
no_semantic_meta_llama_llama_4_scout_17b_16e_instruct,GA_FIXED,password_strength,strong,11,True,True,['1PxfEyVfcQlXhm'],0.0,strong,0,80,0.00021879200357943773
no_semantic_meta_llama_llama_4_scout_17b_16e_instruct,GA_FIXED,password_strength,strong,12,True,True,['1dJLENBRfPk'],0.0,strong,0,80,0.00020887504797428846
no_semantic_meta_llama_llama_4_scout_17b_16e_instruct,GA_FIXED,password_strength,strong,13,True,True,['H7dezUVyu24'],0.0,strong,0,80,0.0001977500505745411
no_semantic_meta_llama_llama_4_scout_17b_16e_instruct,GA_FIXED,password_strength,strong,14,True,True,['9bsig7I'],0.0,strong,0,80,0.00020112493075430393
no_semantic_meta_llama_llama_4_scout_17b_16e_instruct,GA_FIXED,password_strength,strong,15,True,True,['s8eWSAP'],0.0,strong,0,80,0.0002163749886676669
no_semantic_meta_llama_llama_4_scout_17b_16e_instruct,GA_FIXED,password_strength,strong,16,True,True,['EhYTWtfqRYCi4m'],0.0,strong,0,80,0.00020754104480147362
no_semantic_meta_llama_llama_4_scout_17b_16e_instruct,GA_FIXED,password_strength,strong,17,True,True,['bx8X13bddSR1nCwu8CdG'],0.0,strong,0,80,0.000203792005777359
no_semantic_meta_llama_llama_4_scout_17b_16e_instruct,GA_FIXED,password_strength,strong,18,True,True,['fflQfjgdopbAR5g2e3UP'],0.0,strong,0,80,0.0002026660367846489
no_semantic_meta_llama_llama_4_scout_17b_16e_instruct,GA_FIXED,password_strength,strong,19,True,True,['pWjAm9RnQaAGkTkr'],0.0,strong,0,80,0.00020920904353260994
no_semantic_meta_llama_llama_4_scout_17b_16e_instruct,GA_FIXED,password_strength,strong,20,True,True,['x6k2N5vca'],0.0,strong,0,80,0.0002069579204544425
no_semantic_meta_llama_llama_4_scout_17b_16e_instruct,GA_FIXED,password_strength,strong,21,True,True,['mjqV5t'],0.0,strong,0,80,0.00019933306612074375
no_semantic_meta_llama_llama_4_scout_17b_16e_instruct,GA_FIXED,password_strength,strong,22,True,True,['olcFvWRvXMSyXk39IW'],0.0,strong,0,80,0.00020800007041543722
no_semantic_meta_llama_llama_4_scout_17b_16e_instruct,GA_FIXED,password_strength,strong,23,True,True,['QFUayZN3vq5x2X'],0.0,strong,0,80,0.00020033307373523712
no_semantic_meta_llama_llama_4_scout_17b_16e_instruct,GA_FIXED,password_strength,strong,24,True,True,['OY3FRsXOziUYb'],0.0,strong,0,80,0.0001942500239238143
no_semantic_meta_llama_llama_4_scout_17b_16e_instruct,GA_FIXED,password_strength,strong,25,True,True,['NiXOWmJ8zAai7qvVKtB'],0.0,strong,0,80,0.00020474998746067286
no_semantic_meta_llama_llama_4_scout_17b_16e_instruct,GA_FIXED,password_strength,strong,26,True,True,['7Ipbva'],0.0,strong,0,80,0.00019483303185552359
no_semantic_meta_llama_llama_4_scout_17b_16e_instruct,GA_FIXED,password_strength,strong,27,True,True,['kyIp3NzmuT6t'],0.0,strong,0,80,0.00019062496721744537
no_semantic_meta_llama_llama_4_scout_17b_16e_instruct,GA_FIXED,password_strength,strong,28,True,True,['NpzqkdB9PI6MZtQA'],0.0,strong,0,80,0.00019854202400892973
no_semantic_meta_llama_llama_4_scout_17b_16e_instruct,GA_FIXED,password_strength,strong,29,True,True,['uytGU3nd'],0.0,strong,0,80,0.00020629202481359243
no_semantic_meta_llama_llama_4_scout_17b_16e_instruct,GA_FIXED,password_strength,medium,0,True,True,['2LicrM'],0.0,medium,0,80,0.0002051659394055605
no_semantic_meta_llama_llama_4_scout_17b_16e_instruct,GA_FIXED,password_strength,medium,1,True,True,['pC3PyggaiZ'],0.0,medium,0,80,0.000212749931961298
no_semantic_meta_llama_llama_4_scout_17b_16e_instruct,GA_FIXED,password_strength,medium,2,True,True,['kwNc1Qz'],0.0,medium,0,80,0.00019699998665601015
no_semantic_meta_llama_llama_4_scout_17b_16e_instruct,GA_FIXED,password_strength,medium,3,True,True,['0r5cTkX76'],0.0,medium,0,80,0.0002085419837385416
no_semantic_meta_llama_llama_4_scout_17b_16e_instruct,GA_FIXED,password_strength,medium,4,True,True,['UymXcFvFG'],0.0,medium,0,80,0.00020520808175206184
no_semantic_meta_llama_llama_4_scout_17b_16e_instruct,GA_FIXED,password_strength,medium,5,True,True,['CgxrXceDOmDxCbGQFqn'],0.0,medium,0,80,0.00020087510347366333
no_semantic_meta_llama_llama_4_scout_17b_16e_instruct,GA_FIXED,password_strength,medium,6,True,True,['i9drU3PmOS'],0.0,medium,0,80,0.0002013749908655882
no_semantic_meta_llama_llama_4_scout_17b_16e_instruct,GA_FIXED,password_strength,medium,7,True,True,['tycW4L0'],0.0,medium,0,80,0.00021383294370025396
no_semantic_meta_llama_llama_4_scout_17b_16e_instruct,GA_FIXED,password_strength,medium,8,True,True,['KPbUdmq'],0.0,medium,0,80,0.0002131670480594039
no_semantic_meta_llama_llama_4_scout_17b_16e_instruct,GA_FIXED,password_strength,medium,9,True,True,['djEVxgbP8'],0.0,medium,0,80,0.0002092079957947135
no_semantic_meta_llama_llama_4_scout_17b_16e_instruct,GA_FIXED,password_strength,medium,10,True,True,['zQZFeBpuj'],0.0,medium,0,80,0.0002163329627364874
no_semantic_meta_llama_llama_4_scout_17b_16e_instruct,GA_FIXED,password_strength,medium,11,True,True,['wTXPNCfbYdql'],0.0,medium,0,80,0.00020725000649690628
no_semantic_meta_llama_llama_4_scout_17b_16e_instruct,GA_FIXED,password_strength,medium,12,True,True,['TSIxSujmPWogUTR'],0.0,medium,0,80,0.00021320802625268698
no_semantic_meta_llama_llama_4_scout_17b_16e_instruct,GA_FIXED,password_strength,medium,13,True,True,['DAYyGK96Yb'],0.0,medium,0,80,0.0002032910706475377
no_semantic_meta_llama_llama_4_scout_17b_16e_instruct,GA_FIXED,password_strength,medium,14,True,True,['pjSYCmnEvQNnSdyHHlhT'],0.0,medium,0,80,0.0001977919600903988
no_semantic_meta_llama_llama_4_scout_17b_16e_instruct,GA_FIXED,password_strength,medium,15,True,True,['KRnHC9J'],0.0,medium,0,80,0.00020733289420604706
no_semantic_meta_llama_llama_4_scout_17b_16e_instruct,GA_FIXED,password_strength,medium,16,True,True,['IFzERpmMAxNFAIzvWI'],0.0,medium,0,80,0.00021133397240191698
no_semantic_meta_llama_llama_4_scout_17b_16e_instruct,GA_FIXED,password_strength,medium,17,True,True,['ztvzMQiWAe'],0.0,medium,0,80,0.00021483399905264378
no_semantic_meta_llama_llama_4_scout_17b_16e_instruct,GA_FIXED,password_strength,medium,18,True,True,['qkPiUxuMk'],0.0,medium,0,80,0.00020545790903270245
no_semantic_meta_llama_llama_4_scout_17b_16e_instruct,GA_FIXED,password_strength,medium,19,True,True,['vWdFdO'],0.0,medium,0,80,0.00020754209253937006
no_semantic_meta_llama_llama_4_scout_17b_16e_instruct,GA_FIXED,password_strength,medium,20,True,True,['bUNgJEz'],0.0,medium,0,80,0.00019620894454419613
no_semantic_meta_llama_llama_4_scout_17b_16e_instruct,GA_FIXED,password_strength,medium,21,True,True,['zBmuDsYM9'],0.0,medium,0,80,0.00021299999207258224
no_semantic_meta_llama_llama_4_scout_17b_16e_instruct,GA_FIXED,password_strength,medium,22,True,True,['IvZMT4Tzp'],0.0,medium,0,80,0.00021187507081776857
no_semantic_meta_llama_llama_4_scout_17b_16e_instruct,GA_FIXED,password_strength,medium,23,True,True,['lknUCFzKN'],0.0,medium,0,80,0.00021662493236362934
no_semantic_meta_llama_llama_4_scout_17b_16e_instruct,GA_FIXED,password_strength,medium,24,True,True,['tBNNcUldMBtj'],0.0,medium,0,80,0.00021604204084724188
no_semantic_meta_llama_llama_4_scout_17b_16e_instruct,GA_FIXED,password_strength,medium,25,True,True,['FlmBQhdRD'],0.0,medium,0,80,0.00021054211538285017
no_semantic_meta_llama_llama_4_scout_17b_16e_instruct,GA_FIXED,password_strength,medium,26,True,True,['5cul0BVGc9'],0.0,medium,0,80,0.00020837504416704178
no_semantic_meta_llama_llama_4_scout_17b_16e_instruct,GA_FIXED,password_strength,medium,27,True,True,['LXXBFsG8z1'],0.0,medium,0,80,0.0002192080719396472
no_semantic_meta_llama_llama_4_scout_17b_16e_instruct,GA_FIXED,password_strength,medium,28,True,True,['nw9UTtV'],0.0,medium,0,80,0.00021612492855638266
no_semantic_meta_llama_llama_4_scout_17b_16e_instruct,GA_FIXED,password_strength,medium,29,True,True,['fjNV2j'],0.0,medium,0,80,0.00021820806432515383
no_semantic_meta_llama_llama_4_scout_17b_16e_instruct,GA_FIXED,password_strength,weak_no_digit_upper,0,True,True,['mJLl0un'],0.0,weak_no_digit_upper,0,80,0.00021312502212822437
no_semantic_meta_llama_llama_4_scout_17b_16e_instruct,GA_FIXED,password_strength,weak_no_digit_upper,1,True,True,['GcUyva0'],0.0,weak_no_digit_upper,0,80,0.00021654192823916674
no_semantic_meta_llama_llama_4_scout_17b_16e_instruct,GA_FIXED,password_strength,weak_no_digit_upper,2,True,True,['A8webT'],0.0,weak_no_digit_upper,0,80,0.0002110829809680581
no_semantic_meta_llama_llama_4_scout_17b_16e_instruct,GA_FIXED,password_strength,weak_no_digit_upper,3,True,True,['xHm1PvdTfT'],0.0,weak_no_digit_upper,0,80,0.00020220805890858173
no_semantic_meta_llama_llama_4_scout_17b_16e_instruct,GA_FIXED,password_strength,weak_no_digit_upper,4,True,True,['jAvMO6'],0.0,weak_no_digit_upper,0,80,0.00019945797976106405
no_semantic_meta_llama_llama_4_scout_17b_16e_instruct,GA_FIXED,password_strength,weak_no_digit_upper,5,True,True,['hUNp8l8a'],0.0,weak_no_digit_upper,0,80,0.0002110829809680581
no_semantic_meta_llama_llama_4_scout_17b_16e_instruct,GA_FIXED,password_strength,weak_no_digit_upper,6,True,True,['xf0uKyu'],0.0,weak_no_digit_upper,0,80,0.00020987493917346
no_semantic_meta_llama_llama_4_scout_17b_16e_instruct,GA_FIXED,password_strength,weak_no_digit_upper,7,True,True,['70zqq3tOj'],0.0,weak_no_digit_upper,0,80,0.00020729098469018936
no_semantic_meta_llama_llama_4_scout_17b_16e_instruct,GA_FIXED,password_strength,weak_no_digit_upper,8,True,True,['vzBQA9ZzlA'],0.0,weak_no_digit_upper,0,80,0.00020133296493440866
no_semantic_meta_llama_llama_4_scout_17b_16e_instruct,GA_FIXED,password_strength,weak_no_digit_upper,9,True,True,['BbcR00cfr6'],0.0,weak_no_digit_upper,0,80,0.0002054170472547412
no_semantic_meta_llama_llama_4_scout_17b_16e_instruct,GA_FIXED,password_strength,weak_no_digit_upper,10,True,True,['zFlZPGZK2I'],0.0,weak_no_digit_upper,0,80,0.00019712501671165228
no_semantic_meta_llama_llama_4_scout_17b_16e_instruct,GA_FIXED,password_strength,weak_no_digit_upper,11,True,True,['FG8at9Z'],0.0,weak_no_digit_upper,0,80,0.00021008308976888657
no_semantic_meta_llama_llama_4_scout_17b_16e_instruct,GA_FIXED,password_strength,weak_no_digit_upper,12,True,True,['ZsB9Ezivas'],0.0,weak_no_digit_upper,0,80,0.00019825005438178778
no_semantic_meta_llama_llama_4_scout_17b_16e_instruct,GA_FIXED,password_strength,weak_no_digit_upper,13,True,True,['B8r8pB'],0.0,weak_no_digit_upper,0,80,0.00020858296193182468
no_semantic_meta_llama_llama_4_scout_17b_16e_instruct,GA_FIXED,password_strength,weak_no_digit_upper,14,True,True,['9ToL3Mpt'],0.0,weak_no_digit_upper,0,80,0.00019866693764925003
no_semantic_meta_llama_llama_4_scout_17b_16e_instruct,GA_FIXED,password_strength,weak_no_digit_upper,15,True,True,['3Shuweu'],0.0,weak_no_digit_upper,0,80,0.0002132500521838665
no_semantic_meta_llama_llama_4_scout_17b_16e_instruct,GA_FIXED,password_strength,weak_no_digit_upper,16,True,True,['2dEvpl'],0.0,weak_no_digit_upper,0,80,0.00020804197993129492
no_semantic_meta_llama_llama_4_scout_17b_16e_instruct,GA_FIXED,password_strength,weak_no_digit_upper,17,True,True,['Gp9xNtXoT'],0.0,weak_no_digit_upper,0,80,0.0002092079957947135
no_semantic_meta_llama_llama_4_scout_17b_16e_instruct,GA_FIXED,password_strength,weak_no_digit_upper,18,True,True,['Czfzv5mXWW'],0.0,weak_no_digit_upper,0,80,0.00020245893392711878
no_semantic_meta_llama_llama_4_scout_17b_16e_instruct,GA_FIXED,password_strength,weak_no_digit_upper,19,True,True,['eV1YjG'],0.0,weak_no_digit_upper,0,80,0.00020270806271582842
no_semantic_meta_llama_llama_4_scout_17b_16e_instruct,GA_FIXED,password_strength,weak_no_digit_upper,20,True,True,['HyVEv4y'],0.0,weak_no_digit_upper,0,80,0.00020904093980789185
no_semantic_meta_llama_llama_4_scout_17b_16e_instruct,GA_FIXED,password_strength,weak_no_digit_upper,21,True,True,['2rq9fbP43'],0.0,weak_no_digit_upper,0,80,0.00021229195408523083
no_semantic_meta_llama_llama_4_scout_17b_16e_instruct,GA_FIXED,password_strength,weak_no_digit_upper,22,True,True,['rSMKI6gO5h'],0.0,weak_no_digit_upper,0,80,0.00020775001030415297
no_semantic_meta_llama_llama_4_scout_17b_16e_instruct,GA_FIXED,password_strength,weak_no_digit_upper,23,True,True,['oDuDCDux6j'],0.0,weak_no_digit_upper,0,80,0.0002151250373572111
no_semantic_meta_llama_llama_4_scout_17b_16e_instruct,GA_FIXED,password_strength,weak_no_digit_upper,24,True,True,['j7TCLwUC'],0.0,weak_no_digit_upper,0,80,0.00021991704124957323
no_semantic_meta_llama_llama_4_scout_17b_16e_instruct,GA_FIXED,password_strength,weak_no_digit_upper,25,True,True,['AD7AYa'],0.0,weak_no_digit_upper,0,80,0.00019995798356831074
no_semantic_meta_llama_llama_4_scout_17b_16e_instruct,GA_FIXED,password_strength,weak_no_digit_upper,26,True,True,['S2i3Goh'],0.0,weak_no_digit_upper,0,80,0.00022825004998594522
no_semantic_meta_llama_llama_4_scout_17b_16e_instruct,GA_FIXED,password_strength,weak_no_digit_upper,27,True,True,['T29CSqD'],0.0,weak_no_digit_upper,0,80,0.00021091708913445473
no_semantic_meta_llama_llama_4_scout_17b_16e_instruct,GA_FIXED,password_strength,weak_no_digit_upper,28,True,True,['wGUlHmz0s'],0.0,weak_no_digit_upper,0,80,0.00020679202862083912
no_semantic_meta_llama_llama_4_scout_17b_16e_instruct,GA_FIXED,password_strength,weak_no_digit_upper,29,True,True,['JTbH8nOVn'],0.0,weak_no_digit_upper,0,80,0.0002092499053105712
no_semantic_meta_llama_llama_4_scout_17b_16e_instruct,GA_FIXED,pin_pattern,secret_pin,0,True,True,"[7, 3, 9, 1]",0.0,secret_pin,43,3520,0.019303084001876414
no_semantic_meta_llama_llama_4_scout_17b_16e_instruct,GA_FIXED,pin_pattern,secret_pin,1,True,True,"[7, 3, 9, 1]",0.0,secret_pin,40,3280,0.017961042001843452
no_semantic_meta_llama_llama_4_scout_17b_16e_instruct,GA_FIXED,pin_pattern,secret_pin,2,False,False,"[8, 4, 10, 0]",1.0,,17,8080,0.04460824991110712
no_semantic_meta_llama_llama_4_scout_17b_16e_instruct,GA_FIXED,pin_pattern,secret_pin,3,True,True,"[7, 3, 9, 1]",0.0,secret_pin,29,2400,0.01301616698037833
no_semantic_meta_llama_llama_4_scout_17b_16e_instruct,GA_FIXED,pin_pattern,secret_pin,4,True,True,"[7, 3, 9, 1]",0.0,secret_pin,63,5120,0.028160209069028497
no_semantic_meta_llama_llama_4_scout_17b_16e_instruct,GA_FIXED,pin_pattern,secret_pin,5,False,False,"[8, 2, 10, 1]",1.0,,22,8080,0.044235499924980104
no_semantic_meta_llama_llama_4_scout_17b_16e_instruct,GA_FIXED,pin_pattern,secret_pin,6,True,True,"[7, 3, 9, 1]",0.0,secret_pin,80,6480,0.0353645000141114
no_semantic_meta_llama_llama_4_scout_17b_16e_instruct,GA_FIXED,pin_pattern,secret_pin,7,True,True,"[7, 3, 9, 1]",0.0,secret_pin,89,7200,0.03938408300746232
no_semantic_meta_llama_llama_4_scout_17b_16e_instruct,GA_FIXED,pin_pattern,secret_pin,8,True,True,"[7, 3, 9, 1]",0.0,secret_pin,58,4720,0.025762040982954204
no_semantic_meta_llama_llama_4_scout_17b_16e_instruct,GA_FIXED,pin_pattern,secret_pin,9,True,True,"[7, 3, 9, 1]",0.0,secret_pin,54,4400,0.024314792011864483
no_semantic_meta_llama_llama_4_scout_17b_16e_instruct,GA_FIXED,pin_pattern,secret_pin,10,True,True,"[7, 3, 9, 1]",0.0,secret_pin,55,4480,0.02467895799782127
no_semantic_meta_llama_llama_4_scout_17b_16e_instruct,GA_FIXED,pin_pattern,secret_pin,11,True,True,"[7, 3, 9, 1]",0.0,secret_pin,69,5600,0.030743167037144303
no_semantic_meta_llama_llama_4_scout_17b_16e_instruct,GA_FIXED,pin_pattern,secret_pin,12,False,False,"[7, 2, 8, 2]",1.0,,16,8080,0.04590899997856468
no_semantic_meta_llama_llama_4_scout_17b_16e_instruct,GA_FIXED,pin_pattern,secret_pin,13,True,True,"[7, 3, 9, 1]",0.0,secret_pin,48,3920,0.022010583081282675
no_semantic_meta_llama_llama_4_scout_17b_16e_instruct,GA_FIXED,pin_pattern,secret_pin,14,True,True,"[7, 3, 9, 1]",0.0,secret_pin,22,1840,0.010356832994148135
no_semantic_meta_llama_llama_4_scout_17b_16e_instruct,GA_FIXED,pin_pattern,secret_pin,15,True,True,"[7, 3, 9, 1]",0.0,secret_pin,61,4960,0.027911583078093827
no_semantic_meta_llama_llama_4_scout_17b_16e_instruct,GA_FIXED,pin_pattern,secret_pin,16,True,True,"[7, 3, 9, 1]",0.0,secret_pin,35,2880,0.015993666020222008
no_semantic_meta_llama_llama_4_scout_17b_16e_instruct,GA_FIXED,pin_pattern,secret_pin,17,True,True,"[7, 3, 9, 1]",0.0,secret_pin,77,6240,0.03489304205868393
no_semantic_meta_llama_llama_4_scout_17b_16e_instruct,GA_FIXED,pin_pattern,secret_pin,18,True,True,"[7, 3, 9, 1]",0.0,secret_pin,26,2160,0.011747624957934022
no_semantic_meta_llama_llama_4_scout_17b_16e_instruct,GA_FIXED,pin_pattern,secret_pin,19,True,True,"[7, 3, 9, 1]",0.0,secret_pin,76,6160,0.03395054105203599
no_semantic_meta_llama_llama_4_scout_17b_16e_instruct,GA_FIXED,pin_pattern,secret_pin,20,True,True,"[7, 3, 9, 1]",0.0,secret_pin,81,6560,0.03748387505766004
no_semantic_meta_llama_llama_4_scout_17b_16e_instruct,GA_FIXED,pin_pattern,secret_pin,21,True,True,"[7, 3, 9, 1]",0.0,secret_pin,54,4400,0.02482083300128579
no_semantic_meta_llama_llama_4_scout_17b_16e_instruct,GA_FIXED,pin_pattern,secret_pin,22,False,False,"[8, 4, 10, 0]",1.0,,15,8080,0.04530683299526572
no_semantic_meta_llama_llama_4_scout_17b_16e_instruct,GA_FIXED,pin_pattern,secret_pin,23,True,True,"[7, 3, 9, 1]",0.0,secret_pin,35,2880,0.015771209029480815
no_semantic_meta_llama_llama_4_scout_17b_16e_instruct,GA_FIXED,pin_pattern,secret_pin,24,True,True,"[7, 3, 9, 1]",0.0,secret_pin,91,7360,0.04073716700077057
no_semantic_meta_llama_llama_4_scout_17b_16e_instruct,GA_FIXED,pin_pattern,secret_pin,25,True,True,"[7, 3, 9, 1]",0.0,secret_pin,29,2400,0.013069708016701043
no_semantic_meta_llama_llama_4_scout_17b_16e_instruct,GA_FIXED,pin_pattern,secret_pin,26,True,True,"[7, 3, 9, 1]",0.0,secret_pin,62,5040,0.0276697080116719
no_semantic_meta_llama_llama_4_scout_17b_16e_instruct,GA_FIXED,pin_pattern,secret_pin,27,True,True,"[7, 3, 9, 1]",0.0,secret_pin,47,3840,0.02086337492801249
no_semantic_meta_llama_llama_4_scout_17b_16e_instruct,GA_FIXED,pin_pattern,secret_pin,28,True,True,"[7, 3, 9, 1]",0.0,secret_pin,73,5920,0.03269008290953934
no_semantic_meta_llama_llama_4_scout_17b_16e_instruct,GA_FIXED,pin_pattern,secret_pin,29,True,True,"[7, 3, 9, 1]",0.0,secret_pin,52,4240,0.023843417060561478
no_semantic_meta_llama_llama_4_scout_17b_16e_instruct,GA_FIXED,pin_pattern,all_same,0,True,True,"[66, 66, 66, 66]",0.0,all_same,10,880,0.0046291250037029386
no_semantic_meta_llama_llama_4_scout_17b_16e_instruct,GA_FIXED,pin_pattern,all_same,1,True,True,"[54, 54, 54, 54]",0.0,all_same,22,1840,0.010031125042587519
no_semantic_meta_llama_llama_4_scout_17b_16e_instruct,GA_FIXED,pin_pattern,all_same,2,True,True,"[44, 44, 44, 44]",0.0,all_same,19,1600,0.008559791021980345
no_semantic_meta_llama_llama_4_scout_17b_16e_instruct,GA_FIXED,pin_pattern,all_same,3,True,True,"[52, 52, 52, 52]",0.0,all_same,24,2000,0.011036874959245324
no_semantic_meta_llama_llama_4_scout_17b_16e_instruct,GA_FIXED,pin_pattern,all_same,4,True,True,"[52, 52, 52, 52]",0.0,all_same,20,1680,0.008936583064496517
no_semantic_meta_llama_llama_4_scout_17b_16e_instruct,GA_FIXED,pin_pattern,all_same,5,True,True,"[42, 42, 42, 42]",0.0,all_same,33,2720,0.01462366699706763
no_semantic_meta_llama_llama_4_scout_17b_16e_instruct,GA_FIXED,pin_pattern,all_same,6,True,True,"[39, 39, 39, 39]",0.0,all_same,42,3440,0.018961875000968575
no_semantic_meta_llama_llama_4_scout_17b_16e_instruct,GA_FIXED,pin_pattern,all_same,7,True,True,"[15, 15, 15, 15]",0.0,all_same,15,1280,0.006685458007268608
no_semantic_meta_llama_llama_4_scout_17b_16e_instruct,GA_FIXED,pin_pattern,all_same,8,True,True,"[86, 86, 86, 86]",0.0,all_same,10,880,0.004646499990485609
no_semantic_meta_llama_llama_4_scout_17b_16e_instruct,GA_FIXED,pin_pattern,all_same,9,True,True,"[30, 30, 30, 30]",0.0,all_same,45,3680,0.02037420799024403
no_semantic_meta_llama_llama_4_scout_17b_16e_instruct,GA_FIXED,pin_pattern,all_same,10,True,True,"[34, 34, 34, 34]",0.0,all_same,23,1920,0.010315667022950947
no_semantic_meta_llama_llama_4_scout_17b_16e_instruct,GA_FIXED,pin_pattern,all_same,11,True,True,"[53, 53, 53, 53]",0.0,all_same,27,2240,0.011766084004193544
no_semantic_meta_llama_llama_4_scout_17b_16e_instruct,GA_FIXED,pin_pattern,all_same,12,True,True,"[52, 52, 52, 52]",0.0,all_same,39,3200,0.01699854200705886
no_semantic_meta_llama_llama_4_scout_17b_16e_instruct,GA_FIXED,pin_pattern,all_same,13,True,True,"[72, 72, 72, 72]",0.0,all_same,11,960,0.004885250004008412
no_semantic_meta_llama_llama_4_scout_17b_16e_instruct,GA_FIXED,pin_pattern,all_same,14,True,True,"[74, 74, 74, 74]",0.0,all_same,35,2880,0.015119791030883789
no_semantic_meta_llama_llama_4_scout_17b_16e_instruct,GA_FIXED,pin_pattern,all_same,15,True,True,"[51, 51, 51, 51]",0.0,all_same,23,1920,0.010022917063906789
no_semantic_meta_llama_llama_4_scout_17b_16e_instruct,GA_FIXED,pin_pattern,all_same,16,True,True,"[66, 66, 66, 66]",0.0,all_same,41,3360,0.017849583993665874
no_semantic_meta_llama_llama_4_scout_17b_16e_instruct,GA_FIXED,pin_pattern,all_same,17,True,True,"[45, 45, 45, 45]",0.0,all_same,11,960,0.004956915974617004
no_semantic_meta_llama_llama_4_scout_17b_16e_instruct,GA_FIXED,pin_pattern,all_same,18,True,True,"[60, 60, 60, 60]",0.0,all_same,15,1280,0.0067882920848205686
no_semantic_meta_llama_llama_4_scout_17b_16e_instruct,GA_FIXED,pin_pattern,all_same,19,True,True,"[60, 60, 60, 60]",0.0,all_same,16,1360,0.0071382500464096665
no_semantic_meta_llama_llama_4_scout_17b_16e_instruct,GA_FIXED,pin_pattern,all_same,20,True,True,"[46, 46, 46, 46]",0.0,all_same,15,1280,0.006701834034174681
no_semantic_meta_llama_llama_4_scout_17b_16e_instruct,GA_FIXED,pin_pattern,all_same,21,True,True,"[49, 49, 49, 49]",0.0,all_same,38,3120,0.016672666068188846
no_semantic_meta_llama_llama_4_scout_17b_16e_instruct,GA_FIXED,pin_pattern,all_same,22,True,True,"[36, 36, 36, 36]",0.0,all_same,32,2640,0.014170125010423362
no_semantic_meta_llama_llama_4_scout_17b_16e_instruct,GA_FIXED,pin_pattern,all_same,23,True,True,"[59, 59, 59, 59]",0.0,all_same,42,3440,0.018554917071014643
no_semantic_meta_llama_llama_4_scout_17b_16e_instruct,GA_FIXED,pin_pattern,all_same,24,True,True,"[49, 49, 49, 49]",0.0,all_same,36,2960,0.015953583060763776
no_semantic_meta_llama_llama_4_scout_17b_16e_instruct,GA_FIXED,pin_pattern,all_same,25,True,True,"[23, 23, 23, 23]",0.0,all_same,38,3120,0.016778791905380785
no_semantic_meta_llama_llama_4_scout_17b_16e_instruct,GA_FIXED,pin_pattern,all_same,26,True,True,"[63, 63, 63, 63]",0.0,all_same,24,2000,0.01063274999614805
no_semantic_meta_llama_llama_4_scout_17b_16e_instruct,GA_FIXED,pin_pattern,all_same,27,True,True,"[31, 31, 31, 31]",0.0,all_same,43,3520,0.018772833049297333
no_semantic_meta_llama_llama_4_scout_17b_16e_instruct,GA_FIXED,pin_pattern,all_same,28,True,True,"[17, 17, 17, 17]",0.0,all_same,36,2960,0.01580825005657971
no_semantic_meta_llama_llama_4_scout_17b_16e_instruct,GA_FIXED,pin_pattern,all_same,29,True,True,"[48, 48, 48, 48]",0.0,all_same,41,3360,0.01786874991375953
no_semantic_meta_llama_llama_4_scout_17b_16e_instruct,GA_FIXED,pin_pattern,ordered_sum_20,0,True,True,"[0, 0, 10, 10]",0.0,ordered_sum_20,13,1120,0.006020083092153072
no_semantic_meta_llama_llama_4_scout_17b_16e_instruct,GA_FIXED,pin_pattern,ordered_sum_20,1,True,True,"[0, 0, 5, 15]",0.0,ordered_sum_20,12,1040,0.00551295792683959
no_semantic_meta_llama_llama_4_scout_17b_16e_instruct,GA_FIXED,pin_pattern,ordered_sum_20,2,True,True,"[4, 4, 6, 6]",0.0,ordered_sum_20,8,720,0.0037203339161351323
no_semantic_meta_llama_llama_4_scout_17b_16e_instruct,GA_FIXED,pin_pattern,ordered_sum_20,3,True,True,"[1, 4, 4, 11]",0.0,ordered_sum_20,9,800,0.0042255830485373735
no_semantic_meta_llama_llama_4_scout_17b_16e_instruct,GA_FIXED,pin_pattern,ordered_sum_20,4,True,True,"[0, 0, 9, 11]",0.0,ordered_sum_20,7,640,0.003301416989415884
no_semantic_meta_llama_llama_4_scout_17b_16e_instruct,GA_FIXED,pin_pattern,ordered_sum_20,5,True,True,"[0, 2, 8, 10]",0.0,ordered_sum_20,7,640,0.003261375008150935
no_semantic_meta_llama_llama_4_scout_17b_16e_instruct,GA_FIXED,pin_pattern,ordered_sum_20,6,True,True,"[5, 5, 5, 5]",0.0,ordered_sum_20,13,1120,0.006040459033101797
no_semantic_meta_llama_llama_4_scout_17b_16e_instruct,GA_FIXED,pin_pattern,ordered_sum_20,7,True,True,"[0, 5, 5, 10]",0.0,ordered_sum_20,5,480,0.002389000030234456
no_semantic_meta_llama_llama_4_scout_17b_16e_instruct,GA_FIXED,pin_pattern,ordered_sum_20,8,True,True,"[0, 3, 6, 11]",0.0,ordered_sum_20,20,1680,0.00921854202169925
no_semantic_meta_llama_llama_4_scout_17b_16e_instruct,GA_FIXED,pin_pattern,ordered_sum_20,9,True,True,"[0, 1, 3, 16]",0.0,ordered_sum_20,8,720,0.0037515830481424928
no_semantic_meta_llama_llama_4_scout_17b_16e_instruct,GA_FIXED,pin_pattern,ordered_sum_20,10,True,True,"[4, 5, 5, 6]",0.0,ordered_sum_20,15,1280,0.006949790986254811
no_semantic_meta_llama_llama_4_scout_17b_16e_instruct,GA_FIXED,pin_pattern,ordered_sum_20,11,True,True,"[0, 0, 7, 13]",0.0,ordered_sum_20,8,720,0.003717707935720682
no_semantic_meta_llama_llama_4_scout_17b_16e_instruct,GA_FIXED,pin_pattern,ordered_sum_20,12,True,True,"[1, 2, 6, 11]",0.0,ordered_sum_20,9,800,0.004183792043477297
no_semantic_meta_llama_llama_4_scout_17b_16e_instruct,GA_FIXED,pin_pattern,ordered_sum_20,13,True,True,"[0, 1, 4, 15]",0.0,ordered_sum_20,11,960,0.005040249903686345
no_semantic_meta_llama_llama_4_scout_17b_16e_instruct,GA_FIXED,pin_pattern,ordered_sum_20,14,True,True,"[0, 0, 0, 20]",0.0,ordered_sum_20,6,560,0.002832166966982186
no_semantic_meta_llama_llama_4_scout_17b_16e_instruct,GA_FIXED,pin_pattern,ordered_sum_20,15,True,True,"[0, 0, 4, 16]",0.0,ordered_sum_20,8,720,0.003771957941353321
no_semantic_meta_llama_llama_4_scout_17b_16e_instruct,GA_FIXED,pin_pattern,ordered_sum_20,16,True,True,"[0, 5, 5, 10]",0.0,ordered_sum_20,9,800,0.004266249947249889
no_semantic_meta_llama_llama_4_scout_17b_16e_instruct,GA_FIXED,pin_pattern,ordered_sum_20,17,True,True,"[0, 3, 6, 11]",0.0,ordered_sum_20,8,720,0.003744125016964972
no_semantic_meta_llama_llama_4_scout_17b_16e_instruct,GA_FIXED,pin_pattern,ordered_sum_20,18,True,True,"[0, 0, 0, 20]",0.0,ordered_sum_20,8,720,0.003731624921783805
no_semantic_meta_llama_llama_4_scout_17b_16e_instruct,GA_FIXED,pin_pattern,ordered_sum_20,19,True,True,"[0, 6, 6, 8]",0.0,ordered_sum_20,12,1040,0.005529499961994588
no_semantic_meta_llama_llama_4_scout_17b_16e_instruct,GA_FIXED,pin_pattern,ordered_sum_20,20,True,True,"[0, 0, 9, 11]",0.0,ordered_sum_20,5,480,0.002400917001068592
no_semantic_meta_llama_llama_4_scout_17b_16e_instruct,GA_FIXED,pin_pattern,ordered_sum_20,21,True,True,"[0, 0, 7, 13]",0.0,ordered_sum_20,8,720,0.003758665989153087
no_semantic_meta_llama_llama_4_scout_17b_16e_instruct,GA_FIXED,pin_pattern,ordered_sum_20,22,True,True,"[0, 3, 5, 12]",0.0,ordered_sum_20,14,1200,0.006531041930429637
no_semantic_meta_llama_llama_4_scout_17b_16e_instruct,GA_FIXED,pin_pattern,ordered_sum_20,23,True,True,"[0, 0, 7, 13]",0.0,ordered_sum_20,8,720,0.003726834082044661
no_semantic_meta_llama_llama_4_scout_17b_16e_instruct,GA_FIXED,pin_pattern,ordered_sum_20,24,True,True,"[0, 0, 5, 15]",0.0,ordered_sum_20,15,1280,0.006915624951943755
no_semantic_meta_llama_llama_4_scout_17b_16e_instruct,GA_FIXED,pin_pattern,ordered_sum_20,25,True,True,"[0, 0, 4, 16]",0.0,ordered_sum_20,8,720,0.0037291250191628933
no_semantic_meta_llama_llama_4_scout_17b_16e_instruct,GA_FIXED,pin_pattern,ordered_sum_20,26,True,True,"[0, 5, 7, 8]",0.0,ordered_sum_20,15,1280,0.006856749998405576
no_semantic_meta_llama_llama_4_scout_17b_16e_instruct,GA_FIXED,pin_pattern,ordered_sum_20,27,True,True,"[0, 0, 1, 19]",0.0,ordered_sum_20,12,1040,0.005590624990873039
no_semantic_meta_llama_llama_4_scout_17b_16e_instruct,GA_FIXED,pin_pattern,ordered_sum_20,28,True,True,"[4, 4, 5, 7]",0.0,ordered_sum_20,6,560,0.0028316660318523645
no_semantic_meta_llama_llama_4_scout_17b_16e_instruct,GA_FIXED,pin_pattern,ordered_sum_20,29,True,True,"[0, 5, 5, 10]",0.0,ordered_sum_20,9,800,0.004285375005565584
no_semantic_meta_llama_llama_4_scout_17b_16e_instruct,GA_FIXED,pin_pattern,other,0,True,True,"[22, 35, 21, 92]",0.0,other,0,80,0.00012091593816876411
no_semantic_meta_llama_llama_4_scout_17b_16e_instruct,GA_FIXED,pin_pattern,other,1,True,True,"[42, 94, 70, 92]",0.0,other,0,80,0.00011966691818088293
no_semantic_meta_llama_llama_4_scout_17b_16e_instruct,GA_FIXED,pin_pattern,other,2,True,True,"[98, 22, 15, 66]",0.0,other,0,80,0.00011704093776643276
no_semantic_meta_llama_llama_4_scout_17b_16e_instruct,GA_FIXED,pin_pattern,other,3,True,True,"[36, 36, 83, 75]",0.0,other,0,80,0.00011829100549221039
no_semantic_meta_llama_llama_4_scout_17b_16e_instruct,GA_FIXED,pin_pattern,other,4,True,True,"[64, 95, 33, 60]",0.0,other,0,80,0.00011575000826269388
no_semantic_meta_llama_llama_4_scout_17b_16e_instruct,GA_FIXED,pin_pattern,other,5,True,True,"[25, 38, 54, 95]",0.0,other,0,80,0.0001170419855043292
no_semantic_meta_llama_llama_4_scout_17b_16e_instruct,GA_FIXED,pin_pattern,other,6,True,True,"[5, 0, 48, 19]",0.0,other,0,80,0.00011587492190301418
no_semantic_meta_llama_llama_4_scout_17b_16e_instruct,GA_FIXED,pin_pattern,other,7,True,True,"[46, 36, 74, 42]",0.0,other,0,80,0.00011570798233151436
no_semantic_meta_llama_llama_4_scout_17b_16e_instruct,GA_FIXED,pin_pattern,other,8,True,True,"[28, 62, 44, 35]",0.0,other,0,80,0.0001176249934360385
no_semantic_meta_llama_llama_4_scout_17b_16e_instruct,GA_FIXED,pin_pattern,other,9,True,True,"[72, 70, 25, 94]",0.0,other,0,80,0.00011512497439980507
no_semantic_meta_llama_llama_4_scout_17b_16e_instruct,GA_FIXED,pin_pattern,other,10,True,True,"[42, 83, 26, 24]",0.0,other,0,80,0.00011587503831833601
no_semantic_meta_llama_llama_4_scout_17b_16e_instruct,GA_FIXED,pin_pattern,other,11,True,True,"[34, 28, 49, 55]",0.0,other,0,80,0.00011679204180836678
no_semantic_meta_llama_llama_4_scout_17b_16e_instruct,GA_FIXED,pin_pattern,other,12,True,True,"[99, 70, 76, 31]",0.0,other,0,80,0.00011370796710252762
no_semantic_meta_llama_llama_4_scout_17b_16e_instruct,GA_FIXED,pin_pattern,other,13,True,True,"[85, 72, 22, 68]",0.0,other,0,80,0.00011908297892659903
no_semantic_meta_llama_llama_4_scout_17b_16e_instruct,GA_FIXED,pin_pattern,other,14,True,True,"[71, 0, 70, 83]",0.0,other,0,80,0.0001163750421255827
no_semantic_meta_llama_llama_4_scout_17b_16e_instruct,GA_FIXED,pin_pattern,other,15,True,True,"[70, 18, 26, 9]",0.0,other,0,80,0.0001157920341938734
no_semantic_meta_llama_llama_4_scout_17b_16e_instruct,GA_FIXED,pin_pattern,other,16,True,True,"[74, 21, 92, 80]",0.0,other,0,80,0.00011683302000164986
no_semantic_meta_llama_llama_4_scout_17b_16e_instruct,GA_FIXED,pin_pattern,other,17,True,True,"[57, 81, 43, 73]",0.0,other,0,80,0.00011424999684095383
no_semantic_meta_llama_llama_4_scout_17b_16e_instruct,GA_FIXED,pin_pattern,other,18,True,True,"[36, 49, 59, 24]",0.0,other,0,80,0.00011604104656726122
no_semantic_meta_llama_llama_4_scout_17b_16e_instruct,GA_FIXED,pin_pattern,other,19,True,True,"[1, 68, 46, 99]",0.0,other,0,80,0.00011925003491342068
no_semantic_meta_llama_llama_4_scout_17b_16e_instruct,GA_FIXED,pin_pattern,other,20,True,True,"[23, 93, 21, 67]",0.0,other,0,80,0.00011462497059255838
no_semantic_meta_llama_llama_4_scout_17b_16e_instruct,GA_FIXED,pin_pattern,other,21,True,True,"[70, 67, 36, 47]",0.0,other,0,80,0.0001139170490205288
no_semantic_meta_llama_llama_4_scout_17b_16e_instruct,GA_FIXED,pin_pattern,other,22,True,True,"[54, 50, 65, 14]",0.0,other,0,80,0.00011516595259308815
no_semantic_meta_llama_llama_4_scout_17b_16e_instruct,GA_FIXED,pin_pattern,other,23,True,True,"[48, 37, 10, 18]",0.0,other,0,80,0.0001128750154748559
no_semantic_meta_llama_llama_4_scout_17b_16e_instruct,GA_FIXED,pin_pattern,other,24,True,True,"[26, 19, 18, 56]",0.0,other,0,80,0.00011404103133827448
no_semantic_meta_llama_llama_4_scout_17b_16e_instruct,GA_FIXED,pin_pattern,other,25,True,True,"[52, 2, 76, 16]",0.0,other,0,80,0.00012199999764561653
no_semantic_meta_llama_llama_4_scout_17b_16e_instruct,GA_FIXED,pin_pattern,other,26,True,True,"[43, 2, 100, 29]",0.0,other,0,80,0.00011404091492295265
no_semantic_meta_llama_llama_4_scout_17b_16e_instruct,GA_FIXED,pin_pattern,other,27,True,True,"[65, 80, 70, 74]",0.0,other,0,80,0.00011470809113234282
no_semantic_meta_llama_llama_4_scout_17b_16e_instruct,GA_FIXED,pin_pattern,other,28,True,True,"[92, 22, 32, 25]",0.0,other,0,80,0.00011550006456673145
no_semantic_meta_llama_llama_4_scout_17b_16e_instruct,GA_FIXED,pin_pattern,other,29,True,True,"[9, 9, 78, 8]",0.0,other,0,80,0.00011641695164144039
no_semantic_meta_llama_llama_4_scout_17b_16e_instruct,GA_FIXED,shipping_discount,invalid,0,False,False,,inf,,0,8080,0.044771375018171966
no_semantic_meta_llama_llama_4_scout_17b_16e_instruct,GA_FIXED,shipping_discount,invalid,1,False,False,,inf,,0,8080,0.04457995796110481
no_semantic_meta_llama_llama_4_scout_17b_16e_instruct,GA_FIXED,shipping_discount,invalid,2,False,False,,inf,,0,8080,0.044428166933357716
no_semantic_meta_llama_llama_4_scout_17b_16e_instruct,GA_FIXED,shipping_discount,invalid,3,False,False,,inf,,0,8080,0.04445495898835361
no_semantic_meta_llama_llama_4_scout_17b_16e_instruct,GA_FIXED,shipping_discount,invalid,4,False,False,,inf,,0,8080,0.044308791984803975
no_semantic_meta_llama_llama_4_scout_17b_16e_instruct,GA_FIXED,shipping_discount,invalid,5,False,False,,inf,,0,8080,0.044489832944236696
no_semantic_meta_llama_llama_4_scout_17b_16e_instruct,GA_FIXED,shipping_discount,invalid,6,False,False,,inf,,0,8080,0.04449987504631281
no_semantic_meta_llama_llama_4_scout_17b_16e_instruct,GA_FIXED,shipping_discount,invalid,7,False,False,,inf,,0,8080,0.04450716602150351
no_semantic_meta_llama_llama_4_scout_17b_16e_instruct,GA_FIXED,shipping_discount,invalid,8,False,False,,inf,,0,8080,0.044424416963011026
no_semantic_meta_llama_llama_4_scout_17b_16e_instruct,GA_FIXED,shipping_discount,invalid,9,False,False,,inf,,0,8080,0.04445012495853007
no_semantic_meta_llama_llama_4_scout_17b_16e_instruct,GA_FIXED,shipping_discount,invalid,10,False,False,,inf,,0,8080,0.044438499957323074
no_semantic_meta_llama_llama_4_scout_17b_16e_instruct,GA_FIXED,shipping_discount,invalid,11,False,False,,inf,,0,8080,0.04451162496116012
no_semantic_meta_llama_llama_4_scout_17b_16e_instruct,GA_FIXED,shipping_discount,invalid,12,False,False,,inf,,0,8080,0.04557845904491842
no_semantic_meta_llama_llama_4_scout_17b_16e_instruct,GA_FIXED,shipping_discount,invalid,13,False,False,,inf,,0,8080,0.04529312497470528
no_semantic_meta_llama_llama_4_scout_17b_16e_instruct,GA_FIXED,shipping_discount,invalid,14,False,False,,inf,,0,8080,0.04450737498700619
no_semantic_meta_llama_llama_4_scout_17b_16e_instruct,GA_FIXED,shipping_discount,invalid,15,False,False,,inf,,0,8080,0.04437762498855591
no_semantic_meta_llama_llama_4_scout_17b_16e_instruct,GA_FIXED,shipping_discount,invalid,16,False,False,,inf,,0,8080,0.043995499960146844
no_semantic_meta_llama_llama_4_scout_17b_16e_instruct,GA_FIXED,shipping_discount,invalid,17,False,False,,inf,,0,8080,0.04396262508817017
no_semantic_meta_llama_llama_4_scout_17b_16e_instruct,GA_FIXED,shipping_discount,invalid,18,False,False,,inf,,0,8080,0.043884500046260655
no_semantic_meta_llama_llama_4_scout_17b_16e_instruct,GA_FIXED,shipping_discount,invalid,19,False,False,,inf,,0,8080,0.04395954101346433
no_semantic_meta_llama_llama_4_scout_17b_16e_instruct,GA_FIXED,shipping_discount,invalid,20,False,False,,inf,,0,8080,0.04410554200876504
no_semantic_meta_llama_llama_4_scout_17b_16e_instruct,GA_FIXED,shipping_discount,invalid,21,False,False,,inf,,0,8080,0.04406449990347028
no_semantic_meta_llama_llama_4_scout_17b_16e_instruct,GA_FIXED,shipping_discount,invalid,22,False,False,,inf,,0,8080,0.04386537498794496
no_semantic_meta_llama_llama_4_scout_17b_16e_instruct,GA_FIXED,shipping_discount,invalid,23,False,False,,inf,,0,8080,0.04403187497518957
no_semantic_meta_llama_llama_4_scout_17b_16e_instruct,GA_FIXED,shipping_discount,invalid,24,False,False,,inf,,0,8080,0.045168832992203534
no_semantic_meta_llama_llama_4_scout_17b_16e_instruct,GA_FIXED,shipping_discount,invalid,25,False,False,,inf,,0,8080,0.044048915966413915
no_semantic_meta_llama_llama_4_scout_17b_16e_instruct,GA_FIXED,shipping_discount,invalid,26,False,False,,inf,,0,8080,0.044111000024713576
no_semantic_meta_llama_llama_4_scout_17b_16e_instruct,GA_FIXED,shipping_discount,invalid,27,False,False,,inf,,0,8080,0.04409229103475809
no_semantic_meta_llama_llama_4_scout_17b_16e_instruct,GA_FIXED,shipping_discount,invalid,28,False,False,,inf,,0,8080,0.044075666926801205
no_semantic_meta_llama_llama_4_scout_17b_16e_instruct,GA_FIXED,shipping_discount,invalid,29,False,False,,inf,,0,8080,0.04407141695264727
no_semantic_meta_llama_llama_4_scout_17b_16e_instruct,GA_FIXED,shipping_discount,free_express_shipping,0,False,False,,inf,,0,8080,0.04444754193536937
no_semantic_meta_llama_llama_4_scout_17b_16e_instruct,GA_FIXED,shipping_discount,free_express_shipping,1,False,False,,inf,,0,8080,0.04449483403004706
no_semantic_meta_llama_llama_4_scout_17b_16e_instruct,GA_FIXED,shipping_discount,free_express_shipping,2,False,False,,inf,,0,8080,0.04450687498319894
no_semantic_meta_llama_llama_4_scout_17b_16e_instruct,GA_FIXED,shipping_discount,free_express_shipping,3,False,False,,inf,,0,8080,0.04450387496035546
no_semantic_meta_llama_llama_4_scout_17b_16e_instruct,GA_FIXED,shipping_discount,free_express_shipping,4,False,False,,inf,,0,8080,0.04591458407230675
no_semantic_meta_llama_llama_4_scout_17b_16e_instruct,GA_FIXED,shipping_discount,free_express_shipping,5,False,False,,inf,,0,8080,0.04581637494266033
no_semantic_meta_llama_llama_4_scout_17b_16e_instruct,GA_FIXED,shipping_discount,free_express_shipping,6,False,False,,inf,,0,8080,0.0454745419556275
no_semantic_meta_llama_llama_4_scout_17b_16e_instruct,GA_FIXED,shipping_discount,free_express_shipping,7,False,False,,inf,,0,8080,0.045622500008903444
no_semantic_meta_llama_llama_4_scout_17b_16e_instruct,GA_FIXED,shipping_discount,free_express_shipping,8,False,False,,inf,,0,8080,0.04586312500759959
no_semantic_meta_llama_llama_4_scout_17b_16e_instruct,GA_FIXED,shipping_discount,free_express_shipping,9,False,False,,inf,,0,8080,0.04542824998497963
no_semantic_meta_llama_llama_4_scout_17b_16e_instruct,GA_FIXED,shipping_discount,free_express_shipping,10,False,False,,inf,,0,8080,0.045578874996863306
no_semantic_meta_llama_llama_4_scout_17b_16e_instruct,GA_FIXED,shipping_discount,free_express_shipping,11,False,False,,inf,,0,8080,0.04501729097682983
no_semantic_meta_llama_llama_4_scout_17b_16e_instruct,GA_FIXED,shipping_discount,free_express_shipping,12,False,False,,inf,,0,8080,0.04514779208693653
no_semantic_meta_llama_llama_4_scout_17b_16e_instruct,GA_FIXED,shipping_discount,free_express_shipping,13,False,False,,inf,,0,8080,0.045143250026740134
no_semantic_meta_llama_llama_4_scout_17b_16e_instruct,GA_FIXED,shipping_discount,free_express_shipping,14,False,False,,inf,,0,8080,0.04497266700491309
no_semantic_meta_llama_llama_4_scout_17b_16e_instruct,GA_FIXED,shipping_discount,free_express_shipping,15,False,False,,inf,,0,8080,0.04483266710303724
no_semantic_meta_llama_llama_4_scout_17b_16e_instruct,GA_FIXED,shipping_discount,free_express_shipping,16,False,False,,inf,,0,8080,0.044434792012907565
no_semantic_meta_llama_llama_4_scout_17b_16e_instruct,GA_FIXED,shipping_discount,free_express_shipping,17,False,False,,inf,,0,8080,0.04480291600339115
no_semantic_meta_llama_llama_4_scout_17b_16e_instruct,GA_FIXED,shipping_discount,free_express_shipping,18,False,False,,inf,,0,8080,0.04470687499269843
no_semantic_meta_llama_llama_4_scout_17b_16e_instruct,GA_FIXED,shipping_discount,free_express_shipping,19,False,False,,inf,,0,8080,0.0445492499275133
no_semantic_meta_llama_llama_4_scout_17b_16e_instruct,GA_FIXED,shipping_discount,free_express_shipping,20,False,False,,inf,,0,8080,0.044324500020593405
no_semantic_meta_llama_llama_4_scout_17b_16e_instruct,GA_FIXED,shipping_discount,free_express_shipping,21,False,False,,inf,,0,8080,0.044468792038969696
no_semantic_meta_llama_llama_4_scout_17b_16e_instruct,GA_FIXED,shipping_discount,free_express_shipping,22,False,False,,inf,,0,8080,0.044314209022559226
no_semantic_meta_llama_llama_4_scout_17b_16e_instruct,GA_FIXED,shipping_discount,free_express_shipping,23,False,False,,inf,,0,8080,0.04446216695941985
no_semantic_meta_llama_llama_4_scout_17b_16e_instruct,GA_FIXED,shipping_discount,free_express_shipping,24,False,False,,inf,,0,8080,0.044960625004023314
no_semantic_meta_llama_llama_4_scout_17b_16e_instruct,GA_FIXED,shipping_discount,free_express_shipping,25,False,False,,inf,,0,8080,0.044368374976329505
no_semantic_meta_llama_llama_4_scout_17b_16e_instruct,GA_FIXED,shipping_discount,free_express_shipping,26,False,False,,inf,,0,8080,0.044229624909348786
no_semantic_meta_llama_llama_4_scout_17b_16e_instruct,GA_FIXED,shipping_discount,free_express_shipping,27,False,False,,inf,,0,8080,0.04450458299834281
no_semantic_meta_llama_llama_4_scout_17b_16e_instruct,GA_FIXED,shipping_discount,free_express_shipping,28,False,False,,inf,,0,8080,0.044738124939613044
no_semantic_meta_llama_llama_4_scout_17b_16e_instruct,GA_FIXED,shipping_discount,free_express_shipping,29,False,False,,inf,,0,8080,0.044582208967767656
no_semantic_meta_llama_llama_4_scout_17b_16e_instruct,GA_FIXED,shipping_discount,standard_discount,0,False,False,,inf,,0,8080,0.044692917028442025
no_semantic_meta_llama_llama_4_scout_17b_16e_instruct,GA_FIXED,shipping_discount,standard_discount,1,False,False,,inf,,0,8080,0.04472716595046222
no_semantic_meta_llama_llama_4_scout_17b_16e_instruct,GA_FIXED,shipping_discount,standard_discount,2,False,False,,inf,,0,8080,0.04466825001873076
no_semantic_meta_llama_llama_4_scout_17b_16e_instruct,GA_FIXED,shipping_discount,standard_discount,3,False,False,,inf,,0,8080,0.04417554207611829
no_semantic_meta_llama_llama_4_scout_17b_16e_instruct,GA_FIXED,shipping_discount,standard_discount,4,False,False,,inf,,0,8080,0.04538495803717524
no_semantic_meta_llama_llama_4_scout_17b_16e_instruct,GA_FIXED,shipping_discount,standard_discount,5,False,False,,inf,,0,8080,0.0444630830315873
no_semantic_meta_llama_llama_4_scout_17b_16e_instruct,GA_FIXED,shipping_discount,standard_discount,6,False,False,,inf,,0,8080,0.0469371669460088
no_semantic_meta_llama_llama_4_scout_17b_16e_instruct,GA_FIXED,shipping_discount,standard_discount,7,False,False,,inf,,0,8080,0.04740199993830174
no_semantic_meta_llama_llama_4_scout_17b_16e_instruct,GA_FIXED,shipping_discount,standard_discount,8,False,False,,inf,,0,8080,0.047194667044095695
no_semantic_meta_llama_llama_4_scout_17b_16e_instruct,GA_FIXED,shipping_discount,standard_discount,9,False,False,,inf,,0,8080,0.04483062506187707
no_semantic_meta_llama_llama_4_scout_17b_16e_instruct,GA_FIXED,shipping_discount,standard_discount,10,False,False,,inf,,0,8080,0.04535712499637157
no_semantic_meta_llama_llama_4_scout_17b_16e_instruct,GA_FIXED,shipping_discount,standard_discount,11,False,False,,inf,,0,8080,0.04551733296830207
no_semantic_meta_llama_llama_4_scout_17b_16e_instruct,GA_FIXED,shipping_discount,standard_discount,12,False,False,,inf,,0,8080,0.04559691599570215
no_semantic_meta_llama_llama_4_scout_17b_16e_instruct,GA_FIXED,shipping_discount,standard_discount,13,False,False,,inf,,0,8080,0.0461972919292748
no_semantic_meta_llama_llama_4_scout_17b_16e_instruct,GA_FIXED,shipping_discount,standard_discount,14,False,False,,inf,,0,8080,0.046939083957113326
no_semantic_meta_llama_llama_4_scout_17b_16e_instruct,GA_FIXED,shipping_discount,standard_discount,15,False,False,,inf,,0,8080,0.04469954199157655
no_semantic_meta_llama_llama_4_scout_17b_16e_instruct,GA_FIXED,shipping_discount,standard_discount,16,False,False,,inf,,0,8080,0.04413620801642537
no_semantic_meta_llama_llama_4_scout_17b_16e_instruct,GA_FIXED,shipping_discount,standard_discount,17,False,False,,inf,,0,8080,0.04411483299918473
no_semantic_meta_llama_llama_4_scout_17b_16e_instruct,GA_FIXED,shipping_discount,standard_discount,18,False,False,,inf,,0,8080,0.04485820792615414
no_semantic_meta_llama_llama_4_scout_17b_16e_instruct,GA_FIXED,shipping_discount,standard_discount,19,False,False,,inf,,0,8080,0.04489224997814745
no_semantic_meta_llama_llama_4_scout_17b_16e_instruct,GA_FIXED,shipping_discount,standard_discount,20,False,False,,inf,,0,8080,0.04480345791671425
no_semantic_meta_llama_llama_4_scout_17b_16e_instruct,GA_FIXED,shipping_discount,standard_discount,21,False,False,,inf,,0,8080,0.044827249948866665
no_semantic_meta_llama_llama_4_scout_17b_16e_instruct,GA_FIXED,shipping_discount,standard_discount,22,False,False,,inf,,0,8080,0.04461316706147045
no_semantic_meta_llama_llama_4_scout_17b_16e_instruct,GA_FIXED,shipping_discount,standard_discount,23,False,False,,inf,,0,8080,0.04467945802025497
no_semantic_meta_llama_llama_4_scout_17b_16e_instruct,GA_FIXED,shipping_discount,standard_discount,24,False,False,,inf,,0,8080,0.04420195799320936
no_semantic_meta_llama_llama_4_scout_17b_16e_instruct,GA_FIXED,shipping_discount,standard_discount,25,False,False,,inf,,0,8080,0.044607624993659556
no_semantic_meta_llama_llama_4_scout_17b_16e_instruct,GA_FIXED,shipping_discount,standard_discount,26,False,False,,inf,,0,8080,0.045870125060901046
no_semantic_meta_llama_llama_4_scout_17b_16e_instruct,GA_FIXED,shipping_discount,standard_discount,27,False,False,,inf,,0,8080,0.04483000002801418
no_semantic_meta_llama_llama_4_scout_17b_16e_instruct,GA_FIXED,shipping_discount,standard_discount,28,False,False,,inf,,0,8080,0.04458591702859849
no_semantic_meta_llama_llama_4_scout_17b_16e_instruct,GA_FIXED,shipping_discount,standard_discount,29,False,False,,inf,,0,8080,0.04467670898884535
no_semantic_meta_llama_llama_4_scout_17b_16e_instruct,GA_FIXED,shipping_discount,small_discount,0,False,False,,inf,,0,8080,0.04394566605333239
no_semantic_meta_llama_llama_4_scout_17b_16e_instruct,GA_FIXED,shipping_discount,small_discount,1,False,False,,inf,,0,8080,0.04447916697245091
no_semantic_meta_llama_llama_4_scout_17b_16e_instruct,GA_FIXED,shipping_discount,small_discount,2,False,False,,inf,,0,8080,0.04471766704227775
no_semantic_meta_llama_llama_4_scout_17b_16e_instruct,GA_FIXED,shipping_discount,small_discount,3,False,False,,inf,,0,8080,0.04458470898680389
no_semantic_meta_llama_llama_4_scout_17b_16e_instruct,GA_FIXED,shipping_discount,small_discount,4,False,False,,inf,,0,8080,0.043981791008263826
no_semantic_meta_llama_llama_4_scout_17b_16e_instruct,GA_FIXED,shipping_discount,small_discount,5,False,False,,inf,,0,8080,0.0440180420409888
no_semantic_meta_llama_llama_4_scout_17b_16e_instruct,GA_FIXED,shipping_discount,small_discount,6,False,False,,inf,,0,8080,0.04391429200768471
no_semantic_meta_llama_llama_4_scout_17b_16e_instruct,GA_FIXED,shipping_discount,small_discount,7,False,False,,inf,,0,8080,0.04480562498793006
no_semantic_meta_llama_llama_4_scout_17b_16e_instruct,GA_FIXED,shipping_discount,small_discount,8,False,False,,inf,,0,8080,0.04463150002993643
no_semantic_meta_llama_llama_4_scout_17b_16e_instruct,GA_FIXED,shipping_discount,small_discount,9,False,False,,inf,,0,8080,0.04445416701491922
no_semantic_meta_llama_llama_4_scout_17b_16e_instruct,GA_FIXED,shipping_discount,small_discount,10,False,False,,inf,,0,8080,0.045000916928984225
no_semantic_meta_llama_llama_4_scout_17b_16e_instruct,GA_FIXED,shipping_discount,small_discount,11,False,False,,inf,,0,8080,0.044465291080996394
no_semantic_meta_llama_llama_4_scout_17b_16e_instruct,GA_FIXED,shipping_discount,small_discount,12,False,False,,inf,,0,8080,0.04441770794801414
no_semantic_meta_llama_llama_4_scout_17b_16e_instruct,GA_FIXED,shipping_discount,small_discount,13,False,False,,inf,,0,8080,0.044342707959003747
no_semantic_meta_llama_llama_4_scout_17b_16e_instruct,GA_FIXED,shipping_discount,small_discount,14,False,False,,inf,,0,8080,0.044066417030990124
no_semantic_meta_llama_llama_4_scout_17b_16e_instruct,GA_FIXED,shipping_discount,small_discount,15,False,False,,inf,,0,8080,0.04436866694595665
no_semantic_meta_llama_llama_4_scout_17b_16e_instruct,GA_FIXED,shipping_discount,small_discount,16,False,False,,inf,,0,8080,0.044297499931417406
no_semantic_meta_llama_llama_4_scout_17b_16e_instruct,GA_FIXED,shipping_discount,small_discount,17,False,False,,inf,,0,8080,0.04462233302183449
no_semantic_meta_llama_llama_4_scout_17b_16e_instruct,GA_FIXED,shipping_discount,small_discount,18,False,False,,inf,,0,8080,0.04462241707369685
no_semantic_meta_llama_llama_4_scout_17b_16e_instruct,GA_FIXED,shipping_discount,small_discount,19,False,False,,inf,,0,8080,0.04480941698420793
no_semantic_meta_llama_llama_4_scout_17b_16e_instruct,GA_FIXED,shipping_discount,small_discount,20,False,False,,inf,,0,8080,0.04447541700210422
no_semantic_meta_llama_llama_4_scout_17b_16e_instruct,GA_FIXED,shipping_discount,small_discount,21,False,False,,inf,,0,8080,0.04443749994970858
no_semantic_meta_llama_llama_4_scout_17b_16e_instruct,GA_FIXED,shipping_discount,small_discount,22,False,False,,inf,,0,8080,0.044526792014949024
no_semantic_meta_llama_llama_4_scout_17b_16e_instruct,GA_FIXED,shipping_discount,small_discount,23,False,False,,inf,,0,8080,0.04437729204073548
no_semantic_meta_llama_llama_4_scout_17b_16e_instruct,GA_FIXED,shipping_discount,small_discount,24,False,False,,inf,,0,8080,0.04379733302630484
no_semantic_meta_llama_llama_4_scout_17b_16e_instruct,GA_FIXED,shipping_discount,small_discount,25,False,False,,inf,,0,8080,0.04416499997023493
no_semantic_meta_llama_llama_4_scout_17b_16e_instruct,GA_FIXED,shipping_discount,small_discount,26,False,False,,inf,,0,8080,0.046141291968524456
no_semantic_meta_llama_llama_4_scout_17b_16e_instruct,GA_FIXED,shipping_discount,small_discount,27,False,False,,inf,,0,8080,0.046186915948055685
no_semantic_meta_llama_llama_4_scout_17b_16e_instruct,GA_FIXED,shipping_discount,small_discount,28,False,False,,inf,,0,8080,0.0463585410034284
no_semantic_meta_llama_llama_4_scout_17b_16e_instruct,GA_FIXED,shipping_discount,small_discount,29,False,False,,inf,,0,8080,0.045779833919368684
no_semantic_meta_llama_llama_4_scout_17b_16e_instruct,GA_FIXED,shipping_discount,no_discount,0,False,False,,inf,,0,8080,0.04464924999047071
no_semantic_meta_llama_llama_4_scout_17b_16e_instruct,GA_FIXED,shipping_discount,no_discount,1,False,False,,inf,,0,8080,0.04470083408523351
no_semantic_meta_llama_llama_4_scout_17b_16e_instruct,GA_FIXED,shipping_discount,no_discount,2,False,False,,inf,,0,8080,0.04443049989640713
no_semantic_meta_llama_llama_4_scout_17b_16e_instruct,GA_FIXED,shipping_discount,no_discount,3,False,False,,inf,,0,8080,0.04444774996954948
no_semantic_meta_llama_llama_4_scout_17b_16e_instruct,GA_FIXED,shipping_discount,no_discount,4,False,False,,inf,,0,8080,0.044531250023283064
no_semantic_meta_llama_llama_4_scout_17b_16e_instruct,GA_FIXED,shipping_discount,no_discount,5,False,False,,inf,,0,8080,0.044568957993760705
no_semantic_meta_llama_llama_4_scout_17b_16e_instruct,GA_FIXED,shipping_discount,no_discount,6,False,False,,inf,,0,8080,0.04470195795875043
no_semantic_meta_llama_llama_4_scout_17b_16e_instruct,GA_FIXED,shipping_discount,no_discount,7,False,False,,inf,,0,8080,0.04409629094880074
no_semantic_meta_llama_llama_4_scout_17b_16e_instruct,GA_FIXED,shipping_discount,no_discount,8,False,False,,inf,,0,8080,0.04400008299853653
no_semantic_meta_llama_llama_4_scout_17b_16e_instruct,GA_FIXED,shipping_discount,no_discount,9,False,False,,inf,,0,8080,0.044017208041623235
no_semantic_meta_llama_llama_4_scout_17b_16e_instruct,GA_FIXED,shipping_discount,no_discount,10,False,False,,inf,,0,8080,0.04397041699849069
no_semantic_meta_llama_llama_4_scout_17b_16e_instruct,GA_FIXED,shipping_discount,no_discount,11,False,False,,inf,,0,8080,0.04399795806966722
no_semantic_meta_llama_llama_4_scout_17b_16e_instruct,GA_FIXED,shipping_discount,no_discount,12,False,False,,inf,,0,8080,0.04408212495036423
no_semantic_meta_llama_llama_4_scout_17b_16e_instruct,GA_FIXED,shipping_discount,no_discount,13,False,False,,inf,,0,8080,0.04399445804301649
no_semantic_meta_llama_llama_4_scout_17b_16e_instruct,GA_FIXED,shipping_discount,no_discount,14,False,False,,inf,,0,8080,0.044025750015862286
no_semantic_meta_llama_llama_4_scout_17b_16e_instruct,GA_FIXED,shipping_discount,no_discount,15,False,False,,inf,,0,8080,0.04400100000202656
no_semantic_meta_llama_llama_4_scout_17b_16e_instruct,GA_FIXED,shipping_discount,no_discount,16,False,False,,inf,,0,8080,0.044283665949478745
no_semantic_meta_llama_llama_4_scout_17b_16e_instruct,GA_FIXED,shipping_discount,no_discount,17,False,False,,inf,,0,8080,0.04462249996140599
no_semantic_meta_llama_llama_4_scout_17b_16e_instruct,GA_FIXED,shipping_discount,no_discount,18,False,False,,inf,,0,8080,0.04447058297228068
no_semantic_meta_llama_llama_4_scout_17b_16e_instruct,GA_FIXED,shipping_discount,no_discount,19,False,False,,inf,,0,8080,0.044745624996721745
no_semantic_meta_llama_llama_4_scout_17b_16e_instruct,GA_FIXED,shipping_discount,no_discount,20,False,False,,inf,,0,8080,0.04593579098582268
no_semantic_meta_llama_llama_4_scout_17b_16e_instruct,GA_FIXED,shipping_discount,no_discount,21,False,False,,inf,,0,8080,0.04553158301860094
no_semantic_meta_llama_llama_4_scout_17b_16e_instruct,GA_FIXED,shipping_discount,no_discount,22,False,False,,inf,,0,8080,0.04473266704007983
no_semantic_meta_llama_llama_4_scout_17b_16e_instruct,GA_FIXED,shipping_discount,no_discount,23,False,False,,inf,,0,8080,0.04464545799419284
no_semantic_meta_llama_llama_4_scout_17b_16e_instruct,GA_FIXED,shipping_discount,no_discount,24,False,False,,inf,,0,8080,0.04453104198910296
no_semantic_meta_llama_llama_4_scout_17b_16e_instruct,GA_FIXED,shipping_discount,no_discount,25,False,False,,inf,,0,8080,0.044567834003828466
no_semantic_meta_llama_llama_4_scout_17b_16e_instruct,GA_FIXED,shipping_discount,no_discount,26,False,False,,inf,,0,8080,0.04462145792786032
no_semantic_meta_llama_llama_4_scout_17b_16e_instruct,GA_FIXED,shipping_discount,no_discount,27,False,False,,inf,,0,8080,0.044816083973273635
no_semantic_meta_llama_llama_4_scout_17b_16e_instruct,GA_FIXED,shipping_discount,no_discount,28,False,False,,inf,,0,8080,0.0451212499756366
no_semantic_meta_llama_llama_4_scout_17b_16e_instruct,GA_FIXED,shipping_discount,no_discount,29,False,False,,inf,,0,8080,0.04447887500282377
no_semantic_meta_llama_llama_4_scout_17b_16e_instruct,GA_FIXED,sign_type,positive,0,True,True,[434.6431408538817],0.0,positive,0,80,5.0166971050202847e-05
no_semantic_meta_llama_llama_4_scout_17b_16e_instruct,GA_FIXED,sign_type,positive,1,True,True,[260.3794551121963],0.0,positive,0,80,3.795791417360306e-05
no_semantic_meta_llama_llama_4_scout_17b_16e_instruct,GA_FIXED,sign_type,positive,2,True,True,[438.684335332858],0.0,positive,0,80,3.970903344452381e-05
no_semantic_meta_llama_llama_4_scout_17b_16e_instruct,GA_FIXED,sign_type,positive,3,True,True,[965.2965371449893],0.0,positive,0,80,4.004209768027067e-05
no_semantic_meta_llama_llama_4_scout_17b_16e_instruct,GA_FIXED,sign_type,positive,4,True,True,[445.7255327441677],0.0,positive,0,80,3.9207981899380684e-05
no_semantic_meta_llama_llama_4_scout_17b_16e_instruct,GA_FIXED,sign_type,positive,5,True,True,[75.41297849836226],0.0,positive,0,80,4.000007174909115e-05
no_semantic_meta_llama_llama_4_scout_17b_16e_instruct,GA_FIXED,sign_type,positive,6,True,True,[991.0286849826572],0.0,positive,0,80,4.0583894588053226e-05
no_semantic_meta_llama_llama_4_scout_17b_16e_instruct,GA_FIXED,sign_type,positive,7,True,True,[787.8989944695586],0.0,positive,0,80,3.966700751334429e-05
no_semantic_meta_llama_llama_4_scout_17b_16e_instruct,GA_FIXED,sign_type,positive,8,True,True,[875.1920926704023],0.0,positive,0,80,3.91670037060976e-05
no_semantic_meta_llama_llama_4_scout_17b_16e_instruct,GA_FIXED,sign_type,positive,9,True,True,[50.73279023396082],0.0,positive,0,80,3.933301195502281e-05
no_semantic_meta_llama_llama_4_scout_17b_16e_instruct,GA_FIXED,sign_type,positive,10,True,True,[801.843842469672],0.0,positive,0,80,4.0041981264948845e-05
no_semantic_meta_llama_llama_4_scout_17b_16e_instruct,GA_FIXED,sign_type,positive,11,True,True,[109.12558212500933],0.0,positive,0,80,3.941706381738186e-05
no_semantic_meta_llama_llama_4_scout_17b_16e_instruct,GA_FIXED,sign_type,positive,12,True,True,[66.76729930467873],0.0,positive,0,80,3.945804201066494e-05
no_semantic_meta_llama_llama_4_scout_17b_16e_instruct,GA_FIXED,sign_type,positive,13,True,True,[985.0704067392685],0.0,positive,0,80,3.929203376173973e-05
no_semantic_meta_llama_llama_4_scout_17b_16e_instruct,GA_FIXED,sign_type,positive,14,True,True,[412.4418089331587],0.0,positive,0,80,3.912497777491808e-05
no_semantic_meta_llama_llama_4_scout_17b_16e_instruct,GA_FIXED,sign_type,positive,15,True,True,[294.84432000122894],0.0,positive,0,80,3.9917067624628544e-05
no_semantic_meta_llama_llama_4_scout_17b_16e_instruct,GA_FIXED,sign_type,positive,16,True,True,[475.6928247781224],0.0,positive,0,80,3.891694359481335e-05
no_semantic_meta_llama_llama_4_scout_17b_16e_instruct,GA_FIXED,sign_type,positive,17,True,True,[592.3394892374013],0.0,positive,0,80,3.887503407895565e-05
no_semantic_meta_llama_llama_4_scout_17b_16e_instruct,GA_FIXED,sign_type,positive,18,True,True,[544.1434729582314],0.0,positive,0,80,4.0082959458231926e-05
no_semantic_meta_llama_llama_4_scout_17b_16e_instruct,GA_FIXED,sign_type,positive,19,True,True,[922.2901831353531],0.0,positive,0,80,3.991695120930672e-05
no_semantic_meta_llama_llama_4_scout_17b_16e_instruct,GA_FIXED,sign_type,positive,20,True,True,[19.926156204070455],0.0,positive,0,80,3.9665959775447845e-05
no_semantic_meta_llama_llama_4_scout_17b_16e_instruct,GA_FIXED,sign_type,positive,21,True,True,[152.94096488324715],0.0,positive,0,80,3.89590859413147e-05
no_semantic_meta_llama_llama_4_scout_17b_16e_instruct,GA_FIXED,sign_type,positive,22,True,True,[837.5120178557],0.0,positive,0,80,3.6334036849439144e-05
no_semantic_meta_llama_llama_4_scout_17b_16e_instruct,GA_FIXED,sign_type,positive,23,True,True,[967.5989567368722],0.0,positive,0,80,3.9375037886202335e-05
no_semantic_meta_llama_llama_4_scout_17b_16e_instruct,GA_FIXED,sign_type,positive,24,True,True,[254.28655124659662],0.0,positive,0,80,3.8917060010135174e-05
no_semantic_meta_llama_llama_4_scout_17b_16e_instruct,GA_FIXED,sign_type,positive,25,True,True,[0.6020303691792739],0.0,positive,0,80,3.958295565098524e-05
no_semantic_meta_llama_llama_4_scout_17b_16e_instruct,GA_FIXED,sign_type,positive,26,True,True,[81.35480154823537],0.0,positive,0,80,3.899994771927595e-05
no_semantic_meta_llama_llama_4_scout_17b_16e_instruct,GA_FIXED,sign_type,positive,27,True,True,[165.8047012040882],0.0,positive,0,80,3.9207981899380684e-05
no_semantic_meta_llama_llama_4_scout_17b_16e_instruct,GA_FIXED,sign_type,positive,28,True,True,[570.1283776478609],0.0,positive,0,80,3.925000783056021e-05
no_semantic_meta_llama_llama_4_scout_17b_16e_instruct,GA_FIXED,sign_type,positive,29,True,True,[66.37045678280118],0.0,positive,0,80,3.929098602384329e-05
no_semantic_meta_llama_llama_4_scout_17b_16e_instruct,GA_FIXED,sign_type,negative,0,True,True,[0.0],0.0,negative,27,2240,0.008348083007149398
no_semantic_meta_llama_llama_4_scout_17b_16e_instruct,GA_FIXED,sign_type,negative,1,True,True,[0.0],0.0,negative,20,1680,0.006161249941214919
no_semantic_meta_llama_llama_4_scout_17b_16e_instruct,GA_FIXED,sign_type,negative,2,True,True,[0.0],0.0,negative,14,1200,0.004347375012002885
no_semantic_meta_llama_llama_4_scout_17b_16e_instruct,GA_FIXED,sign_type,negative,3,True,True,[0.0],0.0,negative,10,880,0.003118207911029458
no_semantic_meta_llama_llama_4_scout_17b_16e_instruct,GA_FIXED,sign_type,negative,4,True,True,[0.0],0.0,negative,14,1200,0.004325791960582137
no_semantic_meta_llama_llama_4_scout_17b_16e_instruct,GA_FIXED,sign_type,negative,5,True,True,[0.0],0.0,negative,14,1200,0.00433499994687736
no_semantic_meta_llama_llama_4_scout_17b_16e_instruct,GA_FIXED,sign_type,negative,6,True,True,[0.0],0.0,negative,33,2720,0.010164915933273733
no_semantic_meta_llama_llama_4_scout_17b_16e_instruct,GA_FIXED,sign_type,negative,7,True,True,[0.0],0.0,negative,4,400,0.0012739170342683792
no_semantic_meta_llama_llama_4_scout_17b_16e_instruct,GA_FIXED,sign_type,negative,8,True,True,[0.0],0.0,negative,23,1920,0.0071201660903170705
no_semantic_meta_llama_llama_4_scout_17b_16e_instruct,GA_FIXED,sign_type,negative,9,True,True,[0.0],0.0,negative,8,720,0.0024838749086484313
no_semantic_meta_llama_llama_4_scout_17b_16e_instruct,GA_FIXED,sign_type,negative,10,True,True,[0.0],0.0,negative,5,480,0.0015693750465288758
no_semantic_meta_llama_llama_4_scout_17b_16e_instruct,GA_FIXED,sign_type,negative,11,True,True,[0.0],0.0,negative,14,1200,0.004325916990637779
no_semantic_meta_llama_llama_4_scout_17b_16e_instruct,GA_FIXED,sign_type,negative,12,True,True,[0.0],0.0,negative,18,1520,0.005574667011387646
no_semantic_meta_llama_llama_4_scout_17b_16e_instruct,GA_FIXED,sign_type,negative,13,True,True,[0.0],0.0,negative,7,640,0.0021958330180495977
no_semantic_meta_llama_llama_4_scout_17b_16e_instruct,GA_FIXED,sign_type,negative,14,True,True,[0.0],0.0,negative,12,1040,0.0037263339618220925
no_semantic_meta_llama_llama_4_scout_17b_16e_instruct,GA_FIXED,sign_type,negative,15,True,True,[0.0],0.0,negative,3,320,0.0009730840101838112
no_semantic_meta_llama_llama_4_scout_17b_16e_instruct,GA_FIXED,sign_type,negative,16,True,True,[0.0],0.0,negative,48,3920,0.014817374991253018
no_semantic_meta_llama_llama_4_scout_17b_16e_instruct,GA_FIXED,sign_type,negative,17,True,True,[0.0],0.0,negative,20,1680,0.006177374976687133
no_semantic_meta_llama_llama_4_scout_17b_16e_instruct,GA_FIXED,sign_type,negative,18,True,True,[0.0],0.0,negative,14,1200,0.0043825419852510095
no_semantic_meta_llama_llama_4_scout_17b_16e_instruct,GA_FIXED,sign_type,negative,19,True,True,[0.0],0.0,negative,54,4400,0.01662212493829429
no_semantic_meta_llama_llama_4_scout_17b_16e_instruct,GA_FIXED,sign_type,negative,20,True,True,[0.0],0.0,negative,11,960,0.003406875068321824
no_semantic_meta_llama_llama_4_scout_17b_16e_instruct,GA_FIXED,sign_type,negative,21,True,True,[0.0],0.0,negative,13,1120,0.004013707977719605
no_semantic_meta_llama_llama_4_scout_17b_16e_instruct,GA_FIXED,sign_type,negative,22,True,True,[0.0],0.0,negative,13,1120,0.0040589169366285205
no_semantic_meta_llama_llama_4_scout_17b_16e_instruct,GA_FIXED,sign_type,negative,23,True,True,[0.0],0.0,negative,8,720,0.002505666925571859
no_semantic_meta_llama_llama_4_scout_17b_16e_instruct,GA_FIXED,sign_type,negative,24,True,True,[0.0],0.0,negative,8,720,0.002504457952454686
no_semantic_meta_llama_llama_4_scout_17b_16e_instruct,GA_FIXED,sign_type,negative,25,True,True,[0.0],0.0,negative,10,880,0.003105584066361189
no_semantic_meta_llama_llama_4_scout_17b_16e_instruct,GA_FIXED,sign_type,negative,26,True,True,[0.0],0.0,negative,11,960,0.003409917000681162
no_semantic_meta_llama_llama_4_scout_17b_16e_instruct,GA_FIXED,sign_type,negative,27,True,True,[0.0],0.0,negative,7,640,0.0021863749716430902
no_semantic_meta_llama_llama_4_scout_17b_16e_instruct,GA_FIXED,sign_type,negative,28,True,True,[0.0],0.0,negative,16,1360,0.004968125023879111
no_semantic_meta_llama_llama_4_scout_17b_16e_instruct,GA_FIXED,sign_type,negative,29,True,True,[0.0],0.0,negative,27,2240,0.00828933296725154
no_semantic_meta_llama_llama_4_scout_17b_16e_instruct,GA_FIXED,sign_type,zero,0,True,True,[0.0],0.0,zero,19,1600,0.005923874909058213
no_semantic_meta_llama_llama_4_scout_17b_16e_instruct,GA_FIXED,sign_type,zero,1,True,True,[0.0],0.0,zero,9,800,0.0028069999534636736
no_semantic_meta_llama_llama_4_scout_17b_16e_instruct,GA_FIXED,sign_type,zero,2,True,True,[0.0],0.0,zero,18,1520,0.005642458098009229
no_semantic_meta_llama_llama_4_scout_17b_16e_instruct,GA_FIXED,sign_type,zero,3,True,True,[0.0],0.0,zero,26,2160,0.008144292049109936
no_semantic_meta_llama_llama_4_scout_17b_16e_instruct,GA_FIXED,sign_type,zero,4,True,True,[0.0],0.0,zero,16,1360,0.005008957930840552
no_semantic_meta_llama_llama_4_scout_17b_16e_instruct,GA_FIXED,sign_type,zero,5,True,True,[0.0],0.0,zero,3,320,0.0009598750621080399
no_semantic_meta_llama_llama_4_scout_17b_16e_instruct,GA_FIXED,sign_type,zero,6,True,True,[0.0],0.0,zero,36,2960,0.011550207971595228
no_semantic_meta_llama_llama_4_scout_17b_16e_instruct,GA_FIXED,sign_type,zero,7,True,True,[0.0],0.0,zero,15,1280,0.004943666979670525
no_semantic_meta_llama_llama_4_scout_17b_16e_instruct,GA_FIXED,sign_type,zero,8,True,True,[0.0],0.0,zero,25,2080,0.008370958035811782
no_semantic_meta_llama_llama_4_scout_17b_16e_instruct,GA_FIXED,sign_type,zero,9,True,True,[0.0],0.0,zero,40,3280,0.014313166961073875
no_semantic_meta_llama_llama_4_scout_17b_16e_instruct,GA_FIXED,sign_type,zero,10,True,True,[0.0],0.0,zero,29,2400,0.009300041012465954
no_semantic_meta_llama_llama_4_scout_17b_16e_instruct,GA_FIXED,sign_type,zero,11,True,True,[0.0],0.0,zero,20,1680,0.006826499942690134
no_semantic_meta_llama_llama_4_scout_17b_16e_instruct,GA_FIXED,sign_type,zero,12,True,True,[0.0],0.0,zero,1,160,0.00036399997770786285
no_semantic_meta_llama_llama_4_scout_17b_16e_instruct,GA_FIXED,sign_type,zero,13,True,True,[0.0],0.0,zero,7,640,0.0022630830062553287
no_semantic_meta_llama_llama_4_scout_17b_16e_instruct,GA_FIXED,sign_type,zero,14,True,True,[0.0],0.0,zero,28,2320,0.00901920790784061
no_semantic_meta_llama_llama_4_scout_17b_16e_instruct,GA_FIXED,sign_type,zero,15,True,True,[0.0],0.0,zero,3,320,0.001015583984553814
no_semantic_meta_llama_llama_4_scout_17b_16e_instruct,GA_FIXED,sign_type,zero,16,True,True,[0.0],0.0,zero,13,1120,0.004433374968357384
no_semantic_meta_llama_llama_4_scout_17b_16e_instruct,GA_FIXED,sign_type,zero,17,True,True,[0.0],0.0,zero,24,2000,0.008028749958612025
no_semantic_meta_llama_llama_4_scout_17b_16e_instruct,GA_FIXED,sign_type,zero,18,True,True,[0.0],0.0,zero,7,640,0.0022403750335797668
no_semantic_meta_llama_llama_4_scout_17b_16e_instruct,GA_FIXED,sign_type,zero,19,True,True,[0.0],0.0,zero,3,320,0.0010074169840663671
no_semantic_meta_llama_llama_4_scout_17b_16e_instruct,GA_FIXED,sign_type,zero,20,True,True,[0.0],0.0,zero,13,1120,0.0042154170805588365
no_semantic_meta_llama_llama_4_scout_17b_16e_instruct,GA_FIXED,sign_type,zero,21,True,True,[0.0],0.0,zero,33,2720,0.010224874946288764
no_semantic_meta_llama_llama_4_scout_17b_16e_instruct,GA_FIXED,sign_type,zero,22,True,True,[0.0],0.0,zero,19,1600,0.005945167038589716
no_semantic_meta_llama_llama_4_scout_17b_16e_instruct,GA_FIXED,sign_type,zero,23,True,True,[0.0],0.0,zero,14,1200,0.004321624990552664
no_semantic_meta_llama_llama_4_scout_17b_16e_instruct,GA_FIXED,sign_type,zero,24,True,True,[0.0],0.0,zero,16,1360,0.004956917022354901
no_semantic_meta_llama_llama_4_scout_17b_16e_instruct,GA_FIXED,sign_type,zero,25,True,True,[0.0],0.0,zero,8,720,0.0025129159912467003
no_semantic_meta_llama_llama_4_scout_17b_16e_instruct,GA_FIXED,sign_type,zero,26,True,True,[0.0],0.0,zero,16,1360,0.005014833062887192
no_semantic_meta_llama_llama_4_scout_17b_16e_instruct,GA_FIXED,sign_type,zero,27,True,True,[0.0],0.0,zero,14,1200,0.004303041961975396
no_semantic_meta_llama_llama_4_scout_17b_16e_instruct,GA_FIXED,sign_type,zero,28,True,True,[0.0],0.0,zero,40,3280,0.012398125021718442
no_semantic_meta_llama_llama_4_scout_17b_16e_instruct,GA_FIXED,sign_type,zero,29,True,True,[0.0],0.0,zero,17,1440,0.005312166991643608
no_semantic_meta_llama_llama_4_scout_17b_16e_instruct,GA_FIXED,string_category,empty,0,True,True,[''],0.0,empty,0,80,0.0002132919616997242
no_semantic_meta_llama_llama_4_scout_17b_16e_instruct,GA_FIXED,string_category,empty,1,True,True,[''],0.0,empty,0,80,0.0001933329040184617
no_semantic_meta_llama_llama_4_scout_17b_16e_instruct,GA_FIXED,string_category,empty,2,True,True,[''],0.0,empty,0,80,0.00017449993174523115
no_semantic_meta_llama_llama_4_scout_17b_16e_instruct,GA_FIXED,string_category,empty,3,True,True,[''],0.0,empty,0,80,0.00018225004896521568
no_semantic_meta_llama_llama_4_scout_17b_16e_instruct,GA_FIXED,string_category,empty,4,True,True,[''],0.0,empty,0,80,0.00017749995458871126
no_semantic_meta_llama_llama_4_scout_17b_16e_instruct,GA_FIXED,string_category,empty,5,True,True,[''],0.0,empty,0,80,0.00018379103858023882
no_semantic_meta_llama_llama_4_scout_17b_16e_instruct,GA_FIXED,string_category,empty,6,True,True,[''],0.0,empty,0,80,0.00018020800780504942
no_semantic_meta_llama_llama_4_scout_17b_16e_instruct,GA_FIXED,string_category,empty,7,True,True,[''],0.0,empty,0,80,0.0001836660085245967
no_semantic_meta_llama_llama_4_scout_17b_16e_instruct,GA_FIXED,string_category,empty,8,True,True,[''],0.0,empty,0,80,0.0001659160479903221
no_semantic_meta_llama_llama_4_scout_17b_16e_instruct,GA_FIXED,string_category,empty,9,True,True,[''],0.0,empty,0,80,0.0001728750066831708
no_semantic_meta_llama_llama_4_scout_17b_16e_instruct,GA_FIXED,string_category,empty,10,True,True,[''],0.0,empty,0,80,0.00017816596664488316
no_semantic_meta_llama_llama_4_scout_17b_16e_instruct,GA_FIXED,string_category,empty,11,True,True,[''],0.0,empty,0,80,0.0001961250090971589
no_semantic_meta_llama_llama_4_scout_17b_16e_instruct,GA_FIXED,string_category,empty,12,True,True,[''],0.0,empty,0,80,0.00017975002992898226
no_semantic_meta_llama_llama_4_scout_17b_16e_instruct,GA_FIXED,string_category,empty,13,True,True,[''],0.0,empty,0,80,0.000181750045157969
no_semantic_meta_llama_llama_4_scout_17b_16e_instruct,GA_FIXED,string_category,empty,14,True,True,[''],0.0,empty,0,80,0.00018566695507615805
no_semantic_meta_llama_llama_4_scout_17b_16e_instruct,GA_FIXED,string_category,empty,15,True,True,[''],0.0,empty,0,80,0.00017566594760864973
no_semantic_meta_llama_llama_4_scout_17b_16e_instruct,GA_FIXED,string_category,empty,16,True,True,[''],0.0,empty,0,80,0.00017383391968905926
no_semantic_meta_llama_llama_4_scout_17b_16e_instruct,GA_FIXED,string_category,empty,17,True,True,[''],0.0,empty,0,80,0.00017308397218585014
no_semantic_meta_llama_llama_4_scout_17b_16e_instruct,GA_FIXED,string_category,empty,18,True,True,[''],0.0,empty,0,80,0.00018029194325208664
no_semantic_meta_llama_llama_4_scout_17b_16e_instruct,GA_FIXED,string_category,empty,19,True,True,[''],0.0,empty,0,80,0.00017933303024619818
no_semantic_meta_llama_llama_4_scout_17b_16e_instruct,GA_FIXED,string_category,empty,20,True,True,[''],0.0,empty,1,160,0.0005257909651845694
no_semantic_meta_llama_llama_4_scout_17b_16e_instruct,GA_FIXED,string_category,empty,21,True,True,[''],0.0,empty,0,80,0.00017574999947100878
no_semantic_meta_llama_llama_4_scout_17b_16e_instruct,GA_FIXED,string_category,empty,22,True,True,[''],0.0,empty,0,80,0.00017141608987003565
no_semantic_meta_llama_llama_4_scout_17b_16e_instruct,GA_FIXED,string_category,empty,23,True,True,[''],0.0,empty,0,80,0.00018316705245524645
no_semantic_meta_llama_llama_4_scout_17b_16e_instruct,GA_FIXED,string_category,empty,24,True,True,[''],0.0,empty,0,80,0.00017916597425937653
no_semantic_meta_llama_llama_4_scout_17b_16e_instruct,GA_FIXED,string_category,empty,25,True,True,[''],0.0,empty,0,80,0.00017533404752612114
no_semantic_meta_llama_llama_4_scout_17b_16e_instruct,GA_FIXED,string_category,empty,26,True,True,[''],0.0,empty,0,80,0.0001787500223144889
no_semantic_meta_llama_llama_4_scout_17b_16e_instruct,GA_FIXED,string_category,empty,27,True,True,[''],0.0,empty,1,160,0.0005063749849796295
no_semantic_meta_llama_llama_4_scout_17b_16e_instruct,GA_FIXED,string_category,empty,28,True,True,[''],0.0,empty,0,80,0.0001800419995561242
no_semantic_meta_llama_llama_4_scout_17b_16e_instruct,GA_FIXED,string_category,empty,29,True,True,[''],0.0,empty,0,80,0.00017391692381352186
no_semantic_meta_llama_llama_4_scout_17b_16e_instruct,GA_FIXED,string_category,long_palindrome,0,False,False,['cvKoAH4dZJ'],1.0,,0,8080,0.06352999992668629
no_semantic_meta_llama_llama_4_scout_17b_16e_instruct,GA_FIXED,string_category,long_palindrome,1,False,False,['Tu7'],1.0,,0,8080,0.032549416995607316
no_semantic_meta_llama_llama_4_scout_17b_16e_instruct,GA_FIXED,string_category,long_palindrome,2,False,False,['3Hb5eRLQtC0f4ar1d'],1.0,,0,8080,0.033761249971576035
no_semantic_meta_llama_llama_4_scout_17b_16e_instruct,GA_FIXED,string_category,long_palindrome,3,False,False,['S9F'],1.0,,0,8080,0.03403537499252707
no_semantic_meta_llama_llama_4_scout_17b_16e_instruct,GA_FIXED,string_category,long_palindrome,4,True,True,['RNNR'],0.0,long_palindrome,90,7280,0.029590124962851405
no_semantic_meta_llama_llama_4_scout_17b_16e_instruct,GA_FIXED,string_category,long_palindrome,5,False,False,['HrHdaUOhrItrt'],1.0,,0,8080,0.03314887499436736
no_semantic_meta_llama_llama_4_scout_17b_16e_instruct,GA_FIXED,string_category,long_palindrome,6,False,False,['ZbzaiGGBo1o'],1.0,,0,8080,0.033001999952830374
no_semantic_meta_llama_llama_4_scout_17b_16e_instruct,GA_FIXED,string_category,long_palindrome,7,False,False,['IxqI0OfwMjFOBFkq4DO'],1.0,,0,8080,0.03379300003871322
no_semantic_meta_llama_llama_4_scout_17b_16e_instruct,GA_FIXED,string_category,long_palindrome,8,False,False,['Us4GsRCh'],1.0,,0,8080,0.03323387494310737
no_semantic_meta_llama_llama_4_scout_17b_16e_instruct,GA_FIXED,string_category,long_palindrome,9,False,False,['B2SzXSK69q'],1.0,,0,8080,0.03383650002069771
no_semantic_meta_llama_llama_4_scout_17b_16e_instruct,GA_FIXED,string_category,long_palindrome,10,False,False,['M82'],1.0,,0,8080,0.03370512498077005
no_semantic_meta_llama_llama_4_scout_17b_16e_instruct,GA_FIXED,string_category,long_palindrome,11,False,False,['2PnLlmHAb1T'],1.0,,0,8080,0.03313820902258158
no_semantic_meta_llama_llama_4_scout_17b_16e_instruct,GA_FIXED,string_category,long_palindrome,12,False,False,['pM5WMTl9ZMNlgv'],1.0,,0,8080,0.03279249998740852
no_semantic_meta_llama_llama_4_scout_17b_16e_instruct,GA_FIXED,string_category,long_palindrome,13,False,False,['KgmabPOkPXbT'],1.0,,0,8080,0.032190750003792346
no_semantic_meta_llama_llama_4_scout_17b_16e_instruct,GA_FIXED,string_category,long_palindrome,14,False,False,['qPsIMh'],1.0,,0,8080,0.032418624963611364
no_semantic_meta_llama_llama_4_scout_17b_16e_instruct,GA_FIXED,string_category,long_palindrome,15,False,False,['6VlNquL'],1.0,,0,8080,0.032287791022099555
no_semantic_meta_llama_llama_4_scout_17b_16e_instruct,GA_FIXED,string_category,long_palindrome,16,False,False,['hi7'],1.0,,0,8080,0.032500082976184785
no_semantic_meta_llama_llama_4_scout_17b_16e_instruct,GA_FIXED,string_category,long_palindrome,17,False,False,['kOY4QDLY6VFBzij'],1.0,,0,8080,0.03247125004418194
no_semantic_meta_llama_llama_4_scout_17b_16e_instruct,GA_FIXED,string_category,long_palindrome,18,False,False,['1OjMljO6bW'],1.0,,0,8080,0.03310729202348739
no_semantic_meta_llama_llama_4_scout_17b_16e_instruct,GA_FIXED,string_category,long_palindrome,19,False,False,['qO6'],1.0,,0,8080,0.03284379199612886
no_semantic_meta_llama_llama_4_scout_17b_16e_instruct,GA_FIXED,string_category,long_palindrome,20,False,False,['zeALD'],1.0,,0,8080,0.033543291967362165
no_semantic_meta_llama_llama_4_scout_17b_16e_instruct,GA_FIXED,string_category,long_palindrome,21,False,False,['wNhTGtgT5ibSO7'],1.0,,0,8080,0.03348141594324261
no_semantic_meta_llama_llama_4_scout_17b_16e_instruct,GA_FIXED,string_category,long_palindrome,22,False,False,['OdeDbKjaxIjXNO3usFQ'],1.0,,0,8080,0.033663082984276116
no_semantic_meta_llama_llama_4_scout_17b_16e_instruct,GA_FIXED,string_category,long_palindrome,23,False,False,['HyKaFitHz'],1.0,,0,8080,0.033125167014077306
no_semantic_meta_llama_llama_4_scout_17b_16e_instruct,GA_FIXED,string_category,long_palindrome,24,False,False,['yjV0ZgSclrudxsBmr'],1.0,,0,8080,0.03348233294673264
no_semantic_meta_llama_llama_4_scout_17b_16e_instruct,GA_FIXED,string_category,long_palindrome,25,False,False,['ijXf8gZIvfmpBiflxum'],1.0,,0,8080,0.032589207985438406
no_semantic_meta_llama_llama_4_scout_17b_16e_instruct,GA_FIXED,string_category,long_palindrome,26,False,False,['2vORwxw4tx'],1.0,,0,8080,0.03238125005736947
no_semantic_meta_llama_llama_4_scout_17b_16e_instruct,GA_FIXED,string_category,long_palindrome,27,False,False,['5JHbAoil3eyt'],1.0,,0,8080,0.03254400007426739
no_semantic_meta_llama_llama_4_scout_17b_16e_instruct,GA_FIXED,string_category,long_palindrome,28,False,False,['kvmSyJkyeaIw1'],1.0,,0,8080,0.032968209008686244
no_semantic_meta_llama_llama_4_scout_17b_16e_instruct,GA_FIXED,string_category,long_palindrome,29,False,False,['zHKblLTqU'],1.0,,0,8080,0.033278666087426245
no_semantic_meta_llama_llama_4_scout_17b_16e_instruct,GA_FIXED,string_category,short_palindrome,0,True,True,['V'],0.0,short_palindrome,0,80,0.00020091596525162458
no_semantic_meta_llama_llama_4_scout_17b_16e_instruct,GA_FIXED,string_category,short_palindrome,1,True,True,['h'],0.0,short_palindrome,0,80,0.00017954094801098108
no_semantic_meta_llama_llama_4_scout_17b_16e_instruct,GA_FIXED,string_category,short_palindrome,2,True,True,['A'],0.0,short_palindrome,0,80,0.000177707988768816
no_semantic_meta_llama_llama_4_scout_17b_16e_instruct,GA_FIXED,string_category,short_palindrome,3,True,True,['D'],0.0,short_palindrome,0,80,0.0001942500239238143
no_semantic_meta_llama_llama_4_scout_17b_16e_instruct,GA_FIXED,string_category,short_palindrome,4,True,True,['b'],0.0,short_palindrome,0,80,0.0002017921069636941
no_semantic_meta_llama_llama_4_scout_17b_16e_instruct,GA_FIXED,string_category,short_palindrome,5,True,True,['J'],0.0,short_palindrome,0,80,0.000185582903213799
no_semantic_meta_llama_llama_4_scout_17b_16e_instruct,GA_FIXED,string_category,short_palindrome,6,True,True,['aQa'],0.0,short_palindrome,0,80,0.00018200010526925325
no_semantic_meta_llama_llama_4_scout_17b_16e_instruct,GA_FIXED,string_category,short_palindrome,7,True,True,['F'],0.0,short_palindrome,0,80,0.00019933399744331837
no_semantic_meta_llama_llama_4_scout_17b_16e_instruct,GA_FIXED,string_category,short_palindrome,8,True,True,['I'],0.0,short_palindrome,0,80,0.00021416693925857544
no_semantic_meta_llama_llama_4_scout_17b_16e_instruct,GA_FIXED,string_category,short_palindrome,9,True,True,['W'],0.0,short_palindrome,0,80,0.00022266607265919447
no_semantic_meta_llama_llama_4_scout_17b_16e_instruct,GA_FIXED,string_category,short_palindrome,10,True,True,['x'],0.0,short_palindrome,0,80,0.00022787507623434067
no_semantic_meta_llama_llama_4_scout_17b_16e_instruct,GA_FIXED,string_category,short_palindrome,11,True,True,['c'],0.0,short_palindrome,0,80,0.00018800003454089165
no_semantic_meta_llama_llama_4_scout_17b_16e_instruct,GA_FIXED,string_category,short_palindrome,12,True,True,['k'],0.0,short_palindrome,0,80,0.0001865000231191516
no_semantic_meta_llama_llama_4_scout_17b_16e_instruct,GA_FIXED,string_category,short_palindrome,13,True,True,['L'],0.0,short_palindrome,0,80,0.00018704193644225597
no_semantic_meta_llama_llama_4_scout_17b_16e_instruct,GA_FIXED,string_category,short_palindrome,14,True,True,['y'],0.0,short_palindrome,0,80,0.00018916709814220667
no_semantic_meta_llama_llama_4_scout_17b_16e_instruct,GA_FIXED,string_category,short_palindrome,15,True,True,['o'],0.0,short_palindrome,0,80,0.00019791594240814447
no_semantic_meta_llama_llama_4_scout_17b_16e_instruct,GA_FIXED,string_category,short_palindrome,16,True,True,['M'],0.0,short_palindrome,0,80,0.00019100005738437176
no_semantic_meta_llama_llama_4_scout_17b_16e_instruct,GA_FIXED,string_category,short_palindrome,17,True,True,['H'],0.0,short_palindrome,0,80,0.000193667015992105
no_semantic_meta_llama_llama_4_scout_17b_16e_instruct,GA_FIXED,string_category,short_palindrome,18,True,True,['c'],0.0,short_palindrome,0,80,0.000179499969817698
no_semantic_meta_llama_llama_4_scout_17b_16e_instruct,GA_FIXED,string_category,short_palindrome,19,True,True,['j'],0.0,short_palindrome,0,80,0.0001895000459626317
no_semantic_meta_llama_llama_4_scout_17b_16e_instruct,GA_FIXED,string_category,short_palindrome,20,True,True,['G'],0.0,short_palindrome,0,80,0.00019987497944384813
no_semantic_meta_llama_llama_4_scout_17b_16e_instruct,GA_FIXED,string_category,short_palindrome,21,True,True,['7'],0.0,short_palindrome,0,80,0.00018912507221102715
no_semantic_meta_llama_llama_4_scout_17b_16e_instruct,GA_FIXED,string_category,short_palindrome,22,True,True,['6'],0.0,short_palindrome,0,80,0.00019249995239078999
no_semantic_meta_llama_llama_4_scout_17b_16e_instruct,GA_FIXED,string_category,short_palindrome,23,True,True,['h'],0.0,short_palindrome,0,80,0.00019591697491705418
no_semantic_meta_llama_llama_4_scout_17b_16e_instruct,GA_FIXED,string_category,short_palindrome,24,True,True,['U'],0.0,short_palindrome,0,80,0.00018983299378305674
no_semantic_meta_llama_llama_4_scout_17b_16e_instruct,GA_FIXED,string_category,short_palindrome,25,True,True,['J'],0.0,short_palindrome,0,80,0.00019049993716180325
no_semantic_meta_llama_llama_4_scout_17b_16e_instruct,GA_FIXED,string_category,short_palindrome,26,True,True,['t'],0.0,short_palindrome,0,80,0.00017887505237013102
no_semantic_meta_llama_llama_4_scout_17b_16e_instruct,GA_FIXED,string_category,short_palindrome,27,True,True,['Q'],0.0,short_palindrome,0,80,0.00018495798576623201
no_semantic_meta_llama_llama_4_scout_17b_16e_instruct,GA_FIXED,string_category,short_palindrome,28,True,True,['q'],0.0,short_palindrome,0,80,0.0001877499744296074
no_semantic_meta_llama_llama_4_scout_17b_16e_instruct,GA_FIXED,string_category,short_palindrome,29,True,True,['4'],0.0,short_palindrome,0,80,0.00018783402629196644
no_semantic_meta_llama_llama_4_scout_17b_16e_instruct,GA_FIXED,string_category,long_non_palindrome,0,True,True,['Q115AP6yT'],0.0,long_non_palindrome,0,80,0.00017500005196779966
no_semantic_meta_llama_llama_4_scout_17b_16e_instruct,GA_FIXED,string_category,long_non_palindrome,1,True,True,['aKsDrDnQ3fY7pp778ITm'],0.0,long_non_palindrome,0,80,0.00017387489788234234
no_semantic_meta_llama_llama_4_scout_17b_16e_instruct,GA_FIXED,string_category,long_non_palindrome,2,True,True,['dkA0Y5'],0.0,long_non_palindrome,0,80,0.00016729196067899466
no_semantic_meta_llama_llama_4_scout_17b_16e_instruct,GA_FIXED,string_category,long_non_palindrome,3,True,True,['u8EBkZngZE9zLjdpMVj'],0.0,long_non_palindrome,0,80,0.00018920807633548975
no_semantic_meta_llama_llama_4_scout_17b_16e_instruct,GA_FIXED,string_category,long_non_palindrome,4,True,True,['fG2uvxoh1ofjqlnT'],0.0,long_non_palindrome,0,80,0.00017837504856288433
no_semantic_meta_llama_llama_4_scout_17b_16e_instruct,GA_FIXED,string_category,long_non_palindrome,5,True,True,['V9buNK'],0.0,long_non_palindrome,0,80,0.0001798340817913413
no_semantic_meta_llama_llama_4_scout_17b_16e_instruct,GA_FIXED,string_category,long_non_palindrome,6,True,True,['k8LLTrxQxQD'],0.0,long_non_palindrome,0,80,0.00018700002692639828
no_semantic_meta_llama_llama_4_scout_17b_16e_instruct,GA_FIXED,string_category,long_non_palindrome,7,True,True,['AywKDBkwrKM3W'],0.0,long_non_palindrome,0,80,0.00020533299539238214
no_semantic_meta_llama_llama_4_scout_17b_16e_instruct,GA_FIXED,string_category,long_non_palindrome,8,True,True,['DdVoPURCeV'],0.0,long_non_palindrome,0,80,0.0002442500554025173
no_semantic_meta_llama_llama_4_scout_17b_16e_instruct,GA_FIXED,string_category,long_non_palindrome,9,True,True,['M5OOw88nYwfG4a'],0.0,long_non_palindrome,0,80,0.00019583292305469513
no_semantic_meta_llama_llama_4_scout_17b_16e_instruct,GA_FIXED,string_category,long_non_palindrome,10,True,True,['CxN8Tj2jjrodtnxOGd'],0.0,long_non_palindrome,0,80,0.00017979100812226534
no_semantic_meta_llama_llama_4_scout_17b_16e_instruct,GA_FIXED,string_category,long_non_palindrome,11,True,True,['vQ49XHvR7TaBm0Hq'],0.0,long_non_palindrome,0,80,0.00024983298499137163
no_semantic_meta_llama_llama_4_scout_17b_16e_instruct,GA_FIXED,string_category,long_non_palindrome,12,True,True,['qFCGNOKI5LNBJ0Rv1UE'],0.0,long_non_palindrome,0,80,0.00019566691480576992
no_semantic_meta_llama_llama_4_scout_17b_16e_instruct,GA_FIXED,string_category,long_non_palindrome,13,True,True,['lFvHaLyK2PZ3TYR'],0.0,long_non_palindrome,0,80,0.00019545794930309057
no_semantic_meta_llama_llama_4_scout_17b_16e_instruct,GA_FIXED,string_category,long_non_palindrome,14,True,True,['6vI4jDBM97C'],0.0,long_non_palindrome,0,80,0.00017808296252042055
no_semantic_meta_llama_llama_4_scout_17b_16e_instruct,GA_FIXED,string_category,long_non_palindrome,15,True,True,['Rh1boK5EQfIMZPftVV'],0.0,long_non_palindrome,0,80,0.0001943330280482769
no_semantic_meta_llama_llama_4_scout_17b_16e_instruct,GA_FIXED,string_category,long_non_palindrome,16,True,True,['s1MDY3fiocv2E7hnk6C4'],0.0,long_non_palindrome,0,80,0.00021116703283041716
no_semantic_meta_llama_llama_4_scout_17b_16e_instruct,GA_FIXED,string_category,long_non_palindrome,17,True,True,['9nJC1GTlvA3qYrsKSI'],0.0,long_non_palindrome,0,80,0.00017983303405344486
no_semantic_meta_llama_llama_4_scout_17b_16e_instruct,GA_FIXED,string_category,long_non_palindrome,18,True,True,['BeV20T28PtH8zZeSdC'],0.0,long_non_palindrome,0,80,0.00018495798576623201
no_semantic_meta_llama_llama_4_scout_17b_16e_instruct,GA_FIXED,string_category,long_non_palindrome,19,True,True,['hx9NfA'],0.0,long_non_palindrome,0,80,0.0001930419821292162
no_semantic_meta_llama_llama_4_scout_17b_16e_instruct,GA_FIXED,string_category,long_non_palindrome,20,True,True,['lNKJKQfsdIT'],0.0,long_non_palindrome,0,80,0.00021258299238979816
no_semantic_meta_llama_llama_4_scout_17b_16e_instruct,GA_FIXED,string_category,long_non_palindrome,21,True,True,['nZ8gi3Be4'],0.0,long_non_palindrome,0,80,0.00018954102415591478
no_semantic_meta_llama_llama_4_scout_17b_16e_instruct,GA_FIXED,string_category,long_non_palindrome,22,True,True,['aDeSeB3D9MicG'],0.0,long_non_palindrome,0,80,0.00017733394633978605
no_semantic_meta_llama_llama_4_scout_17b_16e_instruct,GA_FIXED,string_category,long_non_palindrome,23,True,True,['2ULRKrrk1SZYr29'],0.0,long_non_palindrome,0,80,0.00018408405594527721
no_semantic_meta_llama_llama_4_scout_17b_16e_instruct,GA_FIXED,string_category,long_non_palindrome,24,True,True,['VxGecgBTbQLO5gmq7Rh'],0.0,long_non_palindrome,0,80,0.00018662505317479372
no_semantic_meta_llama_llama_4_scout_17b_16e_instruct,GA_FIXED,string_category,long_non_palindrome,25,True,True,['0mN4MtHt4gDgofL'],0.0,long_non_palindrome,0,80,0.0001806669170036912
no_semantic_meta_llama_llama_4_scout_17b_16e_instruct,GA_FIXED,string_category,long_non_palindrome,26,True,True,['76Bkkudx'],0.0,long_non_palindrome,0,80,0.0001788330264389515
no_semantic_meta_llama_llama_4_scout_17b_16e_instruct,GA_FIXED,string_category,long_non_palindrome,27,True,True,['xIepMgc88LAhuC7HjG'],0.0,long_non_palindrome,0,80,0.0001989169977605343
no_semantic_meta_llama_llama_4_scout_17b_16e_instruct,GA_FIXED,string_category,long_non_palindrome,28,True,True,['Xqyty7B5iS12M8ocRj'],0.0,long_non_palindrome,0,80,0.00018708291463553905
no_semantic_meta_llama_llama_4_scout_17b_16e_instruct,GA_FIXED,string_category,long_non_palindrome,29,True,True,['FWewd12'],0.0,long_non_palindrome,0,80,0.0001943330280482769
no_semantic_meta_llama_llama_4_scout_17b_16e_instruct,GA_FIXED,string_category,other,0,True,True,['Y8I'],0.0,other,0,80,0.00019737507682293653
no_semantic_meta_llama_llama_4_scout_17b_16e_instruct,GA_FIXED,string_category,other,1,True,True,['3s21o'],0.0,other,0,80,0.00019091705325990915
no_semantic_meta_llama_llama_4_scout_17b_16e_instruct,GA_FIXED,string_category,other,2,True,True,['ZWZ8'],0.0,other,0,80,0.00018874998204410076
no_semantic_meta_llama_llama_4_scout_17b_16e_instruct,GA_FIXED,string_category,other,3,True,True,['3O'],0.0,other,0,80,0.00018512492533773184
no_semantic_meta_llama_llama_4_scout_17b_16e_instruct,GA_FIXED,string_category,other,4,True,True,['FBgB1'],0.0,other,0,80,0.00017516710795462132
no_semantic_meta_llama_llama_4_scout_17b_16e_instruct,GA_FIXED,string_category,other,5,True,True,['VM6'],0.0,other,0,80,0.00019175000488758087
no_semantic_meta_llama_llama_4_scout_17b_16e_instruct,GA_FIXED,string_category,other,6,True,True,['u0'],0.0,other,0,80,0.00020270806271582842
no_semantic_meta_llama_llama_4_scout_17b_16e_instruct,GA_FIXED,string_category,other,7,True,True,['pI'],0.0,other,0,80,0.00019054103177040815
no_semantic_meta_llama_llama_4_scout_17b_16e_instruct,GA_FIXED,string_category,other,8,True,True,['0FKpy'],0.0,other,0,80,0.00019049993716180325
no_semantic_meta_llama_llama_4_scout_17b_16e_instruct,GA_FIXED,string_category,other,9,True,True,['jbf'],0.0,other,0,80,0.00019229191821068525
no_semantic_meta_llama_llama_4_scout_17b_16e_instruct,GA_FIXED,string_category,other,10,True,True,['nyWdW'],0.0,other,0,80,0.0001909579150378704
no_semantic_meta_llama_llama_4_scout_17b_16e_instruct,GA_FIXED,string_category,other,11,True,True,['TSbxb'],0.0,other,0,80,0.00019770895596593618
no_semantic_meta_llama_llama_4_scout_17b_16e_instruct,GA_FIXED,string_category,other,12,True,True,['Eas'],0.0,other,0,80,0.00018800003454089165
no_semantic_meta_llama_llama_4_scout_17b_16e_instruct,GA_FIXED,string_category,other,13,True,True,['gk'],0.0,other,0,80,0.00019724993035197258
no_semantic_meta_llama_llama_4_scout_17b_16e_instruct,GA_FIXED,string_category,other,14,True,True,['nfwea'],0.0,other,0,80,0.0001843329519033432
no_semantic_meta_llama_llama_4_scout_17b_16e_instruct,GA_FIXED,string_category,other,15,True,True,['lLB'],0.0,other,0,80,0.00018904195167124271
no_semantic_meta_llama_llama_4_scout_17b_16e_instruct,GA_FIXED,string_category,other,16,True,True,['JR5E9'],0.0,other,0,80,0.0001847910461947322
no_semantic_meta_llama_llama_4_scout_17b_16e_instruct,GA_FIXED,string_category,other,17,True,True,['YRW'],0.0,other,0,80,0.00018245808314532042
no_semantic_meta_llama_llama_4_scout_17b_16e_instruct,GA_FIXED,string_category,other,18,True,True,['js6u'],0.0,other,0,80,0.0002140419092029333
no_semantic_meta_llama_llama_4_scout_17b_16e_instruct,GA_FIXED,string_category,other,19,True,True,['AuaBW'],0.0,other,0,80,0.00020695803686976433
no_semantic_meta_llama_llama_4_scout_17b_16e_instruct,GA_FIXED,string_category,other,20,True,True,['TH'],0.0,other,0,80,0.00019049993716180325
no_semantic_meta_llama_llama_4_scout_17b_16e_instruct,GA_FIXED,string_category,other,21,True,True,['PFPT'],0.0,other,0,80,0.00018958398140966892
no_semantic_meta_llama_llama_4_scout_17b_16e_instruct,GA_FIXED,string_category,other,22,True,True,['KITOs'],0.0,other,0,80,0.00019137503113597631
no_semantic_meta_llama_llama_4_scout_17b_16e_instruct,GA_FIXED,string_category,other,23,True,True,['xAbrY'],0.0,other,0,80,0.00019441707991063595
no_semantic_meta_llama_llama_4_scout_17b_16e_instruct,GA_FIXED,string_category,other,24,True,True,['QF'],0.0,other,0,80,0.00019216700457036495
no_semantic_meta_llama_llama_4_scout_17b_16e_instruct,GA_FIXED,string_category,other,25,True,True,['lS'],0.0,other,0,80,0.00018637499306350946
no_semantic_meta_llama_llama_4_scout_17b_16e_instruct,GA_FIXED,string_category,other,26,True,True,['lri'],0.0,other,0,80,0.00019633304327726364
no_semantic_meta_llama_llama_4_scout_17b_16e_instruct,GA_FIXED,string_category,other,27,True,True,['jL4Tw'],0.0,other,0,80,0.00019950000569224358
no_semantic_meta_llama_llama_4_scout_17b_16e_instruct,GA_FIXED,string_category,other,28,True,True,['DuKe'],0.0,other,0,80,0.00018287496641278267
no_semantic_meta_llama_llama_4_scout_17b_16e_instruct,GA_FIXED,string_category,other,29,True,True,['18'],0.0,other,0,80,0.00020241702441126108
no_semantic_meta_llama_llama_4_scout_17b_16e_instruct,GA_FIXED,transaction_pattern,empty,0,True,True,[[]],0.0,empty,0,80,0.00019383302424103022
no_semantic_meta_llama_llama_4_scout_17b_16e_instruct,GA_FIXED,transaction_pattern,empty,1,True,True,[[]],0.0,empty,0,80,0.00015883392188698053
no_semantic_meta_llama_llama_4_scout_17b_16e_instruct,GA_FIXED,transaction_pattern,empty,2,True,True,[[]],0.0,empty,0,80,0.0001513340976089239
no_semantic_meta_llama_llama_4_scout_17b_16e_instruct,GA_FIXED,transaction_pattern,empty,3,True,True,[[]],0.0,empty,0,80,0.0001599999377503991
no_semantic_meta_llama_llama_4_scout_17b_16e_instruct,GA_FIXED,transaction_pattern,empty,4,True,True,[[]],0.0,empty,0,80,0.00015237496700137854
no_semantic_meta_llama_llama_4_scout_17b_16e_instruct,GA_FIXED,transaction_pattern,empty,5,True,True,[[]],0.0,empty,0,80,0.00015816593077033758
no_semantic_meta_llama_llama_4_scout_17b_16e_instruct,GA_FIXED,transaction_pattern,empty,6,True,True,[[]],0.0,empty,0,80,0.0001593329943716526
no_semantic_meta_llama_llama_4_scout_17b_16e_instruct,GA_FIXED,transaction_pattern,empty,7,True,True,[[]],0.0,empty,0,80,0.00015666696708649397
no_semantic_meta_llama_llama_4_scout_17b_16e_instruct,GA_FIXED,transaction_pattern,empty,8,True,True,[[]],0.0,empty,0,80,0.00016129110008478165
no_semantic_meta_llama_llama_4_scout_17b_16e_instruct,GA_FIXED,transaction_pattern,empty,9,True,True,[[]],0.0,empty,0,80,0.00015133304987102747
no_semantic_meta_llama_llama_4_scout_17b_16e_instruct,GA_FIXED,transaction_pattern,empty,10,True,True,[[]],0.0,empty,0,80,0.0001538330689072609
no_semantic_meta_llama_llama_4_scout_17b_16e_instruct,GA_FIXED,transaction_pattern,empty,11,True,True,[[]],0.0,empty,0,80,0.00016133289318531752
no_semantic_meta_llama_llama_4_scout_17b_16e_instruct,GA_FIXED,transaction_pattern,empty,12,True,True,[[]],0.0,empty,0,80,0.00016149994917213917
no_semantic_meta_llama_llama_4_scout_17b_16e_instruct,GA_FIXED,transaction_pattern,empty,13,True,True,[[]],0.0,empty,0,80,0.00015350000467151403
no_semantic_meta_llama_llama_4_scout_17b_16e_instruct,GA_FIXED,transaction_pattern,empty,14,True,True,[[]],0.0,empty,0,80,0.0001543340040370822
no_semantic_meta_llama_llama_4_scout_17b_16e_instruct,GA_FIXED,transaction_pattern,empty,15,True,True,[[]],0.0,empty,0,80,0.00015916593838483095
no_semantic_meta_llama_llama_4_scout_17b_16e_instruct,GA_FIXED,transaction_pattern,empty,16,True,True,[[]],0.0,empty,0,80,0.00015295797493308783
no_semantic_meta_llama_llama_4_scout_17b_16e_instruct,GA_FIXED,transaction_pattern,empty,17,True,True,[[]],0.0,empty,0,80,0.00015058298595249653
no_semantic_meta_llama_llama_4_scout_17b_16e_instruct,GA_FIXED,transaction_pattern,empty,18,True,True,[[]],0.0,empty,0,80,0.00016066699754446745
no_semantic_meta_llama_llama_4_scout_17b_16e_instruct,GA_FIXED,transaction_pattern,empty,19,True,True,[[]],0.0,empty,0,80,0.0001546249259263277
no_semantic_meta_llama_llama_4_scout_17b_16e_instruct,GA_FIXED,transaction_pattern,empty,20,True,True,[[]],0.0,empty,0,80,0.00015358300879597664
no_semantic_meta_llama_llama_4_scout_17b_16e_instruct,GA_FIXED,transaction_pattern,empty,21,True,True,[[]],0.0,empty,0,80,0.00014824990648776293
no_semantic_meta_llama_llama_4_scout_17b_16e_instruct,GA_FIXED,transaction_pattern,empty,22,True,True,[[]],0.0,empty,0,80,0.00015520898159593344
no_semantic_meta_llama_llama_4_scout_17b_16e_instruct,GA_FIXED,transaction_pattern,empty,23,True,True,[[]],0.0,empty,0,80,0.00014995795208960772
no_semantic_meta_llama_llama_4_scout_17b_16e_instruct,GA_FIXED,transaction_pattern,empty,24,True,True,[[]],0.0,empty,0,80,0.00015583308413624763
no_semantic_meta_llama_llama_4_scout_17b_16e_instruct,GA_FIXED,transaction_pattern,empty,25,True,True,[[]],0.0,empty,0,80,0.00015774997882544994
no_semantic_meta_llama_llama_4_scout_17b_16e_instruct,GA_FIXED,transaction_pattern,empty,26,True,True,[[]],0.0,empty,0,80,0.00015433295629918575
no_semantic_meta_llama_llama_4_scout_17b_16e_instruct,GA_FIXED,transaction_pattern,empty,27,True,True,[[]],0.0,empty,0,80,0.00015070801600813866
no_semantic_meta_llama_llama_4_scout_17b_16e_instruct,GA_FIXED,transaction_pattern,empty,28,True,True,[[]],0.0,empty,0,80,0.0001520420191809535
no_semantic_meta_llama_llama_4_scout_17b_16e_instruct,GA_FIXED,transaction_pattern,empty,29,True,True,[[]],0.0,empty,0,80,0.0001604999415576458
no_semantic_meta_llama_llama_4_scout_17b_16e_instruct,GA_FIXED,transaction_pattern,contains_zero,0,True,True,"[[0, -88, -24, 36, 44, 35]]",0.0,contains_zero,0,80,0.00015912496019154787
no_semantic_meta_llama_llama_4_scout_17b_16e_instruct,GA_FIXED,transaction_pattern,contains_zero,1,True,True,"[[57, 0, -41, -60, 92]]",0.0,contains_zero,0,80,0.0001662500435486436
no_semantic_meta_llama_llama_4_scout_17b_16e_instruct,GA_FIXED,transaction_pattern,contains_zero,2,True,True,"[[15, -69, 57, -19, 28, 0]]",0.0,contains_zero,3,320,0.0015492499805986881
no_semantic_meta_llama_llama_4_scout_17b_16e_instruct,GA_FIXED,transaction_pattern,contains_zero,3,True,True,[[0]],0.0,contains_zero,20,1680,0.009412790997885168
no_semantic_meta_llama_llama_4_scout_17b_16e_instruct,GA_FIXED,transaction_pattern,contains_zero,4,True,True,[[0]],0.0,contains_zero,15,1280,0.006944458000361919
no_semantic_meta_llama_llama_4_scout_17b_16e_instruct,GA_FIXED,transaction_pattern,contains_zero,5,True,True,"[[-90, -42, 19, 65, -89, 0]]",0.0,contains_zero,0,80,0.00015608302783221006
no_semantic_meta_llama_llama_4_scout_17b_16e_instruct,GA_FIXED,transaction_pattern,contains_zero,6,True,True,"[[99, 47, -12, 0, 82]]",0.0,contains_zero,0,80,0.00015166704542934895
no_semantic_meta_llama_llama_4_scout_17b_16e_instruct,GA_FIXED,transaction_pattern,contains_zero,7,True,True,"[[-51, 0]]",0.0,contains_zero,94,7600,0.04522866697516292
no_semantic_meta_llama_llama_4_scout_17b_16e_instruct,GA_FIXED,transaction_pattern,contains_zero,8,True,True,"[[9, 17, 37, 0]]",0.0,contains_zero,0,80,0.00016762502491474152
no_semantic_meta_llama_llama_4_scout_17b_16e_instruct,GA_FIXED,transaction_pattern,contains_zero,9,True,True,"[[93, 0, 40]]",0.0,contains_zero,0,80,0.00015579210594296455
no_semantic_meta_llama_llama_4_scout_17b_16e_instruct,GA_FIXED,transaction_pattern,contains_zero,10,True,True,"[[46, 0, 43, 30, -42]]",0.0,contains_zero,0,80,0.0001508750719949603
no_semantic_meta_llama_llama_4_scout_17b_16e_instruct,GA_FIXED,transaction_pattern,contains_zero,11,True,True,"[[0, -30, -86]]",0.0,contains_zero,0,80,0.0001598339295014739
no_semantic_meta_llama_llama_4_scout_17b_16e_instruct,GA_FIXED,transaction_pattern,contains_zero,12,True,True,[[0]],0.0,contains_zero,0,80,0.00016316701658070087
no_semantic_meta_llama_llama_4_scout_17b_16e_instruct,GA_FIXED,transaction_pattern,contains_zero,13,True,True,"[[10, 0, 35, 18]]",0.0,contains_zero,0,80,0.0001558329677209258
no_semantic_meta_llama_llama_4_scout_17b_16e_instruct,GA_FIXED,transaction_pattern,contains_zero,14,True,True,"[[81, 0, 14, -52, 83, -78]]",0.0,contains_zero,0,80,0.00016729196067899466
no_semantic_meta_llama_llama_4_scout_17b_16e_instruct,GA_FIXED,transaction_pattern,contains_zero,15,True,True,"[[-9, 14, -31, 100, 0]]",0.0,contains_zero,17,1440,0.00786150002386421
no_semantic_meta_llama_llama_4_scout_17b_16e_instruct,GA_FIXED,transaction_pattern,contains_zero,16,True,True,"[[98, -11, 0]]",0.0,contains_zero,0,80,0.00015579198952764273
no_semantic_meta_llama_llama_4_scout_17b_16e_instruct,GA_FIXED,transaction_pattern,contains_zero,17,True,True,"[[98, 0]]",0.0,contains_zero,0,80,0.00015812506899237633
no_semantic_meta_llama_llama_4_scout_17b_16e_instruct,GA_FIXED,transaction_pattern,contains_zero,18,True,True,"[[-8, 0]]",0.0,contains_zero,17,1440,0.007685207994654775
no_semantic_meta_llama_llama_4_scout_17b_16e_instruct,GA_FIXED,transaction_pattern,contains_zero,19,True,True,[[0]],0.0,contains_zero,0,80,0.00015779200475662947
no_semantic_meta_llama_llama_4_scout_17b_16e_instruct,GA_FIXED,transaction_pattern,contains_zero,20,True,True,"[[12, -38, 0, -74, -41]]",0.0,contains_zero,0,80,0.00016762502491474152
no_semantic_meta_llama_llama_4_scout_17b_16e_instruct,GA_FIXED,transaction_pattern,contains_zero,21,True,True,[[0]],0.0,contains_zero,0,80,0.00015062501188367605
no_semantic_meta_llama_llama_4_scout_17b_16e_instruct,GA_FIXED,transaction_pattern,contains_zero,22,True,True,"[[68, 0]]",0.0,contains_zero,0,80,0.00016195804346352816
no_semantic_meta_llama_llama_4_scout_17b_16e_instruct,GA_FIXED,transaction_pattern,contains_zero,23,True,True,"[[-55, 0]]",0.0,contains_zero,0,80,0.000147709040902555
no_semantic_meta_llama_llama_4_scout_17b_16e_instruct,GA_FIXED,transaction_pattern,contains_zero,24,True,True,"[[0, -13, 87, -12, -58, 78]]",0.0,contains_zero,0,80,0.00014520797412842512
no_semantic_meta_llama_llama_4_scout_17b_16e_instruct,GA_FIXED,transaction_pattern,contains_zero,25,True,True,"[[0, -35, -93]]",0.0,contains_zero,0,80,0.00015962496399879456
no_semantic_meta_llama_llama_4_scout_17b_16e_instruct,GA_FIXED,transaction_pattern,contains_zero,26,True,True,"[[0, -98, 77, -7]]",0.0,contains_zero,0,80,0.00015391700435429811
no_semantic_meta_llama_llama_4_scout_17b_16e_instruct,GA_FIXED,transaction_pattern,contains_zero,27,True,True,[[0]],0.0,contains_zero,58,4720,0.02635904191993177
no_semantic_meta_llama_llama_4_scout_17b_16e_instruct,GA_FIXED,transaction_pattern,contains_zero,28,True,True,"[[-41, 0, 55, -71]]",0.0,contains_zero,0,80,0.00016562500968575478
no_semantic_meta_llama_llama_4_scout_17b_16e_instruct,GA_FIXED,transaction_pattern,contains_zero,29,True,True,"[[16, 60, -85, -83, 0]]",0.0,contains_zero,0,80,0.00014962488785386086
no_semantic_meta_llama_llama_4_scout_17b_16e_instruct,GA_FIXED,transaction_pattern,many_large_deposits,0,True,True,"[[94, 6, 79]]",0.0,many_large_deposits,0,80,0.00016345898620784283
no_semantic_meta_llama_llama_4_scout_17b_16e_instruct,GA_FIXED,transaction_pattern,many_large_deposits,1,True,True,"[[83, 93, 25, 10]]",0.0,many_large_deposits,0,80,0.00016783294267952442
no_semantic_meta_llama_llama_4_scout_17b_16e_instruct,GA_FIXED,transaction_pattern,many_large_deposits,2,True,True,"[[56, 2, 53, 24]]",0.0,many_large_deposits,0,80,0.00016895798034965992
no_semantic_meta_llama_llama_4_scout_17b_16e_instruct,GA_FIXED,transaction_pattern,many_large_deposits,3,True,True,"[[37, 31, 96, 8]]",0.0,many_large_deposits,0,80,0.00015320803504437208
no_semantic_meta_llama_llama_4_scout_17b_16e_instruct,GA_FIXED,transaction_pattern,many_large_deposits,4,True,True,"[[60, 89, 3, 52]]",0.0,many_large_deposits,1,160,0.0006227500271052122
no_semantic_meta_llama_llama_4_scout_17b_16e_instruct,GA_FIXED,transaction_pattern,many_large_deposits,5,True,True,"[[89, 51, 88, 89]]",0.0,many_large_deposits,0,80,0.00016308296471834183
no_semantic_meta_llama_llama_4_scout_17b_16e_instruct,GA_FIXED,transaction_pattern,many_large_deposits,6,True,True,"[[75, 25, 3, 72]]",0.0,many_large_deposits,0,80,0.0001579589443281293
no_semantic_meta_llama_llama_4_scout_17b_16e_instruct,GA_FIXED,transaction_pattern,many_large_deposits,7,True,True,"[[100, 91, 78, 13, 53]]",0.0,many_large_deposits,0,80,0.00016899988986551762
no_semantic_meta_llama_llama_4_scout_17b_16e_instruct,GA_FIXED,transaction_pattern,many_large_deposits,8,True,True,"[[84, 32, 68]]",0.0,many_large_deposits,6,560,0.0025384159525856376
no_semantic_meta_llama_llama_4_scout_17b_16e_instruct,GA_FIXED,transaction_pattern,many_large_deposits,9,True,True,"[[32, 68, 95, 11]]",0.0,many_large_deposits,0,80,0.0001711250515654683
no_semantic_meta_llama_llama_4_scout_17b_16e_instruct,GA_FIXED,transaction_pattern,many_large_deposits,10,True,True,"[[49, 37, 37]]",0.0,many_large_deposits,0,80,0.00015358300879597664
no_semantic_meta_llama_llama_4_scout_17b_16e_instruct,GA_FIXED,transaction_pattern,many_large_deposits,11,True,True,"[[85, 54, 97, 41, 32]]",0.0,many_large_deposits,0,80,0.0001623749267309904
no_semantic_meta_llama_llama_4_scout_17b_16e_instruct,GA_FIXED,transaction_pattern,many_large_deposits,12,True,True,"[[42, 9, 78, 6]]",0.0,many_large_deposits,0,80,0.000165084027685225
no_semantic_meta_llama_llama_4_scout_17b_16e_instruct,GA_FIXED,transaction_pattern,many_large_deposits,13,True,True,"[[43, 67, 22, 92]]",0.0,many_large_deposits,0,80,0.0001594159984961152
no_semantic_meta_llama_llama_4_scout_17b_16e_instruct,GA_FIXED,transaction_pattern,many_large_deposits,14,True,True,"[[84, 49, 77]]",0.0,many_large_deposits,0,80,0.00015958398580551147
no_semantic_meta_llama_llama_4_scout_17b_16e_instruct,GA_FIXED,transaction_pattern,many_large_deposits,15,True,True,"[[4, 69, 77]]",0.0,many_large_deposits,0,80,0.0001645419979467988
no_semantic_meta_llama_llama_4_scout_17b_16e_instruct,GA_FIXED,transaction_pattern,many_large_deposits,16,True,True,"[[93, 16, 44, 82, 65]]",0.0,many_large_deposits,0,80,0.0001597920199856162
no_semantic_meta_llama_llama_4_scout_17b_16e_instruct,GA_FIXED,transaction_pattern,many_large_deposits,17,True,True,"[[38, 23, 41]]",0.0,many_large_deposits,0,80,0.00016045896336436272
no_semantic_meta_llama_llama_4_scout_17b_16e_instruct,GA_FIXED,transaction_pattern,many_large_deposits,18,True,True,"[[80, 23, 49]]",0.0,many_large_deposits,0,80,0.00016837508883327246
no_semantic_meta_llama_llama_4_scout_17b_16e_instruct,GA_FIXED,transaction_pattern,many_large_deposits,19,True,True,"[[84, 11, 38]]",0.0,many_large_deposits,0,80,0.00015695905312895775
no_semantic_meta_llama_llama_4_scout_17b_16e_instruct,GA_FIXED,transaction_pattern,many_large_deposits,20,True,True,"[[47, 94, 27, 20]]",0.0,many_large_deposits,0,80,0.0001681250287219882
no_semantic_meta_llama_llama_4_scout_17b_16e_instruct,GA_FIXED,transaction_pattern,many_large_deposits,21,True,True,"[[48, 78, 97, 5, 45]]",0.0,many_large_deposits,0,80,0.00015829200856387615
no_semantic_meta_llama_llama_4_scout_17b_16e_instruct,GA_FIXED,transaction_pattern,many_large_deposits,22,True,True,"[[99, 56, 59, 78]]",0.0,many_large_deposits,0,80,0.00016008294187486172
no_semantic_meta_llama_llama_4_scout_17b_16e_instruct,GA_FIXED,transaction_pattern,many_large_deposits,23,True,True,"[[47, 54, 33, 49]]",0.0,many_large_deposits,0,80,0.0001622500130906701
no_semantic_meta_llama_llama_4_scout_17b_16e_instruct,GA_FIXED,transaction_pattern,many_large_deposits,24,True,True,"[[73, 1, 49]]",0.0,many_large_deposits,0,80,0.00015762506518512964
no_semantic_meta_llama_llama_4_scout_17b_16e_instruct,GA_FIXED,transaction_pattern,many_large_deposits,25,True,True,"[[36, 81, 51]]",0.0,many_large_deposits,0,80,0.0001562499674037099
no_semantic_meta_llama_llama_4_scout_17b_16e_instruct,GA_FIXED,transaction_pattern,many_large_deposits,26,True,True,"[[10, 50, 29, 16]]",0.0,many_large_deposits,0,80,0.00016808300279080868
no_semantic_meta_llama_llama_4_scout_17b_16e_instruct,GA_FIXED,transaction_pattern,many_large_deposits,27,True,True,"[[11, 63, 63]]",0.0,many_large_deposits,0,80,0.00016087503172457218
no_semantic_meta_llama_llama_4_scout_17b_16e_instruct,GA_FIXED,transaction_pattern,many_large_deposits,28,True,True,"[[98, 76, 27]]",0.0,many_large_deposits,0,80,0.00015320791862905025
no_semantic_meta_llama_llama_4_scout_17b_16e_instruct,GA_FIXED,transaction_pattern,many_large_deposits,29,True,True,"[[3, 38, 70, 24]]",0.0,many_large_deposits,0,80,0.00016358401626348495
no_semantic_meta_llama_llama_4_scout_17b_16e_instruct,GA_FIXED,transaction_pattern,many_large_withdrawals,0,True,True,"[[-83, -72, -89, -26]]",0.0,many_large_withdrawals,0,80,0.00017024995759129524
no_semantic_meta_llama_llama_4_scout_17b_16e_instruct,GA_FIXED,transaction_pattern,many_large_withdrawals,1,True,True,"[[32, -84, -33, -82]]",0.0,many_large_withdrawals,0,80,0.0001559159718453884
no_semantic_meta_llama_llama_4_scout_17b_16e_instruct,GA_FIXED,transaction_pattern,many_large_withdrawals,2,True,True,"[[-92, -3]]",0.0,many_large_withdrawals,0,80,0.0001519590150564909
no_semantic_meta_llama_llama_4_scout_17b_16e_instruct,GA_FIXED,transaction_pattern,many_large_withdrawals,3,True,True,"[[-66, -11, -76, -68, -38, -21]]",0.0,many_large_withdrawals,0,80,0.00015370897017419338
no_semantic_meta_llama_llama_4_scout_17b_16e_instruct,GA_FIXED,transaction_pattern,many_large_withdrawals,4,True,True,"[[-91, -7, -62, -24, -62, 67]]",0.0,many_large_withdrawals,0,80,0.0001525420229882002
no_semantic_meta_llama_llama_4_scout_17b_16e_instruct,GA_FIXED,transaction_pattern,many_large_withdrawals,5,True,True,"[[-54, -85, 67, -14, -46]]",0.0,many_large_withdrawals,0,80,0.00015470897778868675
no_semantic_meta_llama_llama_4_scout_17b_16e_instruct,GA_FIXED,transaction_pattern,many_large_withdrawals,6,True,True,"[[-54, 56, -41, -24]]",0.0,many_large_withdrawals,0,80,0.00015249999705702066
no_semantic_meta_llama_llama_4_scout_17b_16e_instruct,GA_FIXED,transaction_pattern,many_large_withdrawals,7,True,True,"[[-90, -91, 51]]",0.0,many_large_withdrawals,0,80,0.0001602920237928629
no_semantic_meta_llama_llama_4_scout_17b_16e_instruct,GA_FIXED,transaction_pattern,many_large_withdrawals,8,True,True,"[[80, -98, -21, -55, 47, -26]]",0.0,many_large_withdrawals,0,80,0.00016266608145087957
no_semantic_meta_llama_llama_4_scout_17b_16e_instruct,GA_FIXED,transaction_pattern,many_large_withdrawals,9,True,True,"[[-40, 6, -60]]",0.0,many_large_withdrawals,0,80,0.00015670806169509888
no_semantic_meta_llama_llama_4_scout_17b_16e_instruct,GA_FIXED,transaction_pattern,many_large_withdrawals,10,True,True,"[[-46, 17, -30]]",0.0,many_large_withdrawals,0,80,0.00023925001733005047
no_semantic_meta_llama_llama_4_scout_17b_16e_instruct,GA_FIXED,transaction_pattern,many_large_withdrawals,11,True,True,"[[-55, -53, -10]]",0.0,many_large_withdrawals,0,80,0.00017329107504338026
no_semantic_meta_llama_llama_4_scout_17b_16e_instruct,GA_FIXED,transaction_pattern,many_large_withdrawals,12,True,True,"[[90, -11, -51, -74, -69, 25]]",0.0,many_large_withdrawals,0,80,0.0001712499652057886
no_semantic_meta_llama_llama_4_scout_17b_16e_instruct,GA_FIXED,transaction_pattern,many_large_withdrawals,13,True,True,"[[-81, 77, -92]]",0.0,many_large_withdrawals,0,80,0.00016325002070516348
no_semantic_meta_llama_llama_4_scout_17b_16e_instruct,GA_FIXED,transaction_pattern,many_large_withdrawals,14,True,True,"[[19, 75, -60, -58, -53]]",0.0,many_large_withdrawals,0,80,0.000165084027685225
no_semantic_meta_llama_llama_4_scout_17b_16e_instruct,GA_FIXED,transaction_pattern,many_large_withdrawals,15,True,True,"[[-80, 84, -50, -12, -53]]",0.0,many_large_withdrawals,0,80,0.00015374994836747646
no_semantic_meta_llama_llama_4_scout_17b_16e_instruct,GA_FIXED,transaction_pattern,many_large_withdrawals,16,True,True,"[[3, 41, 45, -82, -57]]",0.0,many_large_withdrawals,0,80,0.00015429197810590267
no_semantic_meta_llama_llama_4_scout_17b_16e_instruct,GA_FIXED,transaction_pattern,many_large_withdrawals,17,True,True,"[[-72, -28, -64]]",0.0,many_large_withdrawals,0,80,0.00017170899081975222
no_semantic_meta_llama_llama_4_scout_17b_16e_instruct,GA_FIXED,transaction_pattern,many_large_withdrawals,18,True,True,"[[-63, -32, -53, -93, 53]]",0.0,many_large_withdrawals,0,80,0.0001699589192867279
no_semantic_meta_llama_llama_4_scout_17b_16e_instruct,GA_FIXED,transaction_pattern,many_large_withdrawals,19,True,True,"[[-80, 27, 77, -87, -34, 9]]",0.0,many_large_withdrawals,0,80,0.00015666603576391935
no_semantic_meta_llama_llama_4_scout_17b_16e_instruct,GA_FIXED,transaction_pattern,many_large_withdrawals,20,True,True,"[[-65, -34]]",0.0,many_large_withdrawals,0,80,0.0001512920716777444
no_semantic_meta_llama_llama_4_scout_17b_16e_instruct,GA_FIXED,transaction_pattern,many_large_withdrawals,21,True,True,"[[-70, 41, 57, -62, -82]]",0.0,many_large_withdrawals,0,80,0.00017570797353982925
no_semantic_meta_llama_llama_4_scout_17b_16e_instruct,GA_FIXED,transaction_pattern,many_large_withdrawals,22,True,True,"[[-39, 2, -80, -51, -70]]",0.0,many_large_withdrawals,0,80,0.0001669169869273901
no_semantic_meta_llama_llama_4_scout_17b_16e_instruct,GA_FIXED,transaction_pattern,many_large_withdrawals,23,True,True,"[[-69, -82, -27, -60]]",0.0,many_large_withdrawals,0,80,0.00016483303625136614
no_semantic_meta_llama_llama_4_scout_17b_16e_instruct,GA_FIXED,transaction_pattern,many_large_withdrawals,24,True,True,"[[43, -97, -89, -85, 41, 82]]",0.0,many_large_withdrawals,0,80,0.00015316600911319256
no_semantic_meta_llama_llama_4_scout_17b_16e_instruct,GA_FIXED,transaction_pattern,many_large_withdrawals,25,True,True,"[[-78, -99]]",0.0,many_large_withdrawals,0,80,0.0001550000160932541
no_semantic_meta_llama_llama_4_scout_17b_16e_instruct,GA_FIXED,transaction_pattern,many_large_withdrawals,26,True,True,"[[56, -65, 14, -71, -65]]",0.0,many_large_withdrawals,0,80,0.00016270799096673727
no_semantic_meta_llama_llama_4_scout_17b_16e_instruct,GA_FIXED,transaction_pattern,many_large_withdrawals,27,True,True,"[[23, 12, -65, -89, -91, 9]]",0.0,many_large_withdrawals,0,80,0.00014991697389632463
no_semantic_meta_llama_llama_4_scout_17b_16e_instruct,GA_FIXED,transaction_pattern,many_large_withdrawals,28,True,True,"[[-10, -25, 8, -19, -81, -62]]",0.0,many_large_withdrawals,0,80,0.00015075004193931818
no_semantic_meta_llama_llama_4_scout_17b_16e_instruct,GA_FIXED,transaction_pattern,many_large_withdrawals,29,True,True,"[[-66, -81, 57, -3, -6, -16]]",0.0,many_large_withdrawals,0,80,0.00016591593157500029
no_semantic_meta_llama_llama_4_scout_17b_16e_instruct,GA_FIXED,transaction_pattern,mixed_transactions,0,True,True,[[76]],0.0,mixed_transactions,0,80,0.00015520805027335882
no_semantic_meta_llama_llama_4_scout_17b_16e_instruct,GA_FIXED,transaction_pattern,mixed_transactions,1,True,True,"[[-67, 47, 75, -2, -33, -67]]",0.0,mixed_transactions,0,80,0.00015533308032900095
no_semantic_meta_llama_llama_4_scout_17b_16e_instruct,GA_FIXED,transaction_pattern,mixed_transactions,2,True,True,"[[-25, 46]]",0.0,mixed_transactions,0,80,0.00015237508341670036
no_semantic_meta_llama_llama_4_scout_17b_16e_instruct,GA_FIXED,transaction_pattern,mixed_transactions,3,True,True,"[[82, 45, 61, -67]]",0.0,mixed_transactions,0,80,0.00016245804727077484
no_semantic_meta_llama_llama_4_scout_17b_16e_instruct,GA_FIXED,transaction_pattern,mixed_transactions,4,True,True,"[[81, 8]]",0.0,mixed_transactions,0,80,0.0001621660776436329
no_semantic_meta_llama_llama_4_scout_17b_16e_instruct,GA_FIXED,transaction_pattern,mixed_transactions,5,True,True,[[41]],0.0,mixed_transactions,0,80,0.00016066699754446745
no_semantic_meta_llama_llama_4_scout_17b_16e_instruct,GA_FIXED,transaction_pattern,mixed_transactions,6,True,True,"[[-58, 62, -32]]",0.0,mixed_transactions,0,80,0.00014870904851704836
no_semantic_meta_llama_llama_4_scout_17b_16e_instruct,GA_FIXED,transaction_pattern,mixed_transactions,7,True,True,"[[59, 77]]",0.0,mixed_transactions,0,80,0.0001652080100029707
no_semantic_meta_llama_llama_4_scout_17b_16e_instruct,GA_FIXED,transaction_pattern,mixed_transactions,8,True,True,"[[14, -74, 23]]",0.0,mixed_transactions,0,80,0.00016337493434548378
no_semantic_meta_llama_llama_4_scout_17b_16e_instruct,GA_FIXED,transaction_pattern,mixed_transactions,9,True,True,[[-99]],0.0,mixed_transactions,0,80,0.00016075000166893005
no_semantic_meta_llama_llama_4_scout_17b_16e_instruct,GA_FIXED,transaction_pattern,mixed_transactions,10,True,True,[[-8]],0.0,mixed_transactions,0,80,0.00013970897998660803
no_semantic_meta_llama_llama_4_scout_17b_16e_instruct,GA_FIXED,transaction_pattern,mixed_transactions,11,True,True,"[[27, 71, -83, 80, -87, 5]]",0.0,mixed_transactions,0,80,0.00015591701958328485
no_semantic_meta_llama_llama_4_scout_17b_16e_instruct,GA_FIXED,transaction_pattern,mixed_transactions,12,True,True,"[[-18, 39]]",0.0,mixed_transactions,0,80,0.0001507920678704977
no_semantic_meta_llama_llama_4_scout_17b_16e_instruct,GA_FIXED,transaction_pattern,mixed_transactions,13,True,True,"[[-38, 76, -57, 57, -86]]",0.0,mixed_transactions,0,80,0.0001604580320417881
no_semantic_meta_llama_llama_4_scout_17b_16e_instruct,GA_FIXED,transaction_pattern,mixed_transactions,14,True,True,"[[97, 40]]",0.0,mixed_transactions,0,80,0.00016645807772874832
no_semantic_meta_llama_llama_4_scout_17b_16e_instruct,GA_FIXED,transaction_pattern,mixed_transactions,15,True,True,"[[-48, 88, 24]]",0.0,mixed_transactions,0,80,0.00015304202679544687
no_semantic_meta_llama_llama_4_scout_17b_16e_instruct,GA_FIXED,transaction_pattern,mixed_transactions,16,True,True,"[[57, -83]]",0.0,mixed_transactions,0,80,0.00015904102474451065
no_semantic_meta_llama_llama_4_scout_17b_16e_instruct,GA_FIXED,transaction_pattern,mixed_transactions,17,True,True,[[-94]],0.0,mixed_transactions,0,80,0.0001496670302003622
no_semantic_meta_llama_llama_4_scout_17b_16e_instruct,GA_FIXED,transaction_pattern,mixed_transactions,18,True,True,"[[-40, 82, 71, -55]]",0.0,mixed_transactions,0,80,0.00015604193322360516
no_semantic_meta_llama_llama_4_scout_17b_16e_instruct,GA_FIXED,transaction_pattern,mixed_transactions,19,True,True,"[[41, -80, 59, -100, 73]]",0.0,mixed_transactions,0,80,0.00014729192480444908
no_semantic_meta_llama_llama_4_scout_17b_16e_instruct,GA_FIXED,transaction_pattern,mixed_transactions,20,True,True,"[[-22, 45]]",0.0,mixed_transactions,0,80,0.00016287504695355892
no_semantic_meta_llama_llama_4_scout_17b_16e_instruct,GA_FIXED,transaction_pattern,mixed_transactions,21,True,True,[[89]],0.0,mixed_transactions,0,80,0.00015241699293255806
no_semantic_meta_llama_llama_4_scout_17b_16e_instruct,GA_FIXED,transaction_pattern,mixed_transactions,22,True,True,"[[37, 71, -10, 23]]",0.0,mixed_transactions,0,80,0.0001532089663669467
no_semantic_meta_llama_llama_4_scout_17b_16e_instruct,GA_FIXED,transaction_pattern,mixed_transactions,23,True,True,"[[77, -56, 54, -45, -30]]",0.0,mixed_transactions,0,80,0.00016008294187486172
no_semantic_meta_llama_llama_4_scout_17b_16e_instruct,GA_FIXED,transaction_pattern,mixed_transactions,24,True,True,[[-40]],0.0,mixed_transactions,0,80,0.00015170802362263203
no_semantic_meta_llama_llama_4_scout_17b_16e_instruct,GA_FIXED,transaction_pattern,mixed_transactions,25,True,True,[[-44]],0.0,mixed_transactions,0,80,0.00015691702719777822
no_semantic_meta_llama_llama_4_scout_17b_16e_instruct,GA_FIXED,transaction_pattern,mixed_transactions,26,True,True,[[-25]],0.0,mixed_transactions,0,80,0.0001573750050738454
no_semantic_meta_llama_llama_4_scout_17b_16e_instruct,GA_FIXED,transaction_pattern,mixed_transactions,27,True,True,"[[-97, 52]]",0.0,mixed_transactions,0,80,0.0001517909113317728
no_semantic_meta_llama_llama_4_scout_17b_16e_instruct,GA_FIXED,transaction_pattern,mixed_transactions,28,True,True,"[[69, -45, 58]]",0.0,mixed_transactions,0,80,0.00015266705304384232
no_semantic_meta_llama_llama_4_scout_17b_16e_instruct,GA_FIXED,transaction_pattern,mixed_transactions,29,True,True,[[-7]],0.0,mixed_transactions,0,80,0.0001478750491514802
no_semantic_meta_llama_llama_4_scout_17b_16e_instruct,GA_FIXED,transaction_pattern,simple_pattern,0,True,True,[[67]],0.0,simple_pattern,0,80,0.0001538330689072609
no_semantic_meta_llama_llama_4_scout_17b_16e_instruct,GA_FIXED,transaction_pattern,simple_pattern,1,True,True,[[-14]],0.0,simple_pattern,0,80,0.00015420792624354362
no_semantic_meta_llama_llama_4_scout_17b_16e_instruct,GA_FIXED,transaction_pattern,simple_pattern,2,True,True,[[77]],0.0,simple_pattern,0,80,0.00015895802062004805
no_semantic_meta_llama_llama_4_scout_17b_16e_instruct,GA_FIXED,transaction_pattern,simple_pattern,3,True,True,"[[95, 86]]",0.0,simple_pattern,0,80,0.00016441696789115667
no_semantic_meta_llama_llama_4_scout_17b_16e_instruct,GA_FIXED,transaction_pattern,simple_pattern,4,True,True,[[93]],0.0,simple_pattern,0,80,0.00014283298514783382
no_semantic_meta_llama_llama_4_scout_17b_16e_instruct,GA_FIXED,transaction_pattern,simple_pattern,5,True,True,"[[17, 43, 39]]",0.0,simple_pattern,0,80,0.0001514999894425273
no_semantic_meta_llama_llama_4_scout_17b_16e_instruct,GA_FIXED,transaction_pattern,simple_pattern,6,True,True,[[44]],0.0,simple_pattern,0,80,0.00016383302863687277
no_semantic_meta_llama_llama_4_scout_17b_16e_instruct,GA_FIXED,transaction_pattern,simple_pattern,7,True,True,[[47]],0.0,simple_pattern,0,80,0.00015616696327924728
no_semantic_meta_llama_llama_4_scout_17b_16e_instruct,GA_FIXED,transaction_pattern,simple_pattern,8,True,True,[[-63]],0.0,simple_pattern,0,80,0.00015404203440994024
no_semantic_meta_llama_llama_4_scout_17b_16e_instruct,GA_FIXED,transaction_pattern,simple_pattern,9,True,True,"[[8, 88]]",0.0,simple_pattern,0,80,0.00015708303544670343
no_semantic_meta_llama_llama_4_scout_17b_16e_instruct,GA_FIXED,transaction_pattern,simple_pattern,10,True,True,[[-74]],0.0,simple_pattern,0,80,0.0001467500114813447
no_semantic_meta_llama_llama_4_scout_17b_16e_instruct,GA_FIXED,transaction_pattern,simple_pattern,11,True,True,[[59]],0.0,simple_pattern,0,80,0.00015054107643663883
no_semantic_meta_llama_llama_4_scout_17b_16e_instruct,GA_FIXED,transaction_pattern,simple_pattern,12,True,True,[[-21]],0.0,simple_pattern,0,80,0.00015608395915478468
no_semantic_meta_llama_llama_4_scout_17b_16e_instruct,GA_FIXED,transaction_pattern,simple_pattern,13,True,True,[[-71]],0.0,simple_pattern,0,80,0.00015041709411889315
no_semantic_meta_llama_llama_4_scout_17b_16e_instruct,GA_FIXED,transaction_pattern,simple_pattern,14,True,True,[[82]],0.0,simple_pattern,0,80,0.00015445798635482788
no_semantic_meta_llama_llama_4_scout_17b_16e_instruct,GA_FIXED,transaction_pattern,simple_pattern,15,True,True,[[61]],0.0,simple_pattern,0,80,0.0001489170826971531
no_semantic_meta_llama_llama_4_scout_17b_16e_instruct,GA_FIXED,transaction_pattern,simple_pattern,16,True,True,[[100]],0.0,simple_pattern,0,80,0.00016075000166893005
no_semantic_meta_llama_llama_4_scout_17b_16e_instruct,GA_FIXED,transaction_pattern,simple_pattern,17,True,True,[[45]],0.0,simple_pattern,0,80,0.0001522499369457364
no_semantic_meta_llama_llama_4_scout_17b_16e_instruct,GA_FIXED,transaction_pattern,simple_pattern,18,True,True,[[61]],0.0,simple_pattern,0,80,0.00015762494876980782
no_semantic_meta_llama_llama_4_scout_17b_16e_instruct,GA_FIXED,transaction_pattern,simple_pattern,19,True,True,"[[38, 87]]",0.0,simple_pattern,0,80,0.00015991705004125834
no_semantic_meta_llama_llama_4_scout_17b_16e_instruct,GA_FIXED,transaction_pattern,simple_pattern,20,True,True,[[-40]],0.0,simple_pattern,0,80,0.00014908297453075647
no_semantic_meta_llama_llama_4_scout_17b_16e_instruct,GA_FIXED,transaction_pattern,simple_pattern,21,True,True,[[-68]],0.0,simple_pattern,0,80,0.0001461249776184559
no_semantic_meta_llama_llama_4_scout_17b_16e_instruct,GA_FIXED,transaction_pattern,simple_pattern,22,True,True,[[81]],0.0,simple_pattern,0,80,0.0001582079567015171
no_semantic_meta_llama_llama_4_scout_17b_16e_instruct,GA_FIXED,transaction_pattern,simple_pattern,23,True,True,[[-29]],0.0,simple_pattern,0,80,0.00015745905693620443
no_semantic_meta_llama_llama_4_scout_17b_16e_instruct,GA_FIXED,transaction_pattern,simple_pattern,24,True,True,[[16]],0.0,simple_pattern,0,80,0.0001637920504435897
no_semantic_meta_llama_llama_4_scout_17b_16e_instruct,GA_FIXED,transaction_pattern,simple_pattern,25,True,True,"[[61, 6]]",0.0,simple_pattern,0,80,0.0001569580053910613
no_semantic_meta_llama_llama_4_scout_17b_16e_instruct,GA_FIXED,transaction_pattern,simple_pattern,26,True,True,[[77]],0.0,simple_pattern,0,80,0.00015550001990050077
no_semantic_meta_llama_llama_4_scout_17b_16e_instruct,GA_FIXED,transaction_pattern,simple_pattern,27,True,True,"[[89, 29]]",0.0,simple_pattern,0,80,0.00015787500888109207
no_semantic_meta_llama_llama_4_scout_17b_16e_instruct,GA_FIXED,transaction_pattern,simple_pattern,28,True,True,"[[-21, -25]]",0.0,simple_pattern,0,80,0.00015595799777656794
no_semantic_meta_llama_llama_4_scout_17b_16e_instruct,GA_FIXED,transaction_pattern,simple_pattern,29,True,True,"[[43, 37, 1, 1]]",0.0,simple_pattern,0,80,0.00015995802823454142
no_semantic_meta_llama_llama_4_scout_17b_16e_instruct,GA_FIXED,triangle_type,invalid_side,0,False,False,,inf,,0,8080,0.04194224998354912
no_semantic_meta_llama_llama_4_scout_17b_16e_instruct,GA_FIXED,triangle_type,invalid_side,1,False,False,,inf,,0,8080,0.042010208941064775
no_semantic_meta_llama_llama_4_scout_17b_16e_instruct,GA_FIXED,triangle_type,invalid_side,2,False,False,,inf,,0,8080,0.04233395797200501
no_semantic_meta_llama_llama_4_scout_17b_16e_instruct,GA_FIXED,triangle_type,invalid_side,3,False,False,,inf,,0,8080,0.042363874963484704
no_semantic_meta_llama_llama_4_scout_17b_16e_instruct,GA_FIXED,triangle_type,invalid_side,4,False,False,,inf,,0,8080,0.04214204102754593
no_semantic_meta_llama_llama_4_scout_17b_16e_instruct,GA_FIXED,triangle_type,invalid_side,5,False,False,,inf,,0,8080,0.04190229100640863
no_semantic_meta_llama_llama_4_scout_17b_16e_instruct,GA_FIXED,triangle_type,invalid_side,6,False,False,,inf,,0,8080,0.04127887496724725
no_semantic_meta_llama_llama_4_scout_17b_16e_instruct,GA_FIXED,triangle_type,invalid_side,7,False,False,,inf,,0,8080,0.04102366592269391
no_semantic_meta_llama_llama_4_scout_17b_16e_instruct,GA_FIXED,triangle_type,invalid_side,8,False,False,,inf,,0,8080,0.04087729100137949
no_semantic_meta_llama_llama_4_scout_17b_16e_instruct,GA_FIXED,triangle_type,invalid_side,9,False,False,,inf,,0,8080,0.041566875064745545
no_semantic_meta_llama_llama_4_scout_17b_16e_instruct,GA_FIXED,triangle_type,invalid_side,10,False,False,,inf,,0,8080,0.041858957963995636
no_semantic_meta_llama_llama_4_scout_17b_16e_instruct,GA_FIXED,triangle_type,invalid_side,11,False,False,,inf,,0,8080,0.041544541949406266
no_semantic_meta_llama_llama_4_scout_17b_16e_instruct,GA_FIXED,triangle_type,invalid_side,12,False,False,,inf,,0,8080,0.041557832970283926
no_semantic_meta_llama_llama_4_scout_17b_16e_instruct,GA_FIXED,triangle_type,invalid_side,13,False,False,,inf,,0,8080,0.0414636250352487
no_semantic_meta_llama_llama_4_scout_17b_16e_instruct,GA_FIXED,triangle_type,invalid_side,14,False,False,,inf,,0,8080,0.04144725005608052
no_semantic_meta_llama_llama_4_scout_17b_16e_instruct,GA_FIXED,triangle_type,invalid_side,15,False,False,,inf,,0,8080,0.041634875000454485
no_semantic_meta_llama_llama_4_scout_17b_16e_instruct,GA_FIXED,triangle_type,invalid_side,16,False,False,,inf,,0,8080,0.04122599994298071
no_semantic_meta_llama_llama_4_scout_17b_16e_instruct,GA_FIXED,triangle_type,invalid_side,17,False,False,,inf,,0,8080,0.04094429197721183
no_semantic_meta_llama_llama_4_scout_17b_16e_instruct,GA_FIXED,triangle_type,invalid_side,18,False,False,,inf,,0,8080,0.04079300002194941
no_semantic_meta_llama_llama_4_scout_17b_16e_instruct,GA_FIXED,triangle_type,invalid_side,19,False,False,,inf,,0,8080,0.04104291705880314
no_semantic_meta_llama_llama_4_scout_17b_16e_instruct,GA_FIXED,triangle_type,invalid_side,20,False,False,,inf,,0,8080,0.041206125053577125
no_semantic_meta_llama_llama_4_scout_17b_16e_instruct,GA_FIXED,triangle_type,invalid_side,21,False,False,,inf,,0,8080,0.040926833054982126
no_semantic_meta_llama_llama_4_scout_17b_16e_instruct,GA_FIXED,triangle_type,invalid_side,22,False,False,,inf,,0,8080,0.040963708073832095
no_semantic_meta_llama_llama_4_scout_17b_16e_instruct,GA_FIXED,triangle_type,invalid_side,23,False,False,,inf,,0,8080,0.040815250016748905
no_semantic_meta_llama_llama_4_scout_17b_16e_instruct,GA_FIXED,triangle_type,invalid_side,24,False,False,,inf,,0,8080,0.040917249978519976
no_semantic_meta_llama_llama_4_scout_17b_16e_instruct,GA_FIXED,triangle_type,invalid_side,25,False,False,,inf,,0,8080,0.041624875040724874
no_semantic_meta_llama_llama_4_scout_17b_16e_instruct,GA_FIXED,triangle_type,invalid_side,26,False,False,,inf,,0,8080,0.04143516696058214
no_semantic_meta_llama_llama_4_scout_17b_16e_instruct,GA_FIXED,triangle_type,invalid_side,27,False,False,,inf,,0,8080,0.04144095897208899
no_semantic_meta_llama_llama_4_scout_17b_16e_instruct,GA_FIXED,triangle_type,invalid_side,28,False,False,,inf,,0,8080,0.0425853329943493
no_semantic_meta_llama_llama_4_scout_17b_16e_instruct,GA_FIXED,triangle_type,invalid_side,29,False,False,,inf,,0,8080,0.04207520792260766
no_semantic_meta_llama_llama_4_scout_17b_16e_instruct,GA_FIXED,triangle_type,not_triangle,0,True,True,"[3, 35, 94]",0.0,not_triangle,0,80,0.00010537495836615562
no_semantic_meta_llama_llama_4_scout_17b_16e_instruct,GA_FIXED,triangle_type,not_triangle,1,True,True,"[94, 19, 21]",0.0,not_triangle,0,80,0.00010483397636562586
no_semantic_meta_llama_llama_4_scout_17b_16e_instruct,GA_FIXED,triangle_type,not_triangle,2,True,True,"[95, 19, 10]",0.0,not_triangle,0,80,9.941705502569675e-05
no_semantic_meta_llama_llama_4_scout_17b_16e_instruct,GA_FIXED,triangle_type,not_triangle,3,True,True,"[71, 8, 59]",0.0,not_triangle,0,80,0.0001000409247353673
no_semantic_meta_llama_llama_4_scout_17b_16e_instruct,GA_FIXED,triangle_type,not_triangle,4,True,True,"[33, 42, 76]",0.0,not_triangle,0,80,0.00010041589848697186
no_semantic_meta_llama_llama_4_scout_17b_16e_instruct,GA_FIXED,triangle_type,not_triangle,5,True,True,"[64, 5, 76]",0.0,not_triangle,0,80,0.00010566692799329758
no_semantic_meta_llama_llama_4_scout_17b_16e_instruct,GA_FIXED,triangle_type,not_triangle,6,True,True,"[14, 89, 7]",0.0,not_triangle,0,80,0.00010075001046061516
no_semantic_meta_llama_llama_4_scout_17b_16e_instruct,GA_FIXED,triangle_type,not_triangle,7,True,True,"[6, 12, 62]",0.0,not_triangle,0,80,9.954092092812061e-05
no_semantic_meta_llama_llama_4_scout_17b_16e_instruct,GA_FIXED,triangle_type,not_triangle,8,True,True,"[10, 69, 91]",0.0,not_triangle,0,80,0.0001004999503493309
no_semantic_meta_llama_llama_4_scout_17b_16e_instruct,GA_FIXED,triangle_type,not_triangle,9,True,True,"[21, 10, 88]",0.0,not_triangle,0,80,0.00010025000665336847
no_semantic_meta_llama_llama_4_scout_17b_16e_instruct,GA_FIXED,triangle_type,not_triangle,10,True,True,"[14, 4, 54]",0.0,not_triangle,0,80,9.874999523162842e-05
no_semantic_meta_llama_llama_4_scout_17b_16e_instruct,GA_FIXED,triangle_type,not_triangle,11,True,True,"[78, 26, 29]",0.0,not_triangle,0,80,9.900005534291267e-05
no_semantic_meta_llama_llama_4_scout_17b_16e_instruct,GA_FIXED,triangle_type,not_triangle,12,True,True,"[65, 1, 59]",0.0,not_triangle,0,80,9.850005153566599e-05
no_semantic_meta_llama_llama_4_scout_17b_16e_instruct,GA_FIXED,triangle_type,not_triangle,13,True,True,"[5, 95, 1]",0.0,not_triangle,0,80,0.00010012509301304817
no_semantic_meta_llama_llama_4_scout_17b_16e_instruct,GA_FIXED,triangle_type,not_triangle,14,True,True,"[50, 18, 99]",0.0,not_triangle,0,80,9.941600728780031e-05
no_semantic_meta_llama_llama_4_scout_17b_16e_instruct,GA_FIXED,triangle_type,not_triangle,15,True,True,"[4, 41, 78]",0.0,not_triangle,0,80,0.00010216701775789261
no_semantic_meta_llama_llama_4_scout_17b_16e_instruct,GA_FIXED,triangle_type,not_triangle,16,True,True,"[22, 41, 81]",0.0,not_triangle,0,80,0.00010349997319281101
no_semantic_meta_llama_llama_4_scout_17b_16e_instruct,GA_FIXED,triangle_type,not_triangle,17,True,True,"[92, 2, 63]",0.0,not_triangle,0,80,0.00010149995796382427
no_semantic_meta_llama_llama_4_scout_17b_16e_instruct,GA_FIXED,triangle_type,not_triangle,18,True,True,"[95, 61, 34]",0.0,not_triangle,0,80,0.00010091695003211498
no_semantic_meta_llama_llama_4_scout_17b_16e_instruct,GA_FIXED,triangle_type,not_triangle,19,True,True,"[6, 28, 76]",0.0,not_triangle,0,80,0.00010175001807510853
no_semantic_meta_llama_llama_4_scout_17b_16e_instruct,GA_FIXED,triangle_type,not_triangle,20,True,True,"[2, 57, 36]",0.0,not_triangle,0,80,0.00010129099246114492
no_semantic_meta_llama_llama_4_scout_17b_16e_instruct,GA_FIXED,triangle_type,not_triangle,21,True,True,"[71, 35, 10]",0.0,not_triangle,0,80,0.0001004999503493309
no_semantic_meta_llama_llama_4_scout_17b_16e_instruct,GA_FIXED,triangle_type,not_triangle,22,True,True,"[1, 46, 100]",0.0,not_triangle,0,80,9.891600348055363e-05
no_semantic_meta_llama_llama_4_scout_17b_16e_instruct,GA_FIXED,triangle_type,not_triangle,23,True,True,"[97, 31, 21]",0.0,not_triangle,0,80,9.929202497005463e-05
no_semantic_meta_llama_llama_4_scout_17b_16e_instruct,GA_FIXED,triangle_type,not_triangle,24,True,True,"[98, 22, 55]",0.0,not_triangle,0,80,9.912496898323298e-05
no_semantic_meta_llama_llama_4_scout_17b_16e_instruct,GA_FIXED,triangle_type,not_triangle,25,True,True,"[44, 35, 88]",0.0,not_triangle,0,80,0.00010087492410093546
no_semantic_meta_llama_llama_4_scout_17b_16e_instruct,GA_FIXED,triangle_type,not_triangle,26,True,True,"[8, 82, 91]",0.0,not_triangle,0,80,0.00010145793203264475
no_semantic_meta_llama_llama_4_scout_17b_16e_instruct,GA_FIXED,triangle_type,not_triangle,27,True,True,"[54, 1, 75]",0.0,not_triangle,0,80,9.966699872165918e-05
no_semantic_meta_llama_llama_4_scout_17b_16e_instruct,GA_FIXED,triangle_type,not_triangle,28,True,True,"[77, 99, 13]",0.0,not_triangle,0,80,0.00010175001807510853
no_semantic_meta_llama_llama_4_scout_17b_16e_instruct,GA_FIXED,triangle_type,not_triangle,29,True,True,"[56, 6, 7]",0.0,not_triangle,0,80,0.00010091706644743681
no_semantic_meta_llama_llama_4_scout_17b_16e_instruct,GA_FIXED,triangle_type,equilateral,0,False,False,,inf,,0,8080,0.04101516702212393
no_semantic_meta_llama_llama_4_scout_17b_16e_instruct,GA_FIXED,triangle_type,equilateral,1,False,False,,inf,,0,8080,0.040857332991436124
no_semantic_meta_llama_llama_4_scout_17b_16e_instruct,GA_FIXED,triangle_type,equilateral,2,False,False,,inf,,0,8080,0.04094404203351587
no_semantic_meta_llama_llama_4_scout_17b_16e_instruct,GA_FIXED,triangle_type,equilateral,3,False,False,,inf,,0,8080,0.04079075006302446
no_semantic_meta_llama_llama_4_scout_17b_16e_instruct,GA_FIXED,triangle_type,equilateral,4,False,False,,inf,,0,8080,0.04069983307272196
no_semantic_meta_llama_llama_4_scout_17b_16e_instruct,GA_FIXED,triangle_type,equilateral,5,True,True,"[1, 1, 1]",0.0,equilateral,4,400,0.0017387920524924994
no_semantic_meta_llama_llama_4_scout_17b_16e_instruct,GA_FIXED,triangle_type,equilateral,6,True,True,"[67, 67, 67]",0.0,equilateral,48,3920,0.020107374992221594
no_semantic_meta_llama_llama_4_scout_17b_16e_instruct,GA_FIXED,triangle_type,equilateral,7,False,False,,inf,,0,8080,0.041730750002898276
no_semantic_meta_llama_llama_4_scout_17b_16e_instruct,GA_FIXED,triangle_type,equilateral,8,False,False,,inf,,0,8080,0.041199250030331314
no_semantic_meta_llama_llama_4_scout_17b_16e_instruct,GA_FIXED,triangle_type,equilateral,9,False,False,,inf,,0,8080,0.04082654102239758
no_semantic_meta_llama_llama_4_scout_17b_16e_instruct,GA_FIXED,triangle_type,equilateral,10,False,False,,inf,,0,8080,0.04075041692703962
no_semantic_meta_llama_llama_4_scout_17b_16e_instruct,GA_FIXED,triangle_type,equilateral,11,False,False,,inf,,0,8080,0.04133858403656632
no_semantic_meta_llama_llama_4_scout_17b_16e_instruct,GA_FIXED,triangle_type,equilateral,12,True,True,"[100, 100, 100]",0.0,equilateral,9,800,0.0038658749544993043
no_semantic_meta_llama_llama_4_scout_17b_16e_instruct,GA_FIXED,triangle_type,equilateral,13,True,True,"[35, 35, 35]",0.0,equilateral,11,960,0.004708416992798448
no_semantic_meta_llama_llama_4_scout_17b_16e_instruct,GA_FIXED,triangle_type,equilateral,14,True,True,"[66, 66, 66]",0.0,equilateral,76,6160,0.031453250092454255
no_semantic_meta_llama_llama_4_scout_17b_16e_instruct,GA_FIXED,triangle_type,equilateral,15,False,False,,inf,,0,8080,0.04119258304126561
no_semantic_meta_llama_llama_4_scout_17b_16e_instruct,GA_FIXED,triangle_type,equilateral,16,False,False,,inf,,0,8080,0.04128716699779034
no_semantic_meta_llama_llama_4_scout_17b_16e_instruct,GA_FIXED,triangle_type,equilateral,17,False,False,,inf,,0,8080,0.04119837505277246
no_semantic_meta_llama_llama_4_scout_17b_16e_instruct,GA_FIXED,triangle_type,equilateral,18,True,True,"[36, 36, 36]",0.0,equilateral,51,4160,0.021121292025782168
no_semantic_meta_llama_llama_4_scout_17b_16e_instruct,GA_FIXED,triangle_type,equilateral,19,True,True,"[36, 36, 36]",0.0,equilateral,61,4960,0.02522975008469075
no_semantic_meta_llama_llama_4_scout_17b_16e_instruct,GA_FIXED,triangle_type,equilateral,20,True,True,"[51, 51, 51]",0.0,equilateral,38,3120,0.016968667041510344
no_semantic_meta_llama_llama_4_scout_17b_16e_instruct,GA_FIXED,triangle_type,equilateral,21,True,True,"[13, 13, 13]",0.0,equilateral,39,3200,0.017104916973039508
no_semantic_meta_llama_llama_4_scout_17b_16e_instruct,GA_FIXED,triangle_type,equilateral,22,True,True,"[1, 1, 1]",0.0,equilateral,30,2480,0.014190999907441437
no_semantic_meta_llama_llama_4_scout_17b_16e_instruct,GA_FIXED,triangle_type,equilateral,23,False,False,,inf,,0,8080,0.0426516670268029
no_semantic_meta_llama_llama_4_scout_17b_16e_instruct,GA_FIXED,triangle_type,equilateral,24,True,True,"[14, 14, 14]",0.0,equilateral,87,7040,0.036829167045652866
no_semantic_meta_llama_llama_4_scout_17b_16e_instruct,GA_FIXED,triangle_type,equilateral,25,True,True,"[37, 37, 37]",0.0,equilateral,24,2000,0.009996625012718141
no_semantic_meta_llama_llama_4_scout_17b_16e_instruct,GA_FIXED,triangle_type,equilateral,26,False,False,,inf,,0,8080,0.041547999950125813
no_semantic_meta_llama_llama_4_scout_17b_16e_instruct,GA_FIXED,triangle_type,equilateral,27,True,True,"[94, 94, 94]",0.0,equilateral,51,4160,0.021032208926044405
no_semantic_meta_llama_llama_4_scout_17b_16e_instruct,GA_FIXED,triangle_type,equilateral,28,True,True,"[17, 17, 17]",0.0,equilateral,94,7600,0.03855716600082815
no_semantic_meta_llama_llama_4_scout_17b_16e_instruct,GA_FIXED,triangle_type,equilateral,29,False,False,,inf,,0,8080,0.041056792018935084
no_semantic_meta_llama_llama_4_scout_17b_16e_instruct,GA_FIXED,triangle_type,isosceles,0,True,True,"[67, 34, 34]",0.0,isosceles,2,240,0.0009274170733988285
no_semantic_meta_llama_llama_4_scout_17b_16e_instruct,GA_FIXED,triangle_type,isosceles,1,True,True,"[62, 62, 92]",0.0,isosceles,0,80,0.00010808301158249378
no_semantic_meta_llama_llama_4_scout_17b_16e_instruct,GA_FIXED,triangle_type,isosceles,2,True,True,"[68, 68, 63]",0.0,isosceles,0,80,0.00010933307930827141
no_semantic_meta_llama_llama_4_scout_17b_16e_instruct,GA_FIXED,triangle_type,isosceles,3,True,True,"[78, 92, 78]",0.0,isosceles,0,80,0.00010591698810458183
no_semantic_meta_llama_llama_4_scout_17b_16e_instruct,GA_FIXED,triangle_type,isosceles,4,True,True,"[27, 56, 56]",0.0,isosceles,0,80,0.00010466598905622959
no_semantic_meta_llama_llama_4_scout_17b_16e_instruct,GA_FIXED,triangle_type,isosceles,5,True,True,"[84, 84, 51]",0.0,isosceles,0,80,0.00010495795868337154
no_semantic_meta_llama_llama_4_scout_17b_16e_instruct,GA_FIXED,triangle_type,isosceles,6,True,True,"[79, 25, 79]",0.0,isosceles,0,80,0.00010391697287559509
no_semantic_meta_llama_llama_4_scout_17b_16e_instruct,GA_FIXED,triangle_type,isosceles,7,True,True,"[78, 78, 21]",0.0,isosceles,0,80,0.0001051250146701932
no_semantic_meta_llama_llama_4_scout_17b_16e_instruct,GA_FIXED,triangle_type,isosceles,8,True,True,"[68, 78, 68]",0.0,isosceles,0,80,0.00010312499944120646
no_semantic_meta_llama_llama_4_scout_17b_16e_instruct,GA_FIXED,triangle_type,isosceles,9,True,True,"[20, 21, 21]",0.0,isosceles,0,80,0.00010887498501688242
no_semantic_meta_llama_llama_4_scout_17b_16e_instruct,GA_FIXED,triangle_type,isosceles,10,True,True,"[40, 55, 55]",0.0,isosceles,1,160,0.000514333019964397
no_semantic_meta_llama_llama_4_scout_17b_16e_instruct,GA_FIXED,triangle_type,isosceles,11,True,True,"[88, 75, 75]",0.0,isosceles,0,80,0.00010458298493176699
no_semantic_meta_llama_llama_4_scout_17b_16e_instruct,GA_FIXED,triangle_type,isosceles,12,True,True,"[49, 83, 49]",0.0,isosceles,1,160,0.0005150830838829279
no_semantic_meta_llama_llama_4_scout_17b_16e_instruct,GA_FIXED,triangle_type,isosceles,13,True,True,"[74, 57, 74]",0.0,isosceles,0,80,0.00010454095900058746
no_semantic_meta_llama_llama_4_scout_17b_16e_instruct,GA_FIXED,triangle_type,isosceles,14,True,True,"[46, 46, 77]",0.0,isosceles,0,80,0.00010462501086294651
no_semantic_meta_llama_llama_4_scout_17b_16e_instruct,GA_FIXED,triangle_type,isosceles,15,True,True,"[67, 67, 4]",0.0,isosceles,1,160,0.0005156670231372118
no_semantic_meta_llama_llama_4_scout_17b_16e_instruct,GA_FIXED,triangle_type,isosceles,16,True,True,"[28, 85, 85]",0.0,isosceles,1,160,0.0005201669409871101
no_semantic_meta_llama_llama_4_scout_17b_16e_instruct,GA_FIXED,triangle_type,isosceles,17,True,True,"[32, 66, 66]",0.0,isosceles,0,80,0.00010516704060137272
no_semantic_meta_llama_llama_4_scout_17b_16e_instruct,GA_FIXED,triangle_type,isosceles,18,True,True,"[94, 34, 94]",0.0,isosceles,0,80,0.00010516599286347628
no_semantic_meta_llama_llama_4_scout_17b_16e_instruct,GA_FIXED,triangle_type,isosceles,19,True,True,"[82, 82, 97]",0.0,isosceles,0,80,0.00010470801498740911
no_semantic_meta_llama_llama_4_scout_17b_16e_instruct,GA_FIXED,triangle_type,isosceles,20,True,True,"[3, 99, 99]",0.0,isosceles,0,80,0.00010525004472583532
no_semantic_meta_llama_llama_4_scout_17b_16e_instruct,GA_FIXED,triangle_type,isosceles,21,True,True,"[2, 70, 70]",0.0,isosceles,1,160,0.0005149999633431435
no_semantic_meta_llama_llama_4_scout_17b_16e_instruct,GA_FIXED,triangle_type,isosceles,22,True,True,"[36, 64, 64]",0.0,isosceles,0,80,0.00010466703679412603
no_semantic_meta_llama_llama_4_scout_17b_16e_instruct,GA_FIXED,triangle_type,isosceles,23,True,True,"[86, 58, 86]",0.0,isosceles,0,80,0.00010362500324845314
no_semantic_meta_llama_llama_4_scout_17b_16e_instruct,GA_FIXED,triangle_type,isosceles,24,True,True,"[70, 54, 70]",0.0,isosceles,0,80,0.00010499998461455107
no_semantic_meta_llama_llama_4_scout_17b_16e_instruct,GA_FIXED,triangle_type,isosceles,25,True,True,"[68, 31, 68]",0.0,isosceles,0,80,0.00010491698049008846
no_semantic_meta_llama_llama_4_scout_17b_16e_instruct,GA_FIXED,triangle_type,isosceles,26,True,True,"[60, 32, 60]",0.0,isosceles,1,160,0.0005110829370096326
no_semantic_meta_llama_llama_4_scout_17b_16e_instruct,GA_FIXED,triangle_type,isosceles,27,True,True,"[47, 76, 47]",0.0,isosceles,0,80,0.00010487507097423077
no_semantic_meta_llama_llama_4_scout_17b_16e_instruct,GA_FIXED,triangle_type,isosceles,28,True,True,"[80, 82, 80]",0.0,isosceles,0,80,0.00010475004091858864
no_semantic_meta_llama_llama_4_scout_17b_16e_instruct,GA_FIXED,triangle_type,isosceles,29,True,True,"[65, 65, 52]",0.0,isosceles,1,160,0.0005092499777674675
no_semantic_meta_llama_llama_4_scout_17b_16e_instruct,GA_FIXED,triangle_type,scalene,0,True,True,"[57, 39, 40]",0.0,scalene,0,80,0.00010120798833668232
no_semantic_meta_llama_llama_4_scout_17b_16e_instruct,GA_FIXED,triangle_type,scalene,1,True,True,"[58, 49, 48]",0.0,scalene,0,80,0.00010095792822539806
no_semantic_meta_llama_llama_4_scout_17b_16e_instruct,GA_FIXED,triangle_type,scalene,2,True,True,"[91, 96, 86]",0.0,scalene,0,80,9.862496517598629e-05
no_semantic_meta_llama_llama_4_scout_17b_16e_instruct,GA_FIXED,triangle_type,scalene,3,True,True,"[90, 85, 67]",0.0,scalene,0,80,9.80000477284193e-05
no_semantic_meta_llama_llama_4_scout_17b_16e_instruct,GA_FIXED,triangle_type,scalene,4,True,True,"[25, 49, 38]",0.0,scalene,0,80,9.987503290176392e-05
no_semantic_meta_llama_llama_4_scout_17b_16e_instruct,GA_FIXED,triangle_type,scalene,5,True,True,"[54, 89, 44]",0.0,scalene,0,80,0.00010083301458507776
no_semantic_meta_llama_llama_4_scout_17b_16e_instruct,GA_FIXED,triangle_type,scalene,6,True,True,"[62, 22, 73]",0.0,scalene,0,80,0.0001016249880194664
no_semantic_meta_llama_llama_4_scout_17b_16e_instruct,GA_FIXED,triangle_type,scalene,7,True,True,"[38, 89, 68]",0.0,scalene,0,80,0.00010316690895706415
no_semantic_meta_llama_llama_4_scout_17b_16e_instruct,GA_FIXED,triangle_type,scalene,8,True,True,"[28, 85, 59]",0.0,scalene,0,80,9.945803321897984e-05
no_semantic_meta_llama_llama_4_scout_17b_16e_instruct,GA_FIXED,triangle_type,scalene,9,True,True,"[36, 98, 85]",0.0,scalene,0,80,9.983300697058439e-05
no_semantic_meta_llama_llama_4_scout_17b_16e_instruct,GA_FIXED,triangle_type,scalene,10,True,True,"[83, 64, 87]",0.0,scalene,0,80,0.00010124989785254002
no_semantic_meta_llama_llama_4_scout_17b_16e_instruct,GA_FIXED,triangle_type,scalene,11,True,True,"[31, 29, 40]",0.0,scalene,0,80,9.966699872165918e-05
no_semantic_meta_llama_llama_4_scout_17b_16e_instruct,GA_FIXED,triangle_type,scalene,12,True,True,"[87, 81, 53]",0.0,scalene,0,80,9.995908476412296e-05
no_semantic_meta_llama_llama_4_scout_17b_16e_instruct,GA_FIXED,triangle_type,scalene,13,True,True,"[88, 35, 61]",0.0,scalene,0,80,9.995803702622652e-05
no_semantic_meta_llama_llama_4_scout_17b_16e_instruct,GA_FIXED,triangle_type,scalene,14,True,True,"[100, 38, 67]",0.0,scalene,0,80,0.00010012497659772635
no_semantic_meta_llama_llama_4_scout_17b_16e_instruct,GA_FIXED,triangle_type,scalene,15,True,True,"[60, 39, 24]",0.0,scalene,0,80,0.00010312499944120646
no_semantic_meta_llama_llama_4_scout_17b_16e_instruct,GA_FIXED,triangle_type,scalene,16,True,True,"[81, 57, 32]",0.0,scalene,0,80,9.691703598946333e-05
no_semantic_meta_llama_llama_4_scout_17b_16e_instruct,GA_FIXED,triangle_type,scalene,17,True,True,"[23, 74, 68]",0.0,scalene,0,80,0.00010254199150949717
no_semantic_meta_llama_llama_4_scout_17b_16e_instruct,GA_FIXED,triangle_type,scalene,18,True,True,"[84, 63, 44]",0.0,scalene,0,80,0.00010099995415657759
no_semantic_meta_llama_llama_4_scout_17b_16e_instruct,GA_FIXED,triangle_type,scalene,19,True,True,"[15, 90, 86]",0.0,scalene,0,80,9.970902465283871e-05
no_semantic_meta_llama_llama_4_scout_17b_16e_instruct,GA_FIXED,triangle_type,scalene,20,True,True,"[94, 91, 76]",0.0,scalene,0,80,9.937502909451723e-05
no_semantic_meta_llama_llama_4_scout_17b_16e_instruct,GA_FIXED,triangle_type,scalene,21,True,True,"[88, 86, 49]",0.0,scalene,0,80,0.0001015419838950038
no_semantic_meta_llama_llama_4_scout_17b_16e_instruct,GA_FIXED,triangle_type,scalene,22,True,True,"[87, 40, 70]",0.0,scalene,0,80,0.00010170903988182545
no_semantic_meta_llama_llama_4_scout_17b_16e_instruct,GA_FIXED,triangle_type,scalene,23,True,True,"[44, 94, 70]",0.0,scalene,0,80,0.00010329100769013166
no_semantic_meta_llama_llama_4_scout_17b_16e_instruct,GA_FIXED,triangle_type,scalene,24,True,True,"[31, 73, 83]",0.0,scalene,0,80,9.9916011095047e-05
no_semantic_meta_llama_llama_4_scout_17b_16e_instruct,GA_FIXED,triangle_type,scalene,25,True,True,"[55, 59, 79]",0.0,scalene,0,80,0.00010137504432350397
no_semantic_meta_llama_llama_4_scout_17b_16e_instruct,GA_FIXED,triangle_type,scalene,26,True,True,"[31, 85, 98]",0.0,scalene,0,80,9.891693480312824e-05
no_semantic_meta_llama_llama_4_scout_17b_16e_instruct,GA_FIXED,triangle_type,scalene,27,True,True,"[100, 91, 83]",0.0,scalene,0,80,0.00010033405851572752
no_semantic_meta_llama_llama_4_scout_17b_16e_instruct,GA_FIXED,triangle_type,scalene,28,True,True,"[38, 58, 34]",0.0,scalene,0,80,0.00010037492029368877
no_semantic_meta_llama_llama_4_scout_17b_16e_instruct,GA_FIXED,triangle_type,scalene,29,True,True,"[22, 65, 63]",0.0,scalene,0,80,0.00010091706644743681
no_semantic_meta_llama_llama_4_scout_17b_16e_instruct,GA_FIXED,username_category,empty,0,True,True,[''],0.0,empty,0,80,0.0002244170755147934
no_semantic_meta_llama_llama_4_scout_17b_16e_instruct,GA_FIXED,username_category,empty,1,True,True,[''],0.0,empty,0,80,0.00020612496882677078
no_semantic_meta_llama_llama_4_scout_17b_16e_instruct,GA_FIXED,username_category,empty,2,True,True,[''],0.0,empty,0,80,0.00018991599790751934
no_semantic_meta_llama_llama_4_scout_17b_16e_instruct,GA_FIXED,username_category,empty,3,True,True,[''],0.0,empty,0,80,0.00019695796072483063
no_semantic_meta_llama_llama_4_scout_17b_16e_instruct,GA_FIXED,username_category,empty,4,True,True,[''],0.0,empty,0,80,0.0001968329306691885
no_semantic_meta_llama_llama_4_scout_17b_16e_instruct,GA_FIXED,username_category,empty,5,True,True,[''],0.0,empty,0,80,0.00019370904192328453
no_semantic_meta_llama_llama_4_scout_17b_16e_instruct,GA_FIXED,username_category,empty,6,True,True,[''],0.0,empty,0,80,0.0001895419554784894
no_semantic_meta_llama_llama_4_scout_17b_16e_instruct,GA_FIXED,username_category,empty,7,True,True,[''],0.0,empty,0,80,0.00019362499006092548
no_semantic_meta_llama_llama_4_scout_17b_16e_instruct,GA_FIXED,username_category,empty,8,True,True,[''],0.0,empty,0,80,0.00019308296032249928
no_semantic_meta_llama_llama_4_scout_17b_16e_instruct,GA_FIXED,username_category,empty,9,True,True,[''],0.0,empty,0,80,0.0002030839677900076
no_semantic_meta_llama_llama_4_scout_17b_16e_instruct,GA_FIXED,username_category,empty,10,True,True,[''],0.0,empty,0,80,0.00019729207269847393
no_semantic_meta_llama_llama_4_scout_17b_16e_instruct,GA_FIXED,username_category,empty,11,True,True,[''],0.0,empty,0,80,0.0002086249878630042
no_semantic_meta_llama_llama_4_scout_17b_16e_instruct,GA_FIXED,username_category,empty,12,True,True,[''],0.0,empty,0,80,0.00018683308735489845
no_semantic_meta_llama_llama_4_scout_17b_16e_instruct,GA_FIXED,username_category,empty,13,True,True,[''],0.0,empty,0,80,0.00020795792806893587
no_semantic_meta_llama_llama_4_scout_17b_16e_instruct,GA_FIXED,username_category,empty,14,True,True,[''],0.0,empty,0,80,0.00020733301062136889
no_semantic_meta_llama_llama_4_scout_17b_16e_instruct,GA_FIXED,username_category,empty,15,True,True,[''],0.0,empty,0,80,0.00018787500448524952
no_semantic_meta_llama_llama_4_scout_17b_16e_instruct,GA_FIXED,username_category,empty,16,True,True,[''],0.0,empty,0,80,0.0002281250199303031
no_semantic_meta_llama_llama_4_scout_17b_16e_instruct,GA_FIXED,username_category,empty,17,True,True,[''],0.0,empty,0,80,0.00019870896358042955
no_semantic_meta_llama_llama_4_scout_17b_16e_instruct,GA_FIXED,username_category,empty,18,True,True,[''],0.0,empty,0,80,0.00019262498244643211
no_semantic_meta_llama_llama_4_scout_17b_16e_instruct,GA_FIXED,username_category,empty,19,True,True,[''],0.0,empty,0,80,0.0001812500413507223
no_semantic_meta_llama_llama_4_scout_17b_16e_instruct,GA_FIXED,username_category,empty,20,True,True,[''],0.0,empty,0,80,0.0002009579911828041
no_semantic_meta_llama_llama_4_scout_17b_16e_instruct,GA_FIXED,username_category,empty,21,True,True,[''],0.0,empty,0,80,0.00019887497182935476
no_semantic_meta_llama_llama_4_scout_17b_16e_instruct,GA_FIXED,username_category,empty,22,True,True,[''],0.0,empty,0,80,0.00022166594862937927
no_semantic_meta_llama_llama_4_scout_17b_16e_instruct,GA_FIXED,username_category,empty,23,True,True,[''],0.0,empty,0,80,0.0001919999485835433
no_semantic_meta_llama_llama_4_scout_17b_16e_instruct,GA_FIXED,username_category,empty,24,True,True,[''],0.0,empty,0,80,0.00019754201639443636
no_semantic_meta_llama_llama_4_scout_17b_16e_instruct,GA_FIXED,username_category,empty,25,True,True,[''],0.0,empty,0,80,0.00018791703041642904
no_semantic_meta_llama_llama_4_scout_17b_16e_instruct,GA_FIXED,username_category,empty,26,True,True,[''],0.0,empty,0,80,0.00018912507221102715
no_semantic_meta_llama_llama_4_scout_17b_16e_instruct,GA_FIXED,username_category,empty,27,True,True,[''],0.0,empty,0,80,0.00017983303405344486
no_semantic_meta_llama_llama_4_scout_17b_16e_instruct,GA_FIXED,username_category,empty,28,True,True,[''],0.0,empty,0,80,0.00018933298997581005
no_semantic_meta_llama_llama_4_scout_17b_16e_instruct,GA_FIXED,username_category,empty,29,True,True,[''],0.0,empty,0,80,0.000186417018994689
no_semantic_meta_llama_llama_4_scout_17b_16e_instruct,GA_FIXED,username_category,too_short,0,True,True,['vUg'],0.0,too_short,0,80,0.00020683405455201864
no_semantic_meta_llama_llama_4_scout_17b_16e_instruct,GA_FIXED,username_category,too_short,1,True,True,['5qx'],0.0,too_short,0,80,0.00019754201639443636
no_semantic_meta_llama_llama_4_scout_17b_16e_instruct,GA_FIXED,username_category,too_short,2,True,True,['Y'],0.0,too_short,0,80,0.00018708291463553905
no_semantic_meta_llama_llama_4_scout_17b_16e_instruct,GA_FIXED,username_category,too_short,3,True,True,['Oer0'],0.0,too_short,0,80,0.00019795901607722044
no_semantic_meta_llama_llama_4_scout_17b_16e_instruct,GA_FIXED,username_category,too_short,4,True,True,['sOPU'],0.0,too_short,0,80,0.00022004207130521536
no_semantic_meta_llama_llama_4_scout_17b_16e_instruct,GA_FIXED,username_category,too_short,5,True,True,['rR6TXN4VdD'],0.0,too_short,0,80,0.00020608294289559126
no_semantic_meta_llama_llama_4_scout_17b_16e_instruct,GA_FIXED,username_category,too_short,6,True,True,['S'],0.0,too_short,0,80,0.00020758307073265314
no_semantic_meta_llama_llama_4_scout_17b_16e_instruct,GA_FIXED,username_category,too_short,7,True,True,['i8R9y6J'],0.0,too_short,0,80,0.00019562500528991222
no_semantic_meta_llama_llama_4_scout_17b_16e_instruct,GA_FIXED,username_category,too_short,8,True,True,['T3i8q0mPgjZhd4x'],0.0,too_short,0,80,0.00019391707610338926
no_semantic_meta_llama_llama_4_scout_17b_16e_instruct,GA_FIXED,username_category,too_short,9,True,True,['OtXFpMeQViFU'],0.0,too_short,0,80,0.00019341602455824614
no_semantic_meta_llama_llama_4_scout_17b_16e_instruct,GA_FIXED,username_category,too_short,10,True,True,['0NYV36Z50oXaXt8'],0.0,too_short,0,80,0.0002049589529633522
no_semantic_meta_llama_llama_4_scout_17b_16e_instruct,GA_FIXED,username_category,too_short,11,True,True,['69F1'],0.0,too_short,0,80,0.00017779204063117504
no_semantic_meta_llama_llama_4_scout_17b_16e_instruct,GA_FIXED,username_category,too_short,12,True,True,['3ksVjvzph'],0.0,too_short,0,80,0.0001835839357227087
no_semantic_meta_llama_llama_4_scout_17b_16e_instruct,GA_FIXED,username_category,too_short,13,True,True,['lBUzmqceia'],0.0,too_short,0,80,0.00020054203923791647
no_semantic_meta_llama_llama_4_scout_17b_16e_instruct,GA_FIXED,username_category,too_short,14,True,True,['0aWWrJ61Waxnd'],0.0,too_short,0,80,0.00019799999427050352
no_semantic_meta_llama_llama_4_scout_17b_16e_instruct,GA_FIXED,username_category,too_short,15,True,True,['0cnmL2n2yz9EEbZ'],0.0,too_short,0,80,0.0001895000459626317
no_semantic_meta_llama_llama_4_scout_17b_16e_instruct,GA_FIXED,username_category,too_short,16,True,True,['u8LUE6H7t'],0.0,too_short,0,80,0.00019975006580352783
no_semantic_meta_llama_llama_4_scout_17b_16e_instruct,GA_FIXED,username_category,too_short,17,True,True,['ff5PquuXZ0k7'],0.0,too_short,0,80,0.00018999993335455656
no_semantic_meta_llama_llama_4_scout_17b_16e_instruct,GA_FIXED,username_category,too_short,18,True,True,['rpuBukUbwn6'],0.0,too_short,0,80,0.00020037509966641665
no_semantic_meta_llama_llama_4_scout_17b_16e_instruct,GA_FIXED,username_category,too_short,19,True,True,['wNjv'],0.0,too_short,0,80,0.0001984999980777502
no_semantic_meta_llama_llama_4_scout_17b_16e_instruct,GA_FIXED,username_category,too_short,20,True,True,['2lj0'],0.0,too_short,0,80,0.00020641705486923456
no_semantic_meta_llama_llama_4_scout_17b_16e_instruct,GA_FIXED,username_category,too_short,21,True,True,['PSv82'],0.0,too_short,0,80,0.00019275001250207424
no_semantic_meta_llama_llama_4_scout_17b_16e_instruct,GA_FIXED,username_category,too_short,22,True,True,['teuMHSNGJYrmh8c'],0.0,too_short,0,80,0.00018683401867747307
no_semantic_meta_llama_llama_4_scout_17b_16e_instruct,GA_FIXED,username_category,too_short,23,True,True,['2AdqnsxEE'],0.0,too_short,0,80,0.00020870903972536325
no_semantic_meta_llama_llama_4_scout_17b_16e_instruct,GA_FIXED,username_category,too_short,24,True,True,['Q'],0.0,too_short,0,80,0.00019091705325990915
no_semantic_meta_llama_llama_4_scout_17b_16e_instruct,GA_FIXED,username_category,too_short,25,True,True,['40'],0.0,too_short,0,80,0.0001938749337568879
no_semantic_meta_llama_llama_4_scout_17b_16e_instruct,GA_FIXED,username_category,too_short,26,True,True,['az9gcOt'],0.0,too_short,0,80,0.00019354198593646288
no_semantic_meta_llama_llama_4_scout_17b_16e_instruct,GA_FIXED,username_category,too_short,27,True,True,['zx'],0.0,too_short,0,80,0.00020391703583300114
no_semantic_meta_llama_llama_4_scout_17b_16e_instruct,GA_FIXED,username_category,too_short,28,True,True,['H8Dw'],0.0,too_short,0,80,0.00020866701379418373
no_semantic_meta_llama_llama_4_scout_17b_16e_instruct,GA_FIXED,username_category,too_short,29,True,True,['OWDi4QFGlUKeG'],0.0,too_short,0,80,0.00019579206127673388
no_semantic_meta_llama_llama_4_scout_17b_16e_instruct,GA_FIXED,username_category,starts_with_digit,0,True,True,['2'],0.0,starts_with_digit,0,80,0.0002043750137090683
no_semantic_meta_llama_llama_4_scout_17b_16e_instruct,GA_FIXED,username_category,starts_with_digit,1,True,True,['11U5vsj8QbQw'],0.0,starts_with_digit,0,80,0.000199749949388206
no_semantic_meta_llama_llama_4_scout_17b_16e_instruct,GA_FIXED,username_category,starts_with_digit,2,True,True,['1U2bzyO73'],0.0,starts_with_digit,0,80,0.00019854202400892973
no_semantic_meta_llama_llama_4_scout_17b_16e_instruct,GA_FIXED,username_category,starts_with_digit,3,True,True,['2wAeN8dd9sp'],0.0,starts_with_digit,0,80,0.00020933395717293024
no_semantic_meta_llama_llama_4_scout_17b_16e_instruct,GA_FIXED,username_category,starts_with_digit,4,True,True,['5'],0.0,starts_with_digit,0,80,0.0001790409442037344
no_semantic_meta_llama_llama_4_scout_17b_16e_instruct,GA_FIXED,username_category,starts_with_digit,5,True,True,['8znDj'],0.0,starts_with_digit,0,80,0.0001920829527080059
no_semantic_meta_llama_llama_4_scout_17b_16e_instruct,GA_FIXED,username_category,starts_with_digit,6,True,True,['7'],0.0,starts_with_digit,0,80,0.0001884580124169588
no_semantic_meta_llama_llama_4_scout_17b_16e_instruct,GA_FIXED,username_category,starts_with_digit,7,True,True,['1iYvzmUeyvUxoBV'],0.0,starts_with_digit,0,80,0.00019345898181200027
no_semantic_meta_llama_llama_4_scout_17b_16e_instruct,GA_FIXED,username_category,starts_with_digit,8,True,True,['1S2CTSEHETApYF'],0.0,starts_with_digit,0,80,0.00020312494598329067
no_semantic_meta_llama_llama_4_scout_17b_16e_instruct,GA_FIXED,username_category,starts_with_digit,9,True,True,['0wsvD'],0.0,starts_with_digit,0,80,0.00020195904653519392
no_semantic_meta_llama_llama_4_scout_17b_16e_instruct,GA_FIXED,username_category,starts_with_digit,10,True,True,['4kI'],0.0,starts_with_digit,0,80,0.00019054103177040815
no_semantic_meta_llama_llama_4_scout_17b_16e_instruct,GA_FIXED,username_category,starts_with_digit,11,True,True,['9OG4JAu'],0.0,starts_with_digit,0,80,0.0002115829847753048
no_semantic_meta_llama_llama_4_scout_17b_16e_instruct,GA_FIXED,username_category,starts_with_digit,12,True,True,['0'],0.0,starts_with_digit,0,80,0.00019154197070747614
no_semantic_meta_llama_llama_4_scout_17b_16e_instruct,GA_FIXED,username_category,starts_with_digit,13,True,True,['5oXReRkqX45MT'],0.0,starts_with_digit,0,80,0.0001858340110629797
no_semantic_meta_llama_llama_4_scout_17b_16e_instruct,GA_FIXED,username_category,starts_with_digit,14,True,True,['03ECxj'],0.0,starts_with_digit,0,80,0.00019808299839496613
no_semantic_meta_llama_llama_4_scout_17b_16e_instruct,GA_FIXED,username_category,starts_with_digit,15,True,True,['5ZhTwrlUFqG'],0.0,starts_with_digit,0,80,0.00019770802464336157
no_semantic_meta_llama_llama_4_scout_17b_16e_instruct,GA_FIXED,username_category,starts_with_digit,16,True,True,['2XNtxn'],0.0,starts_with_digit,0,80,0.0002087499015033245
no_semantic_meta_llama_llama_4_scout_17b_16e_instruct,GA_FIXED,username_category,starts_with_digit,17,True,True,['5UGWhH2tsg'],0.0,starts_with_digit,0,80,0.0001889580162242055
no_semantic_meta_llama_llama_4_scout_17b_16e_instruct,GA_FIXED,username_category,starts_with_digit,18,True,True,['5VpO2RrOLmS0'],0.0,starts_with_digit,0,80,0.00019175000488758087
no_semantic_meta_llama_llama_4_scout_17b_16e_instruct,GA_FIXED,username_category,starts_with_digit,19,True,True,['9Q'],0.0,starts_with_digit,0,80,0.00020170898642390966
no_semantic_meta_llama_llama_4_scout_17b_16e_instruct,GA_FIXED,username_category,starts_with_digit,20,True,True,['38mRZJXvd2CNRae'],0.0,starts_with_digit,0,80,0.00020733301062136889
no_semantic_meta_llama_llama_4_scout_17b_16e_instruct,GA_FIXED,username_category,starts_with_digit,21,True,True,['3Eeku4'],0.0,starts_with_digit,0,80,0.00019150006119161844
no_semantic_meta_llama_llama_4_scout_17b_16e_instruct,GA_FIXED,username_category,starts_with_digit,22,True,True,['9ILsZY'],0.0,starts_with_digit,0,80,0.0001865830272436142
no_semantic_meta_llama_llama_4_scout_17b_16e_instruct,GA_FIXED,username_category,starts_with_digit,23,True,True,['9ONtPFkFZ5ck'],0.0,starts_with_digit,0,80,0.00020329200197011232
no_semantic_meta_llama_llama_4_scout_17b_16e_instruct,GA_FIXED,username_category,starts_with_digit,24,True,True,['8awJziS'],0.0,starts_with_digit,0,80,0.0002004159614443779
no_semantic_meta_llama_llama_4_scout_17b_16e_instruct,GA_FIXED,username_category,starts_with_digit,25,True,True,['3G'],0.0,starts_with_digit,0,80,0.00019599997904151678
no_semantic_meta_llama_llama_4_scout_17b_16e_instruct,GA_FIXED,username_category,starts_with_digit,26,True,True,['5kWeSzSEpKUj'],0.0,starts_with_digit,0,80,0.00019141705706715584
no_semantic_meta_llama_llama_4_scout_17b_16e_instruct,GA_FIXED,username_category,starts_with_digit,27,True,True,['2W'],0.0,starts_with_digit,0,80,0.00019412499386817217
no_semantic_meta_llama_llama_4_scout_17b_16e_instruct,GA_FIXED,username_category,starts_with_digit,28,True,True,['1MZ'],0.0,starts_with_digit,0,80,0.00019320903811603785
no_semantic_meta_llama_llama_4_scout_17b_16e_instruct,GA_FIXED,username_category,starts_with_digit,29,True,True,['0kpZlZHiBJQ8'],0.0,starts_with_digit,0,80,0.00019941700156778097
no_semantic_meta_llama_llama_4_scout_17b_16e_instruct,GA_FIXED,username_category,weak_username,0,True,True,['hNcqHdo'],0.0,weak_username,0,80,0.00020316708832979202
no_semantic_meta_llama_llama_4_scout_17b_16e_instruct,GA_FIXED,username_category,weak_username,1,True,True,['OYYRQF'],0.0,weak_username,0,80,0.00018812494818121195
no_semantic_meta_llama_llama_4_scout_17b_16e_instruct,GA_FIXED,username_category,weak_username,2,True,True,['PgMiKObNiP'],0.0,weak_username,0,80,0.00020537502132356167
no_semantic_meta_llama_llama_4_scout_17b_16e_instruct,GA_FIXED,username_category,weak_username,3,True,True,['GqrsoLfL'],0.0,weak_username,0,80,0.0001913749147206545
no_semantic_meta_llama_llama_4_scout_17b_16e_instruct,GA_FIXED,username_category,weak_username,4,True,True,['KXmszeLf'],0.0,weak_username,0,80,0.00020325009245425463
no_semantic_meta_llama_llama_4_scout_17b_16e_instruct,GA_FIXED,username_category,weak_username,5,True,True,['zXoLnH'],0.0,weak_username,0,80,0.00018574995920062065
no_semantic_meta_llama_llama_4_scout_17b_16e_instruct,GA_FIXED,username_category,weak_username,6,True,True,['FgBzfO'],0.0,weak_username,0,80,0.00018812494818121195
no_semantic_meta_llama_llama_4_scout_17b_16e_instruct,GA_FIXED,username_category,weak_username,7,True,True,['r4cxiz'],0.0,weak_username,0,80,0.0002072920324280858
no_semantic_meta_llama_llama_4_scout_17b_16e_instruct,GA_FIXED,username_category,weak_username,8,True,True,['FfySR'],0.0,weak_username,0,80,0.0002068330068141222
no_semantic_meta_llama_llama_4_scout_17b_16e_instruct,GA_FIXED,username_category,weak_username,9,True,True,['CYVnSFHZPu'],0.0,weak_username,0,80,0.00020300003234297037
no_semantic_meta_llama_llama_4_scout_17b_16e_instruct,GA_FIXED,username_category,weak_username,10,True,True,['OCtFbQoNacCBVO'],0.0,weak_username,0,80,0.00020508305169641972
no_semantic_meta_llama_llama_4_scout_17b_16e_instruct,GA_FIXED,username_category,weak_username,11,True,True,['iXYVJqfyM'],0.0,weak_username,0,80,0.00018916698172688484
no_semantic_meta_llama_llama_4_scout_17b_16e_instruct,GA_FIXED,username_category,weak_username,12,True,True,['pFXVBZu'],0.0,weak_username,0,80,0.00019633304327726364
no_semantic_meta_llama_llama_4_scout_17b_16e_instruct,GA_FIXED,username_category,weak_username,13,True,True,['MlrlxWeZ'],0.0,weak_username,0,80,0.00019583303947001696
no_semantic_meta_llama_llama_4_scout_17b_16e_instruct,GA_FIXED,username_category,weak_username,14,True,True,['GhwfZOBAuB'],0.0,weak_username,0,80,0.00020358292385935783
no_semantic_meta_llama_llama_4_scout_17b_16e_instruct,GA_FIXED,username_category,weak_username,15,True,True,['AKgOfGSzOf'],0.0,weak_username,0,80,0.00019349996000528336
no_semantic_meta_llama_llama_4_scout_17b_16e_instruct,GA_FIXED,username_category,weak_username,16,True,True,['JoIvvXPU'],0.0,weak_username,0,80,0.00018979201558977365
no_semantic_meta_llama_llama_4_scout_17b_16e_instruct,GA_FIXED,username_category,weak_username,17,True,True,['nnzTYyCXDHoK'],0.0,weak_username,0,80,0.0001929589780047536
no_semantic_meta_llama_llama_4_scout_17b_16e_instruct,GA_FIXED,username_category,weak_username,18,True,True,['dtghlAPJpI'],0.0,weak_username,0,80,0.00020329200197011232
no_semantic_meta_llama_llama_4_scout_17b_16e_instruct,GA_FIXED,username_category,weak_username,19,True,True,['NSHoQ'],0.0,weak_username,0,80,0.00020637502893805504
no_semantic_meta_llama_llama_4_scout_17b_16e_instruct,GA_FIXED,username_category,weak_username,20,True,True,['tpVHQdMOIDJf'],0.0,weak_username,0,80,0.00020054203923791647
no_semantic_meta_llama_llama_4_scout_17b_16e_instruct,GA_FIXED,username_category,weak_username,21,True,True,['nCwwrDzt'],0.0,weak_username,0,80,0.00019854109268635511
no_semantic_meta_llama_llama_4_scout_17b_16e_instruct,GA_FIXED,username_category,weak_username,22,True,True,['VgtfYJSKxmI'],0.0,weak_username,0,80,0.00020045798737555742
no_semantic_meta_llama_llama_4_scout_17b_16e_instruct,GA_FIXED,username_category,weak_username,23,True,True,['nADSI'],0.0,weak_username,0,80,0.00019937497563660145
no_semantic_meta_llama_llama_4_scout_17b_16e_instruct,GA_FIXED,username_category,weak_username,24,True,True,['HgXhVV'],0.0,weak_username,0,80,0.0001980409724637866
no_semantic_meta_llama_llama_4_scout_17b_16e_instruct,GA_FIXED,username_category,weak_username,25,True,True,['bZFwlNxyEx'],0.0,weak_username,0,80,0.00019062496721744537
no_semantic_meta_llama_llama_4_scout_17b_16e_instruct,GA_FIXED,username_category,weak_username,26,True,True,['VySYUxN'],0.0,weak_username,0,80,0.00020129105541855097
no_semantic_meta_llama_llama_4_scout_17b_16e_instruct,GA_FIXED,username_category,weak_username,27,True,True,['gqrqmtb'],0.0,weak_username,0,80,0.00024345796555280685
no_semantic_meta_llama_llama_4_scout_17b_16e_instruct,GA_FIXED,username_category,weak_username,28,True,True,['CBULfU'],0.0,weak_username,0,80,0.00020566699095070362
no_semantic_meta_llama_llama_4_scout_17b_16e_instruct,GA_FIXED,username_category,weak_username,29,True,True,['GXair'],0.0,weak_username,0,80,0.0001949169673025608
no_semantic_meta_llama_llama_4_scout_17b_16e_instruct,GA_FIXED,username_category,medium_username,0,True,True,['f0V5Oux5km'],0.0,medium_username,0,80,0.0002263330388814211
no_semantic_meta_llama_llama_4_scout_17b_16e_instruct,GA_FIXED,username_category,medium_username,1,True,True,['a1zafaYlH'],0.0,medium_username,0,80,0.00020004203543066978
no_semantic_meta_llama_llama_4_scout_17b_16e_instruct,GA_FIXED,username_category,medium_username,2,True,True,['U9Vxn12oY'],0.0,medium_username,0,80,0.00018866604659706354
no_semantic_meta_llama_llama_4_scout_17b_16e_instruct,GA_FIXED,username_category,medium_username,3,True,True,['RVJuNRI8YW'],0.0,medium_username,0,80,0.00018391699995845556
no_semantic_meta_llama_llama_4_scout_17b_16e_instruct,GA_FIXED,username_category,medium_username,4,True,True,['WIy24'],0.0,medium_username,0,80,0.0001967080170288682
no_semantic_meta_llama_llama_4_scout_17b_16e_instruct,GA_FIXED,username_category,medium_username,5,True,True,['DX200'],0.0,medium_username,0,80,0.0002061250852420926
no_semantic_meta_llama_llama_4_scout_17b_16e_instruct,GA_FIXED,username_category,medium_username,6,True,True,['vKHYF7oBvzu8Zzx'],0.0,medium_username,0,80,0.00020591705106198788
no_semantic_meta_llama_llama_4_scout_17b_16e_instruct,GA_FIXED,username_category,medium_username,7,True,True,['DZtMa39rNd'],0.0,medium_username,0,80,0.00019866693764925003
no_semantic_meta_llama_llama_4_scout_17b_16e_instruct,GA_FIXED,username_category,medium_username,8,True,True,['DtQ0My'],0.0,medium_username,0,80,0.00020295800641179085
no_semantic_meta_llama_llama_4_scout_17b_16e_instruct,GA_FIXED,username_category,medium_username,9,True,True,['DM8PI3S'],0.0,medium_username,0,80,0.00019362499006092548
no_semantic_meta_llama_llama_4_scout_17b_16e_instruct,GA_FIXED,username_category,medium_username,10,True,True,['QgG16v'],0.0,medium_username,0,80,0.00019791699014604092
no_semantic_meta_llama_llama_4_scout_17b_16e_instruct,GA_FIXED,username_category,medium_username,11,True,True,['zpPc5uSaQKf4M3f'],0.0,medium_username,0,80,0.0001960420049726963
no_semantic_meta_llama_llama_4_scout_17b_16e_instruct,GA_FIXED,username_category,medium_username,12,True,True,['h37JCkIlBdWeh'],0.0,medium_username,0,80,0.0001819160534068942
no_semantic_meta_llama_llama_4_scout_17b_16e_instruct,GA_FIXED,username_category,medium_username,13,True,True,['YXJtQ4u'],0.0,medium_username,0,80,0.0002032499760389328
no_semantic_meta_llama_llama_4_scout_17b_16e_instruct,GA_FIXED,username_category,medium_username,14,True,True,['N3LhSbY'],0.0,medium_username,0,80,0.0002032499760389328
no_semantic_meta_llama_llama_4_scout_17b_16e_instruct,GA_FIXED,username_category,medium_username,15,True,True,['d5pLLGPbxTIFPUp'],0.0,medium_username,0,80,0.000208458979614079
no_semantic_meta_llama_llama_4_scout_17b_16e_instruct,GA_FIXED,username_category,medium_username,16,True,True,['be3EufR'],0.0,medium_username,0,80,0.00020591600332409143
no_semantic_meta_llama_llama_4_scout_17b_16e_instruct,GA_FIXED,username_category,medium_username,17,True,True,['hWGYkw9h1vyyyf'],0.0,medium_username,0,80,0.00019487494137138128
no_semantic_meta_llama_llama_4_scout_17b_16e_instruct,GA_FIXED,username_category,medium_username,18,True,True,['ZGU3RG'],0.0,medium_username,0,80,0.00020416604820638895
no_semantic_meta_llama_llama_4_scout_17b_16e_instruct,GA_FIXED,username_category,medium_username,19,True,True,['ZrC17gUiT'],0.0,medium_username,0,80,0.0002096670214086771
no_semantic_meta_llama_llama_4_scout_17b_16e_instruct,GA_FIXED,username_category,medium_username,20,True,True,['LmQv3p'],0.0,medium_username,0,80,0.00019766599871218204
no_semantic_meta_llama_llama_4_scout_17b_16e_instruct,GA_FIXED,username_category,medium_username,21,True,True,['SrHGU8LZ'],0.0,medium_username,0,80,0.0001933329040184617
no_semantic_meta_llama_llama_4_scout_17b_16e_instruct,GA_FIXED,username_category,medium_username,22,True,True,['Ep5NhH'],0.0,medium_username,0,80,0.00019445805810391903
no_semantic_meta_llama_llama_4_scout_17b_16e_instruct,GA_FIXED,username_category,medium_username,23,True,True,['fPPGrti6u4S'],0.0,medium_username,0,80,0.00021187495440244675
no_semantic_meta_llama_llama_4_scout_17b_16e_instruct,GA_FIXED,username_category,medium_username,24,True,True,['HX7TBj'],0.0,medium_username,0,80,0.00019824993796646595
no_semantic_meta_llama_llama_4_scout_17b_16e_instruct,GA_FIXED,username_category,medium_username,25,True,True,['MsDK6fF4s'],0.0,medium_username,0,80,0.00019258400425314903
no_semantic_meta_llama_llama_4_scout_17b_16e_instruct,GA_FIXED,username_category,medium_username,26,True,True,['DkSVbwJG5'],0.0,medium_username,0,80,0.00019525003153830767
no_semantic_meta_llama_llama_4_scout_17b_16e_instruct,GA_FIXED,username_category,medium_username,27,True,True,['MbjCDY5gWZjMG'],0.0,medium_username,0,80,0.00018666707910597324
no_semantic_meta_llama_llama_4_scout_17b_16e_instruct,GA_FIXED,username_category,medium_username,28,True,True,['m9o9hr4xT9'],0.0,medium_username,0,80,0.00020795792806893587
no_semantic_meta_llama_llama_4_scout_17b_16e_instruct,GA_FIXED,username_category,medium_username,29,True,True,['Zha0G5JsIkEUR'],0.0,medium_username,0,80,0.000196165987290442
no_semantic_meta_llama_llama_4_scout_17b_16e_instruct,GA_FIXED,username_category,strong_username,0,False,False,['vMcIj6BDWZl'],1.0,,0,8080,0.03960970893967897
no_semantic_meta_llama_llama_4_scout_17b_16e_instruct,GA_FIXED,username_category,strong_username,1,False,False,['eKqK0MGd'],1.0,,0,8080,0.039047749945893884
no_semantic_meta_llama_llama_4_scout_17b_16e_instruct,GA_FIXED,username_category,strong_username,2,False,False,['PwOjyvUL'],1.0,,0,8080,0.039336291956715286
no_semantic_meta_llama_llama_4_scout_17b_16e_instruct,GA_FIXED,username_category,strong_username,3,False,False,['KpKN8LJn'],1.0,,0,8080,0.03990966605488211
no_semantic_meta_llama_llama_4_scout_17b_16e_instruct,GA_FIXED,username_category,strong_username,4,False,False,['ED1atF1fbd00bh'],1.0,,0,8080,0.041460833977907896
no_semantic_meta_llama_llama_4_scout_17b_16e_instruct,GA_FIXED,username_category,strong_username,5,False,False,['C8drgIbpvtd'],1.0,,0,8080,0.041482375003397465
no_semantic_meta_llama_llama_4_scout_17b_16e_instruct,GA_FIXED,username_category,strong_username,6,False,False,['l2bEh8FNQE'],1.0,,0,8080,0.041100542061030865
no_semantic_meta_llama_llama_4_scout_17b_16e_instruct,GA_FIXED,username_category,strong_username,7,False,False,['iSnG6SNnXMG'],1.0,,0,8080,0.04088791599497199
no_semantic_meta_llama_llama_4_scout_17b_16e_instruct,GA_FIXED,username_category,strong_username,8,False,False,['BCvQ2qVnRyqLbd'],1.0,,0,8080,0.04145954200066626
no_semantic_meta_llama_llama_4_scout_17b_16e_instruct,GA_FIXED,username_category,strong_username,9,False,False,['OxMHSEcc1WMpTY'],1.0,,0,8080,0.041389542049728334
no_semantic_meta_llama_llama_4_scout_17b_16e_instruct,GA_FIXED,username_category,strong_username,10,False,False,['BP2bkO'],1.0,,0,8080,0.040120167075656354
no_semantic_meta_llama_llama_4_scout_17b_16e_instruct,GA_FIXED,username_category,strong_username,11,False,False,['yhyEvXDpRa37'],1.0,,0,8080,0.04409820795990527
no_semantic_meta_llama_llama_4_scout_17b_16e_instruct,GA_FIXED,username_category,strong_username,12,False,False,['Dp0GV'],1.0,,0,8080,0.04405616701114923
no_semantic_meta_llama_llama_4_scout_17b_16e_instruct,GA_FIXED,username_category,strong_username,13,False,False,['U3s39N1Dhzd'],1.0,,0,8080,0.040623625041916966
no_semantic_meta_llama_llama_4_scout_17b_16e_instruct,GA_FIXED,username_category,strong_username,14,False,False,['UFPYrliNzq'],1.0,,0,8080,0.040792625048197806
no_semantic_meta_llama_llama_4_scout_17b_16e_instruct,GA_FIXED,username_category,strong_username,15,False,False,['q3pG1L1uk'],1.0,,0,8080,0.04065037495456636
no_semantic_meta_llama_llama_4_scout_17b_16e_instruct,GA_FIXED,username_category,strong_username,16,False,False,['TOIP33Z'],1.0,,0,8080,0.039276666007936
no_semantic_meta_llama_llama_4_scout_17b_16e_instruct,GA_FIXED,username_category,strong_username,17,False,False,['tTplRE'],1.0,,0,8080,0.03888900007586926
no_semantic_meta_llama_llama_4_scout_17b_16e_instruct,GA_FIXED,username_category,strong_username,18,False,False,['CGU7z1a2'],1.0,,0,8080,0.03967537498101592
no_semantic_meta_llama_llama_4_scout_17b_16e_instruct,GA_FIXED,username_category,strong_username,19,False,False,['r5JBINq7'],1.0,,0,8080,0.04171875002793968
no_semantic_meta_llama_llama_4_scout_17b_16e_instruct,GA_FIXED,username_category,strong_username,20,False,False,['fRyQlrNH3LN'],1.0,,0,8080,0.04054562503006309
no_semantic_meta_llama_llama_4_scout_17b_16e_instruct,GA_FIXED,username_category,strong_username,21,False,False,['uPgYcw4JQ'],1.0,,0,8080,0.04126120905857533
no_semantic_meta_llama_llama_4_scout_17b_16e_instruct,GA_FIXED,username_category,strong_username,22,False,False,['aCF9lk'],1.0,,0,8080,0.04303000005893409
no_semantic_meta_llama_llama_4_scout_17b_16e_instruct,GA_FIXED,username_category,strong_username,23,False,False,['U1dye31fy1Qn'],1.0,,0,8080,0.03955533297266811
no_semantic_meta_llama_llama_4_scout_17b_16e_instruct,GA_FIXED,username_category,strong_username,24,False,False,['KGrejHmHm'],1.0,,0,8080,0.039182167034596205
no_semantic_meta_llama_llama_4_scout_17b_16e_instruct,GA_FIXED,username_category,strong_username,25,False,False,['ED6l24My2v7i3YB'],1.0,,0,8080,0.03901066700927913
no_semantic_meta_llama_llama_4_scout_17b_16e_instruct,GA_FIXED,username_category,strong_username,26,False,False,['XO57kN80'],1.0,,0,8080,0.03838866704609245
no_semantic_meta_llama_llama_4_scout_17b_16e_instruct,GA_FIXED,username_category,strong_username,27,False,False,['PQUi393oeBPpSw'],1.0,,0,8080,0.039132790989242494
no_semantic_meta_llama_llama_4_scout_17b_16e_instruct,GA_FIXED,username_category,strong_username,28,False,False,['NxcGG5NGhTNv'],1.0,,0,8080,0.038523833034560084
no_semantic_meta_llama_llama_4_scout_17b_16e_instruct,GA_FIXED,username_category,strong_username,29,False,False,['JMcdy6'],1.0,,0,8080,0.03819191607180983
no_semantic_meta_llama_llama_4_scout_17b_16e_instruct,GA_ADAPTIVE,bmi_category,invalid_height,0,False,False,,inf,,0,8080,0.03881583409383893
no_semantic_meta_llama_llama_4_scout_17b_16e_instruct,GA_ADAPTIVE,bmi_category,invalid_height,1,False,False,,inf,,0,8080,0.038862874964252114
no_semantic_meta_llama_llama_4_scout_17b_16e_instruct,GA_ADAPTIVE,bmi_category,invalid_height,2,False,False,,inf,,0,8080,0.03939858393277973
no_semantic_meta_llama_llama_4_scout_17b_16e_instruct,GA_ADAPTIVE,bmi_category,invalid_height,3,False,False,,inf,,0,8080,0.042230459046550095
no_semantic_meta_llama_llama_4_scout_17b_16e_instruct,GA_ADAPTIVE,bmi_category,invalid_height,4,False,False,,inf,,0,8080,0.04119866690598428
no_semantic_meta_llama_llama_4_scout_17b_16e_instruct,GA_ADAPTIVE,bmi_category,invalid_height,5,False,False,,inf,,0,8080,0.0393553749890998
no_semantic_meta_llama_llama_4_scout_17b_16e_instruct,GA_ADAPTIVE,bmi_category,invalid_height,6,False,False,,inf,,0,8080,0.03960583300795406
no_semantic_meta_llama_llama_4_scout_17b_16e_instruct,GA_ADAPTIVE,bmi_category,invalid_height,7,False,False,,inf,,0,8080,0.041800291975960135
no_semantic_meta_llama_llama_4_scout_17b_16e_instruct,GA_ADAPTIVE,bmi_category,invalid_height,8,False,False,,inf,,0,8080,0.040729083004407585
no_semantic_meta_llama_llama_4_scout_17b_16e_instruct,GA_ADAPTIVE,bmi_category,invalid_height,9,False,False,,inf,,0,8080,0.039155583013780415
no_semantic_meta_llama_llama_4_scout_17b_16e_instruct,GA_ADAPTIVE,bmi_category,invalid_height,10,False,False,,inf,,0,8080,0.0393008328974247
no_semantic_meta_llama_llama_4_scout_17b_16e_instruct,GA_ADAPTIVE,bmi_category,invalid_height,11,False,False,,inf,,0,8080,0.039351665996946394
no_semantic_meta_llama_llama_4_scout_17b_16e_instruct,GA_ADAPTIVE,bmi_category,invalid_height,12,False,False,,inf,,0,8080,0.039339874987490475
no_semantic_meta_llama_llama_4_scout_17b_16e_instruct,GA_ADAPTIVE,bmi_category,invalid_height,13,False,False,,inf,,0,8080,0.039157249964773655
no_semantic_meta_llama_llama_4_scout_17b_16e_instruct,GA_ADAPTIVE,bmi_category,invalid_height,14,False,False,,inf,,0,8080,0.03901933308225125
no_semantic_meta_llama_llama_4_scout_17b_16e_instruct,GA_ADAPTIVE,bmi_category,invalid_height,15,False,False,,inf,,0,8080,0.039260833989828825
no_semantic_meta_llama_llama_4_scout_17b_16e_instruct,GA_ADAPTIVE,bmi_category,invalid_height,16,False,False,,inf,,0,8080,0.16820291709154844
no_semantic_meta_llama_llama_4_scout_17b_16e_instruct,GA_ADAPTIVE,bmi_category,invalid_height,17,False,False,,inf,,0,8080,0.05492512497585267
no_semantic_meta_llama_llama_4_scout_17b_16e_instruct,GA_ADAPTIVE,bmi_category,invalid_height,18,False,False,,inf,,0,8080,0.039226667024195194
no_semantic_meta_llama_llama_4_scout_17b_16e_instruct,GA_ADAPTIVE,bmi_category,invalid_height,19,False,False,,inf,,0,8080,0.040857290965504944
no_semantic_meta_llama_llama_4_scout_17b_16e_instruct,GA_ADAPTIVE,bmi_category,invalid_height,20,False,False,,inf,,0,8080,0.03907529206480831
no_semantic_meta_llama_llama_4_scout_17b_16e_instruct,GA_ADAPTIVE,bmi_category,invalid_height,21,False,False,,inf,,0,8080,0.039324625045992434
no_semantic_meta_llama_llama_4_scout_17b_16e_instruct,GA_ADAPTIVE,bmi_category,invalid_height,22,False,False,,inf,,0,8080,0.03915924998000264
no_semantic_meta_llama_llama_4_scout_17b_16e_instruct,GA_ADAPTIVE,bmi_category,invalid_height,23,False,False,,inf,,0,8080,0.03997829195577651
no_semantic_meta_llama_llama_4_scout_17b_16e_instruct,GA_ADAPTIVE,bmi_category,invalid_height,24,False,False,,inf,,0,8080,0.03996883297804743
no_semantic_meta_llama_llama_4_scout_17b_16e_instruct,GA_ADAPTIVE,bmi_category,invalid_height,25,False,False,,inf,,0,8080,0.039260625024326146
no_semantic_meta_llama_llama_4_scout_17b_16e_instruct,GA_ADAPTIVE,bmi_category,invalid_height,26,False,False,,inf,,0,8080,0.03885850007645786
no_semantic_meta_llama_llama_4_scout_17b_16e_instruct,GA_ADAPTIVE,bmi_category,invalid_height,27,False,False,,inf,,0,8080,0.03913304198067635
no_semantic_meta_llama_llama_4_scout_17b_16e_instruct,GA_ADAPTIVE,bmi_category,invalid_height,28,False,False,,inf,,0,8080,0.03941516706254333
no_semantic_meta_llama_llama_4_scout_17b_16e_instruct,GA_ADAPTIVE,bmi_category,invalid_height,29,False,False,,inf,,0,8080,0.0404194169677794
no_semantic_meta_llama_llama_4_scout_17b_16e_instruct,GA_ADAPTIVE,bmi_category,underweight,0,False,False,,inf,,0,8080,0.03920741705223918
no_semantic_meta_llama_llama_4_scout_17b_16e_instruct,GA_ADAPTIVE,bmi_category,underweight,1,False,False,,inf,,0,8080,0.03923824999947101
no_semantic_meta_llama_llama_4_scout_17b_16e_instruct,GA_ADAPTIVE,bmi_category,underweight,2,False,False,,inf,,0,8080,0.03926758305169642
no_semantic_meta_llama_llama_4_scout_17b_16e_instruct,GA_ADAPTIVE,bmi_category,underweight,3,False,False,,inf,,0,8080,0.040492250001989305
no_semantic_meta_llama_llama_4_scout_17b_16e_instruct,GA_ADAPTIVE,bmi_category,underweight,4,False,False,,inf,,0,8080,0.03952295891940594
no_semantic_meta_llama_llama_4_scout_17b_16e_instruct,GA_ADAPTIVE,bmi_category,underweight,5,False,False,,inf,,0,8080,0.039112208993174136
no_semantic_meta_llama_llama_4_scout_17b_16e_instruct,GA_ADAPTIVE,bmi_category,underweight,6,False,False,,inf,,0,8080,0.03908691694959998
no_semantic_meta_llama_llama_4_scout_17b_16e_instruct,GA_ADAPTIVE,bmi_category,underweight,7,False,False,,inf,,0,8080,0.039040207979269326
no_semantic_meta_llama_llama_4_scout_17b_16e_instruct,GA_ADAPTIVE,bmi_category,underweight,8,False,False,,inf,,0,8080,0.038840207969769835
no_semantic_meta_llama_llama_4_scout_17b_16e_instruct,GA_ADAPTIVE,bmi_category,underweight,9,False,False,,inf,,0,8080,0.03875045804306865
no_semantic_meta_llama_llama_4_scout_17b_16e_instruct,GA_ADAPTIVE,bmi_category,underweight,10,False,False,,inf,,0,8080,0.03872079192660749
no_semantic_meta_llama_llama_4_scout_17b_16e_instruct,GA_ADAPTIVE,bmi_category,underweight,11,False,False,,inf,,0,8080,0.03869920899160206
no_semantic_meta_llama_llama_4_scout_17b_16e_instruct,GA_ADAPTIVE,bmi_category,underweight,12,False,False,,inf,,0,8080,0.03864375001285225
no_semantic_meta_llama_llama_4_scout_17b_16e_instruct,GA_ADAPTIVE,bmi_category,underweight,13,False,False,,inf,,0,8080,0.0386930420063436
no_semantic_meta_llama_llama_4_scout_17b_16e_instruct,GA_ADAPTIVE,bmi_category,underweight,14,False,False,,inf,,0,8080,0.03869333292823285
no_semantic_meta_llama_llama_4_scout_17b_16e_instruct,GA_ADAPTIVE,bmi_category,underweight,15,False,False,,inf,,0,8080,0.0396465000230819
no_semantic_meta_llama_llama_4_scout_17b_16e_instruct,GA_ADAPTIVE,bmi_category,underweight,16,False,False,,inf,,0,8080,0.03903400001581758
no_semantic_meta_llama_llama_4_scout_17b_16e_instruct,GA_ADAPTIVE,bmi_category,underweight,17,False,False,,inf,,0,8080,0.039056792040355504
no_semantic_meta_llama_llama_4_scout_17b_16e_instruct,GA_ADAPTIVE,bmi_category,underweight,18,False,False,,inf,,0,8080,0.03866349998861551
no_semantic_meta_llama_llama_4_scout_17b_16e_instruct,GA_ADAPTIVE,bmi_category,underweight,19,False,False,,inf,,0,8080,0.03994633292313665
no_semantic_meta_llama_llama_4_scout_17b_16e_instruct,GA_ADAPTIVE,bmi_category,underweight,20,False,False,,inf,,0,8080,0.03918941703159362
no_semantic_meta_llama_llama_4_scout_17b_16e_instruct,GA_ADAPTIVE,bmi_category,underweight,21,False,False,,inf,,0,8080,0.03907654189970344
no_semantic_meta_llama_llama_4_scout_17b_16e_instruct,GA_ADAPTIVE,bmi_category,underweight,22,False,False,,inf,,0,8080,0.039846458937972784
no_semantic_meta_llama_llama_4_scout_17b_16e_instruct,GA_ADAPTIVE,bmi_category,underweight,23,False,False,,inf,,0,8080,0.03924200008623302
no_semantic_meta_llama_llama_4_scout_17b_16e_instruct,GA_ADAPTIVE,bmi_category,underweight,24,False,False,,inf,,0,8080,0.039084124960936606
no_semantic_meta_llama_llama_4_scout_17b_16e_instruct,GA_ADAPTIVE,bmi_category,underweight,25,False,False,,inf,,0,8080,0.039021958014927804
no_semantic_meta_llama_llama_4_scout_17b_16e_instruct,GA_ADAPTIVE,bmi_category,underweight,26,False,False,,inf,,0,8080,0.038737833965569735
no_semantic_meta_llama_llama_4_scout_17b_16e_instruct,GA_ADAPTIVE,bmi_category,underweight,27,False,False,,inf,,0,8080,0.0386428750352934
no_semantic_meta_llama_llama_4_scout_17b_16e_instruct,GA_ADAPTIVE,bmi_category,underweight,28,False,False,,inf,,0,8080,0.03869112499523908
no_semantic_meta_llama_llama_4_scout_17b_16e_instruct,GA_ADAPTIVE,bmi_category,underweight,29,False,False,,inf,,0,8080,0.039628083002753556
no_semantic_meta_llama_llama_4_scout_17b_16e_instruct,GA_ADAPTIVE,bmi_category,normal,0,False,False,,inf,,0,8080,0.039071458973921835
no_semantic_meta_llama_llama_4_scout_17b_16e_instruct,GA_ADAPTIVE,bmi_category,normal,1,False,False,,inf,,0,8080,0.038713290938176215
no_semantic_meta_llama_llama_4_scout_17b_16e_instruct,GA_ADAPTIVE,bmi_category,normal,2,False,False,,inf,,0,8080,0.038626458030194044
no_semantic_meta_llama_llama_4_scout_17b_16e_instruct,GA_ADAPTIVE,bmi_category,normal,3,False,False,,inf,,0,8080,0.03906670806463808
no_semantic_meta_llama_llama_4_scout_17b_16e_instruct,GA_ADAPTIVE,bmi_category,normal,4,False,False,,inf,,0,8080,0.03942970803473145
no_semantic_meta_llama_llama_4_scout_17b_16e_instruct,GA_ADAPTIVE,bmi_category,normal,5,False,False,,inf,,0,8080,0.03900295903440565
no_semantic_meta_llama_llama_4_scout_17b_16e_instruct,GA_ADAPTIVE,bmi_category,normal,6,False,False,,inf,,0,8080,0.03866379207465798
no_semantic_meta_llama_llama_4_scout_17b_16e_instruct,GA_ADAPTIVE,bmi_category,normal,7,False,False,,inf,,0,8080,0.03976595890708268
no_semantic_meta_llama_llama_4_scout_17b_16e_instruct,GA_ADAPTIVE,bmi_category,normal,8,False,False,,inf,,0,8080,0.03876974992454052
no_semantic_meta_llama_llama_4_scout_17b_16e_instruct,GA_ADAPTIVE,bmi_category,normal,9,False,False,,inf,,0,8080,0.03876433405093849
no_semantic_meta_llama_llama_4_scout_17b_16e_instruct,GA_ADAPTIVE,bmi_category,normal,10,False,False,,inf,,0,8080,0.03887087502516806
no_semantic_meta_llama_llama_4_scout_17b_16e_instruct,GA_ADAPTIVE,bmi_category,normal,11,False,False,,inf,,0,8080,0.038749791914597154
no_semantic_meta_llama_llama_4_scout_17b_16e_instruct,GA_ADAPTIVE,bmi_category,normal,12,False,False,,inf,,0,8080,0.03872183302883059
no_semantic_meta_llama_llama_4_scout_17b_16e_instruct,GA_ADAPTIVE,bmi_category,normal,13,False,False,,inf,,0,8080,0.03975400002673268
no_semantic_meta_llama_llama_4_scout_17b_16e_instruct,GA_ADAPTIVE,bmi_category,normal,14,False,False,,inf,,0,8080,0.03889370895922184
no_semantic_meta_llama_llama_4_scout_17b_16e_instruct,GA_ADAPTIVE,bmi_category,normal,15,False,False,,inf,,0,8080,0.038845791947096586
no_semantic_meta_llama_llama_4_scout_17b_16e_instruct,GA_ADAPTIVE,bmi_category,normal,16,False,False,,inf,,0,8080,0.03962254198268056
no_semantic_meta_llama_llama_4_scout_17b_16e_instruct,GA_ADAPTIVE,bmi_category,normal,17,False,False,,inf,,0,8080,0.039003832964226604
no_semantic_meta_llama_llama_4_scout_17b_16e_instruct,GA_ADAPTIVE,bmi_category,normal,18,False,False,,inf,,0,8080,0.03883562493138015
no_semantic_meta_llama_llama_4_scout_17b_16e_instruct,GA_ADAPTIVE,bmi_category,normal,19,False,False,,inf,,0,8080,0.03878641698975116
no_semantic_meta_llama_llama_4_scout_17b_16e_instruct,GA_ADAPTIVE,bmi_category,normal,20,False,False,,inf,,0,8080,0.04012450005393475
no_semantic_meta_llama_llama_4_scout_17b_16e_instruct,GA_ADAPTIVE,bmi_category,normal,21,False,False,,inf,,0,8080,0.03902695910073817
no_semantic_meta_llama_llama_4_scout_17b_16e_instruct,GA_ADAPTIVE,bmi_category,normal,22,False,False,,inf,,0,8080,0.04035829205531627
no_semantic_meta_llama_llama_4_scout_17b_16e_instruct,GA_ADAPTIVE,bmi_category,normal,23,False,False,,inf,,0,8080,0.039563124999403954
no_semantic_meta_llama_llama_4_scout_17b_16e_instruct,GA_ADAPTIVE,bmi_category,normal,24,False,False,,inf,,0,8080,0.03922874992713332
no_semantic_meta_llama_llama_4_scout_17b_16e_instruct,GA_ADAPTIVE,bmi_category,normal,25,False,False,,inf,,0,8080,0.03927133302204311
no_semantic_meta_llama_llama_4_scout_17b_16e_instruct,GA_ADAPTIVE,bmi_category,normal,26,False,False,,inf,,0,8080,0.03924241696950048
no_semantic_meta_llama_llama_4_scout_17b_16e_instruct,GA_ADAPTIVE,bmi_category,normal,27,False,False,,inf,,0,8080,0.038911917014047503
no_semantic_meta_llama_llama_4_scout_17b_16e_instruct,GA_ADAPTIVE,bmi_category,normal,28,False,False,,inf,,0,8080,0.038689292035996914
no_semantic_meta_llama_llama_4_scout_17b_16e_instruct,GA_ADAPTIVE,bmi_category,normal,29,False,False,,inf,,0,8080,0.038671708083711565
no_semantic_meta_llama_llama_4_scout_17b_16e_instruct,GA_ADAPTIVE,bmi_category,overweight,0,False,False,,inf,,0,8080,0.03890133404638618
no_semantic_meta_llama_llama_4_scout_17b_16e_instruct,GA_ADAPTIVE,bmi_category,overweight,1,False,False,,inf,,0,8080,0.03877766593359411
no_semantic_meta_llama_llama_4_scout_17b_16e_instruct,GA_ADAPTIVE,bmi_category,overweight,2,False,False,,inf,,0,8080,0.039264332968741655
no_semantic_meta_llama_llama_4_scout_17b_16e_instruct,GA_ADAPTIVE,bmi_category,overweight,3,False,False,,inf,,0,8080,0.04057037504389882
no_semantic_meta_llama_llama_4_scout_17b_16e_instruct,GA_ADAPTIVE,bmi_category,overweight,4,False,False,,inf,,0,8080,0.039308083010837436
no_semantic_meta_llama_llama_4_scout_17b_16e_instruct,GA_ADAPTIVE,bmi_category,overweight,5,False,False,,inf,,0,8080,0.03921879199333489
no_semantic_meta_llama_llama_4_scout_17b_16e_instruct,GA_ADAPTIVE,bmi_category,overweight,6,False,False,,inf,,0,8080,0.0392057920107618
no_semantic_meta_llama_llama_4_scout_17b_16e_instruct,GA_ADAPTIVE,bmi_category,overweight,7,False,False,,inf,,0,8080,0.0392907919595018
no_semantic_meta_llama_llama_4_scout_17b_16e_instruct,GA_ADAPTIVE,bmi_category,overweight,8,False,False,,inf,,0,8080,0.03915566601790488
no_semantic_meta_llama_llama_4_scout_17b_16e_instruct,GA_ADAPTIVE,bmi_category,overweight,9,False,False,,inf,,0,8080,0.038894749945029616
no_semantic_meta_llama_llama_4_scout_17b_16e_instruct,GA_ADAPTIVE,bmi_category,overweight,10,False,False,,inf,,0,8080,0.03879533300641924
no_semantic_meta_llama_llama_4_scout_17b_16e_instruct,GA_ADAPTIVE,bmi_category,overweight,11,False,False,,inf,,0,8080,0.03885629202704877
no_semantic_meta_llama_llama_4_scout_17b_16e_instruct,GA_ADAPTIVE,bmi_category,overweight,12,False,False,,inf,,0,8080,0.0389052500249818
no_semantic_meta_llama_llama_4_scout_17b_16e_instruct,GA_ADAPTIVE,bmi_category,overweight,13,False,False,,inf,,0,8080,0.038804749958217144
no_semantic_meta_llama_llama_4_scout_17b_16e_instruct,GA_ADAPTIVE,bmi_category,overweight,14,False,False,,inf,,0,8080,0.03876420797314495
no_semantic_meta_llama_llama_4_scout_17b_16e_instruct,GA_ADAPTIVE,bmi_category,overweight,15,False,False,,inf,,0,8080,0.038808666984550655
no_semantic_meta_llama_llama_4_scout_17b_16e_instruct,GA_ADAPTIVE,bmi_category,overweight,16,False,False,,inf,,0,8080,0.038702875026501715
no_semantic_meta_llama_llama_4_scout_17b_16e_instruct,GA_ADAPTIVE,bmi_category,overweight,17,False,False,,inf,,0,8080,0.03877233306411654
no_semantic_meta_llama_llama_4_scout_17b_16e_instruct,GA_ADAPTIVE,bmi_category,overweight,18,False,False,,inf,,0,8080,0.03873141703661531
no_semantic_meta_llama_llama_4_scout_17b_16e_instruct,GA_ADAPTIVE,bmi_category,overweight,19,False,False,,inf,,0,8080,0.038879584055393934
no_semantic_meta_llama_llama_4_scout_17b_16e_instruct,GA_ADAPTIVE,bmi_category,overweight,20,False,False,,inf,,0,8080,0.03873641707468778
no_semantic_meta_llama_llama_4_scout_17b_16e_instruct,GA_ADAPTIVE,bmi_category,overweight,21,False,False,,inf,,0,8080,0.038703666999936104
no_semantic_meta_llama_llama_4_scout_17b_16e_instruct,GA_ADAPTIVE,bmi_category,overweight,22,False,False,,inf,,0,8080,0.0388495409861207
no_semantic_meta_llama_llama_4_scout_17b_16e_instruct,GA_ADAPTIVE,bmi_category,overweight,23,False,False,,inf,,0,8080,0.03881699999328703
no_semantic_meta_llama_llama_4_scout_17b_16e_instruct,GA_ADAPTIVE,bmi_category,overweight,24,False,False,,inf,,0,8080,0.03888695896603167
no_semantic_meta_llama_llama_4_scout_17b_16e_instruct,GA_ADAPTIVE,bmi_category,overweight,25,False,False,,inf,,0,8080,0.038821583962999284
no_semantic_meta_llama_llama_4_scout_17b_16e_instruct,GA_ADAPTIVE,bmi_category,overweight,26,False,False,,inf,,0,8080,0.038720082957297564
no_semantic_meta_llama_llama_4_scout_17b_16e_instruct,GA_ADAPTIVE,bmi_category,overweight,27,False,False,,inf,,0,8080,0.03884887497406453
no_semantic_meta_llama_llama_4_scout_17b_16e_instruct,GA_ADAPTIVE,bmi_category,overweight,28,False,False,,inf,,0,8080,0.03888083400670439
no_semantic_meta_llama_llama_4_scout_17b_16e_instruct,GA_ADAPTIVE,bmi_category,overweight,29,False,False,,inf,,0,8080,0.040866042021662
no_semantic_meta_llama_llama_4_scout_17b_16e_instruct,GA_ADAPTIVE,bmi_category,obese,0,False,False,,inf,,0,8080,0.040169249987229705
no_semantic_meta_llama_llama_4_scout_17b_16e_instruct,GA_ADAPTIVE,bmi_category,obese,1,False,False,,inf,,0,8080,0.03946683299727738
no_semantic_meta_llama_llama_4_scout_17b_16e_instruct,GA_ADAPTIVE,bmi_category,obese,2,False,False,,inf,,0,8080,0.03968354105018079
no_semantic_meta_llama_llama_4_scout_17b_16e_instruct,GA_ADAPTIVE,bmi_category,obese,3,False,False,,inf,,0,8080,0.03949379199184477
no_semantic_meta_llama_llama_4_scout_17b_16e_instruct,GA_ADAPTIVE,bmi_category,obese,4,False,False,,inf,,0,8080,0.039345999946817756
no_semantic_meta_llama_llama_4_scout_17b_16e_instruct,GA_ADAPTIVE,bmi_category,obese,5,False,False,,inf,,0,8080,0.03944495797622949
no_semantic_meta_llama_llama_4_scout_17b_16e_instruct,GA_ADAPTIVE,bmi_category,obese,6,False,False,,inf,,0,8080,0.03912987501826137
no_semantic_meta_llama_llama_4_scout_17b_16e_instruct,GA_ADAPTIVE,bmi_category,obese,7,False,False,,inf,,0,8080,0.039147207979112864
no_semantic_meta_llama_llama_4_scout_17b_16e_instruct,GA_ADAPTIVE,bmi_category,obese,8,False,False,,inf,,0,8080,0.039052583975717425
no_semantic_meta_llama_llama_4_scout_17b_16e_instruct,GA_ADAPTIVE,bmi_category,obese,9,False,False,,inf,,0,8080,0.0392980839824304
no_semantic_meta_llama_llama_4_scout_17b_16e_instruct,GA_ADAPTIVE,bmi_category,obese,10,False,False,,inf,,0,8080,0.03971366700716317
no_semantic_meta_llama_llama_4_scout_17b_16e_instruct,GA_ADAPTIVE,bmi_category,obese,11,False,False,,inf,,0,8080,0.03948720800690353
no_semantic_meta_llama_llama_4_scout_17b_16e_instruct,GA_ADAPTIVE,bmi_category,obese,12,False,False,,inf,,0,8080,0.039084625081159174
no_semantic_meta_llama_llama_4_scout_17b_16e_instruct,GA_ADAPTIVE,bmi_category,obese,13,False,False,,inf,,0,8080,0.03904987499117851
no_semantic_meta_llama_llama_4_scout_17b_16e_instruct,GA_ADAPTIVE,bmi_category,obese,14,False,False,,inf,,0,8080,0.0389387080213055
no_semantic_meta_llama_llama_4_scout_17b_16e_instruct,GA_ADAPTIVE,bmi_category,obese,15,False,False,,inf,,0,8080,0.03892908408306539
no_semantic_meta_llama_llama_4_scout_17b_16e_instruct,GA_ADAPTIVE,bmi_category,obese,16,False,False,,inf,,0,8080,0.0389902499737218
no_semantic_meta_llama_llama_4_scout_17b_16e_instruct,GA_ADAPTIVE,bmi_category,obese,17,False,False,,inf,,0,8080,0.03898033301811665
no_semantic_meta_llama_llama_4_scout_17b_16e_instruct,GA_ADAPTIVE,bmi_category,obese,18,False,False,,inf,,0,8080,0.03896949999034405
no_semantic_meta_llama_llama_4_scout_17b_16e_instruct,GA_ADAPTIVE,bmi_category,obese,19,False,False,,inf,,0,8080,0.038806207943707705
no_semantic_meta_llama_llama_4_scout_17b_16e_instruct,GA_ADAPTIVE,bmi_category,obese,20,False,False,,inf,,0,8080,0.039308125036768615
no_semantic_meta_llama_llama_4_scout_17b_16e_instruct,GA_ADAPTIVE,bmi_category,obese,21,False,False,,inf,,0,8080,0.0394697500159964
no_semantic_meta_llama_llama_4_scout_17b_16e_instruct,GA_ADAPTIVE,bmi_category,obese,22,False,False,,inf,,0,8080,0.03942029096651822
no_semantic_meta_llama_llama_4_scout_17b_16e_instruct,GA_ADAPTIVE,bmi_category,obese,23,False,False,,inf,,0,8080,0.03944620897527784
no_semantic_meta_llama_llama_4_scout_17b_16e_instruct,GA_ADAPTIVE,bmi_category,obese,24,False,False,,inf,,0,8080,0.03892600000835955
no_semantic_meta_llama_llama_4_scout_17b_16e_instruct,GA_ADAPTIVE,bmi_category,obese,25,False,False,,inf,,0,8080,0.038844124996103346
no_semantic_meta_llama_llama_4_scout_17b_16e_instruct,GA_ADAPTIVE,bmi_category,obese,26,False,False,,inf,,0,8080,0.03903712495230138
no_semantic_meta_llama_llama_4_scout_17b_16e_instruct,GA_ADAPTIVE,bmi_category,obese,27,False,False,,inf,,0,8080,0.039063791977241635
no_semantic_meta_llama_llama_4_scout_17b_16e_instruct,GA_ADAPTIVE,bmi_category,obese,28,False,False,,inf,,0,8080,0.03892270801588893
no_semantic_meta_llama_llama_4_scout_17b_16e_instruct,GA_ADAPTIVE,bmi_category,obese,29,False,False,,inf,,0,8080,0.038986667059361935
no_semantic_meta_llama_llama_4_scout_17b_16e_instruct,GA_ADAPTIVE,list_pattern,too_short,0,True,True,[[-33]],0.0,too_short,0,80,0.0001472911098971963
no_semantic_meta_llama_llama_4_scout_17b_16e_instruct,GA_ADAPTIVE,list_pattern,too_short,1,True,True,[[-50]],0.0,too_short,0,80,0.00012679200153797865
no_semantic_meta_llama_llama_4_scout_17b_16e_instruct,GA_ADAPTIVE,list_pattern,too_short,2,True,True,[[-30]],0.0,too_short,0,80,0.00012579106260091066
no_semantic_meta_llama_llama_4_scout_17b_16e_instruct,GA_ADAPTIVE,list_pattern,too_short,3,True,True,[[-79]],0.0,too_short,0,80,0.00012500002048909664
no_semantic_meta_llama_llama_4_scout_17b_16e_instruct,GA_ADAPTIVE,list_pattern,too_short,4,True,True,[[-92]],0.0,too_short,0,80,0.00012612505815923214
no_semantic_meta_llama_llama_4_scout_17b_16e_instruct,GA_ADAPTIVE,list_pattern,too_short,5,True,True,[[-99]],0.0,too_short,0,80,0.00012941693421453238
no_semantic_meta_llama_llama_4_scout_17b_16e_instruct,GA_ADAPTIVE,list_pattern,too_short,6,True,True,[[-69]],0.0,too_short,0,80,0.00012550002429634333
no_semantic_meta_llama_llama_4_scout_17b_16e_instruct,GA_ADAPTIVE,list_pattern,too_short,7,True,True,[[]],0.0,too_short,0,80,0.00013095897156745195
no_semantic_meta_llama_llama_4_scout_17b_16e_instruct,GA_ADAPTIVE,list_pattern,too_short,8,True,True,[[66]],0.0,too_short,0,80,0.00012987491209059954
no_semantic_meta_llama_llama_4_scout_17b_16e_instruct,GA_ADAPTIVE,list_pattern,too_short,9,True,True,[[-47]],0.0,too_short,0,80,0.00012395798694342375
no_semantic_meta_llama_llama_4_scout_17b_16e_instruct,GA_ADAPTIVE,list_pattern,too_short,10,True,True,[[]],0.0,too_short,0,80,0.00013266701716929674
no_semantic_meta_llama_llama_4_scout_17b_16e_instruct,GA_ADAPTIVE,list_pattern,too_short,11,True,True,[[]],0.0,too_short,0,80,0.00012270896695554256
no_semantic_meta_llama_llama_4_scout_17b_16e_instruct,GA_ADAPTIVE,list_pattern,too_short,12,True,True,[[-7]],0.0,too_short,0,80,0.00011629203800112009
no_semantic_meta_llama_llama_4_scout_17b_16e_instruct,GA_ADAPTIVE,list_pattern,too_short,13,True,True,[[-97]],0.0,too_short,0,80,0.00013016699813306332
no_semantic_meta_llama_llama_4_scout_17b_16e_instruct,GA_ADAPTIVE,list_pattern,too_short,14,True,True,[[]],0.0,too_short,0,80,0.00012270791921764612
no_semantic_meta_llama_llama_4_scout_17b_16e_instruct,GA_ADAPTIVE,list_pattern,too_short,15,True,True,[[54]],0.0,too_short,0,80,0.00012600002810359
no_semantic_meta_llama_llama_4_scout_17b_16e_instruct,GA_ADAPTIVE,list_pattern,too_short,16,True,True,[[32]],0.0,too_short,0,80,0.00012212502770125866
no_semantic_meta_llama_llama_4_scout_17b_16e_instruct,GA_ADAPTIVE,list_pattern,too_short,17,True,True,[[]],0.0,too_short,0,80,0.00012108404189348221
no_semantic_meta_llama_llama_4_scout_17b_16e_instruct,GA_ADAPTIVE,list_pattern,too_short,18,True,True,[[]],0.0,too_short,0,80,0.00013316702097654343
no_semantic_meta_llama_llama_4_scout_17b_16e_instruct,GA_ADAPTIVE,list_pattern,too_short,19,True,True,[[]],0.0,too_short,0,80,0.00012829096522182226
no_semantic_meta_llama_llama_4_scout_17b_16e_instruct,GA_ADAPTIVE,list_pattern,too_short,20,True,True,[[]],0.0,too_short,0,80,0.0001235830131918192
no_semantic_meta_llama_llama_4_scout_17b_16e_instruct,GA_ADAPTIVE,list_pattern,too_short,21,True,True,[[-12]],0.0,too_short,0,80,0.00012687500566244125
no_semantic_meta_llama_llama_4_scout_17b_16e_instruct,GA_ADAPTIVE,list_pattern,too_short,22,True,True,[[-36]],0.0,too_short,0,80,0.00013287505134940147
no_semantic_meta_llama_llama_4_scout_17b_16e_instruct,GA_ADAPTIVE,list_pattern,too_short,23,True,True,[[11]],0.0,too_short,0,80,0.00012795906513929367
no_semantic_meta_llama_llama_4_scout_17b_16e_instruct,GA_ADAPTIVE,list_pattern,too_short,24,True,True,[[]],0.0,too_short,0,80,0.00013383303303271532
no_semantic_meta_llama_llama_4_scout_17b_16e_instruct,GA_ADAPTIVE,list_pattern,too_short,25,True,True,[[]],0.0,too_short,0,80,0.00013016699813306332
no_semantic_meta_llama_llama_4_scout_17b_16e_instruct,GA_ADAPTIVE,list_pattern,too_short,26,True,True,[[]],0.0,too_short,0,80,0.00012829096522182226
no_semantic_meta_llama_llama_4_scout_17b_16e_instruct,GA_ADAPTIVE,list_pattern,too_short,27,True,True,[[]],0.0,too_short,0,80,0.0001270420616492629
no_semantic_meta_llama_llama_4_scout_17b_16e_instruct,GA_ADAPTIVE,list_pattern,too_short,28,True,True,[[]],0.0,too_short,0,80,0.0001279159914702177
no_semantic_meta_llama_llama_4_scout_17b_16e_instruct,GA_ADAPTIVE,list_pattern,too_short,29,True,True,[[-91]],0.0,too_short,0,80,0.00012579199392348528
no_semantic_meta_llama_llama_4_scout_17b_16e_instruct,GA_ADAPTIVE,list_pattern,sorted_unique,0,True,True,"[[-59, -4]]",0.0,sorted_unique,0,80,0.0001236669486388564
no_semantic_meta_llama_llama_4_scout_17b_16e_instruct,GA_ADAPTIVE,list_pattern,sorted_unique,1,True,True,"[[20, 66]]",0.0,sorted_unique,0,80,0.00012695800978690386
no_semantic_meta_llama_llama_4_scout_17b_16e_instruct,GA_ADAPTIVE,list_pattern,sorted_unique,2,True,True,"[[-66, -56, 8]]",0.0,sorted_unique,0,80,0.00012687500566244125
no_semantic_meta_llama_llama_4_scout_17b_16e_instruct,GA_ADAPTIVE,list_pattern,sorted_unique,3,True,True,"[[-71, -46, -9]]",0.0,sorted_unique,0,80,0.00012266705743968487
no_semantic_meta_llama_llama_4_scout_17b_16e_instruct,GA_ADAPTIVE,list_pattern,sorted_unique,4,True,True,"[[40, 51]]",0.0,sorted_unique,0,80,0.0001235000090673566
no_semantic_meta_llama_llama_4_scout_17b_16e_instruct,GA_ADAPTIVE,list_pattern,sorted_unique,5,True,True,"[[-53, 92]]",0.0,sorted_unique,0,80,0.00013774994295090437
no_semantic_meta_llama_llama_4_scout_17b_16e_instruct,GA_ADAPTIVE,list_pattern,sorted_unique,6,True,True,"[[-79, -6]]",0.0,sorted_unique,0,80,0.0001223749713972211
no_semantic_meta_llama_llama_4_scout_17b_16e_instruct,GA_ADAPTIVE,list_pattern,sorted_unique,7,True,True,"[[-70, 60]]",0.0,sorted_unique,0,80,0.00013112497981637716
no_semantic_meta_llama_llama_4_scout_17b_16e_instruct,GA_ADAPTIVE,list_pattern,sorted_unique,8,True,True,"[[-41, -19]]",0.0,sorted_unique,0,80,0.00012883299496024847
no_semantic_meta_llama_llama_4_scout_17b_16e_instruct,GA_ADAPTIVE,list_pattern,sorted_unique,9,True,True,"[[19, 38, 65]]",0.0,sorted_unique,0,80,0.00013220799155533314
no_semantic_meta_llama_llama_4_scout_17b_16e_instruct,GA_ADAPTIVE,list_pattern,sorted_unique,10,True,True,"[[-32, 70]]",0.0,sorted_unique,0,80,0.00012858305126428604
no_semantic_meta_llama_llama_4_scout_17b_16e_instruct,GA_ADAPTIVE,list_pattern,sorted_unique,11,True,True,"[[13, 55]]",0.0,sorted_unique,0,80,0.00012870889622718096
no_semantic_meta_llama_llama_4_scout_17b_16e_instruct,GA_ADAPTIVE,list_pattern,sorted_unique,12,True,True,"[[63, 65]]",0.0,sorted_unique,0,80,0.00012199999764561653
no_semantic_meta_llama_llama_4_scout_17b_16e_instruct,GA_ADAPTIVE,list_pattern,sorted_unique,13,True,True,"[[-9, 0, 10]]",0.0,sorted_unique,0,80,0.00013150006998330355
no_semantic_meta_llama_llama_4_scout_17b_16e_instruct,GA_ADAPTIVE,list_pattern,sorted_unique,14,True,True,"[[-92, -53]]",0.0,sorted_unique,0,80,0.0008925000438466668
no_semantic_meta_llama_llama_4_scout_17b_16e_instruct,GA_ADAPTIVE,list_pattern,sorted_unique,15,True,True,"[[9, 45, 76]]",0.0,sorted_unique,0,80,0.00013079203199595213
no_semantic_meta_llama_llama_4_scout_17b_16e_instruct,GA_ADAPTIVE,list_pattern,sorted_unique,16,True,True,"[[-4, 34, 83]]",0.0,sorted_unique,0,80,0.00012616708409041166
no_semantic_meta_llama_llama_4_scout_17b_16e_instruct,GA_ADAPTIVE,list_pattern,sorted_unique,17,True,True,"[[-80, 96]]",0.0,sorted_unique,0,80,0.00012387498281896114
no_semantic_meta_llama_llama_4_scout_17b_16e_instruct,GA_ADAPTIVE,list_pattern,sorted_unique,18,True,True,"[[-100, 33]]",0.0,sorted_unique,0,80,0.00012916605919599533
no_semantic_meta_llama_llama_4_scout_17b_16e_instruct,GA_ADAPTIVE,list_pattern,sorted_unique,19,True,True,"[[-48, 3]]",0.0,sorted_unique,0,80,0.00012695800978690386
no_semantic_meta_llama_llama_4_scout_17b_16e_instruct,GA_ADAPTIVE,list_pattern,sorted_unique,20,True,True,"[[-61, 45]]",0.0,sorted_unique,0,80,0.00013170798774808645
no_semantic_meta_llama_llama_4_scout_17b_16e_instruct,GA_ADAPTIVE,list_pattern,sorted_unique,21,True,True,"[[-79, -66, -28, -21, 55]]",0.0,sorted_unique,0,80,0.00014625000767409801
no_semantic_meta_llama_llama_4_scout_17b_16e_instruct,GA_ADAPTIVE,list_pattern,sorted_unique,22,True,True,"[[-71, 9, 57, 94]]",0.0,sorted_unique,0,80,0.00012874999083578587
no_semantic_meta_llama_llama_4_scout_17b_16e_instruct,GA_ADAPTIVE,list_pattern,sorted_unique,23,True,True,"[[-100, -53, 97]]",0.0,sorted_unique,0,80,0.00013204198330640793
no_semantic_meta_llama_llama_4_scout_17b_16e_instruct,GA_ADAPTIVE,list_pattern,sorted_unique,24,True,True,"[[77, 98]]",0.0,sorted_unique,0,80,0.0001241250429302454
no_semantic_meta_llama_llama_4_scout_17b_16e_instruct,GA_ADAPTIVE,list_pattern,sorted_unique,25,True,True,"[[21, 86]]",0.0,sorted_unique,0,80,0.00012520793825387955
no_semantic_meta_llama_llama_4_scout_17b_16e_instruct,GA_ADAPTIVE,list_pattern,sorted_unique,26,True,True,"[[-97, -70, 66]]",0.0,sorted_unique,0,80,0.00012533296830952168
no_semantic_meta_llama_llama_4_scout_17b_16e_instruct,GA_ADAPTIVE,list_pattern,sorted_unique,27,True,True,"[[-60, -55, -53, 29]]",0.0,sorted_unique,0,80,0.00013945798855274916
no_semantic_meta_llama_llama_4_scout_17b_16e_instruct,GA_ADAPTIVE,list_pattern,sorted_unique,28,True,True,"[[-78, 30]]",0.0,sorted_unique,0,80,0.00012874999083578587
no_semantic_meta_llama_llama_4_scout_17b_16e_instruct,GA_ADAPTIVE,list_pattern,sorted_unique,29,True,True,"[[-71, 86]]",0.0,sorted_unique,0,80,0.00012416706886142492
no_semantic_meta_llama_llama_4_scout_17b_16e_instruct,GA_ADAPTIVE,list_pattern,sorted_with_duplicates,0,True,True,"[[52, 52]]",0.0,sorted_with_duplicates,0,80,0.00013512501027435064
no_semantic_meta_llama_llama_4_scout_17b_16e_instruct,GA_ADAPTIVE,list_pattern,sorted_with_duplicates,1,True,True,"[[-3, -3, 23, 82]]",0.0,sorted_with_duplicates,4,400,0.0019352079834789038
no_semantic_meta_llama_llama_4_scout_17b_16e_instruct,GA_ADAPTIVE,list_pattern,sorted_with_duplicates,2,True,True,"[[-72, 86, 86]]",0.0,sorted_with_duplicates,36,2960,0.01661362498998642
no_semantic_meta_llama_llama_4_scout_17b_16e_instruct,GA_ADAPTIVE,list_pattern,sorted_with_duplicates,3,True,True,"[[-40, 54, 54]]",0.0,sorted_with_duplicates,18,1520,0.008018334046937525
no_semantic_meta_llama_llama_4_scout_17b_16e_instruct,GA_ADAPTIVE,list_pattern,sorted_with_duplicates,4,True,True,"[[-36, -36]]",0.0,sorted_with_duplicates,23,1920,0.010383959044702351
no_semantic_meta_llama_llama_4_scout_17b_16e_instruct,GA_ADAPTIVE,list_pattern,sorted_with_duplicates,5,True,True,"[[1, 1]]",0.0,sorted_with_duplicates,0,80,0.0001313330139964819
no_semantic_meta_llama_llama_4_scout_17b_16e_instruct,GA_ADAPTIVE,list_pattern,sorted_with_duplicates,6,True,True,"[[-56, -56]]",0.0,sorted_with_duplicates,16,1360,0.006840083980932832
no_semantic_meta_llama_llama_4_scout_17b_16e_instruct,GA_ADAPTIVE,list_pattern,sorted_with_duplicates,7,True,True,"[[-20, -7, 18, 18]]",0.0,sorted_with_duplicates,34,2800,0.015525333932600915
no_semantic_meta_llama_llama_4_scout_17b_16e_instruct,GA_ADAPTIVE,list_pattern,sorted_with_duplicates,8,True,True,"[[19, 19]]",0.0,sorted_with_duplicates,34,2800,0.01533824997022748
no_semantic_meta_llama_llama_4_scout_17b_16e_instruct,GA_ADAPTIVE,list_pattern,sorted_with_duplicates,9,True,True,"[[41, 41]]",0.0,sorted_with_duplicates,37,3040,0.01644845900591463
no_semantic_meta_llama_llama_4_scout_17b_16e_instruct,GA_ADAPTIVE,list_pattern,sorted_with_duplicates,10,True,True,"[[-63, -63, 5, 86]]",0.0,sorted_with_duplicates,38,3120,0.017968334024772048
no_semantic_meta_llama_llama_4_scout_17b_16e_instruct,GA_ADAPTIVE,list_pattern,sorted_with_duplicates,11,True,True,"[[-42, -33, -20, 58, 58]]",0.0,sorted_with_duplicates,0,80,0.00013454200234264135
no_semantic_meta_llama_llama_4_scout_17b_16e_instruct,GA_ADAPTIVE,list_pattern,sorted_with_duplicates,12,True,True,"[[-50, -50]]",0.0,sorted_with_duplicates,2,240,0.0009977919980883598
no_semantic_meta_llama_llama_4_scout_17b_16e_instruct,GA_ADAPTIVE,list_pattern,sorted_with_duplicates,13,True,True,"[[-5, -5]]",0.0,sorted_with_duplicates,16,1360,0.007329291081987321
no_semantic_meta_llama_llama_4_scout_17b_16e_instruct,GA_ADAPTIVE,list_pattern,sorted_with_duplicates,14,True,True,"[[22, 22]]",0.0,sorted_with_duplicates,2,240,0.0009820419363677502
no_semantic_meta_llama_llama_4_scout_17b_16e_instruct,GA_ADAPTIVE,list_pattern,sorted_with_duplicates,15,True,True,"[[-64, -64, 93]]",0.0,sorted_with_duplicates,4,400,0.001833791029639542
no_semantic_meta_llama_llama_4_scout_17b_16e_instruct,GA_ADAPTIVE,list_pattern,sorted_with_duplicates,16,True,True,"[[-79, -59, -59, 14, 21]]",0.0,sorted_with_duplicates,11,960,0.004960790975019336
no_semantic_meta_llama_llama_4_scout_17b_16e_instruct,GA_ADAPTIVE,list_pattern,sorted_with_duplicates,17,True,True,"[[-61, -61]]",0.0,sorted_with_duplicates,10,880,0.004461000091396272
no_semantic_meta_llama_llama_4_scout_17b_16e_instruct,GA_ADAPTIVE,list_pattern,sorted_with_duplicates,18,True,True,"[[-55, 35, 46, 46, 49]]",0.0,sorted_with_duplicates,0,80,0.00013525004032999277
no_semantic_meta_llama_llama_4_scout_17b_16e_instruct,GA_ADAPTIVE,list_pattern,sorted_with_duplicates,19,True,True,"[[56, 56]]",0.0,sorted_with_duplicates,22,1840,0.00954224995803088
no_semantic_meta_llama_llama_4_scout_17b_16e_instruct,GA_ADAPTIVE,list_pattern,sorted_with_duplicates,20,True,True,"[[72, 72]]",0.0,sorted_with_duplicates,27,2240,0.012238541035912931
no_semantic_meta_llama_llama_4_scout_17b_16e_instruct,GA_ADAPTIVE,list_pattern,sorted_with_duplicates,21,True,True,"[[-94, -94]]",0.0,sorted_with_duplicates,23,1920,0.00975633307825774
no_semantic_meta_llama_llama_4_scout_17b_16e_instruct,GA_ADAPTIVE,list_pattern,sorted_with_duplicates,22,True,True,"[[-2, 79, 79]]",0.0,sorted_with_duplicates,4,400,0.0018440419808030128
no_semantic_meta_llama_llama_4_scout_17b_16e_instruct,GA_ADAPTIVE,list_pattern,sorted_with_duplicates,23,True,True,"[[-90, -90]]",0.0,sorted_with_duplicates,7,640,0.00312137498985976
no_semantic_meta_llama_llama_4_scout_17b_16e_instruct,GA_ADAPTIVE,list_pattern,sorted_with_duplicates,24,True,True,"[[94, 94]]",0.0,sorted_with_duplicates,6,560,0.002732874942012131
no_semantic_meta_llama_llama_4_scout_17b_16e_instruct,GA_ADAPTIVE,list_pattern,sorted_with_duplicates,25,True,True,"[[-95, 5, 5]]",0.0,sorted_with_duplicates,2,240,0.00096287508495152
no_semantic_meta_llama_llama_4_scout_17b_16e_instruct,GA_ADAPTIVE,list_pattern,sorted_with_duplicates,26,True,True,"[[-16, -16]]",0.0,sorted_with_duplicates,5,480,0.0021952500101178885
no_semantic_meta_llama_llama_4_scout_17b_16e_instruct,GA_ADAPTIVE,list_pattern,sorted_with_duplicates,27,True,True,"[[-10, -10]]",0.0,sorted_with_duplicates,0,80,0.00012870901264250278
no_semantic_meta_llama_llama_4_scout_17b_16e_instruct,GA_ADAPTIVE,list_pattern,sorted_with_duplicates,28,True,True,"[[-41, -41]]",0.0,sorted_with_duplicates,20,1680,0.008931457996368408
no_semantic_meta_llama_llama_4_scout_17b_16e_instruct,GA_ADAPTIVE,list_pattern,sorted_with_duplicates,29,True,True,"[[92, 92]]",0.0,sorted_with_duplicates,30,2480,0.013327291002497077
no_semantic_meta_llama_llama_4_scout_17b_16e_instruct,GA_ADAPTIVE,list_pattern,unsorted_unique,0,True,True,"[[64, -62, -100, -46]]",0.0,unsorted_unique,0,80,0.0001377089647576213
no_semantic_meta_llama_llama_4_scout_17b_16e_instruct,GA_ADAPTIVE,list_pattern,unsorted_unique,1,True,True,"[[14, -18]]",0.0,unsorted_unique,0,80,0.00012462493032217026
no_semantic_meta_llama_llama_4_scout_17b_16e_instruct,GA_ADAPTIVE,list_pattern,unsorted_unique,2,True,True,"[[11, -50]]",0.0,unsorted_unique,0,80,0.00012491701636463404
no_semantic_meta_llama_llama_4_scout_17b_16e_instruct,GA_ADAPTIVE,list_pattern,unsorted_unique,3,True,True,"[[97, -43, 83, 59, 34]]",0.0,unsorted_unique,0,80,0.00013833306729793549
no_semantic_meta_llama_llama_4_scout_17b_16e_instruct,GA_ADAPTIVE,list_pattern,unsorted_unique,4,True,True,"[[59, 34, 55]]",0.0,unsorted_unique,0,80,0.0001337910071015358
no_semantic_meta_llama_llama_4_scout_17b_16e_instruct,GA_ADAPTIVE,list_pattern,unsorted_unique,5,True,True,"[[77, -97, -88, 57, -69, -30]]",0.0,unsorted_unique,0,80,0.00013033300638198853
no_semantic_meta_llama_llama_4_scout_17b_16e_instruct,GA_ADAPTIVE,list_pattern,unsorted_unique,6,True,True,"[[-10, 94, 6, -79, -37, -44]]",0.0,unsorted_unique,0,80,0.00012904196046292782
no_semantic_meta_llama_llama_4_scout_17b_16e_instruct,GA_ADAPTIVE,list_pattern,unsorted_unique,7,True,True,"[[-50, -7, -27, -84, -48]]",0.0,unsorted_unique,0,80,0.00011887494474649429
no_semantic_meta_llama_llama_4_scout_17b_16e_instruct,GA_ADAPTIVE,list_pattern,unsorted_unique,8,True,True,"[[96, 85]]",0.0,unsorted_unique,0,80,0.0001207499299198389
no_semantic_meta_llama_llama_4_scout_17b_16e_instruct,GA_ADAPTIVE,list_pattern,unsorted_unique,9,True,True,"[[-89, -14, -67, -51, -29, 53]]",0.0,unsorted_unique,0,80,0.0001240839483216405
no_semantic_meta_llama_llama_4_scout_17b_16e_instruct,GA_ADAPTIVE,list_pattern,unsorted_unique,10,True,True,"[[-60, -59, 88, -29, 40]]",0.0,unsorted_unique,0,80,0.00012883299496024847
no_semantic_meta_llama_llama_4_scout_17b_16e_instruct,GA_ADAPTIVE,list_pattern,unsorted_unique,11,True,True,"[[95, 47, -56, 16]]",0.0,unsorted_unique,0,80,0.00012458290439099073
no_semantic_meta_llama_llama_4_scout_17b_16e_instruct,GA_ADAPTIVE,list_pattern,unsorted_unique,12,True,True,"[[-88, 88, -87]]",0.0,unsorted_unique,0,80,0.00013862503692507744
no_semantic_meta_llama_llama_4_scout_17b_16e_instruct,GA_ADAPTIVE,list_pattern,unsorted_unique,13,True,True,"[[100, 93, 99, -94, -61, -14]]",0.0,unsorted_unique,0,80,0.00012737500946968794
no_semantic_meta_llama_llama_4_scout_17b_16e_instruct,GA_ADAPTIVE,list_pattern,unsorted_unique,14,True,True,"[[-75, -78, -36]]",0.0,unsorted_unique,0,80,0.00013033393770456314
no_semantic_meta_llama_llama_4_scout_17b_16e_instruct,GA_ADAPTIVE,list_pattern,unsorted_unique,15,True,True,"[[-5, 3, -47, 33, -90]]",0.0,unsorted_unique,0,80,0.00012937502469867468
no_semantic_meta_llama_llama_4_scout_17b_16e_instruct,GA_ADAPTIVE,list_pattern,unsorted_unique,16,True,True,"[[-66, -80, 23, 14]]",0.0,unsorted_unique,0,80,0.00013145804405212402
no_semantic_meta_llama_llama_4_scout_17b_16e_instruct,GA_ADAPTIVE,list_pattern,unsorted_unique,17,True,True,"[[54, -71]]",0.0,unsorted_unique,0,80,0.0001229170011356473
no_semantic_meta_llama_llama_4_scout_17b_16e_instruct,GA_ADAPTIVE,list_pattern,unsorted_unique,18,True,True,"[[21, -71, -59, 82, -66, -61]]",0.0,unsorted_unique,0,80,0.0001276250695809722
no_semantic_meta_llama_llama_4_scout_17b_16e_instruct,GA_ADAPTIVE,list_pattern,unsorted_unique,19,True,True,"[[-72, 100, 63, -97]]",0.0,unsorted_unique,0,80,0.00012370897457003593
no_semantic_meta_llama_llama_4_scout_17b_16e_instruct,GA_ADAPTIVE,list_pattern,unsorted_unique,20,True,True,"[[75, -38]]",0.0,unsorted_unique,0,80,0.00012099999003112316
no_semantic_meta_llama_llama_4_scout_17b_16e_instruct,GA_ADAPTIVE,list_pattern,unsorted_unique,21,True,True,"[[6, -12, 52, 1, 90, -24]]",0.0,unsorted_unique,0,80,0.00013499998021870852
no_semantic_meta_llama_llama_4_scout_17b_16e_instruct,GA_ADAPTIVE,list_pattern,unsorted_unique,22,True,True,"[[56, -75]]",0.0,unsorted_unique,0,80,0.00013033300638198853
no_semantic_meta_llama_llama_4_scout_17b_16e_instruct,GA_ADAPTIVE,list_pattern,unsorted_unique,23,True,True,"[[-72, -39, 80, 73, -99, 66]]",0.0,unsorted_unique,0,80,0.00013370905071496964
no_semantic_meta_llama_llama_4_scout_17b_16e_instruct,GA_ADAPTIVE,list_pattern,unsorted_unique,24,True,True,"[[84, 60, -64]]",0.0,unsorted_unique,0,80,0.00013666704762727022
no_semantic_meta_llama_llama_4_scout_17b_16e_instruct,GA_ADAPTIVE,list_pattern,unsorted_unique,25,True,True,"[[50, -52, -44, -39, -18]]",0.0,unsorted_unique,0,80,0.00012704101391136646
no_semantic_meta_llama_llama_4_scout_17b_16e_instruct,GA_ADAPTIVE,list_pattern,unsorted_unique,26,True,True,"[[-84, -16, 8, -54, -21, 74]]",0.0,unsorted_unique,0,80,0.00012974999845027924
no_semantic_meta_llama_llama_4_scout_17b_16e_instruct,GA_ADAPTIVE,list_pattern,unsorted_unique,27,True,True,"[[-48, -16, 33, -34, 96]]",0.0,unsorted_unique,0,80,0.00013299996498972178
no_semantic_meta_llama_llama_4_scout_17b_16e_instruct,GA_ADAPTIVE,list_pattern,unsorted_unique,28,True,True,"[[1, 47, -70, 18, 79]]",0.0,unsorted_unique,0,80,0.00012683297973126173
no_semantic_meta_llama_llama_4_scout_17b_16e_instruct,GA_ADAPTIVE,list_pattern,unsorted_unique,29,True,True,"[[-15, 64, -56, -36, 60]]",0.0,unsorted_unique,0,80,0.0001360420137643814
no_semantic_meta_llama_llama_4_scout_17b_16e_instruct,GA_ADAPTIVE,list_pattern,unsorted_with_duplicates,0,True,True,"[[-87, 6, -99, -99, -13]]",0.0,unsorted_with_duplicates,0,80,0.0001278329873457551
no_semantic_meta_llama_llama_4_scout_17b_16e_instruct,GA_ADAPTIVE,list_pattern,unsorted_with_duplicates,1,True,True,"[[90, 99, -96, -96]]",0.0,unsorted_with_duplicates,0,80,0.00012620806228369474
no_semantic_meta_llama_llama_4_scout_17b_16e_instruct,GA_ADAPTIVE,list_pattern,unsorted_with_duplicates,2,True,True,"[[-59, 52, 75, -50, -99, -59]]",0.0,unsorted_with_duplicates,0,80,0.00013225001748651266
no_semantic_meta_llama_llama_4_scout_17b_16e_instruct,GA_ADAPTIVE,list_pattern,unsorted_with_duplicates,3,True,True,"[[70, -87, 95, 46, -87, -50]]",0.0,unsorted_with_duplicates,0,80,0.0001240839483216405
no_semantic_meta_llama_llama_4_scout_17b_16e_instruct,GA_ADAPTIVE,list_pattern,unsorted_with_duplicates,4,True,True,"[[-24, -65, -59, -32, -65, -28]]",0.0,unsorted_with_duplicates,2,240,0.001017749891616404
no_semantic_meta_llama_llama_4_scout_17b_16e_instruct,GA_ADAPTIVE,list_pattern,unsorted_with_duplicates,5,True,True,"[[-42, 95, 65, -42, 70, 94]]",0.0,unsorted_with_duplicates,0,80,0.00012341688852757215
no_semantic_meta_llama_llama_4_scout_17b_16e_instruct,GA_ADAPTIVE,list_pattern,unsorted_with_duplicates,6,True,True,"[[-6, -78, 95, -6, 63, -71]]",0.0,unsorted_with_duplicates,0,80,0.00012500002048909664
no_semantic_meta_llama_llama_4_scout_17b_16e_instruct,GA_ADAPTIVE,list_pattern,unsorted_with_duplicates,7,True,True,"[[-27, -62, -25, -43, -27, -47]]",0.0,unsorted_with_duplicates,0,80,0.0001278329873457551
no_semantic_meta_llama_llama_4_scout_17b_16e_instruct,GA_ADAPTIVE,list_pattern,unsorted_with_duplicates,8,True,True,"[[-61, 38, 38, 19, 18]]",0.0,unsorted_with_duplicates,0,80,0.00012758304364979267
no_semantic_meta_llama_llama_4_scout_17b_16e_instruct,GA_ADAPTIVE,list_pattern,unsorted_with_duplicates,9,True,True,"[[23, 66, -10, -72, -72]]",0.0,unsorted_with_duplicates,12,1040,0.005132208927534521
no_semantic_meta_llama_llama_4_scout_17b_16e_instruct,GA_ADAPTIVE,list_pattern,unsorted_with_duplicates,10,True,True,"[[19, 93, -15, 93]]",0.0,unsorted_with_duplicates,0,80,0.0001356659922748804
no_semantic_meta_llama_llama_4_scout_17b_16e_instruct,GA_ADAPTIVE,list_pattern,unsorted_with_duplicates,11,True,True,"[[65, -89, -89, 41, -52, 71]]",0.0,unsorted_with_duplicates,0,80,0.00012987502850592136
no_semantic_meta_llama_llama_4_scout_17b_16e_instruct,GA_ADAPTIVE,list_pattern,unsorted_with_duplicates,12,True,True,"[[51, -66, -37, 51]]",0.0,unsorted_with_duplicates,0,80,0.00013050006236881018
no_semantic_meta_llama_llama_4_scout_17b_16e_instruct,GA_ADAPTIVE,list_pattern,unsorted_with_duplicates,13,True,True,"[[49, 4, 0, 49, -22]]",0.0,unsorted_with_duplicates,0,80,0.0001254999078810215
no_semantic_meta_llama_llama_4_scout_17b_16e_instruct,GA_ADAPTIVE,list_pattern,unsorted_with_duplicates,14,True,True,"[[49, -70, 49, -78, -85, -18]]",0.0,unsorted_with_duplicates,0,80,0.0001217500539496541
no_semantic_meta_llama_llama_4_scout_17b_16e_instruct,GA_ADAPTIVE,list_pattern,unsorted_with_duplicates,15,True,True,"[[64, -66, 3, -10, 3, 61]]",0.0,unsorted_with_duplicates,0,80,0.00012400001287460327
no_semantic_meta_llama_llama_4_scout_17b_16e_instruct,GA_ADAPTIVE,list_pattern,unsorted_with_duplicates,16,True,True,"[[18, -47, -88, 18, 43, 56]]",0.0,unsorted_with_duplicates,0,80,0.00012924999464303255
no_semantic_meta_llama_llama_4_scout_17b_16e_instruct,GA_ADAPTIVE,list_pattern,unsorted_with_duplicates,17,True,True,"[[-61, -45, -45, 15, -27, 83]]",0.0,unsorted_with_duplicates,0,80,0.00012770795729011297
no_semantic_meta_llama_llama_4_scout_17b_16e_instruct,GA_ADAPTIVE,list_pattern,unsorted_with_duplicates,18,True,True,"[[4, -14, -53, -14]]",0.0,unsorted_with_duplicates,0,80,0.00012554205022752285
no_semantic_meta_llama_llama_4_scout_17b_16e_instruct,GA_ADAPTIVE,list_pattern,unsorted_with_duplicates,19,True,True,"[[67, 97, 97, -6, 28, -2]]",0.0,unsorted_with_duplicates,0,80,0.000131291919387877
no_semantic_meta_llama_llama_4_scout_17b_16e_instruct,GA_ADAPTIVE,list_pattern,unsorted_with_duplicates,20,True,True,"[[-26, -42, -26]]",0.0,unsorted_with_duplicates,4,400,0.00172149995341897
no_semantic_meta_llama_llama_4_scout_17b_16e_instruct,GA_ADAPTIVE,list_pattern,unsorted_with_duplicates,21,True,True,"[[-96, 55, -96]]",0.0,unsorted_with_duplicates,0,80,0.00012054096441715956
no_semantic_meta_llama_llama_4_scout_17b_16e_instruct,GA_ADAPTIVE,list_pattern,unsorted_with_duplicates,22,True,True,"[[11, -63, -65, -17, -71, -65]]",0.0,unsorted_with_duplicates,0,80,0.00013045803643763065
no_semantic_meta_llama_llama_4_scout_17b_16e_instruct,GA_ADAPTIVE,list_pattern,unsorted_with_duplicates,23,True,True,"[[-67, 21, -67, -21, 9]]",0.0,unsorted_with_duplicates,0,80,0.00011916703078895807
no_semantic_meta_llama_llama_4_scout_17b_16e_instruct,GA_ADAPTIVE,list_pattern,unsorted_with_duplicates,24,True,True,"[[-3, -3, -54]]",0.0,unsorted_with_duplicates,1,160,0.0005441250978037715
no_semantic_meta_llama_llama_4_scout_17b_16e_instruct,GA_ADAPTIVE,list_pattern,unsorted_with_duplicates,25,True,True,"[[78, 93, 54, 93, -58, -69]]",0.0,unsorted_with_duplicates,0,80,0.00012654205784201622
no_semantic_meta_llama_llama_4_scout_17b_16e_instruct,GA_ADAPTIVE,list_pattern,unsorted_with_duplicates,26,True,True,"[[-53, -61, -53]]",0.0,unsorted_with_duplicates,0,80,0.00012495799455791712
no_semantic_meta_llama_llama_4_scout_17b_16e_instruct,GA_ADAPTIVE,list_pattern,unsorted_with_duplicates,27,True,True,"[[70, 70, -98, -10, -63, -71]]",0.0,unsorted_with_duplicates,0,80,0.00012733298353850842
no_semantic_meta_llama_llama_4_scout_17b_16e_instruct,GA_ADAPTIVE,list_pattern,unsorted_with_duplicates,28,True,True,"[[51, 21, 21, 25, 45, -74]]",0.0,unsorted_with_duplicates,0,80,0.00012758304364979267
no_semantic_meta_llama_llama_4_scout_17b_16e_instruct,GA_ADAPTIVE,list_pattern,unsorted_with_duplicates,29,True,True,"[[54, -65, 54]]",0.0,unsorted_with_duplicates,16,1360,0.006871624966152012
no_semantic_meta_llama_llama_4_scout_17b_16e_instruct,GA_ADAPTIVE,number_kind,zero,0,True,True,[0],0.0,zero,4,400,0.001278541050851345
no_semantic_meta_llama_llama_4_scout_17b_16e_instruct,GA_ADAPTIVE,number_kind,zero,1,True,True,[0],0.0,zero,6,560,0.0018769169691950083
no_semantic_meta_llama_llama_4_scout_17b_16e_instruct,GA_ADAPTIVE,number_kind,zero,2,True,True,[0],0.0,zero,10,880,0.003081875038333237
no_semantic_meta_llama_llama_4_scout_17b_16e_instruct,GA_ADAPTIVE,number_kind,zero,3,True,True,[0],0.0,zero,1,160,0.0003575420705601573
no_semantic_meta_llama_llama_4_scout_17b_16e_instruct,GA_ADAPTIVE,number_kind,zero,4,True,True,[0],0.0,zero,11,960,0.0033509170170873404
no_semantic_meta_llama_llama_4_scout_17b_16e_instruct,GA_ADAPTIVE,number_kind,zero,5,True,True,[0],0.0,zero,10,880,0.0031245830468833447
no_semantic_meta_llama_llama_4_scout_17b_16e_instruct,GA_ADAPTIVE,number_kind,zero,6,True,True,[0],0.0,zero,6,560,0.001870625070296228
no_semantic_meta_llama_llama_4_scout_17b_16e_instruct,GA_ADAPTIVE,number_kind,zero,7,True,True,[0],0.0,zero,3,320,0.0009641249198466539
no_semantic_meta_llama_llama_4_scout_17b_16e_instruct,GA_ADAPTIVE,number_kind,zero,8,True,True,[0],0.0,zero,6,560,0.0018579160096123815
no_semantic_meta_llama_llama_4_scout_17b_16e_instruct,GA_ADAPTIVE,number_kind,zero,9,True,True,[0],0.0,zero,6,560,0.001874874928034842
no_semantic_meta_llama_llama_4_scout_17b_16e_instruct,GA_ADAPTIVE,number_kind,zero,10,True,True,[0],0.0,zero,6,560,0.00188512506429106
no_semantic_meta_llama_llama_4_scout_17b_16e_instruct,GA_ADAPTIVE,number_kind,zero,11,True,True,[0],0.0,zero,6,560,0.001864749938249588
no_semantic_meta_llama_llama_4_scout_17b_16e_instruct,GA_ADAPTIVE,number_kind,zero,12,True,True,[0],0.0,zero,7,640,0.002168250037357211
no_semantic_meta_llama_llama_4_scout_17b_16e_instruct,GA_ADAPTIVE,number_kind,zero,13,True,True,[0],0.0,zero,4,400,0.001267333049327135
no_semantic_meta_llama_llama_4_scout_17b_16e_instruct,GA_ADAPTIVE,number_kind,zero,14,True,True,[0],0.0,zero,9,800,0.002777875051833689
no_semantic_meta_llama_llama_4_scout_17b_16e_instruct,GA_ADAPTIVE,number_kind,zero,15,True,True,[0],0.0,zero,11,960,0.003392291022464633
no_semantic_meta_llama_llama_4_scout_17b_16e_instruct,GA_ADAPTIVE,number_kind,zero,16,True,True,[0],0.0,zero,5,480,0.0015710419975221157
no_semantic_meta_llama_llama_4_scout_17b_16e_instruct,GA_ADAPTIVE,number_kind,zero,17,True,True,[0],0.0,zero,6,560,0.0018527910578995943
no_semantic_meta_llama_llama_4_scout_17b_16e_instruct,GA_ADAPTIVE,number_kind,zero,18,True,True,[0],0.0,zero,13,1120,0.004018250037916005
no_semantic_meta_llama_llama_4_scout_17b_16e_instruct,GA_ADAPTIVE,number_kind,zero,19,True,True,[0],0.0,zero,3,320,0.000965750077739358
no_semantic_meta_llama_llama_4_scout_17b_16e_instruct,GA_ADAPTIVE,number_kind,zero,20,True,True,[0],0.0,zero,17,1440,0.0051684590289369226
no_semantic_meta_llama_llama_4_scout_17b_16e_instruct,GA_ADAPTIVE,number_kind,zero,21,True,True,[0],0.0,zero,5,480,0.0016185829881578684
no_semantic_meta_llama_llama_4_scout_17b_16e_instruct,GA_ADAPTIVE,number_kind,zero,22,True,True,[0],0.0,zero,13,1120,0.003991957986727357
no_semantic_meta_llama_llama_4_scout_17b_16e_instruct,GA_ADAPTIVE,number_kind,zero,23,True,True,[0],0.0,zero,12,1040,0.0036627909867092967
no_semantic_meta_llama_llama_4_scout_17b_16e_instruct,GA_ADAPTIVE,number_kind,zero,24,True,True,[0],0.0,zero,5,480,0.001563207944855094
no_semantic_meta_llama_llama_4_scout_17b_16e_instruct,GA_ADAPTIVE,number_kind,zero,25,True,True,[0],0.0,zero,8,720,0.0024768339935690165
no_semantic_meta_llama_llama_4_scout_17b_16e_instruct,GA_ADAPTIVE,number_kind,zero,26,True,True,[0],0.0,zero,4,400,0.0012712080497294664
no_semantic_meta_llama_llama_4_scout_17b_16e_instruct,GA_ADAPTIVE,number_kind,zero,27,True,True,[0],0.0,zero,7,640,0.0021697080228477716
no_semantic_meta_llama_llama_4_scout_17b_16e_instruct,GA_ADAPTIVE,number_kind,zero,28,True,True,[0],0.0,zero,5,480,0.0015562499174848199
no_semantic_meta_llama_llama_4_scout_17b_16e_instruct,GA_ADAPTIVE,number_kind,zero,29,True,True,[0],0.0,zero,3,320,0.0009573749266564846
no_semantic_meta_llama_llama_4_scout_17b_16e_instruct,GA_ADAPTIVE,number_kind,even,0,True,True,[1610],0.0,even,0,80,5.362497176975012e-05
no_semantic_meta_llama_llama_4_scout_17b_16e_instruct,GA_ADAPTIVE,number_kind,even,1,True,True,[-314],0.0,even,0,80,5.250005051493645e-05
no_semantic_meta_llama_llama_4_scout_17b_16e_instruct,GA_ADAPTIVE,number_kind,even,2,True,True,[708],0.0,even,0,80,5.208293441683054e-05
no_semantic_meta_llama_llama_4_scout_17b_16e_instruct,GA_ADAPTIVE,number_kind,even,3,True,True,[2550],0.0,even,0,80,5.1625072956085205e-05
no_semantic_meta_llama_llama_4_scout_17b_16e_instruct,GA_ADAPTIVE,number_kind,even,4,True,True,[-178],0.0,even,0,80,5.1625072956085205e-05
no_semantic_meta_llama_llama_4_scout_17b_16e_instruct,GA_ADAPTIVE,number_kind,even,5,True,True,[-386],0.0,even,0,80,5.2292016334831715e-05
no_semantic_meta_llama_llama_4_scout_17b_16e_instruct,GA_ADAPTIVE,number_kind,even,6,True,True,[934],0.0,even,0,80,4.8541929572820663e-05
no_semantic_meta_llama_llama_4_scout_17b_16e_instruct,GA_ADAPTIVE,number_kind,even,7,True,True,[210],0.0,even,0,80,5.179096478968859e-05
no_semantic_meta_llama_llama_4_scout_17b_16e_instruct,GA_ADAPTIVE,number_kind,even,8,True,True,[1022],0.0,even,0,80,5.149992648512125e-05
no_semantic_meta_llama_llama_4_scout_17b_16e_instruct,GA_ADAPTIVE,number_kind,even,9,True,True,[2766],0.0,even,0,80,5.1625072956085205e-05
no_semantic_meta_llama_llama_4_scout_17b_16e_instruct,GA_ADAPTIVE,number_kind,even,10,True,True,[1446],0.0,even,0,80,5.220901221036911e-05
no_semantic_meta_llama_llama_4_scout_17b_16e_instruct,GA_ADAPTIVE,number_kind,even,11,True,True,[-220],0.0,even,0,80,5.312508437782526e-05
no_semantic_meta_llama_llama_4_scout_17b_16e_instruct,GA_ADAPTIVE,number_kind,even,12,True,True,[2404],0.0,even,0,80,5.216698627918959e-05
no_semantic_meta_llama_llama_4_scout_17b_16e_instruct,GA_ADAPTIVE,number_kind,even,13,True,True,[2894],0.0,even,0,80,5.2292016334831715e-05
no_semantic_meta_llama_llama_4_scout_17b_16e_instruct,GA_ADAPTIVE,number_kind,even,14,True,True,[1684],0.0,even,0,80,5.3333002142608166e-05
no_semantic_meta_llama_llama_4_scout_17b_16e_instruct,GA_ADAPTIVE,number_kind,even,15,True,True,[-54],0.0,even,0,80,5.1915994845330715e-05
no_semantic_meta_llama_llama_4_scout_17b_16e_instruct,GA_ADAPTIVE,number_kind,even,16,True,True,[2756],0.0,even,0,80,5.395908374339342e-05
no_semantic_meta_llama_llama_4_scout_17b_16e_instruct,GA_ADAPTIVE,number_kind,even,17,True,True,[-300],0.0,even,0,80,5.316699389368296e-05
no_semantic_meta_llama_llama_4_scout_17b_16e_instruct,GA_ADAPTIVE,number_kind,even,18,True,True,[2168],0.0,even,0,80,5.154102109372616e-05
no_semantic_meta_llama_llama_4_scout_17b_16e_instruct,GA_ADAPTIVE,number_kind,even,19,True,True,[2202],0.0,even,0,80,5.179201252758503e-05
no_semantic_meta_llama_llama_4_scout_17b_16e_instruct,GA_ADAPTIVE,number_kind,even,20,True,True,[1676],0.0,even,0,80,5.179201252758503e-05
no_semantic_meta_llama_llama_4_scout_17b_16e_instruct,GA_ADAPTIVE,number_kind,even,21,True,True,[-80],0.0,even,0,80,5.1915994845330715e-05
no_semantic_meta_llama_llama_4_scout_17b_16e_instruct,GA_ADAPTIVE,number_kind,even,22,True,True,[2124],0.0,even,0,80,5.204195622354746e-05
no_semantic_meta_llama_llama_4_scout_17b_16e_instruct,GA_ADAPTIVE,number_kind,even,23,True,True,[386],0.0,even,0,80,5.3416937589645386e-05
no_semantic_meta_llama_llama_4_scout_17b_16e_instruct,GA_ADAPTIVE,number_kind,even,24,True,True,[610],0.0,even,0,80,8.333404548466206e-05
no_semantic_meta_llama_llama_4_scout_17b_16e_instruct,GA_ADAPTIVE,number_kind,even,25,True,True,[2848],0.0,even,0,80,7.966707926243544e-05
no_semantic_meta_llama_llama_4_scout_17b_16e_instruct,GA_ADAPTIVE,number_kind,even,26,True,True,[1504],0.0,even,0,80,6.279104854911566e-05
no_semantic_meta_llama_llama_4_scout_17b_16e_instruct,GA_ADAPTIVE,number_kind,even,27,True,True,[2308],0.0,even,0,80,5.695805884897709e-05
no_semantic_meta_llama_llama_4_scout_17b_16e_instruct,GA_ADAPTIVE,number_kind,even,28,True,True,[-424],0.0,even,0,80,4.879198968410492e-05
no_semantic_meta_llama_llama_4_scout_17b_16e_instruct,GA_ADAPTIVE,number_kind,even,29,True,True,[1810],0.0,even,0,80,5.0416914746165276e-05
no_semantic_meta_llama_llama_4_scout_17b_16e_instruct,GA_ADAPTIVE,number_kind,odd,0,True,True,[175],0.0,odd,0,80,5.03340270370245e-05
no_semantic_meta_llama_llama_4_scout_17b_16e_instruct,GA_ADAPTIVE,number_kind,odd,1,True,True,[2263],0.0,odd,0,80,5.329097621142864e-05
no_semantic_meta_llama_llama_4_scout_17b_16e_instruct,GA_ADAPTIVE,number_kind,odd,2,True,True,[1669],0.0,odd,0,80,5.058303941041231e-05
no_semantic_meta_llama_llama_4_scout_17b_16e_instruct,GA_ADAPTIVE,number_kind,odd,3,True,True,[2951],0.0,odd,0,80,4.979199729859829e-05
no_semantic_meta_llama_llama_4_scout_17b_16e_instruct,GA_ADAPTIVE,number_kind,odd,4,True,True,[2206],0.0,odd,0,80,4.929210990667343e-05
no_semantic_meta_llama_llama_4_scout_17b_16e_instruct,GA_ADAPTIVE,number_kind,odd,5,True,True,[1165],0.0,odd,0,80,4.933401942253113e-05
no_semantic_meta_llama_llama_4_scout_17b_16e_instruct,GA_ADAPTIVE,number_kind,odd,6,True,True,[2456],0.0,odd,0,80,4.983402322977781e-05
no_semantic_meta_llama_llama_4_scout_17b_16e_instruct,GA_ADAPTIVE,number_kind,odd,7,True,True,[-108],0.0,odd,0,80,4.8915972001850605e-05
no_semantic_meta_llama_llama_4_scout_17b_16e_instruct,GA_ADAPTIVE,number_kind,odd,8,True,True,[-420],0.0,odd,0,80,4.9708993174135685e-05
no_semantic_meta_llama_llama_4_scout_17b_16e_instruct,GA_ADAPTIVE,number_kind,odd,9,True,True,[1471],0.0,odd,0,80,4.9458001740276814e-05
no_semantic_meta_llama_llama_4_scout_17b_16e_instruct,GA_ADAPTIVE,number_kind,odd,10,True,True,[933],0.0,odd,0,80,4.9042049795389175e-05
no_semantic_meta_llama_llama_4_scout_17b_16e_instruct,GA_ADAPTIVE,number_kind,odd,11,True,True,[2989],0.0,odd,0,80,4.950002767145634e-05
no_semantic_meta_llama_llama_4_scout_17b_16e_instruct,GA_ADAPTIVE,number_kind,odd,12,True,True,[-121],0.0,odd,0,80,4.929094575345516e-05
no_semantic_meta_llama_llama_4_scout_17b_16e_instruct,GA_ADAPTIVE,number_kind,odd,13,True,True,[-83],0.0,odd,0,80,5.000003147870302e-05
no_semantic_meta_llama_llama_4_scout_17b_16e_instruct,GA_ADAPTIVE,number_kind,odd,14,True,True,[791],0.0,odd,0,80,4.891701973974705e-05
no_semantic_meta_llama_llama_4_scout_17b_16e_instruct,GA_ADAPTIVE,number_kind,odd,15,True,True,[-9],0.0,odd,0,80,5.104101728647947e-05
no_semantic_meta_llama_llama_4_scout_17b_16e_instruct,GA_ADAPTIVE,number_kind,odd,16,True,True,[1548],0.0,odd,0,80,5.504197906702757e-05
no_semantic_meta_llama_llama_4_scout_17b_16e_instruct,GA_ADAPTIVE,number_kind,odd,17,True,True,[1136],0.0,odd,0,80,4.9749971367418766e-05
no_semantic_meta_llama_llama_4_scout_17b_16e_instruct,GA_ADAPTIVE,number_kind,odd,18,True,True,[861],0.0,odd,0,80,4.9459049478173256e-05
no_semantic_meta_llama_llama_4_scout_17b_16e_instruct,GA_ADAPTIVE,number_kind,odd,19,True,True,[1006],0.0,odd,0,80,6.275007035583258e-05
no_semantic_meta_llama_llama_4_scout_17b_16e_instruct,GA_ADAPTIVE,number_kind,odd,20,True,True,[262],0.0,odd,0,80,5.4541975259780884e-05
no_semantic_meta_llama_llama_4_scout_17b_16e_instruct,GA_ADAPTIVE,number_kind,odd,21,True,True,[1987],0.0,odd,0,80,4.912505391985178e-05
no_semantic_meta_llama_llama_4_scout_17b_16e_instruct,GA_ADAPTIVE,number_kind,odd,22,True,True,[1411],0.0,odd,0,80,5.220901221036911e-05
no_semantic_meta_llama_llama_4_scout_17b_16e_instruct,GA_ADAPTIVE,number_kind,odd,23,True,True,[-435],0.0,odd,0,80,4.937499761581421e-05
no_semantic_meta_llama_llama_4_scout_17b_16e_instruct,GA_ADAPTIVE,number_kind,odd,24,True,True,[2250],0.0,odd,0,80,4.8832967877388e-05
no_semantic_meta_llama_llama_4_scout_17b_16e_instruct,GA_ADAPTIVE,number_kind,odd,25,True,True,[875],0.0,odd,0,80,4.883401561528444e-05
no_semantic_meta_llama_llama_4_scout_17b_16e_instruct,GA_ADAPTIVE,number_kind,odd,26,True,True,[1609],0.0,odd,0,80,4.866695962846279e-05
no_semantic_meta_llama_llama_4_scout_17b_16e_instruct,GA_ADAPTIVE,number_kind,odd,27,True,True,[1938],0.0,odd,0,80,4.795799031853676e-05
no_semantic_meta_llama_llama_4_scout_17b_16e_instruct,GA_ADAPTIVE,number_kind,odd,28,True,True,[441],0.0,odd,0,80,4.820793401449919e-05
no_semantic_meta_llama_llama_4_scout_17b_16e_instruct,GA_ADAPTIVE,number_kind,odd,29,True,True,[273],0.0,odd,0,80,4.79590380564332e-05
no_semantic_meta_llama_llama_4_scout_17b_16e_instruct,GA_ADAPTIVE,password_strength,weak_short,0,True,True,['rqCsSP0p'],0.0,weak_short,0,80,0.00023879192303866148
no_semantic_meta_llama_llama_4_scout_17b_16e_instruct,GA_ADAPTIVE,password_strength,weak_short,1,True,True,['Y72CpwX'],0.0,weak_short,0,80,0.00022175000049173832
no_semantic_meta_llama_llama_4_scout_17b_16e_instruct,GA_ADAPTIVE,password_strength,weak_short,2,True,True,['NPYX8soJo9'],0.0,weak_short,0,80,0.00020833394955843687
no_semantic_meta_llama_llama_4_scout_17b_16e_instruct,GA_ADAPTIVE,password_strength,weak_short,3,True,True,['qaLV7E'],0.0,weak_short,0,80,0.0002263330388814211
no_semantic_meta_llama_llama_4_scout_17b_16e_instruct,GA_ADAPTIVE,password_strength,weak_short,4,True,True,['DkM7WRjSDw'],0.0,weak_short,0,80,0.00021095795091241598
no_semantic_meta_llama_llama_4_scout_17b_16e_instruct,GA_ADAPTIVE,password_strength,weak_short,5,True,True,['mMQ7Ueh'],0.0,weak_short,0,80,0.00024383398704230785
no_semantic_meta_llama_llama_4_scout_17b_16e_instruct,GA_ADAPTIVE,password_strength,weak_short,6,True,True,['72HXlh5X'],0.0,weak_short,0,80,0.00032245798502117395
no_semantic_meta_llama_llama_4_scout_17b_16e_instruct,GA_ADAPTIVE,password_strength,weak_short,7,True,True,['ThXu'],0.0,weak_short,0,80,0.0002328749978914857
no_semantic_meta_llama_llama_4_scout_17b_16e_instruct,GA_ADAPTIVE,password_strength,weak_short,8,True,True,['lmZVrf6Ss'],0.0,weak_short,0,80,0.000216791988350451
no_semantic_meta_llama_llama_4_scout_17b_16e_instruct,GA_ADAPTIVE,password_strength,weak_short,9,True,True,['CH8orlG'],0.0,weak_short,0,80,0.00021833402570337057
no_semantic_meta_llama_llama_4_scout_17b_16e_instruct,GA_ADAPTIVE,password_strength,weak_short,10,True,True,['k0'],0.0,weak_short,0,80,0.00022237503435462713
no_semantic_meta_llama_llama_4_scout_17b_16e_instruct,GA_ADAPTIVE,password_strength,weak_short,11,True,True,['M5QUCMVZ8B'],0.0,weak_short,0,80,0.00027299998328089714
no_semantic_meta_llama_llama_4_scout_17b_16e_instruct,GA_ADAPTIVE,password_strength,weak_short,12,True,True,['wpcY5xTTZR'],0.0,weak_short,0,80,0.0003142919158563018
no_semantic_meta_llama_llama_4_scout_17b_16e_instruct,GA_ADAPTIVE,password_strength,weak_short,13,True,True,['4D9z8QMj'],0.0,weak_short,0,80,0.0002156250411644578
no_semantic_meta_llama_llama_4_scout_17b_16e_instruct,GA_ADAPTIVE,password_strength,weak_short,14,True,True,['MzW0YCXQ'],0.0,weak_short,0,80,0.0002233750419691205
no_semantic_meta_llama_llama_4_scout_17b_16e_instruct,GA_ADAPTIVE,password_strength,weak_short,15,True,True,['G'],0.0,weak_short,0,80,0.00019912503194063902
no_semantic_meta_llama_llama_4_scout_17b_16e_instruct,GA_ADAPTIVE,password_strength,weak_short,16,True,True,[''],0.0,weak_short,0,80,0.00022354093380272388
no_semantic_meta_llama_llama_4_scout_17b_16e_instruct,GA_ADAPTIVE,password_strength,weak_short,17,True,True,['uQzDL0d2'],0.0,weak_short,0,80,0.00021445797756314278
no_semantic_meta_llama_llama_4_scout_17b_16e_instruct,GA_ADAPTIVE,password_strength,weak_short,18,True,True,['A4yPWGvDbQ'],0.0,weak_short,0,80,0.00021287507843226194
no_semantic_meta_llama_llama_4_scout_17b_16e_instruct,GA_ADAPTIVE,password_strength,weak_short,19,True,True,[''],0.0,weak_short,0,80,0.00021433306392282248
no_semantic_meta_llama_llama_4_scout_17b_16e_instruct,GA_ADAPTIVE,password_strength,weak_short,20,True,True,['3'],0.0,weak_short,0,80,0.00022208306472748518
no_semantic_meta_llama_llama_4_scout_17b_16e_instruct,GA_ADAPTIVE,password_strength,weak_short,21,True,True,['5T91epHv'],0.0,weak_short,0,80,0.00024195807054638863
no_semantic_meta_llama_llama_4_scout_17b_16e_instruct,GA_ADAPTIVE,password_strength,weak_short,22,True,True,[''],0.0,weak_short,0,80,0.0005009169690310955
no_semantic_meta_llama_llama_4_scout_17b_16e_instruct,GA_ADAPTIVE,password_strength,weak_short,23,True,True,['nUH6ZYL'],0.0,weak_short,0,80,0.0003295409260317683
no_semantic_meta_llama_llama_4_scout_17b_16e_instruct,GA_ADAPTIVE,password_strength,weak_short,24,True,True,['zelwMMBO6'],0.0,weak_short,0,80,0.00020566699095070362
no_semantic_meta_llama_llama_4_scout_17b_16e_instruct,GA_ADAPTIVE,password_strength,weak_short,25,True,True,['6dk'],0.0,weak_short,0,80,0.0002008749870583415
no_semantic_meta_llama_llama_4_scout_17b_16e_instruct,GA_ADAPTIVE,password_strength,weak_short,26,True,True,[''],0.0,weak_short,0,80,0.0002210830571129918
no_semantic_meta_llama_llama_4_scout_17b_16e_instruct,GA_ADAPTIVE,password_strength,weak_short,27,True,True,['qBo9TX'],0.0,weak_short,0,80,0.00021029205527156591
no_semantic_meta_llama_llama_4_scout_17b_16e_instruct,GA_ADAPTIVE,password_strength,weak_short,28,True,True,['EmuY'],0.0,weak_short,0,80,0.0002090419875457883
no_semantic_meta_llama_llama_4_scout_17b_16e_instruct,GA_ADAPTIVE,password_strength,weak_short,29,True,True,[''],0.0,weak_short,0,80,0.00022666703443974257
no_semantic_meta_llama_llama_4_scout_17b_16e_instruct,GA_ADAPTIVE,password_strength,strong,0,True,True,['3mJfvmVG'],0.0,strong,0,80,0.0002149590291082859
no_semantic_meta_llama_llama_4_scout_17b_16e_instruct,GA_ADAPTIVE,password_strength,strong,1,True,True,['KavMPP3nTJ3n'],0.0,strong,0,80,0.00021183304488658905
no_semantic_meta_llama_llama_4_scout_17b_16e_instruct,GA_ADAPTIVE,password_strength,strong,2,True,True,['uk8lLUJI9wUwBQt'],0.0,strong,0,80,0.00020412507001310587
no_semantic_meta_llama_llama_4_scout_17b_16e_instruct,GA_ADAPTIVE,password_strength,strong,3,True,True,['QYawvC1LCoxzn'],0.0,strong,0,80,0.0002180000301450491
no_semantic_meta_llama_llama_4_scout_17b_16e_instruct,GA_ADAPTIVE,password_strength,strong,4,True,True,['AMxdL1oeelrbkjFBkMtM'],0.0,strong,0,80,0.0002150420332327485
no_semantic_meta_llama_llama_4_scout_17b_16e_instruct,GA_ADAPTIVE,password_strength,strong,5,True,True,['IHHAsA0FtKDb'],0.0,strong,0,80,0.00021012499928474426
no_semantic_meta_llama_llama_4_scout_17b_16e_instruct,GA_ADAPTIVE,password_strength,strong,6,True,True,['0tke4MplJpjc4J'],0.0,strong,0,80,0.0002077920362353325
no_semantic_meta_llama_llama_4_scout_17b_16e_instruct,GA_ADAPTIVE,password_strength,strong,7,True,True,['Jqta0hq'],0.0,strong,0,80,0.00021354202181100845
no_semantic_meta_llama_llama_4_scout_17b_16e_instruct,GA_ADAPTIVE,password_strength,strong,8,True,True,['NPxwnorF7Sv'],0.0,strong,0,80,0.0002097500255331397
no_semantic_meta_llama_llama_4_scout_17b_16e_instruct,GA_ADAPTIVE,password_strength,strong,9,True,True,['FO0AaoV'],0.0,strong,0,80,0.0002142920857295394
no_semantic_meta_llama_llama_4_scout_17b_16e_instruct,GA_ADAPTIVE,password_strength,strong,10,True,True,['iHTfDatF9GvyGoDOC0Y6'],0.0,strong,0,80,0.00020904105622321367
no_semantic_meta_llama_llama_4_scout_17b_16e_instruct,GA_ADAPTIVE,password_strength,strong,11,True,True,['3pJPZfWBXPvqJ3WmM1D'],0.0,strong,0,80,0.00020300003234297037
no_semantic_meta_llama_llama_4_scout_17b_16e_instruct,GA_ADAPTIVE,password_strength,strong,12,True,True,['31z6lpojdf8RgK'],0.0,strong,0,80,0.00021929095964878798
no_semantic_meta_llama_llama_4_scout_17b_16e_instruct,GA_ADAPTIVE,password_strength,strong,13,True,True,['VdDtLkhomJ4x5cOUk6'],0.0,strong,0,80,0.00022183300461620092
no_semantic_meta_llama_llama_4_scout_17b_16e_instruct,GA_ADAPTIVE,password_strength,strong,14,True,True,['Ejvj3Hn'],0.0,strong,0,80,0.00020875001791864634
no_semantic_meta_llama_llama_4_scout_17b_16e_instruct,GA_ADAPTIVE,password_strength,strong,15,True,True,['UOg7LsoyWYxc8bUd'],0.0,strong,0,80,0.00023058289662003517
no_semantic_meta_llama_llama_4_scout_17b_16e_instruct,GA_ADAPTIVE,password_strength,strong,16,True,True,['5uBn2KUIqBUQLB3q03G'],0.0,strong,0,80,0.000230959034524858
no_semantic_meta_llama_llama_4_scout_17b_16e_instruct,GA_ADAPTIVE,password_strength,strong,17,True,True,['yoU6kDirNWhUGp8SF1Z'],0.0,strong,0,80,0.00021383410785347223
no_semantic_meta_llama_llama_4_scout_17b_16e_instruct,GA_ADAPTIVE,password_strength,strong,18,True,True,['u8dIzGHpontNjPLv3'],0.0,strong,0,80,0.0002145000034943223
no_semantic_meta_llama_llama_4_scout_17b_16e_instruct,GA_ADAPTIVE,password_strength,strong,19,True,True,['mGifiplTR0URstAI'],0.0,strong,0,80,0.00021720805671066046
no_semantic_meta_llama_llama_4_scout_17b_16e_instruct,GA_ADAPTIVE,password_strength,strong,20,True,True,['1IKPWT3cOqGN1'],0.0,strong,0,80,0.00020466698333621025
no_semantic_meta_llama_llama_4_scout_17b_16e_instruct,GA_ADAPTIVE,password_strength,strong,21,True,True,['Z8gZOc127T2'],0.0,strong,0,80,0.00019879091996699572
no_semantic_meta_llama_llama_4_scout_17b_16e_instruct,GA_ADAPTIVE,password_strength,strong,22,True,True,['Y3TBR8XOgmAE'],0.0,strong,0,80,0.00020124996080994606
no_semantic_meta_llama_llama_4_scout_17b_16e_instruct,GA_ADAPTIVE,password_strength,strong,23,True,True,['TlBdZW7rsLhZUEjBLP'],0.0,strong,0,80,0.0002060839906334877
no_semantic_meta_llama_llama_4_scout_17b_16e_instruct,GA_ADAPTIVE,password_strength,strong,24,True,True,['hCFaQeHmqr2aj0d2Y'],0.0,strong,0,80,0.00021425005979835987
no_semantic_meta_llama_llama_4_scout_17b_16e_instruct,GA_ADAPTIVE,password_strength,strong,25,True,True,['Gtk2LXKUfI4qpxVV'],0.0,strong,0,80,0.00021600001491606236
no_semantic_meta_llama_llama_4_scout_17b_16e_instruct,GA_ADAPTIVE,password_strength,strong,26,True,True,['NUGrooN34'],0.0,strong,0,80,0.00022479204926639795
no_semantic_meta_llama_llama_4_scout_17b_16e_instruct,GA_ADAPTIVE,password_strength,strong,27,True,True,['NudniLo2i'],0.0,strong,0,80,0.00022041599731892347
no_semantic_meta_llama_llama_4_scout_17b_16e_instruct,GA_ADAPTIVE,password_strength,strong,28,True,True,['8nShjfQI5Kat2UVBx5'],0.0,strong,0,80,0.0002103749429807067
no_semantic_meta_llama_llama_4_scout_17b_16e_instruct,GA_ADAPTIVE,password_strength,strong,29,True,True,['Ili6bXTYT46Et'],0.0,strong,0,80,0.00022083299700170755
no_semantic_meta_llama_llama_4_scout_17b_16e_instruct,GA_ADAPTIVE,password_strength,medium,0,True,True,['f5NwbMCD'],0.0,medium,0,80,0.00020991696510463953
no_semantic_meta_llama_llama_4_scout_17b_16e_instruct,GA_ADAPTIVE,password_strength,medium,1,True,True,['UizgUMC'],0.0,medium,0,80,0.00019154103938490152
no_semantic_meta_llama_llama_4_scout_17b_16e_instruct,GA_ADAPTIVE,password_strength,medium,2,True,True,['TuRloecUC'],0.0,medium,0,80,0.00021833297796547413
no_semantic_meta_llama_llama_4_scout_17b_16e_instruct,GA_ADAPTIVE,password_strength,medium,3,True,True,['49eydP3Wvi'],0.0,medium,0,80,0.00020337500609457493
no_semantic_meta_llama_llama_4_scout_17b_16e_instruct,GA_ADAPTIVE,password_strength,medium,4,True,True,['RGDK7sACFt'],0.0,medium,0,80,0.00021666602697223425
no_semantic_meta_llama_llama_4_scout_17b_16e_instruct,GA_ADAPTIVE,password_strength,medium,5,True,True,['OXyPKkc0zb'],0.0,medium,0,80,0.00021695892792195082
no_semantic_meta_llama_llama_4_scout_17b_16e_instruct,GA_ADAPTIVE,password_strength,medium,6,True,True,['D6kYDKet'],0.0,medium,0,80,0.00019737507682293653
no_semantic_meta_llama_llama_4_scout_17b_16e_instruct,GA_ADAPTIVE,password_strength,medium,7,True,True,['Os8ppg1m'],0.0,medium,0,80,0.00022120808716863394
no_semantic_meta_llama_llama_4_scout_17b_16e_instruct,GA_ADAPTIVE,password_strength,medium,8,True,True,['f1qQUs'],0.0,medium,0,80,0.00020708399824798107
no_semantic_meta_llama_llama_4_scout_17b_16e_instruct,GA_ADAPTIVE,password_strength,medium,9,True,True,['GOhMbymXeLzE'],0.0,medium,0,80,0.00020529201719909906
no_semantic_meta_llama_llama_4_scout_17b_16e_instruct,GA_ADAPTIVE,password_strength,medium,10,True,True,['ZH9m2a'],0.0,medium,0,80,0.0002150830114260316
no_semantic_meta_llama_llama_4_scout_17b_16e_instruct,GA_ADAPTIVE,password_strength,medium,11,True,True,['vGHmFcsZ'],0.0,medium,0,80,0.00021424994338303804
no_semantic_meta_llama_llama_4_scout_17b_16e_instruct,GA_ADAPTIVE,password_strength,medium,12,True,True,['Ca72Mf64d'],0.0,medium,0,80,0.0002090830821543932
no_semantic_meta_llama_llama_4_scout_17b_16e_instruct,GA_ADAPTIVE,password_strength,medium,13,True,True,['cLhiNxLNH'],0.0,medium,0,80,0.0002133330563083291
no_semantic_meta_llama_llama_4_scout_17b_16e_instruct,GA_ADAPTIVE,password_strength,medium,14,True,True,['HMq3Ydx'],0.0,medium,0,80,0.0002229160163551569
no_semantic_meta_llama_llama_4_scout_17b_16e_instruct,GA_ADAPTIVE,password_strength,medium,15,True,True,['hAEPhZoVhMciFDvWqCZ'],0.0,medium,0,80,0.00021674996241927147
no_semantic_meta_llama_llama_4_scout_17b_16e_instruct,GA_ADAPTIVE,password_strength,medium,16,True,True,['sDxY6TTy'],0.0,medium,0,80,0.00020291702821850777
no_semantic_meta_llama_llama_4_scout_17b_16e_instruct,GA_ADAPTIVE,password_strength,medium,17,True,True,['EnpuFeSpJez'],0.0,medium,0,80,0.000212125014513731
no_semantic_meta_llama_llama_4_scout_17b_16e_instruct,GA_ADAPTIVE,password_strength,medium,18,True,True,['Hav46XZAD'],0.0,medium,0,80,0.00022266700398176908
no_semantic_meta_llama_llama_4_scout_17b_16e_instruct,GA_ADAPTIVE,password_strength,medium,19,True,True,['ujP30na'],0.0,medium,0,80,0.0002025830326601863
no_semantic_meta_llama_llama_4_scout_17b_16e_instruct,GA_ADAPTIVE,password_strength,medium,20,True,True,['HgLiWJXsDEi'],0.0,medium,0,80,0.00021016597747802734
no_semantic_meta_llama_llama_4_scout_17b_16e_instruct,GA_ADAPTIVE,password_strength,medium,21,True,True,['eAtlRyg8'],0.0,medium,0,80,0.00020770798437297344
no_semantic_meta_llama_llama_4_scout_17b_16e_instruct,GA_ADAPTIVE,password_strength,medium,22,True,True,['c9Re2JfY4o'],0.0,medium,0,80,0.00021829199977219105
no_semantic_meta_llama_llama_4_scout_17b_16e_instruct,GA_ADAPTIVE,password_strength,medium,23,True,True,['EhtR7EfPqB'],0.0,medium,0,80,0.00022133300080895424
no_semantic_meta_llama_llama_4_scout_17b_16e_instruct,GA_ADAPTIVE,password_strength,medium,24,True,True,['oQ0gITH'],0.0,medium,0,80,0.0002574169775471091
no_semantic_meta_llama_llama_4_scout_17b_16e_instruct,GA_ADAPTIVE,password_strength,medium,25,True,True,['ZJRH7l7O'],0.0,medium,0,80,0.0002810410223901272
no_semantic_meta_llama_llama_4_scout_17b_16e_instruct,GA_ADAPTIVE,password_strength,medium,26,True,True,['corJEfXrCy'],0.0,medium,0,80,0.0002234580460935831
no_semantic_meta_llama_llama_4_scout_17b_16e_instruct,GA_ADAPTIVE,password_strength,medium,27,True,True,['KURhibTTNvCadE'],0.0,medium,0,80,0.00021116691641509533
no_semantic_meta_llama_llama_4_scout_17b_16e_instruct,GA_ADAPTIVE,password_strength,medium,28,True,True,['6LRtM9NzV'],0.0,medium,0,80,0.0002173340180888772
no_semantic_meta_llama_llama_4_scout_17b_16e_instruct,GA_ADAPTIVE,password_strength,medium,29,True,True,['ZoPh9mhOn4'],0.0,medium,0,80,0.00025108293630182743
no_semantic_meta_llama_llama_4_scout_17b_16e_instruct,GA_ADAPTIVE,password_strength,weak_no_digit_upper,0,True,True,['9aGCOiF5Em'],0.0,weak_no_digit_upper,0,80,0.0002126250183209777
no_semantic_meta_llama_llama_4_scout_17b_16e_instruct,GA_ADAPTIVE,password_strength,weak_no_digit_upper,1,True,True,['UQofz0Qt'],0.0,weak_no_digit_upper,0,80,0.00022250006441026926
no_semantic_meta_llama_llama_4_scout_17b_16e_instruct,GA_ADAPTIVE,password_strength,weak_no_digit_upper,2,True,True,['ZxObb0f'],0.0,weak_no_digit_upper,0,80,0.00022133300080895424
no_semantic_meta_llama_llama_4_scout_17b_16e_instruct,GA_ADAPTIVE,password_strength,weak_no_digit_upper,3,True,True,['Br5BPG3i7'],0.0,weak_no_digit_upper,0,80,0.00021779106464236975
no_semantic_meta_llama_llama_4_scout_17b_16e_instruct,GA_ADAPTIVE,password_strength,weak_no_digit_upper,4,True,True,['s0wdVp5T'],0.0,weak_no_digit_upper,0,80,0.00022124999668449163
no_semantic_meta_llama_llama_4_scout_17b_16e_instruct,GA_ADAPTIVE,password_strength,weak_no_digit_upper,5,True,True,['B2niNqG'],0.0,weak_no_digit_upper,0,80,0.00020883406978100538
no_semantic_meta_llama_llama_4_scout_17b_16e_instruct,GA_ADAPTIVE,password_strength,weak_no_digit_upper,6,True,True,['CL9DI690'],0.0,weak_no_digit_upper,0,80,0.0002597499405965209
no_semantic_meta_llama_llama_4_scout_17b_16e_instruct,GA_ADAPTIVE,password_strength,weak_no_digit_upper,7,True,True,['zhUL6FpR2m'],0.0,weak_no_digit_upper,0,80,0.0002051249612122774
no_semantic_meta_llama_llama_4_scout_17b_16e_instruct,GA_ADAPTIVE,password_strength,weak_no_digit_upper,8,True,True,['sWC7RYqDb'],0.0,weak_no_digit_upper,0,80,0.00021533307153731585
no_semantic_meta_llama_llama_4_scout_17b_16e_instruct,GA_ADAPTIVE,password_strength,weak_no_digit_upper,9,True,True,['o79znsXNGS'],0.0,weak_no_digit_upper,0,80,0.00022370903752744198
no_semantic_meta_llama_llama_4_scout_17b_16e_instruct,GA_ADAPTIVE,password_strength,weak_no_digit_upper,10,True,True,['aYt8YKi'],0.0,weak_no_digit_upper,0,80,0.00022016698494553566
no_semantic_meta_llama_llama_4_scout_17b_16e_instruct,GA_ADAPTIVE,password_strength,weak_no_digit_upper,11,True,True,['svzj2b9A'],0.0,weak_no_digit_upper,0,80,0.00020579202100634575
no_semantic_meta_llama_llama_4_scout_17b_16e_instruct,GA_ADAPTIVE,password_strength,weak_no_digit_upper,12,True,True,['OWCM7jZN'],0.0,weak_no_digit_upper,0,80,0.00021591701079159975
no_semantic_meta_llama_llama_4_scout_17b_16e_instruct,GA_ADAPTIVE,password_strength,weak_no_digit_upper,13,True,True,['UF0nF9Xm0'],0.0,weak_no_digit_upper,0,80,0.00021783297415822744
no_semantic_meta_llama_llama_4_scout_17b_16e_instruct,GA_ADAPTIVE,password_strength,weak_no_digit_upper,14,True,True,['WOE1V0'],0.0,weak_no_digit_upper,0,80,0.0002032499760389328
no_semantic_meta_llama_llama_4_scout_17b_16e_instruct,GA_ADAPTIVE,password_strength,weak_no_digit_upper,15,True,True,['OZE4YoYwK'],0.0,weak_no_digit_upper,0,80,0.0002127919578924775
no_semantic_meta_llama_llama_4_scout_17b_16e_instruct,GA_ADAPTIVE,password_strength,weak_no_digit_upper,16,True,True,['8cEn6MeE4H'],0.0,weak_no_digit_upper,0,80,0.0002072920324280858
no_semantic_meta_llama_llama_4_scout_17b_16e_instruct,GA_ADAPTIVE,password_strength,weak_no_digit_upper,17,True,True,['BTz4B0bQ'],0.0,weak_no_digit_upper,0,80,0.00022316607646644115
no_semantic_meta_llama_llama_4_scout_17b_16e_instruct,GA_ADAPTIVE,password_strength,weak_no_digit_upper,18,True,True,['eX6c85n'],0.0,weak_no_digit_upper,0,80,0.0002288749674335122
no_semantic_meta_llama_llama_4_scout_17b_16e_instruct,GA_ADAPTIVE,password_strength,weak_no_digit_upper,19,True,True,['mqjtiLXy8'],0.0,weak_no_digit_upper,0,80,0.0002151250373572111
no_semantic_meta_llama_llama_4_scout_17b_16e_instruct,GA_ADAPTIVE,password_strength,weak_no_digit_upper,20,True,True,['FvT9DRGKzl'],0.0,weak_no_digit_upper,0,80,0.00019675004296004772
no_semantic_meta_llama_llama_4_scout_17b_16e_instruct,GA_ADAPTIVE,password_strength,weak_no_digit_upper,21,True,True,['1fz9xoxXz4'],0.0,weak_no_digit_upper,0,80,0.000206666998565197
no_semantic_meta_llama_llama_4_scout_17b_16e_instruct,GA_ADAPTIVE,password_strength,weak_no_digit_upper,22,True,True,['8fhgmBROb'],0.0,weak_no_digit_upper,0,80,0.00020962499547749758
no_semantic_meta_llama_llama_4_scout_17b_16e_instruct,GA_ADAPTIVE,password_strength,weak_no_digit_upper,23,True,True,['2BQx39'],0.0,weak_no_digit_upper,0,80,0.00022849999368190765
no_semantic_meta_llama_llama_4_scout_17b_16e_instruct,GA_ADAPTIVE,password_strength,weak_no_digit_upper,24,True,True,['7TeByxWs'],0.0,weak_no_digit_upper,0,80,0.00021900003775954247
no_semantic_meta_llama_llama_4_scout_17b_16e_instruct,GA_ADAPTIVE,password_strength,weak_no_digit_upper,25,True,True,['hUE2k5P'],0.0,weak_no_digit_upper,0,80,0.0002145000034943223
no_semantic_meta_llama_llama_4_scout_17b_16e_instruct,GA_ADAPTIVE,password_strength,weak_no_digit_upper,26,True,True,['OoR7TpPX'],0.0,weak_no_digit_upper,0,80,0.0002199159935116768
no_semantic_meta_llama_llama_4_scout_17b_16e_instruct,GA_ADAPTIVE,password_strength,weak_no_digit_upper,27,True,True,['9kKYFi'],0.0,weak_no_digit_upper,0,80,0.00021120801102370024
no_semantic_meta_llama_llama_4_scout_17b_16e_instruct,GA_ADAPTIVE,password_strength,weak_no_digit_upper,28,True,True,['J2V5MpJ'],0.0,weak_no_digit_upper,0,80,0.00020145904272794724
no_semantic_meta_llama_llama_4_scout_17b_16e_instruct,GA_ADAPTIVE,password_strength,weak_no_digit_upper,29,True,True,['6ljfoVbfAf'],0.0,weak_no_digit_upper,0,80,0.00022283405996859074
no_semantic_meta_llama_llama_4_scout_17b_16e_instruct,GA_ADAPTIVE,pin_pattern,secret_pin,0,False,False,"[8, 4, 10, 0]",1.0,,19,8080,0.049466790980659425
no_semantic_meta_llama_llama_4_scout_17b_16e_instruct,GA_ADAPTIVE,pin_pattern,secret_pin,1,False,False,"[8, 4, 10, 1]",1.0,,14,8080,0.049824582994915545
no_semantic_meta_llama_llama_4_scout_17b_16e_instruct,GA_ADAPTIVE,pin_pattern,secret_pin,2,False,False,"[6, 2, 10, 0]",1.0,,20,8080,0.04877750005107373
no_semantic_meta_llama_llama_4_scout_17b_16e_instruct,GA_ADAPTIVE,pin_pattern,secret_pin,3,True,True,"[7, 3, 9, 1]",0.0,secret_pin,56,4560,0.02649633400142193
no_semantic_meta_llama_llama_4_scout_17b_16e_instruct,GA_ADAPTIVE,pin_pattern,secret_pin,4,False,False,"[7, 4, 8, 0]",1.0,,22,8080,0.05142070900183171
no_semantic_meta_llama_llama_4_scout_17b_16e_instruct,GA_ADAPTIVE,pin_pattern,secret_pin,5,False,False,"[6, 4, 8, 1]",1.0,,21,8080,0.04934587504249066
no_semantic_meta_llama_llama_4_scout_17b_16e_instruct,GA_ADAPTIVE,pin_pattern,secret_pin,6,False,False,"[6, 4, 10, 0]",1.0,,14,8080,0.04932824999559671
no_semantic_meta_llama_llama_4_scout_17b_16e_instruct,GA_ADAPTIVE,pin_pattern,secret_pin,7,False,False,"[6, 2, 8, 2]",1.0,,22,8080,0.04945729102473706
no_semantic_meta_llama_llama_4_scout_17b_16e_instruct,GA_ADAPTIVE,pin_pattern,secret_pin,8,False,False,"[7, 1, 11, 0]",2.0,,10,8080,0.05015699996147305
no_semantic_meta_llama_llama_4_scout_17b_16e_instruct,GA_ADAPTIVE,pin_pattern,secret_pin,9,False,False,"[7, 2, 8, 0]",1.0,,15,8080,0.04957312508486211
no_semantic_meta_llama_llama_4_scout_17b_16e_instruct,GA_ADAPTIVE,pin_pattern,secret_pin,10,False,False,"[7, 2, 9, 1]",1.0,,18,8080,0.05071245797444135
no_semantic_meta_llama_llama_4_scout_17b_16e_instruct,GA_ADAPTIVE,pin_pattern,secret_pin,11,False,False,"[8, 2, 10, 0]",1.0,,13,8080,0.051706708036363125
no_semantic_meta_llama_llama_4_scout_17b_16e_instruct,GA_ADAPTIVE,pin_pattern,secret_pin,12,False,False,"[7, 2, 9, 0]",1.0,,7,8080,0.05103445809800178
no_semantic_meta_llama_llama_4_scout_17b_16e_instruct,GA_ADAPTIVE,pin_pattern,secret_pin,13,False,False,"[7, 4, 8, 0]",1.0,,14,8080,0.0505592500558123
no_semantic_meta_llama_llama_4_scout_17b_16e_instruct,GA_ADAPTIVE,pin_pattern,secret_pin,14,True,True,"[7, 3, 9, 1]",0.0,secret_pin,23,1920,0.01068937499076128
no_semantic_meta_llama_llama_4_scout_17b_16e_instruct,GA_ADAPTIVE,pin_pattern,secret_pin,15,True,True,"[7, 3, 9, 1]",0.0,secret_pin,19,1600,0.008862167014740407
no_semantic_meta_llama_llama_4_scout_17b_16e_instruct,GA_ADAPTIVE,pin_pattern,secret_pin,16,False,False,"[8, 4, 9, 1]",1.0,,73,8080,0.049613166018389165
no_semantic_meta_llama_llama_4_scout_17b_16e_instruct,GA_ADAPTIVE,pin_pattern,secret_pin,17,False,False,"[8, 2, 8, 0]",1.0,,15,8080,0.05043104209471494
no_semantic_meta_llama_llama_4_scout_17b_16e_instruct,GA_ADAPTIVE,pin_pattern,secret_pin,18,True,True,"[7, 3, 9, 1]",0.0,secret_pin,22,1840,0.010289959027431905
no_semantic_meta_llama_llama_4_scout_17b_16e_instruct,GA_ADAPTIVE,pin_pattern,secret_pin,19,False,False,"[6, 4, 8, 0]",1.0,,17,8080,0.05092654097825289
no_semantic_meta_llama_llama_4_scout_17b_16e_instruct,GA_ADAPTIVE,pin_pattern,secret_pin,20,False,False,"[6, 2, 9, 0]",1.0,,22,8080,0.04953554191160947
no_semantic_meta_llama_llama_4_scout_17b_16e_instruct,GA_ADAPTIVE,pin_pattern,secret_pin,21,False,False,"[6, 4, 10, 0]",1.0,,95,8080,0.04982824996113777
no_semantic_meta_llama_llama_4_scout_17b_16e_instruct,GA_ADAPTIVE,pin_pattern,secret_pin,22,False,False,"[7, 2, 9, 0]",1.0,,24,8080,0.049710749997757375
no_semantic_meta_llama_llama_4_scout_17b_16e_instruct,GA_ADAPTIVE,pin_pattern,secret_pin,23,False,False,"[8, 2, 9, 0]",1.0,,18,8080,0.049721083021722734
no_semantic_meta_llama_llama_4_scout_17b_16e_instruct,GA_ADAPTIVE,pin_pattern,secret_pin,24,True,True,"[7, 3, 9, 1]",0.0,secret_pin,14,1200,0.006408666959032416
no_semantic_meta_llama_llama_4_scout_17b_16e_instruct,GA_ADAPTIVE,pin_pattern,secret_pin,25,False,False,"[6, 2, 10, 0]",1.0,,19,8080,0.04932979098521173
no_semantic_meta_llama_llama_4_scout_17b_16e_instruct,GA_ADAPTIVE,pin_pattern,secret_pin,26,False,False,"[8, 4, 10, 0]",1.0,,20,8080,0.04865566606167704
no_semantic_meta_llama_llama_4_scout_17b_16e_instruct,GA_ADAPTIVE,pin_pattern,secret_pin,27,False,False,"[6, 4, 10, 0]",1.0,,69,8080,0.04823095805477351
no_semantic_meta_llama_llama_4_scout_17b_16e_instruct,GA_ADAPTIVE,pin_pattern,secret_pin,28,False,False,"[6, 4, 9, 0]",1.0,,20,8080,0.04898133396636695
no_semantic_meta_llama_llama_4_scout_17b_16e_instruct,GA_ADAPTIVE,pin_pattern,secret_pin,29,False,False,"[8, 2, 9, 0]",1.0,,19,8080,0.04967266705352813
no_semantic_meta_llama_llama_4_scout_17b_16e_instruct,GA_ADAPTIVE,pin_pattern,all_same,0,False,False,"[68, 68, 69, 67]",1.0,,17,8080,0.048342624912038445
no_semantic_meta_llama_llama_4_scout_17b_16e_instruct,GA_ADAPTIVE,pin_pattern,all_same,1,True,True,"[44, 44, 44, 44]",0.0,all_same,5,480,0.002297332976013422
no_semantic_meta_llama_llama_4_scout_17b_16e_instruct,GA_ADAPTIVE,pin_pattern,all_same,2,False,False,"[14, 12, 14, 12]",2.0,,2,8080,0.0489501659758389
no_semantic_meta_llama_llama_4_scout_17b_16e_instruct,GA_ADAPTIVE,pin_pattern,all_same,3,True,True,"[43, 43, 43, 43]",0.0,all_same,25,2080,0.010926667018793523
no_semantic_meta_llama_llama_4_scout_17b_16e_instruct,GA_ADAPTIVE,pin_pattern,all_same,4,False,False,"[49, 48, 48, 48]",1.0,,8,8080,0.04854208300821483
no_semantic_meta_llama_llama_4_scout_17b_16e_instruct,GA_ADAPTIVE,pin_pattern,all_same,5,True,True,"[56, 56, 56, 56]",0.0,all_same,83,6720,0.039994541089981794
no_semantic_meta_llama_llama_4_scout_17b_16e_instruct,GA_ADAPTIVE,pin_pattern,all_same,6,False,False,"[69, 69, 70, 70]",1.0,,8,8080,0.048491416964679956
no_semantic_meta_llama_llama_4_scout_17b_16e_instruct,GA_ADAPTIVE,pin_pattern,all_same,7,False,False,"[49, 49, 48, 50]",1.0,,27,8080,0.04739345808047801
no_semantic_meta_llama_llama_4_scout_17b_16e_instruct,GA_ADAPTIVE,pin_pattern,all_same,8,True,True,"[53, 53, 53, 53]",0.0,all_same,26,2160,0.012183125014416873
no_semantic_meta_llama_llama_4_scout_17b_16e_instruct,GA_ADAPTIVE,pin_pattern,all_same,9,False,False,"[59, 59, 59, 57]",2.0,,3,8080,0.04988079203758389
no_semantic_meta_llama_llama_4_scout_17b_16e_instruct,GA_ADAPTIVE,pin_pattern,all_same,10,False,False,"[36, 35, 35, 37]",1.0,,10,8080,0.048592790961265564
no_semantic_meta_llama_llama_4_scout_17b_16e_instruct,GA_ADAPTIVE,pin_pattern,all_same,11,False,False,"[54, 53, 54, 55]",1.0,,33,8080,0.04918270802590996
no_semantic_meta_llama_llama_4_scout_17b_16e_instruct,GA_ADAPTIVE,pin_pattern,all_same,12,False,False,"[65, 64, 65, 66]",1.0,,13,8080,0.05006229202263057
no_semantic_meta_llama_llama_4_scout_17b_16e_instruct,GA_ADAPTIVE,pin_pattern,all_same,13,True,True,"[66, 66, 66, 66]",0.0,all_same,26,2160,0.011759999906644225
no_semantic_meta_llama_llama_4_scout_17b_16e_instruct,GA_ADAPTIVE,pin_pattern,all_same,14,False,False,"[63, 62, 63, 64]",1.0,,24,8080,0.04797833296470344
no_semantic_meta_llama_llama_4_scout_17b_16e_instruct,GA_ADAPTIVE,pin_pattern,all_same,15,False,False,"[50, 50, 49, 50]",1.0,,8,8080,0.04925004206597805
no_semantic_meta_llama_llama_4_scout_17b_16e_instruct,GA_ADAPTIVE,pin_pattern,all_same,16,False,False,"[45, 44, 46, 46]",1.0,,8,8080,0.04869504098314792
no_semantic_meta_llama_llama_4_scout_17b_16e_instruct,GA_ADAPTIVE,pin_pattern,all_same,17,True,True,"[40, 40, 40, 40]",0.0,all_same,25,2080,0.010923750000074506
no_semantic_meta_llama_llama_4_scout_17b_16e_instruct,GA_ADAPTIVE,pin_pattern,all_same,18,True,True,"[53, 53, 53, 53]",0.0,all_same,16,1360,0.007067208061926067
no_semantic_meta_llama_llama_4_scout_17b_16e_instruct,GA_ADAPTIVE,pin_pattern,all_same,19,False,False,"[62, 63, 63, 61]",1.0,,13,8080,0.04863312502857298
no_semantic_meta_llama_llama_4_scout_17b_16e_instruct,GA_ADAPTIVE,pin_pattern,all_same,20,False,False,"[67, 67, 68, 67]",1.0,,5,8080,0.04993849992752075
no_semantic_meta_llama_llama_4_scout_17b_16e_instruct,GA_ADAPTIVE,pin_pattern,all_same,21,False,False,"[31, 31, 30, 31]",1.0,,23,8080,0.04762745799962431
no_semantic_meta_llama_llama_4_scout_17b_16e_instruct,GA_ADAPTIVE,pin_pattern,all_same,22,False,False,"[38, 38, 39, 38]",1.0,,14,8080,0.04787100001703948
no_semantic_meta_llama_llama_4_scout_17b_16e_instruct,GA_ADAPTIVE,pin_pattern,all_same,23,False,False,"[44, 44, 45, 44]",1.0,,8,8080,0.048431083909235895
no_semantic_meta_llama_llama_4_scout_17b_16e_instruct,GA_ADAPTIVE,pin_pattern,all_same,24,False,False,"[70, 71, 71, 69]",1.0,,13,8080,0.04799462505616248
no_semantic_meta_llama_llama_4_scout_17b_16e_instruct,GA_ADAPTIVE,pin_pattern,all_same,25,False,False,"[39, 38, 40, 38]",1.0,,10,8080,0.04951233300380409
no_semantic_meta_llama_llama_4_scout_17b_16e_instruct,GA_ADAPTIVE,pin_pattern,all_same,26,True,True,"[35, 35, 35, 35]",0.0,all_same,23,1920,0.010085915913805366
no_semantic_meta_llama_llama_4_scout_17b_16e_instruct,GA_ADAPTIVE,pin_pattern,all_same,27,False,False,"[46, 45, 47, 46]",1.0,,10,8080,0.04818962491117418
no_semantic_meta_llama_llama_4_scout_17b_16e_instruct,GA_ADAPTIVE,pin_pattern,all_same,28,True,True,"[33, 33, 33, 33]",0.0,all_same,23,1920,0.010160040925256908
no_semantic_meta_llama_llama_4_scout_17b_16e_instruct,GA_ADAPTIVE,pin_pattern,all_same,29,False,False,"[56, 55, 55, 57]",1.0,,22,8080,0.047682583099231124
no_semantic_meta_llama_llama_4_scout_17b_16e_instruct,GA_ADAPTIVE,pin_pattern,ordered_sum_20,0,True,True,"[0, 0, 5, 15]",0.0,ordered_sum_20,12,1040,0.005536583019420505
no_semantic_meta_llama_llama_4_scout_17b_16e_instruct,GA_ADAPTIVE,pin_pattern,ordered_sum_20,1,True,True,"[0, 0, 0, 20]",0.0,ordered_sum_20,16,1360,0.007356207934208214
no_semantic_meta_llama_llama_4_scout_17b_16e_instruct,GA_ADAPTIVE,pin_pattern,ordered_sum_20,2,True,True,"[0, 2, 9, 9]",0.0,ordered_sum_20,6,560,0.0028262920677661896
no_semantic_meta_llama_llama_4_scout_17b_16e_instruct,GA_ADAPTIVE,pin_pattern,ordered_sum_20,3,True,True,"[0, 1, 7, 12]",0.0,ordered_sum_20,10,880,0.004639582941308618
no_semantic_meta_llama_llama_4_scout_17b_16e_instruct,GA_ADAPTIVE,pin_pattern,ordered_sum_20,4,True,True,"[1, 2, 5, 12]",0.0,ordered_sum_20,8,720,0.003730792086571455
no_semantic_meta_llama_llama_4_scout_17b_16e_instruct,GA_ADAPTIVE,pin_pattern,ordered_sum_20,5,True,True,"[1, 6, 6, 7]",0.0,ordered_sum_20,8,720,0.0037395000690594316
no_semantic_meta_llama_llama_4_scout_17b_16e_instruct,GA_ADAPTIVE,pin_pattern,ordered_sum_20,6,True,True,"[2, 3, 3, 12]",0.0,ordered_sum_20,10,880,0.004646625020541251
no_semantic_meta_llama_llama_4_scout_17b_16e_instruct,GA_ADAPTIVE,pin_pattern,ordered_sum_20,7,True,True,"[0, 0, 10, 10]",0.0,ordered_sum_20,9,800,0.004283917020075023
no_semantic_meta_llama_llama_4_scout_17b_16e_instruct,GA_ADAPTIVE,pin_pattern,ordered_sum_20,8,True,True,"[0, 0, 10, 10]",0.0,ordered_sum_20,11,960,0.005640957970172167
no_semantic_meta_llama_llama_4_scout_17b_16e_instruct,GA_ADAPTIVE,pin_pattern,ordered_sum_20,9,True,True,"[0, 0, 4, 16]",0.0,ordered_sum_20,9,800,0.004237957997247577
no_semantic_meta_llama_llama_4_scout_17b_16e_instruct,GA_ADAPTIVE,pin_pattern,ordered_sum_20,10,True,True,"[0, 0, 2, 18]",0.0,ordered_sum_20,10,880,0.004635749966837466
no_semantic_meta_llama_llama_4_scout_17b_16e_instruct,GA_ADAPTIVE,pin_pattern,ordered_sum_20,11,True,True,"[1, 1, 5, 13]",0.0,ordered_sum_20,8,720,0.0037161250365898013
no_semantic_meta_llama_llama_4_scout_17b_16e_instruct,GA_ADAPTIVE,pin_pattern,ordered_sum_20,12,True,True,"[0, 2, 9, 9]",0.0,ordered_sum_20,10,880,0.004668707959353924
no_semantic_meta_llama_llama_4_scout_17b_16e_instruct,GA_ADAPTIVE,pin_pattern,ordered_sum_20,13,True,True,"[0, 0, 10, 10]",0.0,ordered_sum_20,12,1040,0.005617374903522432
no_semantic_meta_llama_llama_4_scout_17b_16e_instruct,GA_ADAPTIVE,pin_pattern,ordered_sum_20,14,True,True,"[0, 6, 7, 7]",0.0,ordered_sum_20,6,560,0.002841291017830372
no_semantic_meta_llama_llama_4_scout_17b_16e_instruct,GA_ADAPTIVE,pin_pattern,ordered_sum_20,15,True,True,"[0, 0, 0, 20]",0.0,ordered_sum_20,15,1280,0.0069347500102594495
no_semantic_meta_llama_llama_4_scout_17b_16e_instruct,GA_ADAPTIVE,pin_pattern,ordered_sum_20,16,True,True,"[0, 0, 4, 16]",0.0,ordered_sum_20,10,880,0.004610832897014916
no_semantic_meta_llama_llama_4_scout_17b_16e_instruct,GA_ADAPTIVE,pin_pattern,ordered_sum_20,17,True,True,"[1, 3, 6, 10]",0.0,ordered_sum_20,8,720,0.0036851660115644336
no_semantic_meta_llama_llama_4_scout_17b_16e_instruct,GA_ADAPTIVE,pin_pattern,ordered_sum_20,18,True,True,"[0, 1, 8, 11]",0.0,ordered_sum_20,7,640,0.0032890411093831062
no_semantic_meta_llama_llama_4_scout_17b_16e_instruct,GA_ADAPTIVE,pin_pattern,ordered_sum_20,19,True,True,"[0, 1, 6, 13]",0.0,ordered_sum_20,7,640,0.003273333073593676
no_semantic_meta_llama_llama_4_scout_17b_16e_instruct,GA_ADAPTIVE,pin_pattern,ordered_sum_20,20,True,True,"[0, 0, 2, 18]",0.0,ordered_sum_20,9,800,0.004185291938483715
no_semantic_meta_llama_llama_4_scout_17b_16e_instruct,GA_ADAPTIVE,pin_pattern,ordered_sum_20,21,True,True,"[0, 3, 5, 12]",0.0,ordered_sum_20,6,560,0.0028220840031281114
no_semantic_meta_llama_llama_4_scout_17b_16e_instruct,GA_ADAPTIVE,pin_pattern,ordered_sum_20,22,True,True,"[0, 0, 5, 15]",0.0,ordered_sum_20,9,800,0.004185541998594999
no_semantic_meta_llama_llama_4_scout_17b_16e_instruct,GA_ADAPTIVE,pin_pattern,ordered_sum_20,23,True,True,"[0, 0, 8, 12]",0.0,ordered_sum_20,12,1040,0.005562167032621801
no_semantic_meta_llama_llama_4_scout_17b_16e_instruct,GA_ADAPTIVE,pin_pattern,ordered_sum_20,24,True,True,"[0, 0, 2, 18]",0.0,ordered_sum_20,11,960,0.005138208973221481
no_semantic_meta_llama_llama_4_scout_17b_16e_instruct,GA_ADAPTIVE,pin_pattern,ordered_sum_20,25,True,True,"[0, 1, 9, 10]",0.0,ordered_sum_20,7,640,0.0032607499742880464
no_semantic_meta_llama_llama_4_scout_17b_16e_instruct,GA_ADAPTIVE,pin_pattern,ordered_sum_20,26,True,True,"[0, 3, 4, 13]",0.0,ordered_sum_20,12,1040,0.005502916988916695
no_semantic_meta_llama_llama_4_scout_17b_16e_instruct,GA_ADAPTIVE,pin_pattern,ordered_sum_20,27,True,True,"[0, 2, 4, 14]",0.0,ordered_sum_20,14,1200,0.006427915999665856
no_semantic_meta_llama_llama_4_scout_17b_16e_instruct,GA_ADAPTIVE,pin_pattern,ordered_sum_20,28,True,True,"[0, 6, 6, 8]",0.0,ordered_sum_20,11,960,0.005062915966846049
no_semantic_meta_llama_llama_4_scout_17b_16e_instruct,GA_ADAPTIVE,pin_pattern,ordered_sum_20,29,True,True,"[0, 1, 7, 12]",0.0,ordered_sum_20,10,880,0.004608708084560931
no_semantic_meta_llama_llama_4_scout_17b_16e_instruct,GA_ADAPTIVE,pin_pattern,other,0,True,True,"[50, 87, 20, 26]",0.0,other,0,80,0.00011575000826269388
no_semantic_meta_llama_llama_4_scout_17b_16e_instruct,GA_ADAPTIVE,pin_pattern,other,1,True,True,"[96, 24, 37, 23]",0.0,other,0,80,0.00011549994815140963
no_semantic_meta_llama_llama_4_scout_17b_16e_instruct,GA_ADAPTIVE,pin_pattern,other,2,True,True,"[31, 54, 82, 73]",0.0,other,0,80,0.00011499994434416294
no_semantic_meta_llama_llama_4_scout_17b_16e_instruct,GA_ADAPTIVE,pin_pattern,other,3,True,True,"[25, 28, 35, 42]",0.0,other,0,80,0.0001163750421255827
no_semantic_meta_llama_llama_4_scout_17b_16e_instruct,GA_ADAPTIVE,pin_pattern,other,4,True,True,"[84, 63, 98, 93]",0.0,other,0,80,0.00011562497820705175
no_semantic_meta_llama_llama_4_scout_17b_16e_instruct,GA_ADAPTIVE,pin_pattern,other,5,True,True,"[91, 66, 51, 36]",0.0,other,0,80,0.00011404103133827448
no_semantic_meta_llama_llama_4_scout_17b_16e_instruct,GA_ADAPTIVE,pin_pattern,other,6,True,True,"[5, 35, 72, 57]",0.0,other,0,80,0.0001140000531449914
no_semantic_meta_llama_llama_4_scout_17b_16e_instruct,GA_ADAPTIVE,pin_pattern,other,7,True,True,"[18, 87, 12, 20]",0.0,other,0,80,0.00011695793364197016
no_semantic_meta_llama_llama_4_scout_17b_16e_instruct,GA_ADAPTIVE,pin_pattern,other,8,True,True,"[92, 46, 37, 42]",0.0,other,0,80,0.0001135410275310278
no_semantic_meta_llama_llama_4_scout_17b_16e_instruct,GA_ADAPTIVE,pin_pattern,other,9,True,True,"[64, 37, 83, 25]",0.0,other,0,80,0.00011629203800112009
no_semantic_meta_llama_llama_4_scout_17b_16e_instruct,GA_ADAPTIVE,pin_pattern,other,10,True,True,"[18, 62, 87, 95]",0.0,other,0,80,0.00011395895853638649
no_semantic_meta_llama_llama_4_scout_17b_16e_instruct,GA_ADAPTIVE,pin_pattern,other,11,True,True,"[90, 10, 37, 7]",0.0,other,0,80,0.00011654198169708252
no_semantic_meta_llama_llama_4_scout_17b_16e_instruct,GA_ADAPTIVE,pin_pattern,other,12,True,True,"[83, 27, 34, 76]",0.0,other,0,80,0.00011420901864767075
no_semantic_meta_llama_llama_4_scout_17b_16e_instruct,GA_ADAPTIVE,pin_pattern,other,13,True,True,"[37, 37, 40, 40]",0.0,other,0,80,0.00011575000826269388
no_semantic_meta_llama_llama_4_scout_17b_16e_instruct,GA_ADAPTIVE,pin_pattern,other,14,True,True,"[87, 75, 65, 49]",0.0,other,0,80,0.00011600006837397814
no_semantic_meta_llama_llama_4_scout_17b_16e_instruct,GA_ADAPTIVE,pin_pattern,other,15,True,True,"[75, 57, 22, 39]",0.0,other,0,80,0.00011366698890924454
no_semantic_meta_llama_llama_4_scout_17b_16e_instruct,GA_ADAPTIVE,pin_pattern,other,16,True,True,"[42, 27, 68, 93]",0.0,other,0,80,0.00011662510223686695
no_semantic_meta_llama_llama_4_scout_17b_16e_instruct,GA_ADAPTIVE,pin_pattern,other,17,True,True,"[66, 61, 32, 29]",0.0,other,0,80,0.00011449994053691626
no_semantic_meta_llama_llama_4_scout_17b_16e_instruct,GA_ADAPTIVE,pin_pattern,other,18,True,True,"[16, 56, 35, 40]",0.0,other,0,80,0.00011358293704688549
no_semantic_meta_llama_llama_4_scout_17b_16e_instruct,GA_ADAPTIVE,pin_pattern,other,19,True,True,"[0, 78, 74, 89]",0.0,other,0,80,0.00011395791079849005
no_semantic_meta_llama_llama_4_scout_17b_16e_instruct,GA_ADAPTIVE,pin_pattern,other,20,True,True,"[65, 29, 36, 88]",0.0,other,0,80,0.00011612498201429844
no_semantic_meta_llama_llama_4_scout_17b_16e_instruct,GA_ADAPTIVE,pin_pattern,other,21,True,True,"[82, 23, 65, 95]",0.0,other,0,80,0.00011587492190301418
no_semantic_meta_llama_llama_4_scout_17b_16e_instruct,GA_ADAPTIVE,pin_pattern,other,22,True,True,"[36, 58, 1, 26]",0.0,other,0,80,0.00011324998922646046
no_semantic_meta_llama_llama_4_scout_17b_16e_instruct,GA_ADAPTIVE,pin_pattern,other,23,True,True,"[16, 48, 12, 91]",0.0,other,0,80,0.00011166709009557962
no_semantic_meta_llama_llama_4_scout_17b_16e_instruct,GA_ADAPTIVE,pin_pattern,other,24,True,True,"[37, 6, 68, 81]",0.0,other,0,80,0.00011395802721381187
no_semantic_meta_llama_llama_4_scout_17b_16e_instruct,GA_ADAPTIVE,pin_pattern,other,25,True,True,"[75, 15, 32, 73]",0.0,other,0,80,0.00011495803482830524
no_semantic_meta_llama_llama_4_scout_17b_16e_instruct,GA_ADAPTIVE,pin_pattern,other,26,True,True,"[60, 7, 80, 12]",0.0,other,0,80,0.00011512497439980507
no_semantic_meta_llama_llama_4_scout_17b_16e_instruct,GA_ADAPTIVE,pin_pattern,other,27,True,True,"[89, 41, 60, 6]",0.0,other,0,80,0.00011333299335092306
no_semantic_meta_llama_llama_4_scout_17b_16e_instruct,GA_ADAPTIVE,pin_pattern,other,28,True,True,"[7, 7, 82, 35]",0.0,other,0,80,0.00011329201515763998
no_semantic_meta_llama_llama_4_scout_17b_16e_instruct,GA_ADAPTIVE,pin_pattern,other,29,True,True,"[55, 88, 83, 61]",0.0,other,0,80,0.00011620891746133566
no_semantic_meta_llama_llama_4_scout_17b_16e_instruct,GA_ADAPTIVE,shipping_discount,invalid,0,False,False,,inf,,0,8080,0.04828545800410211
no_semantic_meta_llama_llama_4_scout_17b_16e_instruct,GA_ADAPTIVE,shipping_discount,invalid,1,False,False,,inf,,0,8080,0.04744041699450463
no_semantic_meta_llama_llama_4_scout_17b_16e_instruct,GA_ADAPTIVE,shipping_discount,invalid,2,False,False,,inf,,0,8080,0.04734375001862645
no_semantic_meta_llama_llama_4_scout_17b_16e_instruct,GA_ADAPTIVE,shipping_discount,invalid,3,False,False,,inf,,0,8080,0.04728041694033891
no_semantic_meta_llama_llama_4_scout_17b_16e_instruct,GA_ADAPTIVE,shipping_discount,invalid,4,False,False,,inf,,0,8080,0.04726629098877311
no_semantic_meta_llama_llama_4_scout_17b_16e_instruct,GA_ADAPTIVE,shipping_discount,invalid,5,False,False,,inf,,0,8080,0.04728908301331103
no_semantic_meta_llama_llama_4_scout_17b_16e_instruct,GA_ADAPTIVE,shipping_discount,invalid,6,False,False,,inf,,0,8080,0.047156124957837164
no_semantic_meta_llama_llama_4_scout_17b_16e_instruct,GA_ADAPTIVE,shipping_discount,invalid,7,False,False,,inf,,0,8080,0.046628084033727646
no_semantic_meta_llama_llama_4_scout_17b_16e_instruct,GA_ADAPTIVE,shipping_discount,invalid,8,False,False,,inf,,0,8080,0.046792250010184944
no_semantic_meta_llama_llama_4_scout_17b_16e_instruct,GA_ADAPTIVE,shipping_discount,invalid,9,False,False,,inf,,0,8080,0.04679737496189773
no_semantic_meta_llama_llama_4_scout_17b_16e_instruct,GA_ADAPTIVE,shipping_discount,invalid,10,False,False,,inf,,0,8080,0.046828500111587346
no_semantic_meta_llama_llama_4_scout_17b_16e_instruct,GA_ADAPTIVE,shipping_discount,invalid,11,False,False,,inf,,0,8080,0.048017416964285076
no_semantic_meta_llama_llama_4_scout_17b_16e_instruct,GA_ADAPTIVE,shipping_discount,invalid,12,False,False,,inf,,0,8080,0.04662595898844302
no_semantic_meta_llama_llama_4_scout_17b_16e_instruct,GA_ADAPTIVE,shipping_discount,invalid,13,False,False,,inf,,0,8080,0.04662133299279958
no_semantic_meta_llama_llama_4_scout_17b_16e_instruct,GA_ADAPTIVE,shipping_discount,invalid,14,False,False,,inf,,0,8080,0.046673209057189524
no_semantic_meta_llama_llama_4_scout_17b_16e_instruct,GA_ADAPTIVE,shipping_discount,invalid,15,False,False,,inf,,0,8080,0.046687584021128714
no_semantic_meta_llama_llama_4_scout_17b_16e_instruct,GA_ADAPTIVE,shipping_discount,invalid,16,False,False,,inf,,0,8080,0.046658125007525086
no_semantic_meta_llama_llama_4_scout_17b_16e_instruct,GA_ADAPTIVE,shipping_discount,invalid,17,False,False,,inf,,0,8080,0.04679666692391038
no_semantic_meta_llama_llama_4_scout_17b_16e_instruct,GA_ADAPTIVE,shipping_discount,invalid,18,False,False,,inf,,0,8080,0.04679724993184209
no_semantic_meta_llama_llama_4_scout_17b_16e_instruct,GA_ADAPTIVE,shipping_discount,invalid,19,False,False,,inf,,0,8080,0.04673016699962318
no_semantic_meta_llama_llama_4_scout_17b_16e_instruct,GA_ADAPTIVE,shipping_discount,invalid,20,False,False,,inf,,0,8080,0.04738979204557836
no_semantic_meta_llama_llama_4_scout_17b_16e_instruct,GA_ADAPTIVE,shipping_discount,invalid,21,False,False,,inf,,0,8080,0.04707062500528991
no_semantic_meta_llama_llama_4_scout_17b_16e_instruct,GA_ADAPTIVE,shipping_discount,invalid,22,False,False,,inf,,0,8080,0.048580874921754
no_semantic_meta_llama_llama_4_scout_17b_16e_instruct,GA_ADAPTIVE,shipping_discount,invalid,23,False,False,,inf,,0,8080,0.0467874159803614
no_semantic_meta_llama_llama_4_scout_17b_16e_instruct,GA_ADAPTIVE,shipping_discount,invalid,24,False,False,,inf,,0,8080,0.04794991703238338
no_semantic_meta_llama_llama_4_scout_17b_16e_instruct,GA_ADAPTIVE,shipping_discount,invalid,25,False,False,,inf,,0,8080,0.04728950001299381
no_semantic_meta_llama_llama_4_scout_17b_16e_instruct,GA_ADAPTIVE,shipping_discount,invalid,26,False,False,,inf,,0,8080,0.04731279192492366
no_semantic_meta_llama_llama_4_scout_17b_16e_instruct,GA_ADAPTIVE,shipping_discount,invalid,27,False,False,,inf,,0,8080,0.04835495806764811
no_semantic_meta_llama_llama_4_scout_17b_16e_instruct,GA_ADAPTIVE,shipping_discount,invalid,28,False,False,,inf,,0,8080,0.046839082962833345
no_semantic_meta_llama_llama_4_scout_17b_16e_instruct,GA_ADAPTIVE,shipping_discount,invalid,29,False,False,,inf,,0,8080,0.046753666014410555
no_semantic_meta_llama_llama_4_scout_17b_16e_instruct,GA_ADAPTIVE,shipping_discount,free_express_shipping,0,False,False,,inf,,0,8080,0.04725529195275158
no_semantic_meta_llama_llama_4_scout_17b_16e_instruct,GA_ADAPTIVE,shipping_discount,free_express_shipping,1,False,False,,inf,,0,8080,0.04722537496127188
no_semantic_meta_llama_llama_4_scout_17b_16e_instruct,GA_ADAPTIVE,shipping_discount,free_express_shipping,2,False,False,,inf,,0,8080,0.04724966699723154
no_semantic_meta_llama_llama_4_scout_17b_16e_instruct,GA_ADAPTIVE,shipping_discount,free_express_shipping,3,False,False,,inf,,0,8080,0.047339457902126014
no_semantic_meta_llama_llama_4_scout_17b_16e_instruct,GA_ADAPTIVE,shipping_discount,free_express_shipping,4,False,False,,inf,,0,8080,0.04733974998816848
no_semantic_meta_llama_llama_4_scout_17b_16e_instruct,GA_ADAPTIVE,shipping_discount,free_express_shipping,5,False,False,,inf,,0,8080,0.04863512504380196
no_semantic_meta_llama_llama_4_scout_17b_16e_instruct,GA_ADAPTIVE,shipping_discount,free_express_shipping,6,False,False,,inf,,0,8080,0.04731758404523134
no_semantic_meta_llama_llama_4_scout_17b_16e_instruct,GA_ADAPTIVE,shipping_discount,free_express_shipping,7,False,False,,inf,,0,8080,0.047271291026845574
no_semantic_meta_llama_llama_4_scout_17b_16e_instruct,GA_ADAPTIVE,shipping_discount,free_express_shipping,8,False,False,,inf,,0,8080,0.047292749979533255
no_semantic_meta_llama_llama_4_scout_17b_16e_instruct,GA_ADAPTIVE,shipping_discount,free_express_shipping,9,False,False,,inf,,0,8080,0.04719933308660984
no_semantic_meta_llama_llama_4_scout_17b_16e_instruct,GA_ADAPTIVE,shipping_discount,free_express_shipping,10,False,False,,inf,,0,8080,0.047435708926059306
no_semantic_meta_llama_llama_4_scout_17b_16e_instruct,GA_ADAPTIVE,shipping_discount,free_express_shipping,11,False,False,,inf,,0,8080,0.04740391590166837
no_semantic_meta_llama_llama_4_scout_17b_16e_instruct,GA_ADAPTIVE,shipping_discount,free_express_shipping,12,False,False,,inf,,0,8080,0.047565083019435406
no_semantic_meta_llama_llama_4_scout_17b_16e_instruct,GA_ADAPTIVE,shipping_discount,free_express_shipping,13,False,False,,inf,,0,8080,0.047492041951045394
no_semantic_meta_llama_llama_4_scout_17b_16e_instruct,GA_ADAPTIVE,shipping_discount,free_express_shipping,14,False,False,,inf,,0,8080,0.04753604193683714
no_semantic_meta_llama_llama_4_scout_17b_16e_instruct,GA_ADAPTIVE,shipping_discount,free_express_shipping,15,False,False,,inf,,0,8080,0.04752616700716317
no_semantic_meta_llama_llama_4_scout_17b_16e_instruct,GA_ADAPTIVE,shipping_discount,free_express_shipping,16,False,False,,inf,,0,8080,0.048215583083219826
no_semantic_meta_llama_llama_4_scout_17b_16e_instruct,GA_ADAPTIVE,shipping_discount,free_express_shipping,17,False,False,,inf,,0,8080,0.04758958297315985
no_semantic_meta_llama_llama_4_scout_17b_16e_instruct,GA_ADAPTIVE,shipping_discount,free_express_shipping,18,False,False,,inf,,0,8080,0.047597041935659945
no_semantic_meta_llama_llama_4_scout_17b_16e_instruct,GA_ADAPTIVE,shipping_discount,free_express_shipping,19,False,False,,inf,,0,8080,0.04754845809657127
no_semantic_meta_llama_llama_4_scout_17b_16e_instruct,GA_ADAPTIVE,shipping_discount,free_express_shipping,20,False,False,,inf,,0,8080,0.04801520798355341
no_semantic_meta_llama_llama_4_scout_17b_16e_instruct,GA_ADAPTIVE,shipping_discount,free_express_shipping,21,False,False,,inf,,0,8080,0.047901916899718344
no_semantic_meta_llama_llama_4_scout_17b_16e_instruct,GA_ADAPTIVE,shipping_discount,free_express_shipping,22,False,False,,inf,,0,8080,0.04754150006920099
no_semantic_meta_llama_llama_4_scout_17b_16e_instruct,GA_ADAPTIVE,shipping_discount,free_express_shipping,23,False,False,,inf,,0,8080,0.047383125056512654
no_semantic_meta_llama_llama_4_scout_17b_16e_instruct,GA_ADAPTIVE,shipping_discount,free_express_shipping,24,False,False,,inf,,0,8080,0.04731487494427711
no_semantic_meta_llama_llama_4_scout_17b_16e_instruct,GA_ADAPTIVE,shipping_discount,free_express_shipping,25,False,False,,inf,,0,8080,0.04734679206740111
no_semantic_meta_llama_llama_4_scout_17b_16e_instruct,GA_ADAPTIVE,shipping_discount,free_express_shipping,26,False,False,,inf,,0,8080,0.04730166704393923
no_semantic_meta_llama_llama_4_scout_17b_16e_instruct,GA_ADAPTIVE,shipping_discount,free_express_shipping,27,False,False,,inf,,0,8080,0.047365207923576236
no_semantic_meta_llama_llama_4_scout_17b_16e_instruct,GA_ADAPTIVE,shipping_discount,free_express_shipping,28,False,False,,inf,,0,8080,0.04742033302318305
no_semantic_meta_llama_llama_4_scout_17b_16e_instruct,GA_ADAPTIVE,shipping_discount,free_express_shipping,29,False,False,,inf,,0,8080,0.04737266700249165
no_semantic_meta_llama_llama_4_scout_17b_16e_instruct,GA_ADAPTIVE,shipping_discount,standard_discount,0,False,False,,inf,,0,8080,0.04851029091514647
no_semantic_meta_llama_llama_4_scout_17b_16e_instruct,GA_ADAPTIVE,shipping_discount,standard_discount,1,False,False,,inf,,0,8080,0.0477719169575721
no_semantic_meta_llama_llama_4_scout_17b_16e_instruct,GA_ADAPTIVE,shipping_discount,standard_discount,2,False,False,,inf,,0,8080,0.04730412503704429
no_semantic_meta_llama_llama_4_scout_17b_16e_instruct,GA_ADAPTIVE,shipping_discount,standard_discount,3,False,False,,inf,,0,8080,0.04717991698998958
no_semantic_meta_llama_llama_4_scout_17b_16e_instruct,GA_ADAPTIVE,shipping_discount,standard_discount,4,False,False,,inf,,0,8080,0.048105208086781204
no_semantic_meta_llama_llama_4_scout_17b_16e_instruct,GA_ADAPTIVE,shipping_discount,standard_discount,5,False,False,,inf,,0,8080,0.04801887506619096
no_semantic_meta_llama_llama_4_scout_17b_16e_instruct,GA_ADAPTIVE,shipping_discount,standard_discount,6,False,False,,inf,,0,8080,0.04785104200709611
no_semantic_meta_llama_llama_4_scout_17b_16e_instruct,GA_ADAPTIVE,shipping_discount,standard_discount,7,False,False,,inf,,0,8080,0.048671499942429364
no_semantic_meta_llama_llama_4_scout_17b_16e_instruct,GA_ADAPTIVE,shipping_discount,standard_discount,8,False,False,,inf,,0,8080,0.04726749996189028
no_semantic_meta_llama_llama_4_scout_17b_16e_instruct,GA_ADAPTIVE,shipping_discount,standard_discount,9,False,False,,inf,,0,8080,0.047224125009961426
no_semantic_meta_llama_llama_4_scout_17b_16e_instruct,GA_ADAPTIVE,shipping_discount,standard_discount,10,False,False,,inf,,0,8080,0.04912704194430262
no_semantic_meta_llama_llama_4_scout_17b_16e_instruct,GA_ADAPTIVE,shipping_discount,standard_discount,11,False,False,,inf,,0,8080,0.04787770798429847
no_semantic_meta_llama_llama_4_scout_17b_16e_instruct,GA_ADAPTIVE,shipping_discount,standard_discount,12,False,False,,inf,,0,8080,0.0476146669825539
no_semantic_meta_llama_llama_4_scout_17b_16e_instruct,GA_ADAPTIVE,shipping_discount,standard_discount,13,False,False,,inf,,0,8080,0.04765454097650945
no_semantic_meta_llama_llama_4_scout_17b_16e_instruct,GA_ADAPTIVE,shipping_discount,standard_discount,14,False,False,,inf,,0,8080,0.047837791964411736
no_semantic_meta_llama_llama_4_scout_17b_16e_instruct,GA_ADAPTIVE,shipping_discount,standard_discount,15,False,False,,inf,,0,8080,0.04722979199141264
no_semantic_meta_llama_llama_4_scout_17b_16e_instruct,GA_ADAPTIVE,shipping_discount,standard_discount,16,False,False,,inf,,0,8080,0.047224042005836964
no_semantic_meta_llama_llama_4_scout_17b_16e_instruct,GA_ADAPTIVE,shipping_discount,standard_discount,17,False,False,,inf,,0,8080,0.0472747910534963
no_semantic_meta_llama_llama_4_scout_17b_16e_instruct,GA_ADAPTIVE,shipping_discount,standard_discount,18,False,False,,inf,,0,8080,0.047243667067959905
no_semantic_meta_llama_llama_4_scout_17b_16e_instruct,GA_ADAPTIVE,shipping_discount,standard_discount,19,False,False,,inf,,0,8080,0.047347208019346
no_semantic_meta_llama_llama_4_scout_17b_16e_instruct,GA_ADAPTIVE,shipping_discount,standard_discount,20,False,False,,inf,,0,8080,0.04726266604848206
no_semantic_meta_llama_llama_4_scout_17b_16e_instruct,GA_ADAPTIVE,shipping_discount,standard_discount,21,False,False,,inf,,0,8080,0.04726970789488405
no_semantic_meta_llama_llama_4_scout_17b_16e_instruct,GA_ADAPTIVE,shipping_discount,standard_discount,22,False,False,,inf,,0,8080,0.0472977920435369
no_semantic_meta_llama_llama_4_scout_17b_16e_instruct,GA_ADAPTIVE,shipping_discount,standard_discount,23,False,False,,inf,,0,8080,0.04730295797344297
no_semantic_meta_llama_llama_4_scout_17b_16e_instruct,GA_ADAPTIVE,shipping_discount,standard_discount,24,False,False,,inf,,0,8080,0.04727983404882252
no_semantic_meta_llama_llama_4_scout_17b_16e_instruct,GA_ADAPTIVE,shipping_discount,standard_discount,25,False,False,,inf,,0,8080,0.04735808295663446
no_semantic_meta_llama_llama_4_scout_17b_16e_instruct,GA_ADAPTIVE,shipping_discount,standard_discount,26,False,False,,inf,,0,8080,0.04728766600601375
no_semantic_meta_llama_llama_4_scout_17b_16e_instruct,GA_ADAPTIVE,shipping_discount,standard_discount,27,False,False,,inf,,0,8080,0.047213499899953604
no_semantic_meta_llama_llama_4_scout_17b_16e_instruct,GA_ADAPTIVE,shipping_discount,standard_discount,28,False,False,,inf,,0,8080,0.04794187506195158
no_semantic_meta_llama_llama_4_scout_17b_16e_instruct,GA_ADAPTIVE,shipping_discount,standard_discount,29,False,False,,inf,,0,8080,0.04907104198355228
no_semantic_meta_llama_llama_4_scout_17b_16e_instruct,GA_ADAPTIVE,shipping_discount,small_discount,0,False,False,,inf,,0,8080,0.047787541057914495
no_semantic_meta_llama_llama_4_scout_17b_16e_instruct,GA_ADAPTIVE,shipping_discount,small_discount,1,False,False,,inf,,0,8080,0.04809058306273073
no_semantic_meta_llama_llama_4_scout_17b_16e_instruct,GA_ADAPTIVE,shipping_discount,small_discount,2,False,False,,inf,,0,8080,0.047473042039200664
no_semantic_meta_llama_llama_4_scout_17b_16e_instruct,GA_ADAPTIVE,shipping_discount,small_discount,3,False,False,,inf,,0,8080,0.04728945891838521
no_semantic_meta_llama_llama_4_scout_17b_16e_instruct,GA_ADAPTIVE,shipping_discount,small_discount,4,False,False,,inf,,0,8080,0.04718383296858519
no_semantic_meta_llama_llama_4_scout_17b_16e_instruct,GA_ADAPTIVE,shipping_discount,small_discount,5,False,False,,inf,,0,8080,0.05585224996320903
no_semantic_meta_llama_llama_4_scout_17b_16e_instruct,GA_ADAPTIVE,shipping_discount,small_discount,6,False,False,,inf,,0,8080,0.052227791980840266
no_semantic_meta_llama_llama_4_scout_17b_16e_instruct,GA_ADAPTIVE,shipping_discount,small_discount,7,False,False,,inf,,0,8080,0.05176116700749844
no_semantic_meta_llama_llama_4_scout_17b_16e_instruct,GA_ADAPTIVE,shipping_discount,small_discount,8,False,False,,inf,,0,8080,0.0537804999621585
no_semantic_meta_llama_llama_4_scout_17b_16e_instruct,GA_ADAPTIVE,shipping_discount,small_discount,9,False,False,,inf,,0,8080,0.05583533400204033
no_semantic_meta_llama_llama_4_scout_17b_16e_instruct,GA_ADAPTIVE,shipping_discount,small_discount,10,False,False,,inf,,0,8080,0.0514183749910444
no_semantic_meta_llama_llama_4_scout_17b_16e_instruct,GA_ADAPTIVE,shipping_discount,small_discount,11,False,False,,inf,,0,8080,0.05128304206300527
no_semantic_meta_llama_llama_4_scout_17b_16e_instruct,GA_ADAPTIVE,shipping_discount,small_discount,12,False,False,,inf,,0,8080,0.05102887493558228
no_semantic_meta_llama_llama_4_scout_17b_16e_instruct,GA_ADAPTIVE,shipping_discount,small_discount,13,False,False,,inf,,0,8080,0.051128791994415224
no_semantic_meta_llama_llama_4_scout_17b_16e_instruct,GA_ADAPTIVE,shipping_discount,small_discount,14,False,False,,inf,,0,8080,0.05157216696534306
no_semantic_meta_llama_llama_4_scout_17b_16e_instruct,GA_ADAPTIVE,shipping_discount,small_discount,15,False,False,,inf,,0,8080,0.06498370796907693
no_semantic_meta_llama_llama_4_scout_17b_16e_instruct,GA_ADAPTIVE,shipping_discount,small_discount,16,False,False,,inf,,0,8080,0.0574962500249967
no_semantic_meta_llama_llama_4_scout_17b_16e_instruct,GA_ADAPTIVE,shipping_discount,small_discount,17,False,False,,inf,,0,8080,0.05195070803165436
no_semantic_meta_llama_llama_4_scout_17b_16e_instruct,GA_ADAPTIVE,shipping_discount,small_discount,18,False,False,,inf,,0,8080,0.0514817499788478
no_semantic_meta_llama_llama_4_scout_17b_16e_instruct,GA_ADAPTIVE,shipping_discount,small_discount,19,False,False,,inf,,0,8080,0.04940508306026459
no_semantic_meta_llama_llama_4_scout_17b_16e_instruct,GA_ADAPTIVE,shipping_discount,small_discount,20,False,False,,inf,,0,8080,0.04887866706121713
no_semantic_meta_llama_llama_4_scout_17b_16e_instruct,GA_ADAPTIVE,shipping_discount,small_discount,21,False,False,,inf,,0,8080,0.048351499950513244
no_semantic_meta_llama_llama_4_scout_17b_16e_instruct,GA_ADAPTIVE,shipping_discount,small_discount,22,False,False,,inf,,0,8080,0.048398458980955184
no_semantic_meta_llama_llama_4_scout_17b_16e_instruct,GA_ADAPTIVE,shipping_discount,small_discount,23,False,False,,inf,,0,8080,0.048685082932934165
no_semantic_meta_llama_llama_4_scout_17b_16e_instruct,GA_ADAPTIVE,shipping_discount,small_discount,24,False,False,,inf,,0,8080,0.052807874977588654
no_semantic_meta_llama_llama_4_scout_17b_16e_instruct,GA_ADAPTIVE,shipping_discount,small_discount,25,False,False,,inf,,0,8080,0.05083641700912267
no_semantic_meta_llama_llama_4_scout_17b_16e_instruct,GA_ADAPTIVE,shipping_discount,small_discount,26,False,False,,inf,,0,8080,0.051283332984894514
no_semantic_meta_llama_llama_4_scout_17b_16e_instruct,GA_ADAPTIVE,shipping_discount,small_discount,27,False,False,,inf,,0,8080,0.051534124999307096
no_semantic_meta_llama_llama_4_scout_17b_16e_instruct,GA_ADAPTIVE,shipping_discount,small_discount,28,False,False,,inf,,0,8080,0.05038066697306931
no_semantic_meta_llama_llama_4_scout_17b_16e_instruct,GA_ADAPTIVE,shipping_discount,small_discount,29,False,False,,inf,,0,8080,0.0494500839849934
no_semantic_meta_llama_llama_4_scout_17b_16e_instruct,GA_ADAPTIVE,shipping_discount,no_discount,0,False,False,,inf,,0,8080,0.050595832988619804
no_semantic_meta_llama_llama_4_scout_17b_16e_instruct,GA_ADAPTIVE,shipping_discount,no_discount,1,False,False,,inf,,0,8080,0.0501295420108363
no_semantic_meta_llama_llama_4_scout_17b_16e_instruct,GA_ADAPTIVE,shipping_discount,no_discount,2,False,False,,inf,,0,8080,0.049311375012621284
no_semantic_meta_llama_llama_4_scout_17b_16e_instruct,GA_ADAPTIVE,shipping_discount,no_discount,3,False,False,,inf,,0,8080,0.04950900003314018
no_semantic_meta_llama_llama_4_scout_17b_16e_instruct,GA_ADAPTIVE,shipping_discount,no_discount,4,False,False,,inf,,0,8080,0.04856920801103115
no_semantic_meta_llama_llama_4_scout_17b_16e_instruct,GA_ADAPTIVE,shipping_discount,no_discount,5,False,False,,inf,,0,8080,0.05000699998345226
no_semantic_meta_llama_llama_4_scout_17b_16e_instruct,GA_ADAPTIVE,shipping_discount,no_discount,6,False,False,,inf,,0,8080,0.05000883399043232
no_semantic_meta_llama_llama_4_scout_17b_16e_instruct,GA_ADAPTIVE,shipping_discount,no_discount,7,False,False,,inf,,0,8080,0.0498529999749735
no_semantic_meta_llama_llama_4_scout_17b_16e_instruct,GA_ADAPTIVE,shipping_discount,no_discount,8,False,False,,inf,,0,8080,0.050872124964371324
no_semantic_meta_llama_llama_4_scout_17b_16e_instruct,GA_ADAPTIVE,shipping_discount,no_discount,9,False,False,,inf,,0,8080,0.051100832992233336
no_semantic_meta_llama_llama_4_scout_17b_16e_instruct,GA_ADAPTIVE,shipping_discount,no_discount,10,False,False,,inf,,0,8080,0.05020966602023691
no_semantic_meta_llama_llama_4_scout_17b_16e_instruct,GA_ADAPTIVE,shipping_discount,no_discount,11,False,False,,inf,,0,8080,0.050712708034552634
no_semantic_meta_llama_llama_4_scout_17b_16e_instruct,GA_ADAPTIVE,shipping_discount,no_discount,12,False,False,,inf,,0,8080,0.04802470898721367
no_semantic_meta_llama_llama_4_scout_17b_16e_instruct,GA_ADAPTIVE,shipping_discount,no_discount,13,False,False,,inf,,0,8080,0.04738429200369865
no_semantic_meta_llama_llama_4_scout_17b_16e_instruct,GA_ADAPTIVE,shipping_discount,no_discount,14,False,False,,inf,,0,8080,0.047668999992311
no_semantic_meta_llama_llama_4_scout_17b_16e_instruct,GA_ADAPTIVE,shipping_discount,no_discount,15,False,False,,inf,,0,8080,0.04823712504003197
no_semantic_meta_llama_llama_4_scout_17b_16e_instruct,GA_ADAPTIVE,shipping_discount,no_discount,16,False,False,,inf,,0,8080,0.04794954205863178
no_semantic_meta_llama_llama_4_scout_17b_16e_instruct,GA_ADAPTIVE,shipping_discount,no_discount,17,False,False,,inf,,0,8080,0.04784295801073313
no_semantic_meta_llama_llama_4_scout_17b_16e_instruct,GA_ADAPTIVE,shipping_discount,no_discount,18,False,False,,inf,,0,8080,0.04996504099108279
no_semantic_meta_llama_llama_4_scout_17b_16e_instruct,GA_ADAPTIVE,shipping_discount,no_discount,19,False,False,,inf,,0,8080,0.049898041994310915
no_semantic_meta_llama_llama_4_scout_17b_16e_instruct,GA_ADAPTIVE,shipping_discount,no_discount,20,False,False,,inf,,0,8080,0.05012587504461408
no_semantic_meta_llama_llama_4_scout_17b_16e_instruct,GA_ADAPTIVE,shipping_discount,no_discount,21,False,False,,inf,,0,8080,0.0505907500628382
no_semantic_meta_llama_llama_4_scout_17b_16e_instruct,GA_ADAPTIVE,shipping_discount,no_discount,22,False,False,,inf,,0,8080,0.05030187510419637
no_semantic_meta_llama_llama_4_scout_17b_16e_instruct,GA_ADAPTIVE,shipping_discount,no_discount,23,False,False,,inf,,0,8080,0.048876959015615284
no_semantic_meta_llama_llama_4_scout_17b_16e_instruct,GA_ADAPTIVE,shipping_discount,no_discount,24,False,False,,inf,,0,8080,0.04689820797648281
no_semantic_meta_llama_llama_4_scout_17b_16e_instruct,GA_ADAPTIVE,shipping_discount,no_discount,25,False,False,,inf,,0,8080,0.04731362499296665
no_semantic_meta_llama_llama_4_scout_17b_16e_instruct,GA_ADAPTIVE,shipping_discount,no_discount,26,False,False,,inf,,0,8080,0.046792499953880906
no_semantic_meta_llama_llama_4_scout_17b_16e_instruct,GA_ADAPTIVE,shipping_discount,no_discount,27,False,False,,inf,,0,8080,0.04820229101460427
no_semantic_meta_llama_llama_4_scout_17b_16e_instruct,GA_ADAPTIVE,shipping_discount,no_discount,28,False,False,,inf,,0,8080,0.04705150006338954
no_semantic_meta_llama_llama_4_scout_17b_16e_instruct,GA_ADAPTIVE,shipping_discount,no_discount,29,False,False,,inf,,0,8080,0.046939290943555534
no_semantic_meta_llama_llama_4_scout_17b_16e_instruct,GA_ADAPTIVE,sign_type,positive,0,True,True,[387.7247992849776],0.0,positive,0,80,5.870801396667957e-05
no_semantic_meta_llama_llama_4_scout_17b_16e_instruct,GA_ADAPTIVE,sign_type,positive,1,True,True,[646.9893285349827],0.0,positive,0,80,3.970903344452381e-05
no_semantic_meta_llama_llama_4_scout_17b_16e_instruct,GA_ADAPTIVE,sign_type,positive,2,True,True,[528.3223143057236],0.0,positive,0,80,3.7375022657215595e-05
no_semantic_meta_llama_llama_4_scout_17b_16e_instruct,GA_ADAPTIVE,sign_type,positive,3,True,True,[985.692000043881],0.0,positive,0,80,3.895792178809643e-05
no_semantic_meta_llama_llama_4_scout_17b_16e_instruct,GA_ADAPTIVE,sign_type,positive,4,True,True,[454.68343212260834],0.0,positive,0,80,3.899994771927595e-05
no_semantic_meta_llama_llama_4_scout_17b_16e_instruct,GA_ADAPTIVE,sign_type,positive,5,True,True,[161.84737399945547],0.0,positive,0,80,3.8958038203418255e-05
no_semantic_meta_llama_llama_4_scout_17b_16e_instruct,GA_ADAPTIVE,sign_type,positive,6,True,True,[921.3064112350248],0.0,positive,0,80,3.966607619076967e-05
no_semantic_meta_llama_llama_4_scout_17b_16e_instruct,GA_ADAPTIVE,sign_type,positive,7,True,True,[681.8966453360811],0.0,positive,0,80,3.933301195502281e-05
no_semantic_meta_llama_llama_4_scout_17b_16e_instruct,GA_ADAPTIVE,sign_type,positive,8,True,True,[608.0833112875251],0.0,positive,0,80,3.954092971980572e-05
no_semantic_meta_llama_llama_4_scout_17b_16e_instruct,GA_ADAPTIVE,sign_type,positive,9,True,True,[313.26671503136816],0.0,positive,0,80,3.8958038203418255e-05
no_semantic_meta_llama_llama_4_scout_17b_16e_instruct,GA_ADAPTIVE,sign_type,positive,10,True,True,[416.7649380463677],0.0,positive,0,80,3.9624981582164764e-05
no_semantic_meta_llama_llama_4_scout_17b_16e_instruct,GA_ADAPTIVE,sign_type,positive,11,True,True,[640.5770476306619],0.0,positive,0,80,3.9624981582164764e-05
no_semantic_meta_llama_llama_4_scout_17b_16e_instruct,GA_ADAPTIVE,sign_type,positive,12,True,True,[60.99723680262847],0.0,positive,0,80,3.975001163780689e-05
no_semantic_meta_llama_llama_4_scout_17b_16e_instruct,GA_ADAPTIVE,sign_type,positive,13,True,True,[473.3742531923455],0.0,positive,0,80,3.9291917346417904e-05
no_semantic_meta_llama_llama_4_scout_17b_16e_instruct,GA_ADAPTIVE,sign_type,positive,14,True,True,[38.41703224034354],0.0,positive,0,80,3.929203376173973e-05
no_semantic_meta_llama_llama_4_scout_17b_16e_instruct,GA_ADAPTIVE,sign_type,positive,15,True,True,[609.6742432138786],0.0,positive,0,80,3.9458973333239555e-05
no_semantic_meta_llama_llama_4_scout_17b_16e_instruct,GA_ADAPTIVE,sign_type,positive,16,True,True,[732.6245548044176],0.0,positive,0,80,3.9541046135127544e-05
no_semantic_meta_llama_llama_4_scout_17b_16e_instruct,GA_ADAPTIVE,sign_type,positive,17,True,True,[875.4065385168867],0.0,positive,0,80,3.941694740206003e-05
no_semantic_meta_llama_llama_4_scout_17b_16e_instruct,GA_ADAPTIVE,sign_type,positive,18,True,True,[179.23794709786645],0.0,positive,0,80,3.908306825906038e-05
no_semantic_meta_llama_llama_4_scout_17b_16e_instruct,GA_ADAPTIVE,sign_type,positive,19,True,True,[950.6454815784423],0.0,positive,0,80,3.966700751334429e-05
no_semantic_meta_llama_llama_4_scout_17b_16e_instruct,GA_ADAPTIVE,sign_type,positive,20,True,True,[390.46902617811264],0.0,positive,0,80,3.9624981582164764e-05
no_semantic_meta_llama_llama_4_scout_17b_16e_instruct,GA_ADAPTIVE,sign_type,positive,21,True,True,[872.4803563941646],0.0,positive,0,80,3.9624981582164764e-05
no_semantic_meta_llama_llama_4_scout_17b_16e_instruct,GA_ADAPTIVE,sign_type,positive,22,True,True,[881.5070888262894],0.0,positive,0,80,3.945804201066494e-05
no_semantic_meta_llama_llama_4_scout_17b_16e_instruct,GA_ADAPTIVE,sign_type,positive,23,True,True,[941.4095284359728],0.0,positive,0,80,3.9375037886202335e-05
no_semantic_meta_llama_llama_4_scout_17b_16e_instruct,GA_ADAPTIVE,sign_type,positive,24,True,True,[729.6031713859021],0.0,positive,0,80,3.970798570662737e-05
no_semantic_meta_llama_llama_4_scout_17b_16e_instruct,GA_ADAPTIVE,sign_type,positive,25,True,True,[296.7958760774373],0.0,positive,0,80,4.024989902973175e-05
no_semantic_meta_llama_llama_4_scout_17b_16e_instruct,GA_ADAPTIVE,sign_type,positive,26,True,True,[395.83467245114747],0.0,positive,0,80,3.912497777491808e-05
no_semantic_meta_llama_llama_4_scout_17b_16e_instruct,GA_ADAPTIVE,sign_type,positive,27,True,True,[678.6942279471734],0.0,positive,0,80,3.699993249028921e-05
no_semantic_meta_llama_llama_4_scout_17b_16e_instruct,GA_ADAPTIVE,sign_type,positive,28,True,True,[666.4136932163459],0.0,positive,0,80,3.899994771927595e-05
no_semantic_meta_llama_llama_4_scout_17b_16e_instruct,GA_ADAPTIVE,sign_type,positive,29,True,True,[588.1076269819281],0.0,positive,0,80,3.945792559534311e-05
no_semantic_meta_llama_llama_4_scout_17b_16e_instruct,GA_ADAPTIVE,sign_type,negative,0,True,True,[0.0],0.0,negative,22,1840,0.006692082970403135
no_semantic_meta_llama_llama_4_scout_17b_16e_instruct,GA_ADAPTIVE,sign_type,negative,1,True,True,[0.0],0.0,negative,3,320,0.0009550409158691764
no_semantic_meta_llama_llama_4_scout_17b_16e_instruct,GA_ADAPTIVE,sign_type,negative,2,True,True,[0.0],0.0,negative,14,1200,0.004280583001673222
no_semantic_meta_llama_llama_4_scout_17b_16e_instruct,GA_ADAPTIVE,sign_type,negative,3,True,True,[0.0],0.0,negative,17,1440,0.005215333076193929
no_semantic_meta_llama_llama_4_scout_17b_16e_instruct,GA_ADAPTIVE,sign_type,negative,4,True,True,[0.0],0.0,negative,10,880,0.003033375018276274
no_semantic_meta_llama_llama_4_scout_17b_16e_instruct,GA_ADAPTIVE,sign_type,negative,5,True,True,[0.0],0.0,negative,10,880,0.003057416994124651
no_semantic_meta_llama_llama_4_scout_17b_16e_instruct,GA_ADAPTIVE,sign_type,negative,6,True,True,[0.0],0.0,negative,17,1440,0.0051477920496836305
no_semantic_meta_llama_llama_4_scout_17b_16e_instruct,GA_ADAPTIVE,sign_type,negative,7,True,True,[0.0],0.0,negative,17,1440,0.005202249973081052
no_semantic_meta_llama_llama_4_scout_17b_16e_instruct,GA_ADAPTIVE,sign_type,negative,8,True,True,[0.0],0.0,negative,17,1440,0.005160208907909691
no_semantic_meta_llama_llama_4_scout_17b_16e_instruct,GA_ADAPTIVE,sign_type,negative,9,True,True,[0.0],0.0,negative,21,1760,0.0063533749198541045
no_semantic_meta_llama_llama_4_scout_17b_16e_instruct,GA_ADAPTIVE,sign_type,negative,10,True,True,[0.0],0.0,negative,22,1840,0.006659167003817856
no_semantic_meta_llama_llama_4_scout_17b_16e_instruct,GA_ADAPTIVE,sign_type,negative,11,True,True,[0.0],0.0,negative,6,560,0.001844167010858655
no_semantic_meta_llama_llama_4_scout_17b_16e_instruct,GA_ADAPTIVE,sign_type,negative,12,True,True,[0.0],0.0,negative,5,480,0.0015399580588564277
no_semantic_meta_llama_llama_4_scout_17b_16e_instruct,GA_ADAPTIVE,sign_type,negative,13,True,True,[0.0],0.0,negative,5,480,0.0015503750182688236
no_semantic_meta_llama_llama_4_scout_17b_16e_instruct,GA_ADAPTIVE,sign_type,negative,14,True,True,[0.0],0.0,negative,25,2080,0.007602291996590793
no_semantic_meta_llama_llama_4_scout_17b_16e_instruct,GA_ADAPTIVE,sign_type,negative,15,True,True,[0.0],0.0,negative,13,1120,0.003982416004873812
no_semantic_meta_llama_llama_4_scout_17b_16e_instruct,GA_ADAPTIVE,sign_type,negative,16,True,True,[0.0],0.0,negative,31,2560,0.009503499954007566
no_semantic_meta_llama_llama_4_scout_17b_16e_instruct,GA_ADAPTIVE,sign_type,negative,17,True,True,[0.0],0.0,negative,16,1360,0.0049342920538038015
no_semantic_meta_llama_llama_4_scout_17b_16e_instruct,GA_ADAPTIVE,sign_type,negative,18,True,True,[0.0],0.0,negative,28,2320,0.008546291035600007
no_semantic_meta_llama_llama_4_scout_17b_16e_instruct,GA_ADAPTIVE,sign_type,negative,19,True,True,[0.0],0.0,negative,5,480,0.001573125016875565
no_semantic_meta_llama_llama_4_scout_17b_16e_instruct,GA_ADAPTIVE,sign_type,negative,20,True,True,[0.0],0.0,negative,37,3040,0.011272124946117401
no_semantic_meta_llama_llama_4_scout_17b_16e_instruct,GA_ADAPTIVE,sign_type,negative,21,True,True,[0.0],0.0,negative,2,240,0.0006580420304089785
no_semantic_meta_llama_llama_4_scout_17b_16e_instruct,GA_ADAPTIVE,sign_type,negative,22,True,True,[0.0],0.0,negative,3,320,0.0009574589785188437
no_semantic_meta_llama_llama_4_scout_17b_16e_instruct,GA_ADAPTIVE,sign_type,negative,23,True,True,[0.0],0.0,negative,2,240,0.0006389999762177467
no_semantic_meta_llama_llama_4_scout_17b_16e_instruct,GA_ADAPTIVE,sign_type,negative,24,True,True,[0.0],0.0,negative,11,960,0.00337033299729228
no_semantic_meta_llama_llama_4_scout_17b_16e_instruct,GA_ADAPTIVE,sign_type,negative,25,True,True,[0.0],0.0,negative,15,1280,0.004578624968416989
no_semantic_meta_llama_llama_4_scout_17b_16e_instruct,GA_ADAPTIVE,sign_type,negative,26,True,True,[0.0],0.0,negative,20,1680,0.006075041019357741
no_semantic_meta_llama_llama_4_scout_17b_16e_instruct,GA_ADAPTIVE,sign_type,negative,27,True,True,[0.0],0.0,negative,16,1360,0.004891332937404513
no_semantic_meta_llama_llama_4_scout_17b_16e_instruct,GA_ADAPTIVE,sign_type,negative,28,True,True,[0.0],0.0,negative,8,720,0.002453666995279491
no_semantic_meta_llama_llama_4_scout_17b_16e_instruct,GA_ADAPTIVE,sign_type,negative,29,True,True,[0.0],0.0,negative,8,720,0.0024716249899938703
no_semantic_meta_llama_llama_4_scout_17b_16e_instruct,GA_ADAPTIVE,sign_type,zero,0,True,True,[0.0],0.0,zero,9,800,0.0027927919290959835
no_semantic_meta_llama_llama_4_scout_17b_16e_instruct,GA_ADAPTIVE,sign_type,zero,1,True,True,[0.0],0.0,zero,19,1600,0.005865999963134527
no_semantic_meta_llama_llama_4_scout_17b_16e_instruct,GA_ADAPTIVE,sign_type,zero,2,True,True,[0.0],0.0,zero,11,960,0.0034592499723657966
no_semantic_meta_llama_llama_4_scout_17b_16e_instruct,GA_ADAPTIVE,sign_type,zero,3,True,True,[0.0],0.0,zero,8,720,0.002504791016690433
no_semantic_meta_llama_llama_4_scout_17b_16e_instruct,GA_ADAPTIVE,sign_type,zero,4,True,True,[0.0],0.0,zero,12,1040,0.0037336250534281135
no_semantic_meta_llama_llama_4_scout_17b_16e_instruct,GA_ADAPTIVE,sign_type,zero,5,True,True,[0.0],0.0,zero,18,1520,0.00559600000269711
no_semantic_meta_llama_llama_4_scout_17b_16e_instruct,GA_ADAPTIVE,sign_type,zero,6,True,True,[0.0],0.0,zero,23,1920,0.007162958034314215
no_semantic_meta_llama_llama_4_scout_17b_16e_instruct,GA_ADAPTIVE,sign_type,zero,7,True,True,[0.0],0.0,zero,8,720,0.002514417050406337
no_semantic_meta_llama_llama_4_scout_17b_16e_instruct,GA_ADAPTIVE,sign_type,zero,8,True,True,[0.0],0.0,zero,11,960,0.0034396660048514605
no_semantic_meta_llama_llama_4_scout_17b_16e_instruct,GA_ADAPTIVE,sign_type,zero,9,True,True,[0.0],0.0,zero,20,1680,0.006252707913517952
no_semantic_meta_llama_llama_4_scout_17b_16e_instruct,GA_ADAPTIVE,sign_type,zero,10,True,True,[0.0],0.0,zero,15,1280,0.00469937501475215
no_semantic_meta_llama_llama_4_scout_17b_16e_instruct,GA_ADAPTIVE,sign_type,zero,11,True,True,[0.0],0.0,zero,10,880,0.0031280829571187496
no_semantic_meta_llama_llama_4_scout_17b_16e_instruct,GA_ADAPTIVE,sign_type,zero,12,True,True,[0.0],0.0,zero,16,1360,0.004963292041793466
no_semantic_meta_llama_llama_4_scout_17b_16e_instruct,GA_ADAPTIVE,sign_type,zero,13,True,True,[0.0],0.0,zero,9,800,0.002853875048458576
no_semantic_meta_llama_llama_4_scout_17b_16e_instruct,GA_ADAPTIVE,sign_type,zero,14,True,True,[0.0],0.0,zero,8,720,0.0025134170427918434
no_semantic_meta_llama_llama_4_scout_17b_16e_instruct,GA_ADAPTIVE,sign_type,zero,15,True,True,[0.0],0.0,zero,40,3280,0.0124282919568941
no_semantic_meta_llama_llama_4_scout_17b_16e_instruct,GA_ADAPTIVE,sign_type,zero,16,True,True,[0.0],0.0,zero,30,2480,0.009385750046931207
no_semantic_meta_llama_llama_4_scout_17b_16e_instruct,GA_ADAPTIVE,sign_type,zero,17,True,True,[0.0],0.0,zero,19,1600,0.005812125047668815
no_semantic_meta_llama_llama_4_scout_17b_16e_instruct,GA_ADAPTIVE,sign_type,zero,18,True,True,[0.0],0.0,zero,22,1840,0.006836000015027821
no_semantic_meta_llama_llama_4_scout_17b_16e_instruct,GA_ADAPTIVE,sign_type,zero,19,True,True,[0.0],0.0,zero,2,240,0.0006555001018568873
no_semantic_meta_llama_llama_4_scout_17b_16e_instruct,GA_ADAPTIVE,sign_type,zero,20,True,True,[0.0],0.0,zero,14,1200,0.004292500088922679
no_semantic_meta_llama_llama_4_scout_17b_16e_instruct,GA_ADAPTIVE,sign_type,zero,21,True,True,[0.0],0.0,zero,4,400,0.0012565409997478127
no_semantic_meta_llama_llama_4_scout_17b_16e_instruct,GA_ADAPTIVE,sign_type,zero,22,True,True,[0.0],0.0,zero,52,4240,0.01599866698961705
no_semantic_meta_llama_llama_4_scout_17b_16e_instruct,GA_ADAPTIVE,sign_type,zero,23,True,True,[0.0],0.0,zero,39,3200,0.011971542029641569
no_semantic_meta_llama_llama_4_scout_17b_16e_instruct,GA_ADAPTIVE,sign_type,zero,24,True,True,[0.0],0.0,zero,26,2160,0.007973083993420005
no_semantic_meta_llama_llama_4_scout_17b_16e_instruct,GA_ADAPTIVE,sign_type,zero,25,True,True,[0.0],0.0,zero,8,720,0.0024789159651845694
no_semantic_meta_llama_llama_4_scout_17b_16e_instruct,GA_ADAPTIVE,sign_type,zero,26,True,True,[0.0],0.0,zero,20,1680,0.006193959037773311
no_semantic_meta_llama_llama_4_scout_17b_16e_instruct,GA_ADAPTIVE,sign_type,zero,27,True,True,[0.0],0.0,zero,14,1200,0.004355790908448398
no_semantic_meta_llama_llama_4_scout_17b_16e_instruct,GA_ADAPTIVE,sign_type,zero,28,True,True,[0.0],0.0,zero,6,560,0.0022869169479236007
no_semantic_meta_llama_llama_4_scout_17b_16e_instruct,GA_ADAPTIVE,sign_type,zero,29,True,True,[0.0],0.0,zero,10,880,0.0031508749816566706
no_semantic_meta_llama_llama_4_scout_17b_16e_instruct,GA_ADAPTIVE,string_category,empty,0,True,True,[''],0.0,empty,0,80,0.00020887504797428846
no_semantic_meta_llama_llama_4_scout_17b_16e_instruct,GA_ADAPTIVE,string_category,empty,1,True,True,[''],0.0,empty,0,80,0.00018704100511968136
no_semantic_meta_llama_llama_4_scout_17b_16e_instruct,GA_ADAPTIVE,string_category,empty,2,True,True,[''],0.0,empty,0,80,0.00017779192421585321
no_semantic_meta_llama_llama_4_scout_17b_16e_instruct,GA_ADAPTIVE,string_category,empty,3,True,True,[''],0.0,empty,0,80,0.00017329107504338026
no_semantic_meta_llama_llama_4_scout_17b_16e_instruct,GA_ADAPTIVE,string_category,empty,4,True,True,[''],0.0,empty,0,80,0.0001907499972730875
no_semantic_meta_llama_llama_4_scout_17b_16e_instruct,GA_ADAPTIVE,string_category,empty,5,True,True,[''],0.0,empty,0,80,0.00017079198732972145
no_semantic_meta_llama_llama_4_scout_17b_16e_instruct,GA_ADAPTIVE,string_category,empty,6,True,True,[''],0.0,empty,0,80,0.00018204201478511095
no_semantic_meta_llama_llama_4_scout_17b_16e_instruct,GA_ADAPTIVE,string_category,empty,7,True,True,[''],0.0,empty,0,80,0.00017333310097455978
no_semantic_meta_llama_llama_4_scout_17b_16e_instruct,GA_ADAPTIVE,string_category,empty,8,True,True,[''],0.0,empty,0,80,0.00017812498845160007
no_semantic_meta_llama_llama_4_scout_17b_16e_instruct,GA_ADAPTIVE,string_category,empty,9,True,True,[''],0.0,empty,0,80,0.00017920800019055605
no_semantic_meta_llama_llama_4_scout_17b_16e_instruct,GA_ADAPTIVE,string_category,empty,10,True,True,[''],0.0,empty,0,80,0.00017437501810491085
no_semantic_meta_llama_llama_4_scout_17b_16e_instruct,GA_ADAPTIVE,string_category,empty,11,True,True,[''],0.0,empty,0,80,0.00017049990128725767
no_semantic_meta_llama_llama_4_scout_17b_16e_instruct,GA_ADAPTIVE,string_category,empty,12,True,True,[''],0.0,empty,0,80,0.00017708295490592718
no_semantic_meta_llama_llama_4_scout_17b_16e_instruct,GA_ADAPTIVE,string_category,empty,13,True,True,[''],0.0,empty,0,80,0.00018295901827514172
no_semantic_meta_llama_llama_4_scout_17b_16e_instruct,GA_ADAPTIVE,string_category,empty,14,True,True,[''],0.0,empty,0,80,0.00017691694665700197
no_semantic_meta_llama_llama_4_scout_17b_16e_instruct,GA_ADAPTIVE,string_category,empty,15,True,True,[''],0.0,empty,0,80,0.00017833395395427942
no_semantic_meta_llama_llama_4_scout_17b_16e_instruct,GA_ADAPTIVE,string_category,empty,16,True,True,[''],0.0,empty,0,80,0.00017837504856288433
no_semantic_meta_llama_llama_4_scout_17b_16e_instruct,GA_ADAPTIVE,string_category,empty,17,True,True,[''],0.0,empty,0,80,0.00018179207108914852
no_semantic_meta_llama_llama_4_scout_17b_16e_instruct,GA_ADAPTIVE,string_category,empty,18,True,True,[''],0.0,empty,0,80,0.0001721670851111412
no_semantic_meta_llama_llama_4_scout_17b_16e_instruct,GA_ADAPTIVE,string_category,empty,19,True,True,[''],0.0,empty,0,80,0.00018158298917114735
no_semantic_meta_llama_llama_4_scout_17b_16e_instruct,GA_ADAPTIVE,string_category,empty,20,True,True,[''],0.0,empty,0,80,0.0001784579362720251
no_semantic_meta_llama_llama_4_scout_17b_16e_instruct,GA_ADAPTIVE,string_category,empty,21,True,True,[''],0.0,empty,0,80,0.00019041600171476603
no_semantic_meta_llama_llama_4_scout_17b_16e_instruct,GA_ADAPTIVE,string_category,empty,22,True,True,[''],0.0,empty,0,80,0.0001881670905277133
no_semantic_meta_llama_llama_4_scout_17b_16e_instruct,GA_ADAPTIVE,string_category,empty,23,True,True,[''],0.0,empty,0,80,0.0001694579841569066
no_semantic_meta_llama_llama_4_scout_17b_16e_instruct,GA_ADAPTIVE,string_category,empty,24,True,True,[''],0.0,empty,0,80,0.00018741597887128592
no_semantic_meta_llama_llama_4_scout_17b_16e_instruct,GA_ADAPTIVE,string_category,empty,25,True,True,[''],0.0,empty,0,80,0.00018883298616856337
no_semantic_meta_llama_llama_4_scout_17b_16e_instruct,GA_ADAPTIVE,string_category,empty,26,True,True,[''],0.0,empty,0,80,0.00020595802925527096
no_semantic_meta_llama_llama_4_scout_17b_16e_instruct,GA_ADAPTIVE,string_category,empty,27,True,True,[''],0.0,empty,0,80,0.00018345809075981379
no_semantic_meta_llama_llama_4_scout_17b_16e_instruct,GA_ADAPTIVE,string_category,empty,28,True,True,[''],0.0,empty,0,80,0.00018595904111862183
no_semantic_meta_llama_llama_4_scout_17b_16e_instruct,GA_ADAPTIVE,string_category,empty,29,True,True,[''],0.0,empty,0,80,0.00017554103396832943
no_semantic_meta_llama_llama_4_scout_17b_16e_instruct,GA_ADAPTIVE,string_category,long_palindrome,0,False,False,['ipj0NP'],1.0,,0,8080,0.03619654197245836
no_semantic_meta_llama_llama_4_scout_17b_16e_instruct,GA_ADAPTIVE,string_category,long_palindrome,1,False,False,['MHdym0VPM'],1.0,,0,8080,0.035838083014823496
no_semantic_meta_llama_llama_4_scout_17b_16e_instruct,GA_ADAPTIVE,string_category,long_palindrome,2,False,False,['sPY'],1.0,,0,8080,0.036753333057276905
no_semantic_meta_llama_llama_4_scout_17b_16e_instruct,GA_ADAPTIVE,string_category,long_palindrome,3,True,True,['0ySy0'],0.0,long_palindrome,12,1040,0.004260165966115892
no_semantic_meta_llama_llama_4_scout_17b_16e_instruct,GA_ADAPTIVE,string_category,long_palindrome,4,False,False,['Zaa9JEFb9DNaEnHJ'],1.0,,0,8080,0.03861212497577071
no_semantic_meta_llama_llama_4_scout_17b_16e_instruct,GA_ADAPTIVE,string_category,long_palindrome,5,False,False,['PhCFZAz6JQq7t9Hyc'],1.0,,0,8080,0.03799108404200524
no_semantic_meta_llama_llama_4_scout_17b_16e_instruct,GA_ADAPTIVE,string_category,long_palindrome,6,False,False,['VtX9MP'],1.0,,0,8080,0.04419166699517518
no_semantic_meta_llama_llama_4_scout_17b_16e_instruct,GA_ADAPTIVE,string_category,long_palindrome,7,True,True,['r4l4r'],0.0,long_palindrome,19,1600,0.006441958015784621
no_semantic_meta_llama_llama_4_scout_17b_16e_instruct,GA_ADAPTIVE,string_category,long_palindrome,8,False,False,['mUTn'],1.0,,0,8080,0.03766266698949039
no_semantic_meta_llama_llama_4_scout_17b_16e_instruct,GA_ADAPTIVE,string_category,long_palindrome,9,False,False,['ZFWJbbx2085i'],1.0,,0,8080,0.03640104096848518
no_semantic_meta_llama_llama_4_scout_17b_16e_instruct,GA_ADAPTIVE,string_category,long_palindrome,10,False,False,['nMyE15bA'],1.0,,0,8080,0.03633733303286135
no_semantic_meta_llama_llama_4_scout_17b_16e_instruct,GA_ADAPTIVE,string_category,long_palindrome,11,False,False,['Jy6XgU7DzWLKI'],1.0,,0,8080,0.03566399996634573
no_semantic_meta_llama_llama_4_scout_17b_16e_instruct,GA_ADAPTIVE,string_category,long_palindrome,12,False,False,['43ENw1AZru08yG'],1.0,,0,8080,0.03516737499739975
no_semantic_meta_llama_llama_4_scout_17b_16e_instruct,GA_ADAPTIVE,string_category,long_palindrome,13,False,False,['tCzVk2sLQPHdtH8olCU'],1.0,,0,8080,0.035764917032793164
no_semantic_meta_llama_llama_4_scout_17b_16e_instruct,GA_ADAPTIVE,string_category,long_palindrome,14,False,False,['GXwssCwfV'],1.0,,0,8080,0.03561124997213483
no_semantic_meta_llama_llama_4_scout_17b_16e_instruct,GA_ADAPTIVE,string_category,long_palindrome,15,False,False,['hWEqPZ'],1.0,,0,8080,0.0348196669947356
no_semantic_meta_llama_llama_4_scout_17b_16e_instruct,GA_ADAPTIVE,string_category,long_palindrome,16,False,False,['yUoUHDq7Pv3X3SiZOchd'],1.0,,0,8080,0.03509525000117719
no_semantic_meta_llama_llama_4_scout_17b_16e_instruct,GA_ADAPTIVE,string_category,long_palindrome,17,False,False,['l7MtbvLCrBOQhg6w1'],1.0,,0,8080,0.03514649998396635
no_semantic_meta_llama_llama_4_scout_17b_16e_instruct,GA_ADAPTIVE,string_category,long_palindrome,18,True,True,['j0X0j'],0.0,long_palindrome,62,5040,0.021565541974268854
no_semantic_meta_llama_llama_4_scout_17b_16e_instruct,GA_ADAPTIVE,string_category,long_palindrome,19,False,False,['8qncBP9Ujy'],1.0,,0,8080,0.03485225001350045
no_semantic_meta_llama_llama_4_scout_17b_16e_instruct,GA_ADAPTIVE,string_category,long_palindrome,20,False,False,['HIUsXF3vpEc3pHkNyhf'],1.0,,0,8080,0.03520004195161164
no_semantic_meta_llama_llama_4_scout_17b_16e_instruct,GA_ADAPTIVE,string_category,long_palindrome,21,False,False,['WhPD0JOaJrbR8f9S'],1.0,,0,8080,0.03527250001206994
no_semantic_meta_llama_llama_4_scout_17b_16e_instruct,GA_ADAPTIVE,string_category,long_palindrome,22,False,False,['Np1S6W70jcg8QI8WVHP4'],1.0,,0,8080,0.03506341692991555
no_semantic_meta_llama_llama_4_scout_17b_16e_instruct,GA_ADAPTIVE,string_category,long_palindrome,23,False,False,['tM2Q2iX3sMKQ8r'],1.0,,0,8080,0.034828417003154755
no_semantic_meta_llama_llama_4_scout_17b_16e_instruct,GA_ADAPTIVE,string_category,long_palindrome,24,False,False,['pbqL4vwdozAM'],1.0,,0,8080,0.034783000010065734
no_semantic_meta_llama_llama_4_scout_17b_16e_instruct,GA_ADAPTIVE,string_category,long_palindrome,25,False,False,['q7rIMQav3'],1.0,,0,8080,0.03469837503507733
no_semantic_meta_llama_llama_4_scout_17b_16e_instruct,GA_ADAPTIVE,string_category,long_palindrome,26,False,False,['bVh08jdBNK'],1.0,,0,8080,0.03488379193004221
no_semantic_meta_llama_llama_4_scout_17b_16e_instruct,GA_ADAPTIVE,string_category,long_palindrome,27,False,False,['sxxWm3fNkqe334OP'],1.0,,0,8080,0.034705166006460786
no_semantic_meta_llama_llama_4_scout_17b_16e_instruct,GA_ADAPTIVE,string_category,long_palindrome,28,False,False,['J4wsD3j5JxXzBL76pyi'],1.0,,0,8080,0.03488208295311779
no_semantic_meta_llama_llama_4_scout_17b_16e_instruct,GA_ADAPTIVE,string_category,long_palindrome,29,False,False,['t6MeoLEv3Oj0JRW4'],1.0,,0,8080,0.03509054193273187
no_semantic_meta_llama_llama_4_scout_17b_16e_instruct,GA_ADAPTIVE,string_category,short_palindrome,0,True,True,['j'],0.0,short_palindrome,0,80,0.00020762498024851084
no_semantic_meta_llama_llama_4_scout_17b_16e_instruct,GA_ADAPTIVE,string_category,short_palindrome,1,True,True,['i'],0.0,short_palindrome,0,80,0.0001919169444590807
no_semantic_meta_llama_llama_4_scout_17b_16e_instruct,GA_ADAPTIVE,string_category,short_palindrome,2,True,True,['s'],0.0,short_palindrome,0,80,0.00019149994477629662
no_semantic_meta_llama_llama_4_scout_17b_16e_instruct,GA_ADAPTIVE,string_category,short_palindrome,3,True,True,['v'],0.0,short_palindrome,0,80,0.00018229195848107338
no_semantic_meta_llama_llama_4_scout_17b_16e_instruct,GA_ADAPTIVE,string_category,short_palindrome,4,True,True,['u'],0.0,short_palindrome,0,80,0.00018908409401774406
no_semantic_meta_llama_llama_4_scout_17b_16e_instruct,GA_ADAPTIVE,string_category,short_palindrome,5,True,True,['S'],0.0,short_palindrome,0,80,0.00018366589210927486
no_semantic_meta_llama_llama_4_scout_17b_16e_instruct,GA_ADAPTIVE,string_category,short_palindrome,6,True,True,['R'],0.0,short_palindrome,0,80,0.00019508297555148602
no_semantic_meta_llama_llama_4_scout_17b_16e_instruct,GA_ADAPTIVE,string_category,short_palindrome,7,True,True,['h'],0.0,short_palindrome,0,80,0.0001895000459626317
no_semantic_meta_llama_llama_4_scout_17b_16e_instruct,GA_ADAPTIVE,string_category,short_palindrome,8,True,True,['p'],0.0,short_palindrome,0,80,0.00019158306531608105
no_semantic_meta_llama_llama_4_scout_17b_16e_instruct,GA_ADAPTIVE,string_category,short_palindrome,9,True,True,['4'],0.0,short_palindrome,0,80,0.00018079194705933332
no_semantic_meta_llama_llama_4_scout_17b_16e_instruct,GA_ADAPTIVE,string_category,short_palindrome,10,True,True,['9'],0.0,short_palindrome,0,80,0.0001869590487331152
no_semantic_meta_llama_llama_4_scout_17b_16e_instruct,GA_ADAPTIVE,string_category,short_palindrome,11,True,True,['J'],0.0,short_palindrome,0,80,0.0001885410165414214
no_semantic_meta_llama_llama_4_scout_17b_16e_instruct,GA_ADAPTIVE,string_category,short_palindrome,12,True,True,['h'],0.0,short_palindrome,0,80,0.00018462492153048515
no_semantic_meta_llama_llama_4_scout_17b_16e_instruct,GA_ADAPTIVE,string_category,short_palindrome,13,True,True,['q'],0.0,short_palindrome,0,80,0.00019391695968806744
no_semantic_meta_llama_llama_4_scout_17b_16e_instruct,GA_ADAPTIVE,string_category,short_palindrome,14,True,True,['W'],0.0,short_palindrome,0,80,0.00018550001550465822
no_semantic_meta_llama_llama_4_scout_17b_16e_instruct,GA_ADAPTIVE,string_category,short_palindrome,15,True,True,['x'],0.0,short_palindrome,0,80,0.0001948750577867031
no_semantic_meta_llama_llama_4_scout_17b_16e_instruct,GA_ADAPTIVE,string_category,short_palindrome,16,True,True,['H'],0.0,short_palindrome,0,80,0.00017854105681180954
no_semantic_meta_llama_llama_4_scout_17b_16e_instruct,GA_ADAPTIVE,string_category,short_palindrome,17,True,True,['l'],0.0,short_palindrome,0,80,0.00018779200036078691
no_semantic_meta_llama_llama_4_scout_17b_16e_instruct,GA_ADAPTIVE,string_category,short_palindrome,18,True,True,['u'],0.0,short_palindrome,0,80,0.000183790922164917
no_semantic_meta_llama_llama_4_scout_17b_16e_instruct,GA_ADAPTIVE,string_category,short_palindrome,19,True,True,['5'],0.0,short_palindrome,0,80,0.0001913330052047968
no_semantic_meta_llama_llama_4_scout_17b_16e_instruct,GA_ADAPTIVE,string_category,short_palindrome,20,True,True,['P'],0.0,short_palindrome,0,80,0.0001780421007424593
no_semantic_meta_llama_llama_4_scout_17b_16e_instruct,GA_ADAPTIVE,string_category,short_palindrome,21,True,True,['Y'],0.0,short_palindrome,0,80,0.0001906669931486249
no_semantic_meta_llama_llama_4_scout_17b_16e_instruct,GA_ADAPTIVE,string_category,short_palindrome,22,True,True,['G'],0.0,short_palindrome,0,80,0.00019149994477629662
no_semantic_meta_llama_llama_4_scout_17b_16e_instruct,GA_ADAPTIVE,string_category,short_palindrome,23,True,True,['pp'],0.0,short_palindrome,2,240,0.0008496249793097377
no_semantic_meta_llama_llama_4_scout_17b_16e_instruct,GA_ADAPTIVE,string_category,short_palindrome,24,True,True,['n1n'],0.0,short_palindrome,0,80,0.00018662505317479372
no_semantic_meta_llama_llama_4_scout_17b_16e_instruct,GA_ADAPTIVE,string_category,short_palindrome,25,True,True,['h'],0.0,short_palindrome,0,80,0.00017500005196779966
no_semantic_meta_llama_llama_4_scout_17b_16e_instruct,GA_ADAPTIVE,string_category,short_palindrome,26,True,True,['3'],0.0,short_palindrome,0,80,0.00018095900304615498
no_semantic_meta_llama_llama_4_scout_17b_16e_instruct,GA_ADAPTIVE,string_category,short_palindrome,27,True,True,['B'],0.0,short_palindrome,0,80,0.0001865830272436142
no_semantic_meta_llama_llama_4_scout_17b_16e_instruct,GA_ADAPTIVE,string_category,short_palindrome,28,True,True,['t'],0.0,short_palindrome,0,80,0.00018670898862183094
no_semantic_meta_llama_llama_4_scout_17b_16e_instruct,GA_ADAPTIVE,string_category,short_palindrome,29,True,True,['u'],0.0,short_palindrome,0,80,0.00019591592717915773
no_semantic_meta_llama_llama_4_scout_17b_16e_instruct,GA_ADAPTIVE,string_category,long_non_palindrome,0,True,True,['cOLueqUAzjzl1UvnpKxr'],0.0,long_non_palindrome,0,80,0.00017950008623301983
no_semantic_meta_llama_llama_4_scout_17b_16e_instruct,GA_ADAPTIVE,string_category,long_non_palindrome,1,True,True,['KYg1XnwJFErjA55lQsL'],0.0,long_non_palindrome,0,80,0.0001902079675346613
no_semantic_meta_llama_llama_4_scout_17b_16e_instruct,GA_ADAPTIVE,string_category,long_non_palindrome,2,True,True,['iqB5TvrYyv'],0.0,long_non_palindrome,0,80,0.00017304194625467062
no_semantic_meta_llama_llama_4_scout_17b_16e_instruct,GA_ADAPTIVE,string_category,long_non_palindrome,3,True,True,['MmVY2Sy'],0.0,long_non_palindrome,0,80,0.00018308404833078384
no_semantic_meta_llama_llama_4_scout_17b_16e_instruct,GA_ADAPTIVE,string_category,long_non_palindrome,4,True,True,['SDUd6d9fB4XTor9TpFK'],0.0,long_non_palindrome,0,80,0.0001793750561773777
no_semantic_meta_llama_llama_4_scout_17b_16e_instruct,GA_ADAPTIVE,string_category,long_non_palindrome,5,True,True,['YSipKuzfmn'],0.0,long_non_palindrome,0,80,0.00018233293667435646
no_semantic_meta_llama_llama_4_scout_17b_16e_instruct,GA_ADAPTIVE,string_category,long_non_palindrome,6,True,True,['MDWLHZSM'],0.0,long_non_palindrome,0,80,0.00018129206728190184
no_semantic_meta_llama_llama_4_scout_17b_16e_instruct,GA_ADAPTIVE,string_category,long_non_palindrome,7,True,True,['fgr9WHYZGO'],0.0,long_non_palindrome,0,80,0.0001784579362720251
no_semantic_meta_llama_llama_4_scout_17b_16e_instruct,GA_ADAPTIVE,string_category,long_non_palindrome,8,True,True,['1I8jFeiFYvnRF'],0.0,long_non_palindrome,0,80,0.0001753329997882247
no_semantic_meta_llama_llama_4_scout_17b_16e_instruct,GA_ADAPTIVE,string_category,long_non_palindrome,9,True,True,['zK4Gnwfq'],0.0,long_non_palindrome,0,80,0.00017150002531707287
no_semantic_meta_llama_llama_4_scout_17b_16e_instruct,GA_ADAPTIVE,string_category,long_non_palindrome,10,True,True,['2k0uzZd'],0.0,long_non_palindrome,0,80,0.00017862499225884676
no_semantic_meta_llama_llama_4_scout_17b_16e_instruct,GA_ADAPTIVE,string_category,long_non_palindrome,11,True,True,['r2ZUwqzDghIaD'],0.0,long_non_palindrome,0,80,0.00016908301040530205
no_semantic_meta_llama_llama_4_scout_17b_16e_instruct,GA_ADAPTIVE,string_category,long_non_palindrome,12,True,True,['CN3O5q8ciF96qmy0O'],0.0,long_non_palindrome,0,80,0.00017737504094839096
no_semantic_meta_llama_llama_4_scout_17b_16e_instruct,GA_ADAPTIVE,string_category,long_non_palindrome,13,True,True,['UhD7VHbmP5Hrc7'],0.0,long_non_palindrome,0,80,0.0001824579667299986
no_semantic_meta_llama_llama_4_scout_17b_16e_instruct,GA_ADAPTIVE,string_category,long_non_palindrome,14,True,True,['meqNmy75WYpUrX8SsCb'],0.0,long_non_palindrome,0,80,0.0001801669131964445
no_semantic_meta_llama_llama_4_scout_17b_16e_instruct,GA_ADAPTIVE,string_category,long_non_palindrome,15,True,True,['hVSbgRUmoI2IZYD'],0.0,long_non_palindrome,0,80,0.00017058406956493855
no_semantic_meta_llama_llama_4_scout_17b_16e_instruct,GA_ADAPTIVE,string_category,long_non_palindrome,16,True,True,['SqbdK2IHwppV4Q2'],0.0,long_non_palindrome,0,80,0.00019466702360659838
no_semantic_meta_llama_llama_4_scout_17b_16e_instruct,GA_ADAPTIVE,string_category,long_non_palindrome,17,True,True,['QERuWWRmmCSden9'],0.0,long_non_palindrome,0,80,0.00018179090693593025
no_semantic_meta_llama_llama_4_scout_17b_16e_instruct,GA_ADAPTIVE,string_category,long_non_palindrome,18,True,True,['GVh6eQPMBXqvmh4WrhH'],0.0,long_non_palindrome,0,80,0.00018191710114479065
no_semantic_meta_llama_llama_4_scout_17b_16e_instruct,GA_ADAPTIVE,string_category,long_non_palindrome,19,True,True,['0J7KSpqOMp3DI'],0.0,long_non_palindrome,0,80,0.00018695800099521875
no_semantic_meta_llama_llama_4_scout_17b_16e_instruct,GA_ADAPTIVE,string_category,long_non_palindrome,20,True,True,['og4UJVQGkmckmv'],0.0,long_non_palindrome,0,80,0.00017808296252042055
no_semantic_meta_llama_llama_4_scout_17b_16e_instruct,GA_ADAPTIVE,string_category,long_non_palindrome,21,True,True,['MIn7WlaqXy1j8U8X'],0.0,long_non_palindrome,0,80,0.00017541693523526192
no_semantic_meta_llama_llama_4_scout_17b_16e_instruct,GA_ADAPTIVE,string_category,long_non_palindrome,22,True,True,['Kwgsyl'],0.0,long_non_palindrome,0,80,0.000169374980032444
no_semantic_meta_llama_llama_4_scout_17b_16e_instruct,GA_ADAPTIVE,string_category,long_non_palindrome,23,True,True,['MKrmEp9IBNP'],0.0,long_non_palindrome,0,80,0.0001849159598350525
no_semantic_meta_llama_llama_4_scout_17b_16e_instruct,GA_ADAPTIVE,string_category,long_non_palindrome,24,True,True,['XXLFF0p0L4'],0.0,long_non_palindrome,0,80,0.00018124992493540049
no_semantic_meta_llama_llama_4_scout_17b_16e_instruct,GA_ADAPTIVE,string_category,long_non_palindrome,25,True,True,['qAzk9OPZYiNemafX'],0.0,long_non_palindrome,0,80,0.00018099998123943806
no_semantic_meta_llama_llama_4_scout_17b_16e_instruct,GA_ADAPTIVE,string_category,long_non_palindrome,26,True,True,['Mq9IhpuCIYNzQ'],0.0,long_non_palindrome,0,80,0.00017125008162111044
no_semantic_meta_llama_llama_4_scout_17b_16e_instruct,GA_ADAPTIVE,string_category,long_non_palindrome,27,True,True,['PD15y2D3'],0.0,long_non_palindrome,0,80,0.00018400000408291817
no_semantic_meta_llama_llama_4_scout_17b_16e_instruct,GA_ADAPTIVE,string_category,long_non_palindrome,28,True,True,['5u6JitFDc36p'],0.0,long_non_palindrome,0,80,0.0001764580374583602
no_semantic_meta_llama_llama_4_scout_17b_16e_instruct,GA_ADAPTIVE,string_category,long_non_palindrome,29,True,True,['8V1IbNCuJb74lY'],0.0,long_non_palindrome,0,80,0.00018116598948836327
no_semantic_meta_llama_llama_4_scout_17b_16e_instruct,GA_ADAPTIVE,string_category,other,0,True,True,['sBmiU'],0.0,other,0,80,0.00019808392971754074
no_semantic_meta_llama_llama_4_scout_17b_16e_instruct,GA_ADAPTIVE,string_category,other,1,True,True,['uLqA'],0.0,other,0,80,0.00019508402328938246
no_semantic_meta_llama_llama_4_scout_17b_16e_instruct,GA_ADAPTIVE,string_category,other,2,True,True,['ZbvfH'],0.0,other,0,80,0.0001835830044001341
no_semantic_meta_llama_llama_4_scout_17b_16e_instruct,GA_ADAPTIVE,string_category,other,3,True,True,['MaozD'],0.0,other,0,80,0.000177083071321249
no_semantic_meta_llama_llama_4_scout_17b_16e_instruct,GA_ADAPTIVE,string_category,other,4,True,True,['sPex'],0.0,other,0,80,0.0001877499744296074
no_semantic_meta_llama_llama_4_scout_17b_16e_instruct,GA_ADAPTIVE,string_category,other,5,True,True,['8hpCr'],0.0,other,0,80,0.00020725000649690628
no_semantic_meta_llama_llama_4_scout_17b_16e_instruct,GA_ADAPTIVE,string_category,other,6,True,True,['h9y'],0.0,other,0,80,0.0001829580869525671
no_semantic_meta_llama_llama_4_scout_17b_16e_instruct,GA_ADAPTIVE,string_category,other,7,True,True,['0m'],0.0,other,0,80,0.0002002499531954527
no_semantic_meta_llama_llama_4_scout_17b_16e_instruct,GA_ADAPTIVE,string_category,other,8,True,True,['iVER6'],0.0,other,0,80,0.00018020800780504942
no_semantic_meta_llama_llama_4_scout_17b_16e_instruct,GA_ADAPTIVE,string_category,other,9,True,True,['GrZ5z'],0.0,other,0,80,0.00018937501590698957
no_semantic_meta_llama_llama_4_scout_17b_16e_instruct,GA_ADAPTIVE,string_category,other,10,True,True,['5pSBh'],0.0,other,0,80,0.00019162497483193874
no_semantic_meta_llama_llama_4_scout_17b_16e_instruct,GA_ADAPTIVE,string_category,other,11,True,True,['NUb'],0.0,other,0,80,0.00019829196389764547
no_semantic_meta_llama_llama_4_scout_17b_16e_instruct,GA_ADAPTIVE,string_category,other,12,True,True,['jOK'],0.0,other,0,80,0.00019804202020168304
no_semantic_meta_llama_llama_4_scout_17b_16e_instruct,GA_ADAPTIVE,string_category,other,13,True,True,['pvm'],0.0,other,0,80,0.00018445902969688177
no_semantic_meta_llama_llama_4_scout_17b_16e_instruct,GA_ADAPTIVE,string_category,other,14,True,True,['uef'],0.0,other,0,80,0.00019012507982552052
no_semantic_meta_llama_llama_4_scout_17b_16e_instruct,GA_ADAPTIVE,string_category,other,15,True,True,['fn7'],0.0,other,0,80,0.00018700002692639828
no_semantic_meta_llama_llama_4_scout_17b_16e_instruct,GA_ADAPTIVE,string_category,other,16,True,True,['50'],0.0,other,0,80,0.00018604204524308443
no_semantic_meta_llama_llama_4_scout_17b_16e_instruct,GA_ADAPTIVE,string_category,other,17,True,True,['wW'],0.0,other,0,80,0.00018733309116214514
no_semantic_meta_llama_llama_4_scout_17b_16e_instruct,GA_ADAPTIVE,string_category,other,18,True,True,['jby'],0.0,other,0,80,0.00018358405213803053
no_semantic_meta_llama_llama_4_scout_17b_16e_instruct,GA_ADAPTIVE,string_category,other,19,True,True,['mYLx'],0.0,other,0,80,0.0001914160093292594
no_semantic_meta_llama_llama_4_scout_17b_16e_instruct,GA_ADAPTIVE,string_category,other,20,True,True,['nSb'],0.0,other,0,80,0.00018720794469118118
no_semantic_meta_llama_llama_4_scout_17b_16e_instruct,GA_ADAPTIVE,string_category,other,21,True,True,['mjSa'],0.0,other,0,80,0.00018804206047207117
no_semantic_meta_llama_llama_4_scout_17b_16e_instruct,GA_ADAPTIVE,string_category,other,22,True,True,['19AT'],0.0,other,0,80,0.0001824579667299986
no_semantic_meta_llama_llama_4_scout_17b_16e_instruct,GA_ADAPTIVE,string_category,other,23,True,True,['ZJIG'],0.0,other,0,80,0.00019004195928573608
no_semantic_meta_llama_llama_4_scout_17b_16e_instruct,GA_ADAPTIVE,string_category,other,24,True,True,['kW'],0.0,other,0,80,0.00018566695507615805
no_semantic_meta_llama_llama_4_scout_17b_16e_instruct,GA_ADAPTIVE,string_category,other,25,True,True,['rZxa'],0.0,other,0,80,0.00019212497863918543
no_semantic_meta_llama_llama_4_scout_17b_16e_instruct,GA_ADAPTIVE,string_category,other,26,True,True,['4FFx'],0.0,other,0,80,0.00019541708752512932
no_semantic_meta_llama_llama_4_scout_17b_16e_instruct,GA_ADAPTIVE,string_category,other,27,True,True,['EI'],0.0,other,0,80,0.00019299995619803667
no_semantic_meta_llama_llama_4_scout_17b_16e_instruct,GA_ADAPTIVE,string_category,other,28,True,True,['6K'],0.0,other,0,80,0.00019508297555148602
no_semantic_meta_llama_llama_4_scout_17b_16e_instruct,GA_ADAPTIVE,string_category,other,29,True,True,['QR'],0.0,other,0,80,0.00018383294809609652
no_semantic_meta_llama_llama_4_scout_17b_16e_instruct,GA_ADAPTIVE,transaction_pattern,empty,0,True,True,[[]],0.0,empty,0,80,0.00017958309035748243
no_semantic_meta_llama_llama_4_scout_17b_16e_instruct,GA_ADAPTIVE,transaction_pattern,empty,1,True,True,[[]],0.0,empty,0,80,0.00016120902728289366
no_semantic_meta_llama_llama_4_scout_17b_16e_instruct,GA_ADAPTIVE,transaction_pattern,empty,2,True,True,[[]],0.0,empty,0,80,0.00015533401165157557
no_semantic_meta_llama_llama_4_scout_17b_16e_instruct,GA_ADAPTIVE,transaction_pattern,empty,3,True,True,[[]],0.0,empty,0,80,0.0001492080045863986
no_semantic_meta_llama_llama_4_scout_17b_16e_instruct,GA_ADAPTIVE,transaction_pattern,empty,4,True,True,[[]],0.0,empty,0,80,0.0001522080274298787
no_semantic_meta_llama_llama_4_scout_17b_16e_instruct,GA_ADAPTIVE,transaction_pattern,empty,5,True,True,[[]],0.0,empty,0,80,0.0001663330476731062
no_semantic_meta_llama_llama_4_scout_17b_16e_instruct,GA_ADAPTIVE,transaction_pattern,empty,6,True,True,[[]],0.0,empty,0,80,0.00014933408237993717
no_semantic_meta_llama_llama_4_scout_17b_16e_instruct,GA_ADAPTIVE,transaction_pattern,empty,7,True,True,[[]],0.0,empty,0,80,0.00015583389904350042
no_semantic_meta_llama_llama_4_scout_17b_16e_instruct,GA_ADAPTIVE,transaction_pattern,empty,8,True,True,[[]],0.0,empty,0,80,0.00014562509022653103
no_semantic_meta_llama_llama_4_scout_17b_16e_instruct,GA_ADAPTIVE,transaction_pattern,empty,9,True,True,[[]],0.0,empty,0,80,0.0001622909912839532
no_semantic_meta_llama_llama_4_scout_17b_16e_instruct,GA_ADAPTIVE,transaction_pattern,empty,10,True,True,[[]],0.0,empty,0,80,0.00015058298595249653
no_semantic_meta_llama_llama_4_scout_17b_16e_instruct,GA_ADAPTIVE,transaction_pattern,empty,11,True,True,[[]],0.0,empty,0,80,0.0001551249297335744
no_semantic_meta_llama_llama_4_scout_17b_16e_instruct,GA_ADAPTIVE,transaction_pattern,empty,12,True,True,[[]],0.0,empty,0,80,0.00014891603495925665
no_semantic_meta_llama_llama_4_scout_17b_16e_instruct,GA_ADAPTIVE,transaction_pattern,empty,13,True,True,[[]],0.0,empty,0,80,0.00015899993013590574
no_semantic_meta_llama_llama_4_scout_17b_16e_instruct,GA_ADAPTIVE,transaction_pattern,empty,14,True,True,[[]],0.0,empty,0,80,0.0001502500381320715
no_semantic_meta_llama_llama_4_scout_17b_16e_instruct,GA_ADAPTIVE,transaction_pattern,empty,15,True,True,[[]],0.0,empty,0,80,0.0001502500381320715
no_semantic_meta_llama_llama_4_scout_17b_16e_instruct,GA_ADAPTIVE,transaction_pattern,empty,16,True,True,[[]],0.0,empty,0,80,0.00015729200094938278
no_semantic_meta_llama_llama_4_scout_17b_16e_instruct,GA_ADAPTIVE,transaction_pattern,empty,17,True,True,[[]],0.0,empty,0,80,0.00015966594219207764
no_semantic_meta_llama_llama_4_scout_17b_16e_instruct,GA_ADAPTIVE,transaction_pattern,empty,18,True,True,[[]],0.0,empty,0,80,0.00015241699293255806
no_semantic_meta_llama_llama_4_scout_17b_16e_instruct,GA_ADAPTIVE,transaction_pattern,empty,19,True,True,[[]],0.0,empty,0,80,0.00014962488785386086
no_semantic_meta_llama_llama_4_scout_17b_16e_instruct,GA_ADAPTIVE,transaction_pattern,empty,20,True,True,[[]],0.0,empty,0,80,0.00014754198491573334
no_semantic_meta_llama_llama_4_scout_17b_16e_instruct,GA_ADAPTIVE,transaction_pattern,empty,21,True,True,[[]],0.0,empty,0,80,0.00015049998182803392
no_semantic_meta_llama_llama_4_scout_17b_16e_instruct,GA_ADAPTIVE,transaction_pattern,empty,22,True,True,[[]],0.0,empty,0,80,0.00014887494035065174
no_semantic_meta_llama_llama_4_scout_17b_16e_instruct,GA_ADAPTIVE,transaction_pattern,empty,23,True,True,[[]],0.0,empty,0,80,0.00015004200395196676
no_semantic_meta_llama_llama_4_scout_17b_16e_instruct,GA_ADAPTIVE,transaction_pattern,empty,24,True,True,[[]],0.0,empty,0,80,0.00015916710253804922
no_semantic_meta_llama_llama_4_scout_17b_16e_instruct,GA_ADAPTIVE,transaction_pattern,empty,25,True,True,[[]],0.0,empty,0,80,0.00014991697389632463
no_semantic_meta_llama_llama_4_scout_17b_16e_instruct,GA_ADAPTIVE,transaction_pattern,empty,26,True,True,[[]],0.0,empty,0,80,0.00014770892448723316
no_semantic_meta_llama_llama_4_scout_17b_16e_instruct,GA_ADAPTIVE,transaction_pattern,empty,27,True,True,[[]],0.0,empty,0,80,0.00014887505676597357
no_semantic_meta_llama_llama_4_scout_17b_16e_instruct,GA_ADAPTIVE,transaction_pattern,empty,28,True,True,[[]],0.0,empty,0,80,0.00014966691378504038
no_semantic_meta_llama_llama_4_scout_17b_16e_instruct,GA_ADAPTIVE,transaction_pattern,empty,29,True,True,[[]],0.0,empty,0,80,0.00015654193703085184
no_semantic_meta_llama_llama_4_scout_17b_16e_instruct,GA_ADAPTIVE,transaction_pattern,contains_zero,0,True,True,"[[-33, -69, -98, 0]]",0.0,contains_zero,0,80,0.00014416594058275223
no_semantic_meta_llama_llama_4_scout_17b_16e_instruct,GA_ADAPTIVE,transaction_pattern,contains_zero,1,True,True,"[[-45, 63, 52, 0]]",0.0,contains_zero,2,240,0.0010518749477341771
no_semantic_meta_llama_llama_4_scout_17b_16e_instruct,GA_ADAPTIVE,transaction_pattern,contains_zero,2,True,True,"[[22, -58, 44, -17, 92, 0]]",0.0,contains_zero,9,800,0.0044376669684425
no_semantic_meta_llama_llama_4_scout_17b_16e_instruct,GA_ADAPTIVE,transaction_pattern,contains_zero,3,True,True,"[[0, -57, 65, 60, 40, 98]]",0.0,contains_zero,0,80,0.00016762502491474152
no_semantic_meta_llama_llama_4_scout_17b_16e_instruct,GA_ADAPTIVE,transaction_pattern,contains_zero,4,True,True,"[[67, 79, 94, 0]]",0.0,contains_zero,10,880,0.004593917052261531
no_semantic_meta_llama_llama_4_scout_17b_16e_instruct,GA_ADAPTIVE,transaction_pattern,contains_zero,5,True,True,"[[-51, 21, -7, -4, 0]]",0.0,contains_zero,31,2560,0.014816791983321309
no_semantic_meta_llama_llama_4_scout_17b_16e_instruct,GA_ADAPTIVE,transaction_pattern,contains_zero,6,True,True,[[0]],0.0,contains_zero,15,1280,0.006594624952413142
no_semantic_meta_llama_llama_4_scout_17b_16e_instruct,GA_ADAPTIVE,transaction_pattern,contains_zero,7,True,True,"[[-85, 0, 65, 70, 91, 81]]",0.0,contains_zero,0,80,0.00016429193783551455
no_semantic_meta_llama_llama_4_scout_17b_16e_instruct,GA_ADAPTIVE,transaction_pattern,contains_zero,8,True,True,"[[-50, -88, 0]]",0.0,contains_zero,18,1520,0.008438457967713475
no_semantic_meta_llama_llama_4_scout_17b_16e_instruct,GA_ADAPTIVE,transaction_pattern,contains_zero,9,True,True,"[[-93, 0, -26, 21]]",0.0,contains_zero,0,80,0.00015479198191314936
no_semantic_meta_llama_llama_4_scout_17b_16e_instruct,GA_ADAPTIVE,transaction_pattern,contains_zero,10,True,True,"[[86, -9, 13, -77, -70, 0]]",0.0,contains_zero,12,1040,0.005741916014812887
no_semantic_meta_llama_llama_4_scout_17b_16e_instruct,GA_ADAPTIVE,transaction_pattern,contains_zero,11,True,True,"[[-61, -1, 31, -89, 0]]",0.0,contains_zero,0,80,0.00016279099509119987
no_semantic_meta_llama_llama_4_scout_17b_16e_instruct,GA_ADAPTIVE,transaction_pattern,contains_zero,12,True,True,"[[-49, -86, -45, -5, 0, 96]]",0.0,contains_zero,0,80,0.00015533401165157557
no_semantic_meta_llama_llama_4_scout_17b_16e_instruct,GA_ADAPTIVE,transaction_pattern,contains_zero,13,True,True,"[[-28, 0]]",0.0,contains_zero,25,2080,0.011439583031460643
no_semantic_meta_llama_llama_4_scout_17b_16e_instruct,GA_ADAPTIVE,transaction_pattern,contains_zero,14,True,True,"[[55, 24, 0, 44]]",0.0,contains_zero,0,80,0.0001591669861227274
no_semantic_meta_llama_llama_4_scout_17b_16e_instruct,GA_ADAPTIVE,transaction_pattern,contains_zero,15,True,True,"[[0, 54, -50, 66]]",0.0,contains_zero,0,80,0.00015391595661640167
no_semantic_meta_llama_llama_4_scout_17b_16e_instruct,GA_ADAPTIVE,transaction_pattern,contains_zero,16,True,True,"[[0, -6, 61]]",0.0,contains_zero,0,80,0.00015516695566475391
no_semantic_meta_llama_llama_4_scout_17b_16e_instruct,GA_ADAPTIVE,transaction_pattern,contains_zero,17,True,True,"[[37, -27, 82, 0]]",0.0,contains_zero,0,80,0.0001605410361662507
no_semantic_meta_llama_llama_4_scout_17b_16e_instruct,GA_ADAPTIVE,transaction_pattern,contains_zero,18,True,True,"[[0, 99, -75, 25, -29]]",0.0,contains_zero,0,80,0.0001597920199856162
no_semantic_meta_llama_llama_4_scout_17b_16e_instruct,GA_ADAPTIVE,transaction_pattern,contains_zero,19,True,True,"[[7, -19, 0]]",0.0,contains_zero,18,1520,0.00864316604565829
no_semantic_meta_llama_llama_4_scout_17b_16e_instruct,GA_ADAPTIVE,transaction_pattern,contains_zero,20,True,True,"[[-72, 92, 61, -50, 0, -75]]",0.0,contains_zero,0,80,0.0001605829456821084
no_semantic_meta_llama_llama_4_scout_17b_16e_instruct,GA_ADAPTIVE,transaction_pattern,contains_zero,21,True,True,"[[-89, -81, 6, 0, 20, 58]]",0.0,contains_zero,0,80,0.00015937502030283213
no_semantic_meta_llama_llama_4_scout_17b_16e_instruct,GA_ADAPTIVE,transaction_pattern,contains_zero,22,True,True,"[[-8, 64, 67, 0]]",0.0,contains_zero,15,1280,0.006700500031001866
no_semantic_meta_llama_llama_4_scout_17b_16e_instruct,GA_ADAPTIVE,transaction_pattern,contains_zero,23,True,True,"[[-32, -53, 0, -11, 31, -60]]",0.0,contains_zero,0,80,0.00015620794147253036
no_semantic_meta_llama_llama_4_scout_17b_16e_instruct,GA_ADAPTIVE,transaction_pattern,contains_zero,24,True,True,"[[61, -83, -66, -4, 0]]",0.0,contains_zero,0,80,0.00015070894733071327
no_semantic_meta_llama_llama_4_scout_17b_16e_instruct,GA_ADAPTIVE,transaction_pattern,contains_zero,25,True,True,"[[-88, 0, 13, 32]]",0.0,contains_zero,0,80,0.00016045896336436272
no_semantic_meta_llama_llama_4_scout_17b_16e_instruct,GA_ADAPTIVE,transaction_pattern,contains_zero,26,True,True,"[[-73, -64, 0, -7, 69, 18]]",0.0,contains_zero,3,320,0.0015445840544998646
no_semantic_meta_llama_llama_4_scout_17b_16e_instruct,GA_ADAPTIVE,transaction_pattern,contains_zero,27,True,True,"[[-35, 0, -71, 53, 85]]",0.0,contains_zero,0,80,0.00015437498223036528
no_semantic_meta_llama_llama_4_scout_17b_16e_instruct,GA_ADAPTIVE,transaction_pattern,contains_zero,28,True,True,"[[41, 1, 56, 35, 0]]",0.0,contains_zero,0,80,0.00016075000166893005
no_semantic_meta_llama_llama_4_scout_17b_16e_instruct,GA_ADAPTIVE,transaction_pattern,contains_zero,29,True,True,"[[0, -38, 24, 84, 48]]",0.0,contains_zero,0,80,0.0001562089892104268
no_semantic_meta_llama_llama_4_scout_17b_16e_instruct,GA_ADAPTIVE,transaction_pattern,many_large_deposits,0,True,True,"[[100, 72, 85]]",0.0,many_large_deposits,0,80,0.00016620790120214224
no_semantic_meta_llama_llama_4_scout_17b_16e_instruct,GA_ADAPTIVE,transaction_pattern,many_large_deposits,1,True,True,"[[40, 31, 35, 24]]",0.0,many_large_deposits,0,80,0.00015637499745935202
no_semantic_meta_llama_llama_4_scout_17b_16e_instruct,GA_ADAPTIVE,transaction_pattern,many_large_deposits,2,True,True,"[[15, 21, 100, 55]]",0.0,many_large_deposits,0,80,0.00015950005035847425
no_semantic_meta_llama_llama_4_scout_17b_16e_instruct,GA_ADAPTIVE,transaction_pattern,many_large_deposits,3,True,True,"[[4, 61, 92]]",0.0,many_large_deposits,0,80,0.0001533749746158719
no_semantic_meta_llama_llama_4_scout_17b_16e_instruct,GA_ADAPTIVE,transaction_pattern,many_large_deposits,4,True,True,"[[11, 60, 10, 22]]",0.0,many_large_deposits,0,80,0.00015604100190103054
no_semantic_meta_llama_llama_4_scout_17b_16e_instruct,GA_ADAPTIVE,transaction_pattern,many_large_deposits,5,True,True,"[[88, 46, 73]]",0.0,many_large_deposits,0,80,0.00016125000547617674
no_semantic_meta_llama_llama_4_scout_17b_16e_instruct,GA_ADAPTIVE,transaction_pattern,many_large_deposits,6,True,True,"[[83, 90, 42, 89]]",0.0,many_large_deposits,0,80,0.00016537506598979235
no_semantic_meta_llama_llama_4_scout_17b_16e_instruct,GA_ADAPTIVE,transaction_pattern,many_large_deposits,7,True,True,"[[12, 72, 99]]",0.0,many_large_deposits,0,80,0.0001637920504435897
no_semantic_meta_llama_llama_4_scout_17b_16e_instruct,GA_ADAPTIVE,transaction_pattern,many_large_deposits,8,True,True,"[[33, 88, 6]]",0.0,many_large_deposits,0,80,0.0001667090691626072
no_semantic_meta_llama_llama_4_scout_17b_16e_instruct,GA_ADAPTIVE,transaction_pattern,many_large_deposits,9,True,True,"[[45, 79, 30]]",0.0,many_large_deposits,0,80,0.0001592080807313323
no_semantic_meta_llama_llama_4_scout_17b_16e_instruct,GA_ADAPTIVE,transaction_pattern,many_large_deposits,10,True,True,"[[81, 42, 53]]",0.0,many_large_deposits,0,80,0.00015941704623401165
no_semantic_meta_llama_llama_4_scout_17b_16e_instruct,GA_ADAPTIVE,transaction_pattern,many_large_deposits,11,True,True,"[[34, 88, 75, 15]]",0.0,many_large_deposits,0,80,0.00016424991190433502
no_semantic_meta_llama_llama_4_scout_17b_16e_instruct,GA_ADAPTIVE,transaction_pattern,many_large_deposits,12,True,True,"[[60, 61, 42]]",0.0,many_large_deposits,0,80,0.00016158295329660177
no_semantic_meta_llama_llama_4_scout_17b_16e_instruct,GA_ADAPTIVE,transaction_pattern,many_large_deposits,13,True,True,"[[83, 56, 8, 85]]",0.0,many_large_deposits,0,80,0.00016683305148035288
no_semantic_meta_llama_llama_4_scout_17b_16e_instruct,GA_ADAPTIVE,transaction_pattern,many_large_deposits,14,True,True,"[[55, 17, 87, 3]]",0.0,many_large_deposits,0,80,0.00016199995297938585
no_semantic_meta_llama_llama_4_scout_17b_16e_instruct,GA_ADAPTIVE,transaction_pattern,many_large_deposits,15,True,True,"[[80, 72, 20, 41]]",0.0,many_large_deposits,0,80,0.0001638750545680523
no_semantic_meta_llama_llama_4_scout_17b_16e_instruct,GA_ADAPTIVE,transaction_pattern,many_large_deposits,16,True,True,"[[63, 1, 40]]",0.0,many_large_deposits,0,80,0.0001628330210223794
no_semantic_meta_llama_llama_4_scout_17b_16e_instruct,GA_ADAPTIVE,transaction_pattern,many_large_deposits,17,True,True,"[[38, 5, 55, 85]]",0.0,many_large_deposits,0,80,0.00015758303925395012
no_semantic_meta_llama_llama_4_scout_17b_16e_instruct,GA_ADAPTIVE,transaction_pattern,many_large_deposits,18,True,True,"[[44, 86, 18, 81, 19]]",0.0,many_large_deposits,0,80,0.00015195796731859446
no_semantic_meta_llama_llama_4_scout_17b_16e_instruct,GA_ADAPTIVE,transaction_pattern,many_large_deposits,19,True,True,"[[30, 88, 57]]",0.0,many_large_deposits,0,80,0.00015633401926606894
no_semantic_meta_llama_llama_4_scout_17b_16e_instruct,GA_ADAPTIVE,transaction_pattern,many_large_deposits,20,True,True,"[[74, 51, 79]]",0.0,many_large_deposits,0,80,0.00015104201156646013
no_semantic_meta_llama_llama_4_scout_17b_16e_instruct,GA_ADAPTIVE,transaction_pattern,many_large_deposits,21,True,True,"[[74, 58, 61, 1]]",0.0,many_large_deposits,0,80,0.00016779208090156317
no_semantic_meta_llama_llama_4_scout_17b_16e_instruct,GA_ADAPTIVE,transaction_pattern,many_large_deposits,22,True,True,"[[67, 70, 26]]",0.0,many_large_deposits,2,240,0.0010060420027002692
no_semantic_meta_llama_llama_4_scout_17b_16e_instruct,GA_ADAPTIVE,transaction_pattern,many_large_deposits,23,True,True,"[[97, 45, 98, 57]]",0.0,many_large_deposits,0,80,0.00015241699293255806
no_semantic_meta_llama_llama_4_scout_17b_16e_instruct,GA_ADAPTIVE,transaction_pattern,many_large_deposits,24,True,True,"[[51, 28, 95, 69]]",0.0,many_large_deposits,0,80,0.0001490419963374734
no_semantic_meta_llama_llama_4_scout_17b_16e_instruct,GA_ADAPTIVE,transaction_pattern,many_large_deposits,25,True,True,"[[46, 33, 61]]",0.0,many_large_deposits,0,80,0.00016195804346352816
no_semantic_meta_llama_llama_4_scout_17b_16e_instruct,GA_ADAPTIVE,transaction_pattern,many_large_deposits,26,True,True,"[[1, 47, 95, 50, 37]]",0.0,many_large_deposits,0,80,0.00016054196748882532
no_semantic_meta_llama_llama_4_scout_17b_16e_instruct,GA_ADAPTIVE,transaction_pattern,many_large_deposits,27,True,True,"[[93, 43, 5]]",0.0,many_large_deposits,0,80,0.00016591593157500029
no_semantic_meta_llama_llama_4_scout_17b_16e_instruct,GA_ADAPTIVE,transaction_pattern,many_large_deposits,28,True,True,"[[51, 8, 10, 74]]",0.0,many_large_deposits,1,160,0.0005953339859843254
no_semantic_meta_llama_llama_4_scout_17b_16e_instruct,GA_ADAPTIVE,transaction_pattern,many_large_deposits,29,True,True,"[[76, 100, 71]]",0.0,many_large_deposits,0,80,0.00016424991190433502
no_semantic_meta_llama_llama_4_scout_17b_16e_instruct,GA_ADAPTIVE,transaction_pattern,many_large_withdrawals,0,True,True,"[[-6, -60, -76, -4]]",0.0,many_large_withdrawals,0,80,0.0001532919704914093
no_semantic_meta_llama_llama_4_scout_17b_16e_instruct,GA_ADAPTIVE,transaction_pattern,many_large_withdrawals,1,True,True,"[[27, -54, -50, -19, -3]]",0.0,many_large_withdrawals,0,80,0.00015562493354082108
no_semantic_meta_llama_llama_4_scout_17b_16e_instruct,GA_ADAPTIVE,transaction_pattern,many_large_withdrawals,2,True,True,"[[-34, -100, -95, 22]]",0.0,many_large_withdrawals,0,80,0.00016087503172457218
no_semantic_meta_llama_llama_4_scout_17b_16e_instruct,GA_ADAPTIVE,transaction_pattern,many_large_withdrawals,3,True,True,"[[32, 13, -30, -87, 48, -88]]",0.0,many_large_withdrawals,0,80,0.0001562919933348894
no_semantic_meta_llama_llama_4_scout_17b_16e_instruct,GA_ADAPTIVE,transaction_pattern,many_large_withdrawals,4,True,True,"[[-45, 5, -29, -14]]",0.0,many_large_withdrawals,0,80,0.00015729200094938278
no_semantic_meta_llama_llama_4_scout_17b_16e_instruct,GA_ADAPTIVE,transaction_pattern,many_large_withdrawals,5,True,True,"[[-51, -41, 33, -80, -60, -63]]",0.0,many_large_withdrawals,0,80,0.0001623749267309904
no_semantic_meta_llama_llama_4_scout_17b_16e_instruct,GA_ADAPTIVE,transaction_pattern,many_large_withdrawals,6,True,True,"[[49, -21, -73, -61]]",0.0,many_large_withdrawals,0,80,0.00017450004816055298
no_semantic_meta_llama_llama_4_scout_17b_16e_instruct,GA_ADAPTIVE,transaction_pattern,many_large_withdrawals,7,True,True,"[[-89, -37]]",0.0,many_large_withdrawals,0,80,0.00015962496399879456
no_semantic_meta_llama_llama_4_scout_17b_16e_instruct,GA_ADAPTIVE,transaction_pattern,many_large_withdrawals,8,True,True,"[[2, -23, -73, -47, -14]]",0.0,many_large_withdrawals,0,80,0.00015608302783221006
no_semantic_meta_llama_llama_4_scout_17b_16e_instruct,GA_ADAPTIVE,transaction_pattern,many_large_withdrawals,9,True,True,"[[-96, -1]]",0.0,many_large_withdrawals,0,80,0.00015454203821718693
no_semantic_meta_llama_llama_4_scout_17b_16e_instruct,GA_ADAPTIVE,transaction_pattern,many_large_withdrawals,10,True,True,"[[-93, -64, -12, -38]]",0.0,many_large_withdrawals,0,80,0.00015654100570827723
no_semantic_meta_llama_llama_4_scout_17b_16e_instruct,GA_ADAPTIVE,transaction_pattern,many_large_withdrawals,11,True,True,"[[19, 16, -94, -8, -87]]",0.0,many_large_withdrawals,0,80,0.00015258300118148327
no_semantic_meta_llama_llama_4_scout_17b_16e_instruct,GA_ADAPTIVE,transaction_pattern,many_large_withdrawals,12,True,True,"[[-4, -63, -30, 44, -47, -15]]",0.0,many_large_withdrawals,0,80,0.0001614170614629984
no_semantic_meta_llama_llama_4_scout_17b_16e_instruct,GA_ADAPTIVE,transaction_pattern,many_large_withdrawals,13,True,True,"[[-48, -74]]",0.0,many_large_withdrawals,0,80,0.00015824998263269663
no_semantic_meta_llama_llama_4_scout_17b_16e_instruct,GA_ADAPTIVE,transaction_pattern,many_large_withdrawals,14,True,True,"[[-83, 29, -7, -55, -17]]",0.0,many_large_withdrawals,0,80,0.00014500005636364222
no_semantic_meta_llama_llama_4_scout_17b_16e_instruct,GA_ADAPTIVE,transaction_pattern,many_large_withdrawals,15,True,True,"[[-18, -26, -74, 40, -99]]",0.0,many_large_withdrawals,0,80,0.00015358394011855125
no_semantic_meta_llama_llama_4_scout_17b_16e_instruct,GA_ADAPTIVE,transaction_pattern,many_large_withdrawals,16,True,True,"[[-70, -5, 100, -84, -76]]",0.0,many_large_withdrawals,0,80,0.00016487494576722383
no_semantic_meta_llama_llama_4_scout_17b_16e_instruct,GA_ADAPTIVE,transaction_pattern,many_large_withdrawals,17,True,True,"[[-15, -87]]",0.0,many_large_withdrawals,0,80,0.00014408293645828962
no_semantic_meta_llama_llama_4_scout_17b_16e_instruct,GA_ADAPTIVE,transaction_pattern,many_large_withdrawals,18,True,True,"[[-97, -66]]",0.0,many_large_withdrawals,0,80,0.00016149994917213917
no_semantic_meta_llama_llama_4_scout_17b_16e_instruct,GA_ADAPTIVE,transaction_pattern,many_large_withdrawals,19,True,True,"[[19, -84, -81]]",0.0,many_large_withdrawals,0,80,0.00014800007920712233
no_semantic_meta_llama_llama_4_scout_17b_16e_instruct,GA_ADAPTIVE,transaction_pattern,many_large_withdrawals,20,True,True,"[[-5, -84, -93, -88]]",0.0,many_large_withdrawals,0,80,0.00015770795289427042
no_semantic_meta_llama_llama_4_scout_17b_16e_instruct,GA_ADAPTIVE,transaction_pattern,many_large_withdrawals,21,True,True,"[[-63, -76, 31, 48]]",0.0,many_large_withdrawals,0,80,0.0001585839781910181
no_semantic_meta_llama_llama_4_scout_17b_16e_instruct,GA_ADAPTIVE,transaction_pattern,many_large_withdrawals,22,True,True,"[[58, 55, 4, -93, -68, -89]]",0.0,many_large_withdrawals,0,80,0.00015691702719777822
no_semantic_meta_llama_llama_4_scout_17b_16e_instruct,GA_ADAPTIVE,transaction_pattern,many_large_withdrawals,23,True,True,"[[-29, -59, -63]]",0.0,many_large_withdrawals,0,80,0.00015854195225983858
no_semantic_meta_llama_llama_4_scout_17b_16e_instruct,GA_ADAPTIVE,transaction_pattern,many_large_withdrawals,24,True,True,"[[-61, -60]]",0.0,many_large_withdrawals,0,80,0.00014629203360527754
no_semantic_meta_llama_llama_4_scout_17b_16e_instruct,GA_ADAPTIVE,transaction_pattern,many_large_withdrawals,25,True,True,"[[-57, -44, 2, 29]]",0.0,many_large_withdrawals,0,80,0.00015379104297608137
no_semantic_meta_llama_llama_4_scout_17b_16e_instruct,GA_ADAPTIVE,transaction_pattern,many_large_withdrawals,26,True,True,"[[-52, 25, -3, -89, 28]]",0.0,many_large_withdrawals,0,80,0.0001634999644011259
no_semantic_meta_llama_llama_4_scout_17b_16e_instruct,GA_ADAPTIVE,transaction_pattern,many_large_withdrawals,27,True,True,"[[-91, -38, -94, 37, 89]]",0.0,many_large_withdrawals,0,80,0.00015545799396932125
no_semantic_meta_llama_llama_4_scout_17b_16e_instruct,GA_ADAPTIVE,transaction_pattern,many_large_withdrawals,28,True,True,"[[-40, 72, -31, -32, -93, 14]]",0.0,many_large_withdrawals,0,80,0.0001658330438658595
no_semantic_meta_llama_llama_4_scout_17b_16e_instruct,GA_ADAPTIVE,transaction_pattern,many_large_withdrawals,29,True,True,"[[-48, -80, -35, 58, -72, -81]]",0.0,many_large_withdrawals,0,80,0.00015174993313848972
no_semantic_meta_llama_llama_4_scout_17b_16e_instruct,GA_ADAPTIVE,transaction_pattern,mixed_transactions,0,True,True,"[[94, 63, -98]]",0.0,mixed_transactions,0,80,0.00015120790340006351
no_semantic_meta_llama_llama_4_scout_17b_16e_instruct,GA_ADAPTIVE,transaction_pattern,mixed_transactions,1,True,True,"[[-57, -24, 51, 88, -18, 34]]",0.0,mixed_transactions,0,80,0.00015049998182803392
no_semantic_meta_llama_llama_4_scout_17b_16e_instruct,GA_ADAPTIVE,transaction_pattern,mixed_transactions,2,True,True,[[-24]],0.0,mixed_transactions,0,80,0.00014383404050022364
no_semantic_meta_llama_llama_4_scout_17b_16e_instruct,GA_ADAPTIVE,transaction_pattern,mixed_transactions,3,True,True,"[[25, 30, -50, 38, -74, 68]]",0.0,mixed_transactions,0,80,0.00015054189134389162
no_semantic_meta_llama_llama_4_scout_17b_16e_instruct,GA_ADAPTIVE,transaction_pattern,mixed_transactions,4,True,True,[[-96]],0.0,mixed_transactions,0,80,0.0001597920199856162
no_semantic_meta_llama_llama_4_scout_17b_16e_instruct,GA_ADAPTIVE,transaction_pattern,mixed_transactions,5,True,True,"[[20, -18, -57, 68, 97, 5]]",0.0,mixed_transactions,0,80,0.00016099994536489248
no_semantic_meta_llama_llama_4_scout_17b_16e_instruct,GA_ADAPTIVE,transaction_pattern,mixed_transactions,6,True,True,"[[13, 92, -76]]",0.0,mixed_transactions,0,80,0.00014500005636364222
no_semantic_meta_llama_llama_4_scout_17b_16e_instruct,GA_ADAPTIVE,transaction_pattern,mixed_transactions,7,True,True,"[[16, 19, 11, -40, 85]]",0.0,mixed_transactions,0,80,0.00015854195225983858
no_semantic_meta_llama_llama_4_scout_17b_16e_instruct,GA_ADAPTIVE,transaction_pattern,mixed_transactions,8,True,True,"[[-20, 96, -46]]",0.0,mixed_transactions,0,80,0.0001587909646332264
no_semantic_meta_llama_llama_4_scout_17b_16e_instruct,GA_ADAPTIVE,transaction_pattern,mixed_transactions,9,True,True,[[95]],0.0,mixed_transactions,0,80,0.0001545419218018651
no_semantic_meta_llama_llama_4_scout_17b_16e_instruct,GA_ADAPTIVE,transaction_pattern,mixed_transactions,10,True,True,"[[95, -18, 25, -3, 56, -30]]",0.0,mixed_transactions,0,80,0.0001496660988777876
no_semantic_meta_llama_llama_4_scout_17b_16e_instruct,GA_ADAPTIVE,transaction_pattern,mixed_transactions,11,True,True,"[[48, -73, 31]]",0.0,mixed_transactions,0,80,0.00015783298294991255
no_semantic_meta_llama_llama_4_scout_17b_16e_instruct,GA_ADAPTIVE,transaction_pattern,mixed_transactions,12,True,True,"[[57, 63, -3, -18]]",0.0,mixed_transactions,0,80,0.00015937502030283213
no_semantic_meta_llama_llama_4_scout_17b_16e_instruct,GA_ADAPTIVE,transaction_pattern,mixed_transactions,13,True,True,"[[48, 42, -57, 70]]",0.0,mixed_transactions,0,80,0.00015541596803814173
no_semantic_meta_llama_llama_4_scout_17b_16e_instruct,GA_ADAPTIVE,transaction_pattern,mixed_transactions,14,True,True,[[77]],0.0,mixed_transactions,0,80,0.00015404191799461842
no_semantic_meta_llama_llama_4_scout_17b_16e_instruct,GA_ADAPTIVE,transaction_pattern,mixed_transactions,15,True,True,"[[87, -2]]",0.0,mixed_transactions,0,80,0.00015295797493308783
no_semantic_meta_llama_llama_4_scout_17b_16e_instruct,GA_ADAPTIVE,transaction_pattern,mixed_transactions,16,True,True,[[-36]],0.0,mixed_transactions,0,80,0.00014791602734476328
no_semantic_meta_llama_llama_4_scout_17b_16e_instruct,GA_ADAPTIVE,transaction_pattern,mixed_transactions,17,True,True,"[[-7, -27, -23, 15]]",0.0,mixed_transactions,0,80,0.0001620840048417449
no_semantic_meta_llama_llama_4_scout_17b_16e_instruct,GA_ADAPTIVE,transaction_pattern,mixed_transactions,18,True,True,"[[16, 43, -10, 27]]",0.0,mixed_transactions,0,80,0.00015166704542934895
no_semantic_meta_llama_llama_4_scout_17b_16e_instruct,GA_ADAPTIVE,transaction_pattern,mixed_transactions,19,True,True,"[[-43, 73]]",0.0,mixed_transactions,0,80,0.00015820900443941355
no_semantic_meta_llama_llama_4_scout_17b_16e_instruct,GA_ADAPTIVE,transaction_pattern,mixed_transactions,20,True,True,"[[-73, -9, 87, -86, 100]]",0.0,mixed_transactions,0,80,0.00014899997040629387
no_semantic_meta_llama_llama_4_scout_17b_16e_instruct,GA_ADAPTIVE,transaction_pattern,mixed_transactions,21,True,True,"[[27, 56, -74, -12]]",0.0,mixed_transactions,0,80,0.00015145796351134777
no_semantic_meta_llama_llama_4_scout_17b_16e_instruct,GA_ADAPTIVE,transaction_pattern,mixed_transactions,22,True,True,[[-97]],0.0,mixed_transactions,0,80,0.00016191601753234863
no_semantic_meta_llama_llama_4_scout_17b_16e_instruct,GA_ADAPTIVE,transaction_pattern,mixed_transactions,23,True,True,[[-69]],0.0,mixed_transactions,0,80,0.0001474169548600912
no_semantic_meta_llama_llama_4_scout_17b_16e_instruct,GA_ADAPTIVE,transaction_pattern,mixed_transactions,24,True,True,"[[51, 51, -43, -91, -28, 13]]",0.0,mixed_transactions,0,80,0.00015733391046524048
no_semantic_meta_llama_llama_4_scout_17b_16e_instruct,GA_ADAPTIVE,transaction_pattern,mixed_transactions,25,True,True,"[[65, 11, -5, 39]]",0.0,mixed_transactions,0,80,0.00014945899602025747
no_semantic_meta_llama_llama_4_scout_17b_16e_instruct,GA_ADAPTIVE,transaction_pattern,mixed_transactions,26,True,True,"[[-73, 92, -5]]",0.0,mixed_transactions,0,80,0.00015962496399879456
no_semantic_meta_llama_llama_4_scout_17b_16e_instruct,GA_ADAPTIVE,transaction_pattern,mixed_transactions,27,True,True,[[68]],0.0,mixed_transactions,0,80,0.00014716701116412878
no_semantic_meta_llama_llama_4_scout_17b_16e_instruct,GA_ADAPTIVE,transaction_pattern,mixed_transactions,28,True,True,"[[-7, 25]]",0.0,mixed_transactions,0,80,0.00015595904551446438
no_semantic_meta_llama_llama_4_scout_17b_16e_instruct,GA_ADAPTIVE,transaction_pattern,mixed_transactions,29,True,True,"[[10, 70]]",0.0,mixed_transactions,0,80,0.00015679106581956148
no_semantic_meta_llama_llama_4_scout_17b_16e_instruct,GA_ADAPTIVE,transaction_pattern,simple_pattern,0,True,True,[[90]],0.0,simple_pattern,0,80,0.00015770795289427042
no_semantic_meta_llama_llama_4_scout_17b_16e_instruct,GA_ADAPTIVE,transaction_pattern,simple_pattern,1,True,True,"[[22, 25]]",0.0,simple_pattern,0,80,0.0001498749479651451
no_semantic_meta_llama_llama_4_scout_17b_16e_instruct,GA_ADAPTIVE,transaction_pattern,simple_pattern,2,True,True,"[[14, 35]]",0.0,simple_pattern,0,80,0.00015579198952764273
no_semantic_meta_llama_llama_4_scout_17b_16e_instruct,GA_ADAPTIVE,transaction_pattern,simple_pattern,3,True,True,[[-48]],0.0,simple_pattern,0,80,0.00014658295549452305
no_semantic_meta_llama_llama_4_scout_17b_16e_instruct,GA_ADAPTIVE,transaction_pattern,simple_pattern,4,True,True,"[[-29, -17]]",0.0,simple_pattern,0,80,0.0001503749517723918
no_semantic_meta_llama_llama_4_scout_17b_16e_instruct,GA_ADAPTIVE,transaction_pattern,simple_pattern,5,True,True,[[-5]],0.0,simple_pattern,0,80,0.00014899997040629387
no_semantic_meta_llama_llama_4_scout_17b_16e_instruct,GA_ADAPTIVE,transaction_pattern,simple_pattern,6,True,True,[[58]],0.0,simple_pattern,0,80,0.00015724997501820326
no_semantic_meta_llama_llama_4_scout_17b_16e_instruct,GA_ADAPTIVE,transaction_pattern,simple_pattern,7,True,True,[[-4]],0.0,simple_pattern,0,80,0.00015362491831183434
no_semantic_meta_llama_llama_4_scout_17b_16e_instruct,GA_ADAPTIVE,transaction_pattern,simple_pattern,8,True,True,[[-66]],0.0,simple_pattern,0,80,0.00014883303083479404
no_semantic_meta_llama_llama_4_scout_17b_16e_instruct,GA_ADAPTIVE,transaction_pattern,simple_pattern,9,True,True,"[[36, 1, 54]]",0.0,simple_pattern,0,80,0.00015258393250405788
no_semantic_meta_llama_llama_4_scout_17b_16e_instruct,GA_ADAPTIVE,transaction_pattern,simple_pattern,10,True,True,[[-64]],0.0,simple_pattern,0,80,0.00015783298294991255
no_semantic_meta_llama_llama_4_scout_17b_16e_instruct,GA_ADAPTIVE,transaction_pattern,simple_pattern,11,True,True,[[-29]],0.0,simple_pattern,0,80,0.00015983404591679573
no_semantic_meta_llama_llama_4_scout_17b_16e_instruct,GA_ADAPTIVE,transaction_pattern,simple_pattern,12,True,True,"[[34, 87]]",0.0,simple_pattern,0,80,0.00014420796651393175
no_semantic_meta_llama_llama_4_scout_17b_16e_instruct,GA_ADAPTIVE,transaction_pattern,simple_pattern,13,True,True,"[[48, 28]]",0.0,simple_pattern,0,80,0.00016175000928342342
no_semantic_meta_llama_llama_4_scout_17b_16e_instruct,GA_ADAPTIVE,transaction_pattern,simple_pattern,14,True,True,[[-20]],0.0,simple_pattern,0,80,0.00016129110008478165
no_semantic_meta_llama_llama_4_scout_17b_16e_instruct,GA_ADAPTIVE,transaction_pattern,simple_pattern,15,True,True,[[14]],0.0,simple_pattern,0,80,0.00014670903328806162
no_semantic_meta_llama_llama_4_scout_17b_16e_instruct,GA_ADAPTIVE,transaction_pattern,simple_pattern,16,True,True,[[53]],0.0,simple_pattern,0,80,0.00015058298595249653
no_semantic_meta_llama_llama_4_scout_17b_16e_instruct,GA_ADAPTIVE,transaction_pattern,simple_pattern,17,True,True,[[80]],0.0,simple_pattern,0,80,0.0001590839819982648
no_semantic_meta_llama_llama_4_scout_17b_16e_instruct,GA_ADAPTIVE,transaction_pattern,simple_pattern,18,True,True,[[89]],0.0,simple_pattern,0,80,0.00016004208009690046
no_semantic_meta_llama_llama_4_scout_17b_16e_instruct,GA_ADAPTIVE,transaction_pattern,simple_pattern,19,True,True,[[36]],0.0,simple_pattern,0,80,0.00015549990348517895
no_semantic_meta_llama_llama_4_scout_17b_16e_instruct,GA_ADAPTIVE,transaction_pattern,simple_pattern,20,True,True,[[-29]],0.0,simple_pattern,0,80,0.00015408301260322332
no_semantic_meta_llama_llama_4_scout_17b_16e_instruct,GA_ADAPTIVE,transaction_pattern,simple_pattern,21,True,True,[[-3]],0.0,simple_pattern,0,80,0.00014541600830852985
no_semantic_meta_llama_llama_4_scout_17b_16e_instruct,GA_ADAPTIVE,transaction_pattern,simple_pattern,22,True,True,[[92]],0.0,simple_pattern,0,80,0.00015729200094938278
no_semantic_meta_llama_llama_4_scout_17b_16e_instruct,GA_ADAPTIVE,transaction_pattern,simple_pattern,23,True,True,[[-35]],0.0,simple_pattern,0,80,0.00016154104378074408
no_semantic_meta_llama_llama_4_scout_17b_16e_instruct,GA_ADAPTIVE,transaction_pattern,simple_pattern,24,True,True,[[77]],0.0,simple_pattern,0,80,0.0001467500114813447
no_semantic_meta_llama_llama_4_scout_17b_16e_instruct,GA_ADAPTIVE,transaction_pattern,simple_pattern,25,True,True,"[[35, 91]]",0.0,simple_pattern,0,80,0.00016133394092321396
no_semantic_meta_llama_llama_4_scout_17b_16e_instruct,GA_ADAPTIVE,transaction_pattern,simple_pattern,26,True,True,[[57]],0.0,simple_pattern,0,80,0.0001559159718453884
no_semantic_meta_llama_llama_4_scout_17b_16e_instruct,GA_ADAPTIVE,transaction_pattern,simple_pattern,27,True,True,[[72]],0.0,simple_pattern,0,80,0.00015312503091990948
no_semantic_meta_llama_llama_4_scout_17b_16e_instruct,GA_ADAPTIVE,transaction_pattern,simple_pattern,28,True,True,[[25]],0.0,simple_pattern,0,80,0.00014870904851704836
no_semantic_meta_llama_llama_4_scout_17b_16e_instruct,GA_ADAPTIVE,transaction_pattern,simple_pattern,29,True,True,[[14]],0.0,simple_pattern,0,80,0.00016104208771139383
no_semantic_meta_llama_llama_4_scout_17b_16e_instruct,GA_ADAPTIVE,triangle_type,invalid_side,0,False,False,,inf,,0,8080,0.04496237507555634
no_semantic_meta_llama_llama_4_scout_17b_16e_instruct,GA_ADAPTIVE,triangle_type,invalid_side,1,False,False,,inf,,0,8080,0.04511433397419751
no_semantic_meta_llama_llama_4_scout_17b_16e_instruct,GA_ADAPTIVE,triangle_type,invalid_side,2,False,False,,inf,,0,8080,0.0457430420210585
no_semantic_meta_llama_llama_4_scout_17b_16e_instruct,GA_ADAPTIVE,triangle_type,invalid_side,3,False,False,,inf,,0,8080,0.04581037501338869
no_semantic_meta_llama_llama_4_scout_17b_16e_instruct,GA_ADAPTIVE,triangle_type,invalid_side,4,False,False,,inf,,0,8080,0.046033916994929314
no_semantic_meta_llama_llama_4_scout_17b_16e_instruct,GA_ADAPTIVE,triangle_type,invalid_side,5,False,False,,inf,,0,8080,0.045945500023663044
no_semantic_meta_llama_llama_4_scout_17b_16e_instruct,GA_ADAPTIVE,triangle_type,invalid_side,6,False,False,,inf,,0,8080,0.04574354109354317
no_semantic_meta_llama_llama_4_scout_17b_16e_instruct,GA_ADAPTIVE,triangle_type,invalid_side,7,False,False,,inf,,0,8080,0.04595275002066046
no_semantic_meta_llama_llama_4_scout_17b_16e_instruct,GA_ADAPTIVE,triangle_type,invalid_side,8,False,False,,inf,,0,8080,0.046064209076575935
no_semantic_meta_llama_llama_4_scout_17b_16e_instruct,GA_ADAPTIVE,triangle_type,invalid_side,9,False,False,,inf,,0,8080,0.04596791695803404
no_semantic_meta_llama_llama_4_scout_17b_16e_instruct,GA_ADAPTIVE,triangle_type,invalid_side,10,False,False,,inf,,0,8080,0.04633574991021305
no_semantic_meta_llama_llama_4_scout_17b_16e_instruct,GA_ADAPTIVE,triangle_type,invalid_side,11,False,False,,inf,,0,8080,0.04712329199537635
no_semantic_meta_llama_llama_4_scout_17b_16e_instruct,GA_ADAPTIVE,triangle_type,invalid_side,12,False,False,,inf,,0,8080,0.04570270795375109
no_semantic_meta_llama_llama_4_scout_17b_16e_instruct,GA_ADAPTIVE,triangle_type,invalid_side,13,False,False,,inf,,0,8080,0.04596608295105398
no_semantic_meta_llama_llama_4_scout_17b_16e_instruct,GA_ADAPTIVE,triangle_type,invalid_side,14,False,False,,inf,,0,8080,0.045737207983620465
no_semantic_meta_llama_llama_4_scout_17b_16e_instruct,GA_ADAPTIVE,triangle_type,invalid_side,15,False,False,,inf,,0,8080,0.04592316702473909
no_semantic_meta_llama_llama_4_scout_17b_16e_instruct,GA_ADAPTIVE,triangle_type,invalid_side,16,False,False,,inf,,0,8080,0.047271833987906575
no_semantic_meta_llama_llama_4_scout_17b_16e_instruct,GA_ADAPTIVE,triangle_type,invalid_side,17,False,False,,inf,,0,8080,0.046794500085525215
no_semantic_meta_llama_llama_4_scout_17b_16e_instruct,GA_ADAPTIVE,triangle_type,invalid_side,18,False,False,,inf,,0,8080,0.04664170800242573
no_semantic_meta_llama_llama_4_scout_17b_16e_instruct,GA_ADAPTIVE,triangle_type,invalid_side,19,False,False,,inf,,0,8080,0.045705624972470105
no_semantic_meta_llama_llama_4_scout_17b_16e_instruct,GA_ADAPTIVE,triangle_type,invalid_side,20,False,False,,inf,,0,8080,0.04582975001540035
no_semantic_meta_llama_llama_4_scout_17b_16e_instruct,GA_ADAPTIVE,triangle_type,invalid_side,21,False,False,,inf,,0,8080,0.04578458296600729
no_semantic_meta_llama_llama_4_scout_17b_16e_instruct,GA_ADAPTIVE,triangle_type,invalid_side,22,False,False,,inf,,0,8080,0.04590924992226064
no_semantic_meta_llama_llama_4_scout_17b_16e_instruct,GA_ADAPTIVE,triangle_type,invalid_side,23,False,False,,inf,,0,8080,0.045297584030777216
no_semantic_meta_llama_llama_4_scout_17b_16e_instruct,GA_ADAPTIVE,triangle_type,invalid_side,24,False,False,,inf,,0,8080,0.04610949999187142
no_semantic_meta_llama_llama_4_scout_17b_16e_instruct,GA_ADAPTIVE,triangle_type,invalid_side,25,False,False,,inf,,0,8080,0.04661766695789993
no_semantic_meta_llama_llama_4_scout_17b_16e_instruct,GA_ADAPTIVE,triangle_type,invalid_side,26,False,False,,inf,,0,8080,0.045565417036414146
no_semantic_meta_llama_llama_4_scout_17b_16e_instruct,GA_ADAPTIVE,triangle_type,invalid_side,27,False,False,,inf,,0,8080,0.04601687507238239
no_semantic_meta_llama_llama_4_scout_17b_16e_instruct,GA_ADAPTIVE,triangle_type,invalid_side,28,False,False,,inf,,0,8080,0.046275542001239955
no_semantic_meta_llama_llama_4_scout_17b_16e_instruct,GA_ADAPTIVE,triangle_type,invalid_side,29,False,False,,inf,,0,8080,0.04613137501291931
no_semantic_meta_llama_llama_4_scout_17b_16e_instruct,GA_ADAPTIVE,triangle_type,not_triangle,0,True,True,"[9, 41, 81]",0.0,not_triangle,0,80,0.00010575004853308201
no_semantic_meta_llama_llama_4_scout_17b_16e_instruct,GA_ADAPTIVE,triangle_type,not_triangle,1,True,True,"[35, 7, 23]",0.0,not_triangle,0,80,0.00010420905891805887
no_semantic_meta_llama_llama_4_scout_17b_16e_instruct,GA_ADAPTIVE,triangle_type,not_triangle,2,True,True,"[42, 84, 33]",0.0,not_triangle,0,80,0.00010095804464071989
no_semantic_meta_llama_llama_4_scout_17b_16e_instruct,GA_ADAPTIVE,triangle_type,not_triangle,3,True,True,"[22, 6, 44]",0.0,not_triangle,0,80,0.00010412500705569983
no_semantic_meta_llama_llama_4_scout_17b_16e_instruct,GA_ADAPTIVE,triangle_type,not_triangle,4,True,True,"[7, 83, 16]",0.0,not_triangle,0,80,0.00010233290959149599
no_semantic_meta_llama_llama_4_scout_17b_16e_instruct,GA_ADAPTIVE,triangle_type,not_triangle,5,True,True,"[9, 43, 74]",0.0,not_triangle,0,80,9.91669949144125e-05
no_semantic_meta_llama_llama_4_scout_17b_16e_instruct,GA_ADAPTIVE,triangle_type,not_triangle,6,True,True,"[17, 22, 91]",0.0,not_triangle,0,80,9.866699110716581e-05
no_semantic_meta_llama_llama_4_scout_17b_16e_instruct,GA_ADAPTIVE,triangle_type,not_triangle,7,True,True,"[7, 78, 88]",0.0,not_triangle,0,80,9.81249613687396e-05
no_semantic_meta_llama_llama_4_scout_17b_16e_instruct,GA_ADAPTIVE,triangle_type,not_triangle,8,True,True,"[42, 16, 65]",0.0,not_triangle,0,80,9.824999142438173e-05
no_semantic_meta_llama_llama_4_scout_17b_16e_instruct,GA_ADAPTIVE,triangle_type,not_triangle,9,True,True,"[91, 59, 24]",0.0,not_triangle,0,80,9.845802560448647e-05
no_semantic_meta_llama_llama_4_scout_17b_16e_instruct,GA_ADAPTIVE,triangle_type,not_triangle,10,True,True,"[30, 81, 50]",0.0,not_triangle,0,80,0.00010137492790818214
no_semantic_meta_llama_llama_4_scout_17b_16e_instruct,GA_ADAPTIVE,triangle_type,not_triangle,11,True,True,"[64, 17, 27]",0.0,not_triangle,0,80,9.799993131309748e-05
no_semantic_meta_llama_llama_4_scout_17b_16e_instruct,GA_ADAPTIVE,triangle_type,not_triangle,12,True,True,"[1, 77, 2]",0.0,not_triangle,0,80,9.954208508133888e-05
no_semantic_meta_llama_llama_4_scout_17b_16e_instruct,GA_ADAPTIVE,triangle_type,not_triangle,13,True,True,"[36, 20, 59]",0.0,not_triangle,0,80,9.866699110716581e-05
no_semantic_meta_llama_llama_4_scout_17b_16e_instruct,GA_ADAPTIVE,triangle_type,not_triangle,14,True,True,"[33, 81, 40]",0.0,not_triangle,0,80,9.895802941173315e-05
no_semantic_meta_llama_llama_4_scout_17b_16e_instruct,GA_ADAPTIVE,triangle_type,not_triangle,15,True,True,"[34, 5, 21]",0.0,not_triangle,0,80,9.933300316333771e-05
no_semantic_meta_llama_llama_4_scout_17b_16e_instruct,GA_ADAPTIVE,triangle_type,not_triangle,16,True,True,"[30, 13, 94]",0.0,not_triangle,0,80,9.92499990388751e-05
no_semantic_meta_llama_llama_4_scout_17b_16e_instruct,GA_ADAPTIVE,triangle_type,not_triangle,17,True,True,"[32, 79, 40]",0.0,not_triangle,0,80,0.00010141695383936167
no_semantic_meta_llama_llama_4_scout_17b_16e_instruct,GA_ADAPTIVE,triangle_type,not_triangle,18,True,True,"[48, 26, 93]",0.0,not_triangle,0,80,9.937502909451723e-05
no_semantic_meta_llama_llama_4_scout_17b_16e_instruct,GA_ADAPTIVE,triangle_type,not_triangle,19,True,True,"[3, 62, 42]",0.0,not_triangle,0,80,9.991694241762161e-05
no_semantic_meta_llama_llama_4_scout_17b_16e_instruct,GA_ADAPTIVE,triangle_type,not_triangle,20,True,True,"[7, 29, 49]",0.0,not_triangle,0,80,0.00010075001046061516
no_semantic_meta_llama_llama_4_scout_17b_16e_instruct,GA_ADAPTIVE,triangle_type,not_triangle,21,True,True,"[66, 93, 13]",0.0,not_triangle,0,80,9.979098103940487e-05
no_semantic_meta_llama_llama_4_scout_17b_16e_instruct,GA_ADAPTIVE,triangle_type,not_triangle,22,True,True,"[15, 52, 34]",0.0,not_triangle,0,80,9.966699872165918e-05
no_semantic_meta_llama_llama_4_scout_17b_16e_instruct,GA_ADAPTIVE,triangle_type,not_triangle,23,True,True,"[93, 79, 1]",0.0,not_triangle,0,80,0.00010066595859825611
no_semantic_meta_llama_llama_4_scout_17b_16e_instruct,GA_ADAPTIVE,triangle_type,not_triangle,24,True,True,"[44, 99, 9]",0.0,not_triangle,0,80,9.862496517598629e-05
no_semantic_meta_llama_llama_4_scout_17b_16e_instruct,GA_ADAPTIVE,triangle_type,not_triangle,25,True,True,"[10, 14, 61]",0.0,not_triangle,0,80,9.850005153566599e-05
no_semantic_meta_llama_llama_4_scout_17b_16e_instruct,GA_ADAPTIVE,triangle_type,not_triangle,26,True,True,"[65, 20, 92]",0.0,not_triangle,0,80,0.0001004169462248683
no_semantic_meta_llama_llama_4_scout_17b_16e_instruct,GA_ADAPTIVE,triangle_type,not_triangle,27,True,True,"[37, 92, 29]",0.0,not_triangle,0,80,9.891693480312824e-05
no_semantic_meta_llama_llama_4_scout_17b_16e_instruct,GA_ADAPTIVE,triangle_type,not_triangle,28,True,True,"[5, 4, 81]",0.0,not_triangle,0,80,9.979202877730131e-05
no_semantic_meta_llama_llama_4_scout_17b_16e_instruct,GA_ADAPTIVE,triangle_type,not_triangle,29,True,True,"[56, 23, 85]",0.0,not_triangle,0,80,9.920902084559202e-05
no_semantic_meta_llama_llama_4_scout_17b_16e_instruct,GA_ADAPTIVE,triangle_type,equilateral,0,True,True,"[1, 1, 1]",0.0,equilateral,87,7040,0.03938858304172754
no_semantic_meta_llama_llama_4_scout_17b_16e_instruct,GA_ADAPTIVE,triangle_type,equilateral,1,False,False,,inf,,0,8080,0.04555920802522451
no_semantic_meta_llama_llama_4_scout_17b_16e_instruct,GA_ADAPTIVE,triangle_type,equilateral,2,True,True,"[31, 31, 31]",0.0,equilateral,86,6960,0.039893541019409895
no_semantic_meta_llama_llama_4_scout_17b_16e_instruct,GA_ADAPTIVE,triangle_type,equilateral,3,True,True,"[21, 21, 21]",0.0,equilateral,21,1760,0.009213666897267103
no_semantic_meta_llama_llama_4_scout_17b_16e_instruct,GA_ADAPTIVE,triangle_type,equilateral,4,True,True,"[45, 45, 45]",0.0,equilateral,34,2800,0.015276166959665716
no_semantic_meta_llama_llama_4_scout_17b_16e_instruct,GA_ADAPTIVE,triangle_type,equilateral,5,True,True,"[66, 66, 66]",0.0,equilateral,28,2320,0.012405083980411291
no_semantic_meta_llama_llama_4_scout_17b_16e_instruct,GA_ADAPTIVE,triangle_type,equilateral,6,False,False,,inf,,0,8080,0.045695874956436455
no_semantic_meta_llama_llama_4_scout_17b_16e_instruct,GA_ADAPTIVE,triangle_type,equilateral,7,True,True,"[100, 100, 100]",0.0,equilateral,95,7680,0.04289987497031689
no_semantic_meta_llama_llama_4_scout_17b_16e_instruct,GA_ADAPTIVE,triangle_type,equilateral,8,False,False,,inf,,0,8080,0.04515962500590831
no_semantic_meta_llama_llama_4_scout_17b_16e_instruct,GA_ADAPTIVE,triangle_type,equilateral,9,True,True,"[100, 100, 100]",0.0,equilateral,46,3760,0.020539917051792145
no_semantic_meta_llama_llama_4_scout_17b_16e_instruct,GA_ADAPTIVE,triangle_type,equilateral,10,False,False,,inf,,0,8080,0.04594295902643353
no_semantic_meta_llama_llama_4_scout_17b_16e_instruct,GA_ADAPTIVE,triangle_type,equilateral,11,False,False,,inf,,0,8080,0.04760683292988688
no_semantic_meta_llama_llama_4_scout_17b_16e_instruct,GA_ADAPTIVE,triangle_type,equilateral,12,True,True,"[100, 100, 100]",0.0,equilateral,54,4400,0.02440437499899417
no_semantic_meta_llama_llama_4_scout_17b_16e_instruct,GA_ADAPTIVE,triangle_type,equilateral,13,True,True,"[100, 100, 100]",0.0,equilateral,19,1600,0.008248458034358919
no_semantic_meta_llama_llama_4_scout_17b_16e_instruct,GA_ADAPTIVE,triangle_type,equilateral,14,True,True,"[85, 85, 85]",0.0,equilateral,50,4080,0.02256579208187759
no_semantic_meta_llama_llama_4_scout_17b_16e_instruct,GA_ADAPTIVE,triangle_type,equilateral,15,True,True,"[72, 72, 72]",0.0,equilateral,22,1840,0.009507916984148324
no_semantic_meta_llama_llama_4_scout_17b_16e_instruct,GA_ADAPTIVE,triangle_type,equilateral,16,False,False,,inf,,0,8080,0.045332583016715944
no_semantic_meta_llama_llama_4_scout_17b_16e_instruct,GA_ADAPTIVE,triangle_type,equilateral,17,False,False,,inf,,0,8080,0.04523662501014769
no_semantic_meta_llama_llama_4_scout_17b_16e_instruct,GA_ADAPTIVE,triangle_type,equilateral,18,True,True,"[64, 64, 64]",0.0,equilateral,77,6240,0.034583541098982096
no_semantic_meta_llama_llama_4_scout_17b_16e_instruct,GA_ADAPTIVE,triangle_type,equilateral,19,True,True,"[39, 39, 39]",0.0,equilateral,41,3360,0.01815004099626094
no_semantic_meta_llama_llama_4_scout_17b_16e_instruct,GA_ADAPTIVE,triangle_type,equilateral,20,True,True,"[35, 35, 35]",0.0,equilateral,25,2080,0.010743541060946882
no_semantic_meta_llama_llama_4_scout_17b_16e_instruct,GA_ADAPTIVE,triangle_type,equilateral,21,False,False,,inf,,0,8080,0.04544937494210899
no_semantic_meta_llama_llama_4_scout_17b_16e_instruct,GA_ADAPTIVE,triangle_type,equilateral,22,True,True,"[16, 16, 16]",0.0,equilateral,8,720,0.0033823749981820583
no_semantic_meta_llama_llama_4_scout_17b_16e_instruct,GA_ADAPTIVE,triangle_type,equilateral,23,False,False,,inf,,0,8080,0.045411499915644526
no_semantic_meta_llama_llama_4_scout_17b_16e_instruct,GA_ADAPTIVE,triangle_type,equilateral,24,False,False,,inf,,0,8080,0.04588862508535385
no_semantic_meta_llama_llama_4_scout_17b_16e_instruct,GA_ADAPTIVE,triangle_type,equilateral,25,True,True,"[31, 31, 31]",0.0,equilateral,10,880,0.004359625047072768
no_semantic_meta_llama_llama_4_scout_17b_16e_instruct,GA_ADAPTIVE,triangle_type,equilateral,26,True,True,"[75, 75, 75]",0.0,equilateral,31,2560,0.013694167020730674
no_semantic_meta_llama_llama_4_scout_17b_16e_instruct,GA_ADAPTIVE,triangle_type,equilateral,27,False,False,,inf,,0,8080,0.04583845799788833
no_semantic_meta_llama_llama_4_scout_17b_16e_instruct,GA_ADAPTIVE,triangle_type,equilateral,28,True,True,"[100, 100, 100]",0.0,equilateral,99,8000,0.044965957989916205
no_semantic_meta_llama_llama_4_scout_17b_16e_instruct,GA_ADAPTIVE,triangle_type,equilateral,29,True,True,"[54, 54, 54]",0.0,equilateral,70,5680,0.03146304201800376
no_semantic_meta_llama_llama_4_scout_17b_16e_instruct,GA_ADAPTIVE,triangle_type,isosceles,0,True,True,"[22, 22, 33]",0.0,isosceles,0,80,0.00010908301919698715
no_semantic_meta_llama_llama_4_scout_17b_16e_instruct,GA_ADAPTIVE,triangle_type,isosceles,1,True,True,"[44, 81, 44]",0.0,isosceles,0,80,0.00010658404789865017
no_semantic_meta_llama_llama_4_scout_17b_16e_instruct,GA_ADAPTIVE,triangle_type,isosceles,2,True,True,"[20, 20, 16]",0.0,isosceles,0,80,0.00010466703679412603
no_semantic_meta_llama_llama_4_scout_17b_16e_instruct,GA_ADAPTIVE,triangle_type,isosceles,3,True,True,"[86, 45, 86]",0.0,isosceles,0,80,0.00010520895011723042
no_semantic_meta_llama_llama_4_scout_17b_16e_instruct,GA_ADAPTIVE,triangle_type,isosceles,4,True,True,"[55, 5, 55]",0.0,isosceles,0,80,0.00010641699191182852
no_semantic_meta_llama_llama_4_scout_17b_16e_instruct,GA_ADAPTIVE,triangle_type,isosceles,5,True,True,"[7, 43, 43]",0.0,isosceles,0,80,0.00010391708929091692
no_semantic_meta_llama_llama_4_scout_17b_16e_instruct,GA_ADAPTIVE,triangle_type,isosceles,6,True,True,"[6, 9, 6]",0.0,isosceles,0,80,0.00010733399540185928
no_semantic_meta_llama_llama_4_scout_17b_16e_instruct,GA_ADAPTIVE,triangle_type,isosceles,7,True,True,"[26, 76, 76]",0.0,isosceles,0,80,0.00010666705202311277
no_semantic_meta_llama_llama_4_scout_17b_16e_instruct,GA_ADAPTIVE,triangle_type,isosceles,8,True,True,"[72, 72, 10]",0.0,isosceles,3,320,0.0013421670300886035
no_semantic_meta_llama_llama_4_scout_17b_16e_instruct,GA_ADAPTIVE,triangle_type,isosceles,9,True,True,"[97, 97, 9]",0.0,isosceles,0,80,0.00010541605297476053
no_semantic_meta_llama_llama_4_scout_17b_16e_instruct,GA_ADAPTIVE,triangle_type,isosceles,10,True,True,"[71, 85, 71]",0.0,isosceles,0,80,0.00010574993211776018
no_semantic_meta_llama_llama_4_scout_17b_16e_instruct,GA_ADAPTIVE,triangle_type,isosceles,11,True,True,"[47, 47, 2]",0.0,isosceles,0,80,0.00010258296970278025
no_semantic_meta_llama_llama_4_scout_17b_16e_instruct,GA_ADAPTIVE,triangle_type,isosceles,12,True,True,"[16, 31, 31]",0.0,isosceles,0,80,0.00010462501086294651
no_semantic_meta_llama_llama_4_scout_17b_16e_instruct,GA_ADAPTIVE,triangle_type,isosceles,13,True,True,"[61, 61, 65]",0.0,isosceles,0,80,0.00010366702917963266
no_semantic_meta_llama_llama_4_scout_17b_16e_instruct,GA_ADAPTIVE,triangle_type,isosceles,14,True,True,"[94, 97, 94]",0.0,isosceles,0,80,0.00010470906272530556
no_semantic_meta_llama_llama_4_scout_17b_16e_instruct,GA_ADAPTIVE,triangle_type,isosceles,15,True,True,"[15, 80, 80]",0.0,isosceles,0,80,0.00010191707406193018
no_semantic_meta_llama_llama_4_scout_17b_16e_instruct,GA_ADAPTIVE,triangle_type,isosceles,16,True,True,"[39, 29, 29]",0.0,isosceles,0,80,0.00010079098865389824
no_semantic_meta_llama_llama_4_scout_17b_16e_instruct,GA_ADAPTIVE,triangle_type,isosceles,17,True,True,"[45, 88, 45]",0.0,isosceles,0,80,0.00010166701395064592
no_semantic_meta_llama_llama_4_scout_17b_16e_instruct,GA_ADAPTIVE,triangle_type,isosceles,18,True,True,"[49, 85, 85]",0.0,isosceles,0,80,0.00010287505574524403
no_semantic_meta_llama_llama_4_scout_17b_16e_instruct,GA_ADAPTIVE,triangle_type,isosceles,19,True,True,"[59, 59, 35]",0.0,isosceles,0,80,0.00010541605297476053
no_semantic_meta_llama_llama_4_scout_17b_16e_instruct,GA_ADAPTIVE,triangle_type,isosceles,20,True,True,"[58, 58, 39]",0.0,isosceles,3,320,0.0013368750223889947
no_semantic_meta_llama_llama_4_scout_17b_16e_instruct,GA_ADAPTIVE,triangle_type,isosceles,21,True,True,"[98, 15, 98]",0.0,isosceles,0,80,0.00010616693180054426
no_semantic_meta_llama_llama_4_scout_17b_16e_instruct,GA_ADAPTIVE,triangle_type,isosceles,22,True,True,"[53, 53, 94]",0.0,isosceles,2,240,0.0009218750055879354
no_semantic_meta_llama_llama_4_scout_17b_16e_instruct,GA_ADAPTIVE,triangle_type,isosceles,23,True,True,"[71, 71, 42]",0.0,isosceles,1,160,0.0005128330085426569
no_semantic_meta_llama_llama_4_scout_17b_16e_instruct,GA_ADAPTIVE,triangle_type,isosceles,24,True,True,"[32, 28, 28]",0.0,isosceles,0,80,0.00010549998842179775
no_semantic_meta_llama_llama_4_scout_17b_16e_instruct,GA_ADAPTIVE,triangle_type,isosceles,25,True,True,"[6, 30, 30]",0.0,isosceles,0,80,0.00010462501086294651
no_semantic_meta_llama_llama_4_scout_17b_16e_instruct,GA_ADAPTIVE,triangle_type,isosceles,26,True,True,"[21, 18, 21]",0.0,isosceles,1,160,0.0005187500501051545
no_semantic_meta_llama_llama_4_scout_17b_16e_instruct,GA_ADAPTIVE,triangle_type,isosceles,27,True,True,"[69, 3, 69]",0.0,isosceles,1,160,0.0005503749707713723
no_semantic_meta_llama_llama_4_scout_17b_16e_instruct,GA_ADAPTIVE,triangle_type,isosceles,28,True,True,"[33, 98, 98]",0.0,isosceles,0,80,0.00010612502228468657
no_semantic_meta_llama_llama_4_scout_17b_16e_instruct,GA_ADAPTIVE,triangle_type,isosceles,29,True,True,"[83, 83, 68]",0.0,isosceles,0,80,0.00010420801118016243
no_semantic_meta_llama_llama_4_scout_17b_16e_instruct,GA_ADAPTIVE,triangle_type,scalene,0,True,True,"[23, 48, 63]",0.0,scalene,0,80,9.887502528727055e-05
no_semantic_meta_llama_llama_4_scout_17b_16e_instruct,GA_ADAPTIVE,triangle_type,scalene,1,True,True,"[12, 11, 9]",0.0,scalene,0,80,0.00010079191997647285
no_semantic_meta_llama_llama_4_scout_17b_16e_instruct,GA_ADAPTIVE,triangle_type,scalene,2,True,True,"[33, 56, 83]",0.0,scalene,0,80,0.00010016700252890587
no_semantic_meta_llama_llama_4_scout_17b_16e_instruct,GA_ADAPTIVE,triangle_type,scalene,3,True,True,"[48, 32, 39]",0.0,scalene,0,80,0.00010341696906834841
no_semantic_meta_llama_llama_4_scout_17b_16e_instruct,GA_ADAPTIVE,triangle_type,scalene,4,True,True,"[74, 41, 98]",0.0,scalene,0,80,9.945803321897984e-05
no_semantic_meta_llama_llama_4_scout_17b_16e_instruct,GA_ADAPTIVE,triangle_type,scalene,5,True,True,"[59, 55, 19]",0.0,scalene,0,80,9.887502528727055e-05
no_semantic_meta_llama_llama_4_scout_17b_16e_instruct,GA_ADAPTIVE,triangle_type,scalene,6,True,True,"[77, 53, 71]",0.0,scalene,0,80,9.81249613687396e-05
no_semantic_meta_llama_llama_4_scout_17b_16e_instruct,GA_ADAPTIVE,triangle_type,scalene,7,True,True,"[45, 16, 53]",0.0,scalene,0,80,0.00010066700633615255
no_semantic_meta_llama_llama_4_scout_17b_16e_instruct,GA_ADAPTIVE,triangle_type,scalene,8,True,True,"[82, 39, 84]",0.0,scalene,0,80,9.87079693004489e-05
no_semantic_meta_llama_llama_4_scout_17b_16e_instruct,GA_ADAPTIVE,triangle_type,scalene,9,True,True,"[95, 48, 89]",0.0,scalene,0,80,9.912496898323298e-05
no_semantic_meta_llama_llama_4_scout_17b_16e_instruct,GA_ADAPTIVE,triangle_type,scalene,10,True,True,"[89, 25, 78]",0.0,scalene,0,80,0.00010104209650307894
no_semantic_meta_llama_llama_4_scout_17b_16e_instruct,GA_ADAPTIVE,triangle_type,scalene,11,True,True,"[70, 22, 52]",0.0,scalene,0,80,9.92499990388751e-05
no_semantic_meta_llama_llama_4_scout_17b_16e_instruct,GA_ADAPTIVE,triangle_type,scalene,12,True,True,"[20, 84, 85]",0.0,scalene,0,80,9.975000284612179e-05
no_semantic_meta_llama_llama_4_scout_17b_16e_instruct,GA_ADAPTIVE,triangle_type,scalene,13,True,True,"[48, 47, 45]",0.0,scalene,0,80,0.00010050006676465273
no_semantic_meta_llama_llama_4_scout_17b_16e_instruct,GA_ADAPTIVE,triangle_type,scalene,14,True,True,"[36, 43, 65]",0.0,scalene,0,80,9.991694241762161e-05
no_semantic_meta_llama_llama_4_scout_17b_16e_instruct,GA_ADAPTIVE,triangle_type,scalene,15,True,True,"[37, 70, 49]",0.0,scalene,0,80,9.824999142438173e-05
no_semantic_meta_llama_llama_4_scout_17b_16e_instruct,GA_ADAPTIVE,triangle_type,scalene,16,True,True,"[41, 97, 68]",0.0,scalene,0,80,9.854196105152369e-05
no_semantic_meta_llama_llama_4_scout_17b_16e_instruct,GA_ADAPTIVE,triangle_type,scalene,17,True,True,"[88, 99, 34]",0.0,scalene,0,80,9.912496898323298e-05
no_semantic_meta_llama_llama_4_scout_17b_16e_instruct,GA_ADAPTIVE,triangle_type,scalene,18,True,True,"[68, 52, 26]",0.0,scalene,0,80,9.858293924480677e-05
no_semantic_meta_llama_llama_4_scout_17b_16e_instruct,GA_ADAPTIVE,triangle_type,scalene,19,True,True,"[92, 40, 56]",0.0,scalene,0,80,0.0001016249880194664
no_semantic_meta_llama_llama_4_scout_17b_16e_instruct,GA_ADAPTIVE,triangle_type,scalene,20,True,True,"[55, 57, 52]",0.0,scalene,0,80,9.966699872165918e-05
no_semantic_meta_llama_llama_4_scout_17b_16e_instruct,GA_ADAPTIVE,triangle_type,scalene,21,True,True,"[84, 95, 32]",0.0,scalene,0,80,9.916594717651606e-05
no_semantic_meta_llama_llama_4_scout_17b_16e_instruct,GA_ADAPTIVE,triangle_type,scalene,22,True,True,"[18, 67, 68]",0.0,scalene,0,80,9.929202497005463e-05
no_semantic_meta_llama_llama_4_scout_17b_16e_instruct,GA_ADAPTIVE,triangle_type,scalene,23,True,True,"[76, 14, 88]",0.0,scalene,0,80,0.0001015000743791461
no_semantic_meta_llama_llama_4_scout_17b_16e_instruct,GA_ADAPTIVE,triangle_type,scalene,24,True,True,"[92, 87, 59]",0.0,scalene,0,80,0.00010045908857136965
no_semantic_meta_llama_llama_4_scout_17b_16e_instruct,GA_ADAPTIVE,triangle_type,scalene,25,True,True,"[40, 71, 65]",0.0,scalene,0,80,0.0001004999503493309
no_semantic_meta_llama_llama_4_scout_17b_16e_instruct,GA_ADAPTIVE,triangle_type,scalene,26,True,True,"[91, 74, 29]",0.0,scalene,0,80,0.00010066700633615255
no_semantic_meta_llama_llama_4_scout_17b_16e_instruct,GA_ADAPTIVE,triangle_type,scalene,27,True,True,"[85, 38, 50]",0.0,scalene,0,80,9.991694241762161e-05
no_semantic_meta_llama_llama_4_scout_17b_16e_instruct,GA_ADAPTIVE,triangle_type,scalene,28,True,True,"[79, 72, 77]",0.0,scalene,0,80,9.987503290176392e-05
no_semantic_meta_llama_llama_4_scout_17b_16e_instruct,GA_ADAPTIVE,triangle_type,scalene,29,True,True,"[84, 61, 69]",0.0,scalene,0,80,9.995803702622652e-05
no_semantic_meta_llama_llama_4_scout_17b_16e_instruct,GA_ADAPTIVE,username_category,empty,0,True,True,[''],0.0,empty,0,80,0.00022525002714246511
no_semantic_meta_llama_llama_4_scout_17b_16e_instruct,GA_ADAPTIVE,username_category,empty,1,True,True,[''],0.0,empty,0,80,0.0002091249916702509
no_semantic_meta_llama_llama_4_scout_17b_16e_instruct,GA_ADAPTIVE,username_category,empty,2,True,True,[''],0.0,empty,0,80,0.00018570793326944113
no_semantic_meta_llama_llama_4_scout_17b_16e_instruct,GA_ADAPTIVE,username_category,empty,3,True,True,[''],0.0,empty,0,80,0.0001985409762710333
no_semantic_meta_llama_llama_4_scout_17b_16e_instruct,GA_ADAPTIVE,username_category,empty,4,True,True,[''],0.0,empty,0,80,0.00021137495059520006
no_semantic_meta_llama_llama_4_scout_17b_16e_instruct,GA_ADAPTIVE,username_category,empty,5,True,True,[''],0.0,empty,0,80,0.00019929104018956423
no_semantic_meta_llama_llama_4_scout_17b_16e_instruct,GA_ADAPTIVE,username_category,empty,6,True,True,[''],0.0,empty,0,80,0.00019749999046325684
no_semantic_meta_llama_llama_4_scout_17b_16e_instruct,GA_ADAPTIVE,username_category,empty,7,True,True,[''],0.0,empty,0,80,0.00019116699695587158
no_semantic_meta_llama_llama_4_scout_17b_16e_instruct,GA_ADAPTIVE,username_category,empty,8,True,True,[''],0.0,empty,0,80,0.00020395801402628422
no_semantic_meta_llama_llama_4_scout_17b_16e_instruct,GA_ADAPTIVE,username_category,empty,9,True,True,[''],0.0,empty,0,80,0.00019958300981670618
no_semantic_meta_llama_llama_4_scout_17b_16e_instruct,GA_ADAPTIVE,username_category,empty,10,True,True,[''],0.0,empty,0,80,0.000213916995562613
no_semantic_meta_llama_llama_4_scout_17b_16e_instruct,GA_ADAPTIVE,username_category,empty,11,True,True,[''],0.0,empty,0,80,0.00020154204685240984
no_semantic_meta_llama_llama_4_scout_17b_16e_instruct,GA_ADAPTIVE,username_category,empty,12,True,True,[''],0.0,empty,0,80,0.00021016597747802734
no_semantic_meta_llama_llama_4_scout_17b_16e_instruct,GA_ADAPTIVE,username_category,empty,13,True,True,[''],0.0,empty,0,80,0.00021766603458672762
no_semantic_meta_llama_llama_4_scout_17b_16e_instruct,GA_ADAPTIVE,username_category,empty,14,True,True,[''],0.0,empty,0,80,0.00022308295592665672
no_semantic_meta_llama_llama_4_scout_17b_16e_instruct,GA_ADAPTIVE,username_category,empty,15,True,True,[''],0.0,empty,0,80,0.0002162080490961671
no_semantic_meta_llama_llama_4_scout_17b_16e_instruct,GA_ADAPTIVE,username_category,empty,16,True,True,[''],0.0,empty,0,80,0.00019695807714015245
no_semantic_meta_llama_llama_4_scout_17b_16e_instruct,GA_ADAPTIVE,username_category,empty,17,True,True,[''],0.0,empty,0,80,0.00021308299619704485
no_semantic_meta_llama_llama_4_scout_17b_16e_instruct,GA_ADAPTIVE,username_category,empty,18,True,True,[''],0.0,empty,0,80,0.00019150006119161844
no_semantic_meta_llama_llama_4_scout_17b_16e_instruct,GA_ADAPTIVE,username_category,empty,19,True,True,[''],0.0,empty,0,80,0.00019391695968806744
no_semantic_meta_llama_llama_4_scout_17b_16e_instruct,GA_ADAPTIVE,username_category,empty,20,True,True,[''],0.0,empty,0,80,0.00020250002853572369
no_semantic_meta_llama_llama_4_scout_17b_16e_instruct,GA_ADAPTIVE,username_category,empty,21,True,True,[''],0.0,empty,0,80,0.0001984580885618925
no_semantic_meta_llama_llama_4_scout_17b_16e_instruct,GA_ADAPTIVE,username_category,empty,22,True,True,[''],0.0,empty,0,80,0.00020166696049273014
no_semantic_meta_llama_llama_4_scout_17b_16e_instruct,GA_ADAPTIVE,username_category,empty,23,True,True,[''],0.0,empty,0,80,0.00019579194486141205
no_semantic_meta_llama_llama_4_scout_17b_16e_instruct,GA_ADAPTIVE,username_category,empty,24,True,True,[''],0.0,empty,0,80,0.00019966706167906523
no_semantic_meta_llama_llama_4_scout_17b_16e_instruct,GA_ADAPTIVE,username_category,empty,25,True,True,[''],0.0,empty,0,80,0.00020195799879729748
no_semantic_meta_llama_llama_4_scout_17b_16e_instruct,GA_ADAPTIVE,username_category,empty,26,True,True,[''],0.0,empty,0,80,0.00020716607104986906
no_semantic_meta_llama_llama_4_scout_17b_16e_instruct,GA_ADAPTIVE,username_category,empty,27,True,True,[''],0.0,empty,0,80,0.00018987501971423626
no_semantic_meta_llama_llama_4_scout_17b_16e_instruct,GA_ADAPTIVE,username_category,empty,28,True,True,[''],0.0,empty,0,80,0.00018933298997581005
no_semantic_meta_llama_llama_4_scout_17b_16e_instruct,GA_ADAPTIVE,username_category,empty,29,True,True,[''],0.0,empty,0,80,0.00020041607785969973
no_semantic_meta_llama_llama_4_scout_17b_16e_instruct,GA_ADAPTIVE,username_category,too_short,0,True,True,['1'],0.0,too_short,0,80,0.00019933306612074375
no_semantic_meta_llama_llama_4_scout_17b_16e_instruct,GA_ADAPTIVE,username_category,too_short,1,True,True,['m1X22XSrtW'],0.0,too_short,0,80,0.00020691705867648125
no_semantic_meta_llama_llama_4_scout_17b_16e_instruct,GA_ADAPTIVE,username_category,too_short,2,True,True,['Nn'],0.0,too_short,0,80,0.0002122499281540513
no_semantic_meta_llama_llama_4_scout_17b_16e_instruct,GA_ADAPTIVE,username_category,too_short,3,True,True,['L9SptF'],0.0,too_short,0,80,0.00020337500609457493
no_semantic_meta_llama_llama_4_scout_17b_16e_instruct,GA_ADAPTIVE,username_category,too_short,4,True,True,['317EUhZjy13u'],0.0,too_short,0,80,0.000197957968339324
no_semantic_meta_llama_llama_4_scout_17b_16e_instruct,GA_ADAPTIVE,username_category,too_short,5,True,True,['L5AVOD8I0rcIKXi'],0.0,too_short,0,80,0.00020195799879729748
no_semantic_meta_llama_llama_4_scout_17b_16e_instruct,GA_ADAPTIVE,username_category,too_short,6,True,True,['PPtn'],0.0,too_short,0,80,0.0001889999257400632
no_semantic_meta_llama_llama_4_scout_17b_16e_instruct,GA_ADAPTIVE,username_category,too_short,7,True,True,['FE'],0.0,too_short,0,80,0.0002155420370399952
no_semantic_meta_llama_llama_4_scout_17b_16e_instruct,GA_ADAPTIVE,username_category,too_short,8,True,True,['Y'],0.0,too_short,0,80,0.0001990830060094595
no_semantic_meta_llama_llama_4_scout_17b_16e_instruct,GA_ADAPTIVE,username_category,too_short,9,True,True,['bKuIGVtlDQQ'],0.0,too_short,0,80,0.00020929204765707254
no_semantic_meta_llama_llama_4_scout_17b_16e_instruct,GA_ADAPTIVE,username_category,too_short,10,True,True,['cv2xA9HF1gKVq18'],0.0,too_short,0,80,0.00018808303866535425
no_semantic_meta_llama_llama_4_scout_17b_16e_instruct,GA_ADAPTIVE,username_category,too_short,11,True,True,['2oQC'],0.0,too_short,0,80,0.00021054199896752834
no_semantic_meta_llama_llama_4_scout_17b_16e_instruct,GA_ADAPTIVE,username_category,too_short,12,True,True,['Uox1jC'],0.0,too_short,0,80,0.00019004102796316147
no_semantic_meta_llama_llama_4_scout_17b_16e_instruct,GA_ADAPTIVE,username_category,too_short,13,True,True,['I'],0.0,too_short,0,80,0.00020470796152949333
no_semantic_meta_llama_llama_4_scout_17b_16e_instruct,GA_ADAPTIVE,username_category,too_short,14,True,True,['qb22vhLxHGPFII'],0.0,too_short,0,80,0.0002025839639827609
no_semantic_meta_llama_llama_4_scout_17b_16e_instruct,GA_ADAPTIVE,username_category,too_short,15,True,True,['IWcK1VxTJPoS6'],0.0,too_short,0,80,0.00019841594621539116
no_semantic_meta_llama_llama_4_scout_17b_16e_instruct,GA_ADAPTIVE,username_category,too_short,16,True,True,['lBW'],0.0,too_short,0,80,0.00020400003995746374
no_semantic_meta_llama_llama_4_scout_17b_16e_instruct,GA_ADAPTIVE,username_category,too_short,17,True,True,['5vUs2xfF9Qz6fPy'],0.0,too_short,0,80,0.0002014589263126254
no_semantic_meta_llama_llama_4_scout_17b_16e_instruct,GA_ADAPTIVE,username_category,too_short,18,True,True,['E'],0.0,too_short,0,80,0.0002167089842259884
no_semantic_meta_llama_llama_4_scout_17b_16e_instruct,GA_ADAPTIVE,username_category,too_short,19,True,True,['0EzgowKTMil'],0.0,too_short,0,80,0.0002193329855799675
no_semantic_meta_llama_llama_4_scout_17b_16e_instruct,GA_ADAPTIVE,username_category,too_short,20,True,True,['dy2pcIRE77Mz'],0.0,too_short,0,80,0.00019837496802210808
no_semantic_meta_llama_llama_4_scout_17b_16e_instruct,GA_ADAPTIVE,username_category,too_short,21,True,True,['w3A9sq'],0.0,too_short,0,80,0.00021062500309199095
no_semantic_meta_llama_llama_4_scout_17b_16e_instruct,GA_ADAPTIVE,username_category,too_short,22,True,True,['GWO0AfkF'],0.0,too_short,0,80,0.00020150002092123032
no_semantic_meta_llama_llama_4_scout_17b_16e_instruct,GA_ADAPTIVE,username_category,too_short,23,True,True,['sHIeteDEge'],0.0,too_short,0,80,0.0002096670214086771
no_semantic_meta_llama_llama_4_scout_17b_16e_instruct,GA_ADAPTIVE,username_category,too_short,24,True,True,['MIp'],0.0,too_short,0,80,0.00020262505859136581
no_semantic_meta_llama_llama_4_scout_17b_16e_instruct,GA_ADAPTIVE,username_category,too_short,25,True,True,['1Iepm4'],0.0,too_short,0,80,0.00021716696210205555
no_semantic_meta_llama_llama_4_scout_17b_16e_instruct,GA_ADAPTIVE,username_category,too_short,26,True,True,['bEb'],0.0,too_short,0,80,0.0001990830060094595
no_semantic_meta_llama_llama_4_scout_17b_16e_instruct,GA_ADAPTIVE,username_category,too_short,27,True,True,['PGaIQzpqB6tP'],0.0,too_short,0,80,0.00020891602616757154
no_semantic_meta_llama_llama_4_scout_17b_16e_instruct,GA_ADAPTIVE,username_category,too_short,28,True,True,['lTiwW1PXu'],0.0,too_short,0,80,0.0001986249117180705
no_semantic_meta_llama_llama_4_scout_17b_16e_instruct,GA_ADAPTIVE,username_category,too_short,29,True,True,['aKA5jRPBA'],0.0,too_short,0,80,0.00019924994558095932
no_semantic_meta_llama_llama_4_scout_17b_16e_instruct,GA_ADAPTIVE,username_category,starts_with_digit,0,True,True,['3'],0.0,starts_with_digit,0,80,0.00021179206669330597
no_semantic_meta_llama_llama_4_scout_17b_16e_instruct,GA_ADAPTIVE,username_category,starts_with_digit,1,True,True,['7BX16mWfl'],0.0,starts_with_digit,0,80,0.0001907499972730875
no_semantic_meta_llama_llama_4_scout_17b_16e_instruct,GA_ADAPTIVE,username_category,starts_with_digit,2,True,True,['87NL96ON'],0.0,starts_with_digit,0,80,0.0002067080931738019
no_semantic_meta_llama_llama_4_scout_17b_16e_instruct,GA_ADAPTIVE,username_category,starts_with_digit,3,True,True,['3i3'],0.0,starts_with_digit,0,80,0.00020074995700269938
no_semantic_meta_llama_llama_4_scout_17b_16e_instruct,GA_ADAPTIVE,username_category,starts_with_digit,4,True,True,['8pzKi48XWqO'],0.0,starts_with_digit,0,80,0.00020166602917015553
no_semantic_meta_llama_llama_4_scout_17b_16e_instruct,GA_ADAPTIVE,username_category,starts_with_digit,5,True,True,['0ho8AMz94grII0'],0.0,starts_with_digit,0,80,0.00018508301582187414
no_semantic_meta_llama_llama_4_scout_17b_16e_instruct,GA_ADAPTIVE,username_category,starts_with_digit,6,True,True,['4FYivUqh'],0.0,starts_with_digit,0,80,0.00020341703202575445
no_semantic_meta_llama_llama_4_scout_17b_16e_instruct,GA_ADAPTIVE,username_category,starts_with_digit,7,True,True,['4frllcZPf9C8cFu'],0.0,starts_with_digit,0,80,0.00018037494737654924
no_semantic_meta_llama_llama_4_scout_17b_16e_instruct,GA_ADAPTIVE,username_category,starts_with_digit,8,True,True,['1FO0vBhKJnouIm'],0.0,starts_with_digit,0,80,0.0001919169444590807
no_semantic_meta_llama_llama_4_scout_17b_16e_instruct,GA_ADAPTIVE,username_category,starts_with_digit,9,True,True,['7H1i7md9yON'],0.0,starts_with_digit,0,80,0.00020808400586247444
no_semantic_meta_llama_llama_4_scout_17b_16e_instruct,GA_ADAPTIVE,username_category,starts_with_digit,10,True,True,['1QnLg6P1'],0.0,starts_with_digit,0,80,0.0002032499760389328
no_semantic_meta_llama_llama_4_scout_17b_16e_instruct,GA_ADAPTIVE,username_category,starts_with_digit,11,True,True,['1ZHMbmBFzc'],0.0,starts_with_digit,0,80,0.0001783330226317048
no_semantic_meta_llama_llama_4_scout_17b_16e_instruct,GA_ADAPTIVE,username_category,starts_with_digit,12,True,True,['30HyVUScY8UE7F'],0.0,starts_with_digit,0,80,0.00020708295051008463
no_semantic_meta_llama_llama_4_scout_17b_16e_instruct,GA_ADAPTIVE,username_category,starts_with_digit,13,True,True,['4bKLafbMaM'],0.0,starts_with_digit,0,80,0.00019229191821068525
no_semantic_meta_llama_llama_4_scout_17b_16e_instruct,GA_ADAPTIVE,username_category,starts_with_digit,14,True,True,['1HBtgr'],0.0,starts_with_digit,0,80,0.0001969159347936511
no_semantic_meta_llama_llama_4_scout_17b_16e_instruct,GA_ADAPTIVE,username_category,starts_with_digit,15,True,True,['7gzoQFAsk5BB'],0.0,starts_with_digit,0,80,0.00019058305770158768
no_semantic_meta_llama_llama_4_scout_17b_16e_instruct,GA_ADAPTIVE,username_category,starts_with_digit,16,True,True,['3rSNvjcGvzPEbCm'],0.0,starts_with_digit,0,80,0.00018912495579570532
no_semantic_meta_llama_llama_4_scout_17b_16e_instruct,GA_ADAPTIVE,username_category,starts_with_digit,17,True,True,['8dRG7jC2t2'],0.0,starts_with_digit,0,80,0.00020758295431733131
no_semantic_meta_llama_llama_4_scout_17b_16e_instruct,GA_ADAPTIVE,username_category,starts_with_digit,18,True,True,['4BHVrFQ8l'],0.0,starts_with_digit,0,80,0.00019595806952565908
no_semantic_meta_llama_llama_4_scout_17b_16e_instruct,GA_ADAPTIVE,username_category,starts_with_digit,19,True,True,['0d'],0.0,starts_with_digit,0,80,0.0001907499972730875
no_semantic_meta_llama_llama_4_scout_17b_16e_instruct,GA_ADAPTIVE,username_category,starts_with_digit,20,True,True,['3QYONb'],0.0,starts_with_digit,0,80,0.0001982920803129673
no_semantic_meta_llama_llama_4_scout_17b_16e_instruct,GA_ADAPTIVE,username_category,starts_with_digit,21,True,True,['9UEUSJ'],0.0,starts_with_digit,0,80,0.00019704201258718967
no_semantic_meta_llama_llama_4_scout_17b_16e_instruct,GA_ADAPTIVE,username_category,starts_with_digit,22,True,True,['2TiJv'],0.0,starts_with_digit,0,80,0.00018708291463553905
no_semantic_meta_llama_llama_4_scout_17b_16e_instruct,GA_ADAPTIVE,username_category,starts_with_digit,23,True,True,['9m1migTU'],0.0,starts_with_digit,0,80,0.0002108750632032752
no_semantic_meta_llama_llama_4_scout_17b_16e_instruct,GA_ADAPTIVE,username_category,starts_with_digit,24,True,True,['539PX77KH7oN0'],0.0,starts_with_digit,0,80,0.00020304194185882807
no_semantic_meta_llama_llama_4_scout_17b_16e_instruct,GA_ADAPTIVE,username_category,starts_with_digit,25,True,True,['96O'],0.0,starts_with_digit,0,80,0.0001862079370766878
no_semantic_meta_llama_llama_4_scout_17b_16e_instruct,GA_ADAPTIVE,username_category,starts_with_digit,26,True,True,['23'],0.0,starts_with_digit,0,80,0.0001949999714270234
no_semantic_meta_llama_llama_4_scout_17b_16e_instruct,GA_ADAPTIVE,username_category,starts_with_digit,27,True,True,['2S1pZUVkMZ3ObZY'],0.0,starts_with_digit,0,80,0.000193667015992105
no_semantic_meta_llama_llama_4_scout_17b_16e_instruct,GA_ADAPTIVE,username_category,starts_with_digit,28,True,True,['1A0'],0.0,starts_with_digit,0,80,0.00020220805890858173
no_semantic_meta_llama_llama_4_scout_17b_16e_instruct,GA_ADAPTIVE,username_category,starts_with_digit,29,True,True,['90wh4ojtCjs9RB'],0.0,starts_with_digit,0,80,0.00019337504636496305
no_semantic_meta_llama_llama_4_scout_17b_16e_instruct,GA_ADAPTIVE,username_category,weak_username,0,True,True,['zHwQONCUjzLBUc'],0.0,weak_username,0,80,0.00019320903811603785
no_semantic_meta_llama_llama_4_scout_17b_16e_instruct,GA_ADAPTIVE,username_category,weak_username,1,True,True,['dnTzzB'],0.0,weak_username,0,80,0.00022016698494553566
no_semantic_meta_llama_llama_4_scout_17b_16e_instruct,GA_ADAPTIVE,username_category,weak_username,2,True,True,['UEHJO'],0.0,weak_username,0,80,0.0002138339914381504
no_semantic_meta_llama_llama_4_scout_17b_16e_instruct,GA_ADAPTIVE,username_category,weak_username,3,True,True,['tnSqIuERm'],0.0,weak_username,0,80,0.00020695803686976433
no_semantic_meta_llama_llama_4_scout_17b_16e_instruct,GA_ADAPTIVE,username_category,weak_username,4,True,True,['KIkgDRamEhzg'],0.0,weak_username,0,80,0.00019195792265236378
no_semantic_meta_llama_llama_4_scout_17b_16e_instruct,GA_ADAPTIVE,username_category,weak_username,5,True,True,['PvGIQX'],0.0,weak_username,0,80,0.0002133330563083291
no_semantic_meta_llama_llama_4_scout_17b_16e_instruct,GA_ADAPTIVE,username_category,weak_username,6,True,True,['MCjjFLI'],0.0,weak_username,0,80,0.00020999996922910213
no_semantic_meta_llama_llama_4_scout_17b_16e_instruct,GA_ADAPTIVE,username_category,weak_username,7,True,True,['XDOFgtcYcA'],0.0,weak_username,0,80,0.00020000000949949026
no_semantic_meta_llama_llama_4_scout_17b_16e_instruct,GA_ADAPTIVE,username_category,weak_username,8,True,True,['wyKDiBmUoIntjS'],0.0,weak_username,0,80,0.00020441599190235138
no_semantic_meta_llama_llama_4_scout_17b_16e_instruct,GA_ADAPTIVE,username_category,weak_username,9,True,True,['qEidE'],0.0,weak_username,0,80,0.00021066702902317047
no_semantic_meta_llama_llama_4_scout_17b_16e_instruct,GA_ADAPTIVE,username_category,weak_username,10,True,True,['mzLjj'],0.0,weak_username,0,80,0.00020791590213775635
no_semantic_meta_llama_llama_4_scout_17b_16e_instruct,GA_ADAPTIVE,username_category,weak_username,11,True,True,['ImUyY'],0.0,weak_username,0,80,0.00019500008784234524
no_semantic_meta_llama_llama_4_scout_17b_16e_instruct,GA_ADAPTIVE,username_category,weak_username,12,True,True,['VQctKcpbnB'],0.0,weak_username,0,80,0.0001924580428749323
no_semantic_meta_llama_llama_4_scout_17b_16e_instruct,GA_ADAPTIVE,username_category,weak_username,13,True,True,['DopItrNT'],0.0,weak_username,0,80,0.0002127919578924775
no_semantic_meta_llama_llama_4_scout_17b_16e_instruct,GA_ADAPTIVE,username_category,weak_username,14,True,True,['RzuTp'],0.0,weak_username,0,80,0.000203792005777359
no_semantic_meta_llama_llama_4_scout_17b_16e_instruct,GA_ADAPTIVE,username_category,weak_username,15,True,True,['AdtzEtEVPQx'],0.0,weak_username,0,80,0.00020899996161460876
no_semantic_meta_llama_llama_4_scout_17b_16e_instruct,GA_ADAPTIVE,username_category,weak_username,16,True,True,['NVzYEPZLpSrl'],0.0,weak_username,0,80,0.00020400003995746374
no_semantic_meta_llama_llama_4_scout_17b_16e_instruct,GA_ADAPTIVE,username_category,weak_username,17,True,True,['uwf1p'],0.0,weak_username,0,80,0.00019587506540119648
no_semantic_meta_llama_llama_4_scout_17b_16e_instruct,GA_ADAPTIVE,username_category,weak_username,18,True,True,['KlIGZbsagrj'],0.0,weak_username,0,80,0.00019937509205192327
no_semantic_meta_llama_llama_4_scout_17b_16e_instruct,GA_ADAPTIVE,username_category,weak_username,19,True,True,['jiZpdo'],0.0,weak_username,0,80,0.00019525003153830767
no_semantic_meta_llama_llama_4_scout_17b_16e_instruct,GA_ADAPTIVE,username_category,weak_username,20,True,True,['rnpmj'],0.0,weak_username,0,80,0.00018862506840378046
no_semantic_meta_llama_llama_4_scout_17b_16e_instruct,GA_ADAPTIVE,username_category,weak_username,21,True,True,['AeKHfOlLd'],0.0,weak_username,0,80,0.00019791699014604092
no_semantic_meta_llama_llama_4_scout_17b_16e_instruct,GA_ADAPTIVE,username_category,weak_username,22,True,True,['NiFQxqTIDegde'],0.0,weak_username,0,80,0.0002067500026896596
no_semantic_meta_llama_llama_4_scout_17b_16e_instruct,GA_ADAPTIVE,username_category,weak_username,23,True,True,['OEUym'],0.0,weak_username,0,80,0.00019950000569224358
no_semantic_meta_llama_llama_4_scout_17b_16e_instruct,GA_ADAPTIVE,username_category,weak_username,24,True,True,['aflOUOJl'],0.0,weak_username,0,80,0.00021233398001641035
no_semantic_meta_llama_llama_4_scout_17b_16e_instruct,GA_ADAPTIVE,username_category,weak_username,25,True,True,['IRATsZ'],0.0,weak_username,0,80,0.00020683393813669682
no_semantic_meta_llama_llama_4_scout_17b_16e_instruct,GA_ADAPTIVE,username_category,weak_username,26,True,True,['PiJTxnoifEwN'],0.0,weak_username,0,80,0.0002041670959442854
no_semantic_meta_llama_llama_4_scout_17b_16e_instruct,GA_ADAPTIVE,username_category,weak_username,27,True,True,['Xwfnoog'],0.0,weak_username,0,80,0.0001983750844374299
no_semantic_meta_llama_llama_4_scout_17b_16e_instruct,GA_ADAPTIVE,username_category,weak_username,28,True,True,['rLGbdHpwKi'],0.0,weak_username,0,80,0.00020583299919962883
no_semantic_meta_llama_llama_4_scout_17b_16e_instruct,GA_ADAPTIVE,username_category,weak_username,29,True,True,['nyukX'],0.0,weak_username,0,80,0.00021366600412875414
no_semantic_meta_llama_llama_4_scout_17b_16e_instruct,GA_ADAPTIVE,username_category,medium_username,0,True,True,['r4RVkuD4Odk'],0.0,medium_username,0,80,0.0001997080398723483
no_semantic_meta_llama_llama_4_scout_17b_16e_instruct,GA_ADAPTIVE,username_category,medium_username,1,True,True,['lJEAtH0Ee'],0.0,medium_username,0,80,0.00019470800179988146
no_semantic_meta_llama_llama_4_scout_17b_16e_instruct,GA_ADAPTIVE,username_category,medium_username,2,True,True,['hidH2aI2A8HUNH'],0.0,medium_username,0,80,0.00019349996000528336
no_semantic_meta_llama_llama_4_scout_17b_16e_instruct,GA_ADAPTIVE,username_category,medium_username,3,True,True,['afyhcj1HHmzAn'],0.0,medium_username,0,80,0.00020462507382035255
no_semantic_meta_llama_llama_4_scout_17b_16e_instruct,GA_ADAPTIVE,username_category,medium_username,4,True,True,['dnotegnrr79Y'],0.0,medium_username,0,80,0.00019454199355095625
no_semantic_meta_llama_llama_4_scout_17b_16e_instruct,GA_ADAPTIVE,username_category,medium_username,5,True,True,['k4QqlQV'],0.0,medium_username,0,80,0.00020650005899369717
no_semantic_meta_llama_llama_4_scout_17b_16e_instruct,GA_ADAPTIVE,username_category,medium_username,6,True,True,['QFEl6qUGT8ye3P'],0.0,medium_username,0,80,0.0002145000034943223
no_semantic_meta_llama_llama_4_scout_17b_16e_instruct,GA_ADAPTIVE,username_category,medium_username,7,True,True,['OJWYt30o'],0.0,medium_username,0,80,0.00020533299539238214
no_semantic_meta_llama_llama_4_scout_17b_16e_instruct,GA_ADAPTIVE,username_category,medium_username,8,True,True,['pL1vPmoW2nEX'],0.0,medium_username,0,80,0.00021374993957579136
no_semantic_meta_llama_llama_4_scout_17b_16e_instruct,GA_ADAPTIVE,username_category,medium_username,9,True,True,['gh7BmkfPvbJkL5N'],0.0,medium_username,0,80,0.00020704197231680155
no_semantic_meta_llama_llama_4_scout_17b_16e_instruct,GA_ADAPTIVE,username_category,medium_username,10,True,True,['noQK3BY'],0.0,medium_username,0,80,0.00019262498244643211
no_semantic_meta_llama_llama_4_scout_17b_16e_instruct,GA_ADAPTIVE,username_category,medium_username,11,True,True,['MLQ3Eki7BAf'],0.0,medium_username,0,80,0.00019741698633879423
no_semantic_meta_llama_llama_4_scout_17b_16e_instruct,GA_ADAPTIVE,username_category,medium_username,12,True,True,['dL3C6'],0.0,medium_username,0,80,0.00019395898561924696
no_semantic_meta_llama_llama_4_scout_17b_16e_instruct,GA_ADAPTIVE,username_category,medium_username,13,True,True,['c9swAA'],0.0,medium_username,0,80,0.0001937500201165676
no_semantic_meta_llama_llama_4_scout_17b_16e_instruct,GA_ADAPTIVE,username_category,medium_username,14,True,True,['v7BnqCM3Jyj'],0.0,medium_username,0,80,0.0002038750099018216
no_semantic_meta_llama_llama_4_scout_17b_16e_instruct,GA_ADAPTIVE,username_category,medium_username,15,True,True,['jDG902qhiC5mu'],0.0,medium_username,0,80,0.00018783402629196644
no_semantic_meta_llama_llama_4_scout_17b_16e_instruct,GA_ADAPTIVE,username_category,medium_username,16,True,True,['mF6mjTFCFK'],0.0,medium_username,0,80,0.00019712501671165228
no_semantic_meta_llama_llama_4_scout_17b_16e_instruct,GA_ADAPTIVE,username_category,medium_username,17,True,True,['AG0xJz'],0.0,medium_username,0,80,0.0002044580178335309
no_semantic_meta_llama_llama_4_scout_17b_16e_instruct,GA_ADAPTIVE,username_category,medium_username,18,True,True,['vN5MLdJw24WVlcK'],0.0,medium_username,0,80,0.00019812502432614565
no_semantic_meta_llama_llama_4_scout_17b_16e_instruct,GA_ADAPTIVE,username_category,medium_username,19,True,True,['d2PvJceUJmdHb'],0.0,medium_username,0,80,0.00019820802845060825
no_semantic_meta_llama_llama_4_scout_17b_16e_instruct,GA_ADAPTIVE,username_category,medium_username,20,True,True,['JDXBfThWm3o059'],0.0,medium_username,0,80,0.00020991696510463953
no_semantic_meta_llama_llama_4_scout_17b_16e_instruct,GA_ADAPTIVE,username_category,medium_username,21,True,True,['DyDIGXVDL4SR'],0.0,medium_username,0,80,0.0001948750577867031
no_semantic_meta_llama_llama_4_scout_17b_16e_instruct,GA_ADAPTIVE,username_category,medium_username,22,True,True,['HsyypbiQ72dNnY4'],0.0,medium_username,0,80,0.00018941599410027266
no_semantic_meta_llama_llama_4_scout_17b_16e_instruct,GA_ADAPTIVE,username_category,medium_username,23,True,True,['w0Lw5E9idnnRa4t'],0.0,medium_username,0,80,0.00020337500609457493
no_semantic_meta_llama_llama_4_scout_17b_16e_instruct,GA_ADAPTIVE,username_category,medium_username,24,True,True,['vV8uIh3y'],0.0,medium_username,0,80,0.00020191597286611795
no_semantic_meta_llama_llama_4_scout_17b_16e_instruct,GA_ADAPTIVE,username_category,medium_username,25,True,True,['A62AbSSS'],0.0,medium_username,0,80,0.00020412495359778404
no_semantic_meta_llama_llama_4_scout_17b_16e_instruct,GA_ADAPTIVE,username_category,medium_username,26,True,True,['dbdVL3Uu0ABh'],0.0,medium_username,0,80,0.00019525003153830767
no_semantic_meta_llama_llama_4_scout_17b_16e_instruct,GA_ADAPTIVE,username_category,medium_username,27,True,True,['yS7wzvKJ'],0.0,medium_username,0,80,0.00019225000869482756
no_semantic_meta_llama_llama_4_scout_17b_16e_instruct,GA_ADAPTIVE,username_category,medium_username,28,True,True,['Z8IVjIMzuragl7j'],0.0,medium_username,0,80,0.00020229199435561895
no_semantic_meta_llama_llama_4_scout_17b_16e_instruct,GA_ADAPTIVE,username_category,medium_username,29,True,True,['IuGZOemNWMl9'],0.0,medium_username,0,80,0.0002145830076187849
no_semantic_meta_llama_llama_4_scout_17b_16e_instruct,GA_ADAPTIVE,username_category,strong_username,0,False,False,['KlZvQ9'],1.0,,0,8080,0.04111858305986971
no_semantic_meta_llama_llama_4_scout_17b_16e_instruct,GA_ADAPTIVE,username_category,strong_username,1,False,False,['XB66aa'],1.0,,0,8080,0.04088758397847414
no_semantic_meta_llama_llama_4_scout_17b_16e_instruct,GA_ADAPTIVE,username_category,strong_username,2,False,False,['huGSPA'],1.0,,0,8080,0.040805208031088114
no_semantic_meta_llama_llama_4_scout_17b_16e_instruct,GA_ADAPTIVE,username_category,strong_username,3,False,False,['W0BBbXgLJ'],1.0,,0,8080,0.04118770803324878
no_semantic_meta_llama_llama_4_scout_17b_16e_instruct,GA_ADAPTIVE,username_category,strong_username,4,False,False,['XF4Qw'],1.0,,0,8080,0.040983084007166326
no_semantic_meta_llama_llama_4_scout_17b_16e_instruct,GA_ADAPTIVE,username_category,strong_username,5,False,False,['DXQQXYzEH0p'],1.0,,0,8080,0.04139970801770687
no_semantic_meta_llama_llama_4_scout_17b_16e_instruct,GA_ADAPTIVE,username_category,strong_username,6,False,False,['Q6eOeyvBNtnrdr'],1.0,,0,8080,0.04142320901155472
no_semantic_meta_llama_llama_4_scout_17b_16e_instruct,GA_ADAPTIVE,username_category,strong_username,7,False,False,['IlkJuX7Y4bXFvMQ'],1.0,,0,8080,0.04276733403094113
no_semantic_meta_llama_llama_4_scout_17b_16e_instruct,GA_ADAPTIVE,username_category,strong_username,8,False,False,['FlYXKXI'],1.0,,0,8080,0.0417041250038892
no_semantic_meta_llama_llama_4_scout_17b_16e_instruct,GA_ADAPTIVE,username_category,strong_username,9,False,False,['N5dERar'],1.0,,0,8080,0.041457709041424096
no_semantic_meta_llama_llama_4_scout_17b_16e_instruct,GA_ADAPTIVE,username_category,strong_username,10,False,False,['WxtOboKJMM'],1.0,,0,8080,0.041533874929882586
no_semantic_meta_llama_llama_4_scout_17b_16e_instruct,GA_ADAPTIVE,username_category,strong_username,11,False,False,['GPHLyp1aNknd'],1.0,,0,8080,0.041655875043943524
no_semantic_meta_llama_llama_4_scout_17b_16e_instruct,GA_ADAPTIVE,username_category,strong_username,12,False,False,['J4iOSyeH'],1.0,,0,8080,0.04127079201862216
no_semantic_meta_llama_llama_4_scout_17b_16e_instruct,GA_ADAPTIVE,username_category,strong_username,13,False,False,['bTI65EhN58wQ'],1.0,,0,8080,0.04104154102969915
no_semantic_meta_llama_llama_4_scout_17b_16e_instruct,GA_ADAPTIVE,username_category,strong_username,14,False,False,['bk9BLO9'],1.0,,0,8080,0.04092970897909254
no_semantic_meta_llama_llama_4_scout_17b_16e_instruct,GA_ADAPTIVE,username_category,strong_username,15,False,False,['ediVcpJ235TGC'],1.0,,0,8080,0.04182637494523078
no_semantic_meta_llama_llama_4_scout_17b_16e_instruct,GA_ADAPTIVE,username_category,strong_username,16,False,False,['IChiUxctk0IM'],1.0,,0,8080,0.04126616602297872
no_semantic_meta_llama_llama_4_scout_17b_16e_instruct,GA_ADAPTIVE,username_category,strong_username,17,False,False,['kqXBU1HnFL00'],1.0,,0,8080,0.041320167016237974
no_semantic_meta_llama_llama_4_scout_17b_16e_instruct,GA_ADAPTIVE,username_category,strong_username,18,False,False,['GaPUdG'],1.0,,0,8080,0.04172804194968194
no_semantic_meta_llama_llama_4_scout_17b_16e_instruct,GA_ADAPTIVE,username_category,strong_username,19,False,False,['cntgOLy'],1.0,,0,8080,0.04132962506264448
no_semantic_meta_llama_llama_4_scout_17b_16e_instruct,GA_ADAPTIVE,username_category,strong_username,20,False,False,['tOIRLnhmGz'],1.0,,0,8080,0.041197124985046685
no_semantic_meta_llama_llama_4_scout_17b_16e_instruct,GA_ADAPTIVE,username_category,strong_username,21,False,False,['deOCQ'],1.0,,0,8080,0.041058999951928854
no_semantic_meta_llama_llama_4_scout_17b_16e_instruct,GA_ADAPTIVE,username_category,strong_username,22,False,False,['cMHfCYhkv'],1.0,,0,8080,0.04084608401171863
no_semantic_meta_llama_llama_4_scout_17b_16e_instruct,GA_ADAPTIVE,username_category,strong_username,23,False,False,['Bk02LRD7Hs'],1.0,,0,8080,0.041177624952979386
no_semantic_meta_llama_llama_4_scout_17b_16e_instruct,GA_ADAPTIVE,username_category,strong_username,24,False,False,['HCT2n8vN'],1.0,,0,8080,0.04104508308228105
no_semantic_meta_llama_llama_4_scout_17b_16e_instruct,GA_ADAPTIVE,username_category,strong_username,25,False,False,['UOsMBqGrspa4'],1.0,,0,8080,0.041371708968654275
no_semantic_meta_llama_llama_4_scout_17b_16e_instruct,GA_ADAPTIVE,username_category,strong_username,26,False,False,['hwwe2i2us'],1.0,,0,8080,0.040903624962083995
no_semantic_meta_llama_llama_4_scout_17b_16e_instruct,GA_ADAPTIVE,username_category,strong_username,27,False,False,['QwGYvXnKP9pOU'],1.0,,0,8080,0.04129695799201727
no_semantic_meta_llama_llama_4_scout_17b_16e_instruct,GA_ADAPTIVE,username_category,strong_username,28,False,False,['VsiTZWZtY6'],1.0,,0,8080,0.04126450000330806
no_semantic_meta_llama_llama_4_scout_17b_16e_instruct,GA_ADAPTIVE,username_category,strong_username,29,False,False,['oMx6Y499HnYr5CS'],1.0,,0,8080,0.04147870896849781
