method,function_name,target,run_id,found,validated,best_chromosome,best_fitness,reached_branch,generation,evaluations,runtime
RANDOM,bmi_category,invalid_height,0,False,False,"[993.0294615572111, 8.399088729839077]",8.399089729839076,,0,1000,0.0008976249955594
RANDOM,bmi_category,invalid_height,1,False,False,"[2078.4605054333715, 7.828319933114725]",7.828320933114725,,0,1000,0.000874624995049
RANDOM,bmi_category,invalid_height,2,False,False,"[2276.431513045696, 1.4260543567798933]",1.4260553567798933,,0,1000,0.0008781249925959
RANDOM,bmi_category,invalid_height,3,False,False,"[239.34893439283744, 1.488576901045091]",1.488577901045091,,0,1000,0.0008735000010346
RANDOM,bmi_category,invalid_height,4,False,False,"[2740.7842828293888, 0.6895683668849406]",0.6895693668849406,,0,1000,0.0008124580053845
RANDOM,bmi_category,invalid_height,5,False,False,"[2579.096863350956, 3.8166972347111194]",3.81669823471112,,0,1000,0.0008129169873427
RANDOM,bmi_category,invalid_height,6,False,False,"[439.39295075617855, 0.874188128072384]",0.874189128072384,,0,1000,0.0008112909999908
RANDOM,bmi_category,invalid_height,7,False,False,"[551.5170342368086, 0.27586675902468993]",0.2758677590246899,,0,1000,0.0008210000087274
RANDOM,bmi_category,invalid_height,8,False,False,"[2105.275729123387, 0.4636737988308326]",0.4636747988308325,,0,1000,0.0008104580047074
RANDOM,bmi_category,invalid_height,9,False,False,"[2144.386919378535, 6.626837874950997]",6.626838874950997,,0,1000,0.0008240830065915
RANDOM,bmi_category,invalid_height,10,False,False,"[804.5419107448377, 0.93210497890861]",0.93210597890861,,0,1000,0.0008194169931812
RANDOM,bmi_category,invalid_height,11,False,False,"[1038.0099072646847, 0.7462416932271232]",0.7462426932271232,,0,1000,0.0007892909925431
RANDOM,bmi_category,invalid_height,12,False,False,"[1739.264517469287, 1.3869806766244608]",1.3869816766244607,,0,1000,0.0007788329967297
RANDOM,bmi_category,invalid_height,13,False,False,"[2485.125753743027, 4.619737747043939]",4.6197387470439395,,0,1000,0.0007846670050639
RANDOM,bmi_category,invalid_height,14,False,False,"[2666.490615110154, 3.29125890237425]",3.29125990237425,,0,1000,0.0007797500002197
RANDOM,bmi_category,invalid_height,15,False,False,"[67.12415195731137, 0.8126795072264104]",0.8126805072264104,,0,1000,0.0007827500085113
RANDOM,bmi_category,invalid_height,16,False,False,"[2558.8397497228584, 3.1076313347864204]",3.1076323347864205,,0,1000,0.0007760000007692
RANDOM,bmi_category,invalid_height,17,False,False,"[2031.3092585733234, 6.08566383248188]",6.08566483248188,,0,1000,0.0007804170018061
RANDOM,bmi_category,invalid_height,18,False,False,"[2204.3010741729745, 1.1780693188581104]",1.1780703188581103,,0,1000,0.0007729999924777
RANDOM,bmi_category,invalid_height,19,False,False,"[2020.938974827511, 7.600668584113235]",7.600669584113235,,0,1000,0.000748750011553
RANDOM,bmi_category,invalid_height,20,False,False,"[851.5443075946027, 3.990997893443038]",3.990998893443038,,0,1000,0.0007430840050801
RANDOM,bmi_category,invalid_height,21,False,False,"[2550.5604185316156, 1.5297564152476628]",1.5297574152476627,,0,1000,0.0007487499970011
RANDOM,bmi_category,invalid_height,22,False,False,"[32.96979008880208, 6.415745940795525]",6.415746940795525,,0,1000,0.000736665999284
RANDOM,bmi_category,invalid_height,23,False,False,"[1603.1618898715503, 12.679294386285678]",12.679295386285675,,0,1000,0.0007503749948227
RANDOM,bmi_category,invalid_height,24,False,False,"[692.7935765560466, 0.16436385320384161]",0.1643648532038416,,0,1000,0.0007467090035788
RANDOM,bmi_category,invalid_height,25,False,False,"[2598.2985570821365, 0.5324811542575247]",0.5324821542575248,,0,1000,0.0007448749965988
RANDOM,bmi_category,invalid_height,26,False,False,"[42.09763017673707, 0.6419074065309172]",0.6419084065309172,,0,1000,0.000735416993848
RANDOM,bmi_category,invalid_height,27,False,False,"[1015.5526878423874, 1.5932069342425859]",1.5932079342425858,,0,1000,0.0007137909997254
RANDOM,bmi_category,invalid_height,28,False,False,"[1066.7936174565789, 1.6674750133994776]",1.6674760133994777,,0,1000,0.0007212500058813
RANDOM,bmi_category,invalid_height,29,False,False,"[1821.0349261816248, 1.2858834351241466]",1.2858844351241463,,0,1000,0.0007201249973149
RANDOM,bmi_category,normal,0,True,True,"[1446.6184274628558, 8.18747566615341]",0.0,normal,0,415,0.0003361249982845
RANDOM,bmi_category,normal,1,True,True,"[710.850300145578, 5.659481952125511]",0.0,normal,0,923,0.0007494159945053
RANDOM,bmi_category,normal,2,False,False,"[469.68492378209015, 7.6351698338140706]",10.443077935118266,,0,1000,0.0008135420066537
RANDOM,bmi_category,normal,3,False,False,"[2327.017835739762, 14.346074419206323]",7.193361294934225,,0,1000,0.0008135420066537
RANDOM,bmi_category,normal,4,False,False,"[2281.774714386707, 13.970665176846865]",6.809352729596182,,0,1000,0.0007979170040925
RANDOM,bmi_category,normal,5,False,False,"[1931.3929021358433, 11.034297750658006]",2.637150421213886,,0,1000,0.0007836250006221
RANDOM,bmi_category,normal,6,False,False,"[2189.105108870093, 15.05340376265407]",8.839554635105072,,0,1000,0.0007856250012991
RANDOM,bmi_category,normal,7,False,False,"[1226.7712815295833, 8.804064833333292]",2.6730544170661927,,0,1000,0.000788499994087
RANDOM,bmi_category,normal,8,False,False,"[2717.2984254346, 12.26475045774822]",0.4357522728611219,,0,1000,0.0007835830037947
RANDOM,bmi_category,normal,9,True,True,"[2786.724537467502, 11.117923860153534]",0.0,normal,0,33,2.7709000278264284e-05
RANDOM,bmi_category,normal,10,False,False,"[2668.3665693955236, 14.34325378018464]",5.52969788157248,,0,1000,0.0007713340019108
RANDOM,bmi_category,normal,11,False,False,"[1610.337337491103, 11.65149548440203]",6.638121162161133,,0,1000,0.000764791999245
RANDOM,bmi_category,normal,12,False,False,"[1565.74734381229, 10.2106962814551]",3.4820401738857862,,0,1000,0.0007697499968344
RANDOM,bmi_category,normal,13,False,False,"[2197.101535217482, 13.176157378642639]",5.844697043227787,,0,1000,0.0007621249969815
RANDOM,bmi_category,normal,14,True,True,"[26.93132694963807, 1.1452661121081897]",0.0,normal,0,458,0.0003511249960865
RANDOM,bmi_category,normal,15,False,False,"[2541.742551693868, 13.824680839814363]",5.200929165170831,,0,1000,0.0007650000043213
RANDOM,bmi_category,normal,16,False,False,"[2135.274587037612, 10.88622039571019]",0.4822954088729776,,0,1000,0.0007763749890727
RANDOM,bmi_category,normal,17,True,True,"[2869.287570422315, 11.607551973565556]",0.0,normal,0,638,0.0004867079987889
RANDOM,bmi_category,normal,18,True,True,"[1430.8193452593673, 8.476226919495566]",0.0,normal,0,591,0.0004535000043688
RANDOM,bmi_category,normal,19,True,True,"[335.83705482418367, 3.895139090613231]",0.0,normal,0,158,0.0001207089953823
RANDOM,bmi_category,normal,20,True,True,"[2565.4516284838473, 10.719906749095621]",0.0,normal,0,928,0.00069841700315
RANDOM,bmi_category,normal,21,False,False,"[1195.9771698041484, 9.995939992783143]",6.530512032650306,,0,1000,0.0007522920059273
RANDOM,bmi_category,normal,22,True,True,"[455.29751125137, 4.418184015852256]",0.0,normal,0,226,0.0001745829940773
RANDOM,bmi_category,normal,23,True,True,"[1169.8296597831782, 7.626777226128256]",0.0,normal,0,19,1.6667007002979517e-05
RANDOM,bmi_category,normal,24,True,True,"[2182.030794807928, 10.36569148829225]",0.0,normal,0,27,2.3707994841970503e-05
RANDOM,bmi_category,normal,25,True,True,"[411.64516023008645, 4.198816678522732]",0.0,normal,0,34,3.054201079066843e-05
RANDOM,bmi_category,normal,26,True,True,"[1458.1601739603252, 8.790482490646067]",0.0,normal,0,857,0.0006486670026788
RANDOM,bmi_category,normal,27,False,False,"[516.480204672688, 5.709482353064788]",2.6561696511865405,,0,1000,0.000752874999307
RANDOM,bmi_category,normal,28,False,False,"[2878.3535499350814, 16.462088927944208]",7.878784763073772,,0,1000,0.0007475419988622
RANDOM,bmi_category,normal,29,False,False,"[652.0427718312959, 6.202055709021326]",1.5486327274873648,,0,1000,0.0007436250016326
RANDOM,bmi_category,obese,0,True,True,"[2619.003333990445, 5.771470846855142]",0.0,obese,0,58,4.887499380856752e-05
RANDOM,bmi_category,obese,1,True,True,"[276.8411630342377, 0.22326103970304878]",0.0,obese,0,547,0.000418499999796
RANDOM,bmi_category,obese,2,True,True,"[2688.1259645616424, 1.2475326978476087]",0.0,obese,0,195,0.0001437500031897
RANDOM,bmi_category,obese,3,True,True,"[2923.798843713293, 7.258453025458134]",0.0,obese,0,215,0.000156958005391
RANDOM,bmi_category,obese,4,True,True,"[2600.4980631917156, 2.2451044077345106]",0.0,obese,0,566,0.000394792004954
RANDOM,bmi_category,obese,5,True,True,"[1370.1832440309413, 2.216273475877606]",0.0,obese,0,143,0.0001091670128516
RANDOM,bmi_category,obese,6,True,True,"[2224.666388640337, 2.2721400546000803]",0.0,obese,0,75,6.408301123883575e-05
RANDOM,bmi_category,obese,7,False,False,"[891.7598325936364, 6.330140369218085]",7.745327576299231,,0,1000,0.0006859169952804
RANDOM,bmi_category,obese,8,True,True,"[417.2826581625549, 2.103946734260509]",0.0,obese,0,12,1.0042000212706624e-05
RANDOM,bmi_category,obese,9,False,False,"[2418.7328241219047, 11.991052863581263]",13.178170092389228,,0,1000,0.0006795419903937
RANDOM,bmi_category,obese,10,False,False,"[1254.8156803114923, 14.683205753316386]",24.179797523808297,,0,1000,0.0006838330009486
RANDOM,bmi_category,obese,11,True,True,"[750.0101434182377, 4.938531946712454]",0.0,obese,0,679,0.0004665000014938
RANDOM,bmi_category,obese,12,True,True,"[1295.176900092048, 3.733621868986514]",0.0,obese,0,929,0.000638583995169
RANDOM,bmi_category,obese,13,True,True,"[2296.348463617004, 0.7991536775537877]",0.0,obese,0,584,0.0004046249960083
RANDOM,bmi_category,obese,14,True,True,"[481.29013316219147, 0.024905841379929683]",0.0,obese,0,663,0.0004560000088531
RANDOM,bmi_category,obese,15,True,True,"[2552.966271991083, 8.791416963845888]",0.0,obese,0,33,2.7166999643668532e-05
RANDOM,bmi_category,obese,16,True,True,"[490.46257937949235, 2.8737660669734266]",0.0,obese,0,474,0.0003252499882364
RANDOM,bmi_category,obese,17,True,True,"[1062.8711859806467, 2.7759173888480815]",0.0,obese,0,63,5.412499012891203e-05
RANDOM,bmi_category,obese,18,True,True,"[918.5594729344263, 4.518029126232115]",0.0,obese,0,402,0.0002822919923346
RANDOM,bmi_category,obese,19,True,True,"[1383.2056778509773, 5.540564057531339]",0.0,obese,0,728,0.0005015829956391
RANDOM,bmi_category,obese,20,True,True,"[2961.76095730622, 4.886893366032319]",0.0,obese,0,35,3.0041992431506515e-05
RANDOM,bmi_category,obese,21,True,True,"[2649.932032487792, 3.158850193264229]",0.0,obese,0,207,0.0001460000057704
RANDOM,bmi_category,obese,22,False,False,"[804.1103960818022, 10.913633599314633]",23.248863729871633,,0,1000,0.0006804580043535
RANDOM,bmi_category,obese,23,True,True,"[2070.5406946211688, 6.527588634434922]",0.0,obese,0,341,0.0002431250031804
RANDOM,bmi_category,obese,24,True,True,"[890.4799707769071, 3.414036364291162]",0.0,obese,0,1,2.2500025806948543e-06
RANDOM,bmi_category,obese,25,True,True,"[2814.9502651544713, 0.7506212395863576]",0.0,obese,0,402,0.0002906249865191
RANDOM,bmi_category,obese,26,False,False,"[945.9980754372796, 9.016169382530581]",18.36286449002288,,0,1000,0.0007202919950941
RANDOM,bmi_category,obese,27,True,True,"[2070.1274013277684, 5.785975644107766]",0.0,obese,0,194,0.0001429999974789
RANDOM,bmi_category,obese,28,True,True,"[2577.551231049816, 8.198077367104872]",0.0,obese,0,73,6.187500548548996e-05
RANDOM,bmi_category,obese,29,True,True,"[2659.652883135696, 4.81759753475719]",0.0,obese,0,176,0.0001302079908782
RANDOM,bmi_category,overweight,0,False,False,"[2343.7797736592966, 8.8272849559623]",0.0789397460154564,,0,1000,0.0007549170113634
RANDOM,bmi_category,overweight,1,False,False,"[881.2675601805346, 11.802199679799674]",18.67323360834116,,0,1000,0.0007590000022901
RANDOM,bmi_category,overweight,2,True,True,"[1069.49538835694, 6.006751364411533]",0.0,overweight,0,341,0.0002574579993961
RANDOM,bmi_category,overweight,3,True,True,"[2827.316793128117, 9.715663425059251]",0.0,overweight,0,127,0.0001067080011125
RANDOM,bmi_category,overweight,4,False,False,"[2488.9827387475398, 11.243852276171417]",5.312453339368704,,0,1000,0.0007580829988
RANDOM,bmi_category,overweight,5,True,True,"[1850.452152615364, 8.507626328051465]",0.0,overweight,0,554,0.0004282919981051
RANDOM,bmi_category,overweight,6,False,False,"[1668.9125864232103, 10.370047127914228]",9.480700952168492,,0,1000,0.0007720840076217
RANDOM,bmi_category,overweight,7,False,False,"[2526.4594470934317, 13.664224984715979]",11.46861374454016,,0,1000,0.0007799579907441
RANDOM,bmi_category,overweight,8,False,False,"[1190.810946251915, 8.316871072486464]",7.784372598041112,,0,1000,0.0007396669971058
RANDOM,bmi_category,overweight,9,False,False,"[1903.7709867268682, 9.963423365304202]",5.8222562292755695,,0,1000,0.000732540996978
RANDOM,bmi_category,overweight,10,False,False,"[1541.0977005010332, 9.257967619934139]",7.019621351509946,,0,1000,0.0007282909937202
RANDOM,bmi_category,overweight,11,False,False,"[2472.7900771886902, 10.710152694853647]",3.442623639821778,,0,1000,0.0007339580042753
RANDOM,bmi_category,overweight,12,False,False,"[2535.25380647808, 7.784812027747945]",11.83359549546338,,0,1000,0.0007539590005762
RANDOM,bmi_category,overweight,13,False,False,"[1328.62976255493, 14.285458697517296]",18.489482203918342,,0,1000,0.0007444999937433
RANDOM,bmi_category,overweight,14,False,False,"[781.3540716113932, 5.590580984387583]",0.0003472519111323,,0,1000,0.0007550000009359
RANDOM,bmi_category,overweight,15,False,False,"[2394.614202943488, 11.331758601317187]",6.351628930138257,,0,1000,0.000737708993256
RANDOM,bmi_category,overweight,16,False,False,"[2121.3948920534363, 7.876704399253698]",4.192624489384019,,0,1000,0.0007369579980149
RANDOM,bmi_category,overweight,17,False,False,"[1403.4723266266988, 7.593801508157028]",0.6619738309587174,,0,1000,0.0007175420032581
RANDOM,bmi_category,overweight,18,False,False,"[1189.0801967356242, 12.955129311451486]",17.915200234010015,,0,1000,0.0007165409915614
RANDOM,bmi_category,overweight,19,False,False,"[609.4946733130463, 5.217754986389878]",2.612658120239426,,0,1000,0.0007226250017993
RANDOM,bmi_category,overweight,20,True,True,"[1304.3154349326771, 7.109633514376434]",0.0,overweight,0,634,0.0004630000039469
RANDOM,bmi_category,overweight,21,False,False,"[2898.3987687519875, 13.196737197669894]",8.357254419578622,,0,1000,0.0007293749949894
RANDOM,bmi_category,overweight,22,True,True,"[1849.1000943448971, 8.579546338860933]",0.0,overweight,0,927,0.0006666660046903
RANDOM,bmi_category,overweight,23,False,False,"[2818.8187106145465, 14.95680515735165]",12.399451832277537,,0,1000,0.0007200830004876
RANDOM,bmi_category,overweight,24,True,True,"[114.37098656279466, 1.9798527869915317]",0.0,overweight,0,878,0.0006356249941745
RANDOM,bmi_category,overweight,25,True,True,"[2946.69527021909, 10.845670977007394]",0.0,overweight,0,731,0.0005249579990049
RANDOM,bmi_category,overweight,26,False,False,"[1361.9256843292267, 8.61182631279178]",6.636186976932971,,0,1000,0.0007182499975897
RANDOM,bmi_category,overweight,27,True,True,"[221.69634403339245, 2.876057505175278]",0.0,overweight,0,750,0.0005353750020731
RANDOM,bmi_category,overweight,28,False,False,"[2826.2233603148184, 13.171903267632512]",8.710438645693012,,0,1000,0.000706041988451
RANDOM,bmi_category,overweight,29,False,False,"[1733.9290140085768, 20.67781277728564]",20.944709137467076,,0,1000,0.0007014169968897
RANDOM,bmi_category,underweight,0,True,True,"[2292.063414164853, 1407.6111304147278]",0.0,underweight,0,1,3.125009243376553e-06
RANDOM,bmi_category,underweight,1,True,True,"[2163.786826299906, 2957.1743242622765]",0.0,underweight,0,1,2.4999899324029684e-06
RANDOM,bmi_category,underweight,2,True,True,"[901.3088130039106, 1502.8895236963244]",0.0,underweight,0,1,2.166008925996721e-06
RANDOM,bmi_category,underweight,3,True,True,"[2334.0924176583517, 1527.8765409515688]",0.0,underweight,0,1,2.0830048015341163e-06
RANDOM,bmi_category,underweight,4,True,True,"[549.9401880290536, 613.8902862113059]",0.0,underweight,0,1,2.2500025806948543e-06
RANDOM,bmi_category,underweight,5,True,True,"[438.42741707536806, 2748.8609796534033]",0.0,underweight,0,1,2.042012056335807e-06
RANDOM,bmi_category,underweight,6,True,True,"[1144.4968137720678, 1755.690862833504]",0.0,underweight,0,1,2.0000006770715117e-06
RANDOM,bmi_category,underweight,7,True,True,"[2326.738984091813, 2046.443988431896]",0.0,underweight,0,1,2.249988028779626e-06
RANDOM,bmi_category,underweight,8,True,True,"[2367.6481669900054, 2438.5933187543465]",0.0,underweight,0,1,2.0839943317696452e-06
RANDOM,bmi_category,underweight,9,True,True,"[1186.8968578184592, 1306.1010609431141]",0.0,underweight,0,1,1.9169965526089072e-06
RANDOM,bmi_category,underweight,10,True,True,"[340.79953790915016, 1486.0017944097813]",0.0,underweight,0,1,2.0000006770715117e-06
RANDOM,bmi_category,underweight,11,True,True,"[1041.4254178570523, 1122.0481170502583]",0.0,underweight,0,1,2.042012056335807e-06
RANDOM,bmi_category,underweight,12,True,True,"[281.6787710769588, 1488.4723190590955]",0.0,underweight,0,1,2.0000006770715117e-06
RANDOM,bmi_category,underweight,13,True,True,"[32.92110390424685, 785.2999648879032]",0.0,underweight,0,1,2.0419975044205785e-06
RANDOM,bmi_category,underweight,14,True,True,"[2976.404098594315, 654.5285954861581]",0.0,underweight,0,1,2.0000006770715117e-06
RANDOM,bmi_category,underweight,15,True,True,"[1061.3370889569862, 1038.6114003624439]",0.0,underweight,0,1,1.9169965526089072e-06
RANDOM,bmi_category,underweight,16,True,True,"[1712.613504016607, 1957.7141886921777]",0.0,underweight,0,1,2.0830048015341163e-06
RANDOM,bmi_category,underweight,17,True,True,"[574.6100055575931, 1338.6950153235189]",0.0,underweight,0,1,2.0000006770715117e-06
RANDOM,bmi_category,underweight,18,True,True,"[1289.2875022133367, 1904.001469604021]",0.0,underweight,0,1,2.0000006770715117e-06
RANDOM,bmi_category,underweight,19,True,True,"[528.9481766971254, 836.1053594236461]",0.0,underweight,0,1,2.166008925996721e-06
RANDOM,bmi_category,underweight,20,True,True,"[2845.482086489548, 2969.077917309934]",0.0,underweight,0,1,2.0419975044205785e-06
RANDOM,bmi_category,underweight,21,True,True,"[2686.1523355382355, 105.58738776167364]",0.0,underweight,0,1,2.040993422269821e-06
RANDOM,bmi_category,underweight,22,True,True,"[1173.930260712478, 1336.212335027485]",0.0,underweight,0,1,1.91599247045815e-06
RANDOM,bmi_category,underweight,23,True,True,"[2112.4174016796205, 1239.1779459312393]",0.0,underweight,0,1,1.9169965526089072e-06
RANDOM,bmi_category,underweight,24,True,True,"[27.0720284944006, 2711.012225317928]",0.0,underweight,0,1,2.0000006770715117e-06
RANDOM,bmi_category,underweight,25,True,True,"[939.8016676694899, 2308.049431882718]",0.0,underweight,0,1,2.0000006770715117e-06
RANDOM,bmi_category,underweight,26,True,True,"[744.9679545810454, 2898.5612583129578]",0.0,underweight,0,1,2.207991201430559e-06
RANDOM,bmi_category,underweight,27,True,True,"[369.1440799316498, 1707.7498445613112]",0.0,underweight,0,1,1.8749997252598405e-06
RANDOM,bmi_category,underweight,28,True,True,"[350.48698345825755, 1168.5155265176359]",0.0,underweight,0,1,1.958003849722445e-06
RANDOM,bmi_category,underweight,29,True,True,"[464.30735624595485, 861.0195983448558]",0.0,underweight,0,1,1.958003849722445e-06
RANDOM,list_pattern,sorted_unique,0,True,True,"[[4, 12]]",0.0,sorted_unique,0,17,4.633300704881549e-05
RANDOM,list_pattern,sorted_unique,1,True,True,"[[-13, -2]]",0.0,sorted_unique,0,11,3.170801210217178e-05
RANDOM,list_pattern,sorted_unique,2,True,True,"[[6, 9]]",0.0,sorted_unique,0,1,3.292007022537291e-06
RANDOM,list_pattern,sorted_unique,3,True,True,"[[-9, 19]]",0.0,sorted_unique,0,2,6.499991286545992e-06
RANDOM,list_pattern,sorted_unique,4,True,True,"[[-12, -8, 1]]",0.0,sorted_unique,0,5,1.4874996850267053e-05
RANDOM,list_pattern,sorted_unique,5,True,True,"[[-3, 7, 19]]",0.0,sorted_unique,0,23,4.966599226463586e-05
RANDOM,list_pattern,sorted_unique,6,True,True,"[[5, 9]]",0.0,sorted_unique,0,51,0.0001165419962489
RANDOM,list_pattern,sorted_unique,7,True,True,"[[-16, -9, -4]]",0.0,sorted_unique,0,11,3.1666000722907484e-05
RANDOM,list_pattern,sorted_unique,8,True,True,"[[-18, -14]]",0.0,sorted_unique,0,14,3.679200017359108e-05
RANDOM,list_pattern,sorted_unique,9,True,True,"[[-3, 6]]",0.0,sorted_unique,0,9,2.366700209677219e-05
RANDOM,list_pattern,sorted_unique,10,True,True,"[[-9, 0, 5]]",0.0,sorted_unique,0,23,5.933399370405823e-05
RANDOM,list_pattern,sorted_unique,11,True,True,"[[-17, -5]]",0.0,sorted_unique,0,26,7.208299939520657e-05
RANDOM,list_pattern,sorted_unique,12,True,True,"[[-11, 18]]",0.0,sorted_unique,0,12,3.145799564663321e-05
RANDOM,list_pattern,sorted_unique,13,True,True,"[[-16, -10]]",0.0,sorted_unique,0,23,5.304098885972053e-05
RANDOM,list_pattern,sorted_unique,14,True,True,"[[-14, 2, 13, 14]]",0.0,sorted_unique,0,5,1.5792000340297818e-05
RANDOM,list_pattern,sorted_unique,15,True,True,"[[-7, 13]]",0.0,sorted_unique,0,8,1.983300899155438e-05
RANDOM,list_pattern,sorted_unique,16,True,True,"[[-2, 13, 16]]",0.0,sorted_unique,0,10,2.7582995244301856e-05
RANDOM,list_pattern,sorted_unique,17,True,True,"[[-10, -4, 16]]",0.0,sorted_unique,0,3,8.25000461190939e-06
RANDOM,list_pattern,sorted_unique,18,True,True,"[[-15, 4]]",0.0,sorted_unique,0,7,1.54590088641271e-05
RANDOM,list_pattern,sorted_unique,19,True,True,"[[-12, -6]]",0.0,sorted_unique,0,16,4.354199336376041e-05
RANDOM,list_pattern,sorted_unique,20,True,True,"[[4, 20]]",0.0,sorted_unique,0,9,2.054200740531087e-05
RANDOM,list_pattern,sorted_unique,21,True,True,"[[-10, -2, 7]]",0.0,sorted_unique,0,5,1.5249999705702066e-05
RANDOM,list_pattern,sorted_unique,22,True,True,"[[-14, 16]]",0.0,sorted_unique,0,10,2.700000186450779e-05
RANDOM,list_pattern,sorted_unique,23,True,True,"[[4, 19]]",0.0,sorted_unique,0,3,6.457994459196925e-06
RANDOM,list_pattern,sorted_unique,24,True,True,"[[-10, -2, 12]]",0.0,sorted_unique,0,6,2.012499317061156e-05
RANDOM,list_pattern,sorted_unique,25,True,True,"[[-15, 3]]",0.0,sorted_unique,0,14,3.433300298638642e-05
RANDOM,list_pattern,sorted_unique,26,True,True,"[[-19, 2]]",0.0,sorted_unique,0,1,3.0840019462630153e-06
RANDOM,list_pattern,sorted_unique,27,True,True,"[[-16, -2]]",0.0,sorted_unique,0,6,1.3083001249469817e-05
RANDOM,list_pattern,sorted_unique,28,True,True,"[[-9, 9]]",0.0,sorted_unique,0,5,1.4083998394198716e-05
RANDOM,list_pattern,sorted_unique,29,True,True,"[[-6, 0]]",0.0,sorted_unique,0,13,3.212501178495586e-05
RANDOM,list_pattern,sorted_with_duplicates,0,True,True,"[[-16, -10, -10]]",0.0,sorted_with_duplicates,0,179,0.0003685830015456
RANDOM,list_pattern,sorted_with_duplicates,1,True,True,"[[11, 11]]",0.0,sorted_with_duplicates,0,31,7.52909982111305e-05
RANDOM,list_pattern,sorted_with_duplicates,2,True,True,"[[-11, 9, 9]]",0.0,sorted_with_duplicates,0,47,9.92920104181394e-05
RANDOM,list_pattern,sorted_with_duplicates,3,True,True,"[[5, 11, 11]]",0.0,sorted_with_duplicates,0,222,0.0004498329944908
RANDOM,list_pattern,sorted_with_duplicates,4,True,True,"[[-3, 1, 1, 8]]",0.0,sorted_with_duplicates,0,149,0.0003099169989582
RANDOM,list_pattern,sorted_with_duplicates,5,True,True,"[[-9, 9, 9, 10]]",0.0,sorted_with_duplicates,0,113,0.0002320829953532
RANDOM,list_pattern,sorted_with_duplicates,6,True,True,"[[-9, 4, 17, 17]]",0.0,sorted_with_duplicates,0,125,0.0002565419999882
RANDOM,list_pattern,sorted_with_duplicates,7,True,True,"[[-12, 17, 17]]",0.0,sorted_with_duplicates,0,5,1.0957999620586634e-05
RANDOM,list_pattern,sorted_with_duplicates,8,True,True,"[[-1, -1, 7]]",0.0,sorted_with_duplicates,0,100,0.0002135830000042
RANDOM,list_pattern,sorted_with_duplicates,9,True,True,"[[-10, -5, -5]]",0.0,sorted_with_duplicates,0,6,1.3249999028630556e-05
RANDOM,list_pattern,sorted_with_duplicates,10,True,True,"[[-9, 10, 10]]",0.0,sorted_with_duplicates,0,56,0.0001104999973904
RANDOM,list_pattern,sorted_with_duplicates,11,True,True,"[[-13, -13, 6]]",0.0,sorted_with_duplicates,0,17,4.5083987060934305e-05
RANDOM,list_pattern,sorted_with_duplicates,12,True,True,"[[-19, -19, -16]]",0.0,sorted_with_duplicates,0,235,0.0004641670093405
RANDOM,list_pattern,sorted_with_duplicates,13,True,True,"[[-10, -10]]",0.0,sorted_with_duplicates,0,78,0.0001811249967431
RANDOM,list_pattern,sorted_with_duplicates,14,True,True,"[[-20, -1, 11, 11]]",0.0,sorted_with_duplicates,0,23,6.0457998188212514e-05
RANDOM,list_pattern,sorted_with_duplicates,15,True,True,"[[13, 13]]",0.0,sorted_with_duplicates,0,39,8.804201206658036e-05
RANDOM,list_pattern,sorted_with_duplicates,16,True,True,"[[-7, -7, 6]]",0.0,sorted_with_duplicates,0,303,0.0006270000012591
RANDOM,list_pattern,sorted_with_duplicates,17,True,True,"[[-20, 13, 13]]",0.0,sorted_with_duplicates,0,77,0.0001659999979892
RANDOM,list_pattern,sorted_with_duplicates,18,True,True,"[[2, 2, 3, 5]]",0.0,sorted_with_duplicates,0,12,3.500000457279384e-05
RANDOM,list_pattern,sorted_with_duplicates,19,True,True,"[[18, 18]]",0.0,sorted_with_duplicates,0,4,1.141699613071978e-05
RANDOM,list_pattern,sorted_with_duplicates,20,True,True,"[[10, 10]]",0.0,sorted_with_duplicates,0,263,0.0005424580012913
RANDOM,list_pattern,sorted_with_duplicates,21,True,True,"[[8, 8]]",0.0,sorted_with_duplicates,0,152,0.0003157080063829
RANDOM,list_pattern,sorted_with_duplicates,22,True,True,"[[-19, -10, 5, 5, 9]]",0.0,sorted_with_duplicates,0,92,0.0001955830084625
RANDOM,list_pattern,sorted_with_duplicates,23,True,True,"[[-12, -12, 12]]",0.0,sorted_with_duplicates,0,219,0.0004401250043883
RANDOM,list_pattern,sorted_with_duplicates,24,True,True,"[[-19, -19, 7]]",0.0,sorted_with_duplicates,0,66,0.0001329999940935
RANDOM,list_pattern,sorted_with_duplicates,25,True,True,"[[-4, 11, 11]]",0.0,sorted_with_duplicates,0,689,0.0013721669965889
RANDOM,list_pattern,sorted_with_duplicates,26,True,True,"[[5, 5]]",0.0,sorted_with_duplicates,0,67,0.0001439999905414
RANDOM,list_pattern,sorted_with_duplicates,27,True,True,"[[9, 9]]",0.0,sorted_with_duplicates,0,16,3.762501000892371e-05
RANDOM,list_pattern,sorted_with_duplicates,28,True,True,"[[-1, -1, 11]]",0.0,sorted_with_duplicates,0,180,0.0003587500104913
RANDOM,list_pattern,sorted_with_duplicates,29,True,True,"[[-5, -5]]",0.0,sorted_with_duplicates,0,162,0.0003255829942645
RANDOM,list_pattern,too_short,0,True,True,[[]],0.0,too_short,0,1,1.0624993592500688e-05
RANDOM,list_pattern,too_short,1,True,True,[[]],0.0,too_short,0,2,1.0875010048039258e-05
RANDOM,list_pattern,too_short,2,True,True,[[-18]],0.0,too_short,0,15,5.2916991990059614e-05
RANDOM,list_pattern,too_short,3,True,True,[[]],0.0,too_short,0,4,1.0792005923576651e-05
RANDOM,list_pattern,too_short,4,True,True,[[-14]],0.0,too_short,0,1,3.666995326057077e-06
RANDOM,list_pattern,too_short,5,True,True,[[]],0.0,too_short,0,3,9.167008101940157e-06
RANDOM,list_pattern,too_short,6,True,True,[[15]],0.0,too_short,0,3,1.0957999620586634e-05
RANDOM,list_pattern,too_short,7,True,True,[[5]],0.0,too_short,0,1,3.1249946914613247e-06
RANDOM,list_pattern,too_short,8,True,True,[[7]],0.0,too_short,0,3,8.542003342881799e-06
RANDOM,list_pattern,too_short,9,True,True,[[12]],0.0,too_short,0,3,8.791990694589913e-06
RANDOM,list_pattern,too_short,10,True,True,[[]],0.0,too_short,0,8,2.5334011297672987e-05
RANDOM,list_pattern,too_short,11,True,True,[[8]],0.0,too_short,0,3,1.0624993592500688e-05
RANDOM,list_pattern,too_short,12,True,True,[[3]],0.0,too_short,0,1,3.082997864112258e-06
RANDOM,list_pattern,too_short,13,True,True,[[]],0.0,too_short,0,3,7.957991329021752e-06
RANDOM,list_pattern,too_short,14,True,True,[[14]],0.0,too_short,0,1,3.0420051189139485e-06
RANDOM,list_pattern,too_short,15,True,True,[[]],0.0,too_short,0,6,1.7166006728075445e-05
RANDOM,list_pattern,too_short,16,True,True,[[-8]],0.0,too_short,0,16,4.804201307706535e-05
RANDOM,list_pattern,too_short,17,True,True,[[18]],0.0,too_short,0,2,5.333989975042641e-06
RANDOM,list_pattern,too_short,18,True,True,[[]],0.0,too_short,0,3,9.042007150128484e-06
RANDOM,list_pattern,too_short,19,True,True,[[]],0.0,too_short,0,1,2.6249908842146397e-06
RANDOM,list_pattern,too_short,20,True,True,[[-18]],0.0,too_short,0,4,1.2582997442223132e-05
RANDOM,list_pattern,too_short,21,True,True,[[11]],0.0,too_short,0,2,5.583991878665984e-06
RANDOM,list_pattern,too_short,22,True,True,[[-14]],0.0,too_short,0,2,5.875001079402864e-06
RANDOM,list_pattern,too_short,23,True,True,[[-2]],0.0,too_short,0,1,3.1249946914613247e-06
RANDOM,list_pattern,too_short,24,True,True,[[-15]],0.0,too_short,0,1,3.0420051189139485e-06
RANDOM,list_pattern,too_short,25,True,True,[[]],0.0,too_short,0,2,5.08299854118377e-06
RANDOM,list_pattern,too_short,26,True,True,[[]],0.0,too_short,0,5,1.3875003787688913e-05
RANDOM,list_pattern,too_short,27,True,True,[[-8]],0.0,too_short,0,3,6.917005521245301e-06
RANDOM,list_pattern,too_short,28,True,True,[[]],0.0,too_short,0,10,2.474999928381294e-05
RANDOM,list_pattern,too_short,29,True,True,[[]],0.0,too_short,0,7,1.7250000382773578e-05
RANDOM,list_pattern,unsorted_unique,0,True,True,"[[-16, 17, 11, 5]]",0.0,unsorted_unique,0,1,4.084009560756385e-06
RANDOM,list_pattern,unsorted_unique,1,True,True,"[[16, 10, -1]]",0.0,unsorted_unique,0,3,7.291993824765086e-06
RANDOM,list_pattern,unsorted_unique,2,True,True,"[[20, 15, -7]]",0.0,unsorted_unique,0,1,3.4580007195472717e-06
RANDOM,list_pattern,unsorted_unique,3,True,True,"[[-20, 0, -2, -4, 6]]",0.0,unsorted_unique,0,3,7.000009645707905e-06
RANDOM,list_pattern,unsorted_unique,4,True,True,"[[-2, -15, -1, 18, 16]]",0.0,unsorted_unique,0,1,4.292000085115433e-06
RANDOM,list_pattern,unsorted_unique,5,True,True,"[[6, -12, 10, 14, -4]]",0.0,unsorted_unique,0,2,6.416987162083387e-06
RANDOM,list_pattern,unsorted_unique,6,True,True,"[[3, -11, -19, -5, -2]]",0.0,unsorted_unique,0,2,5.9589947341009974e-06
RANDOM,list_pattern,unsorted_unique,7,True,True,"[[-13, -16, 11]]",0.0,unsorted_unique,0,3,8.750008419156075e-06
RANDOM,list_pattern,unsorted_unique,8,True,True,"[[3, -18, 14, -20, 7, -9]]",0.0,unsorted_unique,0,1,4.3330073822289705e-06
RANDOM,list_pattern,unsorted_unique,9,True,True,"[[19, 6, 17]]",0.0,unsorted_unique,0,1,3.707988071255386e-06
RANDOM,list_pattern,unsorted_unique,10,True,True,"[[-5, -20, -12, 3]]",0.0,unsorted_unique,0,2,5.1249953685328364e-06
RANDOM,list_pattern,unsorted_unique,11,True,True,"[[1, -20]]",0.0,unsorted_unique,0,2,6.915986887179315e-06
RANDOM,list_pattern,unsorted_unique,12,True,True,"[[4, -3]]",0.0,unsorted_unique,0,2,4.125002305954695e-06
RANDOM,list_pattern,unsorted_unique,13,True,True,"[[-14, -8, -12, -7]]",0.0,unsorted_unique,0,1,3.666995326057077e-06
RANDOM,list_pattern,unsorted_unique,14,True,True,"[[-13, 16, -16, 6, 5, 9, -18, 3]]",0.0,unsorted_unique,0,1,4.917004844173789e-06
RANDOM,list_pattern,unsorted_unique,15,True,True,"[[5, -15, 15, 7, 3, 14]]",0.0,unsorted_unique,0,1,4.540997906588018e-06
RANDOM,list_pattern,unsorted_unique,16,True,True,"[[-19, 10, 5, 19, 20, -4, -14, -16]]",0.0,unsorted_unique,0,4,1.2666991096921263e-05
RANDOM,list_pattern,unsorted_unique,17,True,True,"[[-17, -6, -11, -3, -7]]",0.0,unsorted_unique,0,3,7.333001121878624e-06
RANDOM,list_pattern,unsorted_unique,18,True,True,"[[8, -9, 2, 19, 20, 14, -5]]",0.0,unsorted_unique,0,5,9.041003067977726e-06
RANDOM,list_pattern,unsorted_unique,19,True,True,"[[-13, 15, -12, -1, 20, 1, -8]]",0.0,unsorted_unique,0,2,6.583999493159354e-06
RANDOM,list_pattern,unsorted_unique,20,True,True,"[[2, -6, -11, 8, -10]]",0.0,unsorted_unique,0,3,9.70799010246992e-06
RANDOM,list_pattern,unsorted_unique,21,True,True,"[[20, 17, 10]]",0.0,unsorted_unique,0,2,5.250010872259736e-06
RANDOM,list_pattern,unsorted_unique,22,True,True,"[[-16, 2, 13, 6, -12, -9, -11, 15]]",0.0,unsorted_unique,0,2,5.6249991757795215e-06
RANDOM,list_pattern,unsorted_unique,23,True,True,"[[12, 0, 8, -7, -6]]",0.0,unsorted_unique,0,3,8.750008419156075e-06
RANDOM,list_pattern,unsorted_unique,24,True,True,"[[19, 6, -18, -10, 2, 1]]",0.0,unsorted_unique,0,1,4.5000051613897085e-06
RANDOM,list_pattern,unsorted_unique,25,True,True,"[[8, 12, 0, -18]]",0.0,unsorted_unique,0,1,3.916997229680419e-06
RANDOM,list_pattern,unsorted_unique,26,True,True,"[[5, 4, -10, -2, -8, -4, 6]]",0.0,unsorted_unique,0,2,7.91701313573867e-06
RANDOM,list_pattern,unsorted_unique,27,True,True,"[[-18, 1, -20]]",0.0,unsorted_unique,0,2,4.7909998102113605e-06
RANDOM,list_pattern,unsorted_unique,28,True,True,"[[16, 19, -11, 13, -18]]",0.0,unsorted_unique,0,1,4.083995008841157e-06
RANDOM,list_pattern,unsorted_unique,29,True,True,"[[-19, -3, 19, -6]]",0.0,unsorted_unique,0,1,3.749999450519681e-06
RANDOM,list_pattern,unsorted_with_duplicates,0,True,True,"[[-1, 6, 15, -4, 0, -5, -1, -5]]",0.0,unsorted_with_duplicates,0,1,5.249996320344508e-06
RANDOM,list_pattern,unsorted_with_duplicates,1,True,True,"[[-17, -20, 15, -20, 9]]",0.0,unsorted_with_duplicates,0,4,1.0916992323473096e-05
RANDOM,list_pattern,unsorted_with_duplicates,2,True,True,"[[-2, 20, -6, -18, -2]]",0.0,unsorted_with_duplicates,0,1,4.0829909266904e-06
RANDOM,list_pattern,unsorted_with_duplicates,3,True,True,"[[12, -1, -15, 16, -15, 4, -13]]",0.0,unsorted_with_duplicates,0,6,1.6457997844554484e-05
RANDOM,list_pattern,unsorted_with_duplicates,4,True,True,"[[-17, -17, -14, -7, -20, 14, 19]]",0.0,unsorted_with_duplicates,0,28,5.408300785347819e-05
RANDOM,list_pattern,unsorted_with_duplicates,5,True,True,"[[-4, -2, 0, -20, 0, 1, 19, 14]]",0.0,unsorted_with_duplicates,0,7,1.5666999388486147e-05
RANDOM,list_pattern,unsorted_with_duplicates,6,True,True,"[[-14, 13, -11, -8, -2, 11, 6, 11]]",0.0,unsorted_with_duplicates,0,5,1.1750002158805728e-05
RANDOM,list_pattern,unsorted_with_duplicates,7,True,True,"[[-19, 17, 2, -17, -3, 20, 15, 15]]",0.0,unsorted_with_duplicates,0,1,4.9579975893720984e-06
RANDOM,list_pattern,unsorted_with_duplicates,8,True,True,"[[-2, -11, -9, -3, -11, -17, 7]]",0.0,unsorted_with_duplicates,0,7,1.750000228639692e-05
RANDOM,list_pattern,unsorted_with_duplicates,9,True,True,"[[-10, 2, 19, 2]]",0.0,unsorted_with_duplicates,0,5,1.1374999303370714e-05
RANDOM,list_pattern,unsorted_with_duplicates,10,True,True,"[[-4, -3, 9, 4, 19, 9, -20]]",0.0,unsorted_with_duplicates,0,4,1.2707998394034805e-05
RANDOM,list_pattern,unsorted_with_duplicates,11,True,True,"[[14, -9, 18, -19, -10, -20, -9, 8]]",0.0,unsorted_with_duplicates,0,5,1.45840022014454e-05
RANDOM,list_pattern,unsorted_with_duplicates,12,True,True,"[[9, 5, -18, 9, 5, -16]]",0.0,unsorted_with_duplicates,0,2,6.082991603761911e-06
RANDOM,list_pattern,unsorted_with_duplicates,13,True,True,"[[-8, 13, 13, -20]]",0.0,unsorted_with_duplicates,0,5,1.1916010407730935e-05
RANDOM,list_pattern,unsorted_with_duplicates,14,True,True,"[[8, 16, 2, -20, 15, -10, 8, 15]]",0.0,unsorted_with_duplicates,0,1,4.916000762023032e-06
RANDOM,list_pattern,unsorted_with_duplicates,15,True,True,"[[12, 15, 12, -19, -13, -2]]",0.0,unsorted_with_duplicates,0,1,4.3339969124644995e-06
RANDOM,list_pattern,unsorted_with_duplicates,16,True,True,"[[-20, -16, -16, -9, -13, -18]]",0.0,unsorted_with_duplicates,0,8,2.070800110232085e-05
RANDOM,list_pattern,unsorted_with_duplicates,17,True,True,"[[3, -2, 13, -7, -13, 0, 0, 15]]",0.0,unsorted_with_duplicates,0,1,5.416004569269717e-06
RANDOM,list_pattern,unsorted_with_duplicates,18,True,True,"[[11, -3, -17, 11, 11, 5, -16, -14]]",0.0,unsorted_with_duplicates,0,3,1.02500052889809e-05
RANDOM,list_pattern,unsorted_with_duplicates,19,True,True,"[[-11, -7, -3, -10, -7, -8, -18, -14]]",0.0,unsorted_with_duplicates,0,22,5.17919979756698e-05
RANDOM,list_pattern,unsorted_with_duplicates,20,True,True,"[[-12, 0, 0, -11, 13, 7, -10]]",0.0,unsorted_with_duplicates,0,5,1.2125005014240742e-05
RANDOM,list_pattern,unsorted_with_duplicates,21,True,True,"[[-12, 11, 8, -16, -6, 11]]",0.0,unsorted_with_duplicates,0,1,4.417001036927104e-06
RANDOM,list_pattern,unsorted_with_duplicates,22,True,True,"[[-15, 15, -7, -14, -18, 15, -11]]",0.0,unsorted_with_duplicates,0,3,9.166993550024928e-06
RANDOM,list_pattern,unsorted_with_duplicates,23,True,True,"[[6, -8, -8, 1, -13, 11, 14, -15]]",0.0,unsorted_with_duplicates,0,10,2.7542002499103543e-05
RANDOM,list_pattern,unsorted_with_duplicates,24,True,True,"[[10, -9, 10]]",0.0,unsorted_with_duplicates,0,3,6.582995411008596e-06
RANDOM,list_pattern,unsorted_with_duplicates,25,True,True,"[[-2, -15, -7, 2, 12, -16, -12, -16]]",0.0,unsorted_with_duplicates,0,8,2.154200046788901e-05
RANDOM,list_pattern,unsorted_with_duplicates,26,True,True,"[[7, -4, 9, -7, -2, -4]]",0.0,unsorted_with_duplicates,0,2,6.332993507385254e-06
RANDOM,list_pattern,unsorted_with_duplicates,27,True,True,"[[-7, -10, -20, 3, -1, -13, -1, 18]]",0.0,unsorted_with_duplicates,0,30,6.770799518562853e-05
RANDOM,list_pattern,unsorted_with_duplicates,28,True,True,"[[-18, 0, 19, 20, -13, -18]]",0.0,unsorted_with_duplicates,0,7,1.449999399483204e-05
RANDOM,list_pattern,unsorted_with_duplicates,29,True,True,"[[4, 13, 8, 8]]",0.0,unsorted_with_duplicates,0,7,1.6916004824452102e-05
RANDOM,number_kind,even,0,True,True,[2604],0.0,even,0,6,6.1250029830262065e-06
RANDOM,number_kind,even,1,True,True,[2710],0.0,even,0,1,2.0419975044205785e-06
RANDOM,number_kind,even,2,True,True,[1836],0.0,even,0,2,3.2500101951882243e-06
RANDOM,number_kind,even,3,True,True,[1250],0.0,even,0,1,1.958993379957974e-06
RANDOM,number_kind,even,4,True,True,[1004],0.0,even,0,5,5.1249953685328364e-06
RANDOM,number_kind,even,5,True,True,[1320],0.0,even,0,4,4.165995051153004e-06
RANDOM,number_kind,even,6,True,True,[-452],0.0,even,0,1,1.9169965526089072e-06
RANDOM,number_kind,even,7,True,True,[342],0.0,even,0,1,1.9160070223733783e-06
RANDOM,number_kind,even,8,True,True,[1046],0.0,even,0,1,1.667009200900793e-06
RANDOM,number_kind,even,9,True,True,[2828],0.0,even,0,1,1.6250123735517263e-06
RANDOM,number_kind,even,10,True,True,[1436],0.0,even,0,4,4.417001036927104e-06
RANDOM,number_kind,even,11,True,True,[1660],0.0,even,0,1,2.125001628883183e-06
RANDOM,number_kind,even,12,True,True,[-358],0.0,even,0,1,1.8749997252598405e-06
RANDOM,number_kind,even,13,True,True,[1250],0.0,even,0,2,2.708009560592473e-06
RANDOM,number_kind,even,14,True,True,[2696],0.0,even,0,5,5.207999492995441e-06
RANDOM,number_kind,even,15,True,True,[2964],0.0,even,0,1,1.9169965526089072e-06
RANDOM,number_kind,even,16,True,True,[1006],0.0,even,0,2,2.7919886633753777e-06
RANDOM,number_kind,even,17,True,True,[1346],0.0,even,0,1,1.4999968698248267e-06
RANDOM,number_kind,even,18,True,True,[1754],0.0,even,0,2,2.792003215290606e-06
RANDOM,number_kind,even,19,True,True,[-94],0.0,even,0,2,2.708009560592473e-06
RANDOM,number_kind,even,20,True,True,[1614],0.0,even,0,1,2.0000006770715117e-06
RANDOM,number_kind,even,21,True,True,[954],0.0,even,0,2,2.625005436129868e-06
RANDOM,number_kind,even,22,True,True,[2422],0.0,even,0,2,2.6670022634789348e-06
RANDOM,number_kind,even,23,True,True,[2414],0.0,even,0,1,1.8750142771750689e-06
RANDOM,number_kind,even,24,True,True,[1864],0.0,even,0,2,2.6670022634789348e-06
RANDOM,number_kind,even,25,True,True,[-8],0.0,even,0,1,1.9170111045241356e-06
RANDOM,number_kind,even,26,True,True,[-200],0.0,even,0,1,1.9169965526089072e-06
RANDOM,number_kind,even,27,True,True,[2992],0.0,even,0,1,2.0000006770715117e-06
RANDOM,number_kind,even,28,True,True,[734],0.0,even,0,4,4.249988705851138e-06
RANDOM,number_kind,even,29,True,True,[-324],0.0,even,0,1,1.91599247045815e-06
RANDOM,number_kind,odd,0,True,True,[1813],0.0,odd,0,1,2.0830048015341163e-06
RANDOM,number_kind,odd,1,True,True,[1985],0.0,odd,0,2,2.8340000426396728e-06
RANDOM,number_kind,odd,2,True,True,[2739],0.0,odd,0,2,2.5839981390163302e-06
RANDOM,number_kind,odd,3,True,True,[1643],0.0,odd,0,2,2.125001628883183e-06
RANDOM,number_kind,odd,4,True,True,[529],0.0,odd,0,4,4.583998816087842e-06
RANDOM,number_kind,odd,5,True,True,[2827],0.0,odd,0,1,1.8749997252598405e-06
RANDOM,number_kind,odd,6,True,True,[1645],0.0,odd,0,1,1.8749997252598405e-06
RANDOM,number_kind,odd,7,True,True,[2135],0.0,odd,0,1,1.8749997252598405e-06
RANDOM,number_kind,odd,8,True,True,[2413],0.0,odd,0,1,4.0000013541430235e-06
RANDOM,number_kind,odd,9,True,True,[127],0.0,odd,0,1,1.9170111045241356e-06
RANDOM,number_kind,odd,10,True,True,[2529],0.0,odd,0,1,1.8339924281463027e-06
RANDOM,number_kind,odd,11,True,True,[-391],0.0,odd,0,1,1.8329883459955456e-06
RANDOM,number_kind,odd,12,True,True,[681],0.0,odd,0,2,2.625005436129868e-06
RANDOM,number_kind,odd,13,True,True,[1917],0.0,odd,0,1,1.9169965526089072e-06
RANDOM,number_kind,odd,14,True,True,[1465],0.0,odd,0,2,2.708009560592473e-06
RANDOM,number_kind,odd,15,True,True,[2543],0.0,odd,0,1,1.91599247045815e-06
RANDOM,number_kind,odd,16,True,True,[1979],0.0,odd,0,1,1.8749997252598405e-06
RANDOM,number_kind,odd,17,True,True,[1763],0.0,odd,0,1,1.8330028979107735e-06
RANDOM,number_kind,odd,18,True,True,[123],0.0,odd,0,1,1.8330028979107735e-06
RANDOM,number_kind,odd,19,True,True,[2729],0.0,odd,0,2,2.0840088836848736e-06
RANDOM,number_kind,odd,20,True,True,[413],0.0,odd,0,3,3.583001671358943e-06
RANDOM,number_kind,odd,21,True,True,[-183],0.0,odd,0,3,3.4999975468963385e-06
RANDOM,number_kind,odd,22,True,True,[749],0.0,odd,0,5,5.04200579598546e-06
RANDOM,number_kind,odd,23,True,True,[115],0.0,odd,0,6,5.832989700138569e-06
RANDOM,number_kind,odd,24,True,True,[2349],0.0,odd,0,1,1.6669946489855647e-06
RANDOM,number_kind,odd,25,True,True,[2809],0.0,odd,0,2,2.625005436129868e-06
RANDOM,number_kind,odd,26,True,True,[925],0.0,odd,0,1,1.8330028979107735e-06
RANDOM,number_kind,odd,27,True,True,[783],0.0,odd,0,2,2.5420013116672635e-06
RANDOM,number_kind,odd,28,True,True,[287],0.0,odd,0,2,2.792003215290606e-06
RANDOM,number_kind,odd,29,True,True,[1089],0.0,odd,0,2,2.958011464215815e-06
RANDOM,number_kind,zero,0,True,True,[0],0.0,zero,0,58,4.687500768341124e-05
RANDOM,number_kind,zero,1,True,True,[0],0.0,zero,0,383,0.000221957991016
RANDOM,number_kind,zero,2,False,False,[3],3.0,,0,1000,0.0005516670062206
RANDOM,number_kind,zero,3,False,False,[-3],3.0,,0,1000,0.0005490000039571
RANDOM,number_kind,zero,4,True,True,[0],0.0,zero,0,953,0.0005220830062171
RANDOM,number_kind,zero,5,True,True,[0],0.0,zero,0,122,7.80830014264211e-05
RANDOM,number_kind,zero,6,False,False,[3],3.0,,0,1000,0.0005450409953482
RANDOM,number_kind,zero,7,True,True,[0],0.0,zero,0,260,0.0001527499989606
RANDOM,number_kind,zero,8,False,False,[2],2.0,,0,1000,0.0005512920033652
RANDOM,number_kind,zero,9,False,False,[-2],2.0,,0,1000,0.000546374998521
RANDOM,number_kind,zero,10,True,True,[0],0.0,zero,0,363,0.0002059580001514
RANDOM,number_kind,zero,11,True,True,[0],0.0,zero,0,582,0.0003244580002501
RANDOM,number_kind,zero,12,True,True,[0],0.0,zero,0,603,0.0003412919904803
RANDOM,number_kind,zero,13,True,True,[0],0.0,zero,0,759,0.000419582996983
RANDOM,number_kind,zero,14,False,False,[3],3.0,,0,1000,0.0005486659938469
RANDOM,number_kind,zero,15,False,False,[-1],1.0,,0,1000,0.0005474579957081
RANDOM,number_kind,zero,16,True,True,[0],0.0,zero,0,730,0.0004083340027136
RANDOM,number_kind,zero,17,False,False,[-2],2.0,,0,1000,0.0005510000046342
RANDOM,number_kind,zero,18,True,True,[0],0.0,zero,0,501,0.0002832500031217
RANDOM,number_kind,zero,19,False,False,[1],1.0,,0,1000,0.0005561669968301
RANDOM,number_kind,zero,20,True,True,[0],0.0,zero,0,168,0.0001033749867929
RANDOM,number_kind,zero,21,False,False,[-1],1.0,,0,1000,0.0005496249941643
RANDOM,number_kind,zero,22,False,False,[-1],1.0,,0,1000,0.0005462920089485
RANDOM,number_kind,zero,23,False,False,[-3],3.0,,0,1000,0.0005480420077219
RANDOM,number_kind,zero,24,False,False,[-1],1.0,,0,1000,0.0005487090093083
RANDOM,number_kind,zero,25,False,False,[-1],1.0,,0,1000,0.0005470829928526
RANDOM,number_kind,zero,26,False,False,[-1],1.0,,0,1000,0.0005472919874591
RANDOM,number_kind,zero,27,False,False,[-3],3.0,,0,1000,0.000547584000742
RANDOM,number_kind,zero,28,False,False,[-4],4.0,,0,1000,0.000553874997422
RANDOM,number_kind,zero,29,True,True,[0],0.0,zero,0,961,0.0005322910001268
RANDOM,password_strength,medium,0,True,True,['KypIsQAEiYkxFu'],0.0,medium,0,21,6.0416990891098976e-05
RANDOM,password_strength,medium,1,True,True,['m2ujy1'],0.0,medium,0,1,3.374996595084667e-06
RANDOM,password_strength,medium,2,True,True,['wtdG5rwTn'],0.0,medium,0,1,4.459012416191399e-06
RANDOM,password_strength,medium,3,True,True,['LcKirsV3K'],0.0,medium,0,3,1.0540999937802551e-05
RANDOM,password_strength,medium,4,True,True,['bwBlFTn'],0.0,medium,0,5,1.5083001926541328e-05
RANDOM,password_strength,medium,5,True,True,['XerPmI'],0.0,medium,0,8,2.1083003957755864e-05
RANDOM,password_strength,medium,6,True,True,['11KfMs4'],0.0,medium,0,3,1.2458011042326689e-05
RANDOM,password_strength,medium,7,True,True,['qe7HBJJ'],0.0,medium,0,5,1.7124999430961907e-05
RANDOM,password_strength,medium,8,True,True,['8UyPvLZRZ'],0.0,medium,0,1,4.332992830313742e-06
RANDOM,password_strength,medium,9,True,True,['N05E6TaW'],0.0,medium,0,4,1.562500256113708e-05
RANDOM,password_strength,medium,10,True,True,['0sKwRRi'],0.0,medium,0,3,1.041700306814164e-05
RANDOM,password_strength,medium,11,True,True,['BIsgWntQ'],0.0,medium,0,2,5.7919969549402595e-06
RANDOM,password_strength,medium,12,True,True,['GZUNbUksEAHcp'],0.0,medium,0,1,4.999994416721165e-06
RANDOM,password_strength,medium,13,True,True,['CSoRXjyzEnQVJBXMbEq'],0.0,medium,0,9,3.14170029014349e-05
RANDOM,password_strength,medium,14,True,True,['44Vpcm'],0.0,medium,0,2,5.415990017354488e-06
RANDOM,password_strength,medium,15,True,True,['72VDDPQER'],0.0,medium,0,9,3.14170029014349e-05
RANDOM,password_strength,medium,16,True,True,['chtwvn64'],0.0,medium,0,2,8.12498910818249e-06
RANDOM,password_strength,medium,17,True,True,['pre3tHYR'],0.0,medium,0,5,2.187500649597496e-05
RANDOM,password_strength,medium,18,True,True,['9T1hoEhs'],0.0,medium,0,6,1.7749989638105035e-05
RANDOM,password_strength,medium,19,True,True,['B2AWWOqY'],0.0,medium,0,1,3.583001671358943e-06
RANDOM,password_strength,medium,20,True,True,['pfAh3i2y'],0.0,medium,0,3,8.08399636298418e-06
RANDOM,password_strength,medium,21,True,True,['uGRiYpyG'],0.0,medium,0,5,1.895800232887268e-05
RANDOM,password_strength,medium,22,True,True,['THWd8MzWk'],0.0,medium,0,4,1.2750009773299098e-05
RANDOM,password_strength,medium,23,True,True,['yemWNVfT'],0.0,medium,0,3,1.2707998394034805e-05
RANDOM,password_strength,medium,24,True,True,['a54Lp8'],0.0,medium,0,6,1.7041995306499302e-05
RANDOM,password_strength,medium,25,True,True,['MIccAhT'],0.0,medium,0,2,7.375012501142919e-06
RANDOM,password_strength,medium,26,True,True,['4KotZqBR'],0.0,medium,0,1,4.124987754039466e-06
RANDOM,password_strength,medium,27,True,True,['emfbmD0Ru'],0.0,medium,0,3,1.0166011634282768e-05
RANDOM,password_strength,medium,28,True,True,['jGINIvpMFZGiP'],0.0,medium,0,3,1.320798764936626e-05
RANDOM,password_strength,medium,29,True,True,['50MyBxJ1'],0.0,medium,0,1,3.249995643272996e-06
RANDOM,password_strength,strong,0,True,True,['VBXKnz6SmVvsNJW'],0.0,strong,0,1,5.415990017354488e-06
RANDOM,password_strength,strong,1,True,True,['7wKxxWX4If2b'],0.0,strong,0,1,4.875008016824722e-06
RANDOM,password_strength,strong,2,True,True,['2xtCntcacrZ'],0.0,strong,0,1,4.3330073822289705e-06
RANDOM,password_strength,strong,3,True,True,['oXZrwPIPDiBzhGhv3g'],0.0,strong,0,2,7.542010280303657e-06
RANDOM,password_strength,strong,4,True,True,['fFWX6uZyxUzI'],0.0,strong,0,1,4.707995685748756e-06
RANDOM,password_strength,strong,5,True,True,['kwSiZOI9NgNJ0ei'],0.0,strong,0,3,1.104098919313401e-05
RANDOM,password_strength,strong,6,True,True,['ixzHqXzmi5HeM8J'],0.0,strong,0,2,8.41599830891937e-06
RANDOM,password_strength,strong,7,True,True,['2wpX2ETGARq2rogt2m'],0.0,strong,0,3,9.374998626299202e-06
RANDOM,password_strength,strong,8,True,True,['EB6W5ovD5yA'],0.0,strong,0,2,6.95799826644361e-06
RANDOM,password_strength,strong,9,True,True,['9Zzfduy4B3jRMsWK'],0.0,strong,0,2,5.9580052038654685e-06
RANDOM,password_strength,strong,10,True,True,['jMgnsyUvvuqIF4V'],0.0,strong,0,2,8.249990059994161e-06
RANDOM,password_strength,strong,11,True,True,['EnjgUQ6SyZiylGiak'],0.0,strong,0,4,1.1333002476021647e-05
RANDOM,password_strength,strong,12,True,True,['octOMw4l2Y6IAl'],0.0,strong,0,1,5.0000089686363935e-06
RANDOM,password_strength,strong,13,True,True,['hUlUJDddCuGNJkzFM8H'],0.0,strong,0,3,1.3124998076818883e-05
RANDOM,password_strength,strong,14,True,True,['Edx1NANgXjGI0lk'],0.0,strong,0,1,4.916000762023032e-06
RANDOM,password_strength,strong,15,True,True,['7wQUwFE3vI'],0.0,strong,0,1,4.249988705851138e-06
RANDOM,password_strength,strong,16,True,True,['73LMcUYFeDulA8c4mJq'],0.0,strong,0,1,5.6249991757795215e-06
RANDOM,password_strength,strong,17,True,True,['7zM3gxmmkTj'],0.0,strong,0,1,4.49999060947448e-06
RANDOM,password_strength,strong,18,True,True,['x9j3gTu98ON45pht'],0.0,strong,0,2,6.291986210271716e-06
RANDOM,password_strength,strong,19,True,True,['KvdCMUz5hPWIo93'],0.0,strong,0,8,2.45830015046522e-05
RANDOM,password_strength,strong,20,True,True,['ANmKF464xa7L'],0.0,strong,0,1,4.583009285852313e-06
RANDOM,password_strength,strong,21,True,True,['1v9Yz67vqwNAtl'],0.0,strong,0,1,4.375004209578037e-06
RANDOM,password_strength,strong,22,True,True,['urZQv85OOX'],0.0,strong,0,2,7.458002073690295e-06
RANDOM,password_strength,strong,23,True,True,['IbIxCcPuMW2Ea3'],0.0,strong,0,5,1.404101203661412e-05
RANDOM,password_strength,strong,24,True,True,['iEN03Ll6OHK'],0.0,strong,0,1,4.292000085115433e-06
RANDOM,password_strength,strong,25,True,True,['2WkdQ85uIyH1Zl3bf'],0.0,strong,0,3,8.791990694589913e-06
RANDOM,password_strength,strong,26,True,True,['mpjDEke87zzZOrClxt'],0.0,strong,0,2,8.584000170230865e-06
RANDOM,password_strength,strong,27,True,True,['i09YAFYLo7ZtJS'],0.0,strong,0,3,9.750001481734216e-06
RANDOM,password_strength,strong,28,True,True,['pk79nRs8rDUt'],0.0,strong,0,4,1.3625001884065568e-05
RANDOM,password_strength,strong,29,True,True,['6cZtCrBQ2d99'],0.0,strong,0,1,4.542001988738775e-06
RANDOM,password_strength,weak_no_digit_upper,0,False,False,['TFMIArCj'],1.0,,0,1000,0.0025290829944424
RANDOM,password_strength,weak_no_digit_upper,1,True,True,['jwzlva'],0.0,weak_no_digit_upper,0,84,0.0002158749994123
RANDOM,password_strength,weak_no_digit_upper,2,False,False,['BhXBidlT'],1.0,,0,1000,0.002510042002541
RANDOM,password_strength,weak_no_digit_upper,3,True,True,['tbhytf'],0.0,weak_no_digit_upper,0,782,0.0019951670110458
RANDOM,password_strength,weak_no_digit_upper,4,False,False,['mHplpwxLqgTjUH'],1.0,,0,1000,0.0024702500086277
RANDOM,password_strength,weak_no_digit_upper,5,False,False,['uXRtQU'],1.0,,0,1000,0.0025132500013569
RANDOM,password_strength,weak_no_digit_upper,6,False,False,['uqkil7sn'],1.0,,0,1000,0.002575083010015
RANDOM,password_strength,weak_no_digit_upper,7,False,False,['NwcLCvHBwoU'],1.0,,0,1000,0.0024600829929113
RANDOM,password_strength,weak_no_digit_upper,8,False,False,['ArBNtHy'],1.0,,0,1000,0.002563290996477
RANDOM,password_strength,weak_no_digit_upper,9,False,False,['YMvKVsZKKlzT'],1.0,,0,1000,0.0024764580011833
RANDOM,password_strength,weak_no_digit_upper,10,False,False,['RNBOrIFKA'],1.0,,0,1000,0.0025520409981254
RANDOM,password_strength,weak_no_digit_upper,11,False,False,['WXDzRz'],1.0,,0,1000,0.0025524579978082
RANDOM,password_strength,weak_no_digit_upper,12,True,True,['gaieed'],0.0,weak_no_digit_upper,0,774,0.0019669589964905
RANDOM,password_strength,weak_no_digit_upper,13,False,False,['nxAFCoXaUjumNskOW'],1.0,,0,1000,0.002539583001635
RANDOM,password_strength,weak_no_digit_upper,14,False,False,['qcYltj'],1.0,,0,1000,0.0025696250086184
RANDOM,password_strength,weak_no_digit_upper,15,True,True,['pwxevsa'],0.0,weak_no_digit_upper,0,73,0.000192916006199
RANDOM,password_strength,weak_no_digit_upper,16,True,True,['ccxosns'],0.0,weak_no_digit_upper,0,474,0.0012052079982822
RANDOM,password_strength,weak_no_digit_upper,17,False,False,['GoxQhMcqW'],1.0,,0,1000,0.0026186250033788
RANDOM,password_strength,weak_no_digit_upper,18,False,False,['JlLjRvmED'],1.0,,0,1000,0.0025120000063907
RANDOM,password_strength,weak_no_digit_upper,19,False,False,['APcxce'],1.0,,0,1000,0.0026076249923789
RANDOM,password_strength,weak_no_digit_upper,20,False,False,['mFMCqaBv'],1.0,,0,1000,0.0024824580032145
RANDOM,password_strength,weak_no_digit_upper,21,True,True,['lwnsut'],0.0,weak_no_digit_upper,0,212,0.0005738329928135
RANDOM,password_strength,weak_no_digit_upper,22,True,True,['ewzocj'],0.0,weak_no_digit_upper,0,991,0.0024837079981807
RANDOM,password_strength,weak_no_digit_upper,23,False,False,['YUggGpr'],1.0,,0,1000,0.0026108750025741
RANDOM,password_strength,weak_no_digit_upper,24,False,False,['IBQrDAnmxlBrx'],1.0,,0,1000,0.0025284589937655
RANDOM,password_strength,weak_no_digit_upper,25,True,True,['skgjlh'],0.0,weak_no_digit_upper,0,486,0.0012671669974224
RANDOM,password_strength,weak_no_digit_upper,26,False,False,['PImBIeV'],1.0,,0,1000,0.0024740829976508
RANDOM,password_strength,weak_no_digit_upper,27,False,False,['GSePgFdktai'],1.0,,0,1000,0.0026065410056617
RANDOM,password_strength,weak_no_digit_upper,28,False,False,['XZwhilXZ'],1.0,,0,1000,0.0026482079993002
RANDOM,password_strength,weak_no_digit_upper,29,False,False,['CxSAxEedZxFRtW'],1.0,,0,1000,0.0025397909921593
RANDOM,password_strength,weak_short,0,True,True,['i'],0.0,weak_short,0,2,1.8082995666190985e-05
RANDOM,password_strength,weak_short,1,True,True,['3'],0.0,weak_short,0,4,1.4250006643123925e-05
RANDOM,password_strength,weak_short,2,True,True,['Jg'],0.0,weak_short,0,1,3.583991201594472e-06
RANDOM,password_strength,weak_short,3,True,True,['g9'],0.0,weak_short,0,3,3.270800516474992e-05
RANDOM,password_strength,weak_short,4,True,True,['JnH'],0.0,weak_short,0,1,3.708992153406143e-06
RANDOM,password_strength,weak_short,5,True,True,['U5gP2'],0.0,weak_short,0,3,1.1833006283268332e-05
RANDOM,password_strength,weak_short,6,True,True,['KSIe'],0.0,weak_short,0,8,2.7542002499103543e-05
RANDOM,password_strength,weak_short,7,True,True,['NG'],0.0,weak_short,0,2,6.791990017518401e-06
RANDOM,password_strength,weak_short,8,True,True,[''],0.0,weak_short,0,3,1.1167008779011668e-05
RANDOM,password_strength,weak_short,9,True,True,['N4'],0.0,weak_short,0,6,2.1458996343426406e-05
RANDOM,password_strength,weak_short,10,True,True,['k'],0.0,weak_short,0,4,1.2999997125007212e-05
RANDOM,password_strength,weak_short,11,True,True,[''],0.0,weak_short,0,10,3.070798993576318e-05
RANDOM,password_strength,weak_short,12,True,True,[''],0.0,weak_short,0,3,8.208007784560323e-06
RANDOM,password_strength,weak_short,13,True,True,[''],0.0,weak_short,0,4,1.4250006643123925e-05
RANDOM,password_strength,weak_short,14,True,True,['31Oe'],0.0,weak_short,0,1,2.8750073397532105e-06
RANDOM,password_strength,weak_short,15,True,True,['EBWB'],0.0,weak_short,0,3,9.958006558008492e-06
RANDOM,password_strength,weak_short,16,True,True,['n6'],0.0,weak_short,0,1,3.125009243376553e-06
RANDOM,password_strength,weak_short,17,True,True,['Kqv8y'],0.0,weak_short,0,4,1.487501140218228e-05
RANDOM,password_strength,weak_short,18,True,True,['shkN'],0.0,weak_short,0,2,6.50000583846122e-06
RANDOM,password_strength,weak_short,19,True,True,[''],0.0,weak_short,0,4,1.358399458695203e-05
RANDOM,password_strength,weak_short,20,True,True,['XREQ0'],0.0,weak_short,0,3,9.70800465438515e-06
RANDOM,password_strength,weak_short,21,True,True,['X'],0.0,weak_short,0,1,2.5000044843181968e-06
RANDOM,password_strength,weak_short,22,True,True,[''],0.0,weak_short,0,6,1.7790996935218573e-05
RANDOM,password_strength,weak_short,23,True,True,['J'],0.0,weak_short,0,1,2.9170041671022773e-06
RANDOM,password_strength,weak_short,24,True,True,['y'],0.0,weak_short,0,7,2.3625005269423127e-05
RANDOM,password_strength,weak_short,25,True,True,['i'],0.0,weak_short,0,1,2.8750073397532105e-06
RANDOM,password_strength,weak_short,26,True,True,['R0'],0.0,weak_short,0,4,1.1415992048569024e-05
RANDOM,password_strength,weak_short,27,True,True,['IVME'],0.0,weak_short,0,2,6.041998858563602e-06
RANDOM,password_strength,weak_short,28,True,True,['jM'],0.0,weak_short,0,3,8.167000487446785e-06
RANDOM,password_strength,weak_short,29,True,True,['o'],0.0,weak_short,0,3,8.542003342881799e-06
RANDOM,pin_pattern,all_same,0,False,False,"[2456, 2483, 2631, 2865]",409.0,,0,1000,0.0013820419990224
RANDOM,pin_pattern,all_same,1,False,False,"[1006, 1066, 1101, 1234]",228.0,,0,1000,0.0014109579933574
RANDOM,pin_pattern,all_same,2,False,False,"[1832, 1903, 1799, 2032]",408.0,,0,1000,0.0014669999945908
RANDOM,pin_pattern,all_same,3,False,False,"[-15, -63, -218, -179]",242.0,,0,1000,0.0014374170132214
RANDOM,pin_pattern,all_same,4,False,False,"[722, 507, 584, 556]",320.0,,0,1000,0.0013675829977728
RANDOM,pin_pattern,all_same,5,False,False,"[2664, 2679, 2874, 2951]",287.0,,0,1000,0.0013508749980246
RANDOM,pin_pattern,all_same,6,False,False,"[1461, 1504, 1548, 1537]",98.0,,0,1000,0.0013401670003077
RANDOM,pin_pattern,all_same,7,False,False,"[186, 262, 463, 380]",360.0,,0,1000,0.0013441250048344
RANDOM,pin_pattern,all_same,8,False,False,"[36, -18, 274, 147]",473.0,,0,1000,0.0013480839988915
RANDOM,pin_pattern,all_same,9,False,False,"[97, 90, -46, -390]",487.0,,0,1000,0.0013557499914895
RANDOM,pin_pattern,all_same,10,False,False,"[1762, 1803, 1760, 1858]",182.0,,0,1000,0.0013447910023387
RANDOM,pin_pattern,all_same,11,False,False,"[292, 291, 597, 578]",326.0,,0,1000,0.001351084007183
RANDOM,pin_pattern,all_same,12,False,False,"[1901, 1981, 1851, 1811]",250.0,,0,1000,0.0013402920012595
RANDOM,pin_pattern,all_same,13,False,False,"[-270, -178, -392, -457]",371.0,,0,1000,0.0013391670072451
RANDOM,pin_pattern,all_same,14,False,False,"[2649, 2761, 2668, 2692]",229.0,,0,1000,0.0013452090061036
RANDOM,pin_pattern,all_same,15,False,False,"[192, 183, 374, 425]",251.0,,0,1000,0.001349250000203
RANDOM,pin_pattern,all_same,16,False,False,"[596, 403, 387, 409]",231.0,,0,1000,0.0013500829954864
RANDOM,pin_pattern,all_same,17,False,False,"[813, 859, 1003, 1041]",228.0,,0,1000,0.001345124997897
RANDOM,pin_pattern,all_same,18,False,False,"[1974, 1961, 1878, 1752]",222.0,,0,1000,0.0013494999875547
RANDOM,pin_pattern,all_same,19,False,False,"[2486, 2567, 2584, 2376]",306.0,,0,1000,0.0013320840080268
RANDOM,pin_pattern,all_same,20,False,False,"[2254, 2043, 2076, 1918]",402.0,,0,1000,0.0013557079946622
RANDOM,pin_pattern,all_same,21,False,False,"[757, 821, 1015, 1047]",290.0,,0,1000,0.0013435409928206
RANDOM,pin_pattern,all_same,22,False,False,"[1106, 1026, 1179, 1167]",245.0,,0,1000,0.0013361669989535
RANDOM,pin_pattern,all_same,23,False,False,"[1059, 1008, 837, 862]",247.0,,0,1000,0.0013440409966278
RANDOM,pin_pattern,all_same,24,False,False,"[810, 1020, 871, 754]",476.0,,0,1000,0.0013504999951692
RANDOM,pin_pattern,all_same,25,False,False,"[1927, 2230, 2241, 2225]",330.0,,0,1000,0.0013499580090865
RANDOM,pin_pattern,all_same,26,False,False,"[-117, 18, 82, 174]",291.0,,0,1000,0.0013360419980017
RANDOM,pin_pattern,all_same,27,False,False,"[-310, -325, -319, -292]",48.0,,0,1000,0.0013468329998431
RANDOM,pin_pattern,all_same,28,False,False,"[-19, -269, -250, -275]",294.0,,0,1000,0.0013412089901976
RANDOM,pin_pattern,all_same,29,False,False,"[251, 339, 347, 271]",172.0,,0,1000,0.0014046669966774
RANDOM,pin_pattern,ordered_sum_20,0,False,False,"[-355, -243, 507, 182]",397.0,,0,1000,0.0015446250035893
RANDOM,pin_pattern,ordered_sum_20,1,False,False,"[-463, -459, -459, 1188]",214.0,,0,1000,0.0015223749942379
RANDOM,pin_pattern,ordered_sum_20,2,False,False,"[-406, -325, 66, 294]",391.0,,0,1000,0.0015225000097416
RANDOM,pin_pattern,ordered_sum_20,3,False,False,"[-238, -391, -244, 1013]",274.0,,0,1000,0.0015217079926514
RANDOM,pin_pattern,ordered_sum_20,4,False,False,"[-59, -182, -94, 526]",295.0,,0,1000,0.0015177919995039
RANDOM,pin_pattern,ordered_sum_20,5,False,False,"[-178, 109, 345, 36]",602.0,,0,1000,0.0015970000094966
RANDOM,pin_pattern,ordered_sum_20,6,False,False,"[-123, -141, -143, 744]",339.0,,0,1000,0.0015529999946011
RANDOM,pin_pattern,ordered_sum_20,7,False,False,"[-444, -56, 50, 123]",347.0,,0,1000,0.0015299999940907
RANDOM,pin_pattern,ordered_sum_20,8,False,False,"[-357, -23, -103, 340]",244.0,,0,1000,0.0015410000050906
RANDOM,pin_pattern,ordered_sum_20,9,False,False,"[-271, -432, 39, 465]",381.0,,0,1000,0.0015454579988727
RANDOM,pin_pattern,ordered_sum_20,10,False,False,"[-92, 5, 136, 126]",166.0,,0,1000,0.0016002909978851
RANDOM,pin_pattern,ordered_sum_20,11,False,False,"[-268, -497, -386, 601]",800.0,,0,1000,0.0015185840020421
RANDOM,pin_pattern,ordered_sum_20,12,False,False,"[-275, -150, 140, 142]",163.0,,0,1000,0.0015275000041583
RANDOM,pin_pattern,ordered_sum_20,13,False,False,"[-499, -281, 415, 479]",94.0,,0,1000,0.0016132500022649
RANDOM,pin_pattern,ordered_sum_20,14,False,False,"[-485, -35, 186, 375]",21.0,,0,1000,0.0016372919926652
RANDOM,pin_pattern,ordered_sum_20,15,False,False,"[-481, 43, 404, 52]",355.0,,0,1000,0.0016180419916054
RANDOM,pin_pattern,ordered_sum_20,16,False,False,"[-230, -375, -90, 542]",319.0,,0,1000,0.0016690000047674
RANDOM,pin_pattern,ordered_sum_20,17,False,False,"[-226, -132, -243, 705]",196.0,,0,1000,0.0015809580072527
RANDOM,pin_pattern,ordered_sum_20,18,False,False,"[-373, 46, 9, 212]",164.0,,0,1000,0.0015577500016661
RANDOM,pin_pattern,ordered_sum_20,19,False,False,"[-332, 285, 50, 113]",332.0,,0,1000,0.0015774170024087
RANDOM,pin_pattern,ordered_sum_20,20,False,False,"[-44, -189, 296, 409]",598.0,,0,1000,0.0015788330056238
RANDOM,pin_pattern,ordered_sum_20,21,False,False,"[-371, 175, -105, 418]",378.0,,0,1000,0.0015528340009041
RANDOM,pin_pattern,ordered_sum_20,22,False,False,"[-25, -177, 111, 236]",278.0,,0,1000,0.0015642079961253
RANDOM,pin_pattern,ordered_sum_20,23,False,False,"[-414, -470, -459, 1644]",338.0,,0,1000,0.0016196250071516
RANDOM,pin_pattern,ordered_sum_20,24,False,False,"[-485, -429, 186, 1355]",607.0,,0,1000,0.0015125830104807
RANDOM,pin_pattern,ordered_sum_20,25,False,False,"[194, 77, -57, -281]",565.0,,0,1000,0.0015725409903097
RANDOM,pin_pattern,ordered_sum_20,26,False,False,"[-413, -227, 488, 692]",520.0,,0,1000,0.0015864999877521
RANDOM,pin_pattern,ordered_sum_20,27,False,False,"[-451, 70, -414, 734]",566.0,,0,1000,0.0015401669952552
RANDOM,pin_pattern,ordered_sum_20,28,False,False,"[-361, -262, 310, 901]",568.0,,0,1000,0.0015955420094542
RANDOM,pin_pattern,ordered_sum_20,29,False,False,"[-26, -64, -87, 91]",169.0,,0,1000,0.0015459999995073
RANDOM,pin_pattern,other,0,True,True,"[1179, 1211, 1399, 2404]",0.0,other,0,1,3.8330035749822855e-06
RANDOM,pin_pattern,other,1,True,True,"[1201, 2220, 62, 1245]",0.0,other,0,1,4.04199818149209e-06
RANDOM,pin_pattern,other,2,True,True,"[2133, 2339, 1229, 1413]",0.0,other,0,1,4.125002305954695e-06
RANDOM,pin_pattern,other,3,True,True,"[2293, 488, 2839, 447]",0.0,other,0,1,4.04199818149209e-06
RANDOM,pin_pattern,other,4,True,True,"[1448, 2329, 953, 1547]",0.0,other,0,1,3.916997229680419e-06
RANDOM,pin_pattern,other,5,True,True,"[2323, 2565, 452, 2369]",0.0,other,0,1,3.834007657133043e-06
RANDOM,pin_pattern,other,6,True,True,"[1554, 423, 2806, 2308]",0.0,other,0,1,3.917011781595647e-06
RANDOM,pin_pattern,other,7,True,True,"[266, 643, 12, 153]",0.0,other,0,1,3.916997229680419e-06
RANDOM,pin_pattern,other,8,True,True,"[1640, -42, 2413, 594]",0.0,other,0,1,4.040994099341333e-06
RANDOM,pin_pattern,other,9,True,True,"[1304, -396, -500, 2930]",0.0,other,0,1,4.208995960652828e-06
RANDOM,pin_pattern,other,10,True,True,"[2536, 27, 565, 1596]",0.0,other,0,1,3.875000402331352e-06
RANDOM,pin_pattern,other,11,True,True,"[-307, 1156, 2109, 13]",0.0,other,0,1,4.041008651256561e-06
RANDOM,pin_pattern,other,12,True,True,"[2604, 192, 1875, 2760]",0.0,other,0,1,3.959008608944714e-06
RANDOM,pin_pattern,other,13,True,True,"[2581, 2825, 2302, -364]",0.0,other,0,1,4.292000085115433e-06
RANDOM,pin_pattern,other,14,True,True,"[2991, 1948, 1102, 2017]",0.0,other,0,1,4.125002305954695e-06
RANDOM,pin_pattern,other,15,True,True,"[1958, 1378, 748, -434]",0.0,other,0,1,3.2079988159239292e-06
RANDOM,pin_pattern,other,16,True,True,"[418, 791, 162, 1904]",0.0,other,0,1,3.875000402331352e-06
RANDOM,pin_pattern,other,17,True,True,"[857, 2605, 1028, 2684]",0.0,other,0,1,4.0000013541430235e-06
RANDOM,pin_pattern,other,18,True,True,"[1069, -188, 1733, 1087]",0.0,other,0,1,3.915993147529662e-06
RANDOM,pin_pattern,other,19,True,True,"[589, 2083, 2644, 1327]",0.0,other,0,1,3.958004526793957e-06
RANDOM,pin_pattern,other,20,True,True,"[338, 2372, 336, 2262]",0.0,other,0,1,3.249995643272996e-06
RANDOM,pin_pattern,other,21,True,True,"[-411, 2461, 959, 2674]",0.0,other,0,1,3.2079988159239292e-06
RANDOM,pin_pattern,other,22,True,True,"[982, -80, 649, 1161]",0.0,other,0,1,3.957989974878728e-06
RANDOM,pin_pattern,other,23,True,True,"[1340, 1351, -477, -115]",0.0,other,0,1,3.958994057029486e-06
RANDOM,pin_pattern,other,24,True,True,"[920, 2442, -358, 1091]",0.0,other,0,1,3.8330035749822855e-06
RANDOM,pin_pattern,other,25,True,True,"[22, 732, 2049, 1495]",0.0,other,0,1,5.874986527487636e-06
RANDOM,pin_pattern,other,26,True,True,"[-341, 2378, 1040, 798]",0.0,other,0,1,4.292000085115433e-06
RANDOM,pin_pattern,other,27,True,True,"[-405, 1781, 89, 1862]",0.0,other,0,1,4.0000013541430235e-06
RANDOM,pin_pattern,other,28,True,True,"[2426, 634, 1429, 2886]",0.0,other,0,1,3.7909921957179904e-06
RANDOM,pin_pattern,other,29,True,True,"[2936, 1202, 1590, 2331]",0.0,other,0,1,3.91600769944489e-06
RANDOM,pin_pattern,secret_pin,0,False,False,"[-76, 255, 172, -87]",586.0,,0,1000,0.0013924590020906
RANDOM,pin_pattern,secret_pin,1,False,False,"[26, 43, -387, 3]",457.0,,0,1000,0.0013831250107614
RANDOM,pin_pattern,secret_pin,2,False,False,"[91, -107, -244, -374]",822.0,,0,1000,0.0013962500088382
RANDOM,pin_pattern,secret_pin,3,False,False,"[6, 98, -130, 613]",847.0,,0,1000,0.0013374589907471
RANDOM,pin_pattern,secret_pin,4,False,False,"[298, -222, 66, -113]",687.0,,0,1000,0.0013881249906262
RANDOM,pin_pattern,secret_pin,5,False,False,"[165, 253, -12, 153]",581.0,,0,1000,0.0014273330016294
RANDOM,pin_pattern,secret_pin,6,False,False,"[-125, -167, 62, 76]",430.0,,0,1000,0.0013383330078795
RANDOM,pin_pattern,secret_pin,7,False,False,"[191, 351, 23, 267]",812.0,,0,1000,0.0014303750067483
RANDOM,pin_pattern,secret_pin,8,False,False,"[125, 259, 7, -270]",647.0,,0,1000,0.0013880420010536
RANDOM,pin_pattern,secret_pin,9,False,False,"[-32, -255, 175, 301]",763.0,,0,1000,0.001364541996736
RANDOM,pin_pattern,secret_pin,10,False,False,"[105, 57, -313, -355]",830.0,,0,1000,0.0014402910019271
RANDOM,pin_pattern,secret_pin,11,False,False,"[-1, 288, -422, 51]",774.0,,0,1000,0.0013649159955093
RANDOM,pin_pattern,secret_pin,12,False,False,"[67, 311, 50, -62]",472.0,,0,1000,0.001361500006169
RANDOM,pin_pattern,secret_pin,13,False,False,"[-365, -94, -34, 222]",733.0,,0,1000,0.0014269169914769
RANDOM,pin_pattern,secret_pin,14,False,False,"[-140, -85, -129, 4]",376.0,,0,1000,0.0013417080044746
RANDOM,pin_pattern,secret_pin,15,False,False,"[216, -119, -402, -41]",784.0,,0,1000,0.001388583012158
RANDOM,pin_pattern,secret_pin,16,False,False,"[-39, -273, 146, 33]",491.0,,0,1000,0.0014020839880686
RANDOM,pin_pattern,secret_pin,17,False,False,"[-61, 78, -356, 135]",642.0,,0,1000,0.0013707920006709
RANDOM,pin_pattern,secret_pin,18,False,False,"[237, -223, 60, -131]",639.0,,0,1000,0.0014271249965531
RANDOM,pin_pattern,secret_pin,19,False,False,"[151, -289, -167, -38]",651.0,,0,1000,0.0013517920015146
RANDOM,pin_pattern,secret_pin,20,False,False,"[21, -350, -60, -170]",607.0,,0,1000,0.0014104590081842
RANDOM,pin_pattern,secret_pin,21,False,False,"[281, -129, 11, -92]",501.0,,0,1000,0.0014301659975899
RANDOM,pin_pattern,secret_pin,22,False,False,"[20, -170, 154, 284]",614.0,,0,1000,0.0013439169997582
RANDOM,pin_pattern,secret_pin,23,False,False,"[-70, 49, -67, 106]",304.0,,0,1000,0.0013969169958727
RANDOM,pin_pattern,secret_pin,24,False,False,"[134, -127, -113, 45]",423.0,,0,1000,0.001427709008567
RANDOM,pin_pattern,secret_pin,25,False,False,"[45, 219, -355, 113]",730.0,,0,1000,0.001340083006653
RANDOM,pin_pattern,secret_pin,26,False,False,"[172, -110, -95, -43]",426.0,,0,1000,0.0014355840103235
RANDOM,pin_pattern,secret_pin,27,False,False,"[481, 80, 182, -72]",797.0,,0,1000,0.0013363750040298
RANDOM,pin_pattern,secret_pin,28,False,False,"[471, -342, -2, 6]",825.0,,0,1000,0.0013821669999742
RANDOM,pin_pattern,secret_pin,29,False,False,"[456, 155, -91, -20]",722.0,,0,1000,0.0014192080125212
RANDOM,shipping_discount,free_express_shipping,0,True,True,"[265.84283386385346, 29.87128503006, True]",0.0,free_express_shipping,0,1,2.540997229516506e-06
RANDOM,shipping_discount,free_express_shipping,1,True,True,"[262.7101730726157, 9.167951046658612, True]",0.0,free_express_shipping,0,8,1.7458005459047854e-05
RANDOM,shipping_discount,free_express_shipping,2,True,True,"[207.04115552241254, 8.170316372140752, True]",0.0,free_express_shipping,0,14,2.70830059889704e-05
RANDOM,shipping_discount,free_express_shipping,3,True,True,"[281.4273195476559, 22.3057469359518, True]",0.0,free_express_shipping,0,27,5.087499448563904e-05
RANDOM,shipping_discount,free_express_shipping,4,True,True,"[213.44611374834247, 7.842358445485509, True]",0.0,free_express_shipping,0,5,1.0707997716963291e-05
RANDOM,shipping_discount,free_express_shipping,5,True,True,"[204.32603221138334, 45.8249028670761, True]",0.0,free_express_shipping,0,6,1.2459000572562218e-05
RANDOM,shipping_discount,free_express_shipping,6,True,True,"[264.74474131200844, 6.081827317273925, True]",0.0,free_express_shipping,0,5,1.0457995813339949e-05
RANDOM,shipping_discount,free_express_shipping,7,True,True,"[218.26223498393153, 10.919991305910282, True]",0.0,free_express_shipping,0,19,3.6541008739732206e-05
RANDOM,shipping_discount,free_express_shipping,8,True,True,"[216.92667728700872, 42.26215615728622, True]",0.0,free_express_shipping,0,39,7.075000030454248e-05
RANDOM,shipping_discount,free_express_shipping,9,True,True,"[249.09835375679478, 25.134406867578353, True]",0.0,free_express_shipping,0,7,1.43329962156713e-05
RANDOM,shipping_discount,free_express_shipping,10,True,True,"[266.4094483327799, 14.669781257180025, True]",0.0,free_express_shipping,0,12,2.3832995793782175e-05
RANDOM,shipping_discount,free_express_shipping,11,True,True,"[239.81122442172634, 13.934457555796326, True]",0.0,free_express_shipping,0,8,1.7250000382773578e-05
RANDOM,shipping_discount,free_express_shipping,12,True,True,"[278.7376687871701, 19.68348608595915, True]",0.0,free_express_shipping,0,26,5.0875009037554264e-05
RANDOM,shipping_discount,free_express_shipping,13,True,True,"[293.0382020693424, 38.01060065569854, True]",0.0,free_express_shipping,0,30,6.083300104364753e-05
RANDOM,shipping_discount,free_express_shipping,14,True,True,"[268.95538998292756, 0.293490840859828, True]",0.0,free_express_shipping,0,6,1.09999964479357e-05
RANDOM,shipping_discount,free_express_shipping,15,True,True,"[268.95901872097744, 28.895967420125974, True]",0.0,free_express_shipping,0,2,4.792003892362118e-06
RANDOM,shipping_discount,free_express_shipping,16,True,True,"[209.10586854382035, 37.70255217493618, True]",0.0,free_express_shipping,0,4,8.417002391070127e-06
RANDOM,shipping_discount,free_express_shipping,17,True,True,"[295.1972244550534, 7.636675372753721, True]",0.0,free_express_shipping,0,8,1.6916004824452102e-05
RANDOM,shipping_discount,free_express_shipping,18,True,True,"[225.8524060234236, 14.655848754777278, True]",0.0,free_express_shipping,0,51,9.499999578110874e-05
RANDOM,shipping_discount,free_express_shipping,19,True,True,"[298.36657209530324, 21.758029131888556, True]",0.0,free_express_shipping,0,5,8.957998943515122e-06
RANDOM,shipping_discount,free_express_shipping,20,True,True,"[204.01753158628827, 26.502922041041693, True]",0.0,free_express_shipping,0,1,2.415996277704835e-06
RANDOM,shipping_discount,free_express_shipping,21,True,True,"[210.59457716292994, 27.407778815260357, True]",0.0,free_express_shipping,0,115,0.0001956250052899
RANDOM,shipping_discount,free_express_shipping,22,True,True,"[213.88926169914646, 42.14610151305895, True]",0.0,free_express_shipping,0,19,3.7250007153488696e-05
RANDOM,shipping_discount,free_express_shipping,23,True,True,"[254.8530289238927, 23.03289965654004, True]",0.0,free_express_shipping,0,24,4.387499939184636e-05
RANDOM,shipping_discount,free_express_shipping,24,True,True,"[256.5352192972346, 46.08974162229164, True]",0.0,free_express_shipping,0,10,1.983299443963915e-05
RANDOM,shipping_discount,free_express_shipping,25,True,True,"[258.7744120351102, 48.21784045606597, True]",0.0,free_express_shipping,0,3,6.749993190169334e-06
RANDOM,shipping_discount,free_express_shipping,26,True,True,"[209.02020202325562, 31.20907227801746, True]",0.0,free_express_shipping,0,9,1.7750004190020263e-05
RANDOM,shipping_discount,free_express_shipping,27,True,True,"[250.1573198032439, 6.412216390050868, True]",0.0,free_express_shipping,0,23,4.804199852515012e-05
RANDOM,shipping_discount,free_express_shipping,28,True,True,"[203.3714541078106, 2.034893214094158, True]",0.0,free_express_shipping,0,12,2.4666005629114807e-05
RANDOM,shipping_discount,free_express_shipping,29,True,True,"[253.4300613161296, 18.358836942352486, True]",0.0,free_express_shipping,0,12,2.5459012249484655e-05
RANDOM,shipping_discount,invalid,0,False,False,"[261.3154530887084, 0.01253784881722897, False]",1.012537848817229,,0,1000,0.0016512079891981
RANDOM,shipping_discount,invalid,1,False,False,"[169.01182142674998, 0.005841164553144207, False]",1.0058411645531442,,0,1000,0.0017166250036098
RANDOM,shipping_discount,invalid,2,False,False,"[0.011389843905096342, 116.46325494469079, True]",1.0113898439050963,,0,1000,0.0016511669964529
RANDOM,shipping_discount,invalid,3,False,False,"[94.7116275784644, 0.10787544030156915, True]",1.1078754403015691,,0,1000,0.0017201660084538
RANDOM,shipping_discount,invalid,4,False,False,"[0.31909414872260955, 49.162281608677354, True]",1.3190941487226095,,0,1000,0.0016190419992199
RANDOM,shipping_discount,invalid,5,False,False,"[27.813789332770465, 0.1443408478100372, True]",1.1443408478100372,,0,1000,0.0016896250017452
RANDOM,shipping_discount,invalid,6,False,False,"[101.20723375904771, 0.07648390180705622, False]",1.0764839018070562,,0,1000,0.0017198330024257
RANDOM,shipping_discount,invalid,7,False,False,"[0.10007687531946585, 48.28108558722518, False]",1.100076875319466,,0,1000,0.0016400000022258
RANDOM,shipping_discount,invalid,8,False,False,"[298.7033657336187, 0.2200676758427722, True]",1.2200676758427722,,0,1000,0.0016864170029293
RANDOM,shipping_discount,invalid,9,False,False,"[0.11599593974509492, 74.75725344365794, False]",1.115995939745095,,0,1000,0.0016399580053985
RANDOM,shipping_discount,invalid,10,False,False,"[0.23621001216687088, 80.46216749785528, True]",1.2362100121668709,,0,1000,0.0017375419993186
RANDOM,shipping_discount,invalid,11,False,False,"[21.262620137226673, 0.06993061707668558, False]",1.0699306170766856,,0,1000,0.0016179590020328
RANDOM,shipping_discount,invalid,12,False,False,"[0.19037929446727997, 63.83949728698276, True]",1.19037929446728,,0,1000,0.0017401250079274
RANDOM,shipping_discount,invalid,13,False,False,"[13.803524366625986, 0.08168239118926945, True]",1.0816823911892697,,0,1000,0.0016435839934274
RANDOM,shipping_discount,invalid,14,False,False,"[165.5357339727533, 0.0132888903964401, True]",1.01328889039644,,0,1000,0.0017302500054938
RANDOM,shipping_discount,invalid,15,False,False,"[0.5620890275875534, 1.1813607466316767, False]",1.5620890275875534,,0,1000,0.0016295829991577
RANDOM,shipping_discount,invalid,16,False,False,"[0.06912732939454713, 75.04813590696145, False]",1.0691273293945471,,0,1000,0.0016877080051926
RANDOM,shipping_discount,invalid,17,False,False,"[187.2735474108408, 0.30131493275894483, True]",1.3013149327589448,,0,1000,0.0016715829988243
RANDOM,shipping_discount,invalid,18,False,False,"[59.56189727851806, 0.21906238335649975, True]",1.2190623833564995,,0,1000,0.0016527920088265
RANDOM,shipping_discount,invalid,19,False,False,"[0.013291923121061533, 15.331551532993359, True]",1.0132919231210615,,0,1000,0.0017324579966953
RANDOM,shipping_discount,invalid,20,False,False,"[33.79558143353666, 0.22679735419601776, True]",1.2267973541960178,,0,1000,0.0016458750033052
RANDOM,shipping_discount,invalid,21,False,False,"[231.95069885935652, 0.0476653740603572, False]",1.0476653740603572,,0,1000,0.0016967080009635
RANDOM,shipping_discount,invalid,22,False,False,"[222.49815480812657, 0.008946356449507364, False]",1.0089463564495074,,0,1000,0.0016873330023372
RANDOM,shipping_discount,invalid,23,False,False,"[56.175971506461885, 0.31753384064510115, True]",1.3175338406451012,,0,1000,0.0016766670014476
RANDOM,shipping_discount,invalid,24,False,False,"[50.61185298296928, 0.016912290916998307, True]",1.0169122909169983,,0,1000,0.001693583006272
RANDOM,shipping_discount,invalid,25,False,False,"[0.050989363237763374, 40.16977535512189, True]",1.0509893632377634,,0,1000,0.0016747499903431
RANDOM,shipping_discount,invalid,26,False,False,"[97.79757892176882, 0.039696479602113754, False]",1.0396964796021138,,0,1000,0.0017061659891624
RANDOM,shipping_discount,invalid,27,False,False,"[70.61560204678904, 0.11444115363217211, True]",1.114441153632172,,0,1000,0.001660958994762
RANDOM,shipping_discount,invalid,28,False,False,"[299.1156838155614, 0.017359338436168104, False]",1.017359338436168,,0,1000,0.0017217919958056
RANDOM,shipping_discount,invalid,29,False,False,"[78.66381809134808, 0.23158393646083297, False]",1.231583936460833,,0,1000,0.0016284580051433
RANDOM,shipping_discount,no_discount,0,True,True,"[18.731120373375777, 134.97454505793155, False]",0.0,no_discount,0,31,6.495800334960222e-05
RANDOM,shipping_discount,no_discount,1,True,True,"[10.878052344315902, 23.352327016334186, False]",0.0,no_discount,0,6,1.1209005606360734e-05
RANDOM,shipping_discount,no_discount,2,True,True,"[2.615092105218031, 126.64287627207364, False]",0.0,no_discount,0,4,8.917006198316813e-06
RANDOM,shipping_discount,no_discount,3,True,True,"[39.5771087944107, 103.41215892756023, False]",0.0,no_discount,0,4,7.791997632011771e-06
RANDOM,shipping_discount,no_discount,4,True,True,"[40.532533968304755, 146.90205686894004, False]",0.0,no_discount,0,4,8.874994819052517e-06
RANDOM,shipping_discount,no_discount,5,True,True,"[13.119384436127014, 118.73607797564806, False]",0.0,no_discount,0,19,3.870901127811521e-05
RANDOM,shipping_discount,no_discount,6,True,True,"[31.20667753027465, 65.25834878808693, False]",0.0,no_discount,0,20,4.199999966658652e-05
RANDOM,shipping_discount,no_discount,7,True,True,"[35.0232880197593, 54.06898082663999, False]",0.0,no_discount,0,4,8.957998943515122e-06
RANDOM,shipping_discount,no_discount,8,True,True,"[35.2439385061852, 8.190627208484063, False]",0.0,no_discount,0,23,4.558300133794546e-05
RANDOM,shipping_discount,no_discount,9,True,True,"[48.69853913543651, 93.54712000473488, False]",0.0,no_discount,0,8,1.5541998436674476e-05
RANDOM,shipping_discount,no_discount,10,True,True,"[17.89845380467715, 142.52596669108559, False]",0.0,no_discount,0,3,6.834001396782696e-06
RANDOM,shipping_discount,no_discount,11,True,True,"[46.99136904509741, 30.072041811339588, False]",0.0,no_discount,0,1,2.415996277704835e-06
RANDOM,shipping_discount,no_discount,12,True,True,"[15.691453232081642, 130.42769437359607, False]",0.0,no_discount,0,34,7.020799966994673e-05
RANDOM,shipping_discount,no_discount,13,True,True,"[30.654781496099947, 117.58207762526276, False]",0.0,no_discount,0,10,1.979200169444084e-05
RANDOM,shipping_discount,no_discount,14,True,True,"[15.056604306247257, 107.5050290248491, False]",0.0,no_discount,0,23,4.783300391864032e-05
RANDOM,shipping_discount,no_discount,15,True,True,"[30.534423509114873, 70.4400418353735, False]",0.0,no_discount,0,17,3.395900421310216e-05
RANDOM,shipping_discount,no_discount,16,True,True,"[8.294383776535962, 25.509597369260323, False]",0.0,no_discount,0,6,1.3124998076818883e-05
RANDOM,shipping_discount,no_discount,17,True,True,"[46.2602000459221, 76.79678089300744, False]",0.0,no_discount,0,3,6.6250067902728915e-06
RANDOM,shipping_discount,no_discount,18,True,True,"[3.093214807829836, 32.94968324888958, False]",0.0,no_discount,0,78,0.0001349169906461
RANDOM,shipping_discount,no_discount,19,True,True,"[25.14282276428751, 50.35579143592793, False]",0.0,no_discount,0,6,1.1000010999850929e-05
RANDOM,shipping_discount,no_discount,20,True,True,"[16.177912493493494, 134.67416914489607, False]",0.0,no_discount,0,9,1.8916995031759143e-05
RANDOM,shipping_discount,no_discount,21,True,True,"[13.679786365681391, 90.82211475391529, False]",0.0,no_discount,0,4,7.875001756474376e-06
RANDOM,shipping_discount,no_discount,22,True,True,"[15.025036743264675, 65.26591300516584, False]",0.0,no_discount,0,15,3.21669940603897e-05
RANDOM,shipping_discount,no_discount,23,True,True,"[36.12762490395145, 75.81388600579726, False]",0.0,no_discount,0,1,2.374988980591297e-06
RANDOM,shipping_discount,no_discount,24,True,True,"[14.278598535483688, 10.744845367281586, False]",0.0,no_discount,0,36,6.337500235531479e-05
RANDOM,shipping_discount,no_discount,25,True,True,"[19.52808647987633, 143.25128377916636, False]",0.0,no_discount,0,52,9.712499740999192e-05
RANDOM,shipping_discount,no_discount,26,True,True,"[27.400069387266047, 65.40182976321518, False]",0.0,no_discount,0,4,7.166992872953415e-06
RANDOM,shipping_discount,no_discount,27,True,True,"[36.425028791190115, 129.84750093220202, False]",0.0,no_discount,0,8,1.7250000382773578e-05
RANDOM,shipping_discount,no_discount,28,True,True,"[25.410896817224415, 51.391056122994144, False]",0.0,no_discount,0,22,4.4042011722922325e-05
RANDOM,shipping_discount,no_discount,29,True,True,"[35.663555692283346, 5.910220336852462, False]",0.0,no_discount,0,3,5.4580013966187835e-06
RANDOM,shipping_discount,small_discount,0,True,True,"[5.960505380461855, 88.44411110905095, True]",0.0,small_discount,0,1,2.082990249618888e-06
RANDOM,shipping_discount,small_discount,1,True,True,"[184.8406117062185, 111.34051342112532, False]",0.0,small_discount,0,2,4.959001671522856e-06
RANDOM,shipping_discount,small_discount,2,True,True,"[262.47198111851486, 114.99591621605474, False]",0.0,small_discount,0,2,4.624991561286151e-06
RANDOM,shipping_discount,small_discount,3,True,True,"[262.4764061096001, 109.3852760235721, False]",0.0,small_discount,0,2,4.750007065013051e-06
RANDOM,shipping_discount,small_discount,4,True,True,"[278.4716858834001, 110.58037631371961, True]",0.0,small_discount,0,2,4.582994733937085e-06
RANDOM,shipping_discount,small_discount,5,True,True,"[4.198749041247951, 78.872275709341, True]",0.0,small_discount,0,1,2.5000044843181968e-06
RANDOM,shipping_discount,small_discount,6,True,True,"[188.44661930792674, 138.4060181064349, True]",0.0,small_discount,0,2,4.665998858399689e-06
RANDOM,shipping_discount,small_discount,7,True,True,"[230.97288985859842, 144.1988056427949, True]",0.0,small_discount,0,4,8.749993867240846e-06
RANDOM,shipping_discount,small_discount,8,True,True,"[255.66823901875546, 131.37381734748706, False]",0.0,small_discount,0,2,4.458008334040642e-06
RANDOM,shipping_discount,small_discount,9,True,True,"[136.72708435575976, 147.34198674228026, True]",0.0,small_discount,0,10,2.0624996977858245e-05
RANDOM,shipping_discount,small_discount,10,True,True,"[50.85927761617557, 53.375769177003924, False]",0.0,small_discount,0,1,2.334010787308216e-06
RANDOM,shipping_discount,small_discount,11,True,True,"[222.57712964366908, 131.63815898504893, False]",0.0,small_discount,0,2,4.5000051613897085e-06
RANDOM,shipping_discount,small_discount,12,True,True,"[93.63986136912929, 143.53536513836903, True]",0.0,small_discount,0,1,2.5000044843181968e-06
RANDOM,shipping_discount,small_discount,13,True,True,"[96.52881972653, 27.545392093063565, True]",0.0,small_discount,0,1,2.082990249618888e-06
RANDOM,shipping_discount,small_discount,14,True,True,"[232.83065927021812, 148.17486225389527, False]",0.0,small_discount,0,3,6.624992238357663e-06
RANDOM,shipping_discount,small_discount,15,True,True,"[70.5781152802683, 44.11264807914295, True]",0.0,small_discount,0,3,6.749993190169334e-06
RANDOM,shipping_discount,small_discount,16,True,True,"[145.47065903801538, 112.78406317883658, False]",0.0,small_discount,0,1,2.540997229516506e-06
RANDOM,shipping_discount,small_discount,17,True,True,"[281.42286430668605, 104.22903430969153, True]",0.0,small_discount,0,1,2.3750035325065255e-06
RANDOM,shipping_discount,small_discount,18,True,True,"[126.31783791612465, 141.66773118045037, False]",0.0,small_discount,0,5,1.1415992048569024e-05
RANDOM,shipping_discount,small_discount,19,True,True,"[151.62053545810883, 100.9284546614372, False]",0.0,small_discount,0,1,0.0004017920000478
RANDOM,shipping_discount,small_discount,20,True,True,"[77.49275332765966, 49.198398565727416, True]",0.0,small_discount,0,1,2.959000994451344e-06
RANDOM,shipping_discount,small_discount,21,True,True,"[136.4341283639358, 142.81472854381295, True]",0.0,small_discount,0,1,2.4170003598555923e-06
RANDOM,shipping_discount,small_discount,22,True,True,"[101.4014297516484, 131.75529597839983, True]",0.0,small_discount,0,3,8.208997314795852e-06
RANDOM,shipping_discount,small_discount,23,True,True,"[97.72526610781928, 115.39106242173006, True]",0.0,small_discount,0,2,6.582995411008596e-06
RANDOM,shipping_discount,small_discount,24,True,True,"[52.68683720945706, 13.85062889515804, True]",0.0,small_discount,0,1,2.5000044843181968e-06
RANDOM,shipping_discount,small_discount,25,True,True,"[73.98908967297042, 11.97904584738666, False]",0.0,small_discount,0,1,2.291999408043921e-06
RANDOM,shipping_discount,small_discount,26,True,True,"[10.622896617254652, 71.7522968666744, True]",0.0,small_discount,0,1,2.4590117391198874e-06
RANDOM,shipping_discount,small_discount,27,True,True,"[84.63242624278789, 128.79747201221016, True]",0.0,small_discount,0,2,4.791989340446889e-06
RANDOM,shipping_discount,small_discount,28,True,True,"[101.61888553226827, 123.16968220025338, False]",0.0,small_discount,0,2,4.49999060947448e-06
RANDOM,shipping_discount,small_discount,29,True,True,"[269.8081071662937, 137.54283464836723, True]",0.0,small_discount,0,1,2.458997187204659e-06
RANDOM,shipping_discount,standard_discount,0,True,True,"[150.07329691074787, 7.700502337838127, False]",0.0,standard_discount,0,1,2.0419975044205785e-06
RANDOM,shipping_discount,standard_discount,1,True,True,"[205.3964123124563, 6.200135623329301, False]",0.0,standard_discount,0,1,1.958003849722445e-06
RANDOM,shipping_discount,standard_discount,2,True,True,"[209.28748234391404, 75.57910465036196, True]",0.0,standard_discount,0,4,9.291994501836598e-06
RANDOM,shipping_discount,standard_discount,3,True,True,"[259.95138835769114, 68.27522827819035, False]",0.0,standard_discount,0,4,9.000010322779417e-06
RANDOM,shipping_discount,standard_discount,4,True,True,"[262.12866581252325, 96.95698652970731, False]",0.0,standard_discount,0,4,8.83299799170345e-06
RANDOM,shipping_discount,standard_discount,5,True,True,"[264.6074705862067, 21.522090796785097, False]",0.0,standard_discount,0,1,2.5000044843181968e-06
RANDOM,shipping_discount,standard_discount,6,True,True,"[139.67406395498054, 97.1344134540848, True]",0.0,standard_discount,0,1,2.3750035325065255e-06
RANDOM,shipping_discount,standard_discount,7,True,True,"[198.03363717323018, 65.00448878079304, True]",0.0,standard_discount,0,1,2.4170003598555923e-06
RANDOM,shipping_discount,standard_discount,8,True,True,"[228.2874871392086, 78.56578791496419, False]",0.0,standard_discount,0,2,4.250003257766366e-06
RANDOM,shipping_discount,standard_discount,9,True,True,"[268.1055657088013, 60.4081044254252, False]",0.0,standard_discount,0,2,4.542001988738775e-06
RANDOM,shipping_discount,standard_discount,10,True,True,"[173.42278429047312, 20.266677427434722, False]",0.0,standard_discount,0,2,4.250003257766366e-06
RANDOM,shipping_discount,standard_discount,11,True,True,"[107.95246869855012, 84.00019245638376, True]",0.0,standard_discount,0,1,2.5000044843181968e-06
RANDOM,shipping_discount,standard_discount,12,True,True,"[195.71227407967837, 75.4278925236715, True]",0.0,standard_discount,0,3,6.95799826644361e-06
RANDOM,shipping_discount,standard_discount,13,True,True,"[174.45248552863714, 66.75180631936334, False]",0.0,standard_discount,0,2,4.458008334040642e-06
RANDOM,shipping_discount,standard_discount,14,True,True,"[195.31960733897904, 14.56923748042443, True]",0.0,standard_discount,0,2,4.665998858399689e-06
RANDOM,shipping_discount,standard_discount,15,True,True,"[274.73541527171244, 29.13682969134349, False]",0.0,standard_discount,0,1,2.3750035325065255e-06
RANDOM,shipping_discount,standard_discount,16,True,True,"[155.29036440827184, 21.251577876825838, True]",0.0,standard_discount,0,1,2.3339962353929877e-06
RANDOM,shipping_discount,standard_discount,17,True,True,"[163.67937271210127, 47.97565675347205, True]",0.0,standard_discount,0,3,6.4159976318478584e-06
RANDOM,shipping_discount,standard_discount,18,True,True,"[224.67500182544495, 86.04646159292189, False]",0.0,standard_discount,0,2,4.542001988738775e-06
RANDOM,shipping_discount,standard_discount,19,True,True,"[256.9664534855888, 75.22967821022831, False]",0.0,standard_discount,0,1,2.3750035325065255e-06
RANDOM,shipping_discount,standard_discount,20,True,True,"[169.13848602939518, 62.306342828626946, True]",0.0,standard_discount,0,1,2.334010787308216e-06
RANDOM,shipping_discount,standard_discount,21,True,True,"[283.390465774296, 96.16472165893103, True]",0.0,standard_discount,0,2,4.6670029405504465e-06
RANDOM,shipping_discount,standard_discount,22,True,True,"[177.608277646593, 32.07200998625353, True]",0.0,standard_discount,0,1,2.5000044843181968e-06
RANDOM,shipping_discount,standard_discount,23,True,True,"[293.8838508390957, 95.33338905486725, False]",0.0,standard_discount,0,5,1.1000010999850929e-05
RANDOM,shipping_discount,standard_discount,24,True,True,"[273.19028415601554, 31.713854868525875, False]",0.0,standard_discount,0,1,2.3750035325065255e-06
RANDOM,shipping_discount,standard_discount,25,True,True,"[189.88464821828754, 38.00397405436358, True]",0.0,standard_discount,0,4,8.834002073854208e-06
RANDOM,shipping_discount,standard_discount,26,True,True,"[294.3819836093946, 88.38447574422881, True]",0.0,standard_discount,0,1,2.3330067051574588e-06
RANDOM,shipping_discount,standard_discount,27,True,True,"[168.5282081581983, 44.116227136569165, False]",0.0,standard_discount,0,4,9.208000847138464e-06
RANDOM,shipping_discount,standard_discount,28,True,True,"[133.61358631163253, 2.555675295192217, False]",0.0,standard_discount,0,1,2.4170003598555923e-06
RANDOM,shipping_discount,standard_discount,29,True,True,"[293.27065694702145, 19.71752723081045, False]",0.0,standard_discount,0,2,4.583998816087842e-06
RANDOM,sign_type,negative,0,True,True,[-201],0.0,negative,0,1,2.0000006770715117e-06
RANDOM,sign_type,negative,1,True,True,[-394],0.0,negative,0,33,2.2167005226947367e-05
RANDOM,sign_type,negative,2,True,True,[-132],0.0,negative,0,2,2.582994056865573e-06
RANDOM,sign_type,negative,3,True,True,[-358],0.0,negative,0,14,9.708994184620678e-06
RANDOM,sign_type,negative,4,True,True,[-156],0.0,negative,0,3,3.3340038498863578e-06
RANDOM,sign_type,negative,5,True,True,[-415],0.0,negative,0,8,6.667003617621958e-06
RANDOM,sign_type,negative,6,True,True,[-307],0.0,negative,0,7,6.1250029830262065e-06
RANDOM,sign_type,negative,7,True,True,[-344],0.0,negative,0,2,2.458997187204659e-06
RANDOM,sign_type,negative,8,True,True,[-196],0.0,negative,0,25,1.85410026460886e-05
RANDOM,sign_type,negative,9,True,True,[-471],0.0,negative,0,1,1.8749997252598405e-06
RANDOM,sign_type,negative,10,True,True,[-413],0.0,negative,0,1,1.958993379957974e-06
RANDOM,sign_type,negative,11,True,True,[-386],0.0,negative,0,5,4.707995685748756e-06
RANDOM,sign_type,negative,12,True,True,[-360],0.0,negative,0,3,3.4999975468963385e-06
RANDOM,sign_type,negative,13,True,True,[-147],0.0,negative,0,22,1.604200224392116e-05
RANDOM,sign_type,negative,14,True,True,[-465],0.0,negative,0,2,2.5839981390163302e-06
RANDOM,sign_type,negative,15,True,True,[-56],0.0,negative,0,1,1.791995600797236e-06
RANDOM,sign_type,negative,16,True,True,[-59],0.0,negative,0,17,1.1916999937966466e-05
RANDOM,sign_type,negative,17,True,True,[-422],0.0,negative,0,7,5.9580052038654685e-06
RANDOM,sign_type,negative,18,True,True,[-352],0.0,negative,0,1,1.7080019460991025e-06
RANDOM,sign_type,negative,19,True,True,[-213],0.0,negative,0,3,3.2910029403865337e-06
RANDOM,sign_type,negative,20,True,True,[-320],0.0,negative,0,1,1.8749997252598405e-06
RANDOM,sign_type,negative,21,True,True,[-161],0.0,negative,0,8,6.874994141981006e-06
RANDOM,sign_type,negative,22,True,True,[-103],0.0,negative,0,1,1.8749997252598405e-06
RANDOM,sign_type,negative,23,True,True,[-430],0.0,negative,0,8,5.374997272156179e-06
RANDOM,sign_type,negative,24,True,True,[-82],0.0,negative,0,23,1.6833000699989498e-05
RANDOM,sign_type,negative,25,True,True,[-31],0.0,negative,0,11,8.83299799170345e-06
RANDOM,sign_type,negative,26,True,True,[-198],0.0,negative,0,4,4.1669991333037615e-06
RANDOM,sign_type,negative,27,True,True,[-354],0.0,negative,0,11,7.541995728388429e-06
RANDOM,sign_type,negative,28,True,True,[-143],0.0,negative,0,8,6.749993190169334e-06
RANDOM,sign_type,negative,29,True,True,[-167],0.0,negative,0,1,1.624997821636498e-06
RANDOM,sign_type,positive,0,True,True,[2486],0.0,positive,0,1,3.4999975468963385e-06
RANDOM,sign_type,positive,1,True,True,[177],0.0,positive,0,1,2.291999408043921e-06
RANDOM,sign_type,positive,2,True,True,[1908],0.0,positive,0,1,1.91599247045815e-06
RANDOM,sign_type,positive,3,True,True,[1784],0.0,positive,0,1,1.9160070223733783e-06
RANDOM,sign_type,positive,4,True,True,[919],0.0,positive,0,2,2.7089990908280015e-06
RANDOM,sign_type,positive,5,True,True,[1748],0.0,positive,0,1,1.7920101527124643e-06
RANDOM,sign_type,positive,6,True,True,[1742],0.0,positive,0,1,2.5420013116672635e-06
RANDOM,sign_type,positive,7,True,True,[625],0.0,positive,0,1,1.6250123735517263e-06
RANDOM,sign_type,positive,8,True,True,[2553],0.0,positive,0,1,1.7080019460991025e-06
RANDOM,sign_type,positive,9,True,True,[756],0.0,positive,0,2,2.582994056865573e-06
RANDOM,sign_type,positive,10,True,True,[1084],0.0,positive,0,1,1.791995600797236e-06
RANDOM,sign_type,positive,11,True,True,[436],0.0,positive,0,1,1.8329883459955456e-06
RANDOM,sign_type,positive,12,True,True,[855],0.0,positive,0,1,1.7909915186464789e-06
RANDOM,sign_type,positive,13,True,True,[893],0.0,positive,0,2,2.625005436129868e-06
RANDOM,sign_type,positive,14,True,True,[2712],0.0,positive,0,1,1.7909915186464789e-06
RANDOM,sign_type,positive,15,True,True,[2651],0.0,positive,0,1,1.7499987734481692e-06
RANDOM,sign_type,positive,16,True,True,[1429],0.0,positive,0,1,1.7499987734481692e-06
RANDOM,sign_type,positive,17,True,True,[1199],0.0,positive,0,1,1.7909915186464789e-06
RANDOM,sign_type,positive,18,True,True,[2640],0.0,positive,0,2,2.7500063879415393e-06
RANDOM,sign_type,positive,19,True,True,[689],0.0,positive,0,1,1.7090060282498598e-06
RANDOM,sign_type,positive,20,True,True,[1884],0.0,positive,0,1,1.791995600797236e-06
RANDOM,sign_type,positive,21,True,True,[299],0.0,positive,0,1,1.791995600797236e-06
RANDOM,sign_type,positive,22,True,True,[1374],0.0,positive,0,2,2.5000044843181968e-06
RANDOM,sign_type,positive,23,True,True,[179],0.0,positive,0,1,1.7499987734481692e-06
RANDOM,sign_type,positive,24,True,True,[2274],0.0,positive,0,1,1.791995600797236e-06
RANDOM,sign_type,positive,25,True,True,[1667],0.0,positive,0,1,1.7499987734481692e-06
RANDOM,sign_type,positive,26,True,True,[2854],0.0,positive,0,1,1.8749997252598405e-06
RANDOM,sign_type,positive,27,True,True,[2025],0.0,positive,0,1,1.7499987734481692e-06
RANDOM,sign_type,positive,28,True,True,[1003],0.0,positive,0,2,2.5830086087808013e-06
RANDOM,sign_type,positive,29,True,True,[2486],0.0,positive,0,1,1.5830009942874312e-06
RANDOM,sign_type,zero,0,False,False,[-5],5.0,,0,1000,0.000496667009429
RANDOM,sign_type,zero,1,False,False,[-2],2.0,,0,1000,0.0005011250032112
RANDOM,sign_type,zero,2,False,False,[2],2.0,,0,1000,0.0005174160032765
RANDOM,sign_type,zero,3,True,True,[0],0.0,zero,0,791,0.0004398749879328
RANDOM,sign_type,zero,4,False,False,[-1],1.0,,0,1000,0.0005174999969312
RANDOM,sign_type,zero,5,False,False,[-3],3.0,,0,1000,0.0005027919978601
RANDOM,sign_type,zero,6,False,False,[3],3.0,,0,1000,0.0005039590032538
RANDOM,sign_type,zero,7,False,False,[2],2.0,,0,1000,0.000499249988934
RANDOM,sign_type,zero,8,False,False,[4],4.0,,0,1000,0.0005037920054746
RANDOM,sign_type,zero,9,False,False,[3],3.0,,0,1000,0.0005028330051572
RANDOM,sign_type,zero,10,True,True,[0],0.0,zero,0,223,0.0001231659989571
RANDOM,sign_type,zero,11,False,False,[3],3.0,,0,1000,0.0005048339953646
RANDOM,sign_type,zero,12,False,False,[1],1.0,,0,1000,0.0005380420043366
RANDOM,sign_type,zero,13,False,False,[-4],4.0,,0,1000,0.0005330840067472
RANDOM,sign_type,zero,14,False,False,[-1],1.0,,0,1000,0.0005326670070644
RANDOM,sign_type,zero,15,False,False,[5],5.0,,0,1000,0.0005353330052457
RANDOM,sign_type,zero,16,False,False,[4],4.0,,0,1000,0.0005227079964242
RANDOM,sign_type,zero,17,False,False,[2],2.0,,0,1000,0.0005010410095565
RANDOM,sign_type,zero,18,False,False,[-3],3.0,,0,1000,0.0004997079959139
RANDOM,sign_type,zero,19,False,False,[1],1.0,,0,1000,0.0005125000025145
RANDOM,sign_type,zero,20,False,False,[1],1.0,,0,1000,0.0005268749955575
RANDOM,sign_type,zero,21,True,True,[0],0.0,zero,0,677,0.0003427079936955
RANDOM,sign_type,zero,22,False,False,[1],1.0,,0,1000,0.0005148330092197
RANDOM,sign_type,zero,23,False,False,[2],2.0,,0,1000,0.000538125008461
RANDOM,sign_type,zero,24,True,True,[0],0.0,zero,0,372,0.0002035000070463
RANDOM,sign_type,zero,25,True,True,[0],0.0,zero,0,358,0.0001968750002561
RANDOM,sign_type,zero,26,False,False,[-3],3.0,,0,1000,0.0005320410127751
RANDOM,sign_type,zero,27,True,True,[0],0.0,zero,0,792,0.0004262920119799
RANDOM,sign_type,zero,28,False,False,[-3],3.0,,0,1000,0.0005257500015432
RANDOM,sign_type,zero,29,False,False,[1],1.0,,0,1000,0.0005069579929113
RANDOM,string_category,empty,0,True,True,[''],0.0,empty,0,37,9.68750100582838e-05
RANDOM,string_category,empty,1,True,True,[''],0.0,empty,0,5,1.1249998351559045e-05
RANDOM,string_category,empty,2,True,True,[''],0.0,empty,0,9,2.283399226143956e-05
RANDOM,string_category,empty,3,True,True,[''],0.0,empty,0,22,5.670799873769283e-05
RANDOM,string_category,empty,4,True,True,[''],0.0,empty,0,20,4.6209010179154575e-05
RANDOM,string_category,empty,5,True,True,[''],0.0,empty,0,14,3.391699283383787e-05
RANDOM,string_category,empty,6,True,True,[''],0.0,empty,0,49,9.970799146685748e-05
RANDOM,string_category,empty,7,True,True,[''],0.0,empty,0,1,2.1249870769679542e-06
RANDOM,string_category,empty,8,True,True,[''],0.0,empty,0,10,2.474999928381294e-05
RANDOM,string_category,empty,9,True,True,[''],0.0,empty,0,4,1.058299676515162e-05
RANDOM,string_category,empty,10,True,True,[''],0.0,empty,0,37,8.529199112672359e-05
RANDOM,string_category,empty,11,True,True,[''],0.0,empty,0,27,6.600000779144466e-05
RANDOM,string_category,empty,12,True,True,[''],0.0,empty,0,17,4.1207997128367424e-05
RANDOM,string_category,empty,13,True,True,[''],0.0,empty,0,8,2.024999412242323e-05
RANDOM,string_category,empty,14,True,True,[''],0.0,empty,0,9,2.1917003323324025e-05
RANDOM,string_category,empty,15,True,True,[''],0.0,empty,0,10,2.679099270608276e-05
RANDOM,string_category,empty,16,True,True,[''],0.0,empty,0,22,5.458299710880965e-05
RANDOM,string_category,empty,17,True,True,[''],0.0,empty,0,16,4.162501136306673e-05
RANDOM,string_category,empty,18,True,True,[''],0.0,empty,0,26,6.983400089666247e-05
RANDOM,string_category,empty,19,True,True,[''],0.0,empty,0,16,3.791599010583013e-05
RANDOM,string_category,empty,20,True,True,[''],0.0,empty,0,3,7.624999852851033e-06
RANDOM,string_category,empty,21,True,True,[''],0.0,empty,0,3,7.208000170066953e-06
RANDOM,string_category,empty,22,True,True,[''],0.0,empty,0,11,2.3665998014621437e-05
RANDOM,string_category,empty,23,True,True,[''],0.0,empty,0,18,3.879200085066259e-05
RANDOM,string_category,empty,24,True,True,[''],0.0,empty,0,16,3.5375007428228855e-05
RANDOM,string_category,empty,25,True,True,[''],0.0,empty,0,2,3.915993147529662e-06
RANDOM,string_category,empty,26,True,True,[''],0.0,empty,0,34,8.137499389704317e-05
RANDOM,string_category,empty,27,True,True,[''],0.0,empty,0,7,1.2124990462325512e-05
RANDOM,string_category,empty,28,True,True,[''],0.0,empty,0,5,1.375000283587724e-05
RANDOM,string_category,empty,29,True,True,[''],0.0,empty,0,6,1.3832992408424616e-05
RANDOM,string_category,long_non_palindrome,0,True,True,['b1WpBb3HpyCqI66'],0.0,long_non_palindrome,0,1,4.707995685748756e-06
RANDOM,string_category,long_non_palindrome,1,True,True,['L6DvO3qP'],0.0,long_non_palindrome,0,1,3.541994374245405e-06
RANDOM,string_category,long_non_palindrome,2,True,True,['x3icUKoChVlrM'],0.0,long_non_palindrome,0,1,4.083995008841157e-06
RANDOM,string_category,long_non_palindrome,3,True,True,['JuMkVvB'],0.0,long_non_palindrome,0,1,3.416993422433734e-06
RANDOM,string_category,long_non_palindrome,4,True,True,['DliGjRtF3zY1D'],0.0,long_non_palindrome,0,3,8.041999535635114e-06
RANDOM,string_category,long_non_palindrome,5,True,True,['q9I4FtXl8qj4'],0.0,long_non_palindrome,0,3,7.874987204559147e-06
RANDOM,string_category,long_non_palindrome,6,True,True,['DIUdf0eN'],0.0,long_non_palindrome,0,2,4.999994416721165e-06
RANDOM,string_category,long_non_palindrome,7,True,True,['XxVsXapN'],0.0,long_non_palindrome,0,3,6.6250067902728915e-06
RANDOM,string_category,long_non_palindrome,8,True,True,['ybmjZMFv5T1LBoM'],0.0,long_non_palindrome,0,2,4.9579975893720984e-06
RANDOM,string_category,long_non_palindrome,9,True,True,['ffBah0B0c'],0.0,long_non_palindrome,0,1,3.916997229680419e-06
RANDOM,string_category,long_non_palindrome,10,True,True,['S99kwASLUzd'],0.0,long_non_palindrome,0,1,4.125002305954695e-06
RANDOM,string_category,long_non_palindrome,11,True,True,['39chhq5WjVq0eG'],0.0,long_non_palindrome,0,2,6.000002031214535e-06
RANDOM,string_category,long_non_palindrome,12,True,True,['ZyKqVq1SK'],0.0,long_non_palindrome,0,1,3.834007657133043e-06
RANDOM,string_category,long_non_palindrome,13,True,True,['fEExWmLfD6nJqe'],0.0,long_non_palindrome,0,2,5.207999492995441e-06
RANDOM,string_category,long_non_palindrome,14,True,True,['kkYmyu0PJE'],0.0,long_non_palindrome,0,1,3.957989974878728e-06
RANDOM,string_category,long_non_palindrome,15,True,True,['lZQ59XoCMHwDp'],0.0,long_non_palindrome,0,5,1.200000406242907e-05
RANDOM,string_category,long_non_palindrome,16,True,True,['Bs6eJBNx6loLv'],0.0,long_non_palindrome,0,3,7.458002073690295e-06
RANDOM,string_category,long_non_palindrome,17,True,True,['DtRWRMpsY4s'],0.0,long_non_palindrome,0,1,3.16700607072562e-06
RANDOM,string_category,long_non_palindrome,18,True,True,['PMejsaOH6nr'],0.0,long_non_palindrome,0,1,4.0000013541430235e-06
RANDOM,string_category,long_non_palindrome,19,True,True,['xxYGtLQosXpV'],0.0,long_non_palindrome,0,1,4.125002305954695e-06
RANDOM,string_category,long_non_palindrome,20,True,True,['8cFpdOiO81'],0.0,long_non_palindrome,0,1,3.959008608944714e-06
RANDOM,string_category,long_non_palindrome,21,True,True,['QsQRaUmPU1xZaa'],0.0,long_non_palindrome,0,1,4.542001988738775e-06
RANDOM,string_category,long_non_palindrome,22,True,True,['vmiFwEMnohNgf'],0.0,long_non_palindrome,0,1,4.125002305954695e-06
RANDOM,string_category,long_non_palindrome,23,True,True,['cEmAe70cf9g'],0.0,long_non_palindrome,0,3,7.708003977313638e-06
RANDOM,string_category,long_non_palindrome,24,True,True,['Nu16AC15XS2mz'],0.0,long_non_palindrome,0,1,3.749999450519681e-06
RANDOM,string_category,long_non_palindrome,25,True,True,['h8uUApb7gvkKFW'],0.0,long_non_palindrome,0,2,6.624992238357663e-06
RANDOM,string_category,long_non_palindrome,26,True,True,['XSfFIr'],0.0,long_non_palindrome,0,1,3.4589902497828007e-06
RANDOM,string_category,long_non_palindrome,27,True,True,['ZnBWLHfjmskn'],0.0,long_non_palindrome,0,1,3.4580007195472717e-06
RANDOM,string_category,long_non_palindrome,28,True,True,['t1iiZFcLYKB5wM'],0.0,long_non_palindrome,0,1,4.541987436823547e-06
RANDOM,string_category,long_non_palindrome,29,True,True,['j4R2YaxKHZBH'],0.0,long_non_palindrome,0,2,6.542002665810287e-06
RANDOM,string_category,long_palindrome,0,False,False,['xYzDhGz'],1.0,,0,1000,0.0019170000014128
RANDOM,string_category,long_palindrome,1,False,False,['OBVXKJhdi'],1.0,,0,1000,0.0020723750058095
RANDOM,string_category,long_palindrome,2,False,False,['32caWMTy'],1.0,,0,1000,0.0019149589934386
RANDOM,string_category,long_palindrome,3,False,False,['XVzsI'],1.0,,0,1000,0.0020867080020252
RANDOM,string_category,long_palindrome,4,False,False,['5rvMLiFqdn'],1.0,,0,1000,0.0019536250038072
RANDOM,string_category,long_palindrome,5,False,False,['mdnCFv'],1.0,,0,1000,0.0020294999994803
RANDOM,string_category,long_palindrome,6,False,False,['WRPUj'],1.0,,0,1000,0.0019749580096686
RANDOM,string_category,long_palindrome,7,False,False,['wLX5'],1.0,,0,1000,0.0020409999997355
RANDOM,string_category,long_palindrome,8,False,False,['UspW4'],1.0,,0,1000,0.0019604169938247
RANDOM,string_category,long_palindrome,9,False,False,['TpVHIwmVqw'],1.0,,0,1000,0.0021033749944763
RANDOM,string_category,long_palindrome,10,False,False,['aCnP73SK0'],1.0,,0,1000,0.0020102080015931
RANDOM,string_category,long_palindrome,11,False,False,['QIkJeg'],1.0,,0,1000,0.0019325829925946
RANDOM,string_category,long_palindrome,12,False,False,['JllZphl'],1.0,,0,1000,0.0020554169896058
RANDOM,string_category,long_palindrome,13,False,False,['GYCKyEIx'],1.0,,0,1000,0.0020012919994769
RANDOM,string_category,long_palindrome,14,False,False,['pyTs1'],1.0,,0,1000,0.0020219580037519
RANDOM,string_category,long_palindrome,15,False,False,['E1aB9faQUhF'],1.0,,0,1000,0.0019679169927258
RANDOM,string_category,long_palindrome,16,False,False,['Hqv9'],1.0,,0,1000,0.0020580830023391
RANDOM,string_category,long_palindrome,17,False,False,['ogBw1ajbs2W'],1.0,,0,1000,0.0019701669953064
RANDOM,string_category,long_palindrome,18,False,False,['bj8y'],1.0,,0,1000,0.0020929169986629
RANDOM,string_category,long_palindrome,19,False,False,['Jb8DUy'],1.0,,0,1000,0.0019680409895954
RANDOM,string_category,long_palindrome,20,False,False,['LHKXRs7K1VedYN'],1.0,,0,1000,0.0020064999989699
RANDOM,string_category,long_palindrome,21,False,False,['00XSaJmsoZ'],1.0,,0,1000,0.0019859579915646
RANDOM,string_category,long_palindrome,22,False,False,['VwcQsb'],1.0,,0,1000,0.0020355419983388
RANDOM,string_category,long_palindrome,23,False,False,['x1G4ATO7ru85RDH'],1.0,,0,1000,0.001935208987561
RANDOM,string_category,long_palindrome,24,False,False,['yBedtIlFpt9Fxfy'],1.0,,0,1000,0.0020583330042427
RANDOM,string_category,long_palindrome,25,False,False,['fDpdxwKKZae'],1.0,,0,1000,0.0019494589942041
RANDOM,string_category,long_palindrome,26,False,False,['XGG3v'],1.0,,0,1000,0.0020687079959316
RANDOM,string_category,long_palindrome,27,False,False,['usdH'],1.0,,0,1000,0.0019362919993
RANDOM,string_category,long_palindrome,28,False,False,['JYGWV'],1.0,,0,1000,0.0020246249914634
RANDOM,string_category,long_palindrome,29,False,False,['EEsCO'],1.0,,0,1000,0.0020166250033071
RANDOM,string_category,other,0,True,True,['YKs'],0.0,other,0,1,3.04199056699872e-06
RANDOM,string_category,other,1,True,True,['M2kN'],0.0,other,0,2,6.875008693896234e-06
RANDOM,string_category,other,2,True,True,['Ffn'],0.0,other,0,7,1.841600169427693e-05
RANDOM,string_category,other,3,True,True,['rzhl2'],0.0,other,0,5,1.2999997125007212e-05
RANDOM,string_category,other,4,True,True,['5BTN'],0.0,other,0,7,1.6165999113582075e-05
RANDOM,string_category,other,5,True,True,['0Ab'],0.0,other,0,2,6.08300615567714e-06
RANDOM,string_category,other,6,True,True,['gsx'],0.0,other,0,1,2.5000044843181968e-06
RANDOM,string_category,other,7,True,True,['13'],0.0,other,0,3,8.500006515532732e-06
RANDOM,string_category,other,8,True,True,['MC'],0.0,other,0,1,2.707995008677244e-06
RANDOM,string_category,other,9,True,True,['KzMO'],0.0,other,0,8,2.083399158436805e-05
RANDOM,string_category,other,10,True,True,['fLKKM'],0.0,other,0,4,1.09999964479357e-05
RANDOM,string_category,other,11,True,True,['Bh'],0.0,other,0,1,2.7500063879415393e-06
RANDOM,string_category,other,12,True,True,['oSdu'],0.0,other,0,1,2.3750035325065255e-06
RANDOM,string_category,other,13,True,True,['lj4x'],0.0,other,0,8,2.2916006855666637e-05
RANDOM,string_category,other,14,True,True,['YtU'],0.0,other,0,3,6.7920045694336295e-06
RANDOM,string_category,other,15,True,True,['NZ5cM'],0.0,other,0,5,1.1957992683164775e-05
RANDOM,string_category,other,16,True,True,['wPk7'],0.0,other,0,5,1.4833000022917986e-05
RANDOM,string_category,other,17,True,True,['h70'],0.0,other,0,1,2.5420013116672635e-06
RANDOM,string_category,other,18,True,True,['Li'],0.0,other,0,5,1.2832999345846474e-05
RANDOM,string_category,other,19,True,True,['zwxCx'],0.0,other,0,12,3.079201269429177e-05
RANDOM,string_category,other,20,True,True,['kKq'],0.0,other,0,1,2.8340000426396728e-06
RANDOM,string_category,other,21,True,True,['MIsE'],0.0,other,0,2,5.541995051316917e-06
RANDOM,string_category,other,22,True,True,['7MA'],0.0,other,0,4,1.0042000212706624e-05
RANDOM,string_category,other,23,True,True,['FzUj'],0.0,other,0,1,3.000008291564882e-06
RANDOM,string_category,other,24,True,True,['cm'],0.0,other,0,2,5.333000444807112e-06
RANDOM,string_category,other,25,True,True,['2zv'],0.0,other,0,8,2.1791987819597125e-05
RANDOM,string_category,other,26,True,True,['wn'],0.0,other,0,3,7.208989700302482e-06
RANDOM,string_category,other,27,True,True,['wHcM'],0.0,other,0,2,5.750000127591193e-06
RANDOM,string_category,other,28,True,True,['Scy'],0.0,other,0,4,8.207993232645094e-06
RANDOM,string_category,other,29,True,True,['4o'],0.0,other,0,2,5.457986844703555e-06
RANDOM,string_category,short_palindrome,0,True,True,['o'],0.0,short_palindrome,0,2,5.041991244070232e-06
RANDOM,string_category,short_palindrome,1,True,True,['i'],0.0,short_palindrome,0,35,7.945898687466979e-05
RANDOM,string_category,short_palindrome,2,True,True,['k'],0.0,short_palindrome,0,10,2.300000051036477e-05
RANDOM,string_category,short_palindrome,3,True,True,['H'],0.0,short_palindrome,0,18,3.9165999623946846e-05
RANDOM,string_category,short_palindrome,4,True,True,['e'],0.0,short_palindrome,0,9,2.154200046788901e-05
RANDOM,string_category,short_palindrome,5,True,True,['Q'],0.0,short_palindrome,0,31,6.816600216552615e-05
RANDOM,string_category,short_palindrome,6,True,True,['W'],0.0,short_palindrome,0,7,1.649999467190355e-05
RANDOM,string_category,short_palindrome,7,True,True,['y'],0.0,short_palindrome,0,36,7.616700895596296e-05
RANDOM,string_category,short_palindrome,8,True,True,['b'],0.0,short_palindrome,0,13,3.22920095641166e-05
RANDOM,string_category,short_palindrome,9,True,True,['rr'],0.0,short_palindrome,0,49,0.0001047090045176
RANDOM,string_category,short_palindrome,10,True,True,['h'],0.0,short_palindrome,0,32,6.641700747422874e-05
RANDOM,string_category,short_palindrome,11,True,True,['f'],0.0,short_palindrome,0,3,6.665999535471201e-06
RANDOM,string_category,short_palindrome,12,True,True,['X'],0.0,short_palindrome,0,2,4.792003892362118e-06
RANDOM,string_category,short_palindrome,13,True,True,['w'],0.0,short_palindrome,0,10,2.937500539701432e-05
RANDOM,string_category,short_palindrome,14,True,True,['r'],0.0,short_palindrome,0,30,7.204200665000826e-05
RANDOM,string_category,short_palindrome,15,True,True,['Y'],0.0,short_palindrome,0,1,2.249988028779626e-06
RANDOM,string_category,short_palindrome,16,True,True,['W'],0.0,short_palindrome,0,24,5.562498699873686e-05
RANDOM,string_category,short_palindrome,17,True,True,['R'],0.0,short_palindrome,0,4,8.874994819052517e-06
RANDOM,string_category,short_palindrome,18,True,True,['9'],0.0,short_palindrome,0,6,1.6292004147544503e-05
RANDOM,string_category,short_palindrome,19,True,True,['e'],0.0,short_palindrome,0,5,1.0667004971764982e-05
RANDOM,string_category,short_palindrome,20,True,True,['k'],0.0,short_palindrome,0,11,2.5917004677467048e-05
RANDOM,string_category,short_palindrome,21,True,True,['T'],0.0,short_palindrome,0,1,2.541986759752035e-06
RANDOM,string_category,short_palindrome,22,True,True,['p'],0.0,short_palindrome,0,25,6.533300620503724e-05
RANDOM,string_category,short_palindrome,23,True,True,['a'],0.0,short_palindrome,0,23,5.966699973214418e-05
RANDOM,string_category,short_palindrome,24,True,True,['T'],0.0,short_palindrome,0,4,7.291004294529557e-06
RANDOM,string_category,short_palindrome,25,True,True,['s'],0.0,short_palindrome,0,2,4.832996637560427e-06
RANDOM,string_category,short_palindrome,26,True,True,['6'],0.0,short_palindrome,0,3,7.041002390906215e-06
RANDOM,string_category,short_palindrome,27,True,True,['S'],0.0,short_palindrome,0,55,0.0001079170033335
RANDOM,string_category,short_palindrome,28,True,True,['h'],0.0,short_palindrome,0,53,0.0001154580095317
RANDOM,string_category,short_palindrome,29,True,True,['1'],0.0,short_palindrome,0,5,1.1874988558702173e-05
RANDOM,transaction_pattern,contains_zero,0,True,True,"[[-4, 8, 0, -20]]",0.0,contains_zero,0,21,5.270900146570057e-05
RANDOM,transaction_pattern,contains_zero,1,True,True,[[0]],0.0,contains_zero,0,40,8.108399924822152e-05
RANDOM,transaction_pattern,contains_zero,2,True,True,"[[0, -5, -14, 19, -10, -1, 0]]",0.0,contains_zero,0,8,1.8584003555588424e-05
RANDOM,transaction_pattern,contains_zero,3,True,True,"[[17, -16, 0]]",0.0,contains_zero,0,6,1.0667004971764982e-05
RANDOM,transaction_pattern,contains_zero,4,True,True,"[[9, -16, 13, 12, 0, -5, 14]]",0.0,contains_zero,0,20,4.383300256449729e-05
RANDOM,transaction_pattern,contains_zero,5,True,True,"[[20, 0, 19]]",0.0,contains_zero,0,2,5.1249953685328364e-06
RANDOM,transaction_pattern,contains_zero,6,True,True,"[[-14, 10, 0, 14, 16, 10, 4]]",0.0,contains_zero,0,8,2.1166997612453997e-05
RANDOM,transaction_pattern,contains_zero,7,True,True,"[[0, 6, 15, -19, -15]]",0.0,contains_zero,0,10,2.4666995159350336e-05
RANDOM,transaction_pattern,contains_zero,8,True,True,"[[-14, 0]]",0.0,contains_zero,0,1,2.874992787837982e-06
RANDOM,transaction_pattern,contains_zero,9,True,True,"[[13, 5, -5, -8, 7, -17, 0, -2]]",0.0,contains_zero,0,12,2.924998989328742e-05
RANDOM,transaction_pattern,contains_zero,10,True,True,"[[0, -11, 20]]",0.0,contains_zero,0,2,5.249996320344508e-06
RANDOM,transaction_pattern,contains_zero,11,True,True,"[[10, 8, 6, 0, 4]]",0.0,contains_zero,0,9,2.2084001102484763e-05
RANDOM,transaction_pattern,contains_zero,12,True,True,"[[14, 3, 0, -11, -8, -6, -14]]",0.0,contains_zero,0,1,4.1669991333037615e-06
RANDOM,transaction_pattern,contains_zero,13,True,True,"[[0, -7, 15, 11, -10, 10]]",0.0,contains_zero,0,8,3.5250006476417184e-05
RANDOM,transaction_pattern,contains_zero,14,True,True,"[[5, 0, -20, -2, -10, -8]]",0.0,contains_zero,0,1,3.875000402331352e-06
RANDOM,transaction_pattern,contains_zero,15,True,True,"[[0, -19, 1]]",0.0,contains_zero,0,12,2.97920050797984e-05
RANDOM,transaction_pattern,contains_zero,16,True,True,"[[5, 0, -15]]",0.0,contains_zero,0,10,2.3792003048583865e-05
RANDOM,transaction_pattern,contains_zero,17,True,True,"[[2, -5, 12, -8, 0, 3, 20]]",0.0,contains_zero,0,10,2.1334009943529963e-05
RANDOM,transaction_pattern,contains_zero,18,True,True,"[[18, -10, 0, -20, -1]]",0.0,contains_zero,0,7,1.5416997484862804e-05
RANDOM,transaction_pattern,contains_zero,19,True,True,"[[3, 0, 16, 15, -11, 18, 8]]",0.0,contains_zero,0,12,2.545899769756943e-05
RANDOM,transaction_pattern,contains_zero,20,True,True,"[[-10, 0, -18]]",0.0,contains_zero,0,5,9.25001222640276e-06
RANDOM,transaction_pattern,contains_zero,21,True,True,"[[7, -13, -2, 5, 7, -8, 0]]",0.0,contains_zero,0,3,1.0916992323473096e-05
RANDOM,transaction_pattern,contains_zero,22,True,True,"[[0, 16, -12, -12, -4, -19, -2]]",0.0,contains_zero,0,1,3.541994374245405e-06
RANDOM,transaction_pattern,contains_zero,23,True,True,"[[7, 16, 16, -12, -18, -4, 0]]",0.0,contains_zero,0,5,1.5583005733788013e-05
RANDOM,transaction_pattern,contains_zero,24,True,True,"[[9, -5, -7, -2, -7, -2, 0, 2]]",0.0,contains_zero,0,9,2.229200617875904e-05
RANDOM,transaction_pattern,contains_zero,25,True,True,"[[9, 15, 0]]",0.0,contains_zero,0,25,5.308400432113558e-05
RANDOM,transaction_pattern,contains_zero,26,True,True,"[[-16, -14, 0, -18, 0]]",0.0,contains_zero,0,7,1.141699613071978e-05
RANDOM,transaction_pattern,contains_zero,27,True,True,"[[-1, 20, -20, -5, -19, 8, 18, 0]]",0.0,contains_zero,0,23,5.3791009122505784e-05
RANDOM,transaction_pattern,contains_zero,28,True,True,"[[3, -19, -13, 9, 18, 0, -7, 16]]",0.0,contains_zero,0,8,2.0791994757018983e-05
RANDOM,transaction_pattern,contains_zero,29,True,True,"[[-5, -1, 0, 8, 11, -17, -19]]",0.0,contains_zero,0,18,3.541700425557792e-05
RANDOM,transaction_pattern,empty,0,True,True,[[]],0.0,empty,0,10,2.7417001547291875e-05
RANDOM,transaction_pattern,empty,1,True,True,[[]],0.0,empty,0,14,2.808398858178407e-05
RANDOM,transaction_pattern,empty,2,True,True,[[]],0.0,empty,0,10,1.8708000425249335e-05
RANDOM,transaction_pattern,empty,3,True,True,[[]],0.0,empty,0,5,1.1167008779011668e-05
RANDOM,transaction_pattern,empty,4,True,True,[[]],0.0,empty,0,5,1.000000338535756e-05
RANDOM,transaction_pattern,empty,5,True,True,[[]],0.0,empty,0,12,2.4957989808171988e-05
RANDOM,transaction_pattern,empty,6,True,True,[[]],0.0,empty,0,16,3.0458002584055063e-05
RANDOM,transaction_pattern,empty,7,True,True,[[]],0.0,empty,0,3,6.50000583846122e-06
RANDOM,transaction_pattern,empty,8,True,True,[[]],0.0,empty,0,7,1.4582998119294643e-05
RANDOM,transaction_pattern,empty,9,True,True,[[]],0.0,empty,0,10,1.8709004507400095e-05
RANDOM,transaction_pattern,empty,10,True,True,[[]],0.0,empty,0,9,1.4292003470472991e-05
RANDOM,transaction_pattern,empty,11,True,True,[[]],0.0,empty,0,1,2.2500025806948543e-06
RANDOM,transaction_pattern,empty,12,True,True,[[]],0.0,empty,0,10,2.1750005544163287e-05
RANDOM,transaction_pattern,empty,13,True,True,[[]],0.0,empty,0,11,1.9374987459741533e-05
RANDOM,transaction_pattern,empty,14,True,True,[[]],0.0,empty,0,9,1.666699245106429e-05
RANDOM,transaction_pattern,empty,15,True,True,[[]],0.0,empty,0,9,1.5875004464760423e-05
RANDOM,transaction_pattern,empty,16,True,True,[[]],0.0,empty,0,10,2.0332998246885836e-05
RANDOM,transaction_pattern,empty,17,True,True,[[]],0.0,empty,0,1,2.291009877808392e-06
RANDOM,transaction_pattern,empty,18,True,True,[[]],0.0,empty,0,1,2.125001628883183e-06
RANDOM,transaction_pattern,empty,19,True,True,[[]],0.0,empty,0,1,2.2080057533457875e-06
RANDOM,transaction_pattern,empty,20,True,True,[[]],0.0,empty,0,2,4.374989657662809e-06
RANDOM,transaction_pattern,empty,21,True,True,[[]],0.0,empty,0,6,1.2333999620750546e-05
RANDOM,transaction_pattern,empty,22,True,True,[[]],0.0,empty,0,4,7.541995728388429e-06
RANDOM,transaction_pattern,empty,23,True,True,[[]],0.0,empty,0,1,2.2500025806948543e-06
RANDOM,transaction_pattern,empty,24,True,True,[[]],0.0,empty,0,2,4.49999060947448e-06
RANDOM,transaction_pattern,empty,25,True,True,[[]],0.0,empty,0,1,2.0830048015341163e-06
RANDOM,transaction_pattern,empty,26,True,True,[[]],0.0,empty,0,4,7.875001756474376e-06
RANDOM,transaction_pattern,empty,27,True,True,[[]],0.0,empty,0,15,2.8624999686144292e-05
RANDOM,transaction_pattern,empty,28,True,True,[[]],0.0,empty,0,19,3.574999573174864e-05
RANDOM,transaction_pattern,empty,29,True,True,[[]],0.0,empty,0,17,3.21669940603897e-05
RANDOM,transaction_pattern,many_large_deposits,0,False,False,"[[20, -7, 7, 14, 16, 14, 5, 20]]",13.0,,0,1000,0.0020648750069085
RANDOM,transaction_pattern,many_large_deposits,1,False,False,"[[14, 20, -13, 11, 19, 17, 15, 1]]",18.0,,0,1000,0.0020824170060222
RANDOM,transaction_pattern,many_large_deposits,2,False,False,"[[16, 13, 14, 20, 3, 19, -4, 17]]",4.0,,0,1000,0.0021994169946992
RANDOM,transaction_pattern,many_large_deposits,3,False,False,"[[1, 4, 15, 17, 14, 18, -2, 20]]",15.0,,0,1000,0.0021330840099835
RANDOM,transaction_pattern,many_large_deposits,4,False,False,"[[13, 16, 14, 5, 13, 10, 13, 14]]",3.0,,0,1000,0.002110666988301
RANDOM,transaction_pattern,many_large_deposits,5,False,False,"[[9, 15, 11, 10, 17, -3, 19]]",24.0,,0,1000,0.0020688749937107
RANDOM,transaction_pattern,many_large_deposits,6,False,False,"[[20, 6, 12, 12, 7, 17, 12]]",15.0,,0,1000,0.0021806669974466
RANDOM,transaction_pattern,many_large_deposits,7,False,False,"[[16, 7, 18, 10, 16, -15, 3, 18]]",29.0,,0,1000,0.002117415991961
RANDOM,transaction_pattern,many_large_deposits,8,False,False,"[[1, 9, 16, 11, 14, 10, 14, 10]]",16.0,,0,1000,0.0022231249895412
RANDOM,transaction_pattern,many_large_deposits,9,False,False,"[[20, 14, 16, -16, 13, 14, 20, 3]]",18.0,,0,1000,0.0021287909912643
RANDOM,transaction_pattern,many_large_deposits,10,False,False,"[[20, 18, 19, 7, 17, -2]]",23.0,,0,1000,0.0021392909984569
RANDOM,transaction_pattern,many_large_deposits,11,False,False,"[[18, 17, 19, 17, 8, 9]]",13.0,,0,1000,0.0021628339891321
RANDOM,transaction_pattern,many_large_deposits,12,False,False,"[[7, 18, 20, 9, 18, 14]]",15.0,,0,1000,0.0021350830065784
RANDOM,transaction_pattern,many_large_deposits,13,False,False,"[[1, 6, 14, 6, 13, 20, 18, 8]]",15.0,,0,1000,0.0021552499965764
RANDOM,transaction_pattern,many_large_deposits,14,False,False,"[[-1, 11, 17, 16, 17, 13, 17]]",12.0,,0,1000,0.0022107499971752
RANDOM,transaction_pattern,many_large_deposits,15,False,False,"[[14, 11, 8, 2, 13, 19, 7, 20]]",7.0,,0,1000,0.0020567910105455
RANDOM,transaction_pattern,many_large_deposits,16,False,False,"[[17, 10, 15, 11, 10, 7, 17]]",14.0,,0,1000,0.0021983750048093
RANDOM,transaction_pattern,many_large_deposits,17,False,False,"[[20, 7, 11, 20, 20, 15]]",8.0,,0,1000,0.0021035410027252
RANDOM,transaction_pattern,many_large_deposits,18,False,False,"[[19, 16, 12, 9, 19, -11, 18, -4]]",25.0,,0,1000,0.002160707997973
RANDOM,transaction_pattern,many_large_deposits,19,False,False,"[[18, 6, 19, 3, 11, 20]]",24.0,,0,1000,0.0021926669869571
RANDOM,transaction_pattern,many_large_deposits,20,False,False,"[[18, 3, 7, 19, 12, 14]]",28.0,,0,1000,0.0021730409935116
RANDOM,transaction_pattern,many_large_deposits,21,False,False,"[[15, 16, 20, 12, 4, -20, 19, 18]]",18.0,,0,1000,0.0021940000005997
RANDOM,transaction_pattern,many_large_deposits,22,False,False,"[[-3, 8, 11, 13, 19, 19, 16, 20]]",1.0,,0,1000,0.0021193330030655
RANDOM,transaction_pattern,many_large_deposits,23,False,False,"[[20, 18, 12, 13, 8, 18, 9, -6]]",10.0,,0,1000,0.002221874994575
RANDOM,transaction_pattern,many_large_deposits,24,False,False,"[[19, 17, 8, 7, 14, 19, 15]]",2.0,,0,1000,0.002141874996596
RANDOM,transaction_pattern,many_large_deposits,25,False,False,"[[12, 9, -1, 17, 19, 20, 12, -3]]",18.0,,0,1000,0.002166499994928
RANDOM,transaction_pattern,many_large_deposits,26,False,False,"[[14, 19, 20, 15, 12, 17]]",4.0,,0,1000,0.0021272909943945
RANDOM,transaction_pattern,many_large_deposits,27,False,False,"[[13, 20, 16, 6, 8, 11, 14, -2]]",16.0,,0,1000,0.0022587919957004
RANDOM,transaction_pattern,many_large_deposits,28,False,False,"[[7, 14, 14, 12, 17, 9, 8, 18]]",2.0,,0,1000,0.0021414579969132
RANDOM,transaction_pattern,many_large_deposits,29,True,True,"[[12, 15, 15, 4, 14, 20, 18, 6]]",0.0,many_large_deposits,0,343,0.0007559999939985
RANDOM,transaction_pattern,many_large_withdrawals,0,True,True,"[[-2, -14, -7, -2, -17, -15]]",0.0,many_large_withdrawals,0,53,0.0001282919984078
RANDOM,transaction_pattern,many_large_withdrawals,1,True,True,"[[-18, -3, -8, -8, -12, -12, 4]]",0.0,many_large_withdrawals,0,73,0.0001623749994905
RANDOM,transaction_pattern,many_large_withdrawals,2,True,True,"[[-19, -16, 15, -14, -20, -5]]",0.0,many_large_withdrawals,0,30,7.262500002980232e-05
RANDOM,transaction_pattern,many_large_withdrawals,3,True,True,"[[-11, -9, -16, -9, 1, -13]]",0.0,many_large_withdrawals,0,53,0.0001119170046877
RANDOM,transaction_pattern,many_large_withdrawals,4,True,True,"[[-16, -19, -17]]",0.0,many_large_withdrawals,0,33,8.920799882616848e-05
RANDOM,transaction_pattern,many_large_withdrawals,5,True,True,"[[-16, -7, -10, -20, 12, -5, -20, 3]]",0.0,many_large_withdrawals,0,52,0.0001225410087499
RANDOM,transaction_pattern,many_large_withdrawals,6,True,True,"[[-17, -2, -5, 3, -19, -15, 7, -6]]",0.0,many_large_withdrawals,0,12,3.316700167488307e-05
RANDOM,transaction_pattern,many_large_withdrawals,7,True,True,"[[-4, -7, 9, -15, -3, -12, -20, -18]]",0.0,many_large_withdrawals,0,174,0.0004348329966887
RANDOM,transaction_pattern,many_large_withdrawals,8,True,True,"[[-15, -13, -5, 5, -20, -10]]",0.0,many_large_withdrawals,0,19,5.416599742602557e-05
RANDOM,transaction_pattern,many_large_withdrawals,9,True,True,"[[-18, -4, -11, -15, -10]]",0.0,many_large_withdrawals,0,8,1.999999221879989e-05
RANDOM,transaction_pattern,many_large_withdrawals,10,True,True,"[[-18, -18, -7, 4, -16]]",0.0,many_large_withdrawals,0,78,0.0001800000027287
RANDOM,transaction_pattern,many_large_withdrawals,11,True,True,"[[-16, 4, -14, -16, 1, -13]]",0.0,many_large_withdrawals,0,95,0.0002032500051427
RANDOM,transaction_pattern,many_large_withdrawals,12,True,True,"[[-2, -20, -6, -17, -11, -4, 13, -9]]",0.0,many_large_withdrawals,0,76,0.0001750829978846
RANDOM,transaction_pattern,many_large_withdrawals,13,True,True,"[[-13, -9, -20, -7, -13, -14, 20, -10]]",0.0,many_large_withdrawals,0,161,0.0003472499956842
RANDOM,transaction_pattern,many_large_withdrawals,14,True,True,"[[-18, -17, -19, -19, 13, 14, 5, -13]]",0.0,many_large_withdrawals,0,3,9.584007784724236e-06
RANDOM,transaction_pattern,many_large_withdrawals,15,True,True,"[[-7, -18, 9, -20, -12, -19, -5, -19]]",0.0,many_large_withdrawals,0,55,0.0001239580014953
RANDOM,transaction_pattern,many_large_withdrawals,16,True,True,"[[-8, -17, -15, -15, -13, 12, -16]]",0.0,many_large_withdrawals,0,44,0.0001000840129563
RANDOM,transaction_pattern,many_large_withdrawals,17,True,True,"[[-6, -15, -15, -5, -11, -15, 11, -20]]",0.0,many_large_withdrawals,0,11,3.283300611656159e-05
RANDOM,transaction_pattern,many_large_withdrawals,18,True,True,"[[-17, -1, -17, -13, -5, -15, -13]]",0.0,many_large_withdrawals,0,32,7.049999840091914e-05
RANDOM,transaction_pattern,many_large_withdrawals,19,True,True,"[[11, -15, -15, -18, -16]]",0.0,many_large_withdrawals,0,28,7.595799979753792e-05
RANDOM,transaction_pattern,many_large_withdrawals,20,True,True,"[[-15, -3, -3, -16, -13, -7, -5]]",0.0,many_large_withdrawals,0,124,0.0002508749894332
RANDOM,transaction_pattern,many_large_withdrawals,21,True,True,"[[-7, 11, -15, -7, -17, -19, 5, -7]]",0.0,many_large_withdrawals,0,63,0.0001402500056428
RANDOM,transaction_pattern,many_large_withdrawals,22,True,True,"[[-20, -8, -12, -2, -18, 14, 6, -18]]",0.0,many_large_withdrawals,0,19,4.73749969387427e-05
RANDOM,transaction_pattern,many_large_withdrawals,23,True,True,"[[-16, -8, 1, 18, -17, -12, -7, -17]]",0.0,many_large_withdrawals,0,14,3.89159977203235e-05
RANDOM,transaction_pattern,many_large_withdrawals,24,True,True,"[[-20, -13, -19]]",0.0,many_large_withdrawals,0,2,7.208000170066953e-06
RANDOM,transaction_pattern,many_large_withdrawals,25,True,True,"[[-14, -10, -11, -4, -9, -14, -2, -14]]",0.0,many_large_withdrawals,0,53,0.0001237079995917
RANDOM,transaction_pattern,many_large_withdrawals,26,True,True,"[[-5, -8, -6, -16, -20, -8]]",0.0,many_large_withdrawals,0,14,4.225000157020986e-05
RANDOM,transaction_pattern,many_large_withdrawals,27,True,True,"[[-19, -13, -1, -14, -18, 12, -14]]",0.0,many_large_withdrawals,0,72,0.000169040999026
RANDOM,transaction_pattern,many_large_withdrawals,28,True,True,"[[-16, -18, -7, -10]]",0.0,many_large_withdrawals,0,24,6.533300620503724e-05
RANDOM,transaction_pattern,many_large_withdrawals,29,True,True,"[[-15, -18, -18, -14, -8, -17, 16]]",0.0,many_large_withdrawals,0,44,0.0001029999984893
RANDOM,transaction_pattern,mixed_transactions,0,True,True,"[[6, -6, 13]]",0.0,mixed_transactions,0,1,3.416993422433734e-06
RANDOM,transaction_pattern,mixed_transactions,1,True,True,"[[20, 10, -2, -15, -17]]",0.0,mixed_transactions,0,1,4.417001036927104e-06
RANDOM,transaction_pattern,mixed_transactions,2,True,True,"[[-15, 6, 8, 11, -5, 18, 1]]",0.0,mixed_transactions,0,2,8.292001439258456e-06
RANDOM,transaction_pattern,mixed_transactions,3,True,True,"[[-7, 6, -14]]",0.0,mixed_transactions,0,1,3.7909921957179904e-06
RANDOM,transaction_pattern,mixed_transactions,4,True,True,"[[-16, -9, 11, -9, -16, 10]]",0.0,mixed_transactions,0,4,1.1374999303370714e-05
RANDOM,transaction_pattern,mixed_transactions,5,True,True,"[[-5, 4, 8, 20, -11, -5, 16]]",0.0,mixed_transactions,0,2,7.875001756474376e-06
RANDOM,transaction_pattern,mixed_transactions,6,True,True,"[[17, 5, -8, 18, 18]]",0.0,mixed_transactions,0,2,5.166002665646374e-06
RANDOM,transaction_pattern,mixed_transactions,7,True,True,"[[18, 11, -6, 11, 7, 2, 1, 6]]",0.0,mixed_transactions,0,3,9.082999895326791e-06
RANDOM,transaction_pattern,mixed_transactions,8,True,True,"[[3, -18]]",0.0,mixed_transactions,0,1,3.208988346159458e-06
RANDOM,transaction_pattern,mixed_transactions,9,True,True,"[[14, -20, 6, 20, -5]]",0.0,mixed_transactions,0,2,6.1250029830262065e-06
RANDOM,transaction_pattern,mixed_transactions,10,True,True,"[[-13, 5, 16, -18]]",0.0,mixed_transactions,0,1,4.0000013541430235e-06
RANDOM,transaction_pattern,mixed_transactions,11,True,True,"[[4, -1, 6]]",0.0,mixed_transactions,0,4,1.1124997399747372e-05
RANDOM,transaction_pattern,mixed_transactions,12,True,True,"[[-13, -17, 5, -1, -10, 17]]",0.0,mixed_transactions,0,3,8.500006515532732e-06
RANDOM,transaction_pattern,mixed_transactions,13,True,True,"[[17, 20, -7, -1, 7, -10]]",0.0,mixed_transactions,0,2,6.54099858365953e-06
RANDOM,transaction_pattern,mixed_transactions,14,True,True,"[[5, 1, -4, 17, 19, 17]]",0.0,mixed_transactions,0,2,7.291993824765086e-06
RANDOM,transaction_pattern,mixed_transactions,15,True,True,"[[6, -17, -15, -12, 14, -13]]",0.0,mixed_transactions,0,1,4.916000762023032e-06
RANDOM,transaction_pattern,mixed_transactions,16,True,True,"[[-12, 9, -6, -10, 6, -11]]",0.0,mixed_transactions,0,1,4.707995685748756e-06
RANDOM,transaction_pattern,mixed_transactions,17,True,True,"[[5, -11]]",0.0,mixed_transactions,0,1,3.374996595084667e-06
RANDOM,transaction_pattern,mixed_transactions,18,True,True,"[[18, -7, -3, 2]]",0.0,mixed_transactions,0,1,3.541994374245405e-06
RANDOM,transaction_pattern,mixed_transactions,19,True,True,"[[5, 19, -16, -1]]",0.0,mixed_transactions,0,2,5.292007699608803e-06
RANDOM,transaction_pattern,mixed_transactions,20,True,True,"[[-8, 7, 5, 2]]",0.0,mixed_transactions,0,1,3.916997229680419e-06
RANDOM,transaction_pattern,mixed_transactions,21,True,True,"[[11, 16, 3, -7, 9, -8, -2]]",0.0,mixed_transactions,0,2,6.082991603761911e-06
RANDOM,transaction_pattern,mixed_transactions,22,True,True,"[[13, 5, -19, 5]]",0.0,mixed_transactions,0,1,4.0000013541430235e-06
RANDOM,transaction_pattern,mixed_transactions,23,True,True,"[[18, -20, 18, -8, -12, 9]]",0.0,mixed_transactions,0,1,4.665998858399689e-06
RANDOM,transaction_pattern,mixed_transactions,24,True,True,"[[8, -2, 4, 17]]",0.0,mixed_transactions,0,3,7.042006473056972e-06
RANDOM,transaction_pattern,mixed_transactions,25,True,True,"[[-18, -17, -15, -12, 7, 17]]",0.0,mixed_transactions,0,1,3.875000402331352e-06
RANDOM,transaction_pattern,mixed_transactions,26,True,True,"[[2, 19, 19, -2, -6]]",0.0,mixed_transactions,0,1,4.415996954776347e-06
RANDOM,transaction_pattern,mixed_transactions,27,True,True,"[[5, -8, 11]]",0.0,mixed_transactions,0,7,1.5208002878353e-05
RANDOM,transaction_pattern,mixed_transactions,28,True,True,"[[-11, -14, -1, 15, 4, 6]]",0.0,mixed_transactions,0,1,4.792003892362118e-06
RANDOM,transaction_pattern,mixed_transactions,29,True,True,"[[13, 14, 1, 9, 2, -18, -16]]",0.0,mixed_transactions,0,1,4.875008016824722e-06
RANDOM,transaction_pattern,simple_pattern,0,True,True,[[13]],0.0,simple_pattern,0,4,1.5458004781976342e-05
RANDOM,transaction_pattern,simple_pattern,1,True,True,"[[2, 3, 1]]",0.0,simple_pattern,0,2,7.417009328491986e-06
RANDOM,transaction_pattern,simple_pattern,2,True,True,[[-7]],0.0,simple_pattern,0,6,2.358300844207406e-05
RANDOM,transaction_pattern,simple_pattern,3,True,True,[[-15]],0.0,simple_pattern,0,1,3.2080133678391576e-06
RANDOM,transaction_pattern,simple_pattern,4,True,True,[[2]],0.0,simple_pattern,0,7,2.491599298082292e-05
RANDOM,transaction_pattern,simple_pattern,5,True,True,[[8]],0.0,simple_pattern,0,12,3.312499029561877e-05
RANDOM,transaction_pattern,simple_pattern,6,True,True,"[[15, 17, 9]]",0.0,simple_pattern,0,1,4.083005478605628e-06
RANDOM,transaction_pattern,simple_pattern,7,True,True,"[[-2, -19]]",0.0,simple_pattern,0,1,3.749999450519681e-06
RANDOM,transaction_pattern,simple_pattern,8,True,True,[[1]],0.0,simple_pattern,0,1,3.666995326057077e-06
RANDOM,transaction_pattern,simple_pattern,9,True,True,"[[-8, -19]]",0.0,simple_pattern,0,1,3.917011781595647e-06
RANDOM,transaction_pattern,simple_pattern,10,True,True,[[15]],0.0,simple_pattern,0,6,1.9750004867091775e-05
RANDOM,transaction_pattern,simple_pattern,11,True,True,[[20]],0.0,simple_pattern,0,1,3.6249984987080097e-06
RANDOM,transaction_pattern,simple_pattern,12,True,True,[[16]],0.0,simple_pattern,0,4,1.695800165180117e-05
RANDOM,transaction_pattern,simple_pattern,13,True,True,"[[18, 5, 16]]",0.0,simple_pattern,0,5,1.866700768005103e-05
RANDOM,transaction_pattern,simple_pattern,14,True,True,"[[-8, -11, -10]]",0.0,simple_pattern,0,1,4.292000085115433e-06
RANDOM,transaction_pattern,simple_pattern,15,True,True,[[4]],0.0,simple_pattern,0,7,2.1083003957755864e-05
RANDOM,transaction_pattern,simple_pattern,16,True,True,[[15]],0.0,simple_pattern,0,1,3.208988346159458e-06
RANDOM,transaction_pattern,simple_pattern,17,True,True,"[[11, 6]]",0.0,simple_pattern,0,7,2.21250083995983e-05
RANDOM,transaction_pattern,simple_pattern,18,True,True,"[[-8, -9, -17]]",0.0,simple_pattern,0,1,4.250003257766366e-06
RANDOM,transaction_pattern,simple_pattern,19,True,True,[[11]],0.0,simple_pattern,0,7,2.083300205413252e-05
RANDOM,transaction_pattern,simple_pattern,20,True,True,"[[14, 3]]",0.0,simple_pattern,0,1,3.916997229680419e-06
RANDOM,transaction_pattern,simple_pattern,21,True,True,[[19]],0.0,simple_pattern,0,2,7.542010280303657e-06
RANDOM,transaction_pattern,simple_pattern,22,True,True,[[2]],0.0,simple_pattern,0,1,3.0840019462630153e-06
RANDOM,transaction_pattern,simple_pattern,23,True,True,[[-18]],0.0,simple_pattern,0,6,1.7875005141831934e-05
RANDOM,transaction_pattern,simple_pattern,24,True,True,[[4]],0.0,simple_pattern,0,4,1.4457997167482972e-05
RANDOM,transaction_pattern,simple_pattern,25,True,True,"[[3, 5, 15]]",0.0,simple_pattern,0,9,2.4707987904548645e-05
RANDOM,transaction_pattern,simple_pattern,26,True,True,[[12]],0.0,simple_pattern,0,10,2.995799877680838e-05
RANDOM,transaction_pattern,simple_pattern,27,True,True,"[[18, 16]]",0.0,simple_pattern,0,8,2.3083004634827375e-05
RANDOM,transaction_pattern,simple_pattern,28,True,True,[[-2]],0.0,simple_pattern,0,15,4.8125002649612725e-05
RANDOM,transaction_pattern,simple_pattern,29,True,True,"[[16, 3, 1]]",0.0,simple_pattern,0,7,1.9540995708666745e-05
RANDOM,triangle_type,equilateral,0,False,False,"[786, 780, 791]",17.0,,0,1000,0.0025502500066068
RANDOM,triangle_type,equilateral,1,False,False,"[395, 395, 384]",11.0,,0,1000,0.0025936250021914
RANDOM,triangle_type,equilateral,2,False,False,"[738, 732, 743]",17.0,,0,1000,0.0026190420030616
RANDOM,triangle_type,equilateral,3,False,False,"[968, 948, 945]",23.0,,0,1000,0.002595250000013
RANDOM,triangle_type,equilateral,4,False,False,"[221, 208, 216]",21.0,,0,1000,0.0026455839979462
RANDOM,triangle_type,equilateral,5,False,False,"[182, 184, 177]",9.0,,0,1000,0.0026429579884279
RANDOM,triangle_type,equilateral,6,False,False,"[498, 495, 498]",6.0,,0,1000,0.0025862499896902
RANDOM,triangle_type,equilateral,7,False,False,"[954, 958, 935]",27.0,,0,1000,0.0026204169989796
RANDOM,triangle_type,equilateral,8,False,False,"[346, 350, 356]",10.0,,0,1000,0.0026374160079285
RANDOM,triangle_type,equilateral,9,False,False,"[366, 378, 379]",13.0,,0,1000,0.0026383329968666
RANDOM,triangle_type,equilateral,10,False,False,"[546, 524, 538]",36.0,,0,1000,0.0026417079934617
RANDOM,triangle_type,equilateral,11,False,False,"[600, 608, 615]",15.0,,0,1000,0.0027737500058719
RANDOM,triangle_type,equilateral,12,False,False,"[433, 418, 418]",15.0,,0,1000,0.0025135000032605
RANDOM,triangle_type,equilateral,13,False,False,"[906, 898, 905]",15.0,,0,1000,0.0025148339918814
RANDOM,triangle_type,equilateral,14,False,False,"[428, 429, 425]",5.0,,0,1000,0.0025785000034375
RANDOM,triangle_type,equilateral,15,False,False,"[302, 296, 284]",18.0,,0,1000,0.0025854590057861
RANDOM,triangle_type,equilateral,16,False,False,"[583, 591, 580]",19.0,,0,1000,0.0026710829988587
RANDOM,triangle_type,equilateral,17,False,False,"[810, 799, 792]",18.0,,0,1000,0.0026357910101069
RANDOM,triangle_type,equilateral,18,False,False,"[954, 959, 985]",31.0,,0,1000,0.0026609170017763
RANDOM,triangle_type,equilateral,19,False,False,"[650, 644, 641]",9.0,,0,1000,0.002683207989321
RANDOM,triangle_type,equilateral,20,False,False,"[433, 437, 460]",27.0,,0,1000,0.0026781250053318
RANDOM,triangle_type,equilateral,21,False,False,"[596, 597, 620]",24.0,,0,1000,0.0026112089981324
RANDOM,triangle_type,equilateral,22,False,False,"[814, 798, 791]",23.0,,0,1000,0.0026747919910121
RANDOM,triangle_type,equilateral,23,False,False,"[765, 782, 787]",22.0,,0,1000,0.0026837089972104
RANDOM,triangle_type,equilateral,24,False,False,"[956, 962, 952]",16.0,,0,1000,0.0026788329996634
RANDOM,triangle_type,equilateral,25,False,False,"[776, 786, 791]",15.0,,0,1000,0.0026784170040627
RANDOM,triangle_type,equilateral,26,False,False,"[837, 837, 839]",2.0,,0,1000,0.0026774169964483
RANDOM,triangle_type,equilateral,27,False,False,"[688, 664, 676]",36.0,,0,1000,0.0026740830071503
RANDOM,triangle_type,equilateral,28,False,False,"[31, 21, 24]",13.0,,0,1000,0.0026836250035557
RANDOM,triangle_type,equilateral,29,False,False,"[246, 238, 226]",20.0,,0,1000,0.0026769160031108
RANDOM,triangle_type,invalid_side,0,True,True,"[0, 995, 597]",0.0,invalid_side,0,299,0.0005169170035514
RANDOM,triangle_type,invalid_side,1,True,True,"[0, 512, 525]",0.0,invalid_side,0,331,0.000556790997507
RANDOM,triangle_type,invalid_side,2,True,True,"[317, 0, 763]",0.0,invalid_side,0,5,1.0749994544312358e-05
RANDOM,triangle_type,invalid_side,3,True,True,"[984, 510, 0]",0.0,invalid_side,0,559,0.0009342919947812
RANDOM,triangle_type,invalid_side,4,True,True,"[627, 385, 0]",0.0,invalid_side,0,610,0.0010256249952362
RANDOM,triangle_type,invalid_side,5,True,True,"[652, 0, 887]",0.0,invalid_side,0,736,0.001237584001501
RANDOM,triangle_type,invalid_side,6,True,True,"[117, 0, 760]",0.0,invalid_side,0,399,0.0006739999953424
RANDOM,triangle_type,invalid_side,7,True,True,"[66, 0, 770]",0.0,invalid_side,0,624,0.0010518329945625
RANDOM,triangle_type,invalid_side,8,True,True,"[190, 0, 79]",0.0,invalid_side,0,781,0.0013085419923299
RANDOM,triangle_type,invalid_side,9,True,True,"[0, 918, 706]",0.0,invalid_side,0,313,0.0005304579972289
RANDOM,triangle_type,invalid_side,10,True,True,"[0, 836, 600]",0.0,invalid_side,0,289,0.000494833002449
RANDOM,triangle_type,invalid_side,11,True,True,"[655, 563, 0]",0.0,invalid_side,0,524,0.0008866660064086
RANDOM,triangle_type,invalid_side,12,True,True,"[0, 918, 234]",0.0,invalid_side,0,238,0.0004076659970451
RANDOM,triangle_type,invalid_side,13,True,True,"[872, 378, 0]",0.0,invalid_side,0,284,0.000480749993585
RANDOM,triangle_type,invalid_side,14,True,True,"[0, 296, 990]",0.0,invalid_side,0,127,0.0002240000030724
RANDOM,triangle_type,invalid_side,15,True,True,"[0, 675, 873]",0.0,invalid_side,0,102,0.0001811249967431
RANDOM,triangle_type,invalid_side,16,True,True,"[307, 255, 0]",0.0,invalid_side,0,48,9.375000081490724e-05
RANDOM,triangle_type,invalid_side,17,True,True,"[863, 0, 134]",0.0,invalid_side,0,33,7.062499935273081e-05
RANDOM,triangle_type,invalid_side,18,True,True,"[0, 56, 54]",0.0,invalid_side,0,210,0.0003650830039987
RANDOM,triangle_type,invalid_side,19,True,True,"[845, 262, 0]",0.0,invalid_side,0,140,0.0002498340036254
RANDOM,triangle_type,invalid_side,20,True,True,"[374, 29, 0]",0.0,invalid_side,0,99,0.0001805829961085
RANDOM,triangle_type,invalid_side,21,True,True,"[0, 798, 471]",0.0,invalid_side,0,222,0.0003885829937644
RANDOM,triangle_type,invalid_side,22,False,False,"[651, 2, 15]",2.0,,0,1000,0.0017024580010911
RANDOM,triangle_type,invalid_side,23,True,True,"[0, 169, 731]",0.0,invalid_side,0,278,0.0004781250027008
RANDOM,triangle_type,invalid_side,24,True,True,"[0, 506, 890]",0.0,invalid_side,0,337,0.0005802919913548
RANDOM,triangle_type,invalid_side,25,True,True,"[0, 785, 562]",0.0,invalid_side,0,7,1.4999997802078724e-05
RANDOM,triangle_type,invalid_side,26,True,True,"[0, 622, 533]",0.0,invalid_side,0,780,0.0013048340042587
RANDOM,triangle_type,invalid_side,27,True,True,"[388, 105, 0]",0.0,invalid_side,0,564,0.0009552909905323
RANDOM,triangle_type,invalid_side,28,True,True,"[426, 0, 530]",0.0,invalid_side,0,45,9.012500231619924e-05
RANDOM,triangle_type,invalid_side,29,True,True,"[550, 641, 0]",0.0,invalid_side,0,165,0.0002891670010285
RANDOM,triangle_type,isosceles,0,True,True,"[587, 587, 873]",0.0,isosceles,0,704,0.0022405839990824
RANDOM,triangle_type,isosceles,1,True,True,"[530, 530, 112]",0.0,isosceles,0,80,0.000262166999164
RANDOM,triangle_type,isosceles,2,True,True,"[544, 288, 288]",0.0,isosceles,0,945,0.0030289169953903
RANDOM,triangle_type,isosceles,3,True,True,"[475, 475, 920]",0.0,isosceles,0,499,0.0016052090068114
RANDOM,triangle_type,isosceles,4,True,True,"[812, 438, 812]",0.0,isosceles,0,29,0.0001001659984467
RANDOM,triangle_type,isosceles,5,True,True,"[70, 501, 501]",0.0,isosceles,0,145,0.0004648750036722
RANDOM,triangle_type,isosceles,6,True,True,"[365, 552, 552]",0.0,isosceles,0,766,0.0024592499976279
RANDOM,triangle_type,isosceles,7,False,False,"[434, 624, 625]",1.0,,0,1000,0.0031980000057956
RANDOM,triangle_type,isosceles,8,True,True,"[120, 817, 817]",0.0,isosceles,0,933,0.0029600839916383
RANDOM,triangle_type,isosceles,9,True,True,"[224, 224, 318]",0.0,isosceles,0,339,0.0010790420055855
RANDOM,triangle_type,isosceles,10,True,True,"[987, 670, 670]",0.0,isosceles,0,44,0.000146999998833
RANDOM,triangle_type,isosceles,11,True,True,"[695, 121, 695]",0.0,isosceles,0,157,0.0005045839934609
RANDOM,triangle_type,isosceles,12,True,True,"[760, 92, 760]",0.0,isosceles,0,210,0.0006710829911753
RANDOM,triangle_type,isosceles,13,True,True,"[997, 157, 997]",0.0,isosceles,0,346,0.0010952500015264
RANDOM,triangle_type,isosceles,14,False,False,"[182, 90, 183]",1.0,,0,1000,0.0031813339883228
RANDOM,triangle_type,isosceles,15,True,True,"[863, 863, 770]",0.0,isosceles,0,8,3.2625001040287316e-05
RANDOM,triangle_type,isosceles,16,True,True,"[810, 501, 501]",0.0,isosceles,0,648,0.0020453749893931
RANDOM,triangle_type,isosceles,17,True,True,"[47, 774, 774]",0.0,isosceles,0,510,0.0016183749976335
RANDOM,triangle_type,isosceles,18,True,True,"[648, 342, 648]",0.0,isosceles,0,765,0.0024178339954232
RANDOM,triangle_type,isosceles,19,True,True,"[622, 325, 325]",0.0,isosceles,0,776,0.0024560419988119
RANDOM,triangle_type,isosceles,20,True,True,"[107, 926, 926]",0.0,isosceles,0,296,0.0009420419955858
RANDOM,triangle_type,isosceles,21,True,True,"[600, 673, 600]",0.0,isosceles,0,889,0.0028129580023232
RANDOM,triangle_type,isosceles,22,True,True,"[792, 730, 730]",0.0,isosceles,0,160,0.0005140410066815
RANDOM,triangle_type,isosceles,23,True,True,"[870, 148, 870]",0.0,isosceles,0,174,0.0005544580053538
RANDOM,triangle_type,isosceles,24,True,True,"[964, 725, 964]",0.0,isosceles,0,476,0.0015159159956965
RANDOM,triangle_type,isosceles,25,True,True,"[842, 577, 842]",0.0,isosceles,0,43,0.0001485420070821
RANDOM,triangle_type,isosceles,26,True,True,"[829, 829, 946]",0.0,isosceles,0,113,0.0003640000068116
RANDOM,triangle_type,isosceles,27,True,True,"[268, 268, 262]",0.0,isosceles,0,61,0.0002020410029217
RANDOM,triangle_type,isosceles,28,True,True,"[952, 822, 952]",0.0,isosceles,0,309,0.0009829589980654
RANDOM,triangle_type,isosceles,29,True,True,"[222, 222, 394]",0.0,isosceles,0,609,0.0019831249956041
RANDOM,triangle_type,not_triangle,0,True,True,"[440, 158, 834]",0.0,not_triangle,0,1,5.0000089686363935e-06
RANDOM,triangle_type,not_triangle,1,True,True,"[419, 969, 59]",0.0,not_triangle,0,1,5.6249991757795215e-06
RANDOM,triangle_type,not_triangle,2,True,True,"[6, 918, 392]",0.0,not_triangle,0,2,8.583010639995337e-06
RANDOM,triangle_type,not_triangle,3,True,True,"[470, 157, 983]",0.0,not_triangle,0,1,5.1249953685328364e-06
RANDOM,triangle_type,not_triangle,4,True,True,"[629, 120, 278]",0.0,not_triangle,0,1,5.333000444807112e-06
RANDOM,triangle_type,not_triangle,5,True,True,"[95, 122, 447]",0.0,not_triangle,0,1,5.166992195881903e-06
RANDOM,triangle_type,not_triangle,6,True,True,"[801, 89, 201]",0.0,not_triangle,0,2,8.08399636298418e-06
RANDOM,triangle_type,not_triangle,7,True,True,"[235, 8, 480]",0.0,not_triangle,0,2,7.95899541117251e-06
RANDOM,triangle_type,not_triangle,8,True,True,"[683, 20, 629]",0.0,not_triangle,0,1,4.8340007197111845e-06
RANDOM,triangle_type,not_triangle,9,True,True,"[17, 518, 736]",0.0,not_triangle,0,3,1.1082986020483077e-05
RANDOM,triangle_type,not_triangle,10,True,True,"[705, 434, 85]",0.0,not_triangle,0,1,4.332992830313742e-06
RANDOM,triangle_type,not_triangle,11,True,True,"[952, 622, 328]",0.0,not_triangle,0,2,7.791997632011771e-06
RANDOM,triangle_type,not_triangle,12,True,True,"[476, 628, 115]",0.0,not_triangle,0,2,7.70798942539841e-06
RANDOM,triangle_type,not_triangle,13,True,True,"[5, 102, 637]",0.0,not_triangle,0,4,1.3875003787688913e-05
RANDOM,triangle_type,not_triangle,14,True,True,"[79, 68, 600]",0.0,not_triangle,0,1,4.792003892362118e-06
RANDOM,triangle_type,not_triangle,15,True,True,"[134, 606, 266]",0.0,not_triangle,0,1,4.8340007197111845e-06
RANDOM,triangle_type,not_triangle,16,True,True,"[961, 215, 518]",0.0,not_triangle,0,1,4.666988388635218e-06
RANDOM,triangle_type,not_triangle,17,True,True,"[210, 910, 141]",0.0,not_triangle,0,1,5.1249953685328364e-06
RANDOM,triangle_type,not_triangle,18,True,True,"[427, 992, 506]",0.0,not_triangle,0,2,8.000002708286047e-06
RANDOM,triangle_type,not_triangle,19,True,True,"[101, 982, 804]",0.0,not_triangle,0,2,8.208007784560323e-06
RANDOM,triangle_type,not_triangle,20,True,True,"[153, 521, 916]",0.0,not_triangle,0,1,4.874993464909494e-06
RANDOM,triangle_type,not_triangle,21,True,True,"[249, 40, 392]",0.0,not_triangle,0,6,1.9624989363364875e-05
RANDOM,triangle_type,not_triangle,22,True,True,"[923, 164, 377]",0.0,not_triangle,0,3,1.0791001841425896e-05
RANDOM,triangle_type,not_triangle,23,True,True,"[51, 588, 841]",0.0,not_triangle,0,1,4.791989340446889e-06
RANDOM,triangle_type,not_triangle,24,True,True,"[99, 229, 974]",0.0,not_triangle,0,2,7.791997632011771e-06
RANDOM,triangle_type,not_triangle,25,True,True,"[885, 538, 234]",0.0,not_triangle,0,1,4.959001671522856e-06
RANDOM,triangle_type,not_triangle,26,True,True,"[510, 43, 151]",0.0,not_triangle,0,1,4.708999767899513e-06
RANDOM,triangle_type,not_triangle,27,True,True,"[213, 667, 190]",0.0,not_triangle,0,1,4.8340007197111845e-06
RANDOM,triangle_type,not_triangle,28,True,True,"[14, 60, 924]",0.0,not_triangle,0,2,7.541995728388429e-06
RANDOM,triangle_type,not_triangle,29,True,True,"[88, 448, 329]",0.0,not_triangle,0,1,4.791989340446889e-06
RANDOM,triangle_type,scalene,0,True,True,"[124, 885, 802]",0.0,scalene,0,2,9.99998883344233e-06
RANDOM,triangle_type,scalene,1,True,True,"[289, 811, 571]",0.0,scalene,0,2,1.000000338535756e-05
RANDOM,triangle_type,scalene,2,True,True,"[722, 713, 878]",0.0,scalene,0,4,1.6292004147544503e-05
RANDOM,triangle_type,scalene,3,True,True,"[978, 232, 853]",0.0,scalene,0,1,6.041009328328073e-06
RANDOM,triangle_type,scalene,4,True,True,"[762, 618, 534]",0.0,scalene,0,1,5.041001713834703e-06
RANDOM,triangle_type,scalene,5,True,True,"[383, 586, 912]",0.0,scalene,0,1,5.9580052038654685e-06
RANDOM,triangle_type,scalene,6,True,True,"[910, 458, 511]",0.0,scalene,0,3,1.558400981593877e-05
RANDOM,triangle_type,scalene,7,True,True,"[762, 764, 206]",0.0,scalene,0,1,6.707996362820268e-06
RANDOM,triangle_type,scalene,8,True,True,"[504, 485, 671]",0.0,scalene,0,1,6.124988431110978e-06
RANDOM,triangle_type,scalene,9,True,True,"[227, 628, 442]",0.0,scalene,0,1,6.4589985413476825e-06
RANDOM,triangle_type,scalene,10,True,True,"[915, 489, 913]",0.0,scalene,0,4,1.7833008314482868e-05
RANDOM,triangle_type,scalene,11,True,True,"[471, 393, 640]",0.0,scalene,0,1,5.2919931476935744e-06
RANDOM,triangle_type,scalene,12,True,True,"[723, 177, 653]",0.0,scalene,0,1,5.790992872789502e-06
RANDOM,triangle_type,scalene,13,True,True,"[375, 936, 998]",0.0,scalene,0,4,1.7166996258310974e-05
RANDOM,triangle_type,scalene,14,True,True,"[765, 473, 432]",0.0,scalene,0,2,8.792005246505141e-06
RANDOM,triangle_type,scalene,15,True,True,"[484, 212, 296]",0.0,scalene,0,1,5.9580052038654685e-06
RANDOM,triangle_type,scalene,16,True,True,"[237, 847, 611]",0.0,scalene,0,1,5.7919969549402595e-06
RANDOM,triangle_type,scalene,17,True,True,"[610, 211, 558]",0.0,scalene,0,1,5.833004252053797e-06
RANDOM,triangle_type,scalene,18,True,True,"[336, 256, 243]",0.0,scalene,0,1,5.8340083342045546e-06
RANDOM,triangle_type,scalene,19,True,True,"[455, 871, 819]",0.0,scalene,0,7,2.9125003493390977e-05
RANDOM,triangle_type,scalene,20,True,True,"[810, 932, 752]",0.0,scalene,0,4,1.720900763757527e-05
RANDOM,triangle_type,scalene,21,True,True,"[920, 941, 375]",0.0,scalene,0,1,5.833004252053797e-06
RANDOM,triangle_type,scalene,22,True,True,"[502, 372, 199]",0.0,scalene,0,1,5.041991244070232e-06
RANDOM,triangle_type,scalene,23,True,True,"[404, 280, 397]",0.0,scalene,0,1,3.095799183938652e-05
RANDOM,triangle_type,scalene,24,True,True,"[920, 517, 841]",0.0,scalene,0,1,6.542002665810287e-06
RANDOM,triangle_type,scalene,25,True,True,"[680, 902, 545]",0.0,scalene,0,1,5.875001079402864e-06
RANDOM,triangle_type,scalene,26,True,True,"[808, 763, 366]",0.0,scalene,0,1,5.9589947341009974e-06
RANDOM,triangle_type,scalene,27,True,True,"[495, 471, 56]",0.0,scalene,0,5,2.1917003323324025e-05
RANDOM,triangle_type,scalene,28,True,True,"[516, 426, 250]",0.0,scalene,0,3,1.3124998076818883e-05
RANDOM,triangle_type,scalene,29,True,True,"[338, 758, 523]",0.0,scalene,0,4,1.76659959834069e-05
RANDOM,username_category,empty,0,True,True,[''],0.0,empty,0,3,2.5959001504816115e-05
RANDOM,username_category,empty,1,True,True,[''],0.0,empty,0,18,6.854200910311192e-05
RANDOM,username_category,empty,2,True,True,[''],0.0,empty,0,12,3.8124999264255166e-05
RANDOM,username_category,empty,3,True,True,[''],0.0,empty,0,53,0.000151915999595
RANDOM,username_category,empty,4,True,True,[''],0.0,empty,0,5,1.4208009815774858e-05
RANDOM,username_category,empty,5,True,True,[''],0.0,empty,0,5,1.679199340287596e-05
RANDOM,username_category,empty,6,True,True,[''],0.0,empty,0,3,1.2415999663062394e-05
RANDOM,username_category,empty,7,True,True,[''],0.0,empty,0,37,0.0001067500124918
RANDOM,username_category,empty,8,True,True,[''],0.0,empty,0,14,4.1709005017764866e-05
RANDOM,username_category,empty,9,True,True,[''],0.0,empty,0,6,2.0666993805207312e-05
RANDOM,username_category,empty,10,True,True,[''],0.0,empty,0,20,6.587500683963299e-05
RANDOM,username_category,empty,11,True,True,[''],0.0,empty,0,2,4.874993464909494e-06
RANDOM,username_category,empty,12,True,True,[''],0.0,empty,0,5,1.8291000742465258e-05
RANDOM,username_category,empty,13,True,True,[''],0.0,empty,0,2,6.791000487282872e-06
RANDOM,username_category,empty,14,True,True,[''],0.0,empty,0,1,2.792003215290606e-06
RANDOM,username_category,empty,15,True,True,[''],0.0,empty,0,2,6.040994776412845e-06
RANDOM,username_category,empty,16,True,True,[''],0.0,empty,0,22,6.554200081154704e-05
RANDOM,username_category,empty,17,True,True,[''],0.0,empty,0,8,2.7209011022932827e-05
RANDOM,username_category,empty,18,True,True,[''],0.0,empty,0,17,4.879198968410492e-05
RANDOM,username_category,empty,19,True,True,[''],0.0,empty,0,10,3.6874989746138453e-05
RANDOM,username_category,empty,20,True,True,[''],0.0,empty,0,13,4.354200791567564e-05
RANDOM,username_category,empty,21,True,True,[''],0.0,empty,0,12,4.1333987610414624e-05
RANDOM,username_category,empty,22,True,True,[''],0.0,empty,0,9,3.195799945387989e-05
RANDOM,username_category,empty,23,True,True,[''],0.0,empty,0,22,6.470900552812964e-05
RANDOM,username_category,empty,24,True,True,[''],0.0,empty,0,19,6.45420077489689e-05
RANDOM,username_category,empty,25,True,True,[''],0.0,empty,0,27,8.024999988265336e-05
RANDOM,username_category,empty,26,True,True,[''],0.0,empty,0,10,2.8208000003360212e-05
RANDOM,username_category,empty,27,True,True,[''],0.0,empty,0,47,0.0001325420016655
RANDOM,username_category,empty,28,True,True,[''],0.0,empty,0,4,8.208997314795852e-06
RANDOM,username_category,empty,29,True,True,[''],0.0,empty,0,2,5.6249991757795215e-06
RANDOM,username_category,medium_username,0,True,True,['DwB4TvA'],0.0,medium_username,0,2,1.0457995813339949e-05
RANDOM,username_category,medium_username,1,True,True,['u65JTgn'],0.0,medium_username,0,1,5.1249953685328364e-06
RANDOM,username_category,medium_username,2,True,True,['lp774D8F3ybc2'],0.0,medium_username,0,2,8.792005246505141e-06
RANDOM,username_category,medium_username,3,True,True,['NPmO0yn8'],0.0,medium_username,0,1,5.207999492995441e-06
RANDOM,username_category,medium_username,4,True,True,['dPhYio7'],0.0,medium_username,0,2,7.624999852851033e-06
RANDOM,username_category,medium_username,5,True,True,['TvvXu2xaGGJdg82'],0.0,medium_username,0,2,9.70799010246992e-06
RANDOM,username_category,medium_username,6,True,True,['q4pyuWaaIwX1'],0.0,medium_username,0,1,5.7910074247047305e-06
RANDOM,username_category,medium_username,7,True,True,['SQEEX6'],0.0,medium_username,0,5,1.8165999790653583e-05
RANDOM,username_category,medium_username,8,True,True,['smBQVnL5bSfJC'],0.0,medium_username,0,1,5.95799065195024e-06
RANDOM,username_category,medium_username,9,True,True,['REr29'],0.0,medium_username,0,1,3.958994057029486e-06
RANDOM,username_category,medium_username,10,True,True,['zhRN6tWz'],0.0,medium_username,0,2,8.125003660097718e-06
RANDOM,username_category,medium_username,11,True,True,['QlNDZcv90VHUz'],0.0,medium_username,0,7,2.7166999643668532e-05
RANDOM,username_category,medium_username,12,True,True,['SUu93'],0.0,medium_username,0,2,7.167007424868643e-06
RANDOM,username_category,medium_username,13,True,True,['OjGC4Li'],0.0,medium_username,0,2,9.958006558008492e-06
RANDOM,username_category,medium_username,14,True,True,['y9qdpjEf9uXA'],0.0,medium_username,0,5,1.9957995391450822e-05
RANDOM,username_category,medium_username,15,True,True,['vrgLZCNCQ9D'],0.0,medium_username,0,6,2.1082989405840635e-05
RANDOM,username_category,medium_username,16,True,True,['yD0HgAxvhC1s'],0.0,medium_username,0,1,5.833004252053797e-06
RANDOM,username_category,medium_username,17,True,True,['JMs93GsF'],0.0,medium_username,0,1,5.084002623334527e-06
RANDOM,username_category,medium_username,18,True,True,['YbeRyJB4WR1vJ'],0.0,medium_username,0,2,9.291994501836598e-06
RANDOM,username_category,medium_username,19,True,True,['HrAzbIQVJ1x'],0.0,medium_username,0,3,1.3958007912151515e-05
RANDOM,username_category,medium_username,20,True,True,['U6epI5mIzamPn'],0.0,medium_username,0,3,1.4042001566849647e-05
RANDOM,username_category,medium_username,21,True,True,['JQSI2lzbY'],0.0,medium_username,0,2,9.875002433545887e-06
RANDOM,username_category,medium_username,22,True,True,['C6wjA8HqQM0qd'],0.0,medium_username,0,3,1.3165990822017193e-05
RANDOM,username_category,medium_username,23,True,True,['UsBY5FcfSlO9ZUk'],0.0,medium_username,0,2,1.1166994227096438e-05
RANDOM,username_category,medium_username,24,True,True,['zX2sGKgMDCu1fX'],0.0,medium_username,0,3,1.3500000932253895e-05
RANDOM,username_category,medium_username,25,True,True,['XPjXEcZ3kMJ5B'],0.0,medium_username,0,1,6.000002031214535e-06
RANDOM,username_category,medium_username,26,True,True,['wRBL4'],0.0,medium_username,0,4,1.8332997569814324e-05
RANDOM,username_category,medium_username,27,True,True,['w29lbF7'],0.0,medium_username,0,1,5.1249953685328364e-06
RANDOM,username_category,medium_username,28,True,True,['giaV1N1j'],0.0,medium_username,0,2,8.000002708286047e-06
RANDOM,username_category,medium_username,29,True,True,['GDQ4mhPBXp'],0.0,medium_username,0,1,5.49999822396785e-06
RANDOM,username_category,starts_with_digit,0,True,True,['4TyssAkMW'],0.0,starts_with_digit,0,2,8.457995136268437e-06
RANDOM,username_category,starts_with_digit,1,True,True,['2xRRaxHcOQS'],0.0,starts_with_digit,0,14,4.920799983665347e-05
RANDOM,username_category,starts_with_digit,2,True,True,['6QVWS'],0.0,starts_with_digit,0,3,7.750000804662704e-06
RANDOM,username_category,starts_with_digit,3,True,True,['6MJgIW'],0.0,starts_with_digit,0,13,4.416699812281877e-05
RANDOM,username_category,starts_with_digit,4,True,True,['17s6g'],0.0,starts_with_digit,0,8,2.950000634882599e-05
RANDOM,username_category,starts_with_digit,5,True,True,['83MHmT'],0.0,starts_with_digit,0,8,3.095899592153728e-05
RANDOM,username_category,starts_with_digit,6,True,True,['3jDL5Oz31F'],0.0,starts_with_digit,0,2,6.667003617621958e-06
RANDOM,username_category,starts_with_digit,7,True,True,['0HQThn'],0.0,starts_with_digit,0,1,4.208006430417299e-06
RANDOM,username_category,starts_with_digit,8,True,True,['8ld7qmJ4kuG'],0.0,starts_with_digit,0,8,3.554200520738959e-05
RANDOM,username_category,starts_with_digit,9,True,True,['7IAbv90X'],0.0,starts_with_digit,0,11,3.866599581670016e-05
RANDOM,username_category,starts_with_digit,10,True,True,['9wVjBFf8eUjp'],0.0,starts_with_digit,0,29,8.629199874121696e-05
RANDOM,username_category,starts_with_digit,11,True,True,['8yGU8Ogz6IrjF'],0.0,starts_with_digit,0,19,6.741599645465612e-05
RANDOM,username_category,starts_with_digit,12,True,True,['3YVuQx'],0.0,starts_with_digit,0,6,2.070800110232085e-05
RANDOM,username_category,starts_with_digit,13,True,True,['1YFaLnYSiqVyu0X'],0.0,starts_with_digit,0,17,5.7375000324100256e-05
RANDOM,username_category,starts_with_digit,14,True,True,['04WNF42I8w'],0.0,starts_with_digit,0,5,1.4125005691312252e-05
RANDOM,username_category,starts_with_digit,15,True,True,['79w7cxMQ'],0.0,starts_with_digit,0,7,2.7417001547291875e-05
RANDOM,username_category,starts_with_digit,16,True,True,['3lAESGcH'],0.0,starts_with_digit,0,3,1.391599653288722e-05
RANDOM,username_category,starts_with_digit,17,True,True,['46OJCp1OQuLW'],0.0,starts_with_digit,0,18,5.887499719392508e-05
RANDOM,username_category,starts_with_digit,18,True,True,['8GTGgDvkxv'],0.0,starts_with_digit,0,17,5.904199497308582e-05
RANDOM,username_category,starts_with_digit,19,True,True,['08D6leQT8MoCOD'],0.0,starts_with_digit,0,9,3.29999893438071e-05
RANDOM,username_category,starts_with_digit,20,True,True,['639mV'],0.0,starts_with_digit,0,3,1.158300437964499e-05
RANDOM,username_category,starts_with_digit,21,True,True,['9OQMCNuqpf9El4u'],0.0,starts_with_digit,0,18,5.849999433849007e-05
RANDOM,username_category,starts_with_digit,22,True,True,['8svlCS'],0.0,starts_with_digit,0,5,1.7082988051697612e-05
RANDOM,username_category,starts_with_digit,23,True,True,['55XPa'],0.0,starts_with_digit,0,2,7.291993824765086e-06
RANDOM,username_category,starts_with_digit,24,True,True,['4KcKBHsvgjPiK'],0.0,starts_with_digit,0,17,5.191699892748147e-05
RANDOM,username_category,starts_with_digit,25,True,True,['7IDnVR2VlzMdkU'],0.0,starts_with_digit,0,10,3.258298966102302e-05
RANDOM,username_category,starts_with_digit,26,True,True,['5cJzL'],0.0,starts_with_digit,0,2,8.292001439258456e-06
RANDOM,username_category,starts_with_digit,27,True,True,['5SSIBa4pkg'],0.0,starts_with_digit,0,8,3.216600453015417e-05
RANDOM,username_category,starts_with_digit,28,True,True,['2loiiUvkTUe5T'],0.0,starts_with_digit,0,10,3.675000334624201e-05
RANDOM,username_category,starts_with_digit,29,True,True,['10wuWWJnB'],0.0,starts_with_digit,0,27,8.883299597073346e-05
RANDOM,username_category,strong_username,0,False,False,['qBGxPxB8fOrOdWb'],1.0,,0,1000,0.0029903329996159
RANDOM,username_category,strong_username,1,False,False,['DDM5smrzVC'],1.0,,0,1000,0.0030437499954132
RANDOM,username_category,strong_username,2,False,False,['O2OnX7HIz7v'],1.0,,0,1000,0.0030429589969571
RANDOM,username_category,strong_username,3,False,False,['YKSGGQ9wT4'],1.0,,0,1000,0.0030657919996883
RANDOM,username_category,strong_username,4,False,False,['wq8yNNIiXi7iAS'],1.0,,0,1000,0.0030567079957108
RANDOM,username_category,strong_username,5,False,False,['AipdNeCwR58'],1.0,,0,1000,0.0030932500085327
RANDOM,username_category,strong_username,6,False,False,['qOwj2hKD9i9e'],1.0,,0,1000,0.0030622920021414
RANDOM,username_category,strong_username,7,False,False,['HsiCX9ful8MS4o'],1.0,,0,1000,0.003102625007159
RANDOM,username_category,strong_username,8,False,False,['m4j3RniusmoNz'],1.0,,0,1000,0.003120042005321
RANDOM,username_category,strong_username,9,False,False,['Vn8kWkI6BaVLj'],1.0,,0,1000,0.0030817910010227
RANDOM,username_category,strong_username,10,False,False,['IK31lLQNuW'],1.0,,0,1000,0.003091292004683
RANDOM,username_category,strong_username,11,False,False,['kdm3lgkQpw'],1.0,,0,1000,0.0030534580000676
RANDOM,username_category,strong_username,12,False,False,['US2pBF9LYsXnfHD'],1.0,,0,1000,0.0030458749970421
RANDOM,username_category,strong_username,13,False,False,['iK4ohIP3OIHp4q'],1.0,,0,1000,0.00309237500187
RANDOM,username_category,strong_username,14,False,False,['pK3zS67HKXDkT9'],1.0,,0,1000,0.0030292910087155
RANDOM,username_category,strong_username,15,False,False,['a0kbSTb5thSN'],1.0,,0,1000,0.0030827090085949
RANDOM,username_category,strong_username,16,False,False,['DMlBim8akd9U'],1.0,,0,1000,0.0030206670053303
RANDOM,username_category,strong_username,17,False,False,['fp51EdhV1dHuFa'],1.0,,0,1000,0.0030915829993318
RANDOM,username_category,strong_username,18,False,False,['lwBKA4MlfLMct'],1.0,,0,1000,0.0030660420015919
RANDOM,username_category,strong_username,19,False,False,['sRxT8wNC0EeFd8r'],1.0,,0,1000,0.0030626249936176
RANDOM,username_category,strong_username,20,False,False,['NTnUWdyQ83'],1.0,,0,1000,0.0030737500055693
RANDOM,username_category,strong_username,21,False,False,['ifTQizCH7qLb'],1.0,,0,1000,0.0031357499974546
RANDOM,username_category,strong_username,22,False,False,['O2Cw5pmGHBxu'],1.0,,0,1000,0.0030538340070052
RANDOM,username_category,strong_username,23,False,False,['BkyUl2wu0su'],1.0,,0,1000,0.0031035840074764
RANDOM,username_category,strong_username,24,False,False,['cNhVX2cCcdLuM'],1.0,,0,1000,0.00305058399681
RANDOM,username_category,strong_username,25,False,False,['UUvhyiVzM1ZbMQT'],1.0,,0,1000,0.0030345830018632
RANDOM,username_category,strong_username,26,False,False,['AJL5DFPE6bz2in'],1.0,,0,1000,0.0030659589974675
RANDOM,username_category,strong_username,27,False,False,['lPp4OhmG2j89iQB'],1.0,,0,1000,0.0030676669994136
RANDOM,username_category,strong_username,28,False,False,['DOX1lXTMyHR8'],1.0,,0,1000,0.0031099589978111
RANDOM,username_category,strong_username,29,False,False,['OXW4PKsx0aytl6e'],1.0,,0,1000,0.0030695419991388
RANDOM,username_category,too_short,0,True,True,['aao'],0.0,too_short,0,5,1.925000105984509e-05
RANDOM,username_category,too_short,1,True,True,['f5'],0.0,too_short,0,4,1.5792000340297818e-05
RANDOM,username_category,too_short,2,True,True,['Y6'],0.0,too_short,0,5,2.1832995116710663e-05
RANDOM,username_category,too_short,3,True,True,['B'],0.0,too_short,0,1,3.374996595084667e-06
RANDOM,username_category,too_short,4,True,True,['bV'],0.0,too_short,0,5,2.0457999198697507e-05
RANDOM,username_category,too_short,5,True,True,['O1'],0.0,too_short,0,1,3.1249946914613247e-06
RANDOM,username_category,too_short,6,True,True,['cQh'],0.0,too_short,0,2,8.749993867240846e-06
RANDOM,username_category,too_short,7,True,True,['H'],0.0,too_short,0,6,2.1083993487991393e-05
RANDOM,username_category,too_short,8,True,True,['LL'],0.0,too_short,0,13,4.433300637174398e-05
RANDOM,username_category,too_short,9,True,True,['1'],0.0,too_short,0,1,2.832995960488915e-06
RANDOM,username_category,too_short,10,True,True,['Ld'],0.0,too_short,0,14,4.929100396111608e-05
RANDOM,username_category,too_short,11,True,True,['Snu'],0.0,too_short,0,1,3.2910029403865337e-06
RANDOM,username_category,too_short,12,True,True,['n9'],0.0,too_short,0,1,3.3329997677356005e-06
RANDOM,username_category,too_short,13,True,True,['bj'],0.0,too_short,0,7,2.73340119747445e-05
RANDOM,username_category,too_short,14,True,True,['qRk'],0.0,too_short,0,6,2.2667009034194052e-05
RANDOM,username_category,too_short,15,True,True,['fpSk'],0.0,too_short,0,3,1.1957992683164775e-05
RANDOM,username_category,too_short,16,True,True,['oZ'],0.0,too_short,0,3,1.2417003745213153e-05
RANDOM,username_category,too_short,17,True,True,['uEO'],0.0,too_short,0,5,1.937500201165676e-05
RANDOM,username_category,too_short,18,True,True,['i'],0.0,too_short,0,2,7.042006473056972e-06
RANDOM,username_category,too_short,19,True,True,['R'],0.0,too_short,0,3,8.999995770864189e-06
RANDOM,username_category,too_short,20,True,True,['Q'],0.0,too_short,0,4,1.2415999663062394e-05
RANDOM,username_category,too_short,21,True,True,['0QnA'],0.0,too_short,0,1,3.958004526793957e-06
RANDOM,username_category,too_short,22,True,True,['lI'],0.0,too_short,0,2,6.707996362820268e-06
RANDOM,username_category,too_short,23,True,True,['dblA'],0.0,too_short,0,1,3.3329997677356005e-06
RANDOM,username_category,too_short,24,True,True,['88d'],0.0,too_short,0,5,1.912500010803342e-05
RANDOM,username_category,too_short,25,True,True,['KQzs'],0.0,too_short,0,2,6.208007107488811e-06
RANDOM,username_category,too_short,26,True,True,['OM'],0.0,too_short,0,1,3.249995643272996e-06
RANDOM,username_category,too_short,27,True,True,['HS78'],0.0,too_short,0,2,6.999995093792677e-06
RANDOM,username_category,too_short,28,True,True,['wSw9'],0.0,too_short,0,3,1.0584000847302376e-05
RANDOM,username_category,too_short,29,True,True,['6v'],0.0,too_short,0,1,3.583001671358943e-06
RANDOM,username_category,weak_username,0,True,True,['DdGQyj'],0.0,weak_username,0,19,6.45420077489689e-05
RANDOM,username_category,weak_username,1,True,True,['SRiQxUhwmPF'],0.0,weak_username,0,2,7.416994776576757e-06
RANDOM,username_category,weak_username,2,True,True,['yrxqyBffVw'],0.0,weak_username,0,4,1.550000160932541e-05
RANDOM,username_category,weak_username,3,True,True,['LnlECpbbTe'],0.0,weak_username,0,6,2.083300205413252e-05
RANDOM,username_category,weak_username,4,True,True,['jzVUVdBp'],0.0,weak_username,0,10,3.8332989788614213e-05
RANDOM,username_category,weak_username,5,True,True,['HrHdaUOhrItrt'],0.0,weak_username,0,1,6.166999810375273e-06
RANDOM,username_category,weak_username,6,True,True,['NAGXGh'],0.0,weak_username,0,6,2.554200182203203e-05
RANDOM,username_category,weak_username,7,True,True,['scKyem'],0.0,weak_username,0,10,3.8583006244152784e-05
RANDOM,username_category,weak_username,8,True,True,['YMzkJQaaBPcN'],0.0,weak_username,0,10,4.0916987927630544e-05
RANDOM,username_category,weak_username,9,True,True,['IvoBHF'],0.0,weak_username,0,25,8.404100663028657e-05
RANDOM,username_category,weak_username,10,True,True,['aetLUpX'],0.0,weak_username,0,9,3.404199378564954e-05
RANDOM,username_category,weak_username,11,True,True,['QsYSlNGB'],0.0,weak_username,0,7,2.7874993975274265e-05
RANDOM,username_category,weak_username,12,True,True,['NUPjiAq'],0.0,weak_username,0,2,8.292001439258456e-06
RANDOM,username_category,weak_username,13,True,True,['KgmabPOkPXbT'],0.0,weak_username,0,2,8.624992915429175e-06
RANDOM,username_category,weak_username,14,True,True,['qPsIMh'],0.0,weak_username,0,2,6.707996362820268e-06
RANDOM,username_category,weak_username,15,True,True,['eJghBapWEI'],0.0,weak_username,0,3,1.2208009138703346e-05
RANDOM,username_category,weak_username,16,True,True,['WimvVXK'],0.0,weak_username,0,3,1.3042008504271507e-05
RANDOM,username_category,weak_username,17,True,True,['kGWmEXSMY'],0.0,weak_username,0,3,1.5249999705702066e-05
RANDOM,username_category,weak_username,18,True,True,['tfTAVcGZBvdInyT'],0.0,weak_username,0,7,2.9542003176175054e-05
RANDOM,username_category,weak_username,19,True,True,['cSyXrOcwii'],0.0,weak_username,0,20,6.966698856558651e-05
RANDOM,username_category,weak_username,20,True,True,['zeALD'],0.0,weak_username,0,2,6.249989382922649e-06
RANDOM,username_category,weak_username,21,True,True,['BSlLhjoevNHYN'],0.0,weak_username,0,2,1.1374999303370714e-05
RANDOM,username_category,weak_username,22,True,True,['ClBpokokWVi'],0.0,weak_username,0,15,5.3167008445598185e-05
RANDOM,username_category,weak_username,23,True,True,['HyKaFitHz'],0.0,weak_username,0,1,4.582994733937085e-06
RANDOM,username_category,weak_username,24,True,True,['PUtoNYqWPt'],0.0,weak_username,0,8,3.266701241955161e-05
RANDOM,username_category,weak_username,25,True,True,['iflxumRSenkaV'],0.0,weak_username,0,4,1.5416997484862804e-05
RANDOM,username_category,weak_username,26,True,True,['mFMjNVbl'],0.0,weak_username,0,3,1.2625008821487428e-05
RANDOM,username_category,weak_username,27,True,True,['gekjUs'],0.0,weak_username,0,3,1.1500000255182384e-05
RANDOM,username_category,weak_username,28,True,True,['RGuZLieEQCrcSaz'],0.0,weak_username,0,3,1.4000004739500582e-05
RANDOM,username_category,weak_username,29,True,True,['zHKblLTqU'],0.0,weak_username,0,1,5.541995051316917e-06
HILL_CLIMBING,bmi_category,invalid_height,0,True,True,"[2421.314415658075, 0.0]",0.0,invalid_height,110,111,0.0002370000001974
HILL_CLIMBING,bmi_category,invalid_height,1,True,True,"[1382.963568674873, 0.0]",0.0,invalid_height,555,556,0.0009440839930903
HILL_CLIMBING,bmi_category,invalid_height,2,True,True,"[232.39533027696012, 0.0]",0.0,invalid_height,456,457,0.0007690420025028
HILL_CLIMBING,bmi_category,invalid_height,3,True,True,"[2508.797339444712, 0.0]",0.0,invalid_height,227,228,0.0003970000107074
HILL_CLIMBING,bmi_category,invalid_height,4,True,True,"[1375.202773194734, 0.0]",0.0,invalid_height,293,294,0.00049408301129
HILL_CLIMBING,bmi_category,invalid_height,5,True,True,"[11.130467905116303, 0.0]",0.0,invalid_height,184,185,0.0003113749990006
HILL_CLIMBING,bmi_category,invalid_height,6,True,True,"[2574.5366419085294, 0.0]",0.0,invalid_height,205,206,0.0003548749955371
HILL_CLIMBING,bmi_category,invalid_height,7,True,True,"[2468.1588985674102, 0.0]",0.0,invalid_height,371,372,0.0006076250137994
HILL_CLIMBING,bmi_category,invalid_height,8,True,True,"[371.5630935464205, 0.0]",0.0,invalid_height,228,229,0.0003868329949909
HILL_CLIMBING,bmi_category,invalid_height,9,True,True,"[472.3270672459111, 0.0]",0.0,invalid_height,376,377,0.0006066659989301
HILL_CLIMBING,bmi_category,invalid_height,10,True,True,"[56.97291821955852, 0.0]",0.0,invalid_height,259,260,0.0004088340065209
HILL_CLIMBING,bmi_category,invalid_height,11,True,True,"[2018.7082579469227, 0.0]",0.0,invalid_height,338,339,0.0005463330016937
HILL_CLIMBING,bmi_category,invalid_height,12,True,True,"[1041.770257775222, 0.0]",0.0,invalid_height,308,309,0.0005102910072309
HILL_CLIMBING,bmi_category,invalid_height,13,True,True,"[993.7541410386106, 0.0]",0.0,invalid_height,154,155,0.0002767499972833
HILL_CLIMBING,bmi_category,invalid_height,14,True,True,"[341.53390144374475, 0.0]",0.0,invalid_height,164,165,0.0002730839914875
HILL_CLIMBING,bmi_category,invalid_height,15,True,True,"[1801.9264059609525, 0.0]",0.0,invalid_height,269,270,0.0004606660077115
HILL_CLIMBING,bmi_category,invalid_height,16,True,True,"[2314.007603438625, 0.0]",0.0,invalid_height,248,249,0.000400749995606
HILL_CLIMBING,bmi_category,invalid_height,17,True,True,"[2385.3731393074445, 0.0]",0.0,invalid_height,356,357,0.0005597499985015
HILL_CLIMBING,bmi_category,invalid_height,18,True,True,"[2219.363737522354, 0.0]",0.0,invalid_height,172,173,0.0002837079955497
HILL_CLIMBING,bmi_category,invalid_height,19,True,True,"[2626.2667541101105, 0.0]",0.0,invalid_height,218,219,0.000365582993254
HILL_CLIMBING,bmi_category,invalid_height,20,True,True,"[1911.1232043631521, 0.0]",0.0,invalid_height,403,404,0.000679000004311
HILL_CLIMBING,bmi_category,invalid_height,21,True,True,"[1901.5441556014769, 0.0]",0.0,invalid_height,529,530,0.0008457090007141
HILL_CLIMBING,bmi_category,invalid_height,22,True,True,"[1820.4756052191144, 0.0]",0.0,invalid_height,342,343,0.000580792009714
HILL_CLIMBING,bmi_category,invalid_height,23,True,True,"[88.38599091747906, 0.0]",0.0,invalid_height,81,82,0.0001382910122629
HILL_CLIMBING,bmi_category,invalid_height,24,True,True,"[1881.3045316289795, 0.0]",0.0,invalid_height,121,122,0.0002021249965764
HILL_CLIMBING,bmi_category,invalid_height,25,True,True,"[1768.1091429755775, 0.0]",0.0,invalid_height,232,233,0.0003895419940818
HILL_CLIMBING,bmi_category,invalid_height,26,True,True,"[647.8674288609018, 0.0]",0.0,invalid_height,158,159,0.0002709999971557
HILL_CLIMBING,bmi_category,invalid_height,27,True,True,"[2287.0201307568673, 0.0]",0.0,invalid_height,108,109,0.0001741669984767
HILL_CLIMBING,bmi_category,invalid_height,28,True,True,"[1312.5397517562799, 0.0]",0.0,invalid_height,234,235,0.0003762080013984
HILL_CLIMBING,bmi_category,invalid_height,29,True,True,"[2344.437928482711, 0.0]",0.0,invalid_height,152,153,0.0002492499916115
HILL_CLIMBING,bmi_category,normal,0,True,True,"[2989.046685845835, 12.294795039889546]",0.0,normal,466,467,0.0007335419941227
HILL_CLIMBING,bmi_category,normal,1,True,True,"[2184.593224707807, 10.710774974667325]",0.0,normal,36,37,7.970900333020836e-05
HILL_CLIMBING,bmi_category,normal,2,True,True,"[2876.6880318135354, 12.3167992790049]",0.0,normal,217,218,0.0003639579954324
HILL_CLIMBING,bmi_category,normal,3,True,True,"[2978.276701428151, 12.632741234205437]",0.0,normal,199,200,0.0003281670069554
HILL_CLIMBING,bmi_category,normal,4,True,True,"[2727.5963273378097, 11.244481849623746]",0.0,normal,134,135,0.0002146670012734
HILL_CLIMBING,bmi_category,normal,5,True,True,"[2991.441717512595, 12.39262256728396]",0.0,normal,329,330,0.0005507500027306
HILL_CLIMBING,bmi_category,normal,6,True,True,"[2845.112413999868, 11.974014791731856]",0.0,normal,255,256,0.0004089590074727
HILL_CLIMBING,bmi_category,normal,7,True,True,"[2871.8656398224844, 12.353988879695601]",0.0,normal,543,544,0.0008282500057248
HILL_CLIMBING,bmi_category,normal,8,True,True,"[2852.1143384470784, 11.963467886023334]",0.0,normal,293,294,0.000465000004624
HILL_CLIMBING,bmi_category,normal,9,True,True,"[2779.457266955654, 11.954643340666522]",0.0,normal,50,51,9.966599463950844e-05
HILL_CLIMBING,bmi_category,normal,10,True,True,"[2237.047186764647, 10.710820921801368]",0.0,normal,229,230,0.000390499990317
HILL_CLIMBING,bmi_category,normal,11,True,True,"[2889.8943903088652, 12.090898336800697]",0.0,normal,481,482,0.0007358750008279
HILL_CLIMBING,bmi_category,normal,12,True,True,"[2835.324534912299, 11.591667148021363]",0.0,normal,284,285,0.0004803749907296
HILL_CLIMBING,bmi_category,normal,13,True,True,"[3000.0, 10.969131020221457]",0.0,normal,79,80,0.000139959010994
HILL_CLIMBING,bmi_category,normal,14,True,True,"[2948.1213253528567, 11.729702278145403]",0.0,normal,111,112,0.000170541999978
HILL_CLIMBING,bmi_category,normal,15,True,True,"[2870.517276823162, 11.882283604846515]",0.0,normal,310,311,0.0004903329972876
HILL_CLIMBING,bmi_category,normal,16,True,True,"[2843.486658457557, 12.305251541797864]",0.0,normal,182,183,0.0002865409915102
HILL_CLIMBING,bmi_category,normal,17,True,True,"[2759.8129866633994, 12.009266922743269]",0.0,normal,221,222,0.0003380419948371
HILL_CLIMBING,bmi_category,normal,18,True,True,"[2935.490576054208, 12.401332349904399]",0.0,normal,142,143,0.0002390840090811
HILL_CLIMBING,bmi_category,normal,19,True,True,"[2897.451234116389, 12.351940930887807]",0.0,normal,646,647,0.0009520000021439
HILL_CLIMBING,bmi_category,normal,20,True,True,"[2515.019811491417, 11.276905220015284]",0.0,normal,221,222,0.0003460830048425
HILL_CLIMBING,bmi_category,normal,21,True,True,"[2852.067577708762, 11.825358595109387]",0.0,normal,181,182,0.0002906249865191
HILL_CLIMBING,bmi_category,normal,22,True,True,"[1691.9160491071964, 9.123586597771615]",0.0,normal,118,119,0.0001899170019896
HILL_CLIMBING,bmi_category,normal,23,True,True,"[2921.5782712957966, 11.898254816762039]",0.0,normal,655,656,0.0009554169955663
HILL_CLIMBING,bmi_category,normal,24,True,True,"[1372.840797709941, 8.359146539390515]",0.0,normal,95,96,0.0001502079976489
HILL_CLIMBING,bmi_category,normal,25,True,True,"[1896.0170268063812, 9.718083154313327]",0.0,normal,29,30,5.558300472330302e-05
HILL_CLIMBING,bmi_category,normal,26,True,True,"[2888.298556999975, 11.883010202592441]",0.0,normal,610,611,0.0008976660028565
HILL_CLIMBING,bmi_category,normal,27,True,True,"[2864.391567078775, 11.44265406746218]",0.0,normal,203,204,0.0003042919997824
HILL_CLIMBING,bmi_category,normal,28,True,True,"[2958.126646727004, 12.174823683228974]",0.0,normal,231,232,0.0003542080085026
HILL_CLIMBING,bmi_category,normal,29,True,True,"[2952.7257352737915, 12.156612837224245]",0.0,normal,566,567,0.0008315419981954
HILL_CLIMBING,bmi_category,obese,0,True,True,"[2872.945392600063, 9.302726097817386]",0.0,obese,362,363,0.0005520419945241
HILL_CLIMBING,bmi_category,obese,1,True,True,"[2812.037873219531, 9.49863796349645]",0.0,obese,401,402,0.0006432079972
HILL_CLIMBING,bmi_category,obese,2,True,True,"[2639.2246716533505, 9.018195310544021]",0.0,obese,395,396,0.0006894590042065
HILL_CLIMBING,bmi_category,obese,3,True,True,"[2989.5975494516324, 9.695557817287677]",0.0,obese,402,403,0.0006874169921502
HILL_CLIMBING,bmi_category,obese,4,True,True,"[2961.8711829014524, 9.82623169705218]",0.0,obese,212,213,0.000404416990932
HILL_CLIMBING,bmi_category,obese,5,True,True,"[2995.062926723399, 9.557242212237586]",0.0,obese,757,758,0.0011152500082971
HILL_CLIMBING,bmi_category,obese,6,True,True,"[2963.6983180471957, 7.298857262605152]",0.0,obese,227,228,0.0003455839905655
HILL_CLIMBING,bmi_category,obese,7,True,True,"[2888.5526695347444, 9.808374479835729]",0.0,obese,56,57,0.000110458000563
HILL_CLIMBING,bmi_category,obese,8,True,True,"[2802.0861437766416, 5.637314514204572]",0.0,obese,43,44,8.12499929452315e-05
HILL_CLIMBING,bmi_category,obese,9,True,True,"[2904.0048745437, 8.867771623836468]",0.0,obese,315,316,0.0004708750057034
HILL_CLIMBING,bmi_category,obese,10,True,True,"[2963.314851860646, 9.2741627516773]",0.0,obese,235,236,0.0003450410004006
HILL_CLIMBING,bmi_category,obese,11,True,True,"[2987.7481055676712, 0.9695401912729329]",0.0,obese,127,128,0.0002007909934036
HILL_CLIMBING,bmi_category,obese,12,True,True,"[2932.5178205812326, 9.847001414536953]",0.0,obese,453,454,0.0006292920006671
HILL_CLIMBING,bmi_category,obese,13,True,True,"[2696.2342468255906, 9.362396329258328]",0.0,obese,326,327,0.0004809579986613
HILL_CLIMBING,bmi_category,obese,14,True,True,"[2495.148383150294, 9.067586125186796]",0.0,obese,130,131,0.0002000410022446
HILL_CLIMBING,bmi_category,obese,15,True,True,"[2542.0955588592656, 9.041844423888081]",0.0,obese,143,144,0.0002369589929003
HILL_CLIMBING,bmi_category,obese,16,True,True,"[2516.7563316495416, 9.158276987272732]",0.0,obese,229,230,0.0003665830008685
HILL_CLIMBING,bmi_category,obese,17,True,True,"[2884.662594286271, 3.7936409392589354]",0.0,obese,61,62,0.0001047910045599
HILL_CLIMBING,bmi_category,obese,18,True,True,"[2132.2395760219874, 5.516575721372541]",0.0,obese,78,79,0.000135374997626
HILL_CLIMBING,bmi_category,obese,19,True,True,"[2978.9206314283138, 9.921462372613702]",0.0,obese,97,98,0.0001621669944142
HILL_CLIMBING,bmi_category,obese,20,True,True,"[2937.804493240963, 9.108149156090134]",0.0,obese,399,400,0.0006354590004775
HILL_CLIMBING,bmi_category,obese,21,True,True,"[2730.949995219522, 8.688355285094266]",0.0,obese,153,154,0.0002439160016365
HILL_CLIMBING,bmi_category,obese,22,True,True,"[2970.579718911873, 9.851955196061068]",0.0,obese,209,210,0.0003404579911148
HILL_CLIMBING,bmi_category,obese,23,True,True,"[2936.8769398354298, 9.314523672776593]",0.0,obese,245,246,0.0003647919947979
HILL_CLIMBING,bmi_category,obese,24,True,True,"[2206.143408568216, 8.212384681196617]",0.0,obese,222,223,0.0003164169902447
HILL_CLIMBING,bmi_category,obese,25,True,True,"[2982.9592960428536, 9.666831371359235]",0.0,obese,323,324,0.0004693749942816
HILL_CLIMBING,bmi_category,obese,26,True,True,"[2817.746799976233, 9.174079948197567]",0.0,obese,469,470,0.0006935830024303
HILL_CLIMBING,bmi_category,obese,27,True,True,"[2644.7615497387064, 8.647625295747314]",0.0,obese,119,120,0.0001903329975903
HILL_CLIMBING,bmi_category,obese,28,True,True,"[2968.309037504649, 6.477447628609245]",0.0,obese,223,224,0.0003332909982418
HILL_CLIMBING,bmi_category,obese,29,True,True,"[2977.3406788235566, 7.098089041775779]",0.0,obese,238,239,0.0003582500066841
HILL_CLIMBING,bmi_category,overweight,0,True,True,"[2977.731664309497, 10.165642231840476]",0.0,overweight,686,687,0.0010215420043095
HILL_CLIMBING,bmi_category,overweight,1,True,True,"[2500.3040126636765, 9.70088227991219]",0.0,overweight,277,278,0.0004427910025697
HILL_CLIMBING,bmi_category,overweight,2,True,True,"[2831.400246353341, 10.439044302346076]",0.0,overweight,169,170,0.0002624999906402
HILL_CLIMBING,bmi_category,overweight,3,True,True,"[2851.4363340128148, 10.59406447961311]",0.0,overweight,396,397,0.0006141250050859
HILL_CLIMBING,bmi_category,overweight,4,True,True,"[2540.367344759382, 9.658594346678209]",0.0,overweight,154,155,0.0002380840014666
HILL_CLIMBING,bmi_category,overweight,5,True,True,"[2990.854479759707, 10.933559394550969]",0.0,overweight,382,383,0.0005680419999407
HILL_CLIMBING,bmi_category,overweight,6,True,True,"[1887.219154736194, 8.372902417809804]",0.0,overweight,75,76,0.0001254999951925
HILL_CLIMBING,bmi_category,overweight,7,True,True,"[1895.6400769969655, 8.302835387522745]",0.0,overweight,33,34,6.629200652241707e-05
HILL_CLIMBING,bmi_category,overweight,8,True,True,"[2981.8557999712, 10.535572817811664]",0.0,overweight,204,205,0.0003104579955106
HILL_CLIMBING,bmi_category,overweight,9,True,True,"[2974.0281104606624, 10.5258630320388]",0.0,overweight,593,594,0.0008868329896358
HILL_CLIMBING,bmi_category,overweight,10,True,True,"[2978.502220451753, 10.82933308120931]",0.0,overweight,447,448,0.0006577909953193
HILL_CLIMBING,bmi_category,overweight,11,True,True,"[977.2830970558266, 5.8679864173631255]",0.0,overweight,312,313,0.0004573330079438
HILL_CLIMBING,bmi_category,overweight,12,True,True,"[2931.7993225201108, 9.997473194172484]",0.0,overweight,302,303,0.0004401659971335
HILL_CLIMBING,bmi_category,overweight,13,True,True,"[2962.602580915179, 10.764685312692334]",0.0,overweight,215,216,0.0003320840041851
HILL_CLIMBING,bmi_category,overweight,14,True,True,"[2966.9551882628602, 10.87010533520509]",0.0,overweight,241,242,0.0003418330015847
HILL_CLIMBING,bmi_category,overweight,15,True,True,"[753.2971641937744, 5.226768047591535]",0.0,overweight,245,246,0.0003547080123098
HILL_CLIMBING,bmi_category,overweight,16,True,True,"[2916.09596583635, 10.233863365814312]",0.0,overweight,349,350,0.0005184159963391
HILL_CLIMBING,bmi_category,overweight,17,True,True,"[1202.352772887365, 6.5303842220695305]",0.0,overweight,68,69,0.0001217919925693
HILL_CLIMBING,bmi_category,overweight,18,True,True,"[2976.187711153543, 10.3024028308345]",0.0,overweight,337,338,0.0005198750004637
HILL_CLIMBING,bmi_category,overweight,19,True,True,"[2899.563836187969, 9.901032224592443]",0.0,overweight,294,295,0.0005038749950472
HILL_CLIMBING,bmi_category,overweight,20,True,True,"[2787.6512173203264, 10.503458352627923]",0.0,overweight,610,611,0.000905833003344
HILL_CLIMBING,bmi_category,overweight,21,True,True,"[2900.774950511448, 9.927391269155873]",0.0,overweight,277,278,0.0004290000069886
HILL_CLIMBING,bmi_category,overweight,22,True,True,"[2990.0645427839827, 10.044771845218609]",0.0,overweight,573,574,0.0008719170000404
HILL_CLIMBING,bmi_category,overweight,23,True,True,"[2518.22784772661, 9.67274938057606]",0.0,overweight,75,76,0.0001227080065291
HILL_CLIMBING,bmi_category,overweight,24,True,True,"[2796.874111190073, 10.33386244238797]",0.0,overweight,481,482,0.0006931249954504
HILL_CLIMBING,bmi_category,overweight,25,True,True,"[514.0054902088224, 4.160259802925558]",0.0,overweight,61,62,0.0001079170033335
HILL_CLIMBING,bmi_category,overweight,26,True,True,"[2985.3749030543386, 10.896169836735108]",0.0,overweight,204,205,0.0003180829953635
HILL_CLIMBING,bmi_category,overweight,27,True,True,"[29.214103347908583, 1.0]",0.0,overweight,750,751,0.0010589169978629
HILL_CLIMBING,bmi_category,overweight,28,True,True,"[2991.541707602841, 10.173383672403318]",0.0,overweight,216,217,0.0003415410028537
HILL_CLIMBING,bmi_category,overweight,29,True,True,"[2856.341691881478, 10.22800460459728]",0.0,overweight,630,631,0.0009398750116815
HILL_CLIMBING,bmi_category,underweight,0,True,True,"[1467.6298205249675, 2458.819968318202]",0.0,underweight,0,1,3.2500101951882243e-06
HILL_CLIMBING,bmi_category,underweight,1,True,True,"[2351.691122605778, 1264.8630299573697]",0.0,underweight,0,1,2.8750073397532105e-06
HILL_CLIMBING,bmi_category,underweight,2,True,True,"[1345.499127210288, 1711.0674826424508]",0.0,underweight,0,1,2.7909991331398487e-06
HILL_CLIMBING,bmi_category,underweight,3,True,True,"[1282.2576769849318, 2999.996178914648]",0.0,underweight,0,1,2.5839981390163302e-06
HILL_CLIMBING,bmi_category,underweight,4,True,True,"[334.99261129729473, 1479.055136970107]",0.0,underweight,0,1,2.5410117814317346e-06
HILL_CLIMBING,bmi_category,underweight,5,True,True,"[1433.901190068641, 491.6071022530388]",0.0,underweight,0,1,2.5830086087808013e-06
HILL_CLIMBING,bmi_category,underweight,6,True,True,"[2929.4889273927843, 155.04919525281136]",0.0,underweight,0,1,2.5000044843181968e-06
HILL_CLIMBING,bmi_category,underweight,7,True,True,"[617.1863340079906, 1327.1588789344378]",0.0,underweight,0,1,2.8340000426396728e-06
HILL_CLIMBING,bmi_category,underweight,8,True,True,"[1132.6323220774627, 1385.686255956366]",0.0,underweight,0,1,2.6670022634789348e-06
HILL_CLIMBING,bmi_category,underweight,9,True,True,"[2437.939773957212, 2367.4791730857924]",0.0,underweight,0,1,4.083005478605628e-06
HILL_CLIMBING,bmi_category,underweight,10,True,True,"[2453.2618778780848, 272.17149301361786]",0.0,underweight,0,1,2.9170041671022773e-06
HILL_CLIMBING,bmi_category,underweight,11,True,True,"[1582.3364268150326, 78.45196345315408]",0.0,underweight,0,1,2.874992787837982e-06
HILL_CLIMBING,bmi_category,underweight,12,True,True,"[104.28428510607036, 1383.3779642138252]",0.0,underweight,0,1,2.832995960488915e-06
HILL_CLIMBING,bmi_category,underweight,13,True,True,"[111.02736951500746, 772.0003234916734]",0.0,underweight,0,1,3.1660019885748625e-06
HILL_CLIMBING,bmi_category,underweight,14,True,True,"[717.2962563367525, 1662.0291042681044]",0.0,underweight,0,1,2.916989615187049e-06
HILL_CLIMBING,bmi_category,underweight,15,True,True,"[2537.231236507731, 2217.988750656077]",0.0,underweight,0,1,2.9170041671022773e-06
HILL_CLIMBING,bmi_category,underweight,16,True,True,"[1319.1011257706236, 948.1679590146246]",0.0,underweight,0,1,2.7909991331398487e-06
HILL_CLIMBING,bmi_category,underweight,17,True,True,"[1352.0646559702332, 285.0621777138229]",0.0,underweight,0,1,2.9170041671022773e-06
HILL_CLIMBING,bmi_category,underweight,18,True,True,"[2991.7238827326723, 2787.7860266816488]",0.0,underweight,0,1,2.7500063879415393e-06
HILL_CLIMBING,bmi_category,underweight,19,True,True,"[2828.6675212649116, 297.4876262579166]",0.0,underweight,0,1,2.749991836026311e-06
HILL_CLIMBING,bmi_category,underweight,20,True,True,"[2875.0693093861723, 1011.5507388806492]",0.0,underweight,0,1,2.9170041671022773e-06
HILL_CLIMBING,bmi_category,underweight,21,True,True,"[1886.4475642541854, 2966.457187869294]",0.0,underweight,0,1,2.8750073397532105e-06
HILL_CLIMBING,bmi_category,underweight,22,True,True,"[1612.3505766735861, 1466.7140804383882]",0.0,underweight,0,1,2.707995008677244e-06
HILL_CLIMBING,bmi_category,underweight,23,True,True,"[2134.640256425348, 1435.3904391527713]",0.0,underweight,0,1,2.4170003598555923e-06
HILL_CLIMBING,bmi_category,underweight,24,True,True,"[503.62132290080484, 2574.338813885029]",0.0,underweight,0,1,2.8340000426396728e-06
HILL_CLIMBING,bmi_category,underweight,25,True,True,"[360.8244990124756, 1276.8759501162604]",0.0,underweight,0,1,3.125009243376553e-06
HILL_CLIMBING,bmi_category,underweight,26,True,True,"[220.09463133861863, 2771.466852641245]",0.0,underweight,0,1,2.792003215290606e-06
HILL_CLIMBING,bmi_category,underweight,27,True,True,"[2918.459322736, 2006.09875526272]",0.0,underweight,0,1,2.832995960488915e-06
HILL_CLIMBING,bmi_category,underweight,28,True,True,"[81.5986123439313, 1500.9262629141833]",0.0,underweight,0,1,2.916989615187049e-06
HILL_CLIMBING,bmi_category,underweight,29,True,True,"[129.1506433018752, 40.721046057523246]",0.0,underweight,0,1,2.7919886633753777e-06
HILL_CLIMBING,list_pattern,sorted_unique,0,True,True,"[[10, 17]]",0.0,sorted_unique,3,4,1.0749994544312358e-05
HILL_CLIMBING,list_pattern,sorted_unique,1,True,True,"[[5, 13]]",0.0,sorted_unique,5,6,1.5541998436674476e-05
HILL_CLIMBING,list_pattern,sorted_unique,2,True,True,"[[-10, -1]]",0.0,sorted_unique,6,7,2.4249995476566255e-05
HILL_CLIMBING,list_pattern,sorted_unique,3,True,True,"[[4, 8]]",0.0,sorted_unique,5,6,1.279098796658218e-05
HILL_CLIMBING,list_pattern,sorted_unique,4,True,True,"[[-12, 10, 20]]",0.0,sorted_unique,19,20,6.291699537541717e-05
HILL_CLIMBING,list_pattern,sorted_unique,5,True,True,"[[-14, 6]]",0.0,sorted_unique,3,4,1.1000010999850929e-05
HILL_CLIMBING,list_pattern,sorted_unique,6,True,True,"[[-16, 8, 9]]",0.0,sorted_unique,14,15,5.1584007451310754e-05
HILL_CLIMBING,list_pattern,sorted_unique,7,True,True,"[[5, 10, 15]]",0.0,sorted_unique,1,2,9.374998626299202e-06
HILL_CLIMBING,list_pattern,sorted_unique,8,True,True,"[[14, 20]]",0.0,sorted_unique,20,21,6.52919989079237e-05
HILL_CLIMBING,list_pattern,sorted_unique,9,True,True,"[[9, 20]]",0.0,sorted_unique,15,16,5.545800377149135e-05
HILL_CLIMBING,list_pattern,sorted_unique,10,True,True,"[[-2, 3]]",0.0,sorted_unique,3,4,1.2083008186891677e-05
HILL_CLIMBING,list_pattern,sorted_unique,11,True,True,"[[0, 1]]",0.0,sorted_unique,6,7,1.6457997844554484e-05
HILL_CLIMBING,list_pattern,sorted_unique,12,True,True,"[[4, 15]]",0.0,sorted_unique,18,19,6.250001024454832e-05
HILL_CLIMBING,list_pattern,sorted_unique,13,True,True,"[[5, 18]]",0.0,sorted_unique,16,17,5.937500100117177e-05
HILL_CLIMBING,list_pattern,sorted_unique,14,True,True,"[[-11, 2, 5]]",0.0,sorted_unique,1,2,1.0083007509820163e-05
HILL_CLIMBING,list_pattern,sorted_unique,15,True,True,"[[9, 11]]",0.0,sorted_unique,10,11,2.6166002498939633e-05
HILL_CLIMBING,list_pattern,sorted_unique,16,True,True,"[[-9, 13]]",0.0,sorted_unique,28,29,8.270799298770726e-05
HILL_CLIMBING,list_pattern,sorted_unique,17,True,True,"[[9, 13]]",0.0,sorted_unique,41,42,0.0001101250090869
HILL_CLIMBING,list_pattern,sorted_unique,18,True,True,"[[11, 14]]",0.0,sorted_unique,2,3,1.0791001841425896e-05
HILL_CLIMBING,list_pattern,sorted_unique,19,True,True,"[[6, 15]]",0.0,sorted_unique,5,6,1.579101081006229e-05
HILL_CLIMBING,list_pattern,sorted_unique,20,True,True,"[[-16, 11, 19]]",0.0,sorted_unique,16,17,6.312500045169145e-05
HILL_CLIMBING,list_pattern,sorted_unique,21,True,True,"[[-17, -5, 18]]",0.0,sorted_unique,1,2,9.500014130026102e-06
HILL_CLIMBING,list_pattern,sorted_unique,22,True,True,"[[-10, -7]]",0.0,sorted_unique,1,2,8.000002708286047e-06
HILL_CLIMBING,list_pattern,sorted_unique,23,True,True,"[[15, 16]]",0.0,sorted_unique,49,50,9.062500612344591e-05
HILL_CLIMBING,list_pattern,sorted_unique,24,True,True,"[[-3, 11]]",0.0,sorted_unique,12,13,4.429099499247968e-05
HILL_CLIMBING,list_pattern,sorted_unique,25,True,True,"[[3, 11]]",0.0,sorted_unique,3,4,1.3374999980442226e-05
HILL_CLIMBING,list_pattern,sorted_unique,26,True,True,"[[-11, 8, 19]]",0.0,sorted_unique,6,7,5.079200491309166e-05
HILL_CLIMBING,list_pattern,sorted_unique,27,True,True,"[[-18, -5, 9]]",0.0,sorted_unique,8,9,2.733300789259374e-05
HILL_CLIMBING,list_pattern,sorted_unique,28,True,True,"[[-11, -6, 5]]",0.0,sorted_unique,36,37,0.000117332994705
HILL_CLIMBING,list_pattern,sorted_unique,29,True,True,"[[6, 20]]",0.0,sorted_unique,20,21,6.599999323952943e-05
HILL_CLIMBING,list_pattern,sorted_with_duplicates,0,True,True,"[[-13, -4, -4]]",0.0,sorted_with_duplicates,9,10,3.1625007977709174e-05
HILL_CLIMBING,list_pattern,sorted_with_duplicates,1,True,True,"[[12, 12]]",0.0,sorted_with_duplicates,68,69,0.0001241249992744
HILL_CLIMBING,list_pattern,sorted_with_duplicates,2,True,True,"[[8, 20, 20]]",0.0,sorted_with_duplicates,16,17,3.674998879432678e-05
HILL_CLIMBING,list_pattern,sorted_with_duplicates,3,True,True,"[[10, 15, 15]]",0.0,sorted_with_duplicates,199,200,0.0003150830016238
HILL_CLIMBING,list_pattern,sorted_with_duplicates,4,True,True,"[[-12, 13, 13]]",0.0,sorted_with_duplicates,21,22,8.354199235327542e-05
HILL_CLIMBING,list_pattern,sorted_with_duplicates,5,True,True,"[[-9, 19, 19]]",0.0,sorted_with_duplicates,102,103,0.0001982079993467
HILL_CLIMBING,list_pattern,sorted_with_duplicates,6,True,True,"[[20, 20]]",0.0,sorted_with_duplicates,152,153,0.0002724160003708
HILL_CLIMBING,list_pattern,sorted_with_duplicates,7,True,True,"[[-10, -10, 15]]",0.0,sorted_with_duplicates,2,3,1.18750031106174e-05
HILL_CLIMBING,list_pattern,sorted_with_duplicates,8,True,True,"[[-6, 5, 5]]",0.0,sorted_with_duplicates,81,82,0.0001850000116974
HILL_CLIMBING,list_pattern,sorted_with_duplicates,9,True,True,"[[4, 13, 13]]",0.0,sorted_with_duplicates,71,72,0.0001332499959971
HILL_CLIMBING,list_pattern,sorted_with_duplicates,10,True,True,"[[4, 4]]",0.0,sorted_with_duplicates,28,29,7.075000030454248e-05
HILL_CLIMBING,list_pattern,sorted_with_duplicates,11,True,True,"[[15, 15]]",0.0,sorted_with_duplicates,83,84,0.0001538750075269
HILL_CLIMBING,list_pattern,sorted_with_duplicates,12,True,True,"[[20, 20]]",0.0,sorted_with_duplicates,48,49,9.691600280348212e-05
HILL_CLIMBING,list_pattern,sorted_with_duplicates,13,True,True,"[[-3, 15, 15]]",0.0,sorted_with_duplicates,4,5,1.270900247618556e-05
HILL_CLIMBING,list_pattern,sorted_with_duplicates,14,True,True,"[[13, 20, 20]]",0.0,sorted_with_duplicates,74,75,0.0001347910001641
HILL_CLIMBING,list_pattern,sorted_with_duplicates,15,True,True,"[[-6, 19, 19]]",0.0,sorted_with_duplicates,15,16,3.616699541453272e-05
HILL_CLIMBING,list_pattern,sorted_with_duplicates,16,True,True,"[[7, 7]]",0.0,sorted_with_duplicates,6,7,2.2249994799494743e-05
HILL_CLIMBING,list_pattern,sorted_with_duplicates,17,True,True,"[[1, 20, 20]]",0.0,sorted_with_duplicates,123,124,0.0002052079944405
HILL_CLIMBING,list_pattern,sorted_with_duplicates,18,True,True,"[[15, 15]]",0.0,sorted_with_duplicates,54,55,0.0001034579909173
HILL_CLIMBING,list_pattern,sorted_with_duplicates,19,True,True,"[[9, 14, 14]]",0.0,sorted_with_duplicates,38,39,8.129200432449579e-05
HILL_CLIMBING,list_pattern,sorted_with_duplicates,20,True,True,"[[3, 3]]",0.0,sorted_with_duplicates,23,24,7.379100134130567e-05
HILL_CLIMBING,list_pattern,sorted_with_duplicates,21,True,True,"[[19, 19]]",0.0,sorted_with_duplicates,27,28,7.754200487397611e-05
HILL_CLIMBING,list_pattern,sorted_with_duplicates,22,True,True,"[[-18, -6, -6, 13]]",0.0,sorted_with_duplicates,36,37,9.137499728240071e-05
HILL_CLIMBING,list_pattern,sorted_with_duplicates,23,True,True,"[[-16, -16]]",0.0,sorted_with_duplicates,0,1,3.7909921957179904e-06
HILL_CLIMBING,list_pattern,sorted_with_duplicates,24,True,True,"[[20, 20]]",0.0,sorted_with_duplicates,23,24,6.437499541789293e-05
HILL_CLIMBING,list_pattern,sorted_with_duplicates,25,True,True,"[[10, 14, 14]]",0.0,sorted_with_duplicates,29,30,7.191699114628136e-05
HILL_CLIMBING,list_pattern,sorted_with_duplicates,26,True,True,"[[-4, 19, 19, 20]]",0.0,sorted_with_duplicates,19,20,5.533300281967968e-05
HILL_CLIMBING,list_pattern,sorted_with_duplicates,27,True,True,"[[0, 12, 12]]",0.0,sorted_with_duplicates,33,34,0.0001073750026989
HILL_CLIMBING,list_pattern,sorted_with_duplicates,28,True,True,"[[-12, -12]]",0.0,sorted_with_duplicates,1,2,8.333998266607523e-06
HILL_CLIMBING,list_pattern,sorted_with_duplicates,29,True,True,"[[11, 11]]",0.0,sorted_with_duplicates,21,22,5.7792000006884336e-05
HILL_CLIMBING,list_pattern,too_short,0,True,True,[[16]],0.0,too_short,25,26,0.0001019169867504
HILL_CLIMBING,list_pattern,too_short,1,True,True,[[-11]],0.0,too_short,4,5,2.008400042541325e-05
HILL_CLIMBING,list_pattern,too_short,2,True,True,[[2]],0.0,too_short,15,16,4.045799141749739e-05
HILL_CLIMBING,list_pattern,too_short,3,True,True,[[12]],0.0,too_short,14,15,5.3791009122505784e-05
HILL_CLIMBING,list_pattern,too_short,4,True,True,[[-2]],0.0,too_short,19,20,6.870899233035743e-05
HILL_CLIMBING,list_pattern,too_short,5,True,True,[[6]],0.0,too_short,16,17,5.233399861026555e-05
HILL_CLIMBING,list_pattern,too_short,6,True,True,[[-11]],0.0,too_short,23,24,8.074998913798481e-05
HILL_CLIMBING,list_pattern,too_short,7,True,True,[[-15]],0.0,too_short,2,3,8.999995770864189e-06
HILL_CLIMBING,list_pattern,too_short,8,True,True,[[1]],0.0,too_short,3,4,1.7333004507236183e-05
HILL_CLIMBING,list_pattern,too_short,9,True,True,[[-4]],0.0,too_short,6,7,2.2082997020334005e-05
HILL_CLIMBING,list_pattern,too_short,10,True,True,[[-1]],0.0,too_short,29,30,8.199999865610152e-05
HILL_CLIMBING,list_pattern,too_short,11,True,True,[[]],0.0,too_short,0,1,3.4580007195472717e-06
HILL_CLIMBING,list_pattern,too_short,12,True,True,[[20]],0.0,too_short,19,20,6.19169877609238e-05
HILL_CLIMBING,list_pattern,too_short,13,True,True,[[-14]],0.0,too_short,0,1,3.875000402331352e-06
HILL_CLIMBING,list_pattern,too_short,14,True,True,[[-5]],0.0,too_short,0,1,4.250003257766366e-06
HILL_CLIMBING,list_pattern,too_short,15,True,True,[[15]],0.0,too_short,17,18,6.583301001228392e-05
HILL_CLIMBING,list_pattern,too_short,16,True,True,[[1]],0.0,too_short,25,26,7.800001185387373e-05
HILL_CLIMBING,list_pattern,too_short,17,True,True,[[20]],0.0,too_short,21,22,7.0416004746221e-05
HILL_CLIMBING,list_pattern,too_short,18,True,True,[[-1]],0.0,too_short,0,1,3.374996595084667e-06
HILL_CLIMBING,list_pattern,too_short,19,True,True,[[-4]],0.0,too_short,8,9,2.7959002181887627e-05
HILL_CLIMBING,list_pattern,too_short,20,True,True,[[15]],0.0,too_short,1,2,8.125003660097718e-06
HILL_CLIMBING,list_pattern,too_short,21,True,True,[[-19]],0.0,too_short,21,22,6.145899533294141e-05
HILL_CLIMBING,list_pattern,too_short,22,True,True,[[0]],0.0,too_short,16,17,6.041600136086345e-05
HILL_CLIMBING,list_pattern,too_short,23,True,True,[[-12]],0.0,too_short,20,21,7.283400918822736e-05
HILL_CLIMBING,list_pattern,too_short,24,True,True,[[-14]],0.0,too_short,7,8,2.229100209660828e-05
HILL_CLIMBING,list_pattern,too_short,25,True,True,[[4]],0.0,too_short,13,14,4.333299875725061e-05
HILL_CLIMBING,list_pattern,too_short,26,True,True,[[1]],0.0,too_short,17,18,4.975000047124922e-05
HILL_CLIMBING,list_pattern,too_short,27,True,True,[[]],0.0,too_short,0,1,3.8330035749822855e-06
HILL_CLIMBING,list_pattern,too_short,28,True,True,[[-11]],0.0,too_short,23,24,8.487500599585474e-05
HILL_CLIMBING,list_pattern,too_short,29,True,True,[[18]],0.0,too_short,6,7,2.0499996026046578e-05
HILL_CLIMBING,list_pattern,unsorted_unique,0,True,True,"[[-3, 18, -10]]",0.0,unsorted_unique,5,6,1.7167010810226202e-05
HILL_CLIMBING,list_pattern,unsorted_unique,1,True,True,"[[9, 2, -19]]",0.0,unsorted_unique,0,1,4.832996637560427e-06
HILL_CLIMBING,list_pattern,unsorted_unique,2,True,True,"[[8, 2, -3, -20, 20, 12]]",0.0,unsorted_unique,7,8,3.675000334624201e-05
HILL_CLIMBING,list_pattern,unsorted_unique,3,True,True,"[[-1, 10, -19, -18, 17, 4]]",0.0,unsorted_unique,2,3,1.704200985841453e-05
HILL_CLIMBING,list_pattern,unsorted_unique,4,True,True,"[[10, -11, -2, 7, 20, 17, -8, -3]]",0.0,unsorted_unique,0,1,7.0829992182552814e-06
HILL_CLIMBING,list_pattern,unsorted_unique,5,True,True,"[[2, 18, 7, 0, 12]]",0.0,unsorted_unique,1,2,1.1541997082531452e-05
HILL_CLIMBING,list_pattern,unsorted_unique,6,True,True,"[[-16, 9, -1, -5, -12, -2, 5]]",0.0,unsorted_unique,0,1,6.9160014390945435e-06
HILL_CLIMBING,list_pattern,unsorted_unique,7,True,True,"[[15, -9, 2, -15, -7, 19]]",0.0,unsorted_unique,0,1,6.2920007621869445e-06
HILL_CLIMBING,list_pattern,unsorted_unique,8,True,True,"[[1, -11]]",0.0,unsorted_unique,1,2,8.084010914899409e-06
HILL_CLIMBING,list_pattern,unsorted_unique,9,True,True,"[[18, 14]]",0.0,unsorted_unique,3,4,1.2042000889778136e-05
HILL_CLIMBING,list_pattern,unsorted_unique,10,True,True,"[[7, -16]]",0.0,unsorted_unique,4,5,1.3958007912151515e-05
HILL_CLIMBING,list_pattern,unsorted_unique,11,True,True,"[[15, -4]]",0.0,unsorted_unique,0,1,4.3339969124644995e-06
HILL_CLIMBING,list_pattern,unsorted_unique,12,True,True,"[[6, -18, -10, 20, 1, -4, 4]]",0.0,unsorted_unique,0,1,6.709000444971025e-06
HILL_CLIMBING,list_pattern,unsorted_unique,13,True,True,"[[-14, 12, 13, -3]]",0.0,unsorted_unique,0,1,5.541995051316917e-06
HILL_CLIMBING,list_pattern,unsorted_unique,14,True,True,"[[19, -8, -2, -13, -15, -16]]",0.0,unsorted_unique,5,6,2.7999994927085936e-05
HILL_CLIMBING,list_pattern,unsorted_unique,15,True,True,"[[20, -11]]",0.0,unsorted_unique,2,3,1.2375006917864084e-05
HILL_CLIMBING,list_pattern,unsorted_unique,16,True,True,"[[7, 17, 3]]",0.0,unsorted_unique,0,1,4.6670029405504465e-06
HILL_CLIMBING,list_pattern,unsorted_unique,17,True,True,"[[13, 12, -6, -4, -10, 4, -13]]",0.0,unsorted_unique,0,1,6.874994141981006e-06
HILL_CLIMBING,list_pattern,unsorted_unique,18,True,True,"[[-16, 14, 19, 5, -10, 18]]",0.0,unsorted_unique,0,1,5.8340083342045546e-06
HILL_CLIMBING,list_pattern,unsorted_unique,19,True,True,"[[10, 6, -20, 15, 16, -10, 20, 3]]",0.0,unsorted_unique,5,6,3.0750001315027475e-05
HILL_CLIMBING,list_pattern,unsorted_unique,20,True,True,"[[-9, -10, 14, -3, -13]]",0.0,unsorted_unique,9,10,4.499999340623617e-05
HILL_CLIMBING,list_pattern,unsorted_unique,21,True,True,"[[3, -17]]",0.0,unsorted_unique,2,3,1.60830095410347e-05
HILL_CLIMBING,list_pattern,unsorted_unique,22,True,True,"[[2, -5, 10]]",0.0,unsorted_unique,0,1,4.792003892362118e-06
HILL_CLIMBING,list_pattern,unsorted_unique,23,True,True,"[[-20, 12, 9]]",0.0,unsorted_unique,1,2,9.208000847138464e-06
HILL_CLIMBING,list_pattern,unsorted_unique,24,True,True,"[[1, -11, 19]]",0.0,unsorted_unique,0,1,4.8340007197111845e-06
HILL_CLIMBING,list_pattern,unsorted_unique,25,True,True,"[[20, -5, -8, 13, 14, -9, -20]]",0.0,unsorted_unique,0,1,6.6250067902728915e-06
HILL_CLIMBING,list_pattern,unsorted_unique,26,True,True,"[[-9, 16, 14, -4, -15]]",0.0,unsorted_unique,0,1,5.6249991757795215e-06
HILL_CLIMBING,list_pattern,unsorted_unique,27,True,True,"[[14, 19, 0]]",0.0,unsorted_unique,14,15,4.158299998380244e-05
HILL_CLIMBING,list_pattern,unsorted_unique,28,True,True,"[[-9, 3, -13, 16, -3, -12]]",0.0,unsorted_unique,0,1,6.624992238357663e-06
HILL_CLIMBING,list_pattern,unsorted_unique,29,True,True,"[[0, -12, -6, 13]]",0.0,unsorted_unique,0,1,5.292007699608803e-06
HILL_CLIMBING,list_pattern,unsorted_with_duplicates,0,True,True,"[[7, -3, -17, -5, -5]]",0.0,unsorted_with_duplicates,6,7,2.9332994017750025e-05
HILL_CLIMBING,list_pattern,unsorted_with_duplicates,1,True,True,"[[8, 2, 2]]",0.0,unsorted_with_duplicates,1,2,9.583993232809007e-06
HILL_CLIMBING,list_pattern,unsorted_with_duplicates,2,True,True,"[[12, 11, 12]]",0.0,unsorted_with_duplicates,24,25,7.350000669248402e-05
HILL_CLIMBING,list_pattern,unsorted_with_duplicates,3,True,True,"[[-11, -1, 14, 19, -3, -5, 13, -1]]",0.0,unsorted_with_duplicates,13,14,6.00829953327775e-05
HILL_CLIMBING,list_pattern,unsorted_with_duplicates,4,True,True,"[[1, -8, 13, 10, -14, 3, 2, -8]]",0.0,unsorted_with_duplicates,7,8,3.766699228435755e-05
HILL_CLIMBING,list_pattern,unsorted_with_duplicates,5,True,True,"[[20, -11, -15, 6, 3, -19, -14, 3]]",0.0,unsorted_with_duplicates,5,6,2.816699270624667e-05
HILL_CLIMBING,list_pattern,unsorted_with_duplicates,6,True,True,"[[9, -7, 9, 6, -6, 20]]",0.0,unsorted_with_duplicates,27,28,8.904100104700774e-05
HILL_CLIMBING,list_pattern,unsorted_with_duplicates,7,True,True,"[[-12, -8, -13, 9, -9, 3, 4, 4]]",0.0,unsorted_with_duplicates,7,8,3.208398993592709e-05
HILL_CLIMBING,list_pattern,unsorted_with_duplicates,8,True,True,"[[0, -3, 13, 0, -4]]",0.0,unsorted_with_duplicates,9,10,3.3500007702969015e-05
HILL_CLIMBING,list_pattern,unsorted_with_duplicates,9,True,True,"[[-4, -9, -17, -16, 2, -17]]",0.0,unsorted_with_duplicates,32,33,8.600000001024455e-05
HILL_CLIMBING,list_pattern,unsorted_with_duplicates,10,True,True,"[[18, 11, -3, 0, 11]]",0.0,unsorted_with_duplicates,57,58,0.0001329579972662
HILL_CLIMBING,list_pattern,unsorted_with_duplicates,11,True,True,"[[-14, 3, -19, 6, -9, 13, 13]]",0.0,unsorted_with_duplicates,1,2,1.0292002116329968e-05
HILL_CLIMBING,list_pattern,unsorted_with_duplicates,12,True,True,"[[-15, -1, 19, 5, -11, -18, 2, 5]]",0.0,unsorted_with_duplicates,6,7,3.541700425557792e-05
HILL_CLIMBING,list_pattern,unsorted_with_duplicates,13,True,True,"[[12, -4, -4]]",0.0,unsorted_with_duplicates,7,8,2.566599869169295e-05
HILL_CLIMBING,list_pattern,unsorted_with_duplicates,14,True,True,"[[20, 8, -5, -11, 15, 8]]",0.0,unsorted_with_duplicates,16,17,5.679100286215544e-05
HILL_CLIMBING,list_pattern,unsorted_with_duplicates,15,True,True,"[[14, 11, 16, 19, -1, -14, 3, 19]]",0.0,unsorted_with_duplicates,22,23,6.733399641234428e-05
HILL_CLIMBING,list_pattern,unsorted_with_duplicates,16,True,True,"[[15, -13, 4, 20, 1, -20, -14, -20]]",0.0,unsorted_with_duplicates,25,26,7.870800618547946e-05
HILL_CLIMBING,list_pattern,unsorted_with_duplicates,17,True,True,"[[-2, -2, 10, 6, 12, -7, -7]]",0.0,unsorted_with_duplicates,0,1,5.708003300242126e-06
HILL_CLIMBING,list_pattern,unsorted_with_duplicates,18,True,True,"[[3, 3, 16, 2, -20, -2]]",0.0,unsorted_with_duplicates,19,20,6.299999949987978e-05
HILL_CLIMBING,list_pattern,unsorted_with_duplicates,19,True,True,"[[-16, 19, 16, -16, -15, 8]]",0.0,unsorted_with_duplicates,0,1,5.416004569269717e-06
HILL_CLIMBING,list_pattern,unsorted_with_duplicates,20,True,True,"[[0, -20, 0]]",0.0,unsorted_with_duplicates,18,19,5.6958000641316175e-05
HILL_CLIMBING,list_pattern,unsorted_with_duplicates,21,True,True,"[[-9, -15, -15]]",0.0,unsorted_with_duplicates,30,31,8.250000246334821e-05
HILL_CLIMBING,list_pattern,unsorted_with_duplicates,22,True,True,"[[-18, -9, -18]]",0.0,unsorted_with_duplicates,4,5,1.6874997527338564e-05
HILL_CLIMBING,list_pattern,unsorted_with_duplicates,23,True,True,"[[-5, 18, 9, -17, 3, 15, -17, -11]]",0.0,unsorted_with_duplicates,45,46,0.0001228330074809
HILL_CLIMBING,list_pattern,unsorted_with_duplicates,24,True,True,"[[-9, 9, 17, 16, 5, -1, -15, -15]]",0.0,unsorted_with_duplicates,11,12,5.216698627918959e-05
HILL_CLIMBING,list_pattern,unsorted_with_duplicates,25,True,True,"[[-4, -5, 4, -4]]",0.0,unsorted_with_duplicates,16,17,5.9124999097548425e-05
HILL_CLIMBING,list_pattern,unsorted_with_duplicates,26,True,True,"[[18, 14, 18]]",0.0,unsorted_with_duplicates,58,59,0.0001491250004619
HILL_CLIMBING,list_pattern,unsorted_with_duplicates,27,True,True,"[[-1, -18, 5, 5]]",0.0,unsorted_with_duplicates,41,42,0.0001223339932039
HILL_CLIMBING,list_pattern,unsorted_with_duplicates,28,True,True,"[[17, 0, 9, -12, 16, 16]]",0.0,unsorted_with_duplicates,28,29,8.14589875517413e-05
HILL_CLIMBING,list_pattern,unsorted_with_duplicates,29,True,True,"[[-12, -18, 12, 11, 9, -11, -18, -14]]",0.0,unsorted_with_duplicates,0,1,6.1250029830262065e-06
HILL_CLIMBING,number_kind,even,0,True,True,[2016],0.0,even,0,1,3.0420051189139485e-06
HILL_CLIMBING,number_kind,even,1,True,True,[2818],0.0,even,0,1,2.7919886633753777e-06
HILL_CLIMBING,number_kind,even,2,True,True,[2202],0.0,even,1,2,5.125009920448065e-06
HILL_CLIMBING,number_kind,even,3,True,True,[1404],0.0,even,0,1,2.5830086087808013e-06
HILL_CLIMBING,number_kind,even,4,True,True,[2376],0.0,even,0,1,2.6670022634789348e-06
HILL_CLIMBING,number_kind,even,5,True,True,[1642],0.0,even,1,2,5.4580013966187835e-06
HILL_CLIMBING,number_kind,even,6,True,True,[942],0.0,even,0,1,2.625005436129868e-06
HILL_CLIMBING,number_kind,even,7,True,True,[942],0.0,even,0,1,2.4999899324029684e-06
HILL_CLIMBING,number_kind,even,8,True,True,[2226],0.0,even,1,2,4.2909960029646754e-06
HILL_CLIMBING,number_kind,even,9,True,True,[724],0.0,even,0,1,2.5839981390163302e-06
HILL_CLIMBING,number_kind,even,10,True,True,[1140],0.0,even,0,1,2.5000044843181968e-06
HILL_CLIMBING,number_kind,even,11,True,True,[2370],0.0,even,1,2,4.874993464909494e-06
HILL_CLIMBING,number_kind,even,12,True,True,[1910],0.0,even,1,2,4.959001671522856e-06
HILL_CLIMBING,number_kind,even,13,True,True,[-372],0.0,even,0,1,2.5839981390163302e-06
HILL_CLIMBING,number_kind,even,14,True,True,[-422],0.0,even,0,1,2.5410117814317346e-06
HILL_CLIMBING,number_kind,even,15,True,True,[218],0.0,even,0,1,2.707995008677244e-06
HILL_CLIMBING,number_kind,even,16,True,True,[-426],0.0,even,2,3,6.791990017518401e-06
HILL_CLIMBING,number_kind,even,17,True,True,[2284],0.0,even,0,1,2.749991836026311e-06
HILL_CLIMBING,number_kind,even,18,True,True,[2194],0.0,even,0,1,2.2500025806948543e-06
HILL_CLIMBING,number_kind,even,19,True,True,[2436],0.0,even,1,2,4.292000085115433e-06
HILL_CLIMBING,number_kind,even,20,True,True,[120],0.0,even,1,2,4.540997906588018e-06
HILL_CLIMBING,number_kind,even,21,True,True,[2262],0.0,even,0,1,2.5839981390163302e-06
HILL_CLIMBING,number_kind,even,22,True,True,[-90],0.0,even,1,2,4.750007065013051e-06
HILL_CLIMBING,number_kind,even,23,True,True,[2626],0.0,even,0,1,2.582994056865573e-06
HILL_CLIMBING,number_kind,even,24,True,True,[1910],0.0,even,0,1,2.5000044843181968e-06
HILL_CLIMBING,number_kind,even,25,True,True,[2994],0.0,even,2,3,5.457986844703555e-06
HILL_CLIMBING,number_kind,even,26,True,True,[2326],0.0,even,0,1,2.625005436129868e-06
HILL_CLIMBING,number_kind,even,27,True,True,[2594],0.0,even,0,1,2.6670022634789348e-06
HILL_CLIMBING,number_kind,even,28,True,True,[1866],0.0,even,1,2,6.791000487282872e-06
HILL_CLIMBING,number_kind,even,29,True,True,[874],0.0,even,0,1,2.959000994451344e-06
HILL_CLIMBING,number_kind,odd,0,True,True,[1775],0.0,odd,1,2,5.542009603232145e-06
HILL_CLIMBING,number_kind,odd,1,True,True,[1503],0.0,odd,0,1,2.5420013116672635e-06
HILL_CLIMBING,number_kind,odd,2,True,True,[2229],0.0,odd,0,1,2.374988980591297e-06
HILL_CLIMBING,number_kind,odd,3,True,True,[1443],0.0,odd,0,1,2.4590117391198874e-06
HILL_CLIMBING,number_kind,odd,4,True,True,[1863],0.0,odd,0,1,2.6670022634789348e-06
HILL_CLIMBING,number_kind,odd,5,True,True,[2587],0.0,odd,0,1,2.4590117391198874e-06
HILL_CLIMBING,number_kind,odd,6,True,True,[1485],0.0,odd,1,2,4.959001671522856e-06
HILL_CLIMBING,number_kind,odd,7,True,True,[167],0.0,odd,0,1,2.125001628883183e-06
HILL_CLIMBING,number_kind,odd,8,True,True,[1241],0.0,odd,0,1,2.3750035325065255e-06
HILL_CLIMBING,number_kind,odd,9,True,True,[841],0.0,odd,1,2,4.707995685748756e-06
HILL_CLIMBING,number_kind,odd,10,True,True,[211],0.0,odd,0,1,2.3329921532422304e-06
HILL_CLIMBING,number_kind,odd,11,True,True,[1535],0.0,odd,3,4,8.207993232645094e-06
HILL_CLIMBING,number_kind,odd,12,True,True,[1137],0.0,odd,0,1,2.5830086087808013e-06
HILL_CLIMBING,number_kind,odd,13,True,True,[1991],0.0,odd,0,1,2.3750035325065255e-06
HILL_CLIMBING,number_kind,odd,14,True,True,[2501],0.0,odd,2,3,6.6250067902728915e-06
HILL_CLIMBING,number_kind,odd,15,True,True,[-135],0.0,odd,2,3,5.166992195881903e-06
HILL_CLIMBING,number_kind,odd,16,True,True,[1785],0.0,odd,0,1,2.5000044843181968e-06
HILL_CLIMBING,number_kind,odd,17,True,True,[901],0.0,odd,0,1,2.4170003598555923e-06
HILL_CLIMBING,number_kind,odd,18,True,True,[2013],0.0,odd,0,1,2.4999899324029684e-06
HILL_CLIMBING,number_kind,odd,19,True,True,[-347],0.0,odd,0,1,2.4170003598555923e-06
HILL_CLIMBING,number_kind,odd,20,True,True,[2285],0.0,odd,0,1,2.5839981390163302e-06
HILL_CLIMBING,number_kind,odd,21,True,True,[2145],0.0,odd,0,1,2.4999899324029684e-06
HILL_CLIMBING,number_kind,odd,22,True,True,[317],0.0,odd,0,1,2.582994056865573e-06
HILL_CLIMBING,number_kind,odd,23,True,True,[1899],0.0,odd,0,1,2.4579931050539017e-06
HILL_CLIMBING,number_kind,odd,24,True,True,[743],0.0,odd,0,1,2.4170003598555923e-06
HILL_CLIMBING,number_kind,odd,25,True,True,[2481],0.0,odd,0,1,2.707995008677244e-06
HILL_CLIMBING,number_kind,odd,26,True,True,[-39],0.0,odd,2,3,6.665999535471201e-06
HILL_CLIMBING,number_kind,odd,27,True,True,[2975],0.0,odd,2,3,6.2920007621869445e-06
HILL_CLIMBING,number_kind,odd,28,True,True,[831],0.0,odd,0,1,2.5000044843181968e-06
HILL_CLIMBING,number_kind,odd,29,True,True,[2539],0.0,odd,1,2,5.084002623334527e-06
HILL_CLIMBING,number_kind,zero,0,True,True,[0],0.0,zero,121,122,0.000146708000102
HILL_CLIMBING,number_kind,zero,1,True,True,[0],0.0,zero,68,69,7.654201181139797e-05
HILL_CLIMBING,number_kind,zero,2,True,True,[0],0.0,zero,72,73,9.770799078978598e-05
HILL_CLIMBING,number_kind,zero,3,True,True,[0],0.0,zero,127,128,0.00014808299602
HILL_CLIMBING,number_kind,zero,4,True,True,[0],0.0,zero,175,176,0.0001931250008055
HILL_CLIMBING,number_kind,zero,5,True,True,[0],0.0,zero,25,26,4.041699867229909e-05
HILL_CLIMBING,number_kind,zero,6,True,True,[0],0.0,zero,55,56,7.774999539833516e-05
HILL_CLIMBING,number_kind,zero,7,True,True,[0],0.0,zero,126,127,0.0001482079969719
HILL_CLIMBING,number_kind,zero,8,True,True,[0],0.0,zero,59,60,7.73330102674663e-05
HILL_CLIMBING,number_kind,zero,9,True,True,[0],0.0,zero,74,75,8.179098949767649e-05
HILL_CLIMBING,number_kind,zero,10,True,True,[0],0.0,zero,58,59,7.958301284816116e-05
HILL_CLIMBING,number_kind,zero,11,True,True,[0],0.0,zero,83,84,9.96670132735744e-05
HILL_CLIMBING,number_kind,zero,12,True,True,[0],0.0,zero,109,110,0.0001218749966938
HILL_CLIMBING,number_kind,zero,13,True,True,[0],0.0,zero,89,90,9.833299554884434e-05
HILL_CLIMBING,number_kind,zero,14,True,True,[0],0.0,zero,120,121,0.0001345419877907
HILL_CLIMBING,number_kind,zero,15,True,True,[0],0.0,zero,60,61,7.237499812617898e-05
HILL_CLIMBING,number_kind,zero,16,True,True,[0],0.0,zero,60,61,8.116700337268412e-05
HILL_CLIMBING,number_kind,zero,17,True,True,[0],0.0,zero,97,98,0.0001067499979399
HILL_CLIMBING,number_kind,zero,18,True,True,[0],0.0,zero,170,171,0.0001777080033207
HILL_CLIMBING,number_kind,zero,19,True,True,[0],0.0,zero,71,72,9.537499863654376e-05
HILL_CLIMBING,number_kind,zero,20,True,True,[0],0.0,zero,37,38,4.4666987378150225e-05
HILL_CLIMBING,number_kind,zero,21,True,True,[0],0.0,zero,28,29,3.241600643377751e-05
HILL_CLIMBING,number_kind,zero,22,True,True,[0],0.0,zero,108,109,0.0001301250013057
HILL_CLIMBING,number_kind,zero,23,True,True,[0],0.0,zero,40,41,5.841700476594269e-05
HILL_CLIMBING,number_kind,zero,24,True,True,[0],0.0,zero,69,70,7.862498750910163e-05
HILL_CLIMBING,number_kind,zero,25,True,True,[0],0.0,zero,39,40,4.295799590181559e-05
HILL_CLIMBING,number_kind,zero,26,True,True,[0],0.0,zero,76,77,9.20409947866574e-05
HILL_CLIMBING,number_kind,zero,27,True,True,[0],0.0,zero,53,54,6.437500996980816e-05
HILL_CLIMBING,number_kind,zero,28,True,True,[0],0.0,zero,117,118,0.0001414169964846
HILL_CLIMBING,number_kind,zero,29,True,True,[0],0.0,zero,106,107,0.0001224169973284
HILL_CLIMBING,password_strength,medium,0,True,True,['vneltrBAW'],0.0,medium,9,10,2.912498894147575e-05
HILL_CLIMBING,password_strength,medium,1,True,True,['3jmLcI8Ii'],0.0,medium,24,25,5.908298771828413e-05
HILL_CLIMBING,password_strength,medium,2,True,True,['sqjcHDCWgC'],0.0,medium,180,181,0.0003702499961946
HILL_CLIMBING,password_strength,medium,3,True,True,['fuOIYa'],0.0,medium,13,14,3.2625001040287316e-05
HILL_CLIMBING,password_strength,medium,4,True,True,['MsYCCYDvFP'],0.0,medium,115,116,0.0002409589942544
HILL_CLIMBING,password_strength,medium,5,True,True,['rVESHu'],0.0,medium,1,2,7.582988473586738e-06
HILL_CLIMBING,password_strength,medium,6,True,True,['n0gc0PgfW'],0.0,medium,19,20,4.9708993174135685e-05
HILL_CLIMBING,password_strength,medium,7,True,True,['6bzR1nwh8'],0.0,medium,48,49,0.0001145410060416
HILL_CLIMBING,password_strength,medium,8,True,True,['rPqWGimqv'],0.0,medium,0,1,4.250003257766366e-06
HILL_CLIMBING,password_strength,medium,9,True,True,['XyQBbFXArO'],0.0,medium,89,90,0.0002046669978881
HILL_CLIMBING,password_strength,medium,10,True,True,['RM67czgLF'],0.0,medium,66,67,0.0001442499924451
HILL_CLIMBING,password_strength,medium,11,True,True,['OmHAgD'],0.0,medium,2,3,8.000002708286047e-06
HILL_CLIMBING,password_strength,medium,12,True,True,['sYVZWskQ7'],0.0,medium,0,1,4.3339969124644995e-06
HILL_CLIMBING,password_strength,medium,13,True,True,['sIBfPF'],0.0,medium,6,7,1.6624995623715222e-05
HILL_CLIMBING,password_strength,medium,14,True,True,['Fej085Vrl'],0.0,medium,244,245,0.0005676669970853
HILL_CLIMBING,password_strength,medium,15,True,True,['Rfghhz'],0.0,medium,4,5,1.9291997887194157e-05
HILL_CLIMBING,password_strength,medium,16,True,True,['dEuOAV'],0.0,medium,3,4,1.4667006325908004e-05
HILL_CLIMBING,password_strength,medium,17,True,True,['6sQqGvKhj'],0.0,medium,3,4,1.4124991139397023e-05
HILL_CLIMBING,password_strength,medium,18,True,True,['kFgxwlrmUrDx'],0.0,medium,13,14,3.929100057575852e-05
HILL_CLIMBING,password_strength,medium,19,True,True,['xIzpuiQYnKoPn'],0.0,medium,112,113,0.0002481250121491
HILL_CLIMBING,password_strength,medium,20,True,True,['TFQDjM'],0.0,medium,8,9,2.2958003683015704e-05
HILL_CLIMBING,password_strength,medium,21,True,True,['Y4fOZRErw'],0.0,medium,16,17,4.054199962411076e-05
HILL_CLIMBING,password_strength,medium,22,True,True,['kPR0TAtpS'],0.0,medium,127,128,0.0002793749881675
HILL_CLIMBING,password_strength,medium,23,True,True,['MG33Cc'],0.0,medium,6,7,1.7541999113745987e-05
HILL_CLIMBING,password_strength,medium,24,True,True,['1QAN2I5G4'],0.0,medium,0,1,5.1249953685328364e-06
HILL_CLIMBING,password_strength,medium,25,True,True,['c3hDBs'],0.0,medium,15,16,4.104200343135744e-05
HILL_CLIMBING,password_strength,medium,26,True,True,['3GOwDc'],0.0,medium,0,1,3.834007657133043e-06
HILL_CLIMBING,password_strength,medium,27,True,True,['nQc62J6nG'],0.0,medium,0,1,5.207999492995441e-06
HILL_CLIMBING,password_strength,medium,28,True,True,['HylkFCkRmIvumPK'],0.0,medium,156,157,0.0003250840090913
HILL_CLIMBING,password_strength,medium,29,True,True,['dOy6WP4Wj'],0.0,medium,364,365,0.0007621249969815
HILL_CLIMBING,password_strength,strong,0,True,True,['3lrHrYlAOO'],0.0,strong,26,27,6.441700679715723e-05
HILL_CLIMBING,password_strength,strong,1,True,True,['1jfVtN0V8RPRSKz'],0.0,strong,0,1,4.62500611320138e-06
HILL_CLIMBING,password_strength,strong,2,True,True,['CLtqDDAAQ2'],0.0,strong,13,14,3.729200398083776e-05
HILL_CLIMBING,password_strength,strong,3,True,True,['7uJ1S2Jp3rUkBOi36uMh'],0.0,strong,0,1,6.542002665810287e-06
HILL_CLIMBING,password_strength,strong,4,True,True,['ZBX82d7tVZkQEs2'],0.0,strong,0,1,5.708003300242126e-06
HILL_CLIMBING,password_strength,strong,5,True,True,['ZTKcEC6xFm'],0.0,strong,34,35,7.570801244582981e-05
HILL_CLIMBING,password_strength,strong,6,True,True,['o3RjucEeBQ'],0.0,strong,20,21,4.9000009312294424e-05
HILL_CLIMBING,password_strength,strong,7,True,True,['G1rQZKDU6MqBCl6N'],0.0,strong,0,1,5.874986527487636e-06
HILL_CLIMBING,password_strength,strong,8,True,True,['dfc2444A0RkAU'],0.0,strong,0,1,5.541995051316917e-06
HILL_CLIMBING,password_strength,strong,9,True,True,['1CxCYvCSXE'],0.0,strong,18,19,4.66250057797879e-05
HILL_CLIMBING,password_strength,strong,10,True,True,['7wYqoyKDjO'],0.0,strong,11,12,2.8167007258161902e-05
HILL_CLIMBING,password_strength,strong,11,True,True,['JPtE9o9oCO'],0.0,strong,12,13,3.358398680575192e-05
HILL_CLIMBING,password_strength,strong,12,True,True,['Z9PL42jLH0'],0.0,strong,4,5,1.083400275092572e-05
HILL_CLIMBING,password_strength,strong,13,True,True,['5lNG4Q5Sm9'],0.0,strong,0,1,4.8340007197111845e-06
HILL_CLIMBING,password_strength,strong,14,True,True,['47KtHlN1Ks'],0.0,strong,13,14,3.545799700077623e-05
HILL_CLIMBING,password_strength,strong,15,True,True,['oVSkQp0wCON'],0.0,strong,33,34,7.875000301282853e-05
HILL_CLIMBING,password_strength,strong,16,True,True,['jWBXDtdx6BObhlK'],0.0,strong,0,1,4.8340007197111845e-06
HILL_CLIMBING,password_strength,strong,17,True,True,['sliB9LBTq4'],0.0,strong,11,12,3.329200262669474e-05
HILL_CLIMBING,password_strength,strong,18,True,True,['n2aRMnHefJ'],0.0,strong,32,33,7.04589911038056e-05
HILL_CLIMBING,password_strength,strong,19,True,True,['sRGSAHUNOg2p1PGZ'],0.0,strong,0,1,4.959001671522856e-06
HILL_CLIMBING,password_strength,strong,20,True,True,['9k2kTyOg6b'],0.0,strong,4,5,1.575000351294875e-05
HILL_CLIMBING,password_strength,strong,21,True,True,['X87iXlhdwRisgw'],0.0,strong,0,1,5.583002348430455e-06
HILL_CLIMBING,password_strength,strong,22,True,True,['isYePrhfrvU4miMeW'],0.0,strong,0,1,6.166999810375273e-06
HILL_CLIMBING,password_strength,strong,23,True,True,['w7Mo6Nfn26'],0.0,strong,22,23,5.787500413134694e-05
HILL_CLIMBING,password_strength,strong,24,True,True,['8f8lnpTpmV'],0.0,strong,11,12,2.950000634882599e-05
HILL_CLIMBING,password_strength,strong,25,True,True,['yfYV5xVkJV'],0.0,strong,3,4,1.3625001884065568e-05
HILL_CLIMBING,password_strength,strong,26,True,True,['NuT3oFx4Yr'],0.0,strong,31,32,6.983299681451172e-05
HILL_CLIMBING,password_strength,strong,27,True,True,['2MozsJ2gbrV'],0.0,strong,0,1,4.208995960652828e-06
HILL_CLIMBING,password_strength,strong,28,True,True,['sP57dvY0bqZxt8ClQ2lF'],0.0,strong,0,1,6.2920007621869445e-06
HILL_CLIMBING,password_strength,strong,29,True,True,['2JosZ2KG5F'],0.0,strong,29,30,6.095798744354397e-05
HILL_CLIMBING,password_strength,weak_no_digit_upper,0,True,True,['yodwpzk'],0.0,weak_no_digit_upper,601,602,0.0011484999995445
HILL_CLIMBING,password_strength,weak_no_digit_upper,1,True,True,['dfdypmou'],0.0,weak_no_digit_upper,1423,1424,0.0029245420009829
HILL_CLIMBING,password_strength,weak_no_digit_upper,2,True,True,['blphyaxv'],0.0,weak_no_digit_upper,1009,1010,0.0020722920016851
HILL_CLIMBING,password_strength,weak_no_digit_upper,3,True,True,['okwlhfc'],0.0,weak_no_digit_upper,1088,1089,0.0020821250072913
HILL_CLIMBING,password_strength,weak_no_digit_upper,4,True,True,['pckwbh'],0.0,weak_no_digit_upper,40,41,9.004100866150111e-05
HILL_CLIMBING,password_strength,weak_no_digit_upper,5,True,True,['plxcfifl'],0.0,weak_no_digit_upper,615,616,0.0012068749929312
HILL_CLIMBING,password_strength,weak_no_digit_upper,6,True,True,['zorkhodw'],0.0,weak_no_digit_upper,247,248,0.0004874579899478
HILL_CLIMBING,password_strength,weak_no_digit_upper,7,True,True,['hslybrl'],0.0,weak_no_digit_upper,394,395,0.000738957998692
HILL_CLIMBING,password_strength,weak_no_digit_upper,8,True,True,['bqlrca'],0.0,weak_no_digit_upper,362,363,0.0006890419899718
HILL_CLIMBING,password_strength,weak_no_digit_upper,9,True,True,['tugpwb'],0.0,weak_no_digit_upper,19,20,4.2333005694672465e-05
HILL_CLIMBING,password_strength,weak_no_digit_upper,10,True,True,['zgnkad'],0.0,weak_no_digit_upper,349,350,0.0007206669979495
HILL_CLIMBING,password_strength,weak_no_digit_upper,11,True,True,['cxiezfh'],0.0,weak_no_digit_upper,327,328,0.0006188750121509
HILL_CLIMBING,password_strength,weak_no_digit_upper,12,True,True,['vkefolve'],0.0,weak_no_digit_upper,1874,1875,0.0035990829928778
HILL_CLIMBING,password_strength,weak_no_digit_upper,13,True,True,['synuled'],0.0,weak_no_digit_upper,69,70,0.0001401659974362
HILL_CLIMBING,password_strength,weak_no_digit_upper,14,True,True,['rvgnljn'],0.0,weak_no_digit_upper,968,969,0.0019213750056223
HILL_CLIMBING,password_strength,weak_no_digit_upper,15,True,True,['arisjn'],0.0,weak_no_digit_upper,386,387,0.0007362089963862
HILL_CLIMBING,password_strength,weak_no_digit_upper,16,True,True,['pabvhq'],0.0,weak_no_digit_upper,1763,1764,0.0034070830006385
HILL_CLIMBING,password_strength,weak_no_digit_upper,17,True,True,['zncctr'],0.0,weak_no_digit_upper,132,133,0.0002609999937703
HILL_CLIMBING,password_strength,weak_no_digit_upper,18,True,True,['jortwxo'],0.0,weak_no_digit_upper,1676,1677,0.003164875000948
HILL_CLIMBING,password_strength,weak_no_digit_upper,19,True,True,['ijpwrv'],0.0,weak_no_digit_upper,177,178,0.0003444999892963
HILL_CLIMBING,password_strength,weak_no_digit_upper,20,True,True,['lzrgba'],0.0,weak_no_digit_upper,396,397,0.0007814999989932
HILL_CLIMBING,password_strength,weak_no_digit_upper,21,True,True,['jqhaqxh'],0.0,weak_no_digit_upper,319,320,0.0005960830021649
HILL_CLIMBING,password_strength,weak_no_digit_upper,22,True,True,['fgjyho'],0.0,weak_no_digit_upper,1095,1096,0.002145541991922
HILL_CLIMBING,password_strength,weak_no_digit_upper,23,True,True,['fcksya'],0.0,weak_no_digit_upper,585,586,0.0011177499982295
HILL_CLIMBING,password_strength,weak_no_digit_upper,24,True,True,['plyapkt'],0.0,weak_no_digit_upper,327,328,0.0006184579979162
HILL_CLIMBING,password_strength,weak_no_digit_upper,25,True,True,['mdzgfj'],0.0,weak_no_digit_upper,3696,3698,0.0072665420011617
HILL_CLIMBING,password_strength,weak_no_digit_upper,26,True,True,['jigwvli'],0.0,weak_no_digit_upper,131,132,0.0002700420009205
HILL_CLIMBING,password_strength,weak_no_digit_upper,27,True,True,['dejfdai'],0.0,weak_no_digit_upper,450,451,0.0009098749869735
HILL_CLIMBING,password_strength,weak_no_digit_upper,28,True,True,['urpftx'],0.0,weak_no_digit_upper,375,376,0.0007614159985678
HILL_CLIMBING,password_strength,weak_no_digit_upper,29,True,True,['nqspvcwqi'],0.0,weak_no_digit_upper,1671,1672,0.003289375003078
HILL_CLIMBING,password_strength,weak_short,0,True,True,['ef5Im'],0.0,weak_short,35,36,0.0001004170044325
HILL_CLIMBING,password_strength,weak_short,1,True,True,['F3425'],0.0,weak_short,13,14,3.833300434052944e-05
HILL_CLIMBING,password_strength,weak_short,2,True,True,['cGgUE'],0.0,weak_short,16,17,4.483301017899066e-05
HILL_CLIMBING,password_strength,weak_short,3,True,True,['AOjok'],0.0,weak_short,11,12,3.012499655596912e-05
HILL_CLIMBING,password_strength,weak_short,4,True,True,['tl1Eg'],0.0,weak_short,19,20,4.733300011139363e-05
HILL_CLIMBING,password_strength,weak_short,5,True,True,['2hytN'],0.0,weak_short,19,20,5.00839960295707e-05
HILL_CLIMBING,password_strength,weak_short,6,True,True,['5fQSB'],0.0,weak_short,19,20,5.216599674895406e-05
HILL_CLIMBING,password_strength,weak_short,7,True,True,['vtvOM'],0.0,weak_short,26,27,6.754200148861855e-05
HILL_CLIMBING,password_strength,weak_short,8,True,True,['1iri2'],0.0,weak_short,48,49,0.000102958001662
HILL_CLIMBING,password_strength,weak_short,9,True,True,['q5qbf'],0.0,weak_short,17,18,4.741699376609176e-05
HILL_CLIMBING,password_strength,weak_short,10,True,True,['BuNKi'],0.0,weak_short,9,10,2.6416993932798505e-05
HILL_CLIMBING,password_strength,weak_short,11,True,True,['J4D81'],0.0,weak_short,11,12,3.287500294391066e-05
HILL_CLIMBING,password_strength,weak_short,12,True,True,['kSof5'],0.0,weak_short,32,33,8.079200051724911e-05
HILL_CLIMBING,password_strength,weak_short,13,True,True,['MoR6L'],0.0,weak_short,3,4,9.791998309083285e-06
HILL_CLIMBING,password_strength,weak_short,14,True,True,['33'],0.0,weak_short,0,1,3.708992153406143e-06
HILL_CLIMBING,password_strength,weak_short,15,True,True,['m4DG'],0.0,weak_short,0,1,3.915993147529662e-06
HILL_CLIMBING,password_strength,weak_short,16,True,True,['BZH7N'],0.0,weak_short,45,46,0.000104624996311
HILL_CLIMBING,password_strength,weak_short,17,True,True,['1RD4'],0.0,weak_short,0,1,3.2919924706220627e-06
HILL_CLIMBING,password_strength,weak_short,18,True,True,['VrBya'],0.0,weak_short,13,14,3.770900366362184e-05
HILL_CLIMBING,password_strength,weak_short,19,True,True,['GLvmA'],0.0,weak_short,2,3,8.66700429469347e-06
HILL_CLIMBING,password_strength,weak_short,20,True,True,['pNogv'],0.0,weak_short,32,33,7.429099059663713e-05
HILL_CLIMBING,password_strength,weak_short,21,True,True,['AclPx'],0.0,weak_short,5,6,1.620799594093114e-05
HILL_CLIMBING,password_strength,weak_short,22,True,True,['TP1a9'],0.0,weak_short,47,48,9.64170030783862e-05
HILL_CLIMBING,password_strength,weak_short,23,True,True,['2tBX9'],0.0,weak_short,37,38,8.370800060220063e-05
HILL_CLIMBING,password_strength,weak_short,24,True,True,['n9z3e'],0.0,weak_short,0,1,3.4999975468963385e-06
HILL_CLIMBING,password_strength,weak_short,25,True,True,['rdp'],0.0,weak_short,0,1,3.666995326057077e-06
HILL_CLIMBING,password_strength,weak_short,26,True,True,[''],0.0,weak_short,0,1,3.708992153406143e-06
HILL_CLIMBING,password_strength,weak_short,27,True,True,[''],0.0,weak_short,0,1,3.1249946914613247e-06
HILL_CLIMBING,password_strength,weak_short,28,True,True,['Teh9O'],0.0,weak_short,23,24,6.137498712632805e-05
HILL_CLIMBING,password_strength,weak_short,29,True,True,['hy8y4'],0.0,weak_short,0,1,3.8339931052178144e-06
HILL_CLIMBING,pin_pattern,all_same,0,False,False,"[1267, 1267, 1266, 1266]",1.0,,592,8094,0.0159880829887697
HILL_CLIMBING,pin_pattern,all_same,1,False,False,"[63, 63, 62, 61]",2.0,,2766,8093,0.0160379159933654
HILL_CLIMBING,pin_pattern,all_same,2,False,False,"[2373, 2374, 2373, 2375]",4.0,,986,8094,0.0159618749894434
HILL_CLIMBING,pin_pattern,all_same,3,False,False,"[1733, 1735, 1735, 1735]",2.0,,652,8094,0.0160196249926229
HILL_CLIMBING,pin_pattern,all_same,4,False,False,"[2236, 2236, 2234, 2233]",3.0,,735,8094,0.0160783330065896
HILL_CLIMBING,pin_pattern,all_same,5,False,False,"[1944, 1946, 1946, 1946]",2.0,,1438,8093,0.01603216699732
HILL_CLIMBING,pin_pattern,all_same,6,False,False,"[990, 989, 990, 989]",3.0,,1582,8093,0.0159837499959394
HILL_CLIMBING,pin_pattern,all_same,7,False,False,"[1674, 1673, 1672, 1673]",3.0,,7407,8093,0.0152801670046756
HILL_CLIMBING,pin_pattern,all_same,8,False,False,"[2014, 2014, 2014, 2013]",1.0,,935,8094,0.015057374999742
HILL_CLIMBING,pin_pattern,all_same,9,False,False,"[2272, 2272, 2271, 2271]",1.0,,1835,8094,0.0151951250009005
HILL_CLIMBING,pin_pattern,all_same,10,False,False,"[2095, 2094, 2094, 2092]",3.0,,875,8094,0.015415749992826
HILL_CLIMBING,pin_pattern,all_same,11,True,True,"[1382, 1382, 1382, 1382]",0.0,all_same,953,954,0.0018432500073686
HILL_CLIMBING,pin_pattern,all_same,12,False,False,"[1158, 1157, 1157, 1157]",1.0,,4766,8094,0.015457832996617
HILL_CLIMBING,pin_pattern,all_same,13,False,False,"[2218, 2216, 2215, 2215]",3.0,,6465,8092,0.0155464169947663
HILL_CLIMBING,pin_pattern,all_same,14,False,False,"[1268, 1269, 1268, 1268]",2.0,,5364,8093,0.0153327089938102
HILL_CLIMBING,pin_pattern,all_same,15,False,False,"[1679, 1680, 1680, 1679]",2.0,,482,8094,0.0154438750032568
HILL_CLIMBING,pin_pattern,all_same,16,False,False,"[412, 413, 415, 415]",3.0,,5152,8093,0.0156329169985838
HILL_CLIMBING,pin_pattern,all_same,17,False,False,"[2421, 2421, 2421, 2420]",1.0,,3135,8094,0.0157725409953854
HILL_CLIMBING,pin_pattern,all_same,18,False,False,"[957, 957, 956, 956]",1.0,,3258,8093,0.015671499990276
HILL_CLIMBING,pin_pattern,all_same,19,False,False,"[2221, 2221, 2221, 2222]",1.0,,7959,8092,0.0157372919929912
HILL_CLIMBING,pin_pattern,all_same,20,True,True,"[794, 794, 794, 794]",0.0,all_same,789,790,0.0015852499927859
HILL_CLIMBING,pin_pattern,all_same,21,False,False,"[1867, 1867, 1866, 1866]",1.0,,5071,8094,0.0158328340039588
HILL_CLIMBING,pin_pattern,all_same,22,False,False,"[-131, -131, -130, -130]",1.0,,607,8094,0.0157146249985089
HILL_CLIMBING,pin_pattern,all_same,23,False,False,"[2784, 2784, 2785, 2784]",2.0,,1164,8094,0.015707458005636
HILL_CLIMBING,pin_pattern,all_same,24,False,False,"[2075, 2077, 2076, 2076]",3.0,,2045,8093,0.015747832992929
HILL_CLIMBING,pin_pattern,all_same,25,False,False,"[1821, 1821, 1820, 1820]",1.0,,6141,8092,0.0156807499879505
HILL_CLIMBING,pin_pattern,all_same,26,False,False,"[639, 639, 640, 640]",1.0,,7573,8093,0.0155942499986849
HILL_CLIMBING,pin_pattern,all_same,27,False,False,"[2658, 2658, 2658, 2657]",1.0,,5525,8093,0.0156314999912865
HILL_CLIMBING,pin_pattern,all_same,28,True,True,"[1045, 1045, 1045, 1045]",0.0,all_same,2228,2230,0.0043113749998155
HILL_CLIMBING,pin_pattern,all_same,29,False,False,"[520, 520, 518, 519]",3.0,,546,8094,0.0158760839985916
HILL_CLIMBING,pin_pattern,ordered_sum_20,0,True,True,"[-195, -151, -138, 504]",0.0,ordered_sum_20,870,871,0.0018881669966503
HILL_CLIMBING,pin_pattern,ordered_sum_20,1,True,True,"[-8, 0, 10, 18]",0.0,ordered_sum_20,671,672,0.0015124159981496
HILL_CLIMBING,pin_pattern,ordered_sum_20,2,True,True,"[-288, 94, 96, 118]",0.0,ordered_sum_20,672,673,0.0014091250050114
HILL_CLIMBING,pin_pattern,ordered_sum_20,3,True,True,"[-409, -388, 306, 511]",0.0,ordered_sum_20,513,514,0.0010820839961525
HILL_CLIMBING,pin_pattern,ordered_sum_20,4,True,True,"[-411, -401, -44, 876]",0.0,ordered_sum_20,353,354,0.0008495410002069
HILL_CLIMBING,pin_pattern,ordered_sum_20,5,True,True,"[-95, 11, 26, 78]",0.0,ordered_sum_20,283,284,0.0006864580063847
HILL_CLIMBING,pin_pattern,ordered_sum_20,6,True,True,"[-18, -2, 19, 21]",0.0,ordered_sum_20,1716,1717,0.0036640420003095
HILL_CLIMBING,pin_pattern,ordered_sum_20,7,True,True,"[-69, -50, -13, 152]",0.0,ordered_sum_20,587,588,0.0013222499983385
HILL_CLIMBING,pin_pattern,ordered_sum_20,8,True,True,"[-30, 8, 20, 22]",0.0,ordered_sum_20,546,547,0.0012193330039735
HILL_CLIMBING,pin_pattern,ordered_sum_20,9,True,True,"[-320, -243, 143, 440]",0.0,ordered_sum_20,528,529,0.001120874992921
HILL_CLIMBING,pin_pattern,ordered_sum_20,10,True,True,"[-5, -3, 7, 21]",0.0,ordered_sum_20,1513,1514,0.0032903329993132
HILL_CLIMBING,pin_pattern,ordered_sum_20,11,True,True,"[-422, -51, 30, 463]",0.0,ordered_sum_20,411,412,0.0009032919915625
HILL_CLIMBING,pin_pattern,ordered_sum_20,12,True,True,"[-389, -197, -33, 639]",0.0,ordered_sum_20,170,171,0.0003704169939737
HILL_CLIMBING,pin_pattern,ordered_sum_20,13,True,True,"[-301, -250, -14, 585]",0.0,ordered_sum_20,360,361,0.0007845000072848
HILL_CLIMBING,pin_pattern,ordered_sum_20,14,True,True,"[-408, -394, 335, 487]",0.0,ordered_sum_20,236,237,0.0005441249959403
HILL_CLIMBING,pin_pattern,ordered_sum_20,15,True,True,"[-431, -178, -173, 802]",0.0,ordered_sum_20,544,545,0.0012540410098154
HILL_CLIMBING,pin_pattern,ordered_sum_20,16,True,True,"[-378, -351, -331, 1080]",0.0,ordered_sum_20,310,311,0.0007475830061594
HILL_CLIMBING,pin_pattern,ordered_sum_20,17,True,True,"[-466, -170, 164, 492]",0.0,ordered_sum_20,455,456,0.0009626250102883
HILL_CLIMBING,pin_pattern,ordered_sum_20,18,True,True,"[-263, -239, -226, 748]",0.0,ordered_sum_20,605,606,0.0013162090035621
HILL_CLIMBING,pin_pattern,ordered_sum_20,19,True,True,"[-378, -359, 182, 575]",0.0,ordered_sum_20,416,417,0.0009563329949742
HILL_CLIMBING,pin_pattern,ordered_sum_20,20,True,True,"[-259, -64, 137, 206]",0.0,ordered_sum_20,584,585,0.0013118330098222
HILL_CLIMBING,pin_pattern,ordered_sum_20,21,True,True,"[-80, -68, -17, 185]",0.0,ordered_sum_20,240,241,0.0005455419886857
HILL_CLIMBING,pin_pattern,ordered_sum_20,22,True,True,"[-286, -229, -207, 742]",0.0,ordered_sum_20,758,759,0.0016714999946998
HILL_CLIMBING,pin_pattern,ordered_sum_20,23,True,True,"[-271, -261, -31, 583]",0.0,ordered_sum_20,381,382,0.0008674589917063
HILL_CLIMBING,pin_pattern,ordered_sum_20,24,True,True,"[-231, -27, 136, 142]",0.0,ordered_sum_20,859,860,0.0018655000021681
HILL_CLIMBING,pin_pattern,ordered_sum_20,25,True,True,"[-426, -397, -308, 1151]",0.0,ordered_sum_20,354,355,0.0007451670098816
HILL_CLIMBING,pin_pattern,ordered_sum_20,26,True,True,"[-123, 32, 54, 57]",0.0,ordered_sum_20,399,400,0.0008606670016888
HILL_CLIMBING,pin_pattern,ordered_sum_20,27,True,True,"[-474, -439, -231, 1164]",0.0,ordered_sum_20,625,626,0.0013810840027872
HILL_CLIMBING,pin_pattern,ordered_sum_20,28,True,True,"[-183, 9, 29, 165]",0.0,ordered_sum_20,1044,1046,0.002263624992338
HILL_CLIMBING,pin_pattern,ordered_sum_20,29,True,True,"[-184, -132, 17, 319]",0.0,ordered_sum_20,492,493,0.0010440420010127
HILL_CLIMBING,pin_pattern,other,0,True,True,"[454, 998, 2707, 1125]",0.0,other,0,1,5.249996320344508e-06
HILL_CLIMBING,pin_pattern,other,1,True,True,"[1835, 706, 2073, 1228]",0.0,other,0,1,5.249996320344508e-06
HILL_CLIMBING,pin_pattern,other,2,True,True,"[2112, 547, 3000, -345]",0.0,other,0,1,5.040987161919475e-06
HILL_CLIMBING,pin_pattern,other,3,True,True,"[153, 2641, 2571, 1157]",0.0,other,0,1,5.041991244070232e-06
HILL_CLIMBING,pin_pattern,other,4,True,True,"[850, 626, 874, 1975]",0.0,other,0,1,5.08299854118377e-06
HILL_CLIMBING,pin_pattern,other,5,True,True,"[379, 274, -275, 383]",0.0,other,0,1,5.249996320344508e-06
HILL_CLIMBING,pin_pattern,other,6,True,True,"[190, 2589, 2302, 2131]",0.0,other,0,1,4.8340007197111845e-06
HILL_CLIMBING,pin_pattern,other,7,True,True,"[13, 911, 1877, 2695]",0.0,other,0,1,4.999994416721165e-06
HILL_CLIMBING,pin_pattern,other,8,True,True,"[-451, 1880, 142, 2472]",0.0,other,0,1,4.999994416721165e-06
HILL_CLIMBING,pin_pattern,other,9,True,True,"[1729, 789, 2419, 486]",0.0,other,0,1,4.542001988738775e-06
HILL_CLIMBING,pin_pattern,other,10,True,True,"[762, -465, 1336, 389]",0.0,other,0,1,5.333000444807112e-06
HILL_CLIMBING,pin_pattern,other,11,True,True,"[2267, 328, 2192, 1738]",0.0,other,0,1,4.874993464909494e-06
HILL_CLIMBING,pin_pattern,other,12,True,True,"[-238, 2132, 2840, -123]",0.0,other,0,1,4.874993464909494e-06
HILL_CLIMBING,pin_pattern,other,13,True,True,"[576, 1593, 2722, 1314]",0.0,other,0,1,5.207999492995441e-06
HILL_CLIMBING,pin_pattern,other,14,True,True,"[147, 467, 1056, 2411]",0.0,other,0,1,4.917004844173789e-06
HILL_CLIMBING,pin_pattern,other,15,True,True,"[1021, 1433, 2953, -485]",0.0,other,0,1,4.292000085115433e-06
HILL_CLIMBING,pin_pattern,other,16,True,True,"[2848, 1927, 2062, 2154]",0.0,other,0,1,4.959001671522856e-06
HILL_CLIMBING,pin_pattern,other,17,True,True,"[2308, 1942, 944, 451]",0.0,other,0,1,5.374997272156179e-06
HILL_CLIMBING,pin_pattern,other,18,True,True,"[-1, 2366, 274, 698]",0.0,other,0,1,4.959001671522856e-06
HILL_CLIMBING,pin_pattern,other,19,True,True,"[301, 1801, -426, 1362]",0.0,other,0,1,5.2919931476935744e-06
HILL_CLIMBING,pin_pattern,other,20,True,True,"[1345, 1910, 1616, 1819]",0.0,other,0,1,5.041001713834703e-06
HILL_CLIMBING,pin_pattern,other,21,True,True,"[1894, 1997, 1580, 856]",0.0,other,0,1,4.999994416721165e-06
HILL_CLIMBING,pin_pattern,other,22,True,True,"[1785, 390, 2534, 919]",0.0,other,0,1,5.0000089686363935e-06
HILL_CLIMBING,pin_pattern,other,23,True,True,"[2385, 2611, 1515, 978]",0.0,other,0,1,4.832996637560427e-06
HILL_CLIMBING,pin_pattern,other,24,True,True,"[1458, 1065, 1235, -240]",0.0,other,0,1,4.874993464909494e-06
HILL_CLIMBING,pin_pattern,other,25,True,True,"[951, -160, 1384, 472]",0.0,other,0,1,4.0000013541430235e-06
HILL_CLIMBING,pin_pattern,other,26,True,True,"[2498, 1993, 253, 2637]",0.0,other,0,1,5.08299854118377e-06
HILL_CLIMBING,pin_pattern,other,27,True,True,"[48, 832, 693, -252]",0.0,other,0,1,5.0000089686363935e-06
HILL_CLIMBING,pin_pattern,other,28,True,True,"[-197, 1024, 343, -207]",0.0,other,0,1,5.166002665646374e-06
HILL_CLIMBING,pin_pattern,other,29,True,True,"[218, 1448, 1438, 692]",0.0,other,0,1,5.08299854118377e-06
HILL_CLIMBING,pin_pattern,secret_pin,0,False,False,"[8, 4, 11, 1]",4.0,,760,8094,0.015237875006278
HILL_CLIMBING,pin_pattern,secret_pin,1,False,False,"[6, 0, 10, 1]",5.0,,1006,8093,0.0152542080031707
HILL_CLIMBING,pin_pattern,secret_pin,2,False,False,"[8, 0, 9, 1]",4.0,,4929,8093,0.015434417000506
HILL_CLIMBING,pin_pattern,secret_pin,3,False,False,"[8, 3, 8, 1]",2.0,,627,8094,0.0151632499910192
HILL_CLIMBING,pin_pattern,secret_pin,4,False,False,"[7, 3, 8, 2]",2.0,,2585,8093,0.0152532089996384
HILL_CLIMBING,pin_pattern,secret_pin,5,False,False,"[6, 4, 11, 1]",4.0,,706,8094,0.0151988750003511
HILL_CLIMBING,pin_pattern,secret_pin,6,False,False,"[6, 1, 9, 0]",4.0,,3016,8093,0.0151324999897042
HILL_CLIMBING,pin_pattern,secret_pin,7,False,False,"[7, 5, 10, 1]",3.0,,3427,8093,0.0153092909895349
HILL_CLIMBING,pin_pattern,secret_pin,8,False,False,"[7, 3, 9, -1]",2.0,,691,8094,0.0155136660032439
HILL_CLIMBING,pin_pattern,secret_pin,9,False,False,"[6, 3, 8, 1]",2.0,,1535,8094,0.015316666002036
HILL_CLIMBING,pin_pattern,secret_pin,10,False,False,"[7, 2, 10, 1]",2.0,,491,8094,0.0155192920065019
HILL_CLIMBING,pin_pattern,secret_pin,11,False,False,"[7, 2, 9, 3]",3.0,,4488,8093,0.0154362080065766
HILL_CLIMBING,pin_pattern,secret_pin,12,False,False,"[7, 3, 7, 4]",5.0,,7142,8093,0.0154359589942032
HILL_CLIMBING,pin_pattern,secret_pin,13,False,False,"[8, 2, 12, 0]",6.0,,791,8094,0.0155344170052558
HILL_CLIMBING,pin_pattern,secret_pin,14,False,False,"[6, 5, 9, 2]",4.0,,929,8094,0.015486417003558
HILL_CLIMBING,pin_pattern,secret_pin,15,False,False,"[7, 6, 8, 1]",4.0,,317,8095,0.0156281670060707
HILL_CLIMBING,pin_pattern,secret_pin,16,False,False,"[8, 6, 9, 1]",4.0,,390,8094,0.0155842079984722
HILL_CLIMBING,pin_pattern,secret_pin,17,False,False,"[7, 2, 11, 1]",3.0,,452,8094,0.0156348750024335
HILL_CLIMBING,pin_pattern,secret_pin,18,False,False,"[8, 2, 8, 1]",3.0,,1681,8092,0.0154906669922638
HILL_CLIMBING,pin_pattern,secret_pin,19,False,False,"[8, 2, 9, 0]",3.0,,3732,8092,0.0154983329994138
HILL_CLIMBING,pin_pattern,secret_pin,20,False,False,"[7, 0, 10, 1]",4.0,,1695,8093,0.0153822089923778
HILL_CLIMBING,pin_pattern,secret_pin,21,False,False,"[8, 3, 10, 3]",4.0,,2007,8094,0.0156815410009585
HILL_CLIMBING,pin_pattern,secret_pin,22,False,False,"[9, 4, 10, 0]",5.0,,3008,8093,0.015801832996658
HILL_CLIMBING,pin_pattern,secret_pin,23,False,False,"[5, 3, 9, -1]",4.0,,6920,8094,0.0158439999941037
HILL_CLIMBING,pin_pattern,secret_pin,24,False,False,"[7, 3, 6, 1]",3.0,,1058,8093,0.0155656249989988
HILL_CLIMBING,pin_pattern,secret_pin,25,False,False,"[7, 4, 9, 3]",3.0,,7923,8092,0.0153324169950792
HILL_CLIMBING,pin_pattern,secret_pin,26,False,False,"[3, 3, 11, 1]",6.0,,1002,8093,0.0156724589905934
HILL_CLIMBING,pin_pattern,secret_pin,27,False,False,"[6, 2, 9, 1]",2.0,,776,8094,0.0156417919934028
HILL_CLIMBING,pin_pattern,secret_pin,28,False,False,"[7, 2, 9, 1]",1.0,,3651,8094,0.0157594580086879
HILL_CLIMBING,pin_pattern,secret_pin,29,False,False,"[7, 3, 6, 1]",3.0,,2613,8093,0.0160907499957829
HILL_CLIMBING,shipping_discount,free_express_shipping,0,True,True,"[271.60394477269296, 25.11851811123092, True]",0.0,free_express_shipping,2,3,1.1124997399747372e-05
HILL_CLIMBING,shipping_discount,free_express_shipping,1,True,True,"[283.85166888342025, 11.226881228660746, True]",0.0,free_express_shipping,11,12,4.4957996578887105e-05
HILL_CLIMBING,shipping_discount,free_express_shipping,2,True,True,"[236.43380218650108, 22.757248783218383, True]",0.0,free_express_shipping,15,16,5.649999366141856e-05
HILL_CLIMBING,shipping_discount,free_express_shipping,3,True,True,"[214.41003910678117, 40.62749884414713, True]",0.0,free_express_shipping,2,3,9.374998626299202e-06
HILL_CLIMBING,shipping_discount,free_express_shipping,4,True,True,"[236.27221546063134, 48.50529120708975, True]",0.0,free_express_shipping,2,3,1.279098796658218e-05
HILL_CLIMBING,shipping_discount,free_express_shipping,5,True,True,"[299.65263818094763, 0.0, True]",0.0,free_express_shipping,8,9,2.9417002224363387e-05
HILL_CLIMBING,shipping_discount,free_express_shipping,6,True,True,"[220.13049574943796, 45.89620714387965, True]",0.0,free_express_shipping,21,22,7.308300700969994e-05
HILL_CLIMBING,shipping_discount,free_express_shipping,7,True,True,"[224.53301023514666, 49.69453992616725, True]",0.0,free_express_shipping,4,5,1.908399281091988e-05
HILL_CLIMBING,shipping_discount,free_express_shipping,8,True,True,"[244.71010185567474, 15.831788891763042, True]",0.0,free_express_shipping,11,12,3.5208999179303646e-05
HILL_CLIMBING,shipping_discount,free_express_shipping,9,True,True,"[235.79188364826106, 17.249947067982305, True]",0.0,free_express_shipping,6,7,2.1792002371512353e-05
HILL_CLIMBING,shipping_discount,free_express_shipping,10,True,True,"[222.7675469831797, 28.097450162781684, True]",0.0,free_express_shipping,18,19,4.895799793303013e-05
HILL_CLIMBING,shipping_discount,free_express_shipping,11,True,True,"[270.61567297541546, 21.318999487669988, True]",0.0,free_express_shipping,28,29,8.416599303018302e-05
HILL_CLIMBING,shipping_discount,free_express_shipping,12,True,True,"[202.39651380283598, 25.188066369864394, True]",0.0,free_express_shipping,32,33,9.450000652577728e-05
HILL_CLIMBING,shipping_discount,free_express_shipping,13,True,True,"[245.69183059796967, 39.59393455078175, True]",0.0,free_express_shipping,14,15,4.6499990276061e-05
HILL_CLIMBING,shipping_discount,free_express_shipping,14,True,True,"[236.62858343946584, 31.735949264295293, True]",0.0,free_express_shipping,12,13,3.9000005926936865e-05
HILL_CLIMBING,shipping_discount,free_express_shipping,15,True,True,"[237.73005710144247, 46.79067229073799, True]",0.0,free_express_shipping,34,35,8.129198977258056e-05
HILL_CLIMBING,shipping_discount,free_express_shipping,16,True,True,"[254.0910313066674, 4.7766393116006505, True]",0.0,free_express_shipping,31,32,9.216699982061982e-05
HILL_CLIMBING,shipping_discount,free_express_shipping,17,True,True,"[237.38847532331005, 44.01079584881343, True]",0.0,free_express_shipping,49,50,0.0001230829948326
HILL_CLIMBING,shipping_discount,free_express_shipping,18,True,True,"[207.94106482340354, 2.378782617486408, True]",0.0,free_express_shipping,20,21,6.25829998170957e-05
HILL_CLIMBING,shipping_discount,free_express_shipping,19,True,True,"[255.08158440291015, 33.35126752539913, True]",0.0,free_express_shipping,5,6,1.862501085270196e-05
HILL_CLIMBING,shipping_discount,free_express_shipping,20,True,True,"[203.46137227103776, 2.073262281095217, True]",0.0,free_express_shipping,35,36,8.637500286567956e-05
HILL_CLIMBING,shipping_discount,free_express_shipping,21,True,True,"[262.9319953224346, 25.360694475603147, True]",0.0,free_express_shipping,2,3,1.0374991688877344e-05
HILL_CLIMBING,shipping_discount,free_express_shipping,22,True,True,"[284.62775868530224, 45.47544484450199, True]",0.0,free_express_shipping,33,34,8.275000436697155e-05
HILL_CLIMBING,shipping_discount,free_express_shipping,23,True,True,"[299.5, 38.21923861634392, True]",0.0,free_express_shipping,24,25,7.412499689962715e-05
HILL_CLIMBING,shipping_discount,free_express_shipping,24,True,True,"[234.30348715339568, 48.23036186045549, True]",0.0,free_express_shipping,1,2,6.374990334734321e-06
HILL_CLIMBING,shipping_discount,free_express_shipping,25,True,True,"[200.27016505117385, 46.22712827554319, True]",0.0,free_express_shipping,4,5,1.883300137706101e-05
HILL_CLIMBING,shipping_discount,free_express_shipping,26,True,True,"[296.00837031620915, 49.73500108661044, True]",0.0,free_express_shipping,3,4,1.3958997442387044e-05
HILL_CLIMBING,shipping_discount,free_express_shipping,27,True,True,"[210.09603125868054, 49.95126283667283, True]",0.0,free_express_shipping,22,23,7.2750000981614e-05
HILL_CLIMBING,shipping_discount,free_express_shipping,28,True,True,"[256.2956242440301, 7.2864216451910595, True]",0.0,free_express_shipping,14,15,4.783298936672509e-05
HILL_CLIMBING,shipping_discount,free_express_shipping,29,True,True,"[212.27033026110504, 5.911203835486322, True]",0.0,free_express_shipping,3,4,1.575000351294875e-05
HILL_CLIMBING,shipping_discount,invalid,0,False,False,"[0.0, 12.134362118415176, False]",1.0,,103,8091,0.018385749994195
HILL_CLIMBING,shipping_discount,invalid,1,False,False,"[123.266785916584, 0.0, False]",1.0,,82,8091,0.0184899169980781
HILL_CLIMBING,shipping_discount,invalid,2,False,False,"[163.94489433187601, 0.0, True]",1.0,,29,8091,0.0183477920072618
HILL_CLIMBING,shipping_discount,invalid,3,False,False,"[120.38062806192123, 0.0, False]",1.0,,45,8091,0.0179331670078681
HILL_CLIMBING,shipping_discount,invalid,4,False,False,"[0.0, 8.899692199813767, False]",1.0,,12,8091,0.0182619579863967
HILL_CLIMBING,shipping_discount,invalid,5,False,False,"[255.91165197388904, 0.0, True]",1.0,,58,8091,0.0184521670016692
HILL_CLIMBING,shipping_discount,invalid,6,False,False,"[0.0, 109.13737828104641, False]",1.0,,105,8091,0.0184461250028107
HILL_CLIMBING,shipping_discount,invalid,7,False,False,"[0.0, 63.49306505427259, False]",1.0,,56,8091,0.0184773329965537
HILL_CLIMBING,shipping_discount,invalid,8,False,False,"[185.15963407946649, 0.0, True]",1.0,,42,8091,0.01840733300196
HILL_CLIMBING,shipping_discount,invalid,9,False,False,"[87.63510095914609, 0.0, False]",1.0,,62,8091,0.0180039999977452
HILL_CLIMBING,shipping_discount,invalid,10,False,False,"[0.0, 109.52607260495412, True]",1.0,,26,8091,0.0180840829998487
HILL_CLIMBING,shipping_discount,invalid,11,False,False,"[199.6773164241585, 0.0, True]",1.0,,52,8091,0.0184217500063823
HILL_CLIMBING,shipping_discount,invalid,12,False,False,"[0.0, 50.50586787632747, False]",1.0,,77,8091,0.0185702080052578
HILL_CLIMBING,shipping_discount,invalid,13,False,False,"[283.7807706746331, 0.0, False]",1.0,,45,8091,0.0185660829884
HILL_CLIMBING,shipping_discount,invalid,14,False,False,"[159.61413581051778, 0.0, True]",1.0,,68,8091,0.0185550840105861
HILL_CLIMBING,shipping_discount,invalid,15,False,False,"[0.0, 72.08494910518304, True]",1.0,,62,8091,0.017631959010032
HILL_CLIMBING,shipping_discount,invalid,16,False,False,"[188.5523150040703, 0.0, False]",1.0,,16,8091,0.0179790419933851
HILL_CLIMBING,shipping_discount,invalid,17,False,False,"[287.9216158330225, 0.0, True]",1.0,,84,8091,0.0183230840048054
HILL_CLIMBING,shipping_discount,invalid,18,False,False,"[0.0, 130.13649904432052, True]",1.0,,36,8091,0.0183394579944433
HILL_CLIMBING,shipping_discount,invalid,19,False,False,"[39.46528663951684, 0.0, False]",1.0,,60,8091,0.0183493750082561
HILL_CLIMBING,shipping_discount,invalid,20,False,False,"[154.99891665029799, 0.0, True]",1.0,,94,8091,0.0186341249936958
HILL_CLIMBING,shipping_discount,invalid,21,False,False,"[53.75401454784735, 0.0, True]",1.0,,22,8091,0.0183432500052731
HILL_CLIMBING,shipping_discount,invalid,22,False,False,"[173.20377850139718, 0.0, False]",1.0,,50,8091,0.0184010000084526
HILL_CLIMBING,shipping_discount,invalid,23,False,False,"[195.36586817818613, 0.0, False]",1.0,,105,8091,0.0184273750055581
HILL_CLIMBING,shipping_discount,invalid,24,False,False,"[49.82050101871896, 0.0, True]",1.0,,80,8091,0.0185146250005345
HILL_CLIMBING,shipping_discount,invalid,25,False,False,"[213.17211923818357, 0.0, False]",1.0,,59,8091,0.0176482079987181
HILL_CLIMBING,shipping_discount,invalid,26,False,False,"[243.4689017501457, 0.0, True]",1.0,,133,8091,0.0184010409866459
HILL_CLIMBING,shipping_discount,invalid,27,False,False,"[209.38158743254047, 0.0, True]",1.0,,47,8091,0.0187392920051934
HILL_CLIMBING,shipping_discount,invalid,28,False,False,"[293.8425490954957, 0.0, True]",1.0,,64,8091,0.0188990840106271
HILL_CLIMBING,shipping_discount,invalid,29,False,False,"[223.65996142573596, 0.0, False]",1.0,,48,8091,0.0180701670033158
HILL_CLIMBING,shipping_discount,no_discount,0,True,True,"[48.68232941160041, 77.5909273431058, False]",0.0,no_discount,55,56,0.0001401659974362
HILL_CLIMBING,shipping_discount,no_discount,1,True,True,"[19.524108444911914, 43.41559623480259, False]",0.0,no_discount,13,14,4.2333005694672465e-05
HILL_CLIMBING,shipping_discount,no_discount,2,True,True,"[46.91457220091794, 54.13999144247143, False]",0.0,no_discount,5,6,2.19999928958714e-05
HILL_CLIMBING,shipping_discount,no_discount,3,True,True,"[43.936928928249365, 7.168526686924176, False]",0.0,no_discount,1,2,7.95800588093698e-06
HILL_CLIMBING,shipping_discount,no_discount,4,True,True,"[24.015084936759244, 107.67184952244926, False]",0.0,no_discount,0,1,2.91600008495152e-06
HILL_CLIMBING,shipping_discount,no_discount,5,True,True,"[2.335360004888764, 121.41595250648498, False]",0.0,no_discount,32,33,7.624999852851033e-05
HILL_CLIMBING,shipping_discount,no_discount,6,True,True,"[15.827224358247992, 132.5390344701441, False]",0.0,no_discount,1,2,6.582995411008596e-06
HILL_CLIMBING,shipping_discount,no_discount,7,True,True,"[9.999760256891943, 144.7392577032482, False]",0.0,no_discount,6,7,2.562500594649464e-05
HILL_CLIMBING,shipping_discount,no_discount,8,True,True,"[47.84729596271526, 14.159259494196803, False]",0.0,no_discount,10,11,3.399999695830047e-05
HILL_CLIMBING,shipping_discount,no_discount,9,True,True,"[49.45757603956198, 71.55232957188657, False]",0.0,no_discount,23,24,6.983299681451172e-05
HILL_CLIMBING,shipping_discount,no_discount,10,True,True,"[7.30572441520394, 35.08159550112449, False]",0.0,no_discount,66,67,0.0001671250065555
HILL_CLIMBING,shipping_discount,no_discount,11,True,True,"[2.149168772356236, 15.3047358235969, False]",0.0,no_discount,1,2,6.50000583846122e-06
HILL_CLIMBING,shipping_discount,no_discount,12,True,True,"[17.88405606042437, 98.13091140428183, False]",0.0,no_discount,6,7,2.5290995836257935e-05
HILL_CLIMBING,shipping_discount,no_discount,13,True,True,"[2.7207663680448357, 149.66505746062484, False]",0.0,no_discount,3,4,1.479100319556892e-05
HILL_CLIMBING,shipping_discount,no_discount,14,True,True,"[37.76035970707879, 145.4764461533211, False]",0.0,no_discount,7,8,2.708299143705517e-05
HILL_CLIMBING,shipping_discount,no_discount,15,True,True,"[23.948031545678994, 7.436413348025089, False]",0.0,no_discount,50,51,0.0001307079946855
HILL_CLIMBING,shipping_discount,no_discount,16,True,True,"[14.468717166601197, 86.1624548624144, False]",0.0,no_discount,0,1,2.8340000426396728e-06
HILL_CLIMBING,shipping_discount,no_discount,17,True,True,"[44.48864835908288, 10.31165702952937, False]",0.0,no_discount,2,3,1.2417003745213153e-05
HILL_CLIMBING,shipping_discount,no_discount,18,True,True,"[6.589874804101881, 101.91138457675491, False]",0.0,no_discount,39,40,9.612500434741378e-05
HILL_CLIMBING,shipping_discount,no_discount,19,True,True,"[1.0498245661112682, 46.303802570427486, False]",0.0,no_discount,22,23,6.608400144614279e-05
HILL_CLIMBING,shipping_discount,no_discount,20,True,True,"[5.99987684378549, 52.0892295078809, False]",0.0,no_discount,12,13,4.291700315661728e-05
HILL_CLIMBING,shipping_discount,no_discount,21,True,True,"[48.821086358848135, 109.97855364202861, False]",0.0,no_discount,1,2,7.708993507549167e-06
HILL_CLIMBING,shipping_discount,no_discount,22,True,True,"[30.576138624874424, 127.74504618769677, False]",0.0,no_discount,10,11,3.774999640882015e-05
HILL_CLIMBING,shipping_discount,no_discount,23,True,True,"[49.079796587842075, 42.872253851183615, False]",0.0,no_discount,59,60,0.0001567909930599
HILL_CLIMBING,shipping_discount,no_discount,24,True,True,"[20.965278532223753, 112.94561892499719, False]",0.0,no_discount,15,16,4.5832988689653575e-05
HILL_CLIMBING,shipping_discount,no_discount,25,True,True,"[19.908195003825824, 24.80927387971716, False]",0.0,no_discount,14,15,4.1207997128367424e-05
HILL_CLIMBING,shipping_discount,no_discount,26,True,True,"[36.65568697411977, 51.1103085717698, False]",0.0,no_discount,1,2,6.333008059300482e-06
HILL_CLIMBING,shipping_discount,no_discount,27,True,True,"[28.003416636421797, 47.29025928799903, False]",0.0,no_discount,14,15,4.370900569483638e-05
HILL_CLIMBING,shipping_discount,no_discount,28,True,True,"[19.470050246836244, 114.99958272560959, False]",0.0,no_discount,17,18,5.662499461323023e-05
HILL_CLIMBING,shipping_discount,no_discount,29,True,True,"[31.587582344809633, 8.173397323939062, False]",0.0,no_discount,12,13,4.3374995584599674e-05
HILL_CLIMBING,shipping_discount,small_discount,0,True,True,"[174.14480393605, 128.01308592069847, False]",0.0,small_discount,2,3,1.0374991688877344e-05
HILL_CLIMBING,shipping_discount,small_discount,1,True,True,"[57.82814783321618, 124.37266721106252, False]",0.0,small_discount,0,1,3.249995643272996e-06
HILL_CLIMBING,shipping_discount,small_discount,2,True,True,"[61.797616775841306, 62.80220662900686, False]",0.0,small_discount,24,25,7.158299558795989e-05
HILL_CLIMBING,shipping_discount,small_discount,3,True,True,"[211.6841856359981, 104.93153098328284, True]",0.0,small_discount,0,1,2.91600008495152e-06
HILL_CLIMBING,shipping_discount,small_discount,4,True,True,"[233.79769214786432, 104.41908481479437, True]",0.0,small_discount,1,2,7.95899541117251e-06
HILL_CLIMBING,shipping_discount,small_discount,5,True,True,"[83.4993753582158, 60.76236481926791, False]",0.0,small_discount,0,1,3.249995643272996e-06
HILL_CLIMBING,shipping_discount,small_discount,6,True,True,"[64.63530863539255, 149.51784707568885, True]",0.0,small_discount,0,1,3.249995643272996e-06
HILL_CLIMBING,shipping_discount,small_discount,7,True,True,"[299.82412431317505, 114.40076939879162, True]",0.0,small_discount,0,1,3.374996595084667e-06
HILL_CLIMBING,shipping_discount,small_discount,8,True,True,"[44.661939946897064, 24.901621637798804, True]",0.0,small_discount,3,4,1.2999997125007212e-05
HILL_CLIMBING,shipping_discount,small_discount,9,True,True,"[140.04497665849223, 146.1314898243799, True]",0.0,small_discount,1,2,7.5830030255019665e-06
HILL_CLIMBING,shipping_discount,small_discount,10,True,True,"[111.62353955031571, 135.10366943896838, False]",0.0,small_discount,19,20,6.424999446608126e-05
HILL_CLIMBING,shipping_discount,small_discount,11,True,True,"[14.797226107297657, 130.55655574540393, True]",0.0,small_discount,1,2,7.791008101776242e-06
HILL_CLIMBING,shipping_discount,small_discount,12,True,True,"[142.52446596209688, 127.29385831130344, False]",0.0,small_discount,10,11,3.370898775756359e-05
HILL_CLIMBING,shipping_discount,small_discount,13,True,True,"[83.25242004604262, 102.24917247016363, True]",0.0,small_discount,3,4,1.2290998711250722e-05
HILL_CLIMBING,shipping_discount,small_discount,14,True,True,"[36.95808381292884, 92.69745525463897, True]",0.0,small_discount,0,1,3.541994374245405e-06
HILL_CLIMBING,shipping_discount,small_discount,15,True,True,"[66.10649067637199, 142.88036124065954, False]",0.0,small_discount,0,1,3.292007022537291e-06
HILL_CLIMBING,shipping_discount,small_discount,16,True,True,"[286.26722401555105, 147.56271075777212, False]",0.0,small_discount,8,9,3.4249998861923814e-05
HILL_CLIMBING,shipping_discount,small_discount,17,True,True,"[93.0243149500625, 46.50813831822485, True]",0.0,small_discount,7,8,2.6749999960884452e-05
HILL_CLIMBING,shipping_discount,small_discount,18,True,True,"[9.768854468505095, 101.16480771540994, True]",0.0,small_discount,0,1,3.2919924706220627e-06
HILL_CLIMBING,shipping_discount,small_discount,19,True,True,"[9.191360251740399, 78.95812828521514, True]",0.0,small_discount,0,1,2.6670022634789348e-06
HILL_CLIMBING,shipping_discount,small_discount,20,True,True,"[11.652229538659252, 64.63717170591877, True]",0.0,small_discount,2,3,1.2249991414137185e-05
HILL_CLIMBING,shipping_discount,small_discount,21,True,True,"[87.00161249919651, 28.89819201869565, False]",0.0,small_discount,3,4,1.6457997844554484e-05
HILL_CLIMBING,shipping_discount,small_discount,22,True,True,"[178.55715179369057, 129.8520717386901, True]",0.0,small_discount,1,2,6.333008059300482e-06
HILL_CLIMBING,shipping_discount,small_discount,23,True,True,"[2.074676296779576, 100.51618570764188, True]",0.0,small_discount,0,1,3.3329997677356005e-06
HILL_CLIMBING,shipping_discount,small_discount,24,True,True,"[128.90757015756563, 118.33825803662384, False]",0.0,small_discount,0,1,3.2910029403865337e-06
HILL_CLIMBING,shipping_discount,small_discount,25,True,True,"[3.3535698301210393, 7.607526883734966, True]",0.0,small_discount,0,1,3.374996595084667e-06
HILL_CLIMBING,shipping_discount,small_discount,26,True,True,"[55.7914080847667, 23.082534829956092, True]",0.0,small_discount,0,1,3.2500101951882243e-06
HILL_CLIMBING,shipping_discount,small_discount,27,True,True,"[112.37639228884792, 110.12693580430023, True]",0.0,small_discount,3,4,1.4416000340133904e-05
HILL_CLIMBING,shipping_discount,small_discount,28,True,True,"[126.93553483825416, 121.54513893092796, True]",0.0,small_discount,1,2,7.624999852851033e-06
HILL_CLIMBING,shipping_discount,small_discount,29,True,True,"[14.789009220098215, 48.32384202990448, True]",0.0,small_discount,1,2,7.875001756474376e-06
HILL_CLIMBING,shipping_discount,standard_discount,0,True,True,"[184.42318308867885, 84.89175637321497, True]",0.0,standard_discount,5,6,2.187500649597496e-05
HILL_CLIMBING,shipping_discount,standard_discount,1,True,True,"[143.83517203749625, 12.598232338454723, False]",0.0,standard_discount,0,1,3.249995643272996e-06
HILL_CLIMBING,shipping_discount,standard_discount,2,True,True,"[165.60978712409153, 67.3557488299121, False]",0.0,standard_discount,0,1,3.4999975468963385e-06
HILL_CLIMBING,shipping_discount,standard_discount,3,True,True,"[189.4558324733892, 38.42464973960754, False]",0.0,standard_discount,1,2,8.25000461190939e-06
HILL_CLIMBING,shipping_discount,standard_discount,4,True,True,"[194.31941808748184, 61.9581632273016, False]",0.0,standard_discount,0,1,3.416003892198205e-06
HILL_CLIMBING,shipping_discount,standard_discount,5,True,True,"[227.7448662624796, 40.009402351891936, False]",0.0,standard_discount,0,1,3.416993422433734e-06
HILL_CLIMBING,shipping_discount,standard_discount,6,True,True,"[178.1412703176695, 81.72595960503261, True]",0.0,standard_discount,8,9,2.7542002499103543e-05
HILL_CLIMBING,shipping_discount,standard_discount,7,True,True,"[201.8693740344203, 40.43035290743356, False]",0.0,standard_discount,1,2,8.041999535635114e-06
HILL_CLIMBING,shipping_discount,standard_discount,8,True,True,"[141.1954088042395, 75.12379698201453, False]",0.0,standard_discount,4,5,1.895800232887268e-05
HILL_CLIMBING,shipping_discount,standard_discount,9,True,True,"[171.8666249388161, 45.67316835543457, True]",0.0,standard_discount,6,7,2.9791990527883172e-05
HILL_CLIMBING,shipping_discount,standard_discount,10,True,True,"[244.97012576730853, 85.55405423840172, False]",0.0,standard_discount,19,20,6.891599332448095e-05
HILL_CLIMBING,shipping_discount,standard_discount,11,True,True,"[194.98498765404716, 93.32512698906355, False]",0.0,standard_discount,0,1,2.874992787837982e-06
HILL_CLIMBING,shipping_discount,standard_discount,12,True,True,"[135.67419011830413, 76.31076826021953, True]",0.0,standard_discount,9,10,3.604199446272105e-05
HILL_CLIMBING,shipping_discount,standard_discount,13,True,True,"[156.75906200573166, 63.178224095820426, False]",0.0,standard_discount,9,10,3.6290992284193635e-05
HILL_CLIMBING,shipping_discount,standard_discount,14,True,True,"[225.22348570987126, 65.87771096693318, True]",0.0,standard_discount,2,3,1.0249990737065671e-05
HILL_CLIMBING,shipping_discount,standard_discount,15,True,True,"[143.09158997032878, 67.4147216180437, True]",0.0,standard_discount,11,12,4.470899875741452e-05
HILL_CLIMBING,shipping_discount,standard_discount,16,True,True,"[174.99032650139858, 15.381485996513627, False]",0.0,standard_discount,14,15,4.850000550504774e-05
HILL_CLIMBING,shipping_discount,standard_discount,17,True,True,"[151.72055910105962, 17.317955170403675, True]",0.0,standard_discount,0,1,3.5410048440098763e-06
HILL_CLIMBING,shipping_discount,standard_discount,18,True,True,"[153.29273152060068, 62.666575145695184, True]",0.0,standard_discount,9,10,2.9417002224363387e-05
HILL_CLIMBING,shipping_discount,standard_discount,19,True,True,"[123.49903664416736, 72.1117535586719, True]",0.0,standard_discount,4,5,1.6749996575526893e-05
HILL_CLIMBING,shipping_discount,standard_discount,20,True,True,"[168.0268557784621, 15.991145929470385, False]",0.0,standard_discount,0,1,3.459004801698029e-06
HILL_CLIMBING,shipping_discount,standard_discount,21,True,True,"[219.93945702718185, 68.4929445185692, False]",0.0,standard_discount,7,8,2.6708003133535385e-05
HILL_CLIMBING,shipping_discount,standard_discount,22,True,True,"[194.93300411913458, 44.51071508944782, False]",0.0,standard_discount,5,6,2.300000051036477e-05
HILL_CLIMBING,shipping_discount,standard_discount,23,True,True,"[211.3628003019346, 72.77425423422692, True]",0.0,standard_discount,0,1,3.374996595084667e-06
HILL_CLIMBING,shipping_discount,standard_discount,24,True,True,"[233.99708052728283, 12.485414692214542, False]",0.0,standard_discount,7,8,2.7166999643668532e-05
HILL_CLIMBING,shipping_discount,standard_discount,25,True,True,"[114.72602010687936, 45.357509997213356, False]",0.0,standard_discount,4,5,1.4999997802078724e-05
HILL_CLIMBING,shipping_discount,standard_discount,26,True,True,"[100.08026306939644, 68.59752444574563, False]",0.0,standard_discount,0,1,3.249995643272996e-06
HILL_CLIMBING,shipping_discount,standard_discount,27,True,True,"[287.14462884451376, 78.89016131643288, True]",0.0,standard_discount,2,3,9.333001798950136e-06
HILL_CLIMBING,shipping_discount,standard_discount,28,True,True,"[192.52008901578418, 64.72102766738581, True]",0.0,standard_discount,10,11,3.241599188186228e-05
HILL_CLIMBING,shipping_discount,standard_discount,29,True,True,"[252.1473799797834, 68.83215498167927, False]",0.0,standard_discount,2,3,8.25000461190939e-06
HILL_CLIMBING,sign_type,negative,0,True,True,[-195],0.0,negative,2,3,6.332993507385254e-06
HILL_CLIMBING,sign_type,negative,1,True,True,[-347],0.0,negative,55,56,7.770900265313685e-05
HILL_CLIMBING,sign_type,negative,2,True,True,[-256],0.0,negative,9,10,1.5083001926541328e-05
HILL_CLIMBING,sign_type,negative,3,True,True,[-82],0.0,negative,0,1,2.5840126909315586e-06
HILL_CLIMBING,sign_type,negative,4,True,True,[-308],0.0,negative,60,61,6.541699985973537e-05
HILL_CLIMBING,sign_type,negative,5,True,True,[-269],0.0,negative,27,28,3.7582998629659414e-05
HILL_CLIMBING,sign_type,negative,6,True,True,[-327],0.0,negative,4,5,8.750008419156075e-06
HILL_CLIMBING,sign_type,negative,7,True,True,[-79],0.0,negative,40,41,6.029200449120253e-05
HILL_CLIMBING,sign_type,negative,8,True,True,[-3],0.0,negative,8,9,1.2624994269572198e-05
HILL_CLIMBING,sign_type,negative,9,True,True,[-442],0.0,negative,33,34,4.48749924544245e-05
HILL_CLIMBING,sign_type,negative,10,True,True,[-130],0.0,negative,9,10,1.604200224392116e-05
HILL_CLIMBING,sign_type,negative,11,True,True,[-168],0.0,negative,10,11,1.8624996300786737e-05
HILL_CLIMBING,sign_type,negative,12,True,True,[-232],0.0,negative,8,9,1.449999399483204e-05
HILL_CLIMBING,sign_type,negative,13,True,True,[-336],0.0,negative,5,6,1.0624993592500688e-05
HILL_CLIMBING,sign_type,negative,14,True,True,[-193],0.0,negative,11,12,1.925000105984509e-05
HILL_CLIMBING,sign_type,negative,15,True,True,[-9],0.0,negative,17,18,2.7125002816319466e-05
HILL_CLIMBING,sign_type,negative,16,True,True,[-341],0.0,negative,30,31,3.962499613407999e-05
HILL_CLIMBING,sign_type,negative,17,True,True,[-265],0.0,negative,30,31,4.475000605452806e-05
HILL_CLIMBING,sign_type,negative,18,True,True,[-107],0.0,negative,9,10,1.3874989235773684e-05
HILL_CLIMBING,sign_type,negative,19,True,True,[-278],0.0,negative,0,1,2.582994056865573e-06
HILL_CLIMBING,sign_type,negative,20,True,True,[-136],0.0,negative,2,3,5.583002348430455e-06
HILL_CLIMBING,sign_type,negative,21,True,True,[-182],0.0,negative,2,3,5.125009920448065e-06
HILL_CLIMBING,sign_type,negative,22,True,True,[-402],0.0,negative,2,3,6.2920007621869445e-06
HILL_CLIMBING,sign_type,negative,23,True,True,[-50],0.0,negative,22,23,3.241699596401304e-05
HILL_CLIMBING,sign_type,negative,24,True,True,[-182],0.0,negative,7,8,1.1124997399747372e-05
HILL_CLIMBING,sign_type,negative,25,True,True,[-151],0.0,negative,5,6,1.2167001841589808e-05
HILL_CLIMBING,sign_type,negative,26,True,True,[-17],0.0,negative,39,40,5.066700396127999e-05
HILL_CLIMBING,sign_type,negative,27,True,True,[-118],0.0,negative,74,75,8.974999946076423e-05
HILL_CLIMBING,sign_type,negative,28,True,True,[-368],0.0,negative,0,1,2.1669984562322497e-06
HILL_CLIMBING,sign_type,negative,29,True,True,[-131],0.0,negative,56,57,7.037499744910747e-05
HILL_CLIMBING,sign_type,positive,0,True,True,[2424],0.0,positive,0,1,5.333000444807112e-06
HILL_CLIMBING,sign_type,positive,1,True,True,[503],0.0,positive,0,1,3.0410010367631912e-06
HILL_CLIMBING,sign_type,positive,2,True,True,[1982],0.0,positive,1,2,5.916997906751931e-06
HILL_CLIMBING,sign_type,positive,3,True,True,[2458],0.0,positive,0,1,2.749991836026311e-06
HILL_CLIMBING,sign_type,positive,4,True,True,[2929],0.0,positive,0,1,2.582994056865573e-06
HILL_CLIMBING,sign_type,positive,5,True,True,[3],0.0,positive,2,3,7.499998901039362e-06
HILL_CLIMBING,sign_type,positive,6,True,True,[1713],0.0,positive,0,1,2.0419975044205785e-06
HILL_CLIMBING,sign_type,positive,7,True,True,[2372],0.0,positive,0,1,2.6670022634789348e-06
HILL_CLIMBING,sign_type,positive,8,True,True,[2655],0.0,positive,0,1,2.5420013116672635e-06
HILL_CLIMBING,sign_type,positive,9,True,True,[261],0.0,positive,0,1,2.3750035325065255e-06
HILL_CLIMBING,sign_type,positive,10,True,True,[2807],0.0,positive,0,1,2.1669984562322497e-06
HILL_CLIMBING,sign_type,positive,11,True,True,[2630],0.0,positive,0,1,2.0839943317696452e-06
HILL_CLIMBING,sign_type,positive,12,True,True,[444],0.0,positive,0,1,1.958003849722445e-06
HILL_CLIMBING,sign_type,positive,13,True,True,[978],0.0,positive,0,1,2.040993422269821e-06
HILL_CLIMBING,sign_type,positive,14,True,True,[491],0.0,positive,3,4,7.124996045604348e-06
HILL_CLIMBING,sign_type,positive,15,True,True,[1287],0.0,positive,0,1,2.6249908842146397e-06
HILL_CLIMBING,sign_type,positive,16,True,True,[275],0.0,positive,0,1,4.62500611320138e-06
HILL_CLIMBING,sign_type,positive,17,True,True,[91],0.0,positive,0,1,2.5839981390163302e-06
HILL_CLIMBING,sign_type,positive,18,True,True,[2037],0.0,positive,0,1,2.5000044843181968e-06
HILL_CLIMBING,sign_type,positive,19,True,True,[1821],0.0,positive,0,1,2.4579931050539017e-06
HILL_CLIMBING,sign_type,positive,20,True,True,[1991],0.0,positive,0,1,2.4579931050539017e-06
HILL_CLIMBING,sign_type,positive,21,True,True,[753],0.0,positive,0,1,2.708009560592473e-06
HILL_CLIMBING,sign_type,positive,22,True,True,[382],0.0,positive,0,1,2.415996277704835e-06
HILL_CLIMBING,sign_type,positive,23,True,True,[1828],0.0,positive,0,1,2.4579931050539017e-06
HILL_CLIMBING,sign_type,positive,24,True,True,[2395],0.0,positive,0,1,2.1249870769679542e-06
HILL_CLIMBING,sign_type,positive,25,True,True,[1119],0.0,positive,0,1,2.0000006770715117e-06
HILL_CLIMBING,sign_type,positive,26,True,True,[1293],0.0,positive,0,1,2.4170003598555923e-06
HILL_CLIMBING,sign_type,positive,27,True,True,[1972],0.0,positive,0,1,2.1669984562322497e-06
HILL_CLIMBING,sign_type,positive,28,True,True,[1240],0.0,positive,0,1,2.3330067051574588e-06
HILL_CLIMBING,sign_type,positive,29,True,True,[1379],0.0,positive,0,1,2.3750035325065255e-06
HILL_CLIMBING,sign_type,zero,0,True,True,[0],0.0,zero,73,74,8.591701043769717e-05
HILL_CLIMBING,sign_type,zero,1,True,True,[0],0.0,zero,56,57,6.783301068935543e-05
HILL_CLIMBING,sign_type,zero,2,True,True,[0],0.0,zero,79,80,8.991699723992497e-05
HILL_CLIMBING,sign_type,zero,3,True,True,[0],0.0,zero,82,83,9.408299229107796e-05
HILL_CLIMBING,sign_type,zero,4,True,True,[0],0.0,zero,70,71,8.516600064467639e-05
HILL_CLIMBING,sign_type,zero,5,True,True,[0],0.0,zero,66,67,8.320799679495394e-05
HILL_CLIMBING,sign_type,zero,6,True,True,[0],0.0,zero,106,107,0.0001180420076707
HILL_CLIMBING,sign_type,zero,7,True,True,[0],0.0,zero,10,11,1.433301076758653e-05
HILL_CLIMBING,sign_type,zero,8,True,True,[0],0.0,zero,37,38,4.3790991185233e-05
HILL_CLIMBING,sign_type,zero,9,True,True,[0],0.0,zero,61,62,7.391699182335287e-05
HILL_CLIMBING,sign_type,zero,10,True,True,[0],0.0,zero,107,108,0.0001178329985123
HILL_CLIMBING,sign_type,zero,11,True,True,[0],0.0,zero,54,55,5.816700286231935e-05
HILL_CLIMBING,sign_type,zero,12,True,True,[0],0.0,zero,118,119,0.0001335419947281
HILL_CLIMBING,sign_type,zero,13,True,True,[0],0.0,zero,21,22,1.9083003280684352e-05
HILL_CLIMBING,sign_type,zero,14,True,True,[0],0.0,zero,117,118,0.0001222910068463
HILL_CLIMBING,sign_type,zero,15,True,True,[0],0.0,zero,48,49,6.383299478329718e-05
HILL_CLIMBING,sign_type,zero,16,True,True,[0],0.0,zero,138,139,0.0001282090088352
HILL_CLIMBING,sign_type,zero,17,True,True,[0],0.0,zero,99,100,0.0001146249996963
HILL_CLIMBING,sign_type,zero,18,True,True,[0],0.0,zero,46,47,4.949999856762588e-05
HILL_CLIMBING,sign_type,zero,19,True,True,[0],0.0,zero,117,118,0.0001139590021921
HILL_CLIMBING,sign_type,zero,20,True,True,[0],0.0,zero,105,106,0.0001265419996343
HILL_CLIMBING,sign_type,zero,21,True,True,[0],0.0,zero,51,52,6.595799641218036e-05
HILL_CLIMBING,sign_type,zero,22,True,True,[0],0.0,zero,74,75,8.633299148641527e-05
HILL_CLIMBING,sign_type,zero,23,True,True,[0],0.0,zero,111,112,0.0001143340050475
HILL_CLIMBING,sign_type,zero,24,True,True,[0],0.0,zero,56,57,7.191700569819659e-05
HILL_CLIMBING,sign_type,zero,25,True,True,[0],0.0,zero,105,106,0.0001435000012861
HILL_CLIMBING,sign_type,zero,26,True,True,[0],0.0,zero,41,42,4.462499055080116e-05
HILL_CLIMBING,sign_type,zero,27,True,True,[0],0.0,zero,93,94,8.15419916762039e-05
HILL_CLIMBING,sign_type,zero,28,True,True,[0],0.0,zero,95,96,0.0001097920030588
HILL_CLIMBING,sign_type,zero,29,True,True,[0],0.0,zero,74,75,8.98750004125759e-05
HILL_CLIMBING,string_category,empty,0,True,True,[''],0.0,empty,38,39,9.77910094661638e-05
HILL_CLIMBING,string_category,empty,1,True,True,[''],0.0,empty,11,12,2.6040986995212737e-05
HILL_CLIMBING,string_category,empty,2,True,True,[''],0.0,empty,38,39,7.466600800398737e-05
HILL_CLIMBING,string_category,empty,3,True,True,[''],0.0,empty,13,14,2.7125002816319466e-05
HILL_CLIMBING,string_category,empty,4,True,True,[''],0.0,empty,16,17,3.041699528694153e-05
HILL_CLIMBING,string_category,empty,5,True,True,[''],0.0,empty,19,20,4.333400283940136e-05
HILL_CLIMBING,string_category,empty,6,True,True,[''],0.0,empty,30,31,6.179200136102736e-05
HILL_CLIMBING,string_category,empty,7,True,True,[''],0.0,empty,11,12,2.4917011614888903e-05
HILL_CLIMBING,string_category,empty,8,True,True,[''],0.0,empty,11,12,2.474999928381294e-05
HILL_CLIMBING,string_category,empty,9,True,True,[''],0.0,empty,11,12,2.4459004634991288e-05
HILL_CLIMBING,string_category,empty,10,True,True,[''],0.0,empty,29,30,6.208400009199977e-05
HILL_CLIMBING,string_category,empty,11,True,True,[''],0.0,empty,2,3,7.290989742614329e-06
HILL_CLIMBING,string_category,empty,12,True,True,[''],0.0,empty,35,36,7.22920085536316e-05
HILL_CLIMBING,string_category,empty,13,True,True,[''],0.0,empty,21,22,5.0417002057656646e-05
HILL_CLIMBING,string_category,empty,14,True,True,[''],0.0,empty,17,18,3.745799767784774e-05
HILL_CLIMBING,string_category,empty,15,True,True,[''],0.0,empty,31,32,6.125000072643161e-05
HILL_CLIMBING,string_category,empty,16,True,True,[''],0.0,empty,18,19,3.6124998587183654e-05
HILL_CLIMBING,string_category,empty,17,True,True,[''],0.0,empty,50,51,9.204199886880816e-05
HILL_CLIMBING,string_category,empty,18,True,True,[''],0.0,empty,23,24,5.208300717640668e-05
HILL_CLIMBING,string_category,empty,19,True,True,[''],0.0,empty,26,27,5.699999746866524e-05
HILL_CLIMBING,string_category,empty,20,True,True,[''],0.0,empty,19,20,3.775001096073538e-05
HILL_CLIMBING,string_category,empty,21,True,True,[''],0.0,empty,58,59,9.895898983813822e-05
HILL_CLIMBING,string_category,empty,22,True,True,[''],0.0,empty,6,7,1.4666991773992775e-05
HILL_CLIMBING,string_category,empty,23,True,True,[''],0.0,empty,0,1,3.374996595084667e-06
HILL_CLIMBING,string_category,empty,24,True,True,[''],0.0,empty,11,12,3.0292008887045085e-05
HILL_CLIMBING,string_category,empty,25,True,True,[''],0.0,empty,0,1,2.959000994451344e-06
HILL_CLIMBING,string_category,empty,26,True,True,[''],0.0,empty,27,28,6.304199632722884e-05
HILL_CLIMBING,string_category,empty,27,True,True,[''],0.0,empty,33,34,7.416699372697622e-05
HILL_CLIMBING,string_category,empty,28,True,True,[''],0.0,empty,10,11,2.3665998014621437e-05
HILL_CLIMBING,string_category,empty,29,True,True,[''],0.0,empty,24,25,5.075000808574259e-05
HILL_CLIMBING,string_category,long_non_palindrome,0,True,True,['c2cbJlp'],0.0,long_non_palindrome,0,1,3.7080026231706142e-06
HILL_CLIMBING,string_category,long_non_palindrome,1,True,True,['1M5fZGXHox7D1'],0.0,long_non_palindrome,0,1,4.458008334040642e-06
HILL_CLIMBING,string_category,long_non_palindrome,2,True,True,['kfzJLg'],0.0,long_non_palindrome,2,3,7.875001756474376e-06
HILL_CLIMBING,string_category,long_non_palindrome,3,True,True,['04vhjIM'],0.0,long_non_palindrome,0,1,3.583001671358943e-06
HILL_CLIMBING,string_category,long_non_palindrome,4,True,True,['dwcVR1'],0.0,long_non_palindrome,5,6,1.4374993043020368e-05
HILL_CLIMBING,string_category,long_non_palindrome,5,True,True,['QlXM8QPqnRM'],0.0,long_non_palindrome,0,1,4.124987754039466e-06
HILL_CLIMBING,string_category,long_non_palindrome,6,True,True,['afqELzBWBNJe2w7'],0.0,long_non_palindrome,0,1,4.708010237663984e-06
HILL_CLIMBING,string_category,long_non_palindrome,7,True,True,['fEiXSNigm'],0.0,long_non_palindrome,0,1,3.916997229680419e-06
HILL_CLIMBING,string_category,long_non_palindrome,8,True,True,['dhSvNWPB4204QMq'],0.0,long_non_palindrome,0,1,4.542001988738775e-06
HILL_CLIMBING,string_category,long_non_palindrome,9,True,True,['1cGfrL'],0.0,long_non_palindrome,10,11,2.2833002731204033e-05
HILL_CLIMBING,string_category,long_non_palindrome,10,True,True,['7kC6Nc'],0.0,long_non_palindrome,6,7,1.4999997802078724e-05
HILL_CLIMBING,string_category,long_non_palindrome,11,True,True,['qBpn0S'],0.0,long_non_palindrome,0,1,3.4999975468963385e-06
HILL_CLIMBING,string_category,long_non_palindrome,12,True,True,['rJLjQv'],0.0,long_non_palindrome,3,4,1.0167001164518297e-05
HILL_CLIMBING,string_category,long_non_palindrome,13,True,True,['MwN4YA'],0.0,long_non_palindrome,5,6,1.0958989150822164e-05
HILL_CLIMBING,string_category,long_non_palindrome,14,True,True,['UoZUEwvUtGU'],0.0,long_non_palindrome,0,1,4.125002305954695e-06
HILL_CLIMBING,string_category,long_non_palindrome,15,True,True,['GcMyzjqt'],0.0,long_non_palindrome,0,1,3.749999450519681e-06
HILL_CLIMBING,string_category,long_non_palindrome,16,True,True,['aRRUBst59bvNB'],0.0,long_non_palindrome,0,1,4.583009285852313e-06
HILL_CLIMBING,string_category,long_non_palindrome,17,True,True,['TazihYoN'],0.0,long_non_palindrome,0,1,3.7080026231706142e-06
HILL_CLIMBING,string_category,long_non_palindrome,18,True,True,['N0ontq3'],0.0,long_non_palindrome,0,1,3.541994374245405e-06
HILL_CLIMBING,string_category,long_non_palindrome,19,True,True,['qKclH95zp'],0.0,long_non_palindrome,0,1,3.791996277868748e-06
HILL_CLIMBING,string_category,long_non_palindrome,20,True,True,['Uuqinf'],0.0,long_non_palindrome,1,2,5.832989700138569e-06
HILL_CLIMBING,string_category,long_non_palindrome,21,True,True,['pEBI2M'],0.0,long_non_palindrome,2,3,8.207993232645094e-06
HILL_CLIMBING,string_category,long_non_palindrome,22,True,True,['BvudO3tEndWTzqK'],0.0,long_non_palindrome,0,1,5.250010872259736e-06
HILL_CLIMBING,string_category,long_non_palindrome,23,True,True,['5bFszLUHdwr'],0.0,long_non_palindrome,0,1,4.792003892362118e-06
HILL_CLIMBING,string_category,long_non_palindrome,24,True,True,['sbot9v'],0.0,long_non_palindrome,12,13,2.470900653861463e-05
HILL_CLIMBING,string_category,long_non_palindrome,25,True,True,['mVFYtO'],0.0,long_non_palindrome,7,8,1.5542012988589704e-05
HILL_CLIMBING,string_category,long_non_palindrome,26,True,True,['6mwuUJhbLJ7T38g'],0.0,long_non_palindrome,0,1,5.249996320344508e-06
HILL_CLIMBING,string_category,long_non_palindrome,27,True,True,['dvENs8wOuk'],0.0,long_non_palindrome,0,1,4.5000051613897085e-06
HILL_CLIMBING,string_category,long_non_palindrome,28,True,True,['eSCp8o'],0.0,long_non_palindrome,0,1,3.834007657133043e-06
HILL_CLIMBING,string_category,long_non_palindrome,29,True,True,['lLgidW5S'],0.0,long_non_palindrome,0,1,4.0000013541430235e-06
HILL_CLIMBING,string_category,long_palindrome,0,True,True,['1F1F1'],0.0,long_palindrome,7861,7862,0.0131917090038768
HILL_CLIMBING,string_category,long_palindrome,1,True,True,['mbTbm'],0.0,long_palindrome,982,983,0.0017025830020429
HILL_CLIMBING,string_category,long_palindrome,2,False,False,['hHP7N'],1.0,,0,8081,0.0138149170088581
HILL_CLIMBING,string_category,long_palindrome,3,False,False,['6sPLrmyu8'],1.0,,0,8081,0.0139605830045184
HILL_CLIMBING,string_category,long_palindrome,4,True,True,['OUxUO'],0.0,long_palindrome,6494,6495,0.0112374999880557
HILL_CLIMBING,string_category,long_palindrome,5,True,True,['Ra2aR'],0.0,long_palindrome,747,748,0.0013237910025054
HILL_CLIMBING,string_category,long_palindrome,6,False,False,['ApJy'],1.0,,10,8081,0.013783999995212
HILL_CLIMBING,string_category,long_palindrome,7,False,False,['sLvANXz9O6H'],1.0,,0,8081,0.0137874590000137
HILL_CLIMBING,string_category,long_palindrome,8,False,False,['FwrOlqo'],1.0,,0,8081,0.0135359590058214
HILL_CLIMBING,string_category,long_palindrome,9,False,False,['Vt9U1Z'],1.0,,0,8081,0.0135215830086963
HILL_CLIMBING,string_category,long_palindrome,10,True,True,['nOFOn'],0.0,long_palindrome,5746,5747,0.0098674579930957
HILL_CLIMBING,string_category,long_palindrome,11,False,False,['oyBM0vXZ'],1.0,,0,8081,0.014045083997189
HILL_CLIMBING,string_category,long_palindrome,12,True,True,['xMAMx'],0.0,long_palindrome,4642,4643,0.0080474590067751
HILL_CLIMBING,string_category,long_palindrome,13,False,False,['4Ixzt'],1.0,,0,8081,0.0140367499989224
HILL_CLIMBING,string_category,long_palindrome,14,False,False,['Y6WT'],1.0,,19,8081,0.014060999994399
HILL_CLIMBING,string_category,long_palindrome,15,True,True,['RtotR'],0.0,long_palindrome,4652,4653,0.0076189579995116
HILL_CLIMBING,string_category,long_palindrome,16,False,False,['U7OUP'],1.0,,0,8081,0.0134308749984484
HILL_CLIMBING,string_category,long_palindrome,17,True,True,['sQYQs'],0.0,long_palindrome,3887,3888,0.0065885829972103
HILL_CLIMBING,string_category,long_palindrome,18,True,True,['n515n'],0.0,long_palindrome,3472,3473,0.0058650419960031
HILL_CLIMBING,string_category,long_palindrome,19,True,True,['9UZU9'],0.0,long_palindrome,86,87,0.0001576250069774
HILL_CLIMBING,string_category,long_palindrome,20,False,False,['UkHZj'],1.0,,0,8081,0.0138213750033173
HILL_CLIMBING,string_category,long_palindrome,21,False,False,['xtb6tZaCD'],1.0,,0,8081,0.0139373749989317
HILL_CLIMBING,string_category,long_palindrome,22,False,False,['z562Gh4ELmTdf'],1.0,,0,8081,0.0138460419984767
HILL_CLIMBING,string_category,long_palindrome,23,False,False,['sfjfUL6Zb1YE'],1.0,,0,8081,0.0139449999987846
HILL_CLIMBING,string_category,long_palindrome,24,False,False,['jjCjd4'],1.0,,0,8081,0.0139433750009629
HILL_CLIMBING,string_category,long_palindrome,25,False,False,['bMi168BLkpaBu'],1.0,,0,8081,0.0139738750003743
HILL_CLIMBING,string_category,long_palindrome,26,False,False,['bYofXbFNvW'],1.0,,0,8081,0.01371470799495
HILL_CLIMBING,string_category,long_palindrome,27,False,False,['n1sv'],1.0,,6,8081,0.0136850829876493
HILL_CLIMBING,string_category,long_palindrome,28,False,False,['qmCtR'],1.0,,0,8081,0.0139231249922886
HILL_CLIMBING,string_category,long_palindrome,29,False,False,['eNe'],1.0,,1,8081,0.013958209005068
HILL_CLIMBING,string_category,other,0,True,True,['giKPc'],0.0,other,3,4,9.915995178744195e-06
HILL_CLIMBING,string_category,other,1,True,True,['TjG3V'],0.0,other,2,3,8.499991963617504e-06
HILL_CLIMBING,string_category,other,2,True,True,['QnoU'],0.0,other,0,1,3.4999975468963385e-06
HILL_CLIMBING,string_category,other,3,True,True,['7vo9Q'],0.0,other,29,30,6.433299859054387e-05
HILL_CLIMBING,string_category,other,4,True,True,['b5'],0.0,other,2,3,7.292008376680315e-06
HILL_CLIMBING,string_category,other,5,True,True,['mzZo1'],0.0,other,4,5,1.200000406242907e-05
HILL_CLIMBING,string_category,other,6,True,True,['Vu'],0.0,other,1,2,6.374990334734321e-06
HILL_CLIMBING,string_category,other,7,True,True,['S6'],0.0,other,0,1,3.2500101951882243e-06
HILL_CLIMBING,string_category,other,8,True,True,['1R'],0.0,other,1,2,4.7909998102113605e-06
HILL_CLIMBING,string_category,other,9,True,True,['fLr59'],0.0,other,18,19,3.979199391324073e-05
HILL_CLIMBING,string_category,other,10,True,True,['tpp'],0.0,other,0,1,2.8750073397532105e-06
HILL_CLIMBING,string_category,other,11,True,True,['UPFlI'],0.0,other,29,30,5.845898704137653e-05
HILL_CLIMBING,string_category,other,12,True,True,['TbKdi'],0.0,other,3,4,8.874994819052517e-06
HILL_CLIMBING,string_category,other,13,True,True,['mqIF2'],0.0,other,15,16,3.9999998989515007e-05
HILL_CLIMBING,string_category,other,14,True,True,['aPg4H'],0.0,other,32,33,7.033399015199393e-05
HILL_CLIMBING,string_category,other,15,True,True,['mAujs'],0.0,other,23,24,5.487499583978206e-05
HILL_CLIMBING,string_category,other,16,True,True,['D7'],0.0,other,1,2,4.749992513097823e-06
HILL_CLIMBING,string_category,other,17,True,True,['Cg'],0.0,other,0,1,3.4170079743489623e-06
HILL_CLIMBING,string_category,other,18,True,True,['uF'],0.0,other,2,3,8.624992915429175e-06
HILL_CLIMBING,string_category,other,19,True,True,['ghe0S'],0.0,other,30,31,6.129100802354515e-05
HILL_CLIMBING,string_category,other,20,True,True,['JL'],0.0,other,2,3,7.208000170066953e-06
HILL_CLIMBING,string_category,other,21,True,True,['SP'],0.0,other,0,1,3.541994374245405e-06
HILL_CLIMBING,string_category,other,22,True,True,['w6noJ'],0.0,other,22,23,5.237500590737909e-05
HILL_CLIMBING,string_category,other,23,True,True,['enuJv'],0.0,other,13,14,2.983299782499671e-05
HILL_CLIMBING,string_category,other,24,True,True,['piAmQ'],0.0,other,6,7,1.8999999156221747e-05
HILL_CLIMBING,string_category,other,25,True,True,['2vwR'],0.0,other,0,1,3.666995326057077e-06
HILL_CLIMBING,string_category,other,26,True,True,['auP2P'],0.0,other,33,34,6.445799954235554e-05
HILL_CLIMBING,string_category,other,27,True,True,['Cl'],0.0,other,6,7,1.3833996490575371e-05
HILL_CLIMBING,string_category,other,28,True,True,['LMeoT'],0.0,other,8,9,2.304199733771384e-05
HILL_CLIMBING,string_category,other,29,True,True,['2V'],0.0,other,0,1,3.4580007195472717e-06
HILL_CLIMBING,string_category,short_palindrome,0,True,True,['FNF'],0.0,short_palindrome,42,43,8.958400576375425e-05
HILL_CLIMBING,string_category,short_palindrome,1,True,True,['O'],0.0,short_palindrome,21,22,5.195799167267978e-05
HILL_CLIMBING,string_category,short_palindrome,2,True,True,['a'],0.0,short_palindrome,20,21,4.7541994717903435e-05
HILL_CLIMBING,string_category,short_palindrome,3,True,True,['l'],0.0,short_palindrome,38,39,8.558400440961123e-05
HILL_CLIMBING,string_category,short_palindrome,4,True,True,['l'],0.0,short_palindrome,6,7,1.533300383016467e-05
HILL_CLIMBING,string_category,short_palindrome,5,True,True,['ww'],0.0,short_palindrome,5,6,1.4833000022917986e-05
HILL_CLIMBING,string_category,short_palindrome,6,True,True,['y'],0.0,short_palindrome,23,24,5.254099960438907e-05
HILL_CLIMBING,string_category,short_palindrome,7,True,True,['j'],0.0,short_palindrome,37,38,7.899999036453664e-05
HILL_CLIMBING,string_category,short_palindrome,8,True,True,['1'],0.0,short_palindrome,1,2,5.1249953685328364e-06
HILL_CLIMBING,string_category,short_palindrome,9,True,True,['E'],0.0,short_palindrome,25,26,5.633299588225782e-05
HILL_CLIMBING,string_category,short_palindrome,10,True,True,['U'],0.0,short_palindrome,45,46,9.4832998001948e-05
HILL_CLIMBING,string_category,short_palindrome,11,True,True,['V'],0.0,short_palindrome,37,38,7.700000423938036e-05
HILL_CLIMBING,string_category,short_palindrome,12,True,True,['4'],0.0,short_palindrome,30,31,6.833299994468689e-05
HILL_CLIMBING,string_category,short_palindrome,13,True,True,['4'],0.0,short_palindrome,35,36,6.966700311750174e-05
HILL_CLIMBING,string_category,short_palindrome,14,True,True,['t'],0.0,short_palindrome,4,5,1.0541989468038082e-05
HILL_CLIMBING,string_category,short_palindrome,15,True,True,['q'],0.0,short_palindrome,3,4,1.1167008779011668e-05
HILL_CLIMBING,string_category,short_palindrome,16,True,True,['t'],0.0,short_palindrome,8,9,2.0000006770715117e-05
HILL_CLIMBING,string_category,short_palindrome,17,True,True,['j'],0.0,short_palindrome,24,25,5.329199484549463e-05
HILL_CLIMBING,string_category,short_palindrome,18,True,True,['r'],0.0,short_palindrome,6,7,1.6749996575526893e-05
HILL_CLIMBING,string_category,short_palindrome,19,True,True,['3'],0.0,short_palindrome,14,15,3.316700167488307e-05
HILL_CLIMBING,string_category,short_palindrome,20,True,True,['0'],0.0,short_palindrome,33,34,6.80840021232143e-05
HILL_CLIMBING,string_category,short_palindrome,21,True,True,['3'],0.0,short_palindrome,32,33,7.033400470390916e-05
HILL_CLIMBING,string_category,short_palindrome,22,True,True,['v'],0.0,short_palindrome,20,21,4.370800161268562e-05
HILL_CLIMBING,string_category,short_palindrome,23,True,True,['K'],0.0,short_palindrome,0,1,3.459004801698029e-06
HILL_CLIMBING,string_category,short_palindrome,24,True,True,['Y'],0.0,short_palindrome,33,34,7.433400605805218e-05
HILL_CLIMBING,string_category,short_palindrome,25,True,True,['p'],0.0,short_palindrome,30,31,6.425000901799649e-05
HILL_CLIMBING,string_category,short_palindrome,26,True,True,['O'],0.0,short_palindrome,50,51,9.941599273588508e-05
HILL_CLIMBING,string_category,short_palindrome,27,True,True,['EE'],0.0,short_palindrome,18,19,4.1749997762963176e-05
HILL_CLIMBING,string_category,short_palindrome,28,True,True,['U'],0.0,short_palindrome,25,26,5.5333992349915206e-05
HILL_CLIMBING,string_category,short_palindrome,29,True,True,['B'],0.0,short_palindrome,2,3,7.08398874849081e-06
HILL_CLIMBING,transaction_pattern,contains_zero,0,True,True,"[[-1, 8, 6, 15, -14, 6, 3, 0]]",0.0,contains_zero,48,49,0.0001381660113111
HILL_CLIMBING,transaction_pattern,contains_zero,1,True,True,"[[-13, 7, -8, -3, 0]]",0.0,contains_zero,4,5,1.9000013708136976e-05
HILL_CLIMBING,transaction_pattern,contains_zero,2,True,True,"[[0, -12, -8, 3, 11, -14]]",0.0,contains_zero,23,24,6.166700040921569e-05
HILL_CLIMBING,transaction_pattern,contains_zero,3,True,True,"[[0, -19, 2, -8, 10, 14, 19, -8]]",0.0,contains_zero,0,1,5.165988113731146e-06
HILL_CLIMBING,transaction_pattern,contains_zero,4,True,True,"[[11, -19, 0]]",0.0,contains_zero,6,7,2.3582993890158832e-05
HILL_CLIMBING,transaction_pattern,contains_zero,5,True,True,"[[-20, 0, 1, 3, -17]]",0.0,contains_zero,80,81,0.0002106659958371
HILL_CLIMBING,transaction_pattern,contains_zero,6,True,True,"[[-20, 0, -11, -1, -15, -17, -14]]",0.0,contains_zero,7,8,3.2625001040287316e-05
HILL_CLIMBING,transaction_pattern,contains_zero,7,True,True,"[[7, -10, -4, 0, -6, 2]]",0.0,contains_zero,6,7,2.8000009479001164e-05
HILL_CLIMBING,transaction_pattern,contains_zero,8,True,True,"[[2, -11, 15, 9, 17, 0]]",0.0,contains_zero,28,29,7.466701208613813e-05
HILL_CLIMBING,transaction_pattern,contains_zero,9,True,True,"[[-1, 7, -6, -12, 18, 0]]",0.0,contains_zero,17,18,5.49160031368956e-05
HILL_CLIMBING,transaction_pattern,contains_zero,10,True,True,"[[-9, 14, 18, 8, 3, 0]]",0.0,contains_zero,2,3,1.5124998753890395e-05
HILL_CLIMBING,transaction_pattern,contains_zero,11,True,True,"[[0, 17]]",0.0,contains_zero,54,55,0.0001155409991042
HILL_CLIMBING,transaction_pattern,contains_zero,12,True,True,"[[3, -11, -19, -13, 16, 0]]",0.0,contains_zero,2,3,1.2459000572562218e-05
HILL_CLIMBING,transaction_pattern,contains_zero,13,True,True,"[[0, -5]]",0.0,contains_zero,54,55,0.000159374991199
HILL_CLIMBING,transaction_pattern,contains_zero,14,True,True,"[[0, -13, 20, 15, 18, -2]]",0.0,contains_zero,100,101,0.0002595829864731
HILL_CLIMBING,transaction_pattern,contains_zero,15,True,True,"[[0, 17, 10, -4, -20]]",0.0,contains_zero,46,47,0.0001325409975834
HILL_CLIMBING,transaction_pattern,contains_zero,16,True,True,"[[0, -2, -15]]",0.0,contains_zero,0,1,3.583001671358943e-06
HILL_CLIMBING,transaction_pattern,contains_zero,17,True,True,"[[-14, 19, 0, 7, 18, -13, 7]]",0.0,contains_zero,4,5,2.354101161472499e-05
HILL_CLIMBING,transaction_pattern,contains_zero,18,True,True,[[0]],0.0,contains_zero,94,95,0.0002299579937243
HILL_CLIMBING,transaction_pattern,contains_zero,19,True,True,"[[-9, 20, 15, 3, -18, 3, 0]]",0.0,contains_zero,52,53,0.0001738330029183
HILL_CLIMBING,transaction_pattern,contains_zero,20,True,True,"[[-1, 14, -12, 0]]",0.0,contains_zero,56,57,0.0001319160073762
HILL_CLIMBING,transaction_pattern,contains_zero,21,True,True,"[[0, 16, 13, -16, -2, -20, -5]]",0.0,contains_zero,13,14,5.599998985417187e-05
HILL_CLIMBING,transaction_pattern,contains_zero,22,True,True,"[[-1, 20, -16, -1, -20, 15, 7, 0]]",0.0,contains_zero,134,135,0.000322124993545
HILL_CLIMBING,transaction_pattern,contains_zero,23,True,True,"[[0, -11, -11, -19]]",0.0,contains_zero,9,10,2.63339898083359e-05
HILL_CLIMBING,transaction_pattern,contains_zero,24,True,True,"[[0, 11]]",0.0,contains_zero,23,24,6.874999962747097e-05
HILL_CLIMBING,transaction_pattern,contains_zero,25,True,True,"[[-3, 6, -16, -3, 0]]",0.0,contains_zero,31,32,0.0001027079997584
HILL_CLIMBING,transaction_pattern,contains_zero,26,True,True,"[[13, -4, 1, 15, 0]]",0.0,contains_zero,46,47,0.0001175000070361
HILL_CLIMBING,transaction_pattern,contains_zero,27,True,True,"[[-8, -3, -7, 1, 0]]",0.0,contains_zero,31,32,0.0001071250007953
HILL_CLIMBING,transaction_pattern,contains_zero,28,True,True,"[[-9, -4, 6, 14, 20, -19, -1, 0]]",0.0,contains_zero,54,55,0.000145917001646
HILL_CLIMBING,transaction_pattern,contains_zero,29,True,True,"[[0, -2]]",0.0,contains_zero,17,18,3.8416997995227575e-05
HILL_CLIMBING,transaction_pattern,empty,0,True,True,[[]],0.0,empty,17,18,5.2167000831104815e-05
HILL_CLIMBING,transaction_pattern,empty,1,True,True,[[]],0.0,empty,2,3,9.417010005563498e-06
HILL_CLIMBING,transaction_pattern,empty,2,True,True,[[]],0.0,empty,16,17,4.354199336376041e-05
HILL_CLIMBING,transaction_pattern,empty,3,True,True,[[]],0.0,empty,4,5,1.3500000932253895e-05
HILL_CLIMBING,transaction_pattern,empty,4,True,True,[[]],0.0,empty,36,37,7.929200364742428e-05
HILL_CLIMBING,transaction_pattern,empty,5,True,True,[[]],0.0,empty,15,16,3.675000334624201e-05
HILL_CLIMBING,transaction_pattern,empty,6,True,True,[[]],0.0,empty,15,16,3.2957992516458035e-05
HILL_CLIMBING,transaction_pattern,empty,7,True,True,[[]],0.0,empty,13,14,2.966700412798673e-05
HILL_CLIMBING,transaction_pattern,empty,8,True,True,[[]],0.0,empty,20,21,5.2041999879293144e-05
HILL_CLIMBING,transaction_pattern,empty,9,True,True,[[]],0.0,empty,10,11,2.329199924133718e-05
HILL_CLIMBING,transaction_pattern,empty,10,True,True,[[]],0.0,empty,10,11,2.7250003768131137e-05
HILL_CLIMBING,transaction_pattern,empty,11,True,True,[[]],0.0,empty,15,16,4.3917010771110654e-05
HILL_CLIMBING,transaction_pattern,empty,12,True,True,[[]],0.0,empty,5,6,1.2958000297658144e-05
HILL_CLIMBING,transaction_pattern,empty,13,True,True,[[]],0.0,empty,8,9,2.6709007215686142e-05
HILL_CLIMBING,transaction_pattern,empty,14,True,True,[[]],0.0,empty,19,20,5.4292002459988e-05
HILL_CLIMBING,transaction_pattern,empty,15,True,True,[[]],0.0,empty,21,22,5.908300227019936e-05
HILL_CLIMBING,transaction_pattern,empty,16,True,True,[[]],0.0,empty,10,11,2.3415996110998097e-05
HILL_CLIMBING,transaction_pattern,empty,17,True,True,[[]],0.0,empty,3,4,1.3416996807791293e-05
HILL_CLIMBING,transaction_pattern,empty,18,True,True,[[]],0.0,empty,16,17,3.995899169240147e-05
HILL_CLIMBING,transaction_pattern,empty,19,True,True,[[]],0.0,empty,4,5,1.1167008779011668e-05
HILL_CLIMBING,transaction_pattern,empty,20,True,True,[[]],0.0,empty,23,24,5.645799683406949e-05
HILL_CLIMBING,transaction_pattern,empty,21,True,True,[[]],0.0,empty,10,11,2.8875001589767635e-05
HILL_CLIMBING,transaction_pattern,empty,22,True,True,[[]],0.0,empty,19,20,4.804099444299936e-05
HILL_CLIMBING,transaction_pattern,empty,23,True,True,[[]],0.0,empty,19,20,5.2333009080030024e-05
HILL_CLIMBING,transaction_pattern,empty,24,True,True,[[]],0.0,empty,13,14,4.5666994992643595e-05
HILL_CLIMBING,transaction_pattern,empty,25,True,True,[[]],0.0,empty,32,33,8.620800508651882e-05
HILL_CLIMBING,transaction_pattern,empty,26,True,True,[[]],0.0,empty,16,17,4.0041006286628544e-05
HILL_CLIMBING,transaction_pattern,empty,27,True,True,[[]],0.0,empty,7,8,2.070800110232085e-05
HILL_CLIMBING,transaction_pattern,empty,28,True,True,[[]],0.0,empty,20,21,5.991698708385229e-05
HILL_CLIMBING,transaction_pattern,empty,29,True,True,[[]],0.0,empty,4,5,1.2542004697024822e-05
HILL_CLIMBING,transaction_pattern,many_large_deposits,0,True,True,"[[5, 20, 9, 20, 15, 12, 20, 4]]",0.0,many_large_deposits,85,86,0.0002817500062519
HILL_CLIMBING,transaction_pattern,many_large_deposits,1,True,True,"[[13, 13, 19, 15, 17, 20, 2, 2]]",0.0,many_large_deposits,52,53,0.000152207998326
HILL_CLIMBING,transaction_pattern,many_large_deposits,2,True,True,"[[13, 16, 9, 7, 19, 20, 13, 7]]",0.0,many_large_deposits,68,69,0.0002111670037265
HILL_CLIMBING,transaction_pattern,many_large_deposits,3,True,True,"[[20, 20, 2, 17, 7, 15, 11, 9]]",0.0,many_large_deposits,57,58,0.0001558330113766
HILL_CLIMBING,transaction_pattern,many_large_deposits,4,True,True,"[[17, 20, 4, 4, 12, 20, 18, 7]]",0.0,many_large_deposits,104,105,0.0002714590082177
HILL_CLIMBING,transaction_pattern,many_large_deposits,5,True,True,"[[20, 17, 16, 16, 7, 15, 1, 13]]",0.0,many_large_deposits,49,50,0.0001311250089202
HILL_CLIMBING,transaction_pattern,many_large_deposits,6,True,True,"[[9, 14, 7, 20, 15, 8, 20, 8]]",0.0,many_large_deposits,86,87,0.0002302499924553
HILL_CLIMBING,transaction_pattern,many_large_deposits,7,True,True,"[[18, 14, 2, 18, 15, 11, 17, 9]]",0.0,many_large_deposits,28,29,0.0001132500037783
HILL_CLIMBING,transaction_pattern,many_large_deposits,8,True,True,"[[15, 3, 18, 5, 13, 9, 18, 20]]",0.0,many_large_deposits,25,26,7.041699427645653e-05
HILL_CLIMBING,transaction_pattern,many_large_deposits,9,True,True,"[[20, 10, 17, 20, 12, 3, 7, 12]]",0.0,many_large_deposits,57,58,0.0001361250033369
HILL_CLIMBING,transaction_pattern,many_large_deposits,10,True,True,"[[8, 20, 14, 20, 7, 17, 20]]",0.0,many_large_deposits,60,61,0.0002189590013585
HILL_CLIMBING,transaction_pattern,many_large_deposits,11,True,True,"[[16, 20, 20, 11, 15, 8, 10, 2]]",0.0,many_large_deposits,85,86,0.000229584009503
HILL_CLIMBING,transaction_pattern,many_large_deposits,12,True,True,"[[17, 18, 18, 13, 13, 19, 1, 3]]",0.0,many_large_deposits,67,68,0.0001678339904174
HILL_CLIMBING,transaction_pattern,many_large_deposits,13,True,True,"[[20, 7, 16, 15, 4, 11, 12, 16]]",0.0,many_large_deposits,32,33,0.0001036250032484
HILL_CLIMBING,transaction_pattern,many_large_deposits,14,True,True,"[[19, 8, 8, 5, 20, 6, 18, 17]]",0.0,many_large_deposits,46,47,0.0001640419941395
HILL_CLIMBING,transaction_pattern,many_large_deposits,15,True,True,"[[2, 4, 11, 16, 19, 20, 15, 16]]",0.0,many_large_deposits,54,55,0.0001686670002527
HILL_CLIMBING,transaction_pattern,many_large_deposits,16,True,True,"[[17, 1, 18, 18, 3, 16, 20, 13]]",0.0,many_large_deposits,16,17,6.445799954235554e-05
HILL_CLIMBING,transaction_pattern,many_large_deposits,17,True,True,"[[4, 20, 9, 20, 18, 4, 8, 18]]",0.0,many_large_deposits,80,81,0.0002775000029942
HILL_CLIMBING,transaction_pattern,many_large_deposits,18,True,True,"[[9, 8, 19, 1, 17, 16, 20, 14]]",0.0,many_large_deposits,19,20,7.533399912063032e-05
HILL_CLIMBING,transaction_pattern,many_large_deposits,19,True,True,"[[11, 17, 7, 15, 20, 11, 18, 2]]",0.0,many_large_deposits,58,59,0.0001981670066015
HILL_CLIMBING,transaction_pattern,many_large_deposits,20,True,True,"[[20, 20, 16, 5, 12, 7, 10, 14]]",0.0,many_large_deposits,46,47,0.0001324170007137
HILL_CLIMBING,transaction_pattern,many_large_deposits,21,True,True,"[[16, 8, 20, 20, 13, 13, 10, 20]]",0.0,many_large_deposits,51,52,0.0001474169985158
HILL_CLIMBING,transaction_pattern,many_large_deposits,22,True,True,"[[15, 13, 20, 7, 11, 7, 18, 11]]",0.0,many_large_deposits,38,39,0.0001306670019403
HILL_CLIMBING,transaction_pattern,many_large_deposits,23,True,True,"[[18, 20, 19, 19, 1, 8, 5, 11]]",0.0,many_large_deposits,64,65,0.0001808749948395
HILL_CLIMBING,transaction_pattern,many_large_deposits,24,True,True,"[[17, 18, 20, 5, 14, 4, 20, 7]]",0.0,many_large_deposits,67,68,0.0001715839898679
HILL_CLIMBING,transaction_pattern,many_large_deposits,25,True,True,"[[20, 20, 14, 2, 10, 7, 13, 19]]",0.0,many_large_deposits,81,82,0.0002079580008285
HILL_CLIMBING,transaction_pattern,many_large_deposits,26,True,True,"[[20, 16, 20, 3, 5, 13, 14, 13]]",0.0,many_large_deposits,97,98,0.0002721659984672
HILL_CLIMBING,transaction_pattern,many_large_deposits,27,True,True,"[[19, 9, 13, 15, 4, 19, 11, 11]]",0.0,many_large_deposits,49,50,0.0001367079967167
HILL_CLIMBING,transaction_pattern,many_large_deposits,28,True,True,"[[15, 20, 9, 9, 20, 15, 12, 2]]",0.0,many_large_deposits,53,54,0.0001922079973155
HILL_CLIMBING,transaction_pattern,many_large_deposits,29,True,True,"[[7, 9, 20, 13, 11, 13, 12, 19]]",0.0,many_large_deposits,71,72,0.0002143339952453
HILL_CLIMBING,transaction_pattern,many_large_withdrawals,0,True,True,"[[-20, -20, -15]]",0.0,many_large_withdrawals,7,8,2.5040993932634592e-05
HILL_CLIMBING,transaction_pattern,many_large_withdrawals,1,True,True,"[[-11, -20, -18, -2]]",0.0,many_large_withdrawals,25,26,7.041699427645653e-05
HILL_CLIMBING,transaction_pattern,many_large_withdrawals,2,True,True,"[[-20, -9, -5, -8, -5, -10]]",0.0,many_large_withdrawals,20,21,6.508298974949867e-05
HILL_CLIMBING,transaction_pattern,many_large_withdrawals,3,True,True,"[[-4, -8, -4, -15, -12, -14]]",0.0,many_large_withdrawals,18,19,5.891600449103862e-05
HILL_CLIMBING,transaction_pattern,many_large_withdrawals,4,True,True,"[[-3, -1, -20, -20, -7]]",0.0,many_large_withdrawals,32,33,9.4292001449503e-05
HILL_CLIMBING,transaction_pattern,many_large_withdrawals,5,True,True,"[[5, -20, -13, -14, -10]]",0.0,many_large_withdrawals,17,18,7.224999717436731e-05
HILL_CLIMBING,transaction_pattern,many_large_withdrawals,6,True,True,"[[-20, -5, -5, -17, -5]]",0.0,many_large_withdrawals,36,37,9.64579958235845e-05
HILL_CLIMBING,transaction_pattern,many_large_withdrawals,7,True,True,"[[7, -13, -7, -19, -8, -12]]",0.0,many_large_withdrawals,7,8,3.5958990338258445e-05
HILL_CLIMBING,transaction_pattern,many_large_withdrawals,8,True,True,"[[11, -16, -10, -10, -9, -10, -19]]",0.0,many_large_withdrawals,10,11,5.458301166072488e-05
HILL_CLIMBING,transaction_pattern,many_large_withdrawals,9,True,True,"[[-13, -13, -9, -12, -4]]",0.0,many_large_withdrawals,28,29,7.395799912046641e-05
HILL_CLIMBING,transaction_pattern,many_large_withdrawals,10,True,True,"[[-11, 8, -12, -16, -9, -6, -9]]",0.0,many_large_withdrawals,17,18,6.520800525322556e-05
HILL_CLIMBING,transaction_pattern,many_large_withdrawals,11,True,True,"[[-6, -15, -20, -10, -15, -3]]",0.0,many_large_withdrawals,14,15,6.587499228771776e-05
HILL_CLIMBING,transaction_pattern,many_large_withdrawals,12,True,True,"[[-11, -3, -12, -11, -14]]",0.0,many_large_withdrawals,43,44,0.0001391249970765
HILL_CLIMBING,transaction_pattern,many_large_withdrawals,13,True,True,"[[-17, -20, -8, -20]]",0.0,many_large_withdrawals,45,46,9.620899800211193e-05
HILL_CLIMBING,transaction_pattern,many_large_withdrawals,14,True,True,"[[-1, -6, -7, -14, -20, -18]]",0.0,many_large_withdrawals,29,30,7.695899694226682e-05
HILL_CLIMBING,transaction_pattern,many_large_withdrawals,15,True,True,"[[-6, -9, -12, -3, -2, -19]]",0.0,many_large_withdrawals,18,19,6.704199768137187e-05
HILL_CLIMBING,transaction_pattern,many_large_withdrawals,16,True,True,"[[12, -19, -8, -14, -7, -2, -11, -10]]",0.0,many_large_withdrawals,10,11,5.254099960438907e-05
HILL_CLIMBING,transaction_pattern,many_large_withdrawals,17,True,True,"[[-12, -9, -16, -14]]",0.0,many_large_withdrawals,16,17,5.3916999604552984e-05
HILL_CLIMBING,transaction_pattern,many_large_withdrawals,18,True,True,"[[3, -17, -9, 17, -18, -10, -20]]",0.0,many_large_withdrawals,33,34,0.0001080829970305
HILL_CLIMBING,transaction_pattern,many_large_withdrawals,19,True,True,"[[-8, -14, -20, -6, -15]]",0.0,many_large_withdrawals,18,19,5.616700218524784e-05
HILL_CLIMBING,transaction_pattern,many_large_withdrawals,20,True,True,"[[20, -17, -11, -8, -11, -13, -2, -12]]",0.0,many_large_withdrawals,11,12,6.391599890775979e-05
HILL_CLIMBING,transaction_pattern,many_large_withdrawals,21,True,True,"[[-3, 5, 5, -18, -13, -18, -19]]",0.0,many_large_withdrawals,14,15,6.77499920129776e-05
HILL_CLIMBING,transaction_pattern,many_large_withdrawals,22,True,True,"[[19, -7, -16, -17, 5, -15, -12, -14]]",0.0,many_large_withdrawals,5,6,3.0625000363215804e-05
HILL_CLIMBING,transaction_pattern,many_large_withdrawals,23,True,True,"[[-2, -17, -20, -6, -3, -1, -2]]",0.0,many_large_withdrawals,17,18,5.1042006816715e-05
HILL_CLIMBING,transaction_pattern,many_large_withdrawals,24,True,True,"[[11, -16, -9, -15, 2, -16, -12]]",0.0,many_large_withdrawals,3,4,1.9500002963468432e-05
HILL_CLIMBING,transaction_pattern,many_large_withdrawals,25,True,True,"[[-4, -14, -11, -16, -9]]",0.0,many_large_withdrawals,30,31,7.62919953558594e-05
HILL_CLIMBING,transaction_pattern,many_large_withdrawals,26,True,True,"[[1, -12, -14, -14, -13]]",0.0,many_large_withdrawals,18,19,5.645799683406949e-05
HILL_CLIMBING,transaction_pattern,many_large_withdrawals,27,True,True,"[[-1, -2, -6, -10, -3, -11, -6, -16]]",0.0,many_large_withdrawals,29,30,9.775000216905028e-05
HILL_CLIMBING,transaction_pattern,many_large_withdrawals,28,True,True,"[[-18, -13, -1, -14, -1, -6]]",0.0,many_large_withdrawals,15,16,6.25829998170957e-05
HILL_CLIMBING,transaction_pattern,many_large_withdrawals,29,True,True,"[[-16, -8, -8, -16, -9]]",0.0,many_large_withdrawals,13,14,5.329199484549463e-05
HILL_CLIMBING,transaction_pattern,mixed_transactions,0,True,True,"[[13, 20, -19]]",0.0,mixed_transactions,6,7,2.0334002329036593e-05
HILL_CLIMBING,transaction_pattern,mixed_transactions,1,True,True,"[[1, -13]]",0.0,mixed_transactions,2,3,9.540992323309185e-06
HILL_CLIMBING,transaction_pattern,mixed_transactions,2,True,True,"[[-20, 11]]",0.0,mixed_transactions,17,18,5.224999040365219e-05
HILL_CLIMBING,transaction_pattern,mixed_transactions,3,True,True,"[[-2, 2]]",0.0,mixed_transactions,13,14,3.212499723304063e-05
HILL_CLIMBING,transaction_pattern,mixed_transactions,4,True,True,"[[2, 6, 12, -18]]",0.0,mixed_transactions,5,6,1.8250007997266948e-05
HILL_CLIMBING,transaction_pattern,mixed_transactions,5,True,True,"[[5, 8, -20, -1, 6]]",0.0,mixed_transactions,0,1,6.374990334734321e-06
HILL_CLIMBING,transaction_pattern,mixed_transactions,6,True,True,"[[-4, 20, 2, -11, -13, 16]]",0.0,mixed_transactions,0,1,6.6250067902728915e-06
HILL_CLIMBING,transaction_pattern,mixed_transactions,7,True,True,"[[-3, -1, 18]]",0.0,mixed_transactions,4,5,1.9500002963468432e-05
HILL_CLIMBING,transaction_pattern,mixed_transactions,8,True,True,"[[-2, -9, -13, 9]]",0.0,mixed_transactions,7,8,2.8624999686144292e-05
HILL_CLIMBING,transaction_pattern,mixed_transactions,9,True,True,"[[20, -7]]",0.0,mixed_transactions,2,3,1.145800342783332e-05
HILL_CLIMBING,transaction_pattern,mixed_transactions,10,True,True,"[[-11, 9]]",0.0,mixed_transactions,5,6,1.6749996575526893e-05
HILL_CLIMBING,transaction_pattern,mixed_transactions,11,True,True,"[[-11, -18, 2]]",0.0,mixed_transactions,1,2,9.333001798950136e-06
HILL_CLIMBING,transaction_pattern,mixed_transactions,12,True,True,"[[11, -5, 7, 11, 17, -2, -7, -15]]",0.0,mixed_transactions,0,1,7.333001121878624e-06
HILL_CLIMBING,transaction_pattern,mixed_transactions,13,True,True,"[[8, -12, 16, -6, -13, 14, 20, 14]]",0.0,mixed_transactions,0,1,7.708993507549167e-06
HILL_CLIMBING,transaction_pattern,mixed_transactions,14,True,True,"[[-5, 16, 5, 13, 16, 9, -10]]",0.0,mixed_transactions,0,1,6.04201341047883e-06
HILL_CLIMBING,transaction_pattern,mixed_transactions,15,True,True,"[[-11, -19, 19]]",0.0,mixed_transactions,5,6,1.841600169427693e-05
HILL_CLIMBING,transaction_pattern,mixed_transactions,16,True,True,"[[12, 3, 6, 12, 5, 7, -10]]",0.0,mixed_transactions,5,6,2.608299837447703e-05
HILL_CLIMBING,transaction_pattern,mixed_transactions,17,True,True,"[[8, 13, -8]]",0.0,mixed_transactions,9,10,2.804100222419947e-05
HILL_CLIMBING,transaction_pattern,mixed_transactions,18,True,True,"[[12, -1]]",0.0,mixed_transactions,4,5,1.2917007552459836e-05
HILL_CLIMBING,transaction_pattern,mixed_transactions,19,True,True,"[[-9, -3, -13, 11]]",0.0,mixed_transactions,4,5,2.0583989680744708e-05
HILL_CLIMBING,transaction_pattern,mixed_transactions,20,True,True,"[[9, -2, -13, -12, 4, 20, 7, 8]]",0.0,mixed_transactions,0,1,6.6250067902728915e-06
HILL_CLIMBING,transaction_pattern,mixed_transactions,21,True,True,"[[-12, -15, -12, 5, 8, 13]]",0.0,mixed_transactions,0,1,6.457994459196925e-06
HILL_CLIMBING,transaction_pattern,mixed_transactions,22,True,True,"[[4, 16, 12, 12, -9]]",0.0,mixed_transactions,8,9,3.283300611656159e-05
HILL_CLIMBING,transaction_pattern,mixed_transactions,23,True,True,"[[-2, 15, -19, -11, -3, 3, 7, -10]]",0.0,mixed_transactions,0,1,7.833004929125309e-06
HILL_CLIMBING,transaction_pattern,mixed_transactions,24,True,True,"[[9, -2]]",0.0,mixed_transactions,0,1,4.542001988738775e-06
HILL_CLIMBING,transaction_pattern,mixed_transactions,25,True,True,"[[-7, 17, 17, -8]]",0.0,mixed_transactions,0,1,5.1249953685328364e-06
HILL_CLIMBING,transaction_pattern,mixed_transactions,26,True,True,"[[7, 20, 8, 5, 14, 8, -15]]",0.0,mixed_transactions,7,8,3.0417009838856757e-05
HILL_CLIMBING,transaction_pattern,mixed_transactions,27,True,True,"[[-5, 8, -8, -7]]",0.0,mixed_transactions,0,1,4.832996637560427e-06
HILL_CLIMBING,transaction_pattern,mixed_transactions,28,True,True,"[[8, -12, -9, -2]]",0.0,mixed_transactions,1,2,1.0292002116329968e-05
HILL_CLIMBING,transaction_pattern,mixed_transactions,29,True,True,"[[4, 16, -13]]",0.0,mixed_transactions,0,1,5.0000089686363935e-06
HILL_CLIMBING,transaction_pattern,simple_pattern,0,True,True,"[[-1, -18]]",0.0,simple_pattern,7,8,3.5208999179303646e-05
HILL_CLIMBING,transaction_pattern,simple_pattern,1,True,True,"[[4, 2, 20]]",0.0,simple_pattern,61,62,0.0001824159990064
HILL_CLIMBING,transaction_pattern,simple_pattern,2,True,True,"[[-17, -6]]",0.0,simple_pattern,0,1,4.5000051613897085e-06
HILL_CLIMBING,transaction_pattern,simple_pattern,3,True,True,[[-12]],0.0,simple_pattern,16,17,7.254199590533972e-05
HILL_CLIMBING,transaction_pattern,simple_pattern,4,True,True,[[18]],0.0,simple_pattern,0,1,3.958004526793957e-06
HILL_CLIMBING,transaction_pattern,simple_pattern,5,True,True,[[-6]],0.0,simple_pattern,0,1,4.916000762023032e-06
HILL_CLIMBING,transaction_pattern,simple_pattern,6,True,True,"[[5, 7]]",0.0,simple_pattern,15,16,6.350000330712646e-05
HILL_CLIMBING,transaction_pattern,simple_pattern,7,True,True,"[[13, 15]]",0.0,simple_pattern,0,1,4.417001036927104e-06
HILL_CLIMBING,transaction_pattern,simple_pattern,8,True,True,[[-9]],0.0,simple_pattern,16,17,6.437499541789293e-05
HILL_CLIMBING,transaction_pattern,simple_pattern,9,True,True,"[[10, 16]]",0.0,simple_pattern,2,3,1.18750031106174e-05
HILL_CLIMBING,transaction_pattern,simple_pattern,10,True,True,[[-10]],0.0,simple_pattern,57,58,0.0002108330081682
HILL_CLIMBING,transaction_pattern,simple_pattern,11,True,True,[[18]],0.0,simple_pattern,44,45,0.0001554579939693
HILL_CLIMBING,transaction_pattern,simple_pattern,12,True,True,"[[-6, -17]]",0.0,simple_pattern,14,15,5.6958000641316175e-05
HILL_CLIMBING,transaction_pattern,simple_pattern,13,True,True,"[[3, 11, 2]]",0.0,simple_pattern,25,26,0.0001004169898806
HILL_CLIMBING,transaction_pattern,simple_pattern,14,True,True,[[-15]],0.0,simple_pattern,56,57,0.0001982079993467
HILL_CLIMBING,transaction_pattern,simple_pattern,15,True,True,[[-18]],0.0,simple_pattern,1,2,6.166999810375273e-06
HILL_CLIMBING,transaction_pattern,simple_pattern,16,True,True,[[-14]],0.0,simple_pattern,7,8,3.395900421310216e-05
HILL_CLIMBING,transaction_pattern,simple_pattern,17,True,True,[[8]],0.0,simple_pattern,30,31,0.0001083750103134
HILL_CLIMBING,transaction_pattern,simple_pattern,18,True,True,"[[-7, -16, -10]]",0.0,simple_pattern,10,11,4.5374996261671185e-05
HILL_CLIMBING,transaction_pattern,simple_pattern,19,True,True,"[[-11, -5, -15]]",0.0,simple_pattern,12,13,5.054200300946832e-05
HILL_CLIMBING,transaction_pattern,simple_pattern,20,True,True,"[[8, 18, 13]]",0.0,simple_pattern,3,4,1.462500949855894e-05
HILL_CLIMBING,transaction_pattern,simple_pattern,21,True,True,[[-15]],0.0,simple_pattern,16,17,6.35839969618246e-05
HILL_CLIMBING,transaction_pattern,simple_pattern,22,True,True,[[-3]],0.0,simple_pattern,5,6,2.1750005544163287e-05
HILL_CLIMBING,transaction_pattern,simple_pattern,23,True,True,"[[-19, -16]]",0.0,simple_pattern,26,27,0.0001114170008804
HILL_CLIMBING,transaction_pattern,simple_pattern,24,True,True,"[[13, 4, 20, 8]]",0.0,simple_pattern,10,11,4.916699253953993e-05
HILL_CLIMBING,transaction_pattern,simple_pattern,25,True,True,[[20]],0.0,simple_pattern,33,34,0.0001322909956797
HILL_CLIMBING,transaction_pattern,simple_pattern,26,True,True,"[[-17, -9]]",0.0,simple_pattern,9,10,4.333400283940136e-05
HILL_CLIMBING,transaction_pattern,simple_pattern,27,True,True,"[[-20, -4]]",0.0,simple_pattern,91,92,0.0003359999973326
HILL_CLIMBING,transaction_pattern,simple_pattern,28,True,True,"[[-19, -20]]",0.0,simple_pattern,12,13,5.6791992392390966e-05
HILL_CLIMBING,transaction_pattern,simple_pattern,29,True,True,[[16]],0.0,simple_pattern,7,8,3.270899469498545e-05
HILL_CLIMBING,triangle_type,equilateral,0,False,False,"[616, 616, 615]",1.0,,907,8095,0.0246512080047978
HILL_CLIMBING,triangle_type,equilateral,1,True,True,"[236, 236, 236]",0.0,equilateral,128,129,0.0004512919986154
HILL_CLIMBING,triangle_type,equilateral,2,True,True,"[117, 117, 117]",0.0,equilateral,639,640,0.0020167089969618
HILL_CLIMBING,triangle_type,equilateral,3,True,True,"[574, 574, 574]",0.0,equilateral,7626,7640,0.0232558749994495
HILL_CLIMBING,triangle_type,equilateral,4,True,True,"[556, 556, 556]",0.0,equilateral,326,327,0.0010216249938821
HILL_CLIMBING,triangle_type,equilateral,5,True,True,"[445, 445, 445]",0.0,equilateral,1397,1400,0.0042675840086303
HILL_CLIMBING,triangle_type,equilateral,6,True,True,"[538, 538, 538]",0.0,equilateral,898,900,0.0027560420130612
HILL_CLIMBING,triangle_type,equilateral,7,True,True,"[412, 412, 412]",0.0,equilateral,332,333,0.0010228339961031
HILL_CLIMBING,triangle_type,equilateral,8,True,True,"[588, 588, 588]",0.0,equilateral,2397,2401,0.0073709159914869
HILL_CLIMBING,triangle_type,equilateral,9,True,True,"[686, 686, 686]",0.0,equilateral,2228,2232,0.0067871669889427
HILL_CLIMBING,triangle_type,equilateral,10,True,True,"[350, 350, 350]",0.0,equilateral,611,612,0.0018988750089192
HILL_CLIMBING,triangle_type,equilateral,11,True,True,"[297, 297, 297]",0.0,equilateral,165,166,0.000526040996192
HILL_CLIMBING,triangle_type,equilateral,12,True,True,"[555, 555, 555]",0.0,equilateral,1050,1052,0.0031312079954659
HILL_CLIMBING,triangle_type,equilateral,13,True,True,"[348, 348, 348]",0.0,equilateral,5512,5523,0.0167632079974282
HILL_CLIMBING,triangle_type,equilateral,14,True,True,"[595, 595, 595]",0.0,equilateral,683,685,0.0020735829893965
HILL_CLIMBING,triangle_type,equilateral,15,True,True,"[425, 425, 425]",0.0,equilateral,2286,2291,0.0069460420054383
HILL_CLIMBING,triangle_type,equilateral,16,True,True,"[654, 654, 654]",0.0,equilateral,1642,1645,0.0049919169978238
HILL_CLIMBING,triangle_type,equilateral,17,True,True,"[579, 579, 579]",0.0,equilateral,1465,1468,0.004483374999836
HILL_CLIMBING,triangle_type,equilateral,18,True,True,"[963, 963, 963]",0.0,equilateral,4683,4692,0.0142923329985933
HILL_CLIMBING,triangle_type,equilateral,19,True,True,"[738, 738, 738]",0.0,equilateral,5457,5467,0.0160576250054873
HILL_CLIMBING,triangle_type,equilateral,20,True,True,"[370, 370, 370]",0.0,equilateral,1137,1139,0.0035074170009465
HILL_CLIMBING,triangle_type,equilateral,21,True,True,"[441, 441, 441]",0.0,equilateral,2344,2348,0.007063917000778
HILL_CLIMBING,triangle_type,equilateral,22,True,True,"[496, 496, 496]",0.0,equilateral,4156,4164,0.0126015829882817
HILL_CLIMBING,triangle_type,equilateral,23,True,True,"[776, 776, 776]",0.0,equilateral,3457,3464,0.0104590840055607
HILL_CLIMBING,triangle_type,equilateral,24,True,True,"[279, 279, 279]",0.0,equilateral,66,67,0.0002428750012768
HILL_CLIMBING,triangle_type,equilateral,25,True,True,"[717, 717, 717]",0.0,equilateral,1394,1397,0.0042970000067725
HILL_CLIMBING,triangle_type,equilateral,26,True,True,"[224, 224, 224]",0.0,equilateral,4462,4470,0.0137542500015115
HILL_CLIMBING,triangle_type,equilateral,27,True,True,"[586, 586, 586]",0.0,equilateral,191,192,0.0006121249898569
HILL_CLIMBING,triangle_type,equilateral,28,True,True,"[427, 427, 427]",0.0,equilateral,2108,2112,0.0064974999986588
HILL_CLIMBING,triangle_type,equilateral,29,True,True,"[403, 403, 403]",0.0,equilateral,868,870,0.0026762499910546
HILL_CLIMBING,triangle_type,invalid_side,0,True,True,"[190, 0, 225]",0.0,invalid_side,21,22,7.508399721700698e-05
HILL_CLIMBING,triangle_type,invalid_side,1,True,True,"[670, 0, 57]",0.0,invalid_side,31,32,0.0001006249949568
HILL_CLIMBING,triangle_type,invalid_side,2,True,True,"[0, 1000, 549]",0.0,invalid_side,56,57,0.0001630000042496
HILL_CLIMBING,triangle_type,invalid_side,3,True,True,"[488, 0, 866]",0.0,invalid_side,46,47,0.0001317910064244
HILL_CLIMBING,triangle_type,invalid_side,4,True,True,"[766, 0, 725]",0.0,invalid_side,37,38,0.0001193750067614
HILL_CLIMBING,triangle_type,invalid_side,5,True,True,"[489, 120, 0]",0.0,invalid_side,22,23,7.38340022508055e-05
HILL_CLIMBING,triangle_type,invalid_side,6,True,True,"[260, 561, 0]",0.0,invalid_side,12,13,4.458299372345209e-05
HILL_CLIMBING,triangle_type,invalid_side,7,True,True,"[574, 623, 0]",0.0,invalid_side,33,34,9.51249967329204e-05
HILL_CLIMBING,triangle_type,invalid_side,8,True,True,"[42, 0, 631]",0.0,invalid_side,57,58,0.000167499994859
HILL_CLIMBING,triangle_type,invalid_side,9,True,True,"[703, 0, 984]",0.0,invalid_side,3,4,1.479100319556892e-05
HILL_CLIMBING,triangle_type,invalid_side,10,True,True,"[965, 498, 0]",0.0,invalid_side,48,49,0.0001312090025749
HILL_CLIMBING,triangle_type,invalid_side,11,True,True,"[594, 440, 0]",0.0,invalid_side,26,27,8.329100091941655e-05
HILL_CLIMBING,triangle_type,invalid_side,12,True,True,"[461, 102, 0]",0.0,invalid_side,41,42,0.000122666999232
HILL_CLIMBING,triangle_type,invalid_side,13,True,True,"[769, 0, 261]",0.0,invalid_side,17,18,6.641600339207798e-05
HILL_CLIMBING,triangle_type,invalid_side,14,True,True,"[556, 0, 300]",0.0,invalid_side,25,26,8.49170028232038e-05
HILL_CLIMBING,triangle_type,invalid_side,15,True,True,"[0, 986, 247]",0.0,invalid_side,17,18,6.554200081154704e-05
HILL_CLIMBING,triangle_type,invalid_side,16,True,True,"[151, 0, 277]",0.0,invalid_side,30,31,9.32080001803115e-05
HILL_CLIMBING,triangle_type,invalid_side,17,True,True,"[919, 0, 554]",0.0,invalid_side,16,17,6.687499990221113e-05
HILL_CLIMBING,triangle_type,invalid_side,18,True,True,"[0, 202, 760]",0.0,invalid_side,29,30,9.608300752006473e-05
HILL_CLIMBING,triangle_type,invalid_side,19,True,True,"[0, 57, 612]",0.0,invalid_side,22,23,8.883400005288422e-05
HILL_CLIMBING,triangle_type,invalid_side,20,True,True,"[540, 133, 0]",0.0,invalid_side,19,20,6.487499922513962e-05
HILL_CLIMBING,triangle_type,invalid_side,21,True,True,"[844, 0, 998]",0.0,invalid_side,18,19,6.370799383148551e-05
HILL_CLIMBING,triangle_type,invalid_side,22,True,True,"[0, 292, 156]",0.0,invalid_side,26,27,8.416600758209825e-05
HILL_CLIMBING,triangle_type,invalid_side,23,True,True,"[0, 649, 325]",0.0,invalid_side,26,27,8.487500599585474e-05
HILL_CLIMBING,triangle_type,invalid_side,24,True,True,"[804, 0, 522]",0.0,invalid_side,50,51,0.000153291010065
HILL_CLIMBING,triangle_type,invalid_side,25,True,True,"[944, 594, 0]",0.0,invalid_side,19,20,6.495900743175298e-05
HILL_CLIMBING,triangle_type,invalid_side,26,True,True,"[326, 396, 0]",0.0,invalid_side,16,17,5.9707992477342486e-05
HILL_CLIMBING,triangle_type,invalid_side,27,True,True,"[856, 179, 0]",0.0,invalid_side,16,17,6.479100557044148e-05
HILL_CLIMBING,triangle_type,invalid_side,28,True,True,"[0, 189, 313]",0.0,invalid_side,22,23,7.666699821129441e-05
HILL_CLIMBING,triangle_type,invalid_side,29,True,True,"[0, 245, 67]",0.0,invalid_side,39,40,0.0001132909965235
HILL_CLIMBING,triangle_type,isosceles,0,True,True,"[502, 502, 57]",0.0,isosceles,25,26,0.0001201660052174
HILL_CLIMBING,triangle_type,isosceles,1,True,True,"[285, 325, 285]",0.0,isosceles,35,36,0.000149166007759
HILL_CLIMBING,triangle_type,isosceles,2,True,True,"[721, 440, 721]",0.0,isosceles,71,72,0.0002770420105662
HILL_CLIMBING,triangle_type,isosceles,3,True,True,"[547, 490, 547]",0.0,isosceles,26,27,0.0001178749953396
HILL_CLIMBING,triangle_type,isosceles,4,True,True,"[105, 105, 121]",0.0,isosceles,164,165,0.000592875003349
HILL_CLIMBING,triangle_type,isosceles,5,True,True,"[121, 632, 632]",0.0,isosceles,605,607,0.0021171249973122
HILL_CLIMBING,triangle_type,isosceles,6,True,True,"[375, 559, 559]",0.0,isosceles,18,19,8.433299080934376e-05
HILL_CLIMBING,triangle_type,isosceles,7,True,True,"[603, 733, 603]",0.0,isosceles,224,225,0.0008376250043511
HILL_CLIMBING,triangle_type,isosceles,8,True,True,"[122, 42, 122]",0.0,isosceles,121,122,0.000458416994661
HILL_CLIMBING,triangle_type,isosceles,9,True,True,"[971, 798, 971]",0.0,isosceles,4,5,2.937499084509909e-05
HILL_CLIMBING,triangle_type,isosceles,10,True,True,"[948, 948, 856]",0.0,isosceles,132,133,0.0004731249937321
HILL_CLIMBING,triangle_type,isosceles,11,True,True,"[646, 885, 646]",0.0,isosceles,366,367,0.0013330419897101
HILL_CLIMBING,triangle_type,isosceles,12,True,True,"[483, 483, 427]",0.0,isosceles,4,5,2.6958005037158728e-05
HILL_CLIMBING,triangle_type,isosceles,13,True,True,"[937, 937, 395]",0.0,isosceles,248,249,0.000914082993404
HILL_CLIMBING,triangle_type,isosceles,14,True,True,"[857, 868, 857]",0.0,isosceles,56,57,0.0002320839994354
HILL_CLIMBING,triangle_type,isosceles,15,True,True,"[378, 378, 718]",0.0,isosceles,370,371,0.0012536670110421
HILL_CLIMBING,triangle_type,isosceles,16,True,True,"[664, 990, 664]",0.0,isosceles,577,579,0.001933249994181
HILL_CLIMBING,triangle_type,isosceles,17,True,True,"[818, 254, 818]",0.0,isosceles,36,37,0.0001480420032748
HILL_CLIMBING,triangle_type,isosceles,18,True,True,"[392, 150, 392]",0.0,isosceles,743,745,0.0024896670074667
HILL_CLIMBING,triangle_type,isosceles,19,True,True,"[374, 384, 374]",0.0,isosceles,150,151,0.0005193329998292
HILL_CLIMBING,triangle_type,isosceles,20,True,True,"[83, 529, 529]",0.0,isosceles,51,52,0.0001957500062417
HILL_CLIMBING,triangle_type,isosceles,21,True,True,"[521, 521, 325]",0.0,isosceles,706,708,0.0023463749967049
HILL_CLIMBING,triangle_type,isosceles,22,True,True,"[869, 869, 897]",0.0,isosceles,110,111,0.0003925839992007
HILL_CLIMBING,triangle_type,isosceles,23,True,True,"[853, 548, 548]",0.0,isosceles,29,30,0.000115208007628
HILL_CLIMBING,triangle_type,isosceles,24,True,True,"[829, 66, 829]",0.0,isosceles,1127,1130,0.0038081670063547
HILL_CLIMBING,triangle_type,isosceles,25,True,True,"[261, 249, 249]",0.0,isosceles,73,74,0.0002815830084728
HILL_CLIMBING,triangle_type,isosceles,26,True,True,"[803, 802, 803]",0.0,isosceles,260,261,0.0008977920078905
HILL_CLIMBING,triangle_type,isosceles,27,True,True,"[705, 776, 776]",0.0,isosceles,63,64,0.0002392909955233
HILL_CLIMBING,triangle_type,isosceles,28,True,True,"[715, 971, 971]",0.0,isosceles,5,6,3.2916999771259725e-05
HILL_CLIMBING,triangle_type,isosceles,29,True,True,"[846, 138, 846]",0.0,isosceles,45,46,0.0001749590010149
HILL_CLIMBING,triangle_type,not_triangle,0,True,True,"[379, 459, 873]",0.0,not_triangle,1,2,1.0584000847302376e-05
HILL_CLIMBING,triangle_type,not_triangle,1,True,True,"[301, 23, 576]",0.0,not_triangle,0,1,6.249989382922649e-06
HILL_CLIMBING,triangle_type,not_triangle,2,True,True,"[216, 490, 851]",0.0,not_triangle,0,1,5.666996003128588e-06
HILL_CLIMBING,triangle_type,not_triangle,3,True,True,"[262, 296, 962]",0.0,not_triangle,5,6,2.608299837447703e-05
HILL_CLIMBING,triangle_type,not_triangle,4,True,True,"[579, 146, 861]",0.0,not_triangle,6,7,3.0082999728620052e-05
HILL_CLIMBING,triangle_type,not_triangle,5,True,True,"[477, 148, 171]",0.0,not_triangle,1,2,1.1500000255182384e-05
HILL_CLIMBING,triangle_type,not_triangle,6,True,True,"[338, 574, 962]",0.0,not_triangle,0,1,5.790992872789502e-06
HILL_CLIMBING,triangle_type,not_triangle,7,True,True,"[28, 799, 379]",0.0,not_triangle,0,1,6.041009328328073e-06
HILL_CLIMBING,triangle_type,not_triangle,8,True,True,"[924, 345, 304]",0.0,not_triangle,2,3,1.3500000932253895e-05
HILL_CLIMBING,triangle_type,not_triangle,9,True,True,"[34, 780, 615]",0.0,not_triangle,0,1,5.9580052038654685e-06
HILL_CLIMBING,triangle_type,not_triangle,10,True,True,"[692, 344, 177]",0.0,not_triangle,3,4,2.0332998246885836e-05
HILL_CLIMBING,triangle_type,not_triangle,11,True,True,"[638, 7, 493]",0.0,not_triangle,6,7,3.1625007977709174e-05
HILL_CLIMBING,triangle_type,not_triangle,12,True,True,"[308, 843, 506]",0.0,not_triangle,3,4,2.029100141953677e-05
HILL_CLIMBING,triangle_type,not_triangle,13,True,True,"[239, 965, 397]",0.0,not_triangle,0,1,6.041998858563602e-06
HILL_CLIMBING,triangle_type,not_triangle,14,True,True,"[238, 489, 170]",0.0,not_triangle,0,1,6.08300615567714e-06
HILL_CLIMBING,triangle_type,not_triangle,15,True,True,"[123, 199, 854]",0.0,not_triangle,1,2,1.0167001164518297e-05
HILL_CLIMBING,triangle_type,not_triangle,16,True,True,"[675, 237, 930]",0.0,not_triangle,0,1,7.208000170066953e-06
HILL_CLIMBING,triangle_type,not_triangle,17,True,True,"[81, 11, 999]",0.0,not_triangle,0,1,5.750000127591193e-06
HILL_CLIMBING,triangle_type,not_triangle,18,True,True,"[330, 95, 646]",0.0,not_triangle,0,1,5.833993782289326e-06
HILL_CLIMBING,triangle_type,not_triangle,19,True,True,"[164, 591, 388]",0.0,not_triangle,8,9,3.025001205969602e-05
HILL_CLIMBING,triangle_type,not_triangle,20,True,True,"[881, 316, 224]",0.0,not_triangle,3,4,1.604200224392116e-05
HILL_CLIMBING,triangle_type,not_triangle,21,True,True,"[987, 555, 147]",0.0,not_triangle,0,1,5.916997906751931e-06
HILL_CLIMBING,triangle_type,not_triangle,22,True,True,"[449, 895, 92]",0.0,not_triangle,3,4,1.8709004507400095e-05
HILL_CLIMBING,triangle_type,not_triangle,23,True,True,"[508, 297, 884]",0.0,not_triangle,0,1,6.040994776412845e-06
HILL_CLIMBING,triangle_type,not_triangle,24,True,True,"[832, 76, 171]",0.0,not_triangle,2,3,1.6667007002979517e-05
HILL_CLIMBING,triangle_type,not_triangle,25,True,True,"[251, 368, 839]",0.0,not_triangle,3,4,1.841700577642769e-05
HILL_CLIMBING,triangle_type,not_triangle,26,True,True,"[282, 240, 798]",0.0,not_triangle,0,1,6.2920007621869445e-06
HILL_CLIMBING,triangle_type,not_triangle,27,True,True,"[172, 740, 115]",0.0,not_triangle,4,5,2.1208004909567535e-05
HILL_CLIMBING,triangle_type,not_triangle,28,True,True,"[22, 612, 338]",0.0,not_triangle,0,1,5.95799065195024e-06
HILL_CLIMBING,triangle_type,not_triangle,29,True,True,"[75, 517, 701]",0.0,not_triangle,0,1,6.000002031214535e-06
HILL_CLIMBING,triangle_type,scalene,0,True,True,"[204, 411, 299]",0.0,scalene,1,2,1.1582989827729762e-05
HILL_CLIMBING,triangle_type,scalene,1,True,True,"[152, 947, 978]",0.0,scalene,1,2,1.3625001884065568e-05
HILL_CLIMBING,triangle_type,scalene,2,True,True,"[992, 963, 128]",0.0,scalene,0,1,6.95799826644361e-06
HILL_CLIMBING,triangle_type,scalene,3,True,True,"[157, 662, 595]",0.0,scalene,1,2,1.3708995538763702e-05
HILL_CLIMBING,triangle_type,scalene,4,True,True,"[353, 583, 595]",0.0,scalene,0,1,7.250011549331248e-06
HILL_CLIMBING,triangle_type,scalene,5,True,True,"[33, 649, 648]",0.0,scalene,0,1,7.0829992182552814e-06
HILL_CLIMBING,triangle_type,scalene,6,True,True,"[739, 314, 844]",0.0,scalene,0,1,6.95799826644361e-06
HILL_CLIMBING,triangle_type,scalene,7,True,True,"[277, 514, 725]",0.0,scalene,1,2,1.3541008229367437e-05
HILL_CLIMBING,triangle_type,scalene,8,True,True,"[905, 685, 368]",0.0,scalene,5,6,3.22499981848523e-05
HILL_CLIMBING,triangle_type,scalene,9,True,True,"[406, 288, 237]",0.0,scalene,5,6,3.283300611656159e-05
HILL_CLIMBING,triangle_type,scalene,10,True,True,"[455, 790, 453]",0.0,scalene,1,2,1.3374999980442226e-05
HILL_CLIMBING,triangle_type,scalene,11,True,True,"[796, 34, 793]",0.0,scalene,3,4,2.4082997697405517e-05
HILL_CLIMBING,triangle_type,scalene,12,True,True,"[674, 431, 603]",0.0,scalene,0,1,6.917005521245301e-06
HILL_CLIMBING,triangle_type,scalene,13,True,True,"[346, 323, 499]",0.0,scalene,1,2,1.329199585597962e-05
HILL_CLIMBING,triangle_type,scalene,14,True,True,"[768, 106, 793]",0.0,scalene,0,1,6.916990969330072e-06
HILL_CLIMBING,triangle_type,scalene,15,True,True,"[654, 500, 172]",0.0,scalene,0,1,6.084010237827897e-06
HILL_CLIMBING,triangle_type,scalene,16,True,True,"[122, 985, 869]",0.0,scalene,8,9,4.566599091049284e-05
HILL_CLIMBING,triangle_type,scalene,17,True,True,"[729, 460, 635]",0.0,scalene,0,1,6.832997314631939e-06
HILL_CLIMBING,triangle_type,scalene,18,True,True,"[653, 816, 170]",0.0,scalene,2,3,1.9333005184307694e-05
HILL_CLIMBING,triangle_type,scalene,19,True,True,"[683, 832, 213]",0.0,scalene,0,1,6.000002031214535e-06
HILL_CLIMBING,triangle_type,scalene,20,True,True,"[520, 555, 510]",0.0,scalene,0,1,6.832997314631939e-06
HILL_CLIMBING,triangle_type,scalene,21,True,True,"[472, 348, 627]",0.0,scalene,5,6,3.1333009246736765e-05
HILL_CLIMBING,triangle_type,scalene,22,True,True,"[824, 910, 372]",0.0,scalene,3,4,2.3625005269423127e-05
HILL_CLIMBING,triangle_type,scalene,23,True,True,"[328, 419, 591]",0.0,scalene,1,2,1.2375006917864084e-05
HILL_CLIMBING,triangle_type,scalene,24,True,True,"[817, 723, 527]",0.0,scalene,1,2,1.3625001884065568e-05
HILL_CLIMBING,triangle_type,scalene,25,True,True,"[777, 971, 848]",0.0,scalene,0,1,6.041998858563602e-06
HILL_CLIMBING,triangle_type,scalene,26,True,True,"[292, 505, 378]",0.0,scalene,9,10,5.4500007536262274e-05
HILL_CLIMBING,triangle_type,scalene,27,True,True,"[433, 682, 877]",0.0,scalene,0,1,7.042006473056972e-06
HILL_CLIMBING,triangle_type,scalene,28,True,True,"[341, 258, 425]",0.0,scalene,1,2,1.3416007277555764e-05
HILL_CLIMBING,triangle_type,scalene,29,True,True,"[441, 324, 553]",0.0,scalene,1,2,1.2165997759439053e-05
HILL_CLIMBING,username_category,empty,0,True,True,[''],0.0,empty,21,22,6.991700502112508e-05
HILL_CLIMBING,username_category,empty,1,True,True,[''],0.0,empty,10,11,3.433300298638642e-05
HILL_CLIMBING,username_category,empty,2,True,True,[''],0.0,empty,5,6,2.0041014067828655e-05
HILL_CLIMBING,username_category,empty,3,True,True,[''],0.0,empty,20,21,6.525000208057463e-05
HILL_CLIMBING,username_category,empty,4,True,True,[''],0.0,empty,24,25,7.041700882837176e-05
HILL_CLIMBING,username_category,empty,5,True,True,[''],0.0,empty,14,15,3.691700112540275e-05
HILL_CLIMBING,username_category,empty,6,True,True,[''],0.0,empty,23,24,6.0291000409051776e-05
HILL_CLIMBING,username_category,empty,7,True,True,[''],0.0,empty,40,41,0.0001095000043278
HILL_CLIMBING,username_category,empty,8,True,True,[''],0.0,empty,23,24,7.162499241530895e-05
HILL_CLIMBING,username_category,empty,9,True,True,[''],0.0,empty,14,15,4.7250010538846254e-05
HILL_CLIMBING,username_category,empty,10,True,True,[''],0.0,empty,26,27,7.804199412930757e-05
HILL_CLIMBING,username_category,empty,11,True,True,[''],0.0,empty,39,40,0.0001056670007528
HILL_CLIMBING,username_category,empty,12,True,True,[''],0.0,empty,58,59,0.0001450419949833
HILL_CLIMBING,username_category,empty,13,True,True,[''],0.0,empty,16,17,5.470801261253655e-05
HILL_CLIMBING,username_category,empty,14,True,True,[''],0.0,empty,0,1,4.874993464909494e-06
HILL_CLIMBING,username_category,empty,15,True,True,[''],0.0,empty,12,13,3.754100180231035e-05
HILL_CLIMBING,username_category,empty,16,True,True,[''],0.0,empty,29,30,8.65420006448403e-05
HILL_CLIMBING,username_category,empty,17,True,True,[''],0.0,empty,27,28,8.441699901595712e-05
HILL_CLIMBING,username_category,empty,18,True,True,[''],0.0,empty,12,13,3.687500429805368e-05
HILL_CLIMBING,username_category,empty,19,True,True,[''],0.0,empty,29,30,7.266599277500063e-05
HILL_CLIMBING,username_category,empty,20,True,True,[''],0.0,empty,22,23,6.591700366698205e-05
HILL_CLIMBING,username_category,empty,21,True,True,[''],0.0,empty,12,13,3.9790989831089973e-05
HILL_CLIMBING,username_category,empty,22,True,True,[''],0.0,empty,51,52,0.000129249994643
HILL_CLIMBING,username_category,empty,23,True,True,[''],0.0,empty,34,35,9.85000078799203e-05
HILL_CLIMBING,username_category,empty,24,True,True,[''],0.0,empty,6,7,1.8709004507400095e-05
HILL_CLIMBING,username_category,empty,25,True,True,[''],0.0,empty,28,29,7.62919953558594e-05
HILL_CLIMBING,username_category,empty,26,True,True,[''],0.0,empty,6,7,2.145799226127565e-05
HILL_CLIMBING,username_category,empty,27,True,True,[''],0.0,empty,16,17,4.595900827553123e-05
HILL_CLIMBING,username_category,empty,28,True,True,[''],0.0,empty,19,20,5.575000250246376e-05
HILL_CLIMBING,username_category,empty,29,True,True,[''],0.0,empty,53,54,0.0001327089994447
HILL_CLIMBING,username_category,medium_username,0,True,True,['XL0euR'],0.0,medium_username,12,13,4.929100396111608e-05
HILL_CLIMBING,username_category,medium_username,1,True,True,['LBsZzg1'],0.0,medium_username,14,15,5.1333001465536654e-05
HILL_CLIMBING,username_category,medium_username,2,True,True,['UtIfP8'],0.0,medium_username,7,8,2.995799877680838e-05
HILL_CLIMBING,username_category,medium_username,3,True,True,['IjNfU7MhbuP4Z'],0.0,medium_username,7,8,3.1625007977709174e-05
HILL_CLIMBING,username_category,medium_username,4,True,True,['Wbvp9'],0.0,medium_username,2,3,1.2125005014240742e-05
HILL_CLIMBING,username_category,medium_username,5,True,True,['I2pYq'],0.0,medium_username,16,17,4.937499761581421e-05
HILL_CLIMBING,username_category,medium_username,6,True,True,['FpRAFkuPG2'],0.0,medium_username,1,2,9.625000529922543e-06
HILL_CLIMBING,username_category,medium_username,7,True,True,['K0pr9e'],0.0,medium_username,0,1,5.4580013966187835e-06
HILL_CLIMBING,username_category,medium_username,8,True,True,['k9oYdXE5Z9'],0.0,medium_username,0,1,6.374990334734321e-06
HILL_CLIMBING,username_category,medium_username,9,True,True,['Bj2ztsEAAKM'],0.0,medium_username,3,4,1.8542006728239357e-05
HILL_CLIMBING,username_category,medium_username,10,True,True,['ur0EUYT0F'],0.0,medium_username,0,1,6.207992555573583e-06
HILL_CLIMBING,username_category,medium_username,11,True,True,['cBPHU6CwgNuiH'],0.0,medium_username,0,1,6.667003617621958e-06
HILL_CLIMBING,username_category,medium_username,12,True,True,['Pni67SheqDiHgl'],0.0,medium_username,0,1,6.750007742084563e-06
HILL_CLIMBING,username_category,medium_username,13,True,True,['w79Uu'],0.0,medium_username,11,12,4.429199907463044e-05
HILL_CLIMBING,username_category,medium_username,14,True,True,['mkhUoZmoJy7t6t'],0.0,medium_username,0,1,1.0499992640689015e-05
HILL_CLIMBING,username_category,medium_username,15,True,True,['rTyEF2'],0.0,medium_username,15,16,5.25419891346246e-05
HILL_CLIMBING,username_category,medium_username,16,True,True,['u8IMb'],0.0,medium_username,11,12,3.7416990380734205e-05
HILL_CLIMBING,username_category,medium_username,17,True,True,['OyNa0rBfkM'],0.0,medium_username,0,1,6.417001713998616e-06
HILL_CLIMBING,username_category,medium_username,18,True,True,['jf8z6s5LooOQm1t'],0.0,medium_username,0,1,6.750007742084563e-06
HILL_CLIMBING,username_category,medium_username,19,True,True,['plD8BGGWyJSDS'],0.0,medium_username,18,19,6.487499922513962e-05
HILL_CLIMBING,username_category,medium_username,20,True,True,['pmB5L'],0.0,medium_username,8,9,2.9208007617853585e-05
HILL_CLIMBING,username_category,medium_username,21,True,True,['OYGli6QK3'],0.0,medium_username,0,1,6.33401214145124e-06
HILL_CLIMBING,username_category,medium_username,22,True,True,['W00B2wVAt0'],0.0,medium_username,1,2,1.0292002116329968e-05
HILL_CLIMBING,username_category,medium_username,23,True,True,['Nfjw9nBNgJZkAJ'],0.0,medium_username,0,1,6.874994141981006e-06
HILL_CLIMBING,username_category,medium_username,24,True,True,['mlmZX81Ysy1KO'],0.0,medium_username,0,1,6.124988431110978e-06
HILL_CLIMBING,username_category,medium_username,25,True,True,['fTRXV3'],0.0,medium_username,16,17,5.062500713393092e-05
HILL_CLIMBING,username_category,medium_username,26,True,True,['VUwePe0'],0.0,medium_username,18,19,6.254199251998216e-05
HILL_CLIMBING,username_category,medium_username,27,True,True,['VG2SqyrW'],0.0,medium_username,0,1,4.749992513097823e-06
HILL_CLIMBING,username_category,medium_username,28,True,True,['E7tjkN9sE0m'],0.0,medium_username,7,8,3.058300353586674e-05
HILL_CLIMBING,username_category,medium_username,29,True,True,['zzWt9'],0.0,medium_username,7,8,2.779198985081166e-05
HILL_CLIMBING,username_category,starts_with_digit,0,True,True,['51XTd2vImIBryI'],0.0,starts_with_digit,145,146,0.00039695801388
HILL_CLIMBING,username_category,starts_with_digit,1,True,True,['6vcT7'],0.0,starts_with_digit,9,10,2.908300666604191e-05
HILL_CLIMBING,username_category,starts_with_digit,2,True,True,['4hFwcZZyN'],0.0,starts_with_digit,0,1,5.4580013966187835e-06
HILL_CLIMBING,username_category,starts_with_digit,3,True,True,['2BSANDhB'],0.0,starts_with_digit,205,206,0.0005379159993026
HILL_CLIMBING,username_category,starts_with_digit,4,True,True,['7lkk48U0'],0.0,starts_with_digit,51,52,0.0001429580006515
HILL_CLIMBING,username_category,starts_with_digit,5,True,True,['4tKWW'],0.0,starts_with_digit,26,27,7.704200106672943e-05
HILL_CLIMBING,username_category,starts_with_digit,6,True,True,['6HqxP82sE89v'],0.0,starts_with_digit,90,91,0.0002385409898124
HILL_CLIMBING,username_category,starts_with_digit,7,True,True,['8lQ3J4'],0.0,starts_with_digit,0,1,4.292000085115433e-06
HILL_CLIMBING,username_category,starts_with_digit,8,True,True,['8rG1iVYnEi'],0.0,starts_with_digit,0,1,5.666996003128588e-06
HILL_CLIMBING,username_category,starts_with_digit,9,True,True,['8r6bHsrS'],0.0,starts_with_digit,172,173,0.0004630419862223
HILL_CLIMBING,username_category,starts_with_digit,10,True,True,['59GQOTz1ZJk2l'],0.0,starts_with_digit,178,179,0.0004536659980658
HILL_CLIMBING,username_category,starts_with_digit,11,True,True,['57w8wATlCUbJR'],0.0,starts_with_digit,95,96,0.0002634579868754
HILL_CLIMBING,username_category,starts_with_digit,12,True,True,['8JXx1'],0.0,starts_with_digit,20,21,6.345799192786217e-05
HILL_CLIMBING,username_category,starts_with_digit,13,True,True,['1joRGf7b7'],0.0,starts_with_digit,17,18,5.741699715144932e-05
HILL_CLIMBING,username_category,starts_with_digit,14,True,True,['5TFpWKdb5PnY'],0.0,starts_with_digit,54,55,0.0001652909995755
HILL_CLIMBING,username_category,starts_with_digit,15,True,True,['4rMXrCc'],0.0,starts_with_digit,32,33,9.166699601337314e-05
HILL_CLIMBING,username_category,starts_with_digit,16,True,True,['6JdAvhdB3msx'],0.0,starts_with_digit,176,177,0.0004927919944748
HILL_CLIMBING,username_category,starts_with_digit,17,True,True,['7VdNRWwn'],0.0,starts_with_digit,275,276,0.0007041249918984
HILL_CLIMBING,username_category,starts_with_digit,18,True,True,['7Mq5R5rQm'],0.0,starts_with_digit,51,52,0.0001499999925727
HILL_CLIMBING,username_category,starts_with_digit,19,True,True,['8cPtIF4T'],0.0,starts_with_digit,0,1,4.540997906588018e-06
HILL_CLIMBING,username_category,starts_with_digit,20,True,True,['5qy6ZGA'],0.0,starts_with_digit,13,14,4.983300459571183e-05
HILL_CLIMBING,username_category,starts_with_digit,21,True,True,['8xxIW'],0.0,starts_with_digit,12,13,3.5500008380040526e-05
HILL_CLIMBING,username_category,starts_with_digit,22,True,True,['7Qcr0'],0.0,starts_with_digit,99,100,0.0002548750053392
HILL_CLIMBING,username_category,starts_with_digit,23,True,True,['6HErl'],0.0,starts_with_digit,93,94,0.000243667003815
HILL_CLIMBING,username_category,starts_with_digit,24,True,True,['433tAhTJ'],0.0,starts_with_digit,26,27,7.929099956527352e-05
HILL_CLIMBING,username_category,starts_with_digit,25,True,True,['7U6C04A6'],0.0,starts_with_digit,60,61,0.0001620419934624
HILL_CLIMBING,username_category,starts_with_digit,26,True,True,['5KiGZP5QrP'],0.0,starts_with_digit,12,13,4.1916006011888385e-05
HILL_CLIMBING,username_category,starts_with_digit,27,True,True,['6lNUZ'],0.0,starts_with_digit,246,247,0.0006592920108232
HILL_CLIMBING,username_category,starts_with_digit,28,True,True,['1KYNU1uXfK97JPg'],0.0,starts_with_digit,0,1,6.499991286545992e-06
HILL_CLIMBING,username_category,starts_with_digit,29,True,True,['7VtyHX7'],0.0,starts_with_digit,0,1,5.08299854118377e-06
HILL_CLIMBING,username_category,strong_username,0,False,False,['CzEIxtt4hP'],1.0,,21,8082,0.0231387079984415
HILL_CLIMBING,username_category,strong_username,1,False,False,['V2RR653r2b'],1.0,,13,8082,0.0232879590039374
HILL_CLIMBING,username_category,strong_username,2,False,False,['Br7gM229Ds'],1.0,,10,8082,0.0232928339974023
HILL_CLIMBING,username_category,strong_username,3,False,False,['l96JLECUe8'],1.0,,16,8082,0.0233395409886725
HILL_CLIMBING,username_category,strong_username,4,False,False,['TBUtMnPFmSE0'],1.0,,5,8082,0.0234533329930854
HILL_CLIMBING,username_category,strong_username,5,False,False,['RoqcN3AUmG'],1.0,,21,8082,0.0234617499954765
HILL_CLIMBING,username_category,strong_username,6,False,False,['W5kZ5HgwS9'],1.0,,21,8082,0.02260725000815
HILL_CLIMBING,username_category,strong_username,7,False,False,['NS5mbztsXL'],1.0,,2,8082,0.0220346249989233
HILL_CLIMBING,username_category,strong_username,8,False,False,['C1ZgEwcbvqkH'],1.0,,0,8082,0.0226101669977651
HILL_CLIMBING,username_category,strong_username,9,False,False,['mZVPkVL9uBa'],1.0,,39,8082,0.0228418329934356
HILL_CLIMBING,username_category,strong_username,10,False,False,['u9Otyz9Ib5'],1.0,,27,8082,0.0229141669988166
HILL_CLIMBING,username_category,strong_username,11,False,False,['Q480eYT9dAqcjKA'],1.0,,0,8082,0.0228758750017732
HILL_CLIMBING,username_category,strong_username,12,False,False,['uIUmYksgpR7'],1.0,,2,8082,0.0224925420043291
HILL_CLIMBING,username_category,strong_username,13,False,False,['Sckmd50mee'],1.0,,9,8082,0.0228976670041447
HILL_CLIMBING,username_category,strong_username,14,False,False,['d1zYPFVCXc'],1.0,,33,8082,0.0230276670044986
HILL_CLIMBING,username_category,strong_username,15,False,False,['n4VF2R3MH4EPa'],1.0,,0,8082,0.0230868330108933
HILL_CLIMBING,username_category,strong_username,16,False,False,['NelsSgLAaO7'],1.0,,9,8082,0.0226642499910667
HILL_CLIMBING,username_category,strong_username,17,False,False,['bFCxUre3AY'],1.0,,5,8082,0.0229344999970635
HILL_CLIMBING,username_category,strong_username,18,False,False,['AXWtaNxQ1avX'],1.0,,19,8082,0.0234104999981354
HILL_CLIMBING,username_category,strong_username,19,False,False,['YR0pkvTpvX'],1.0,,19,8082,0.0233162080112379
HILL_CLIMBING,username_category,strong_username,20,False,False,['Ve5lmhnUOU'],1.0,,27,8082,0.0227072080015204
HILL_CLIMBING,username_category,strong_username,21,False,False,['VrPGaM8Xqb'],1.0,,11,8082,0.0225173749931855
HILL_CLIMBING,username_category,strong_username,22,False,False,['EDkYZ4X7EBI'],1.0,,0,8082,0.0229807080031605
HILL_CLIMBING,username_category,strong_username,23,False,False,['Y6s5XCZ3CJ'],1.0,,17,8082,0.0229617080040043
HILL_CLIMBING,username_category,strong_username,24,False,False,['csyme9nU5Q'],1.0,,27,8082,0.0231192920036846
HILL_CLIMBING,username_category,strong_username,25,False,False,['oWsIy6pYHQ'],1.0,,9,8082,0.0224830829974962
HILL_CLIMBING,username_category,strong_username,26,False,False,['nMQK1wRmp9'],1.0,,13,8082,0.0233394999959273
HILL_CLIMBING,username_category,strong_username,27,False,False,['whqaMdKv6M'],1.0,,0,8082,0.0222230420040432
HILL_CLIMBING,username_category,strong_username,28,False,False,['QnN4TZbUzAuNt'],1.0,,0,8082,0.0227731250051874
HILL_CLIMBING,username_category,strong_username,29,False,False,['civWy7LyIV'],1.0,,9,8082,0.0229573329997947
HILL_CLIMBING,username_category,too_short,0,True,True,['n'],0.0,too_short,0,1,3.875000402331352e-06
HILL_CLIMBING,username_category,too_short,1,True,True,['2RP8'],0.0,too_short,1,2,9.082999895326791e-06
HILL_CLIMBING,username_category,too_short,2,True,True,['TZ'],0.0,too_short,0,1,4.292000085115433e-06
HILL_CLIMBING,username_category,too_short,3,True,True,['vpuj'],0.0,too_short,10,11,4.008300311397761e-05
HILL_CLIMBING,username_category,too_short,4,True,True,['2aEM'],0.0,too_short,7,8,2.4957989808171988e-05
HILL_CLIMBING,username_category,too_short,5,True,True,['Vw9F'],0.0,too_short,44,45,0.0001239999983226
HILL_CLIMBING,username_category,too_short,6,True,True,['w'],0.0,too_short,1,2,5.9580052038654685e-06
HILL_CLIMBING,username_category,too_short,7,True,True,['gpNC'],0.0,too_short,28,29,8.479200187139213e-05
HILL_CLIMBING,username_category,too_short,8,True,True,['hh6r'],0.0,too_short,31,32,9.479200525674968e-05
HILL_CLIMBING,username_category,too_short,9,True,True,['w022'],0.0,too_short,10,11,3.295901115052402e-05
HILL_CLIMBING,username_category,too_short,10,True,True,['2lBb'],0.0,too_short,27,28,6.8959008785896e-05
HILL_CLIMBING,username_category,too_short,11,True,True,['3pg'],0.0,too_short,0,1,3.749999450519681e-06
HILL_CLIMBING,username_category,too_short,12,True,True,['qICi'],0.0,too_short,12,13,3.9999998989515007e-05
HILL_CLIMBING,username_category,too_short,13,True,True,['PvZT'],0.0,too_short,13,14,4.229099431540817e-05
HILL_CLIMBING,username_category,too_short,14,True,True,['lG7S'],0.0,too_short,8,9,3.083299088757485e-05
HILL_CLIMBING,username_category,too_short,15,True,True,['AJXF'],0.0,too_short,26,27,7.520800863858312e-05
HILL_CLIMBING,username_category,too_short,16,True,True,['U9j4'],0.0,too_short,24,25,7.587501022499055e-05
HILL_CLIMBING,username_category,too_short,17,True,True,['wZF1'],0.0,too_short,11,12,4.270800855010748e-05
HILL_CLIMBING,username_category,too_short,18,True,True,['Eqnb'],0.0,too_short,4,5,1.6874997527338564e-05
HILL_CLIMBING,username_category,too_short,19,True,True,['Y07L'],0.0,too_short,5,6,2.254200808238238e-05
HILL_CLIMBING,username_category,too_short,20,True,True,['0'],0.0,too_short,0,1,4.083005478605628e-06
HILL_CLIMBING,username_category,too_short,21,True,True,['10zL'],0.0,too_short,0,1,4.665998858399689e-06
HILL_CLIMBING,username_category,too_short,22,True,True,['sVJV'],0.0,too_short,5,6,2.0457999198697507e-05
HILL_CLIMBING,username_category,too_short,23,True,True,['Zgd7'],0.0,too_short,26,27,6.6791006247513e-05
HILL_CLIMBING,username_category,too_short,24,True,True,['LYwR'],0.0,too_short,14,15,4.533398896455765e-05
HILL_CLIMBING,username_category,too_short,25,True,True,['LJSp'],0.0,too_short,13,14,3.962499613407999e-05
HILL_CLIMBING,username_category,too_short,26,True,True,['AC05'],0.0,too_short,8,9,3.21669940603897e-05
HILL_CLIMBING,username_category,too_short,27,True,True,['A4Po'],0.0,too_short,14,15,4.924999666400254e-05
HILL_CLIMBING,username_category,too_short,28,True,True,['0C3P'],0.0,too_short,14,15,4.3624997488223016e-05
HILL_CLIMBING,username_category,too_short,29,True,True,['ksvH'],0.0,too_short,15,16,4.541700764093548e-05
HILL_CLIMBING,username_category,weak_username,0,True,True,['dXNUuewJBhO'],0.0,weak_username,0,1,7.167007424868643e-06
HILL_CLIMBING,username_category,weak_username,1,True,True,['QUXsVjzC'],0.0,weak_username,19,20,7.404200732707977e-05
HILL_CLIMBING,username_category,weak_username,2,True,True,['z37n3'],0.0,weak_username,20,21,7.03330006217584e-05
HILL_CLIMBING,username_category,weak_username,3,True,True,['q8u78ae'],0.0,weak_username,27,28,8.891700417734683e-05
HILL_CLIMBING,username_category,weak_username,4,True,True,['GVlmRQRLGetoPsM'],0.0,weak_username,0,1,6.000002031214535e-06
HILL_CLIMBING,username_category,weak_username,5,True,True,['jUCYq'],0.0,weak_username,9,10,3.0750001315027475e-05
HILL_CLIMBING,username_category,weak_username,6,True,True,['jGQjx'],0.0,weak_username,11,12,4.0875005652196705e-05
HILL_CLIMBING,username_category,weak_username,7,True,True,['av353'],0.0,weak_username,112,113,0.0003162080101901
HILL_CLIMBING,username_category,weak_username,8,True,True,['HiKCG'],0.0,weak_username,3,4,1.2792006600648165e-05
HILL_CLIMBING,username_category,weak_username,9,True,True,['bWdufLKrXXu'],0.0,weak_username,21,22,7.004200597293675e-05
HILL_CLIMBING,username_category,weak_username,10,True,True,['giXinrW'],0.0,weak_username,0,1,4.833011189475656e-06
HILL_CLIMBING,username_category,weak_username,11,True,True,['icsuFhrmQkVT'],0.0,weak_username,7,8,3.454199759289622e-05
HILL_CLIMBING,username_category,weak_username,12,True,True,['GQrol'],0.0,weak_username,0,1,5.166992195881903e-06
HILL_CLIMBING,username_category,weak_username,13,True,True,['MYoNO'],0.0,weak_username,10,11,3.599999763537198e-05
HILL_CLIMBING,username_category,weak_username,14,True,True,['QFdLFY'],0.0,weak_username,66,67,0.0002076250093523
HILL_CLIMBING,username_category,weak_username,15,True,True,['YushmQi'],0.0,weak_username,19,20,6.666699482593685e-05
HILL_CLIMBING,username_category,weak_username,16,True,True,['FfsQxT'],0.0,weak_username,38,39,0.0001159999956144
HILL_CLIMBING,username_category,weak_username,17,True,True,['STaUMykwU'],0.0,weak_username,1,2,8.66700429469347e-06
HILL_CLIMBING,username_category,weak_username,18,True,True,['zcb7a'],0.0,weak_username,5,6,2.3415996110998097e-05
HILL_CLIMBING,username_category,weak_username,19,True,True,['ugQogIILn'],0.0,weak_username,7,8,3.2333002309314907e-05
HILL_CLIMBING,username_category,weak_username,20,True,True,['qZhQtqB'],0.0,weak_username,0,1,5.541995051316917e-06
HILL_CLIMBING,username_category,weak_username,21,True,True,['BGmlWywQdDLDI'],0.0,weak_username,16,17,6.62079983158037e-05
HILL_CLIMBING,username_category,weak_username,22,True,True,['wdfSJ'],0.0,weak_username,13,14,4.266700125299394e-05
HILL_CLIMBING,username_category,weak_username,23,True,True,['jSjVw'],0.0,weak_username,1,2,9.12499672267586e-06
HILL_CLIMBING,username_category,weak_username,24,True,True,['OjFtwdTmMOj'],0.0,weak_username,91,92,0.0002786669938359
HILL_CLIMBING,username_category,weak_username,25,True,True,['GCWUz'],0.0,weak_username,6,7,2.174999099224806e-05
HILL_CLIMBING,username_category,weak_username,26,True,True,['ZwgUwkEDcnMdLFs'],0.0,weak_username,19,20,6.683300307486206e-05
HILL_CLIMBING,username_category,weak_username,27,True,True,['Rdxxx'],0.0,weak_username,29,30,9.845900058280677e-05
HILL_CLIMBING,username_category,weak_username,28,True,True,['hByRO'],0.0,weak_username,7,8,2.4374996428377926e-05
HILL_CLIMBING,username_category,weak_username,29,True,True,['VsoPKF'],0.0,weak_username,35,36,0.0001011669955914
GA_FIXED,bmi_category,invalid_height,0,True,True,"[641.7039923696487, 0.0]",0.0,invalid_height,37,3040,0.0150944580091163
GA_FIXED,bmi_category,invalid_height,1,True,True,"[2041.08551734808, 0.0]",0.0,invalid_height,25,2080,0.0095699170051375
GA_FIXED,bmi_category,invalid_height,2,True,True,"[1981.3947909308445, 0.0]",0.0,invalid_height,30,2480,0.0108579169900622
GA_FIXED,bmi_category,invalid_height,3,True,True,"[867.0154052306472, 0.0]",0.0,invalid_height,11,960,0.003984125010902
GA_FIXED,bmi_category,invalid_height,4,True,True,"[119.02466645692827, 0.0]",0.0,invalid_height,24,2000,0.0083029159868601
GA_FIXED,bmi_category,invalid_height,5,True,True,"[2090.258010897024, 0.0]",0.0,invalid_height,61,4960,0.0206405839999206
GA_FIXED,bmi_category,invalid_height,6,True,True,"[1080.4447095434994, 0.0]",0.0,invalid_height,22,1840,0.007704667004873
GA_FIXED,bmi_category,invalid_height,7,True,True,"[2346.806377936343, 0.0]",0.0,invalid_height,18,1520,0.0061565419891849
GA_FIXED,bmi_category,invalid_height,8,True,True,"[128.68659435712738, 0.0]",0.0,invalid_height,35,2880,0.0118829580023884
GA_FIXED,bmi_category,invalid_height,9,True,True,"[1321.446114871946, 0.0]",0.0,invalid_height,2,240,0.0007425830117426
GA_FIXED,bmi_category,invalid_height,10,True,True,"[2456.3510999277073, 0.0]",0.0,invalid_height,6,560,0.0020917499932693
GA_FIXED,bmi_category,invalid_height,11,True,True,"[2449.9706704442524, 0.0]",0.0,invalid_height,14,1200,0.0047913339949445
GA_FIXED,bmi_category,invalid_height,12,True,True,"[678.2029603972871, 0.0]",0.0,invalid_height,12,1040,0.004173332999926
GA_FIXED,bmi_category,invalid_height,13,True,True,"[2022.9985950392092, 0.0]",0.0,invalid_height,40,3280,0.0137218749878229
GA_FIXED,bmi_category,invalid_height,14,True,True,"[1783.035418253532, 0.0]",0.0,invalid_height,3,320,0.0011195840052096
GA_FIXED,bmi_category,invalid_height,15,True,True,"[485.3247069551394, 0.0]",0.0,invalid_height,10,880,0.0037156250036787
GA_FIXED,bmi_category,invalid_height,16,True,True,"[771.0993358175532, 0.0]",0.0,invalid_height,37,3040,0.0128252499998779
GA_FIXED,bmi_category,invalid_height,17,True,True,"[2391.264458339637, 0.0]",0.0,invalid_height,26,2160,0.0089391250076005
GA_FIXED,bmi_category,invalid_height,18,True,True,"[1089.1816707141425, 0.0]",0.0,invalid_height,36,2960,0.0124756669974885
GA_FIXED,bmi_category,invalid_height,19,True,True,"[1387.4422399739688, 0.0]",0.0,invalid_height,45,3680,0.0158153340016724
GA_FIXED,bmi_category,invalid_height,20,True,True,"[1065.5904265668082, 0.0]",0.0,invalid_height,32,2640,0.0109005830017849
GA_FIXED,bmi_category,invalid_height,21,True,True,"[1199.553467042607, 0.0]",0.0,invalid_height,18,1520,0.0061341669934336
GA_FIXED,bmi_category,invalid_height,22,True,True,"[1281.6070863921634, 0.0]",0.0,invalid_height,8,720,0.0028505829977802
GA_FIXED,bmi_category,invalid_height,23,True,True,"[2693.5632664187824, 0.0]",0.0,invalid_height,24,2000,0.008133875002386
GA_FIXED,bmi_category,invalid_height,24,True,True,"[1484.3269454394585, 0.0]",0.0,invalid_height,27,2240,0.0092105419898871
GA_FIXED,bmi_category,invalid_height,25,True,True,"[2595.982998546485, 0.0]",0.0,invalid_height,33,2720,0.0112147090112557
GA_FIXED,bmi_category,invalid_height,26,True,True,"[677.3351259827432, 0.0]",0.0,invalid_height,63,5120,0.0216199999995296
GA_FIXED,bmi_category,invalid_height,27,True,True,"[1258.1295966893672, 0.0]",0.0,invalid_height,24,2000,0.0083022910112049
GA_FIXED,bmi_category,invalid_height,28,True,True,"[2546.475258364634, 0.0]",0.0,invalid_height,33,2720,0.0114610829914454
GA_FIXED,bmi_category,invalid_height,29,True,True,"[1335.2960216468348, 0.0]",0.0,invalid_height,7,640,0.0024374579952564
GA_FIXED,bmi_category,normal,0,True,True,"[2992.065751851826, 12.522154129030685]",0.0,normal,12,1040,0.0042378749931231
GA_FIXED,bmi_category,normal,1,True,True,"[1982.5163137100533, 9.710131217101514]",0.0,normal,2,240,0.0007709589990554
GA_FIXED,bmi_category,normal,2,True,True,"[525.1719075977356, 5.255399631462654]",0.0,normal,12,1040,0.0043292499904055
GA_FIXED,bmi_category,normal,3,True,True,"[2735.294173491386, 11.792111003697926]",0.0,normal,7,640,0.0025835419946815
GA_FIXED,bmi_category,normal,4,True,True,"[2968.2232143890847, 12.466073570489135]",0.0,normal,21,1760,0.0076067079935455
GA_FIXED,bmi_category,normal,5,True,True,"[2966.2703745054478, 12.213552108802652]",0.0,normal,14,1200,0.0050354589911876
GA_FIXED,bmi_category,normal,6,True,True,"[1840.3978628996815, 9.00445744483125]",0.0,normal,26,2160,0.0092528749955818
GA_FIXED,bmi_category,normal,7,True,True,"[2968.5786082905242, 12.605180909807274]",0.0,normal,61,4960,0.0218082089995732
GA_FIXED,bmi_category,normal,8,True,True,"[2936.132832621053, 12.460831268078287]",0.0,normal,8,720,0.0028549170092446
GA_FIXED,bmi_category,normal,9,True,True,"[2951.5153470125256, 12.350009319687384]",0.0,normal,10,880,0.003594666995923
GA_FIXED,bmi_category,normal,10,True,True,"[2415.87237583984, 10.083894203850807]",0.0,normal,1,160,0.0004589580057654
GA_FIXED,bmi_category,normal,11,True,True,"[2976.9327867796706, 12.60782297784945]",0.0,normal,20,1680,0.0072415000031469
GA_FIXED,bmi_category,normal,12,True,True,"[2998.787542986557, 12.578344498477326]",0.0,normal,74,6000,0.0265830830030608
GA_FIXED,bmi_category,normal,13,True,True,"[2858.8695805988923, 11.963799824797853]",0.0,normal,46,3760,0.0166388749930774
GA_FIXED,bmi_category,normal,14,True,True,"[2992.6519723619467, 12.364420901115068]",0.0,normal,26,2160,0.0095043750043259
GA_FIXED,bmi_category,normal,15,True,True,"[2969.737505271927, 12.544710539059704]",0.0,normal,9,800,0.0032812089921208
GA_FIXED,bmi_category,normal,16,True,True,"[2165.846620520096, 9.426819605087788]",0.0,normal,38,3120,0.013703542004805
GA_FIXED,bmi_category,normal,17,True,True,"[2991.423699750579, 12.385984905989615]",0.0,normal,12,1040,0.0043932499975198
GA_FIXED,bmi_category,normal,18,True,True,"[1065.16523567001, 7.495302470572561]",0.0,normal,24,2000,0.0087574170029256
GA_FIXED,bmi_category,normal,19,True,True,"[2981.6657209530326, 10.97880828151021]",0.0,normal,23,1920,0.0082935829996131
GA_FIXED,bmi_category,normal,20,True,True,"[2985.86372208618, 11.026778867454455]",0.0,normal,24,2000,0.0086434170079883
GA_FIXED,bmi_category,normal,21,True,True,"[2976.766743499957, 11.213378663981532]",0.0,normal,71,5760,0.0253235830023186
GA_FIXED,bmi_category,normal,22,True,True,"[2980.1480192674544, 12.282033834698009]",0.0,normal,49,4000,0.017341665996355
GA_FIXED,bmi_category,normal,23,True,True,"[2893.176959963283, 12.14035191131891]",0.0,normal,16,1360,0.0056561249948572
GA_FIXED,bmi_category,normal,24,True,True,"[2957.6045193664636, 12.486102394433848]",0.0,normal,38,3120,0.0135817499976838
GA_FIXED,bmi_category,normal,25,True,True,"[2987.1672137021933, 11.82351483144351]",0.0,normal,16,1360,0.005864916005521
GA_FIXED,bmi_category,normal,26,True,True,"[2959.1756678049032, 12.016077577464747]",0.0,normal,16,1360,0.0057988749904325
GA_FIXED,bmi_category,normal,27,True,True,"[2968.1142357684635, 12.318458124157836]",0.0,normal,64,5200,0.022950957994908
GA_FIXED,bmi_category,normal,28,True,True,"[2986.2649087371105, 12.045941916045322]",0.0,normal,67,5440,0.0241550420032581
GA_FIXED,bmi_category,normal,29,True,True,"[2891.7374984984717, 12.128845871837434]",0.0,normal,4,400,0.0015211249992717
GA_FIXED,bmi_category,obese,0,True,True,"[2968.0113096518858, 7.76765546853464]",0.0,obese,25,2080,0.0090808340028161
GA_FIXED,bmi_category,obese,1,True,True,"[595.2319583986995, 4.445173838918071]",0.0,obese,0,80,6.945800851099193e-05
GA_FIXED,bmi_category,obese,2,True,True,"[2880.5227744635085, 4.479807797968749]",0.0,obese,14,1200,0.0050961660017492
GA_FIXED,bmi_category,obese,3,True,True,"[2861.1003284285757, 9.584639992283872]",0.0,obese,9,800,0.003327457990963
GA_FIXED,bmi_category,obese,4,True,True,"[826.557685126094, 4.769947476598313]",0.0,obese,0,80,6.804199074395001e-05
GA_FIXED,bmi_category,obese,5,True,True,"[25.043741982227587, 0.5907656526311644]",0.0,obese,0,80,6.687499990221113e-05
GA_FIXED,bmi_category,obese,6,True,True,"[2998.9218760368663, 9.96674442058604]",0.0,obese,8,720,0.0029641250002896
GA_FIXED,bmi_category,obese,7,True,True,"[883.2233629895227, 3.255533905355601]",0.0,obese,1,160,0.0004179579991614
GA_FIXED,bmi_category,obese,8,True,True,"[2941.802485664692, 9.427140592799699]",0.0,obese,3,320,0.0011404170072637
GA_FIXED,bmi_category,obese,9,True,True,"[2972.078262737631, 9.891590534473933]",0.0,obese,24,2000,0.0088400409877067
GA_FIXED,bmi_category,obese,10,True,True,"[2930.9563130357396, 9.411099933083317]",0.0,obese,18,1520,0.0066066250001313
GA_FIXED,bmi_category,obese,11,True,True,"[2933.9460797405136, 9.069215756478677]",0.0,obese,7,640,0.0026289579982403
GA_FIXED,bmi_category,obese,12,True,True,"[2999.7701018394678, 9.98375545015128]",0.0,obese,47,3840,0.0172592500020982
GA_FIXED,bmi_category,obese,13,True,True,"[2962.23373717717, 9.673048429397596]",0.0,obese,19,1600,0.0069273330009309
GA_FIXED,bmi_category,obese,14,True,True,"[2906.7215429125354, 7.27047757644439]",0.0,obese,42,3440,0.0153190419950988
GA_FIXED,bmi_category,obese,15,True,True,"[2971.2883643558926, 9.64676269278386]",0.0,obese,27,2240,0.0098413329978939
GA_FIXED,bmi_category,obese,16,True,True,"[2830.6803735225853, 9.635263273365338]",0.0,obese,9,800,0.0034306250017834
GA_FIXED,bmi_category,obese,17,True,True,"[2981.6157268747147, 9.946049048035078]",0.0,obese,52,4240,0.0179362909984774
GA_FIXED,bmi_category,obese,18,True,True,"[2837.3980193297816, 2.7457451198658056]",0.0,obese,17,1440,0.0059387920045992
GA_FIXED,bmi_category,obese,19,True,True,"[2973.9578545545855, 3.1960242984160336]",0.0,obese,9,800,0.0031842500029597
GA_FIXED,bmi_category,obese,20,True,True,"[2638.7363905090597, 5.956607942328995]",0.0,obese,0,80,6.929200026206672e-05
GA_FIXED,bmi_category,obese,21,True,True,"[1006.9957100714732, 0.40953822525258143]",0.0,obese,0,80,6.879199645482004e-05
GA_FIXED,bmi_category,obese,22,True,True,"[2990.0852160046406, 9.790136953036324]",0.0,obese,13,1120,0.0046284999989438
GA_FIXED,bmi_category,obese,23,True,True,"[2915.3915407412287, 9.237928724235678]",0.0,obese,14,1200,0.0050710420036921
GA_FIXED,bmi_category,obese,24,True,True,"[2962.6373219316774, 9.3952748669488]",0.0,obese,44,3600,0.0153273749892832
GA_FIXED,bmi_category,obese,25,True,True,"[2506.5377658830153, 1.4324182888698633]",0.0,obese,0,80,6.779099931009114e-05
GA_FIXED,bmi_category,obese,26,True,True,"[2891.6269535801894, 9.259263394556738]",0.0,obese,14,1200,0.0050511670124251
GA_FIXED,bmi_category,obese,27,True,True,"[2915.980816988309, 0.8262497977670202]",0.0,obese,12,1040,0.0043200420041102
GA_FIXED,bmi_category,obese,28,True,True,"[1234.8107067525843, 0.43781501367901043]",0.0,obese,1,160,0.0004157079965807
GA_FIXED,bmi_category,obese,29,True,True,"[2635.153062366477, 7.9290574631331046]",0.0,obese,3,320,0.0011248329974478
GA_FIXED,bmi_category,overweight,0,True,True,"[2931.0046440531473, 10.05245366965697]",0.0,overweight,30,2480,0.0111213329946622
GA_FIXED,bmi_category,overweight,1,True,True,"[2963.8347645029376, 10.825413235879937]",0.0,overweight,21,1760,0.007728209006018
GA_FIXED,bmi_category,overweight,2,True,True,"[2989.06873665708, 10.288563551140609]",0.0,overweight,8,720,0.0029759169992757
GA_FIXED,bmi_category,overweight,3,True,True,"[2953.6749678727806, 9.948235980276833]",0.0,overweight,22,1840,0.0082586670032469
GA_FIXED,bmi_category,overweight,4,True,True,"[2914.4288774096503, 10.764562993345818]",0.0,overweight,7,640,0.0026018750068033
GA_FIXED,bmi_category,overweight,5,True,True,"[2997.3982419427484, 10.731745763895681]",0.0,overweight,51,4160,0.019000665997737
GA_FIXED,bmi_category,overweight,6,True,True,"[2983.9807924069332, 10.689032494759068]",0.0,overweight,41,3360,0.0152508330065757
GA_FIXED,bmi_category,overweight,7,True,True,"[2981.946460837701, 10.876128198361549]",0.0,overweight,49,4000,0.0182703329919604
GA_FIXED,bmi_category,overweight,8,True,True,"[2940.4970553688954, 10.402701958538099]",0.0,overweight,9,800,0.0033957920095417
GA_FIXED,bmi_category,overweight,9,True,True,"[2936.1776869536575, 10.512657949198594]",0.0,overweight,28,2320,0.0097766250109998
GA_FIXED,bmi_category,overweight,10,True,True,"[2981.7452961791178, 10.62151360744646]",0.0,overweight,51,4160,0.0176685000042198
GA_FIXED,bmi_category,overweight,11,True,True,"[2999.807230895604, 10.742874255562203]",0.0,overweight,40,3280,0.0141816249961266
GA_FIXED,bmi_category,overweight,12,True,True,"[282.487076153381, 3.349712700070597]",0.0,overweight,26,2160,0.0093051669973647
GA_FIXED,bmi_category,overweight,13,True,True,"[2982.2594071553726, 10.368775405535551]",0.0,overweight,32,2640,0.0114700410049408
GA_FIXED,bmi_category,overweight,14,True,True,"[2324.356629972616, 8.842001969383283]",0.0,overweight,11,960,0.0039984590111998
GA_FIXED,bmi_category,overweight,15,True,True,"[2907.299864392572, 10.282717119018848]",0.0,overweight,7,640,0.0025160829973174
GA_FIXED,bmi_category,overweight,16,True,True,"[2990.4064051689147, 10.295512601472883]",0.0,overweight,59,4800,0.0208275000040885
GA_FIXED,bmi_category,overweight,17,True,True,"[2967.189485882012, 10.203711186599794]",0.0,overweight,21,1760,0.0075537089869612
GA_FIXED,bmi_category,overweight,18,True,True,"[2865.8769047323317, 10.599917184165134]",0.0,overweight,11,960,0.0039900419942568
GA_FIXED,bmi_category,overweight,19,True,True,"[2884.4873529619317, 9.835985863302314]",0.0,overweight,17,1440,0.0060692919942084
GA_FIXED,bmi_category,overweight,20,True,True,"[1079.34176932745, 6.386671550545453]",0.0,overweight,5,480,0.0018865000020014
GA_FIXED,bmi_category,overweight,21,True,True,"[2865.93040231722, 10.491080341164867]",0.0,overweight,21,1760,0.0075756250007543
GA_FIXED,bmi_category,overweight,22,True,True,"[2974.8960380011295, 10.281520205375747]",0.0,overweight,26,2160,0.00943966700288
GA_FIXED,bmi_category,overweight,23,True,True,"[2984.881827990234, 10.54601790053362]",0.0,overweight,45,3680,0.0161967500025639
GA_FIXED,bmi_category,overweight,24,True,True,"[1590.4722637209377, 7.399836365620804]",0.0,overweight,3,320,0.0011853750038426
GA_FIXED,bmi_category,overweight,25,True,True,"[1588.7958172777417, 7.61601431554847]",0.0,overweight,3,320,0.0011322499922243
GA_FIXED,bmi_category,overweight,26,True,True,"[2944.8198360939455, 10.034244387597482]",0.0,overweight,14,1200,0.0050962500099558
GA_FIXED,bmi_category,overweight,27,True,True,"[2960.3991512685066, 10.780065062954872]",0.0,overweight,38,3120,0.0137962500011781
GA_FIXED,bmi_category,overweight,28,True,True,"[2964.2892125776316, 10.315338020460153]",0.0,overweight,67,5440,0.0236053330008871
GA_FIXED,bmi_category,overweight,29,True,True,"[2975.6820862822706, 10.417597057078002]",0.0,overweight,19,1600,0.0068731659994227
GA_FIXED,bmi_category,underweight,0,True,True,"[1843.4112860264752, 769.0982632395242]",0.0,underweight,0,80,6.91659952281043e-05
GA_FIXED,bmi_category,underweight,1,True,True,"[2430.606958097996, 2321.56450119946]",0.0,underweight,0,80,6.733300688210875e-05
GA_FIXED,bmi_category,underweight,2,True,True,"[1975.4912375306712, 1533.3688390226985]",0.0,underweight,0,80,6.795900117140263e-05
GA_FIXED,bmi_category,underweight,3,True,True,"[1394.9502816020322, 2138.5273070467333]",0.0,underweight,0,80,6.741599645465612e-05
GA_FIXED,bmi_category,underweight,4,True,True,"[2106.795001579233, 2699.321733570856]",0.0,underweight,0,80,6.658300117123872e-05
GA_FIXED,bmi_category,underweight,5,True,True,"[1572.570475551514, 419.2592358358612]",0.0,underweight,0,80,6.670800212305039e-05
GA_FIXED,bmi_category,underweight,6,True,True,"[1056.2445640847989, 2160.6773430977482]",0.0,underweight,0,80,6.645800021942705e-05
GA_FIXED,bmi_category,underweight,7,True,True,"[1056.4126894684503, 109.8069360192172]",0.0,underweight,0,80,6.666699482593685e-05
GA_FIXED,bmi_category,underweight,8,True,True,"[1997.963802712157, 2658.6948488560306]",0.0,underweight,0,80,6.683399260509759e-05
GA_FIXED,bmi_category,underweight,9,True,True,"[896.4896035625595, 2562.458153912971]",0.0,underweight,0,80,6.645898974966258e-05
GA_FIXED,bmi_category,underweight,10,True,True,"[1201.8228349883618, 630.6454122305188]",0.0,underweight,0,80,6.637499609496444e-05
GA_FIXED,bmi_category,underweight,11,True,True,"[2101.6428126552496, 2049.5675187372976]",0.0,underweight,0,80,6.683399260509759e-05
GA_FIXED,bmi_category,underweight,12,True,True,"[1764.7863521281417, 2960.7443812783677]",0.0,underweight,0,80,6.73340109642595e-05
GA_FIXED,bmi_category,underweight,13,True,True,"[94.47054386334509, 1133.5425369892653]",0.0,underweight,0,80,6.679199577774853e-05
GA_FIXED,bmi_category,underweight,14,True,True,"[57.83295798485788, 2142.2019196907745]",0.0,underweight,0,80,6.658300117123872e-05
GA_FIXED,bmi_category,underweight,15,True,True,"[525.9913259777003, 257.47149921376024]",0.0,underweight,0,80,6.69169967295602e-05
GA_FIXED,bmi_category,underweight,16,True,True,"[690.8205278070315, 2924.3998838814823]",0.0,underweight,0,80,6.741700053680688e-05
GA_FIXED,bmi_category,underweight,17,True,True,"[2569.910750089169, 676.2036795375625]",0.0,underweight,0,80,6.645800021942705e-05
GA_FIXED,bmi_category,underweight,18,True,True,"[1973.480452401822, 995.4375329936104]",0.0,underweight,0,80,6.695800402667373e-05
GA_FIXED,bmi_category,underweight,19,True,True,"[308.6842892621356, 929.9636568632934]",0.0,underweight,0,80,6.69579894747585e-05
GA_FIXED,bmi_category,underweight,20,True,True,"[457.89573265794115, 1691.2820129597653]",0.0,underweight,0,80,6.641699292231351e-05
GA_FIXED,bmi_category,underweight,21,True,True,"[2023.4884808903812, 323.0929221726405]",0.0,underweight,0,80,6.72089954605326e-05
GA_FIXED,bmi_category,underweight,22,True,True,"[296.92321114204736, 2134.2179628025083]",0.0,underweight,0,80,6.654199387412518e-05
GA_FIXED,bmi_category,underweight,23,True,True,"[2722.614230884617, 304.43873826791554]",0.0,underweight,0,80,6.687499990221113e-05
GA_FIXED,bmi_category,underweight,24,True,True,"[1765.803342539722, 2147.6460879868273]",0.0,underweight,0,80,6.70000008540228e-05
GA_FIXED,bmi_category,underweight,25,True,True,"[2552.5195652486677, 2776.1765324002104]",0.0,underweight,0,80,6.674999895039946e-05
GA_FIXED,bmi_category,underweight,26,True,True,"[2070.3883406973086, 1097.109160157288]",0.0,underweight,0,80,6.649999704677612e-05
GA_FIXED,bmi_category,underweight,27,True,True,"[2266.7164989675152, 1391.800165708209]",0.0,underweight,0,80,6.674999895039946e-05
GA_FIXED,bmi_category,underweight,28,True,True,"[1733.9069485813582, 1580.3017974702857]",0.0,underweight,0,80,6.658400525338948e-05
GA_FIXED,bmi_category,underweight,29,True,True,"[1006.439954865329, 1161.336318808811]",0.0,underweight,0,80,6.629200652241707e-05
GA_FIXED,list_pattern,sorted_unique,0,True,True,"[[-13, 6]]",0.0,sorted_unique,0,80,0.0001767499925335
GA_FIXED,list_pattern,sorted_unique,1,True,True,"[[-14, 11]]",0.0,sorted_unique,0,80,0.0001739159924909
GA_FIXED,list_pattern,sorted_unique,2,True,True,"[[-9, 4, 8, 9, 16]]",0.0,sorted_unique,0,80,0.0001607909944141
GA_FIXED,list_pattern,sorted_unique,3,True,True,"[[18, 20]]",0.0,sorted_unique,0,80,0.0001546670100651
GA_FIXED,list_pattern,sorted_unique,4,True,True,"[[-12, 8]]",0.0,sorted_unique,0,80,0.0001687089970801
GA_FIXED,list_pattern,sorted_unique,5,True,True,"[[-8, 17, 18]]",0.0,sorted_unique,0,80,0.0001792080001905
GA_FIXED,list_pattern,sorted_unique,6,True,True,"[[-13, -9, -5]]",0.0,sorted_unique,0,80,0.0001546249986859
GA_FIXED,list_pattern,sorted_unique,7,True,True,"[[16, 17]]",0.0,sorted_unique,0,80,0.0001778750010998
GA_FIXED,list_pattern,sorted_unique,8,True,True,"[[-12, 16]]",0.0,sorted_unique,0,80,0.0001935830077854
GA_FIXED,list_pattern,sorted_unique,9,True,True,"[[-17, 20]]",0.0,sorted_unique,0,80,0.0001635000080568
GA_FIXED,list_pattern,sorted_unique,10,True,True,"[[-15, 19]]",0.0,sorted_unique,0,80,0.0001704999885987
GA_FIXED,list_pattern,sorted_unique,11,True,True,"[[11, 15]]",0.0,sorted_unique,0,80,0.0001649579935474
GA_FIXED,list_pattern,sorted_unique,12,True,True,"[[-18, -6]]",0.0,sorted_unique,0,80,0.0001707500050542
GA_FIXED,list_pattern,sorted_unique,13,True,True,"[[-7, 15]]",0.0,sorted_unique,0,80,0.0001679580018389
GA_FIXED,list_pattern,sorted_unique,14,True,True,"[[-8, 17]]",0.0,sorted_unique,0,80,0.0001615830115042
GA_FIXED,list_pattern,sorted_unique,15,True,True,"[[-14, 1, 10]]",0.0,sorted_unique,0,80,0.0001634170039324
GA_FIXED,list_pattern,sorted_unique,16,True,True,"[[9, 16]]",0.0,sorted_unique,0,80,0.0001655419910093
GA_FIXED,list_pattern,sorted_unique,17,True,True,"[[-19, -7]]",0.0,sorted_unique,0,80,0.0001632920029805
GA_FIXED,list_pattern,sorted_unique,18,True,True,"[[-6, 14]]",0.0,sorted_unique,0,80,0.0001707500050542
GA_FIXED,list_pattern,sorted_unique,19,True,True,"[[-13, 17, 20]]",0.0,sorted_unique,0,80,0.0001740829902701
GA_FIXED,list_pattern,sorted_unique,20,True,True,"[[-17, 16]]",0.0,sorted_unique,0,80,0.0001777080033207
GA_FIXED,list_pattern,sorted_unique,21,True,True,"[[-4, 8]]",0.0,sorted_unique,0,80,0.0001613330096006
GA_FIXED,list_pattern,sorted_unique,22,True,True,"[[-19, -11, -5]]",0.0,sorted_unique,0,80,0.0001620830007595
GA_FIXED,list_pattern,sorted_unique,23,True,True,"[[-16, 8]]",0.0,sorted_unique,0,80,0.0001726659975247
GA_FIXED,list_pattern,sorted_unique,24,True,True,"[[-3, 16]]",0.0,sorted_unique,0,80,0.0001782920007826
GA_FIXED,list_pattern,sorted_unique,25,True,True,"[[2, 3, 11, 13]]",0.0,sorted_unique,0,80,0.0001666669995756
GA_FIXED,list_pattern,sorted_unique,26,True,True,"[[3, 9, 19]]",0.0,sorted_unique,0,80,0.000164750003023
GA_FIXED,list_pattern,sorted_unique,27,True,True,"[[-15, -6]]",0.0,sorted_unique,0,80,0.0001603340060682
GA_FIXED,list_pattern,sorted_unique,28,True,True,"[[5, 18]]",0.0,sorted_unique,0,80,0.0001611250045243
GA_FIXED,list_pattern,sorted_unique,29,True,True,"[[-6, -5]]",0.0,sorted_unique,0,80,0.0001586669968673
GA_FIXED,list_pattern,sorted_with_duplicates,0,True,True,"[[-16, -16]]",0.0,sorted_with_duplicates,2,240,0.0009370420011691
GA_FIXED,list_pattern,sorted_with_duplicates,1,True,True,"[[-17, -17, -14]]",0.0,sorted_with_duplicates,0,80,0.0001702910085441
GA_FIXED,list_pattern,sorted_with_duplicates,2,True,True,"[[0, 3, 5, 5]]",0.0,sorted_with_duplicates,0,80,0.0001674160012044
GA_FIXED,list_pattern,sorted_with_duplicates,3,True,True,"[[13, 13, 13]]",0.0,sorted_with_duplicates,0,80,0.0001574170019011
GA_FIXED,list_pattern,sorted_with_duplicates,4,True,True,"[[-9, -9]]",0.0,sorted_with_duplicates,5,480,0.0022748750052414
GA_FIXED,list_pattern,sorted_with_duplicates,5,True,True,"[[3, 4, 4]]",0.0,sorted_with_duplicates,4,400,0.0017632499948376
GA_FIXED,list_pattern,sorted_with_duplicates,6,True,True,"[[-8, 2, 2]]",0.0,sorted_with_duplicates,8,720,0.0034011249954346
GA_FIXED,list_pattern,sorted_with_duplicates,7,True,True,"[[2, 20, 20]]",0.0,sorted_with_duplicates,9,800,0.0037732079945271
GA_FIXED,list_pattern,sorted_with_duplicates,8,True,True,"[[-14, -12, -12]]",0.0,sorted_with_duplicates,0,80,0.0001769580121617
GA_FIXED,list_pattern,sorted_with_duplicates,9,True,True,"[[-5, -5]]",0.0,sorted_with_duplicates,2,240,0.000949417008087
GA_FIXED,list_pattern,sorted_with_duplicates,10,True,True,"[[3, 18, 18]]",0.0,sorted_with_duplicates,3,320,0.0013455419975798
GA_FIXED,list_pattern,sorted_with_duplicates,11,True,True,"[[0, 0]]",0.0,sorted_with_duplicates,6,560,0.002657334000105
GA_FIXED,list_pattern,sorted_with_duplicates,12,True,True,"[[-1, -1]]",0.0,sorted_with_duplicates,0,80,0.0001707499905023
GA_FIXED,list_pattern,sorted_with_duplicates,13,True,True,"[[-5, 5, 5]]",0.0,sorted_with_duplicates,10,880,0.0042916669917758
GA_FIXED,list_pattern,sorted_with_duplicates,14,True,True,"[[16, 16]]",0.0,sorted_with_duplicates,9,800,0.0037825420004082
GA_FIXED,list_pattern,sorted_with_duplicates,15,True,True,"[[3, 3]]",0.0,sorted_with_duplicates,0,80,0.0001785000058589
GA_FIXED,list_pattern,sorted_with_duplicates,16,True,True,"[[-3, 9, 15, 15]]",0.0,sorted_with_duplicates,4,400,0.0017684159975033
GA_FIXED,list_pattern,sorted_with_duplicates,17,True,True,"[[-8, 17, 17]]",0.0,sorted_with_duplicates,0,80,0.0001898749906104
GA_FIXED,list_pattern,sorted_with_duplicates,18,True,True,"[[6, 6]]",0.0,sorted_with_duplicates,5,480,0.0022074579901527
GA_FIXED,list_pattern,sorted_with_duplicates,19,True,True,"[[-3, -3]]",0.0,sorted_with_duplicates,0,80,0.0001611250045243
GA_FIXED,list_pattern,sorted_with_duplicates,20,True,True,"[[-17, 8, 8]]",0.0,sorted_with_duplicates,12,1040,0.005274625000311
GA_FIXED,list_pattern,sorted_with_duplicates,21,True,True,"[[-18, -11, 16, 16]]",0.0,sorted_with_duplicates,5,480,0.0021811249898746
GA_FIXED,list_pattern,sorted_with_duplicates,22,True,True,"[[9, 9]]",0.0,sorted_with_duplicates,2,240,0.0011047080042771
GA_FIXED,list_pattern,sorted_with_duplicates,23,True,True,"[[-5, -5]]",0.0,sorted_with_duplicates,0,80,0.000184916993021
GA_FIXED,list_pattern,sorted_with_duplicates,24,True,True,"[[13, 13]]",0.0,sorted_with_duplicates,2,240,0.0009688749996712
GA_FIXED,list_pattern,sorted_with_duplicates,25,True,True,"[[-17, -17]]",0.0,sorted_with_duplicates,3,320,0.0013704169978154
GA_FIXED,list_pattern,sorted_with_duplicates,26,True,True,"[[-5, 3, 18, 18]]",0.0,sorted_with_duplicates,7,640,0.0030082079902058
GA_FIXED,list_pattern,sorted_with_duplicates,27,True,True,"[[-3, 0, 0]]",0.0,sorted_with_duplicates,5,480,0.002217750006821
GA_FIXED,list_pattern,sorted_with_duplicates,28,True,True,"[[-17, -17, -3]]",0.0,sorted_with_duplicates,0,80,0.00017008400755
GA_FIXED,list_pattern,sorted_with_duplicates,29,True,True,"[[-16, -14, -8, -8]]",0.0,sorted_with_duplicates,3,320,0.0013816660066368
GA_FIXED,list_pattern,too_short,0,True,True,[[-10]],0.0,too_short,0,80,0.0001879170013125
GA_FIXED,list_pattern,too_short,1,True,True,[[18]],0.0,too_short,0,80,0.0001933749881573
GA_FIXED,list_pattern,too_short,2,True,True,[[]],0.0,too_short,0,80,0.0001609159953659
GA_FIXED,list_pattern,too_short,3,True,True,[[]],0.0,too_short,0,80,0.000174374989001
GA_FIXED,list_pattern,too_short,4,True,True,[[-12]],0.0,too_short,0,80,0.0001737080019665
GA_FIXED,list_pattern,too_short,5,True,True,[[]],0.0,too_short,0,80,0.0001811670081224
GA_FIXED,list_pattern,too_short,6,True,True,[[0]],0.0,too_short,0,80,0.0001617090019863
GA_FIXED,list_pattern,too_short,7,True,True,[[5]],0.0,too_short,0,80,0.0001669589983066
GA_FIXED,list_pattern,too_short,8,True,True,[[12]],0.0,too_short,0,80,0.0001717080012895
GA_FIXED,list_pattern,too_short,9,True,True,[[]],0.0,too_short,0,80,0.0001588330051163
GA_FIXED,list_pattern,too_short,10,True,True,[[18]],0.0,too_short,0,80,0.0001504170068074
GA_FIXED,list_pattern,too_short,11,True,True,[[]],0.0,too_short,0,80,0.0001576670038048
GA_FIXED,list_pattern,too_short,12,True,True,[[]],0.0,too_short,0,80,0.0001655420055612
GA_FIXED,list_pattern,too_short,13,True,True,[[4]],0.0,too_short,0,80,0.0001783330080797
GA_FIXED,list_pattern,too_short,14,True,True,[[]],0.0,too_short,0,80,0.0001652909995755
GA_FIXED,list_pattern,too_short,15,True,True,[[-19]],0.0,too_short,0,80,0.0001718330022413
GA_FIXED,list_pattern,too_short,16,True,True,[[]],0.0,too_short,0,80,0.000172082989593
GA_FIXED,list_pattern,too_short,17,True,True,[[-11]],0.0,too_short,0,80,0.0001682500005699
GA_FIXED,list_pattern,too_short,18,True,True,[[-7]],0.0,too_short,0,80,0.0001715000107651
GA_FIXED,list_pattern,too_short,19,True,True,[[]],0.0,too_short,0,80,0.0001567080034874
GA_FIXED,list_pattern,too_short,20,True,True,[[]],0.0,too_short,0,80,0.0001616670051589
GA_FIXED,list_pattern,too_short,21,True,True,[[3]],0.0,too_short,0,80,0.0001709580101305
GA_FIXED,list_pattern,too_short,22,True,True,[[]],0.0,too_short,0,80,0.0001617920061107
GA_FIXED,list_pattern,too_short,23,True,True,[[12]],0.0,too_short,0,80,0.0001662919967202
GA_FIXED,list_pattern,too_short,24,True,True,[[-10]],0.0,too_short,0,80,0.0001668340119067
GA_FIXED,list_pattern,too_short,25,True,True,[[]],0.0,too_short,0,80,0.0001627089950488
GA_FIXED,list_pattern,too_short,26,True,True,[[]],0.0,too_short,0,80,0.0001764170010574
GA_FIXED,list_pattern,too_short,27,True,True,[[]],0.0,too_short,0,80,0.0001581660035299
GA_FIXED,list_pattern,too_short,28,True,True,[[]],0.0,too_short,0,80,0.0001720000000204
GA_FIXED,list_pattern,too_short,29,True,True,[[15]],0.0,too_short,0,80,0.0001660830021137
GA_FIXED,list_pattern,unsorted_unique,0,True,True,"[[1, 12, 18, 15]]",0.0,unsorted_unique,0,80,0.0001817919983295
GA_FIXED,list_pattern,unsorted_unique,1,True,True,"[[18, 14]]",0.0,unsorted_unique,0,80,0.0001623749994905
GA_FIXED,list_pattern,unsorted_unique,2,True,True,"[[-6, -9]]",0.0,unsorted_unique,0,80,0.0001799579913495
GA_FIXED,list_pattern,unsorted_unique,3,True,True,"[[19, -19]]",0.0,unsorted_unique,0,80,0.0001765000051818
GA_FIXED,list_pattern,unsorted_unique,4,True,True,"[[-18, 15, 6, -17, -11]]",0.0,unsorted_unique,0,80,0.0001731250085867
GA_FIXED,list_pattern,unsorted_unique,5,True,True,"[[8, 19, 7]]",0.0,unsorted_unique,0,80,0.0001833750138757
GA_FIXED,list_pattern,unsorted_unique,6,True,True,"[[-4, -13]]",0.0,unsorted_unique,0,80,0.0001879580086097
GA_FIXED,list_pattern,unsorted_unique,7,True,True,"[[18, -13, 14, -18]]",0.0,unsorted_unique,0,80,0.0001712499943096
GA_FIXED,list_pattern,unsorted_unique,8,True,True,"[[-16, -18, 14, 15]]",0.0,unsorted_unique,0,80,0.0001696659892331
GA_FIXED,list_pattern,unsorted_unique,9,True,True,"[[7, 14, -5, 3, -18]]",0.0,unsorted_unique,0,80,0.0001702499866951
GA_FIXED,list_pattern,unsorted_unique,10,True,True,"[[-6, -5, 9, 10, -1, -18, 4]]",0.0,unsorted_unique,0,80,0.0001663330040173
GA_FIXED,list_pattern,unsorted_unique,11,True,True,"[[20, 8, -17, -15, 5, 1, -16, 3]]",0.0,unsorted_unique,0,80,0.0001750420051394
GA_FIXED,list_pattern,unsorted_unique,12,True,True,"[[19, 11, 15, -12, -3, -13, -9, -19]]",0.0,unsorted_unique,0,80,0.0001819169992813
GA_FIXED,list_pattern,unsorted_unique,13,True,True,"[[5, -13, 6]]",0.0,unsorted_unique,0,80,0.0001866249949671
GA_FIXED,list_pattern,unsorted_unique,14,True,True,"[[-8, -10]]",0.0,unsorted_unique,0,80,0.0001765000051818
GA_FIXED,list_pattern,unsorted_unique,15,True,True,"[[12, 5, 3, 14]]",0.0,unsorted_unique,0,80,0.0001835000002756
GA_FIXED,list_pattern,unsorted_unique,16,True,True,"[[-20, -9, 11, 8, -10, 14, -12]]",0.0,unsorted_unique,0,80,0.0001717089908197
GA_FIXED,list_pattern,unsorted_unique,17,True,True,"[[-19, 18, -6, 3, 0, 4]]",0.0,unsorted_unique,0,80,0.0001866670063463
GA_FIXED,list_pattern,unsorted_unique,18,True,True,"[[-3, 19, 5, 18, 0, -16, -8, -11]]",0.0,unsorted_unique,0,80,0.0001629170001251
GA_FIXED,list_pattern,unsorted_unique,19,True,True,"[[6, -3, -6]]",0.0,unsorted_unique,0,80,0.0001744160108501
GA_FIXED,list_pattern,unsorted_unique,20,True,True,"[[-4, -12]]",0.0,unsorted_unique,0,80,0.0001604169956408
GA_FIXED,list_pattern,unsorted_unique,21,True,True,"[[5, 6, -17, -6, 10]]",0.0,unsorted_unique,0,80,0.0001705409958958
GA_FIXED,list_pattern,unsorted_unique,22,True,True,"[[-13, 4, 17, 6]]",0.0,unsorted_unique,0,80,0.0001645000011194
GA_FIXED,list_pattern,unsorted_unique,23,True,True,"[[17, -16, 13]]",0.0,unsorted_unique,0,80,0.0001756659912643
GA_FIXED,list_pattern,unsorted_unique,24,True,True,"[[5, -10, -2]]",0.0,unsorted_unique,0,80,0.0001588750019436
GA_FIXED,list_pattern,unsorted_unique,25,True,True,"[[7, -11, 8, -16, 20]]",0.0,unsorted_unique,0,80,0.0001616250083316
GA_FIXED,list_pattern,unsorted_unique,26,True,True,"[[8, 13, 6, 2, 10, -10]]",0.0,unsorted_unique,0,80,0.0001699999993434
GA_FIXED,list_pattern,unsorted_unique,27,True,True,"[[-16, -9, 5, -13, 0, 13, -17, 3]]",0.0,unsorted_unique,0,80,0.0001722910092212
GA_FIXED,list_pattern,unsorted_unique,28,True,True,"[[14, -18, 5, 2, -16]]",0.0,unsorted_unique,0,80,0.0001656249951338
GA_FIXED,list_pattern,unsorted_unique,29,True,True,"[[-11, -18]]",0.0,unsorted_unique,0,80,0.0001661659916862
GA_FIXED,list_pattern,unsorted_with_duplicates,0,True,True,"[[-6, 2, 1, -19, 18, -3, 18]]",0.0,unsorted_with_duplicates,0,80,0.0001659999979892
GA_FIXED,list_pattern,unsorted_with_duplicates,1,True,True,"[[0, -7, -11, -9, 6, -20, -16, -20]]",0.0,unsorted_with_duplicates,0,80,0.0001689159980742
GA_FIXED,list_pattern,unsorted_with_duplicates,2,True,True,"[[19, -11, 19, -18, 11, -5, -9]]",0.0,unsorted_with_duplicates,0,80,0.0001574589987285
GA_FIXED,list_pattern,unsorted_with_duplicates,3,True,True,"[[16, -4, 6, -11, -4, -2, -13]]",0.0,unsorted_with_duplicates,0,80,0.000164750003023
GA_FIXED,list_pattern,unsorted_with_duplicates,4,True,True,"[[17, -9, 18, 17, -2, 18, 9]]",0.0,unsorted_with_duplicates,0,80,0.0001656670065131
GA_FIXED,list_pattern,unsorted_with_duplicates,5,True,True,"[[17, 12, 6, 17, -9, 3]]",0.0,unsorted_with_duplicates,0,80,0.0001745000045048
GA_FIXED,list_pattern,unsorted_with_duplicates,6,True,True,"[[-8, 11, 0, -1, -10, 11, -15]]",0.0,unsorted_with_duplicates,0,80,0.0001818749879021
GA_FIXED,list_pattern,unsorted_with_duplicates,7,True,True,"[[15, -3, -8, 11, -14, 10, 10]]",0.0,unsorted_with_duplicates,0,80,0.0001779169979272
GA_FIXED,list_pattern,unsorted_with_duplicates,8,True,True,"[[-19, 1, -8, 19, -16, 16, 19]]",0.0,unsorted_with_duplicates,0,80,0.0001788749941624
GA_FIXED,list_pattern,unsorted_with_duplicates,9,True,True,"[[16, -14, -1, -14]]",0.0,unsorted_with_duplicates,0,80,0.0001632080093258
GA_FIXED,list_pattern,unsorted_with_duplicates,10,True,True,"[[-12, -18, 16, 10, -7, -7]]",0.0,unsorted_with_duplicates,0,80,0.0002070000045932
GA_FIXED,list_pattern,unsorted_with_duplicates,11,True,True,"[[0, 0, -8, -19, -7, -19, -15, -5]]",0.0,unsorted_with_duplicates,0,80,0.0001836250012274
GA_FIXED,list_pattern,unsorted_with_duplicates,12,True,True,"[[16, -10, 10, 20, 20, -17, 14, -11]]",0.0,unsorted_with_duplicates,0,80,0.0001689589989837
GA_FIXED,list_pattern,unsorted_with_duplicates,13,True,True,"[[6, 17, 2, 17, -19, -19, -1]]",0.0,unsorted_with_duplicates,0,80,0.0001672919897828
GA_FIXED,list_pattern,unsorted_with_duplicates,14,True,True,"[[7, 8, 7]]",0.0,unsorted_with_duplicates,0,80,0.0001861250057118
GA_FIXED,list_pattern,unsorted_with_duplicates,15,True,True,"[[9, -18, -19, 0, -18]]",0.0,unsorted_with_duplicates,0,80,0.0001734160032356
GA_FIXED,list_pattern,unsorted_with_duplicates,16,True,True,"[[-4, -4, 0, -1, -9, 20]]",0.0,unsorted_with_duplicates,0,80,0.0001892500004032
GA_FIXED,list_pattern,unsorted_with_duplicates,17,True,True,"[[6, 2, -13, -13, 18]]",0.0,unsorted_with_duplicates,0,80,0.000172708008904
GA_FIXED,list_pattern,unsorted_with_duplicates,18,True,True,"[[-2, -2, 1, -11, 17, 14, -3]]",0.0,unsorted_with_duplicates,0,80,0.0001587919978192
GA_FIXED,list_pattern,unsorted_with_duplicates,19,True,True,"[[13, -15, 17, 18, 20, 16, -15]]",0.0,unsorted_with_duplicates,0,80,0.0001657910033827
GA_FIXED,list_pattern,unsorted_with_duplicates,20,True,True,"[[-3, 2, -3]]",0.0,unsorted_with_duplicates,0,80,0.0001937500055646
GA_FIXED,list_pattern,unsorted_with_duplicates,21,True,True,"[[10, 0, -18, -6, 18, -13, -13]]",0.0,unsorted_with_duplicates,0,80,0.0001684580056462
GA_FIXED,list_pattern,unsorted_with_duplicates,22,True,True,"[[-19, -15, -9, -18, 9, -7, 9]]",0.0,unsorted_with_duplicates,0,80,0.0001672500075073
GA_FIXED,list_pattern,unsorted_with_duplicates,23,True,True,"[[13, -15, 18, 12, 17, 1, 4, -15]]",0.0,unsorted_with_duplicates,0,80,0.0001669170014793
GA_FIXED,list_pattern,unsorted_with_duplicates,24,True,True,"[[-11, 12, -7, 10, 13, -7]]",0.0,unsorted_with_duplicates,0,80,0.0001722910092212
GA_FIXED,list_pattern,unsorted_with_duplicates,25,True,True,"[[11, 11, -17, -10, 0, -17, 1, -7]]",0.0,unsorted_with_duplicates,0,80,0.0001691249926807
GA_FIXED,list_pattern,unsorted_with_duplicates,26,True,True,"[[-7, -6, -7, 8, 17]]",0.0,unsorted_with_duplicates,0,80,0.0001656669919611
GA_FIXED,list_pattern,unsorted_with_duplicates,27,True,True,"[[-16, 13, -16]]",0.0,unsorted_with_duplicates,0,80,0.0001676249958109
GA_FIXED,list_pattern,unsorted_with_duplicates,28,True,True,"[[6, 6, 1, 6, 15, -2, -17, -17]]",0.0,unsorted_with_duplicates,0,80,0.0001785420026862
GA_FIXED,list_pattern,unsorted_with_duplicates,29,True,True,"[[-15, -15, 1, 1, -19, 6, 11, -2]]",0.0,unsorted_with_duplicates,0,80,0.0001687089970801
GA_FIXED,number_kind,even,0,True,True,[1690],0.0,even,0,80,5.8416000683791935e-05
GA_FIXED,number_kind,even,1,True,True,[2448],0.0,even,0,80,5.916701047681272e-05
GA_FIXED,number_kind,even,2,True,True,[-128],0.0,even,0,80,5.891699402127415e-05
GA_FIXED,number_kind,even,3,True,True,[1250],0.0,even,0,80,5.904100544285029e-05
GA_FIXED,number_kind,even,4,True,True,[1012],0.0,even,0,80,6.004200258757919e-05
GA_FIXED,number_kind,even,5,True,True,[2090],0.0,even,0,80,5.945900920778513e-05
GA_FIXED,number_kind,even,6,True,True,[1380],0.0,even,0,80,5.94589946558699e-05
GA_FIXED,number_kind,even,7,True,True,[1108],0.0,even,0,80,5.545798921957612e-05
GA_FIXED,number_kind,even,8,True,True,[2662],0.0,even,0,80,5.945800512563437e-05
GA_FIXED,number_kind,even,9,True,True,[1084],0.0,even,0,80,5.920900730416179e-05
GA_FIXED,number_kind,even,10,True,True,[528],0.0,even,0,80,5.9457990573719144e-05
GA_FIXED,number_kind,even,11,True,True,[84],0.0,even,0,80,6.295800267253071e-05
GA_FIXED,number_kind,even,12,True,True,[170],0.0,even,0,80,6.112499977461994e-05
GA_FIXED,number_kind,even,13,True,True,[1746],0.0,even,0,80,6.125000072643161e-05
GA_FIXED,number_kind,even,14,True,True,[394],0.0,even,0,80,6.129100802354515e-05
GA_FIXED,number_kind,even,15,True,True,[-350],0.0,even,0,80,6.233299791347235e-05
GA_FIXED,number_kind,even,16,True,True,[1798],0.0,even,0,80,6.020799628458917e-05
GA_FIXED,number_kind,even,17,True,True,[2460],0.0,even,0,80,6.0709004173986614e-05
GA_FIXED,number_kind,even,18,True,True,[584],0.0,even,0,80,6.170899723656476e-05
GA_FIXED,number_kind,even,19,True,True,[-426],0.0,even,0,80,6.037499406374991e-05
GA_FIXED,number_kind,even,20,True,True,[256],0.0,even,0,80,6.158299220260233e-05
GA_FIXED,number_kind,even,21,True,True,[1676],0.0,even,0,80,6.10839924775064e-05
GA_FIXED,number_kind,even,22,True,True,[892],0.0,even,0,80,6.145799125079066e-05
GA_FIXED,number_kind,even,23,True,True,[2172],0.0,even,0,80,6.074999691918492e-05
GA_FIXED,number_kind,even,24,True,True,[-150],0.0,even,0,80,6.154099537525326e-05
GA_FIXED,number_kind,even,25,True,True,[296],0.0,even,0,80,6.0457998188212514e-05
GA_FIXED,number_kind,even,26,True,True,[316],0.0,even,0,80,5.975000385660678e-05
GA_FIXED,number_kind,even,27,True,True,[694],0.0,even,0,80,6.241700612008572e-05
GA_FIXED,number_kind,even,28,True,True,[2758],0.0,even,0,80,6.054200639482587e-05
GA_FIXED,number_kind,even,29,True,True,[974],0.0,even,0,80,6.091700925026089e-05
GA_FIXED,number_kind,odd,0,True,True,[2493],0.0,odd,0,80,6.03340013185516e-05
GA_FIXED,number_kind,odd,1,True,True,[527],0.0,odd,0,80,6.062501051928848e-05
GA_FIXED,number_kind,odd,2,True,True,[2059],0.0,odd,0,80,6.10410061199218e-05
GA_FIXED,number_kind,odd,3,True,True,[405],0.0,odd,0,80,5.58749889023602e-05
GA_FIXED,number_kind,odd,4,True,True,[947],0.0,odd,0,80,5.2499992307275534e-05
GA_FIXED,number_kind,odd,5,True,True,[2669],0.0,odd,0,80,5.337499896995723e-05
GA_FIXED,number_kind,odd,6,True,True,[-461],0.0,odd,0,80,5.3458992624655366e-05
GA_FIXED,number_kind,odd,7,True,True,[1923],0.0,odd,0,80,5.391599552240223e-05
GA_FIXED,number_kind,odd,8,True,True,[867],0.0,odd,0,80,5.279199103824794e-05
GA_FIXED,number_kind,odd,9,True,True,[2069],0.0,odd,0,80,8.274998981505632e-05
GA_FIXED,number_kind,odd,10,True,True,[161],0.0,odd,0,80,5.9874990256503224e-05
GA_FIXED,number_kind,odd,11,True,True,[1395],0.0,odd,0,80,6.216600013431162e-05
GA_FIXED,number_kind,odd,12,True,True,[1711],0.0,odd,0,80,6.17500045336783e-05
GA_FIXED,number_kind,odd,13,True,True,[1351],0.0,odd,0,80,6.804199074395001e-05
GA_FIXED,number_kind,odd,14,True,True,[203],0.0,odd,0,80,6.137498712632805e-05
GA_FIXED,number_kind,odd,15,True,True,[2109],0.0,odd,0,80,6.0999998822808266e-05
GA_FIXED,number_kind,odd,16,True,True,[-467],0.0,odd,0,80,6.108300294727087e-05
GA_FIXED,number_kind,odd,17,True,True,[2711],0.0,odd,0,80,6.062499596737325e-05
GA_FIXED,number_kind,odd,18,True,True,[2173],0.0,odd,0,80,6.17909972788766e-05
GA_FIXED,number_kind,odd,19,True,True,[419],0.0,odd,0,80,6.1166996601969e-05
GA_FIXED,number_kind,odd,20,True,True,[2509],0.0,odd,0,80,6.062499596737325e-05
GA_FIXED,number_kind,odd,21,True,True,[2235],0.0,odd,0,80,5.9833997511304915e-05
GA_FIXED,number_kind,odd,22,True,True,[1235],0.0,odd,0,80,5.9541998780332506e-05
GA_FIXED,number_kind,odd,23,True,True,[21],0.0,odd,0,80,6.145799125079066e-05
GA_FIXED,number_kind,odd,24,True,True,[1291],0.0,odd,0,80,6.054200639482587e-05
GA_FIXED,number_kind,odd,25,True,True,[303],0.0,odd,0,80,5.950000195298344e-05
GA_FIXED,number_kind,odd,26,True,True,[1695],0.0,odd,0,80,6.0582999140024185e-05
GA_FIXED,number_kind,odd,27,True,True,[2781],0.0,odd,0,80,6.020799628458917e-05
GA_FIXED,number_kind,odd,28,True,True,[1371],0.0,odd,0,80,6.049999501556158e-05
GA_FIXED,number_kind,odd,29,True,True,[253],0.0,odd,0,80,6.587500683963299e-05
GA_FIXED,number_kind,zero,0,True,True,[0],0.0,zero,4,400,0.0012319579982431
GA_FIXED,number_kind,zero,1,True,True,[0],0.0,zero,4,400,0.0012124169879825
GA_FIXED,number_kind,zero,2,True,True,[0],0.0,zero,8,720,0.0024877500109141
GA_FIXED,number_kind,zero,3,True,True,[0],0.0,zero,16,1360,0.0048413339973194
GA_FIXED,number_kind,zero,4,True,True,[0],0.0,zero,10,880,0.002985915998579
GA_FIXED,number_kind,zero,5,True,True,[0],0.0,zero,8,720,0.0024739999935263
GA_FIXED,number_kind,zero,6,True,True,[0],0.0,zero,8,720,0.0024147500080289
GA_FIXED,number_kind,zero,7,True,True,[0],0.0,zero,5,480,0.0015788749878993
GA_FIXED,number_kind,zero,8,True,True,[0],0.0,zero,13,1120,0.0039312500011874
GA_FIXED,number_kind,zero,9,True,True,[0],0.0,zero,9,800,0.0026926659920718
GA_FIXED,number_kind,zero,10,True,True,[0],0.0,zero,9,800,0.0027964170003542
GA_FIXED,number_kind,zero,11,True,True,[0],0.0,zero,5,480,0.0015047079941723
GA_FIXED,number_kind,zero,12,True,True,[0],0.0,zero,7,640,0.0021703749953303
GA_FIXED,number_kind,zero,13,True,True,[0],0.0,zero,4,400,0.0011970420018769
GA_FIXED,number_kind,zero,14,True,True,[0],0.0,zero,8,720,0.0024715420004213
GA_FIXED,number_kind,zero,15,True,True,[0],0.0,zero,3,320,0.0009730419988045
GA_FIXED,number_kind,zero,16,True,True,[0],0.0,zero,8,720,0.0023996249947231
GA_FIXED,number_kind,zero,17,True,True,[0],0.0,zero,8,720,0.002498417001334
GA_FIXED,number_kind,zero,18,True,True,[0],0.0,zero,2,240,0.0006484160112449
GA_FIXED,number_kind,zero,19,True,True,[0],0.0,zero,5,480,0.0015280000079656
GA_FIXED,number_kind,zero,20,True,True,[0],0.0,zero,13,1120,0.0039450830081477
GA_FIXED,number_kind,zero,21,True,True,[0],0.0,zero,8,720,0.0024602920020697
GA_FIXED,number_kind,zero,22,True,True,[0],0.0,zero,9,800,0.0027341669920133
GA_FIXED,number_kind,zero,23,True,True,[0],0.0,zero,20,1680,0.0060547920002136
GA_FIXED,number_kind,zero,24,True,True,[0],0.0,zero,13,1120,0.0039388750010402
GA_FIXED,number_kind,zero,25,True,True,[0],0.0,zero,13,1120,0.0039517499972134
GA_FIXED,number_kind,zero,26,True,True,[0],0.0,zero,4,400,0.0012823340075556
GA_FIXED,number_kind,zero,27,True,True,[0],0.0,zero,9,800,0.0027965829940512
GA_FIXED,number_kind,zero,28,True,True,[0],0.0,zero,13,1120,0.0039485000015702
GA_FIXED,number_kind,zero,29,True,True,[0],0.0,zero,7,640,0.0021242500079097
GA_FIXED,password_strength,medium,0,True,True,['2LicrM'],0.0,medium,0,80,0.0002105839957948
GA_FIXED,password_strength,medium,1,True,True,['srPaXmyeCUORepI'],0.0,medium,0,80,0.0002167499915231
GA_FIXED,password_strength,medium,2,True,True,['kwNc1Qz'],0.0,medium,0,80,0.0002023329871008
GA_FIXED,password_strength,medium,3,True,True,['0r5cTkX76'],0.0,medium,0,80,0.0002131670044036
GA_FIXED,password_strength,medium,4,True,True,['UymXcFvFG'],0.0,medium,0,80,0.0002084579900838
GA_FIXED,password_strength,medium,5,True,True,['CgxrXceDOmDxCbGQFqn'],0.0,medium,0,80,0.0002047080051852
GA_FIXED,password_strength,medium,6,True,True,['XDXUQN'],0.0,medium,0,80,0.0002064589934889
GA_FIXED,password_strength,medium,7,True,True,['tycW4L0'],0.0,medium,0,80,0.0002185000048484
GA_FIXED,password_strength,medium,8,True,True,['KPbUdmq'],0.0,medium,0,80,0.0002165410114685
GA_FIXED,password_strength,medium,9,True,True,['djEVxgbP8'],0.0,medium,0,80,0.0002109999913955
GA_FIXED,password_strength,medium,10,True,True,['zQZFeBpuj'],0.0,medium,0,80,0.0002205420023528
GA_FIXED,password_strength,medium,11,True,True,['wTXPNCfbYdql'],0.0,medium,0,80,0.0002125829923897
GA_FIXED,password_strength,medium,12,True,True,['TSIxSujmPWogUTR'],0.0,medium,0,80,0.0002154589892597
GA_FIXED,password_strength,medium,13,True,True,['wb6FMih'],0.0,medium,0,80,0.0002061669947579
GA_FIXED,password_strength,medium,14,True,True,['pjSYCmnEvQNnSdyHHlhT'],0.0,medium,0,80,0.0002012080076383
GA_FIXED,password_strength,medium,15,True,True,['KRnHC9J'],0.0,medium,0,80,0.0002112079964717
GA_FIXED,password_strength,medium,16,True,True,['IFzERpmMAxNFAIzvWI'],0.0,medium,0,80,0.0002135419927071
GA_FIXED,password_strength,medium,17,True,True,['ztvzMQiWAe'],0.0,medium,0,80,0.0002177080023102
GA_FIXED,password_strength,medium,18,True,True,['qkPiUxuMk'],0.0,medium,0,80,0.0002076669916277
GA_FIXED,password_strength,medium,19,True,True,['vWdFdO'],0.0,medium,0,80,0.0002114170056302
GA_FIXED,password_strength,medium,20,True,True,['bUNgJEz'],0.0,medium,0,80,0.0001998749939957
GA_FIXED,password_strength,medium,21,True,True,['zBmuDsYM9'],0.0,medium,0,80,0.0002136249968316
GA_FIXED,password_strength,medium,22,True,True,['IvZMT4Tzp'],0.0,medium,0,80,0.0002133329981006
GA_FIXED,password_strength,medium,23,True,True,['lknUCFzKN'],0.0,medium,0,80,0.0002180840092478
GA_FIXED,password_strength,medium,24,True,True,['tBNNcUldMBtj'],0.0,medium,0,80,0.0002224579948233
GA_FIXED,password_strength,medium,25,True,True,['FlmBQhdRD'],0.0,medium,0,80,0.0002107080072164
GA_FIXED,password_strength,medium,26,True,True,['DcuAcOjdzaEX'],0.0,medium,0,80,0.0002154589892597
GA_FIXED,password_strength,medium,27,True,True,['NC2jtaqVH'],0.0,medium,0,80,0.0002192089887103
GA_FIXED,password_strength,medium,28,True,True,['nw9UTtV'],0.0,medium,0,80,0.0002235830033896
GA_FIXED,password_strength,medium,29,True,True,['fjNV2j'],0.0,medium,0,80,0.0001939159992616
GA_FIXED,password_strength,strong,0,True,True,['ylEToVUTUBeyVlLSPr7'],0.0,strong,0,80,0.0002137919946108
GA_FIXED,password_strength,strong,1,True,True,['Mo7Ccs171g9w'],0.0,strong,0,80,0.0002033749915426
GA_FIXED,password_strength,strong,2,True,True,['nrIIueoWDnZd7O'],0.0,strong,0,80,0.0002052080089924
GA_FIXED,password_strength,strong,3,True,True,['SJ8oY9qyCM2LF7X'],0.0,strong,0,80,0.0002136670082109
GA_FIXED,password_strength,strong,4,True,True,['xgq45X1Q5TP'],0.0,strong,0,80,0.000201000002562
GA_FIXED,password_strength,strong,5,True,True,['t1iP8thzFKsJWERte'],0.0,strong,0,80,0.0002042080013779
GA_FIXED,password_strength,strong,6,True,True,['KsajHOB4FX'],0.0,strong,0,80,0.0001984580012504
GA_FIXED,password_strength,strong,7,True,True,['WQl4RMbInTfEqJKFV'],0.0,strong,0,80,0.0002064579894067
GA_FIXED,password_strength,strong,8,True,True,['U3Tk00vo5ynxQjNTeb'],0.0,strong,0,80,0.0002016670041484
GA_FIXED,password_strength,strong,9,True,True,['TnYFeICdBu8zSQ'],0.0,strong,0,80,0.0002170829975511
GA_FIXED,password_strength,strong,10,True,True,['V9l0VnfbtQM7EwUR'],0.0,strong,0,80,0.0001897079928312
GA_FIXED,password_strength,strong,11,True,True,['1PxfEyVfcQlXhm'],0.0,strong,0,80,0.0002177499991375
GA_FIXED,password_strength,strong,12,True,True,['1dJLENBRfPk'],0.0,strong,0,80,0.0002033749915426
GA_FIXED,password_strength,strong,13,True,True,['H7dezUVyu24'],0.0,strong,0,80,0.0001962079986697
GA_FIXED,password_strength,strong,14,True,True,['TDHV2uBASqRlU8G'],0.0,strong,0,80,0.0001998750085476
GA_FIXED,password_strength,strong,15,True,True,['o3TDJCRQXYLKQtTPA'],0.0,strong,0,80,0.000214791012695
GA_FIXED,password_strength,strong,16,True,True,['EhYTWtfqRYCi4m'],0.0,strong,0,80,0.0002072079951176
GA_FIXED,password_strength,strong,17,True,True,['bx8X13bddSR1nCwu8CdG'],0.0,strong,0,80,0.0001997920044232
GA_FIXED,password_strength,strong,18,True,True,['fflQfjgdopbAR5g2e3UP'],0.0,strong,0,80,0.0002008330047829
GA_FIXED,password_strength,strong,19,True,True,['pWjAm9RnQaAGkTkr'],0.0,strong,0,80,0.0002092500071739
GA_FIXED,password_strength,strong,20,True,True,['dDhzzQVyWVgtzinnI24'],0.0,strong,0,80,0.0002028330054599
GA_FIXED,password_strength,strong,21,True,True,['3YlcmnbPYZg'],0.0,strong,0,80,0.0001993329933611
GA_FIXED,password_strength,strong,22,True,True,['olcFvWRvXMSyXk39IW'],0.0,strong,0,80,0.0002085829910356
GA_FIXED,password_strength,strong,23,True,True,['QFUayZN3vq5x2X'],0.0,strong,0,80,0.0001986249990295
GA_FIXED,password_strength,strong,24,True,True,['OY3FRsXOziUYb'],0.0,strong,0,80,0.0001945420081028
GA_FIXED,password_strength,strong,25,True,True,['NiXOWmJ8zAai7qvVKtB'],0.0,strong,0,80,0.0002044169959845
GA_FIXED,password_strength,strong,26,True,True,['nutxVbbGmmbuTW8k7G'],0.0,strong,0,80,0.0001940419897437
GA_FIXED,password_strength,strong,27,True,True,['kyIp3NzmuT6t'],0.0,strong,0,80,0.0001924160023918
GA_FIXED,password_strength,strong,28,True,True,['NpzqkdB9PI6MZtQA'],0.0,strong,0,80,0.0001988750009331
GA_FIXED,password_strength,strong,29,True,True,['1SXZ6vnSTW'],0.0,strong,0,80,0.0002047919988399
GA_FIXED,password_strength,weak_no_digit_upper,0,True,True,['csbrxkpi'],0.0,weak_no_digit_upper,22,1840,0.0079142079921439
GA_FIXED,password_strength,weak_no_digit_upper,1,True,True,['gzseehd'],0.0,weak_no_digit_upper,24,2000,0.0087302080064546
GA_FIXED,password_strength,weak_no_digit_upper,2,True,True,['pwgwefu'],0.0,weak_no_digit_upper,15,1280,0.0054309999977704
GA_FIXED,password_strength,weak_no_digit_upper,3,True,True,['osuthg'],0.0,weak_no_digit_upper,72,5840,0.0260060000000521
GA_FIXED,password_strength,weak_no_digit_upper,4,True,True,['gzerrk'],0.0,weak_no_digit_upper,1,160,0.0005426670104498
GA_FIXED,password_strength,weak_no_digit_upper,5,False,False,['bAfAuhjLO'],1.0,,0,8080,0.035890165992896
GA_FIXED,password_strength,weak_no_digit_upper,6,False,False,['TPEFeZ'],1.0,,0,8080,0.0387823329947423
GA_FIXED,password_strength,weak_no_digit_upper,7,True,True,['esnnbe'],0.0,weak_no_digit_upper,3,320,0.0012204590020701
GA_FIXED,password_strength,weak_no_digit_upper,8,True,True,['ldceur'],0.0,weak_no_digit_upper,3,320,0.0013511249999282
GA_FIXED,password_strength,weak_no_digit_upper,9,False,False,['r35sbf4'],1.0,,0,8080,0.0357991249911719
GA_FIXED,password_strength,weak_no_digit_upper,10,True,True,['ekwofqz'],0.0,weak_no_digit_upper,63,5120,0.0218777499976567
GA_FIXED,password_strength,weak_no_digit_upper,11,False,False,['SivqUFG'],1.0,,0,8080,0.0353884999931324
GA_FIXED,password_strength,weak_no_digit_upper,12,False,False,['mbIyGTB'],1.0,,0,8080,0.0354317500023171
GA_FIXED,password_strength,weak_no_digit_upper,13,True,True,['hlkekdi'],0.0,weak_no_digit_upper,27,2240,0.009868708992144
GA_FIXED,password_strength,weak_no_digit_upper,14,False,False,['xrCRuwUFYW'],1.0,,0,8080,0.0362368749920278
GA_FIXED,password_strength,weak_no_digit_upper,15,True,True,['naufiy'],0.0,weak_no_digit_upper,4,400,0.0015777079970575
GA_FIXED,password_strength,weak_no_digit_upper,16,True,True,['vxybww'],0.0,weak_no_digit_upper,100,8080,0.0356745000026421
GA_FIXED,password_strength,weak_no_digit_upper,17,True,True,['sgrrjm'],0.0,weak_no_digit_upper,11,960,0.0041286250052507
GA_FIXED,password_strength,weak_no_digit_upper,18,True,True,['cuqnmju'],0.0,weak_no_digit_upper,15,1280,0.0055035409895936
GA_FIXED,password_strength,weak_no_digit_upper,19,True,True,['ndfprm'],0.0,weak_no_digit_upper,2,240,0.0009296250063925
GA_FIXED,password_strength,weak_no_digit_upper,20,True,True,['pcprpsws'],0.0,weak_no_digit_upper,16,1360,0.0059184999990975
GA_FIXED,password_strength,weak_no_digit_upper,21,True,True,['valijk'],0.0,weak_no_digit_upper,4,400,0.0016525419923709
GA_FIXED,password_strength,weak_no_digit_upper,22,True,True,['wekrhc'],0.0,weak_no_digit_upper,30,2480,0.0107478340069064
GA_FIXED,password_strength,weak_no_digit_upper,23,False,False,['EhEckoixgTrJuDViJ'],1.0,,0,8080,0.0356715419911779
GA_FIXED,password_strength,weak_no_digit_upper,24,True,True,['otxwdq'],0.0,weak_no_digit_upper,10,880,0.0037662499962607
GA_FIXED,password_strength,weak_no_digit_upper,25,True,True,['qhqdqe'],0.0,weak_no_digit_upper,52,4240,0.0187350829946808
GA_FIXED,password_strength,weak_no_digit_upper,26,True,True,['mszabrz'],0.0,weak_no_digit_upper,67,5440,0.0237568329903297
GA_FIXED,password_strength,weak_no_digit_upper,27,True,True,['svucwtc'],0.0,weak_no_digit_upper,30,2480,0.0106686250073835
GA_FIXED,password_strength,weak_no_digit_upper,28,False,False,['UjaGByVbuWvk'],1.0,,0,8080,0.0355039159912848
GA_FIXED,password_strength,weak_no_digit_upper,29,True,True,['qcyqgwd'],0.0,weak_no_digit_upper,9,800,0.0033647910022409
GA_FIXED,password_strength,weak_short,0,True,True,['YKs'],0.0,weak_short,0,80,0.0002247919910587
GA_FIXED,password_strength,weak_short,1,True,True,['M2kN'],0.0,weak_short,0,80,0.0002065419976133
GA_FIXED,password_strength,weak_short,2,True,True,[''],0.0,weak_short,0,80,0.0002110000059474
GA_FIXED,password_strength,weak_short,3,True,True,['l2f'],0.0,weak_short,0,80,0.0001972919999388
GA_FIXED,password_strength,weak_short,4,True,True,['4JmIq'],0.0,weak_short,0,80,0.0002020829997491
GA_FIXED,password_strength,weak_short,5,True,True,['0Ab'],0.0,weak_short,0,80,0.0002042090054601
GA_FIXED,password_strength,weak_short,6,True,True,['gsx'],0.0,weak_short,0,80,0.0001970000012079
GA_FIXED,password_strength,weak_short,7,True,True,['13'],0.0,weak_short,0,80,0.0002066250017378
GA_FIXED,password_strength,weak_short,8,True,True,['MC'],0.0,weak_short,0,80,0.0002100829879054
GA_FIXED,password_strength,weak_short,9,True,True,['Fy'],0.0,weak_short,0,80,0.0002021249965764
GA_FIXED,password_strength,weak_short,10,True,True,[''],0.0,weak_short,0,80,0.0002032089978456
GA_FIXED,password_strength,weak_short,11,True,True,['l3TNH'],0.0,weak_short,0,80,0.0002098749973811
GA_FIXED,password_strength,weak_short,12,True,True,['oSdu'],0.0,weak_short,0,80,0.0002071249909931
GA_FIXED,password_strength,weak_short,13,True,True,['1'],0.0,weak_short,0,80,0.0002133750094799
GA_FIXED,password_strength,weak_short,14,True,True,['V'],0.0,weak_short,0,80,0.0002045000001089
GA_FIXED,password_strength,weak_short,15,True,True,['q'],0.0,weak_short,0,80,0.0002027080045081
GA_FIXED,password_strength,weak_short,16,True,True,['0'],0.0,weak_short,0,80,0.0002023330016527
GA_FIXED,password_strength,weak_short,17,True,True,['SY'],0.0,weak_short,0,80,0.0002044579887297
GA_FIXED,password_strength,weak_short,18,True,True,['1'],0.0,weak_short,0,80,0.0002112079964717
GA_FIXED,password_strength,weak_short,19,True,True,[''],0.0,weak_short,0,80,0.0002093340008286
GA_FIXED,password_strength,weak_short,20,True,True,['fEYG'],0.0,weak_short,0,80,0.0002022919943556
GA_FIXED,password_strength,weak_short,21,True,True,['MIsE'],0.0,weak_short,0,80,0.0002050420007435
GA_FIXED,password_strength,weak_short,22,True,True,['H'],0.0,weak_short,0,80,0.0002034999924944
GA_FIXED,password_strength,weak_short,23,True,True,['FzUj'],0.0,weak_short,0,80,0.0002114579983754
GA_FIXED,password_strength,weak_short,24,True,True,['cm'],0.0,weak_short,0,80,0.0002106660103891
GA_FIXED,password_strength,weak_short,25,True,True,['L'],0.0,weak_short,0,80,0.0002079169935313
GA_FIXED,password_strength,weak_short,26,True,True,['R'],0.0,weak_short,0,80,0.0002033329947153
GA_FIXED,password_strength,weak_short,27,True,True,['wHcM'],0.0,weak_short,0,80,0.0002173749962821
GA_FIXED,password_strength,weak_short,28,True,True,['8'],0.0,weak_short,0,80,0.0001987919968087
GA_FIXED,password_strength,weak_short,29,True,True,['z9G'],0.0,weak_short,0,80,0.0001990000018849
GA_FIXED,pin_pattern,all_same,0,True,True,"[1475, 1475, 1475, 1475]",0.0,all_same,27,2240,0.0113809579925145
GA_FIXED,pin_pattern,all_same,1,True,True,"[1392, 1392, 1392, 1392]",0.0,all_same,36,2960,0.0155587500048568
GA_FIXED,pin_pattern,all_same,2,True,True,"[452, 452, 452, 452]",0.0,all_same,39,3200,0.0168266249966109
GA_FIXED,pin_pattern,all_same,3,True,True,"[2039, 2039, 2039, 2039]",0.0,all_same,37,3040,0.0154071249999105
GA_FIXED,pin_pattern,all_same,4,True,True,"[1134, 1134, 1134, 1134]",0.0,all_same,33,2720,0.0142172920022858
GA_FIXED,pin_pattern,all_same,5,True,True,"[1461, 1461, 1461, 1461]",0.0,all_same,44,3600,0.0192428749869577
GA_FIXED,pin_pattern,all_same,6,True,True,"[831, 831, 831, 831]",0.0,all_same,71,5760,0.0310682080016704
GA_FIXED,pin_pattern,all_same,7,True,True,"[272, 272, 272, 272]",0.0,all_same,43,3520,0.0189353340101661
GA_FIXED,pin_pattern,all_same,8,True,True,"[1127, 1127, 1127, 1127]",0.0,all_same,75,6080,0.0325608330022078
GA_FIXED,pin_pattern,all_same,9,True,True,"[2352, 2352, 2352, 2352]",0.0,all_same,48,3920,0.0203657919919351
GA_FIXED,pin_pattern,all_same,10,True,True,"[1070, 1070, 1070, 1070]",0.0,all_same,44,3600,0.0189003330015111
GA_FIXED,pin_pattern,all_same,11,True,True,"[1831, 1831, 1831, 1831]",0.0,all_same,57,4640,0.0245902500028023
GA_FIXED,pin_pattern,all_same,12,True,True,"[-153, -153, -153, -153]",0.0,all_same,36,2960,0.0156910829973639
GA_FIXED,pin_pattern,all_same,13,True,True,"[1811, 1811, 1811, 1811]",0.0,all_same,29,2400,0.012602542003151
GA_FIXED,pin_pattern,all_same,14,True,True,"[1937, 1937, 1937, 1937]",0.0,all_same,44,3600,0.0190894999977899
GA_FIXED,pin_pattern,all_same,15,True,True,"[2229, 2229, 2229, 2229]",0.0,all_same,46,3760,0.0199534580024192
GA_FIXED,pin_pattern,all_same,16,True,True,"[1698, 1698, 1698, 1698]",0.0,all_same,39,3200,0.0169476250011939
GA_FIXED,pin_pattern,all_same,17,True,True,"[282, 282, 282, 282]",0.0,all_same,31,2560,0.0135140829952433
GA_FIXED,pin_pattern,all_same,18,True,True,"[1173, 1173, 1173, 1173]",0.0,all_same,45,3680,0.0191385830112267
GA_FIXED,pin_pattern,all_same,19,False,False,"[2442, 2443, 2443, 2443]",1.0,,65,8080,0.0431470420007826
GA_FIXED,pin_pattern,all_same,20,True,True,"[-237, -237, -237, -237]",0.0,all_same,43,3520,0.0187174590100767
GA_FIXED,pin_pattern,all_same,21,True,True,"[1124, 1124, 1124, 1124]",0.0,all_same,64,5200,0.0287443749984959
GA_FIXED,pin_pattern,all_same,22,True,True,"[1346, 1346, 1346, 1346]",0.0,all_same,37,3040,0.0169165419938508
GA_FIXED,pin_pattern,all_same,23,True,True,"[854, 854, 854, 854]",0.0,all_same,40,3280,0.0173890840087551
GA_FIXED,pin_pattern,all_same,24,True,True,"[1708, 1708, 1708, 1708]",0.0,all_same,42,3440,0.0186336669867159
GA_FIXED,pin_pattern,all_same,25,True,True,"[1486, 1486, 1486, 1486]",0.0,all_same,26,2160,0.0110503750038333
GA_FIXED,pin_pattern,all_same,26,True,True,"[1591, 1591, 1591, 1591]",0.0,all_same,27,2240,0.0116125829954398
GA_FIXED,pin_pattern,all_same,27,True,True,"[949, 949, 949, 949]",0.0,all_same,55,4480,0.0238996249972842
GA_FIXED,pin_pattern,all_same,28,True,True,"[1781, 1781, 1781, 1781]",0.0,all_same,65,5280,0.0281864160060649
GA_FIXED,pin_pattern,all_same,29,True,True,"[875, 875, 875, 875]",0.0,all_same,47,3840,0.0205564170028083
GA_FIXED,pin_pattern,ordered_sum_20,0,True,True,"[1, 2, 7, 10]",0.0,ordered_sum_20,62,5040,0.0277158749959198
GA_FIXED,pin_pattern,ordered_sum_20,1,True,True,"[-329, -92, 26, 415]",0.0,ordered_sum_20,12,1040,0.0055507499928353
GA_FIXED,pin_pattern,ordered_sum_20,2,True,True,"[-438, -186, -27, 671]",0.0,ordered_sum_20,16,1360,0.0072759159957058
GA_FIXED,pin_pattern,ordered_sum_20,3,True,True,"[-475, -44, 33, 506]",0.0,ordered_sum_20,10,880,0.0046483329933835
GA_FIXED,pin_pattern,ordered_sum_20,4,True,True,"[-352, -160, -94, 626]",0.0,ordered_sum_20,12,1040,0.005577332995017
GA_FIXED,pin_pattern,ordered_sum_20,5,True,True,"[-342, -224, -20, 606]",0.0,ordered_sum_20,16,1360,0.0072805419913493
GA_FIXED,pin_pattern,ordered_sum_20,6,True,True,"[-440, -305, 379, 386]",0.0,ordered_sum_20,16,1360,0.0073157090082531
GA_FIXED,pin_pattern,ordered_sum_20,7,True,True,"[-317, -62, 123, 276]",0.0,ordered_sum_20,16,1360,0.0073945829935837
GA_FIXED,pin_pattern,ordered_sum_20,8,True,True,"[-351, -311, -220, 902]",0.0,ordered_sum_20,17,1440,0.0077706669981125
GA_FIXED,pin_pattern,ordered_sum_20,9,True,True,"[-274, -126, -60, 480]",0.0,ordered_sum_20,7,640,0.0033029999904101
GA_FIXED,pin_pattern,ordered_sum_20,10,True,True,"[-191, -67, 19, 259]",0.0,ordered_sum_20,14,1200,0.0064092079992406
GA_FIXED,pin_pattern,ordered_sum_20,11,True,True,"[-396, 32, 116, 268]",0.0,ordered_sum_20,7,640,0.0032895420008571
GA_FIXED,pin_pattern,ordered_sum_20,12,True,True,"[-268, -145, 10, 423]",0.0,ordered_sum_20,9,800,0.0041474580066278
GA_FIXED,pin_pattern,ordered_sum_20,13,True,True,"[-110, -102, 105, 127]",0.0,ordered_sum_20,24,2000,0.0109116249950602
GA_FIXED,pin_pattern,ordered_sum_20,14,True,True,"[-267, -13, 138, 162]",0.0,ordered_sum_20,6,560,0.0028133340092608
GA_FIXED,pin_pattern,ordered_sum_20,15,True,True,"[-234, -10, 46, 218]",0.0,ordered_sum_20,16,1360,0.0072924589912872
GA_FIXED,pin_pattern,ordered_sum_20,16,True,True,"[-442, -117, 262, 317]",0.0,ordered_sum_20,11,960,0.0050760419981088
GA_FIXED,pin_pattern,ordered_sum_20,17,True,True,"[-378, -373, -337, 1108]",0.0,ordered_sum_20,13,1120,0.0059692089998861
GA_FIXED,pin_pattern,ordered_sum_20,18,True,True,"[-476, -398, 164, 730]",0.0,ordered_sum_20,10,880,0.0046193330053938
GA_FIXED,pin_pattern,ordered_sum_20,19,True,True,"[-468, -324, 403, 409]",0.0,ordered_sum_20,18,1520,0.0081725419877329
GA_FIXED,pin_pattern,ordered_sum_20,20,True,True,"[-132, -31, 74, 109]",0.0,ordered_sum_20,15,1280,0.006913874996826
GA_FIXED,pin_pattern,ordered_sum_20,21,True,True,"[-368, -152, 182, 358]",0.0,ordered_sum_20,14,1200,0.006400250000297
GA_FIXED,pin_pattern,ordered_sum_20,22,True,True,"[-228, 19, 20, 209]",0.0,ordered_sum_20,14,1200,0.0063934589998098
GA_FIXED,pin_pattern,ordered_sum_20,23,True,True,"[-333, 16, 17, 320]",0.0,ordered_sum_20,27,2240,0.0121270000090589
GA_FIXED,pin_pattern,ordered_sum_20,24,True,True,"[-368, -338, -57, 783]",0.0,ordered_sum_20,11,960,0.0050909589917864
GA_FIXED,pin_pattern,ordered_sum_20,25,True,True,"[-416, -352, -193, 981]",0.0,ordered_sum_20,12,1040,0.0056118329957826
GA_FIXED,pin_pattern,ordered_sum_20,26,True,True,"[-474, -271, 85, 680]",0.0,ordered_sum_20,12,1040,0.0051787499978672
GA_FIXED,pin_pattern,ordered_sum_20,27,True,True,"[-210, -112, 11, 331]",0.0,ordered_sum_20,11,960,0.0050416250014677
GA_FIXED,pin_pattern,ordered_sum_20,28,True,True,"[-374, 94, 147, 153]",0.0,ordered_sum_20,21,1760,0.0094385420088656
GA_FIXED,pin_pattern,ordered_sum_20,29,True,True,"[-409, -295, -290, 1014]",0.0,ordered_sum_20,19,1600,0.0086160420032683
GA_FIXED,pin_pattern,other,0,True,True,"[212, 630, 196, 2475]",0.0,other,0,80,0.0001194999931612
GA_FIXED,pin_pattern,other,1,True,True,"[856, 2535, 1753, 2457]",0.0,other,0,80,0.0001187500020023
GA_FIXED,pin_pattern,other,2,True,True,"[2637, 217, 10, 1620]",0.0,other,0,80,0.0001174579956568
GA_FIXED,pin_pattern,other,3,True,True,"[677, 678, 2162, 1913]",0.0,other,0,80,0.0001175420038634
GA_FIXED,pin_pattern,other,4,True,True,"[1565, 2568, 587, 2770]",0.0,other,0,80,0.000115957998787
GA_FIXED,pin_pattern,other,5,True,True,"[321, 735, 1254, 2566]",0.0,other,0,80,0.0001194999931612
GA_FIXED,pin_pattern,other,6,True,True,"[-310, -471, 1067, 122]",0.0,other,0,80,0.0001182080013677
GA_FIXED,pin_pattern,other,7,True,True,"[993, 653, 1897, 863]",0.0,other,0,80,0.0001159170060418
GA_FIXED,pin_pattern,other,8,True,True,"[425, 1488, 912, 643]",0.0,other,0,80,0.0001157079968834
GA_FIXED,pin_pattern,other,9,True,True,"[1835, 2873, 1763, 322]",0.0,other,0,80,0.0001174580102087
GA_FIXED,pin_pattern,other,10,True,True,"[862, 2157, 338, 274]",0.0,other,0,80,0.0001147080038208
GA_FIXED,pin_pattern,other,11,True,True,"[612, 397, 1098, 1264]",0.0,other,0,80,0.0001146659924415
GA_FIXED,pin_pattern,other,12,True,True,"[2871, 2671, 1767, 1961]",0.0,other,0,80,0.0001152500044554
GA_FIXED,pin_pattern,other,13,True,True,"[2245, 1829, 207, 1686]",0.0,other,0,80,0.000118541996926
GA_FIXED,pin_pattern,other,14,True,True,"[1793, -495, 1756, 2159]",0.0,other,0,80,0.0001218329998664
GA_FIXED,pin_pattern,other,15,True,True,"[2793, 1764, 81, 336]",0.0,other,0,80,0.0001157910010078
GA_FIXED,pin_pattern,other,16,True,True,"[1891, 198, 2448, 2076]",0.0,other,0,80,0.0001171250041807
GA_FIXED,pin_pattern,other,17,True,True,"[1353, 2114, 2945, 879]",0.0,other,0,80,0.0001148329902207
GA_FIXED,pin_pattern,other,18,True,True,"[677, 1077, 1399, 288]",0.0,other,0,80,0.0001147080038208
GA_FIXED,pin_pattern,other,19,True,True,"[-442, 1676, 1000, 2693]",0.0,other,0,80,0.0001152500044554
GA_FIXED,pin_pattern,other,20,True,True,"[245, 2477, 190, 1655]",0.0,other,0,80,0.0001143749977927
GA_FIXED,pin_pattern,other,21,True,True,"[2883, 1743, 1667, 668]",0.0,other,0,80,0.0001152920012827
GA_FIXED,pin_pattern,other,22,True,True,"[1238, 1103, 1593, -32]",0.0,other,0,80,0.0001150000025518
GA_FIXED,pin_pattern,other,23,True,True,"[1044, 691, -158, 81]",0.0,other,0,80,0.000115500006359
GA_FIXED,pin_pattern,other,24,True,True,"[336, 110, 90, 1307]",0.0,other,0,80,0.0001152500044554
GA_FIXED,pin_pattern,other,25,True,True,"[1190, -419, 1947, 35]",0.0,other,0,80,0.0001142499968409
GA_FIXED,pin_pattern,other,26,True,True,"[898, -421, 2711, 455]",0.0,other,0,80,0.0001152089971583
GA_FIXED,pin_pattern,other,27,True,True,"[1598, 2062, 1761, 1889]",0.0,other,0,80,0.0001138750085374
GA_FIXED,pin_pattern,other,28,True,True,"[2475, 216, 554, 320]",0.0,other,0,80,0.0001158329978352
GA_FIXED,pin_pattern,other,29,True,True,"[-194, -211, 2022, -229]",0.0,other,0,80,0.0001175420038634
GA_FIXED,pin_pattern,secret_pin,0,True,True,"[7, 3, 9, 1]",0.0,secret_pin,60,4880,0.0257082500029355
GA_FIXED,pin_pattern,secret_pin,1,True,True,"[7, 3, 9, 1]",0.0,secret_pin,58,4720,0.0249610000028042
GA_FIXED,pin_pattern,secret_pin,2,True,True,"[7, 3, 9, 1]",0.0,secret_pin,61,4960,0.0261305410094792
GA_FIXED,pin_pattern,secret_pin,3,True,True,"[7, 3, 9, 1]",0.0,secret_pin,38,3120,0.0164829169953009
GA_FIXED,pin_pattern,secret_pin,4,True,True,"[7, 3, 9, 1]",0.0,secret_pin,33,2720,0.0138584160013124
GA_FIXED,pin_pattern,secret_pin,5,True,True,"[7, 3, 9, 1]",0.0,secret_pin,46,3760,0.0195539169944822
GA_FIXED,pin_pattern,secret_pin,6,True,True,"[7, 3, 9, 1]",0.0,secret_pin,38,3120,0.0165245410025818
GA_FIXED,pin_pattern,secret_pin,7,True,True,"[7, 3, 9, 1]",0.0,secret_pin,55,4480,0.0239985840016743
GA_FIXED,pin_pattern,secret_pin,8,True,True,"[7, 3, 9, 1]",0.0,secret_pin,28,2320,0.0140113330126041
GA_FIXED,pin_pattern,secret_pin,9,True,True,"[7, 3, 9, 1]",0.0,secret_pin,48,3920,0.0200176250073127
GA_FIXED,pin_pattern,secret_pin,10,True,True,"[7, 3, 9, 1]",0.0,secret_pin,46,3760,0.0202644170058192
GA_FIXED,pin_pattern,secret_pin,11,True,True,"[7, 3, 9, 1]",0.0,secret_pin,61,4960,0.0255695420055417
GA_FIXED,pin_pattern,secret_pin,12,True,True,"[7, 3, 9, 1]",0.0,secret_pin,60,4880,0.0257399999973131
GA_FIXED,pin_pattern,secret_pin,13,True,True,"[7, 3, 9, 1]",0.0,secret_pin,33,2720,0.0142696249968139
GA_FIXED,pin_pattern,secret_pin,14,True,True,"[7, 3, 9, 1]",0.0,secret_pin,37,3040,0.0159482500021113
GA_FIXED,pin_pattern,secret_pin,15,True,True,"[7, 3, 9, 1]",0.0,secret_pin,57,4640,0.0245512089895783
GA_FIXED,pin_pattern,secret_pin,16,True,True,"[7, 3, 9, 1]",0.0,secret_pin,58,4720,0.0249572499888017
GA_FIXED,pin_pattern,secret_pin,17,True,True,"[7, 3, 9, 1]",0.0,secret_pin,47,3840,0.0202421249996405
GA_FIXED,pin_pattern,secret_pin,18,True,True,"[7, 3, 9, 1]",0.0,secret_pin,54,4400,0.0233434170077089
GA_FIXED,pin_pattern,secret_pin,19,True,True,"[7, 3, 9, 1]",0.0,secret_pin,40,3280,0.0173038339999038
GA_FIXED,pin_pattern,secret_pin,20,True,True,"[7, 3, 9, 1]",0.0,secret_pin,38,3120,0.0164387089898809
GA_FIXED,pin_pattern,secret_pin,21,True,True,"[7, 3, 9, 1]",0.0,secret_pin,53,4320,0.0229804580012569
GA_FIXED,pin_pattern,secret_pin,22,True,True,"[7, 3, 9, 1]",0.0,secret_pin,56,4560,0.024292999994941
GA_FIXED,pin_pattern,secret_pin,23,True,True,"[7, 3, 9, 1]",0.0,secret_pin,53,4320,0.0229733750020386
GA_FIXED,pin_pattern,secret_pin,24,True,True,"[7, 3, 9, 1]",0.0,secret_pin,56,4560,0.0241434170020511
GA_FIXED,pin_pattern,secret_pin,25,True,True,"[7, 3, 9, 1]",0.0,secret_pin,44,3600,0.0190689590090187
GA_FIXED,pin_pattern,secret_pin,26,True,True,"[7, 3, 9, 1]",0.0,secret_pin,85,6880,0.036938375007594
GA_FIXED,pin_pattern,secret_pin,27,True,True,"[7, 3, 9, 1]",0.0,secret_pin,63,5120,0.0264359169959789
GA_FIXED,pin_pattern,secret_pin,28,True,True,"[7, 3, 9, 1]",0.0,secret_pin,28,2320,0.0122232909925514
GA_FIXED,pin_pattern,secret_pin,29,True,True,"[7, 3, 9, 1]",0.0,secret_pin,57,4640,0.0242437080014497
GA_FIXED,shipping_discount,free_express_shipping,0,True,True,"[253.90396311799222, 36.21988833257082, True]",0.0,free_express_shipping,0,80,0.0001422919885953
GA_FIXED,shipping_discount,free_express_shipping,1,True,True,"[259.96357538777005, 11.634536459826872, True]",0.0,free_express_shipping,0,80,0.0001473750016884
GA_FIXED,shipping_discount,free_express_shipping,2,True,True,"[273.4078747961667, 27.059217720303845, True]",0.0,free_express_shipping,0,80,0.0001415829901816
GA_FIXED,shipping_discount,free_express_shipping,3,True,True,"[279.55745604243094, 30.898454744335368, True]",0.0,free_express_shipping,0,80,0.0001426249946234
GA_FIXED,shipping_discount,free_express_shipping,4,True,True,"[289.45153891987786, 26.94521727564714, True]",0.0,free_express_shipping,0,80,0.0001409170072292
GA_FIXED,shipping_discount,free_express_shipping,5,True,True,"[222.79705946899333, 35.44213561714011, True]",0.0,free_express_shipping,0,80,0.0001413749996572
GA_FIXED,shipping_discount,free_express_shipping,6,True,True,"[278.9029873542989, 14.525818925925222, True]",0.0,free_express_shipping,0,80,0.0001357080036541
GA_FIXED,shipping_discount,free_express_shipping,7,True,True,"[246.96144498196762, 43.49414157206282, True]",0.0,free_express_shipping,0,80,0.0001416669983882
GA_FIXED,shipping_discount,free_express_shipping,8,True,True,"[239.88041848768097, 22.369944934268794, True]",0.0,free_express_shipping,0,80,0.0001392499980283
GA_FIXED,shipping_discount,free_express_shipping,9,True,True,"[222.90904834983903, 46.0419085970656, True]",0.0,free_express_shipping,0,80,0.0001405000075465
GA_FIXED,shipping_discount,free_express_shipping,10,True,True,"[272.9068913832685, 28.806856735720647, True]",0.0,free_express_shipping,0,80,0.0001416250015608
GA_FIXED,shipping_discount,free_express_shipping,11,True,True,"[222.93903623633054, 19.572259530335646, True]",0.0,free_express_shipping,0,80,0.0001366250071441
GA_FIXED,shipping_discount,free_express_shipping,12,True,True,"[221.89288211303713, 4.1032143900866345, True]",0.0,free_express_shipping,0,80,0.0001357080036541
GA_FIXED,shipping_discount,free_express_shipping,13,True,True,"[285.6212657752066, 30.28658930188636, True]",0.0,free_express_shipping,0,80,0.0001391670084558
GA_FIXED,shipping_discount,free_express_shipping,14,True,True,"[280.8061886947408, 5.071833480462512, True]",0.0,free_express_shipping,0,80,0.0001373749983031
GA_FIXED,shipping_discount,free_express_shipping,15,True,True,"[249.88870363504714, 21.194479407951196, True]",0.0,free_express_shipping,0,80,0.000135374997626
GA_FIXED,shipping_discount,free_express_shipping,16,True,True,"[225.56184760306658, 49.232565539445645, True]",0.0,free_express_shipping,0,80,0.0001372500119032
GA_FIXED,shipping_discount,free_express_shipping,17,True,True,"[229.8841641360822, 24.391276414368445, True]",0.0,free_express_shipping,0,80,0.0001404590002493
GA_FIXED,shipping_discount,free_express_shipping,18,True,True,"[244.3274978731044, 17.032000184297463, True]",0.0,free_express_shipping,0,80,0.0001370829995721
GA_FIXED,shipping_discount,free_express_shipping,19,True,True,"[254.23020328647843, 20.735721449981337, True]",0.0,free_express_shipping,0,80,0.0001334999979007
GA_FIXED,shipping_discount,free_express_shipping,20,True,True,"[222.74205000682664, 6.6871065931123965, True]",0.0,free_express_shipping,0,80,0.0001357910077786
GA_FIXED,shipping_discount,free_express_shipping,21,True,True,"[251.46281327790962, 20.752910851786755, True]",0.0,free_express_shipping,0,80,0.0001356249995296
GA_FIXED,shipping_discount,free_express_shipping,22,True,True,"[238.8177088120667, 11.035569719102629, True]",0.0,free_express_shipping,0,80,0.0001362500042887
GA_FIXED,shipping_discount,free_express_shipping,23,True,True,"[251.75759504372036, 49.31355102277756, True]",0.0,free_express_shipping,0,80,0.0001391249970765
GA_FIXED,shipping_discount,free_express_shipping,24,True,True,"[218.49325579181072, 27.104856340429407, True]",0.0,free_express_shipping,0,80,0.0001398750027874
GA_FIXED,shipping_discount,free_express_shipping,25,True,True,"[203.5232042629979, 23.913066345419793, True]",0.0,free_express_shipping,0,80,0.0001367500080959
GA_FIXED,shipping_discount,free_express_shipping,26,True,True,"[218.08760440773426, 16.89606497733669, True]",0.0,free_express_shipping,0,80,0.0001390419929521
GA_FIXED,shipping_discount,free_express_shipping,27,True,True,"[246.19890351261535, 15.331393368953329, True]",0.0,free_express_shipping,0,80,0.0001429999974789
GA_FIXED,shipping_discount,free_express_shipping,28,True,True,"[229.71172522326546, 21.231506509030485, True]",0.0,free_express_shipping,0,80,0.0001366249925922
GA_FIXED,shipping_discount,free_express_shipping,29,True,True,"[201.96263271210086, 12.488695351509948, True]",0.0,free_express_shipping,0,80,0.0001415830047335
GA_FIXED,shipping_discount,invalid,0,False,False,"[237.48221007721187, 0.0, True]",1.0,,1,8080,0.0460141249932348
GA_FIXED,shipping_discount,invalid,1,False,False,"[0.0, 1.7095828300885796, False]",1.0,,4,8080,0.0459559590090066
GA_FIXED,shipping_discount,invalid,2,False,False,"[165.37279945792244, 0.0, True]",1.0,,7,8080,0.0459024589945329
GA_FIXED,shipping_discount,invalid,3,False,False,"[285.7382681051003, 0.0, False]",1.0,,3,8080,0.0459698329941602
GA_FIXED,shipping_discount,invalid,4,False,False,"[0.0, 8.552842894241925, True]",1.0,,5,8080,0.0458277500001713
GA_FIXED,shipping_discount,invalid,5,False,False,"[0.0, 66.54685062477083, False]",1.0,,7,8080,0.0457752910006092
GA_FIXED,shipping_discount,invalid,6,False,False,"[0.0, 40.36584337674456, True]",1.0,,3,8080,0.0453952499956358
GA_FIXED,shipping_discount,invalid,7,False,False,"[103.12746531063364, 0.0, False]",1.0,,7,8080,0.0457807909988332
GA_FIXED,shipping_discount,invalid,8,False,False,"[0.0, 35.692646528593954, True]",1.0,,2,8080,0.0460037910088431
GA_FIXED,shipping_discount,invalid,9,False,False,"[256.06127910501885, 0.0, True]",1.0,,2,8080,0.0455427919951034
GA_FIXED,shipping_discount,invalid,10,False,False,"[0.0, 29.524693845963423, True]",1.0,,3,8080,0.0456799999956274
GA_FIXED,shipping_discount,invalid,11,False,False,"[210.11831559003838, 0.0, True]",1.0,,2,8080,0.0454918750037904
GA_FIXED,shipping_discount,invalid,12,False,False,"[0.0, 75.26636896024269, True]",1.0,,1,8080,0.0456263329979265
GA_FIXED,shipping_discount,invalid,13,False,False,"[25.35785341666099, 0.0, False]",1.0,,2,8080,0.0454267090099165
GA_FIXED,shipping_discount,invalid,14,False,False,"[0.0, 41.46588954628612, False]",1.0,,6,8080,0.0458679589937673
GA_FIXED,shipping_discount,invalid,15,False,False,"[219.4443258649997, 0.0, True]",1.0,,3,8080,0.0454497079917928
GA_FIXED,shipping_discount,invalid,16,False,False,"[204.41674726694743, 0.0, True]",1.0,,3,8080,0.0453454160015098
GA_FIXED,shipping_discount,invalid,17,False,False,"[43.75190730999684, 0.0, False]",1.0,,5,8080,0.0454658329981612
GA_FIXED,shipping_discount,invalid,18,False,False,"[16.264163692530097, 0.0, True]",1.0,,2,8080,0.0457613750040764
GA_FIXED,shipping_discount,invalid,19,False,False,"[138.0371508860025, 0.0, True]",1.0,,8,8080,0.0452726660005282
GA_FIXED,shipping_discount,invalid,20,False,False,"[78.25254327663437, 0.0, True]",1.0,,4,8080,0.0455569999903673
GA_FIXED,shipping_discount,invalid,21,False,False,"[125.32455258573772, 0.0, False]",1.0,,3,8080,0.0452504999993834
GA_FIXED,shipping_discount,invalid,22,False,False,"[8.04099466542343, 0.0, True]",1.0,,4,8080,0.0453051250078715
GA_FIXED,shipping_discount,invalid,23,False,False,"[37.90809240681357, 0.0, True]",1.0,,4,8080,0.0452510000031907
GA_FIXED,shipping_discount,invalid,24,False,False,"[18.58688243023542, 0.0, False]",1.0,,8,8080,0.0452699580055195
GA_FIXED,shipping_discount,invalid,25,False,False,"[233.33970546584, 0.0, False]",1.0,,6,8080,0.0452915000059874
GA_FIXED,shipping_discount,invalid,26,False,False,"[247.86865339825127, 0.0, True]",1.0,,5,8080,0.0456265829998301
GA_FIXED,shipping_discount,invalid,27,False,False,"[152.12645599177353, 0.0, True]",1.0,,5,8080,0.0458328749955398
GA_FIXED,shipping_discount,invalid,28,False,False,"[0.0, 9.903868224442641, True]",1.0,,8,8080,0.0456198339961702
GA_FIXED,shipping_discount,invalid,29,False,False,"[58.32044247481403, 0.0, False]",1.0,,6,8080,0.0453153330017812
GA_FIXED,shipping_discount,no_discount,0,True,True,"[13.31237777334302, 88.33178470705329, False]",0.0,no_discount,0,80,0.0001377080043312
GA_FIXED,shipping_discount,no_discount,1,True,True,"[11.308452839473027, 29.948027404111734, False]",0.0,no_discount,0,80,0.0001371249963995
GA_FIXED,shipping_discount,no_discount,2,True,True,"[22.164550278408225, 87.26605433227316, False]",0.0,no_discount,0,80,0.0001375419960822
GA_FIXED,shipping_discount,no_discount,3,True,True,"[28.87111827129608, 123.59939651313535, False]",0.0,no_discount,0,80,0.0001373749983031
GA_FIXED,shipping_discount,no_discount,4,True,True,"[20.693761230549633, 113.22293313878399, False]",0.0,no_discount,0,80,0.0001408340031048
GA_FIXED,shipping_discount,no_discount,5,True,True,"[47.35365450726678, 41.780213863695266, False]",0.0,no_discount,0,80,0.0001373749983031
GA_FIXED,shipping_discount,no_discount,6,True,True,"[0.7299782753218964, 115.75588945862731, False]",0.0,no_discount,0,80,0.0001411669945809
GA_FIXED,shipping_discount,no_discount,7,True,True,"[49.37621091849517, 148.07314831772385, False]",0.0,no_discount,0,80,0.0001436659949831
GA_FIXED,shipping_discount,no_discount,8,True,True,"[22.05711861117883, 143.8858012808335, False]",0.0,no_discount,0,80,0.0001393749989802
GA_FIXED,shipping_discount,no_discount,9,True,True,"[22.396536418941405, 29.714567757295463, False]",0.0,no_discount,0,80,0.0001429170079063
GA_FIXED,shipping_discount,no_discount,10,True,True,"[40.56098735495759, 87.06350072241432, False]",0.0,no_discount,0,80,0.0001395830040564
GA_FIXED,shipping_discount,no_discount,11,True,True,"[11.400342798081663, 129.75895287107497, False]",0.0,no_discount,0,80,0.00014087499585
GA_FIXED,shipping_discount,no_discount,12,True,True,"[32.5259771985036, 34.124187206559085, False]",0.0,no_discount,0,80,0.0001394160062773
GA_FIXED,shipping_discount,no_discount,13,True,True,"[48.25005733276225, 81.77431217640464, False]",0.0,no_discount,0,80,0.00014179199934
GA_FIXED,shipping_discount,no_discount,14,True,True,"[5.58278262621017, 2.8671420420600446, False]",0.0,no_discount,0,80,0.000137041992275
GA_FIXED,shipping_discount,no_discount,15,True,True,"[41.68390585037497, 14.824877350816573, False]",0.0,no_discount,0,80,0.0001389579992974
GA_FIXED,shipping_discount,no_discount,16,True,True,"[16.565705386049878, 12.067210621362234, False]",0.0,no_discount,0,80,0.0001372500119032
GA_FIXED,shipping_discount,no_discount,17,True,True,"[46.40982391515385, 134.54582211491208, False]",0.0,no_discount,0,80,0.0001371670077787
GA_FIXED,shipping_discount,no_discount,18,True,True,"[27.24394069857895, 132.2109227795519, False]",0.0,no_discount,0,80,0.0001407079980708
GA_FIXED,shipping_discount,no_discount,19,True,True,"[27.9879589193742, 39.499339079689996, False]",0.0,no_discount,0,80,0.0001402920024702
GA_FIXED,shipping_discount,no_discount,20,True,True,"[28.403202340204647, 149.21861239521738, False]",0.0,no_discount,0,80,0.0001411669945809
GA_FIXED,shipping_discount,no_discount,21,True,True,"[9.329226135645573, 53.269293302844886, False]",0.0,no_discount,0,80,0.000141332988278
GA_FIXED,shipping_discount,no_discount,22,True,True,"[5.305752718104362, 90.14203472334054, False]",0.0,no_discount,0,80,0.0001361670001642
GA_FIXED,shipping_discount,no_discount,23,True,True,"[25.59514543468664, 22.75504857500008, False]",0.0,no_discount,0,80,0.0001442499924451
GA_FIXED,shipping_discount,no_discount,24,True,True,"[28.02145735671492, 57.279569201534805, False]",0.0,no_discount,0,80,0.0001413330028299
GA_FIXED,shipping_discount,no_discount,25,True,True,"[18.199710079537624, 83.6239100305374, False]",0.0,no_discount,0,80,0.0001455000019632
GA_FIXED,shipping_discount,no_discount,26,True,True,"[10.260767665974392, 7.182458074753034, False]",0.0,no_discount,0,80,0.0001405830116709
GA_FIXED,shipping_discount,no_discount,27,True,True,"[41.30781017431636, 43.77198752984723, False]",0.0,no_discount,0,80,0.0001347920042462
GA_FIXED,shipping_discount,no_discount,28,True,True,"[38.839788468189454, 112.58571015849131, False]",0.0,no_discount,0,80,0.000141957993037
GA_FIXED,shipping_discount,no_discount,29,True,True,"[36.549412357301634, 132.56467112106313, False]",0.0,no_discount,0,80,0.000136292001116
GA_FIXED,shipping_discount,small_discount,0,True,True,"[62.85560599018124, 143.9716336741941, True]",0.0,small_discount,0,80,0.0001066669938154
GA_FIXED,shipping_discount,small_discount,1,True,True,"[252.28292528591706, 107.00045624661661, False]",0.0,small_discount,0,80,0.0001180830004159
GA_FIXED,shipping_discount,small_discount,2,True,True,"[99.48470381600957, 1.1560185527891176, True]",0.0,small_discount,0,80,0.0001086670090444
GA_FIXED,shipping_discount,small_discount,3,True,True,"[286.5501393978052, 125.06960113159121, False]",0.0,small_discount,0,80,0.0001105829869629
GA_FIXED,shipping_discount,small_discount,4,True,True,"[47.220526754723565, 120.22596703048774, True]",0.0,small_discount,0,80,0.0001087499986169
GA_FIXED,shipping_discount,small_discount,5,True,True,"[112.2254213075273, 133.6714304516547, True]",0.0,small_discount,0,80,0.000117916992167
GA_FIXED,shipping_discount,small_discount,6,True,True,"[91.26538013370485, 67.17149745667557, True]",0.0,small_discount,0,80,0.0001145409914897
GA_FIXED,shipping_discount,small_discount,7,True,True,"[282.9777957144283, 103.47983923784354, True]",0.0,small_discount,0,80,0.0001099999935831
GA_FIXED,shipping_discount,small_discount,8,True,True,"[10.600981171879042, 105.60430835269976, True]",0.0,small_discount,0,80,0.0001115409977501
GA_FIXED,shipping_discount,small_discount,9,True,True,"[66.57171386550235, 64.79179935230427, True]",0.0,small_discount,0,80,0.0001123749971156
GA_FIXED,shipping_discount,small_discount,10,True,True,"[95.27351738037004, 71.24690327159787, False]",0.0,small_discount,0,80,0.0001202499988721
GA_FIXED,shipping_discount,small_discount,11,True,True,"[138.15721657317857, 146.67118596900116, True]",0.0,small_discount,0,80,0.0001112919999286
GA_FIXED,shipping_discount,small_discount,12,True,True,"[84.68449570279148, 16.502112040828443, False]",0.0,small_discount,0,80,0.0001114170008804
GA_FIXED,shipping_discount,small_discount,13,True,True,"[248.13227370740717, 116.73862755101595, False]",0.0,small_discount,0,80,0.0001134589983848
GA_FIXED,shipping_discount,small_discount,14,True,True,"[118.18786183170246, 110.93468153606145, False]",0.0,small_discount,0,80,0.000112708992674
GA_FIXED,shipping_discount,small_discount,15,True,True,"[100.53319825034924, 107.52960252220299, False]",0.0,small_discount,0,80,0.0001133749901782
GA_FIXED,shipping_discount,small_discount,16,True,True,"[69.51852774759868, 89.61270134028271, False]",0.0,small_discount,0,80,0.0001102499954868
GA_FIXED,shipping_discount,small_discount,17,True,True,"[97.84185972087369, 147.78222783225814, True]",0.0,small_discount,0,80,0.0001160419924417
GA_FIXED,shipping_discount,small_discount,18,True,True,"[233.53198817404868, 118.03520745692344, False]",0.0,small_discount,0,80,0.0001142080000136
GA_FIXED,shipping_discount,small_discount,19,True,True,"[283.14456087157987, 131.55342049897877, False]",0.0,small_discount,0,80,0.0001050419959938
GA_FIXED,shipping_discount,small_discount,20,True,True,"[22.60605523460614, 45.949338579433785, True]",0.0,small_discount,0,80,0.0001101249945349
GA_FIXED,shipping_discount,small_discount,21,True,True,"[269.6152634659229, 137.9561398549323, True]",0.0,small_discount,0,80,0.0001054579915944
GA_FIXED,shipping_discount,small_discount,22,True,True,"[26.054416538252312, 36.071222333054514, True]",0.0,small_discount,0,80,0.0001129580050474
GA_FIXED,shipping_discount,small_discount,23,True,True,"[251.98623685633675, 112.158151260833, True]",0.0,small_discount,0,80,0.0001104160037357
GA_FIXED,shipping_discount,small_discount,24,True,True,"[269.65400689558334, 123.27937643174043, True]",0.0,small_discount,0,80,0.0001130000018747
GA_FIXED,shipping_discount,small_discount,25,True,True,"[95.9592405079971, 114.77429588021607, True]",0.0,small_discount,0,80,0.0001103749964386
GA_FIXED,shipping_discount,small_discount,26,True,True,"[220.41365518407648, 105.38469048087158, False]",0.0,small_discount,0,80,0.0001141669927164
GA_FIXED,shipping_discount,small_discount,27,True,True,"[68.21327576339412, 75.33751294775742, True]",0.0,small_discount,0,80,0.0001122910034609
GA_FIXED,shipping_discount,small_discount,28,True,True,"[187.1572906749946, 143.5745040082586, False]",0.0,small_discount,0,80,0.0001075829932233
GA_FIXED,shipping_discount,small_discount,29,True,True,"[29.84782415335785, 144.23985888625455, True]",0.0,small_discount,0,80,0.0001127080031437
GA_FIXED,shipping_discount,standard_discount,0,True,True,"[271.35166539567985, 66.49222332973622, True]",0.0,standard_discount,0,80,0.0001192920026369
GA_FIXED,shipping_discount,standard_discount,1,True,True,"[215.44000695472917, 83.67978499518087, True]",0.0,standard_discount,0,80,0.0001181669940706
GA_FIXED,shipping_discount,standard_discount,2,True,True,"[100.11328624594833, 68.26371091163567, True]",0.0,standard_discount,0,80,0.0001117079955292
GA_FIXED,shipping_discount,standard_discount,3,True,True,"[130.1206556738391, 64.24664768093287, False]",0.0,standard_discount,0,80,0.0001142089895438
GA_FIXED,shipping_discount,standard_discount,4,True,True,"[146.34267989512747, 91.53212836387785, False]",0.0,standard_discount,0,80,0.0001126249990193
GA_FIXED,shipping_discount,standard_discount,5,True,True,"[252.05846891344652, 87.62122103207443, True]",0.0,standard_discount,0,80,0.0001183750136988
GA_FIXED,shipping_discount,standard_discount,6,True,True,"[261.3510112611716, 82.4878566935295, False]",0.0,standard_discount,0,80,0.0001190830080304
GA_FIXED,shipping_discount,standard_discount,7,True,True,"[135.7005855873973, 2.6890297505582805, False]",0.0,standard_discount,0,80,0.0001203749998239
GA_FIXED,shipping_discount,standard_discount,8,True,True,"[203.5311628093438, 71.60472680866907, False]",0.0,standard_discount,0,80,0.0001155840000137
GA_FIXED,shipping_discount,standard_discount,9,True,True,"[165.2565470556696, 83.12763587650032, True]",0.0,standard_discount,0,80,0.0001159169914899
GA_FIXED,shipping_discount,standard_discount,10,True,True,"[125.77323801191812, 36.51024560910448, True]",0.0,standard_discount,0,80,0.0001114159967983
GA_FIXED,shipping_discount,standard_discount,11,True,True,"[126.44851556862298, 95.11707261587408, True]",0.0,standard_discount,0,80,0.0001200419937958
GA_FIXED,shipping_discount,standard_discount,12,True,True,"[144.75707661404743, 92.91518119346478, True]",0.0,standard_discount,0,80,0.0001203330029966
GA_FIXED,shipping_discount,standard_discount,13,True,True,"[134.47904626623415, 29.395711509066142, False]",0.0,standard_discount,0,80,0.0001126669958466
GA_FIXED,shipping_discount,standard_discount,14,True,True,"[163.36342606774835, 75.4902991698599, True]",0.0,standard_discount,0,80,0.0001168330054497
GA_FIXED,shipping_discount,standard_discount,15,True,True,"[134.53825278867325, 38.91383387607136, True]",0.0,standard_discount,0,80,0.0001149169984273
GA_FIXED,shipping_discount,standard_discount,16,True,True,"[278.41464889555385, 61.286812727697445, False]",0.0,standard_discount,0,80,0.0001167500013252
GA_FIXED,shipping_discount,standard_discount,17,True,True,"[229.38922065816516, 67.18703483196997, True]",0.0,standard_discount,0,80,0.0001151250035036
GA_FIXED,shipping_discount,standard_discount,18,True,True,"[285.48725321916027, 59.491733262862795, True]",0.0,standard_discount,0,80,0.0001139160012826
GA_FIXED,shipping_discount,standard_discount,19,True,True,"[141.01358797749603, 13.617245344900224, False]",0.0,standard_discount,0,80,0.000111333996756
GA_FIXED,shipping_discount,standard_discount,20,True,True,"[280.4044740139604, 87.98293458180422, False]",0.0,standard_discount,0,80,0.0001150419993791
GA_FIXED,shipping_discount,standard_discount,21,True,True,"[258.6597470716601, 72.06964499684688, False]",0.0,standard_discount,0,80,0.0001142499968409
GA_FIXED,shipping_discount,standard_discount,22,True,True,"[113.85895903460603, 59.54909690356821, True]",0.0,standard_discount,0,80,0.0001147500006482
GA_FIXED,shipping_discount,standard_discount,23,True,True,"[167.15899928745412, 11.75790809626207, False]",0.0,standard_discount,0,80,0.0001243750011781
GA_FIXED,shipping_discount,standard_discount,24,True,True,"[175.69521649654726, 19.082160293975285, True]",0.0,standard_discount,0,80,0.0001241669961018
GA_FIXED,shipping_discount,standard_discount,25,True,True,"[247.56360361757376, 54.65619308494553, True]",0.0,standard_discount,0,80,0.0001157079968834
GA_FIXED,shipping_discount,standard_discount,26,True,True,"[218.60625095676664, 29.16579808380879, False]",0.0,standard_discount,0,80,0.0001144590059993
GA_FIXED,shipping_discount,standard_discount,27,True,True,"[238.26798701903522, 94.26270725764422, True]",0.0,standard_discount,0,80,0.0001100000081351
GA_FIXED,shipping_discount,standard_discount,28,True,True,"[270.116065592293, 64.54666504941792, True]",0.0,standard_discount,0,80,0.0001108750002458
GA_FIXED,shipping_discount,standard_discount,29,True,True,"[148.94900178356957, 1.741035415838077, False]",0.0,standard_discount,0,80,0.0001202910061692
GA_FIXED,sign_type,negative,0,True,True,[-417],0.0,negative,0,80,5.441700341179967e-05
GA_FIXED,sign_type,negative,1,True,True,[-75],0.0,negative,0,80,5.329199484549463e-05
GA_FIXED,sign_type,negative,2,True,True,[-500],0.0,negative,0,80,5.545800377149135e-05
GA_FIXED,sign_type,negative,3,True,True,[-316],0.0,negative,0,80,5.4374992032535374e-05
GA_FIXED,sign_type,negative,4,True,True,[-156],0.0,negative,0,80,5.520900595001877e-05
GA_FIXED,sign_type,negative,5,True,True,[-404],0.0,negative,0,80,5.387500277720392e-05
GA_FIXED,sign_type,negative,6,True,True,[-145],0.0,negative,0,80,5.5374999647028744e-05
GA_FIXED,sign_type,negative,7,True,True,[-273],0.0,negative,0,80,5.433299520518631e-05
GA_FIXED,sign_type,negative,8,True,True,[-215],0.0,negative,0,80,5.51249977434054e-05
GA_FIXED,sign_type,negative,9,True,True,[-414],0.0,negative,0,80,5.454200436361134e-05
GA_FIXED,sign_type,negative,10,True,True,[-22],0.0,negative,0,80,5.499999679159373e-05
GA_FIXED,sign_type,negative,11,True,True,[-57],0.0,negative,0,80,5.4666001233272254e-05
GA_FIXED,sign_type,negative,12,True,True,[-469],0.0,negative,0,80,5.420799425337464e-05
GA_FIXED,sign_type,negative,13,True,True,[-313],0.0,negative,0,80,5.5042008170858026e-05
GA_FIXED,sign_type,negative,14,True,True,[-374],0.0,negative,0,80,5.43750065844506e-05
GA_FIXED,sign_type,negative,15,True,True,[-316],0.0,negative,0,80,5.433299520518631e-05
GA_FIXED,sign_type,negative,16,True,True,[-346],0.0,negative,0,80,5.445799615699798e-05
GA_FIXED,sign_type,negative,17,True,True,[-300],0.0,negative,0,80,5.43750065844506e-05
GA_FIXED,sign_type,negative,18,True,True,[-292],0.0,negative,0,80,5.445799615699798e-05
GA_FIXED,sign_type,negative,19,True,True,[-387],0.0,negative,0,80,5.429099837783724e-05
GA_FIXED,sign_type,negative,20,True,True,[-269],0.0,negative,0,80,9.637500625103712e-05
GA_FIXED,sign_type,negative,21,True,True,[-432],0.0,negative,0,80,5.391599552240223e-05
GA_FIXED,sign_type,negative,22,True,True,[-184],0.0,negative,0,80,5.4791991715319455e-05
GA_FIXED,sign_type,negative,23,True,True,[-484],0.0,negative,0,80,5.433299520518631e-05
GA_FIXED,sign_type,negative,24,True,True,[-227],0.0,negative,0,80,5.470799806062132e-05
GA_FIXED,sign_type,negative,25,True,True,[-251],0.0,negative,0,80,5.3750001825392246e-05
GA_FIXED,sign_type,negative,26,True,True,[-24],0.0,negative,0,80,5.4957999964244664e-05
GA_FIXED,sign_type,negative,27,True,True,[-314],0.0,negative,0,80,5.4208998335525393e-05
GA_FIXED,sign_type,negative,28,True,True,[-311],0.0,negative,0,80,5.4500007536262274e-05
GA_FIXED,sign_type,negative,29,True,True,[-185],0.0,negative,0,80,5.3916999604552984e-05
GA_FIXED,sign_type,positive,0,True,True,[1280],0.0,positive,0,80,5.779099592473358e-05
GA_FIXED,sign_type,positive,1,True,True,[566],0.0,positive,0,80,5.433299520518631e-05
GA_FIXED,sign_type,positive,2,True,True,[1296],0.0,positive,0,80,5.3750001825392246e-05
GA_FIXED,sign_type,positive,3,True,True,[1276],0.0,positive,0,80,5.329199484549463e-05
GA_FIXED,sign_type,positive,4,True,True,[1325],0.0,positive,0,80,5.316699389368296e-05
GA_FIXED,sign_type,positive,5,True,True,[2104],0.0,positive,0,80,5.399998917710036e-05
GA_FIXED,sign_type,positive,6,True,True,[1470],0.0,positive,0,80,5.295898881740868e-05
GA_FIXED,sign_type,positive,7,True,True,[2727],0.0,positive,0,80,5.2916991990059614e-05
GA_FIXED,sign_type,positive,8,True,True,[490],0.0,positive,0,80,5.383299139793962e-05
GA_FIXED,sign_type,positive,9,True,True,[2941],0.0,positive,0,80,5.341600626707077e-05
GA_FIXED,sign_type,positive,10,True,True,[2784],0.0,positive,0,80,5.279199103824794e-05
GA_FIXED,sign_type,positive,11,True,True,[2365],0.0,positive,0,80,5.300001066643745e-05
GA_FIXED,sign_type,positive,12,True,True,[390],0.0,positive,0,80,5.370800499804318e-05
GA_FIXED,sign_type,positive,13,True,True,[163],0.0,positive,0,80,5.387500277720392e-05
GA_FIXED,sign_type,positive,14,True,True,[1189],0.0,positive,0,80,5.283299833536148e-05
GA_FIXED,sign_type,positive,15,True,True,[707],0.0,positive,0,80,5.295900336932391e-05
GA_FIXED,sign_type,positive,16,True,True,[1448],0.0,positive,0,80,5.250000685919076e-05
GA_FIXED,sign_type,positive,17,True,True,[1926],0.0,positive,0,80,4.924999666400254e-05
GA_FIXED,sign_type,positive,18,True,True,[1728],0.0,positive,0,80,5.337501352187246e-05
GA_FIXED,sign_type,positive,19,True,True,[2806],0.0,positive,0,80,5.3916999604552984e-05
GA_FIXED,sign_type,positive,20,True,True,[1193],0.0,positive,0,80,5.40409964742139e-05
GA_FIXED,sign_type,positive,21,True,True,[126],0.0,positive,0,80,5.379199865274131e-05
GA_FIXED,sign_type,positive,22,True,True,[2930],0.0,positive,0,80,5.462499393615872e-05
GA_FIXED,sign_type,positive,23,True,True,[1910],0.0,positive,0,80,5.408300785347819e-05
GA_FIXED,sign_type,positive,24,True,True,[541],0.0,positive,0,80,5.558400880545378e-05
GA_FIXED,sign_type,positive,25,True,True,[107],0.0,positive,0,80,5.2292001782916486e-05
GA_FIXED,sign_type,positive,26,True,True,[2062],0.0,positive,0,80,4.637500387616456e-05
GA_FIXED,sign_type,positive,27,True,True,[179],0.0,positive,0,80,5.224999040365219e-05
GA_FIXED,sign_type,positive,28,True,True,[1835],0.0,positive,0,80,5.445799615699798e-05
GA_FIXED,sign_type,positive,29,True,True,[866],0.0,positive,0,80,5.4459000239148736e-05
GA_FIXED,sign_type,zero,0,True,True,[0],0.0,zero,20,1680,0.0060176249971846
GA_FIXED,sign_type,zero,1,True,True,[0],0.0,zero,6,560,0.0018468749913154
GA_FIXED,sign_type,zero,2,True,True,[0],0.0,zero,3,320,0.0009549579990562
GA_FIXED,sign_type,zero,3,True,True,[0],0.0,zero,6,560,0.0018490840011509
GA_FIXED,sign_type,zero,4,True,True,[0],0.0,zero,1,160,0.0003553330025169
GA_FIXED,sign_type,zero,5,True,True,[0],0.0,zero,3,320,0.0009547080117044
GA_FIXED,sign_type,zero,6,True,True,[0],0.0,zero,4,400,0.001252750007552
GA_FIXED,sign_type,zero,7,True,True,[0],0.0,zero,10,880,0.0029950409953016
GA_FIXED,sign_type,zero,8,True,True,[0],0.0,zero,8,720,0.002298833001987
GA_FIXED,sign_type,zero,9,True,True,[0],0.0,zero,10,880,0.0029997499950695
GA_FIXED,sign_type,zero,10,True,True,[0],0.0,zero,11,960,0.0033267920080106
GA_FIXED,sign_type,zero,11,True,True,[0],0.0,zero,7,640,0.0021592920093098
GA_FIXED,sign_type,zero,12,True,True,[0],0.0,zero,17,1440,0.0051567920017987
GA_FIXED,sign_type,zero,13,True,True,[0],0.0,zero,5,480,0.0015589579998049
GA_FIXED,sign_type,zero,14,True,True,[0],0.0,zero,9,800,0.0027452499925857
GA_FIXED,sign_type,zero,15,True,True,[0],0.0,zero,4,400,0.0012572920095408
GA_FIXED,sign_type,zero,16,True,True,[0],0.0,zero,8,720,0.0024554999981774
GA_FIXED,sign_type,zero,17,True,True,[0],0.0,zero,3,320,0.0009699999936856
GA_FIXED,sign_type,zero,18,True,True,[0],0.0,zero,12,1040,0.0036740409996127
GA_FIXED,sign_type,zero,19,True,True,[0],0.0,zero,8,720,0.002457124995999
GA_FIXED,sign_type,zero,20,True,True,[0],0.0,zero,7,640,0.002132249996066
GA_FIXED,sign_type,zero,21,True,True,[0],0.0,zero,6,560,0.0018812089983839
GA_FIXED,sign_type,zero,22,True,True,[0],0.0,zero,17,1440,0.0051398329960647
GA_FIXED,sign_type,zero,23,True,True,[0],0.0,zero,13,1120,0.0039549999928567
GA_FIXED,sign_type,zero,24,True,True,[0],0.0,zero,9,800,0.00273950000701
GA_FIXED,sign_type,zero,25,True,True,[0],0.0,zero,13,1120,0.0039311659929808
GA_FIXED,sign_type,zero,26,True,True,[0],0.0,zero,9,800,0.0027311669982736
GA_FIXED,sign_type,zero,27,True,True,[0],0.0,zero,5,480,0.001533249989734
GA_FIXED,sign_type,zero,28,True,True,[0],0.0,zero,10,880,0.0030262500076787
GA_FIXED,sign_type,zero,29,True,True,[0],0.0,zero,8,720,0.0024628329992992
GA_FIXED,string_category,empty,0,True,True,[''],0.0,empty,0,80,0.0001825419894885
GA_FIXED,string_category,empty,1,True,True,[''],0.0,empty,0,80,0.0001730410003801
GA_FIXED,string_category,empty,2,True,True,[''],0.0,empty,0,80,0.0001627090096008
GA_FIXED,string_category,empty,3,True,True,[''],0.0,empty,0,80,0.0001572079927427
GA_FIXED,string_category,empty,4,True,True,[''],0.0,empty,0,80,0.0001674579980317
GA_FIXED,string_category,empty,5,True,True,[''],0.0,empty,0,80,0.0001739159924909
GA_FIXED,string_category,empty,6,True,True,[''],0.0,empty,0,80,0.0001711660006549
GA_FIXED,string_category,empty,7,True,True,[''],0.0,empty,0,80,0.0001678340049693
GA_FIXED,string_category,empty,8,True,True,[''],0.0,empty,0,80,0.000170250001247
GA_FIXED,string_category,empty,9,True,True,[''],0.0,empty,0,80,0.0001654579973546
GA_FIXED,string_category,empty,10,True,True,[''],0.0,empty,0,80,0.0001607080048415
GA_FIXED,string_category,empty,11,True,True,[''],0.0,empty,0,80,0.0001678339904174
GA_FIXED,string_category,empty,12,True,True,[''],0.0,empty,0,80,0.0001664580049691
GA_FIXED,string_category,empty,13,True,True,[''],0.0,empty,0,80,0.0001645000011194
GA_FIXED,string_category,empty,14,True,True,[''],0.0,empty,0,80,0.0001655000087339
GA_FIXED,string_category,empty,15,True,True,[''],0.0,empty,0,80,0.0001678749977145
GA_FIXED,string_category,empty,16,True,True,[''],0.0,empty,0,80,0.0001704169990262
GA_FIXED,string_category,empty,17,True,True,[''],0.0,empty,0,80,0.0001605829893378
GA_FIXED,string_category,empty,18,True,True,[''],0.0,empty,0,80,0.000169958002516
GA_FIXED,string_category,empty,19,True,True,[''],0.0,empty,0,80,0.0001666249881964
GA_FIXED,string_category,empty,20,True,True,[''],0.0,empty,0,80,0.0001643330033402
GA_FIXED,string_category,empty,21,True,True,[''],0.0,empty,0,80,0.0001673750084592
GA_FIXED,string_category,empty,22,True,True,[''],0.0,empty,0,80,0.0001646660093683
GA_FIXED,string_category,empty,23,True,True,[''],0.0,empty,0,80,0.000172707994352
GA_FIXED,string_category,empty,24,True,True,[''],0.0,empty,0,80,0.0001608330057933
GA_FIXED,string_category,empty,25,True,True,[''],0.0,empty,0,80,0.0001745410118019
GA_FIXED,string_category,empty,26,True,True,[''],0.0,empty,0,80,0.000163832999533
GA_FIXED,string_category,empty,27,True,True,[''],0.0,empty,0,80,0.0001677089894656
GA_FIXED,string_category,empty,28,True,True,[''],0.0,empty,0,80,0.0001692079968051
GA_FIXED,string_category,empty,29,True,True,[''],0.0,empty,0,80,0.0001661669957684
GA_FIXED,string_category,long_non_palindrome,0,True,True,['Q115AP6yT'],0.0,long_non_palindrome,0,80,0.0001649590121814
GA_FIXED,string_category,long_non_palindrome,1,True,True,['DrDnQ3fY7'],0.0,long_non_palindrome,0,80,0.0001730409858282
GA_FIXED,string_category,long_non_palindrome,2,True,True,['dkA0Y5'],0.0,long_non_palindrome,0,80,0.0001580419921083
GA_FIXED,string_category,long_non_palindrome,3,True,True,['8EBkZngZE9'],0.0,long_non_palindrome,0,80,0.0001670000056037
GA_FIXED,string_category,long_non_palindrome,4,True,True,['vxoh1ofjql'],0.0,long_non_palindrome,0,80,0.0001662919967202
GA_FIXED,string_category,long_non_palindrome,5,True,True,['V9buNK'],0.0,long_non_palindrome,0,80,0.0001622500130906
GA_FIXED,string_category,long_non_palindrome,6,True,True,['k8LLTrxQxQD'],0.0,long_non_palindrome,0,80,0.0001644590083742
GA_FIXED,string_category,long_non_palindrome,7,True,True,['AywKDBkwrKM3W'],0.0,long_non_palindrome,0,80,0.0001618749956833
GA_FIXED,string_category,long_non_palindrome,8,True,True,['DdVoPURCeV'],0.0,long_non_palindrome,0,80,0.0001645829906919
GA_FIXED,string_category,long_non_palindrome,9,True,True,['M5OOw88nYwfG4a'],0.0,long_non_palindrome,0,80,0.0001671249920036
GA_FIXED,string_category,long_non_palindrome,10,True,True,['xN8Tj2jjrodtnx'],0.0,long_non_palindrome,0,80,0.0001734169927658
GA_FIXED,string_category,long_non_palindrome,11,True,True,['Q49XHvR7Ta'],0.0,long_non_palindrome,0,80,0.0001702080044196
GA_FIXED,string_category,long_non_palindrome,12,True,True,['FCGNOKI5'],0.0,long_non_palindrome,0,80,0.0001711249933578
GA_FIXED,string_category,long_non_palindrome,13,True,True,['lFvHaLyK2PZ3TYR'],0.0,long_non_palindrome,0,80,0.0001700420107226
GA_FIXED,string_category,long_non_palindrome,14,True,True,['6vI4jDBM97C'],0.0,long_non_palindrome,0,80,0.0001582080003572
GA_FIXED,string_category,long_non_palindrome,15,True,True,['QfIMZPftVVAZCin'],0.0,long_non_palindrome,0,80,0.0001648330071475
GA_FIXED,string_category,long_non_palindrome,16,True,True,['1MDY3fioc'],0.0,long_non_palindrome,0,80,0.0001677910040598
GA_FIXED,string_category,long_non_palindrome,17,True,True,['JC1GTl'],0.0,long_non_palindrome,0,80,0.0001651659986237
GA_FIXED,string_category,long_non_palindrome,18,True,True,['eV20T28PtH8zZ'],0.0,long_non_palindrome,0,80,0.0001710000069579
GA_FIXED,string_category,long_non_palindrome,19,True,True,['hx9NfA'],0.0,long_non_palindrome,0,80,0.0001663340080995
GA_FIXED,string_category,long_non_palindrome,20,True,True,['lNKJKQfsdIT'],0.0,long_non_palindrome,0,80,0.0001615830115042
GA_FIXED,string_category,long_non_palindrome,21,True,True,['nZ8gi3Be4'],0.0,long_non_palindrome,0,80,0.0001661669957684
GA_FIXED,string_category,long_non_palindrome,22,True,True,['aDeSeB3D9MicG'],0.0,long_non_palindrome,0,80,0.0001619160029804
GA_FIXED,string_category,long_non_palindrome,23,True,True,['2ULRKrrk1SZYr29'],0.0,long_non_palindrome,0,80,0.0001628749887458
GA_FIXED,string_category,long_non_palindrome,24,True,True,['GecgBTbQLO5'],0.0,long_non_palindrome,0,80,0.000169666003785
GA_FIXED,string_category,long_non_palindrome,25,True,True,['0mN4MtHt4gDgofL'],0.0,long_non_palindrome,0,80,0.0001685420138528
GA_FIXED,string_category,long_non_palindrome,26,True,True,['76Bkkudx'],0.0,long_non_palindrome,0,80,0.0001709170028334
GA_FIXED,string_category,long_non_palindrome,27,True,True,['IepMgc88LAh'],0.0,long_non_palindrome,0,80,0.0001864579971879
GA_FIXED,string_category,long_non_palindrome,28,True,True,['yty7B5iS'],0.0,long_non_palindrome,0,80,0.0001667500037001
GA_FIXED,string_category,long_non_palindrome,29,True,True,['FWewd12'],0.0,long_non_palindrome,0,80,0.000164124998264
GA_FIXED,string_category,long_palindrome,0,True,True,['BkqkB'],0.0,long_palindrome,24,2000,0.008123916995828
GA_FIXED,string_category,long_palindrome,1,False,False,['SRiQxUhwmPF'],1.0,,0,8080,0.0330654160061385
GA_FIXED,string_category,long_palindrome,2,False,False,['C0f4ar1du'],1.0,,0,8080,0.0330306660034693
GA_FIXED,string_category,long_palindrome,3,False,False,['i81LjvOgq'],1.0,,0,8080,0.0329351670079631
GA_FIXED,string_category,long_palindrome,4,False,False,['Mhp0'],1.0,,0,8080,0.0330268750112736
GA_FIXED,string_category,long_palindrome,5,False,False,['HrHdaUOhrItrt'],1.0,,0,8080,0.0328082920023007
GA_FIXED,string_category,long_palindrome,6,False,False,['ZbzaiGGBo1o'],1.0,,0,8080,0.0329025000100955
GA_FIXED,string_category,long_palindrome,7,False,False,['qI0OfwMjFOB'],1.0,,0,8080,0.0330375000048661
GA_FIXED,string_category,long_palindrome,8,False,False,['Us4GsRCh'],1.0,,0,8080,0.0329880000062985
GA_FIXED,string_category,long_palindrome,9,False,False,['B2SzXSK69q'],1.0,,0,8080,0.0335367499938001
GA_FIXED,string_category,long_palindrome,10,False,False,['Cue9IhZyhP'],1.0,,0,8080,0.0337464589974843
GA_FIXED,string_category,long_palindrome,11,False,False,['2PnLlmHAb1T'],1.0,,0,8080,0.0333002499974099
GA_FIXED,string_category,long_palindrome,12,False,False,['pM5WMTl9ZMNlgv'],1.0,,0,8080,0.0331055419956101
GA_FIXED,string_category,long_palindrome,13,False,False,['KgmabPOkPXbT'],1.0,,0,8080,0.0332911669975146
GA_FIXED,string_category,long_palindrome,14,False,False,['qPsIMh'],1.0,,0,8080,0.0332404170039808
GA_FIXED,string_category,long_palindrome,15,False,False,['6VlNquL'],1.0,,0,8080,0.0368372920056572
GA_FIXED,string_category,long_palindrome,16,False,False,['C1Tuer8ahzGvB2e'],1.0,,0,8080,0.0335112500033574
GA_FIXED,string_category,long_palindrome,17,False,False,['kOY4QDLY6VFBzij'],1.0,,0,8080,0.0485418750031385
GA_FIXED,string_category,long_palindrome,18,False,False,['1OjMljO6bW'],1.0,,0,8080,0.0336337500048102
GA_FIXED,string_category,long_palindrome,19,False,False,['GfoXCyu2i4'],1.0,,0,8080,0.0333954169909702
GA_FIXED,string_category,long_palindrome,20,False,False,['zeALD'],1.0,,0,8080,0.0333527499897172
GA_FIXED,string_category,long_palindrome,21,False,False,['wNhTGtgT5ibSO7'],1.0,,0,8080,0.0333514170051785
GA_FIXED,string_category,long_palindrome,22,False,False,['bKjaxIjXNO3usF'],1.0,,0,8080,0.0334233750036219
GA_FIXED,string_category,long_palindrome,23,False,False,['HyKaFitHz'],1.0,,0,8080,0.0334959580068243
GA_FIXED,string_category,long_palindrome,24,False,False,['jV0ZgSclrudx'],1.0,,0,8080,0.0337561670021386
GA_FIXED,string_category,long_palindrome,25,False,False,['jXf8'],1.0,,0,8080,0.0335978329967474
GA_FIXED,string_category,long_palindrome,26,False,False,['2vORwxw4tx'],1.0,,0,8080,0.0335918750060955
GA_FIXED,string_category,long_palindrome,27,False,False,['5JHbAoil3eyt'],1.0,,0,8080,0.0332425420056097
GA_FIXED,string_category,long_palindrome,28,False,False,['kvmSyJkyeaIw1'],1.0,,0,8080,0.033446500005084
GA_FIXED,string_category,long_palindrome,29,False,False,['zHKblLTqU'],1.0,,0,8080,0.033468833004008
GA_FIXED,string_category,other,0,True,True,['DFfIl'],0.0,other,0,80,0.00016779199359
GA_FIXED,string_category,other,1,True,True,['3s21o'],0.0,other,0,80,0.000170250001247
GA_FIXED,string_category,other,2,True,True,['ZWZ8'],0.0,other,0,80,0.0001650829944992
GA_FIXED,string_category,other,3,True,True,['7r'],0.0,other,0,80,0.0001709159987512
GA_FIXED,string_category,other,4,True,True,['FBgB1'],0.0,other,0,80,0.0001631670020287
GA_FIXED,string_category,other,5,True,True,['VM6'],0.0,other,0,80,0.0001683329901425
GA_FIXED,string_category,other,6,True,True,['u0'],0.0,other,0,80,0.0001647910103201
GA_FIXED,string_category,other,7,True,True,['fGg'],0.0,other,0,80,0.0001631249906495
GA_FIXED,string_category,other,8,True,True,['0FKpy'],0.0,other,0,80,0.000164124998264
GA_FIXED,string_category,other,9,True,True,['dS'],0.0,other,0,80,0.0001655000087339
GA_FIXED,string_category,other,10,True,True,['nyWdW'],0.0,other,0,80,0.0001687920012045
GA_FIXED,string_category,other,11,True,True,['TSbxb'],0.0,other,0,80,0.0001629580074222
GA_FIXED,string_category,other,12,True,True,['Eas'],0.0,other,0,80,0.0001744580076774
GA_FIXED,string_category,other,13,True,True,['gk'],0.0,other,0,80,0.0001592909975443
GA_FIXED,string_category,other,14,True,True,['nfwea'],0.0,other,0,80,0.000176959001692
GA_FIXED,string_category,other,15,True,True,['lLB'],0.0,other,0,80,0.0001590000028954
GA_FIXED,string_category,other,16,True,True,['elH'],0.0,other,0,80,0.0001629589969525
GA_FIXED,string_category,other,17,True,True,['YRW'],0.0,other,0,80,0.0001674590021139
GA_FIXED,string_category,other,18,True,True,['naJ'],0.0,other,0,80,0.0001722919987514
GA_FIXED,string_category,other,19,True,True,['dm'],0.0,other,0,80,0.0001654590014368
GA_FIXED,string_category,other,20,True,True,['TH'],0.0,other,0,80,0.0001618340029381
GA_FIXED,string_category,other,21,True,True,['N7'],0.0,other,0,80,0.0001680410059634
GA_FIXED,string_category,other,22,True,True,['3yp'],0.0,other,0,80,0.0001758330035954
GA_FIXED,string_category,other,23,True,True,['RxklN'],0.0,other,0,80,0.0001679159904597
GA_FIXED,string_category,other,24,True,True,['QF'],0.0,other,0,80,0.0001648329925956
GA_FIXED,string_category,other,25,True,True,['lS'],0.0,other,0,80,0.0001625410077394
GA_FIXED,string_category,other,26,True,True,['soP'],0.0,other,0,80,0.0001699999993434
GA_FIXED,string_category,other,27,True,True,['jL4Tw'],0.0,other,0,80,0.0001845840015448
GA_FIXED,string_category,other,28,True,True,['AMc'],0.0,other,0,80,0.000151125001139
GA_FIXED,string_category,other,29,True,True,['18'],0.0,other,0,80,0.0001616660010768
GA_FIXED,string_category,short_palindrome,0,True,True,['V'],0.0,short_palindrome,0,80,0.0001749579969327
GA_FIXED,string_category,short_palindrome,1,True,True,['h'],0.0,short_palindrome,0,80,0.0001694579987088
GA_FIXED,string_category,short_palindrome,2,True,True,['KK'],0.0,short_palindrome,0,80,0.000171332998434
GA_FIXED,string_category,short_palindrome,3,True,True,['D'],0.0,short_palindrome,0,80,0.0001797080039978
GA_FIXED,string_category,short_palindrome,4,True,True,['b'],0.0,short_palindrome,0,80,0.0001821250043576
GA_FIXED,string_category,short_palindrome,5,True,True,['I'],0.0,short_palindrome,0,80,0.0001645830052439
GA_FIXED,string_category,short_palindrome,6,True,True,['aQa'],0.0,short_palindrome,0,80,0.0001796670112526
GA_FIXED,string_category,short_palindrome,7,True,True,['F'],0.0,short_palindrome,0,80,0.000191041996004
GA_FIXED,string_category,short_palindrome,8,True,True,['I'],0.0,short_palindrome,0,80,0.0001656670065131
GA_FIXED,string_category,short_palindrome,9,True,True,['W'],0.0,short_palindrome,0,80,0.0001699999993434
GA_FIXED,string_category,short_palindrome,10,True,True,['x'],0.0,short_palindrome,0,80,0.0001896249887067
GA_FIXED,string_category,short_palindrome,11,True,True,['c'],0.0,short_palindrome,0,80,0.0001662080030655
GA_FIXED,string_category,short_palindrome,12,True,True,['G'],0.0,short_palindrome,0,80,0.0001630829938221
GA_FIXED,string_category,short_palindrome,13,True,True,['n'],0.0,short_palindrome,0,80,0.0001695840037427
GA_FIXED,string_category,short_palindrome,14,True,True,['U'],0.0,short_palindrome,0,80,0.0001609999890206
GA_FIXED,string_category,short_palindrome,15,True,True,['4'],0.0,short_palindrome,0,80,0.0001774580014171
GA_FIXED,string_category,short_palindrome,16,True,True,['F'],0.0,short_palindrome,0,80,0.0001635839871596
GA_FIXED,string_category,short_palindrome,17,True,True,['q'],0.0,short_palindrome,0,80,0.0001705000031506
GA_FIXED,string_category,short_palindrome,18,True,True,['c'],0.0,short_palindrome,0,80,0.000160291994689
GA_FIXED,string_category,short_palindrome,19,True,True,['1'],0.0,short_palindrome,0,80,0.000163541000802
GA_FIXED,string_category,short_palindrome,20,True,True,['W'],0.0,short_palindrome,0,80,0.0001619579998077
GA_FIXED,string_category,short_palindrome,21,True,True,['g'],0.0,short_palindrome,0,80,0.0001575839996803
GA_FIXED,string_category,short_palindrome,22,True,True,['b'],0.0,short_palindrome,0,80,0.0001732499949866
GA_FIXED,string_category,short_palindrome,23,True,True,['l'],0.0,short_palindrome,0,80,0.0001637079985812
GA_FIXED,string_category,short_palindrome,24,True,True,['l'],0.0,short_palindrome,0,80,0.0001692080113571
GA_FIXED,string_category,short_palindrome,25,True,True,['J'],0.0,short_palindrome,0,80,0.0001625000004423
GA_FIXED,string_category,short_palindrome,26,True,True,['t'],0.0,short_palindrome,0,80,0.0001621659903321
GA_FIXED,string_category,short_palindrome,27,True,True,['Q'],0.0,short_palindrome,0,80,0.0001930419966811
GA_FIXED,string_category,short_palindrome,28,True,True,['O'],0.0,short_palindrome,0,80,0.0001611250045243
GA_FIXED,string_category,short_palindrome,29,True,True,['4'],0.0,short_palindrome,0,80,0.000153874992975
GA_FIXED,transaction_pattern,contains_zero,0,True,True,"[[12, 0]]",0.0,contains_zero,0,80,0.0001527080021332
GA_FIXED,transaction_pattern,contains_zero,1,True,True,"[[0, -19, -17]]",0.0,contains_zero,0,80,0.0001575829955982
GA_FIXED,transaction_pattern,contains_zero,2,True,True,"[[14, -18, 0]]",0.0,contains_zero,0,80,0.0001497920020483
GA_FIXED,transaction_pattern,contains_zero,3,True,True,"[[0, -2, 2, 8, 20]]",0.0,contains_zero,0,80,0.0001830410037655
GA_FIXED,transaction_pattern,contains_zero,4,True,True,"[[-11, 0, 18, 0, 7, -17, -2]]",0.0,contains_zero,0,80,0.0001420000044163
GA_FIXED,transaction_pattern,contains_zero,5,True,True,"[[-13, 0, -5, -10, -18, -12, -20, -5]]",0.0,contains_zero,0,80,0.0001604160061106
GA_FIXED,transaction_pattern,contains_zero,6,True,True,"[[20, -13, 17, 0, 0]]",0.0,contains_zero,0,80,0.0001510840083938
GA_FIXED,transaction_pattern,contains_zero,7,True,True,"[[0, 3]]",0.0,contains_zero,0,80,0.000149291998241
GA_FIXED,transaction_pattern,contains_zero,8,True,True,"[[-3, -6, -9, -10, 0, 18, -19, -2]]",0.0,contains_zero,0,80,0.0001564999984111
GA_FIXED,transaction_pattern,contains_zero,9,True,True,"[[0, 4, 5, -20, 12, -13, -4, 14]]",0.0,contains_zero,0,80,0.0001653749932302
GA_FIXED,transaction_pattern,contains_zero,10,True,True,"[[-8, 12, -20, -9, -14, 0]]",0.0,contains_zero,0,80,0.0001582499971846
GA_FIXED,transaction_pattern,contains_zero,11,True,True,"[[-18, 0, 9, 1]]",0.0,contains_zero,0,80,0.0001621249975869
GA_FIXED,transaction_pattern,contains_zero,12,True,True,"[[0, -12, -12, 9, 12]]",0.0,contains_zero,0,80,0.0001512919989181
GA_FIXED,transaction_pattern,contains_zero,13,True,True,"[[13, 9, 13, 0, 0, 17]]",0.0,contains_zero,0,80,0.0001516659976914
GA_FIXED,transaction_pattern,contains_zero,14,True,True,"[[-1, -1, 5, 0, -4]]",0.0,contains_zero,0,80,0.0001562909892527
GA_FIXED,transaction_pattern,contains_zero,15,True,True,"[[0, 16, 1]]",0.0,contains_zero,0,80,0.0001465839886805
GA_FIXED,transaction_pattern,contains_zero,16,True,True,"[[7, 0, 13, -8]]",0.0,contains_zero,0,80,0.0001576659997226
GA_FIXED,transaction_pattern,contains_zero,17,True,True,"[[11, 0, -1, 2]]",0.0,contains_zero,0,80,0.0001588330051163
GA_FIXED,transaction_pattern,contains_zero,18,True,True,"[[0, 16, -19, 11, 2, 1, 7, 11]]",0.0,contains_zero,0,80,0.0001599169918335
GA_FIXED,transaction_pattern,contains_zero,19,True,True,"[[14, -3, -12, -6, -2, 13, 0]]",0.0,contains_zero,0,80,0.000161374991876
GA_FIXED,transaction_pattern,contains_zero,20,True,True,"[[-2, 5, 0, 11, 3]]",0.0,contains_zero,0,80,0.0001582919940119
GA_FIXED,transaction_pattern,contains_zero,21,True,True,"[[-16, -17, -1, 0]]",0.0,contains_zero,0,80,0.0001626250013941
GA_FIXED,transaction_pattern,contains_zero,22,True,True,"[[-1, 0, -18]]",0.0,contains_zero,0,80,0.0001614580105524
GA_FIXED,transaction_pattern,contains_zero,23,True,True,"[[19, 0, -7, -12, -1]]",0.0,contains_zero,0,80,0.0001601660042069
GA_FIXED,transaction_pattern,contains_zero,24,True,True,"[[-14, -11, -9, -15, -18, -3, 0, 4]]",0.0,contains_zero,0,80,0.0001554999907966
GA_FIXED,transaction_pattern,contains_zero,25,True,True,"[[0, 9, -9, 2, -20, -2]]",0.0,contains_zero,0,80,0.0001630409969948
GA_FIXED,transaction_pattern,contains_zero,26,True,True,"[[-5, 6, 3, 20, 6, 2, 0, 18]]",0.0,contains_zero,0,80,0.0001672499929554
GA_FIXED,transaction_pattern,contains_zero,27,True,True,"[[0, -7, 15, -16, 10, -13, 1]]",0.0,contains_zero,0,80,0.0001501250080764
GA_FIXED,transaction_pattern,contains_zero,28,True,True,"[[1, 1, 0]]",0.0,contains_zero,0,80,0.0001609159953659
GA_FIXED,transaction_pattern,contains_zero,29,True,True,"[[-10, -10, -20, 2, 11, 13, 0]]",0.0,contains_zero,0,80,0.0001560829987283
GA_FIXED,transaction_pattern,empty,0,True,True,[[]],0.0,empty,0,80,0.0001555409980937
GA_FIXED,transaction_pattern,empty,1,True,True,[[]],0.0,empty,0,80,0.0001375840074615
GA_FIXED,transaction_pattern,empty,2,True,True,[[]],0.0,empty,0,80,0.0001343750045634
GA_FIXED,transaction_pattern,empty,3,True,True,[[]],0.0,empty,0,80,0.0001324999902863
GA_FIXED,transaction_pattern,empty,4,True,True,[[]],0.0,empty,0,80,0.0001309999934164
GA_FIXED,transaction_pattern,empty,5,True,True,[[]],0.0,empty,0,80,0.0001307079946855
GA_FIXED,transaction_pattern,empty,6,True,True,[[]],0.0,empty,0,80,0.0001287080085603
GA_FIXED,transaction_pattern,empty,7,True,True,[[]],0.0,empty,0,80,0.0001319580042036
GA_FIXED,transaction_pattern,empty,8,True,True,[[]],0.0,empty,0,80,0.0001305840123677
GA_FIXED,transaction_pattern,empty,9,True,True,[[]],0.0,empty,0,80,0.0001273339876206
GA_FIXED,transaction_pattern,empty,10,True,True,[[]],0.0,empty,0,80,0.0001377500011585
GA_FIXED,transaction_pattern,empty,11,True,True,[[]],0.0,empty,0,80,0.0001373749983031
GA_FIXED,transaction_pattern,empty,12,True,True,[[]],0.0,empty,0,80,0.000129707987071
GA_FIXED,transaction_pattern,empty,13,True,True,[[]],0.0,empty,0,80,0.0001272090012207
GA_FIXED,transaction_pattern,empty,14,True,True,[[]],0.0,empty,0,80,0.0001314170076511
GA_FIXED,transaction_pattern,empty,15,True,True,[[]],0.0,empty,0,80,0.0001335840061074
GA_FIXED,transaction_pattern,empty,16,True,True,[[]],0.0,empty,0,80,0.000125458012917
GA_FIXED,transaction_pattern,empty,17,True,True,[[]],0.0,empty,0,80,0.0001369579986203
GA_FIXED,transaction_pattern,empty,18,True,True,[[]],0.0,empty,0,80,0.000130458996864
GA_FIXED,transaction_pattern,empty,19,True,True,[[]],0.0,empty,0,80,0.00012495899864
GA_FIXED,transaction_pattern,empty,20,True,True,[[]],0.0,empty,0,80,0.0001275000104214
GA_FIXED,transaction_pattern,empty,21,True,True,[[]],0.0,empty,0,80,0.0001233750081155
GA_FIXED,transaction_pattern,empty,22,True,True,[[]],0.0,empty,0,80,0.0001306250051129
GA_FIXED,transaction_pattern,empty,23,True,True,[[]],0.0,empty,0,80,0.0001325409975834
GA_FIXED,transaction_pattern,empty,24,True,True,[[]],0.0,empty,0,80,0.0001302500022575
GA_FIXED,transaction_pattern,empty,25,True,True,[[]],0.0,empty,0,80,0.000125708989799
GA_FIXED,transaction_pattern,empty,26,True,True,[[]],0.0,empty,0,80,0.0001338750007562
GA_FIXED,transaction_pattern,empty,27,True,True,[[]],0.0,empty,0,80,0.0001249579945579
GA_FIXED,transaction_pattern,empty,28,True,True,[[]],0.0,empty,0,80,0.0001377919979859
GA_FIXED,transaction_pattern,empty,29,True,True,[[]],0.0,empty,0,80,0.0001262500009033
GA_FIXED,transaction_pattern,many_large_deposits,0,True,True,"[[19, 19, 16, 15, 17, 19]]",0.0,many_large_deposits,10,880,0.0055327089939964
GA_FIXED,transaction_pattern,many_large_deposits,1,True,True,"[[4, 17, 13, 19, 12, 17, 11, 9]]",0.0,many_large_deposits,11,960,0.0063091659976635
GA_FIXED,transaction_pattern,many_large_deposits,2,True,True,"[[4, 20, 14, 18, 19, 16, 18]]",0.0,many_large_deposits,6,560,0.0036238750035408
GA_FIXED,transaction_pattern,many_large_deposits,3,True,True,"[[17, 18, 13, 19, 18, 17]]",0.0,many_large_deposits,0,80,0.0002000410022446
GA_FIXED,transaction_pattern,many_large_deposits,4,True,True,"[[20, 20, 12, 17, 14, 19]]",0.0,many_large_deposits,8,720,0.0043685420096153
GA_FIXED,transaction_pattern,many_large_deposits,5,True,True,"[[11, 20, 7, 3, 20, 18, 10, 14]]",0.0,many_large_deposits,10,880,0.0056440829939674
GA_FIXED,transaction_pattern,many_large_deposits,6,True,True,"[[11, 20, 14, 5, 20, 18, 16]]",0.0,many_large_deposits,8,720,0.0047290000075008
GA_FIXED,transaction_pattern,many_large_deposits,7,True,True,"[[10, 9, 18, 15, 10, 17, 18, 5]]",0.0,many_large_deposits,6,560,0.0035779579920927
GA_FIXED,transaction_pattern,many_large_deposits,8,True,True,"[[18, 15, 4, 16, 5, 16, 20, 14]]",0.0,many_large_deposits,11,960,0.0059085420070914
GA_FIXED,transaction_pattern,many_large_deposits,9,True,True,"[[20, 17, 10, 2, 6, 20, 17, 20]]",0.0,many_large_deposits,9,800,0.0051461250113788
GA_FIXED,transaction_pattern,many_large_deposits,10,True,True,"[[8, 17, 14, 19, 10, 12, 10, 19]]",0.0,many_large_deposits,8,720,0.0044630829943344
GA_FIXED,transaction_pattern,many_large_deposits,11,True,True,"[[8, 11, 18, 11, 20, 4, 20, 11]]",0.0,many_large_deposits,11,960,0.0065569579892326
GA_FIXED,transaction_pattern,many_large_deposits,12,True,True,"[[16, 15, 9, 14, 16, 19, 20]]",0.0,many_large_deposits,12,1040,0.0069770830014022
GA_FIXED,transaction_pattern,many_large_deposits,13,True,True,"[[12, 10, 13, 8, 14, 10, 17, 20]]",0.0,many_large_deposits,11,960,0.0064836669916985
GA_FIXED,transaction_pattern,many_large_deposits,14,True,True,"[[18, 12, 13, 9, 19, 9, 18, 7]]",0.0,many_large_deposits,11,960,0.0061493340035667
GA_FIXED,transaction_pattern,many_large_deposits,15,True,True,"[[16, 19, 8, 18, 8, 4, 18, 14]]",0.0,many_large_deposits,11,960,0.0062016670126467
GA_FIXED,transaction_pattern,many_large_deposits,16,True,True,"[[14, 15, 19, 3, 20, 7, 12, 11]]",0.0,many_large_deposits,11,960,0.006688417008263
GA_FIXED,transaction_pattern,many_large_deposits,17,True,True,"[[14, 10, 15, 5, 13, 16, 16, 16]]",0.0,many_large_deposits,6,560,0.0035471669980324
GA_FIXED,transaction_pattern,many_large_deposits,18,True,True,"[[15, 2, 20, 10, 6, 16, 17, 17]]",0.0,many_large_deposits,9,800,0.0051602500025182
GA_FIXED,transaction_pattern,many_large_deposits,19,True,True,"[[19, 6, 14, 16, 20, 19, 10]]",0.0,many_large_deposits,15,1280,0.0087018749909475
GA_FIXED,transaction_pattern,many_large_deposits,20,True,True,"[[15, 16, 20, 8, 16, 15, 15]]",0.0,many_large_deposits,10,880,0.0059766250051325
GA_FIXED,transaction_pattern,many_large_deposits,21,True,True,"[[20, 11, 17, 7, 16, 1, 12, 18]]",0.0,many_large_deposits,8,720,0.0045523329899879
GA_FIXED,transaction_pattern,many_large_deposits,22,True,True,"[[17, 15, 13, 17, 12, 5, 16, 13]]",0.0,many_large_deposits,8,720,0.0046079160092631
GA_FIXED,transaction_pattern,many_large_deposits,23,True,True,"[[11, 19, 15, 18, 13, 18, 13]]",0.0,many_large_deposits,10,880,0.0054469170136144
GA_FIXED,transaction_pattern,many_large_deposits,24,True,True,"[[20, 11, 14, 12, 11, 19, 16]]",0.0,many_large_deposits,11,960,0.0062730000063311
GA_FIXED,transaction_pattern,many_large_deposits,25,True,True,"[[15, 19, 5, 13, 14, 17, 16, 15]]",0.0,many_large_deposits,6,560,0.003336041001603
GA_FIXED,transaction_pattern,many_large_deposits,26,True,True,"[[19, 17, 8, 14, 3, 17, 18, 6]]",0.0,many_large_deposits,9,800,0.0052615000022342
GA_FIXED,transaction_pattern,many_large_deposits,27,True,True,"[[2, 12, 20, 9, 19, 14, 17, 9]]",0.0,many_large_deposits,19,1600,0.0111862909980118
GA_FIXED,transaction_pattern,many_large_deposits,28,True,True,"[[19, 18, 12, 8, 20, 14, 14]]",0.0,many_large_deposits,6,560,0.003495875003864
GA_FIXED,transaction_pattern,many_large_deposits,29,True,True,"[[12, 7, 19, 19, 7, 15, 19, 19]]",0.0,many_large_deposits,19,1600,0.0131197919981786
GA_FIXED,transaction_pattern,many_large_withdrawals,0,True,True,"[[1, 4, -15, 6, -17, -18, -14]]",0.0,many_large_withdrawals,0,80,0.0007058749906718
GA_FIXED,transaction_pattern,many_large_withdrawals,1,True,True,"[[13, -16, -4, -16, 3, -20, -16, 1]]",0.0,many_large_withdrawals,0,80,0.0001950000005308
GA_FIXED,transaction_pattern,many_large_withdrawals,2,True,True,"[[-5, -11, 20, -18, -14, -11, -20, -13]]",0.0,many_large_withdrawals,0,80,0.0002518339897505
GA_FIXED,transaction_pattern,many_large_withdrawals,3,True,True,"[[7, -2, -13, 9, -14, -4, -14, -20]]",0.0,many_large_withdrawals,1,160,0.001333666004939
GA_FIXED,transaction_pattern,many_large_withdrawals,4,True,True,"[[-8, -18, -15, -19, 9]]",0.0,many_large_withdrawals,0,80,0.0001909999991767
GA_FIXED,transaction_pattern,many_large_withdrawals,5,True,True,"[[8, 4, -10, -18, -3, -20, 2, -17]]",0.0,many_large_withdrawals,0,80,0.0001843750069383
GA_FIXED,transaction_pattern,many_large_withdrawals,6,True,True,"[[13, -13, -14, -17, -10, -5, -17]]",0.0,many_large_withdrawals,0,80,0.0005710830009775
GA_FIXED,transaction_pattern,many_large_withdrawals,7,True,True,"[[-17, -17, -9, -10]]",0.0,many_large_withdrawals,0,80,0.000188165999134
GA_FIXED,transaction_pattern,many_large_withdrawals,8,True,True,"[[-17, -9, -12, -12, -2, -11, -10, 5]]",0.0,many_large_withdrawals,0,80,0.0003713750047609
GA_FIXED,transaction_pattern,many_large_withdrawals,9,True,True,"[[1, -19, -11, -3, -17, -11]]",0.0,many_large_withdrawals,2,240,0.0015510000084759
GA_FIXED,transaction_pattern,many_large_withdrawals,10,True,True,"[[-4, -19, -20, -18, -14, -11, 9, 8]]",0.0,many_large_withdrawals,0,80,0.0001765000051818
GA_FIXED,transaction_pattern,many_large_withdrawals,11,True,True,"[[16, -11, -20, -19, 10, -8, -1, -20]]",0.0,many_large_withdrawals,0,80,0.0001705839968053
GA_FIXED,transaction_pattern,many_large_withdrawals,12,True,True,"[[-1, -4, -18, -19, -20, 11]]",0.0,many_large_withdrawals,0,80,0.0001754999975673
GA_FIXED,transaction_pattern,many_large_withdrawals,13,True,True,"[[2, -16, 14, -15, -17, -13, -12, 5]]",0.0,many_large_withdrawals,0,80,0.0001765000051818
GA_FIXED,transaction_pattern,many_large_withdrawals,14,True,True,"[[-18, 11, -19, 9, -20, -8, -11]]",0.0,many_large_withdrawals,2,240,0.0012785419967258
GA_FIXED,transaction_pattern,many_large_withdrawals,15,True,True,"[[1, -13, -19, -20, 5, -19, -2]]",0.0,many_large_withdrawals,0,80,0.0002074579970212
GA_FIXED,transaction_pattern,many_large_withdrawals,16,True,True,"[[-13, 3, 7, -20, -18, -17]]",0.0,many_large_withdrawals,0,80,0.0001986659917747
GA_FIXED,transaction_pattern,many_large_withdrawals,17,True,True,"[[-18, -16, -10, -20, -18, 1, -11]]",0.0,many_large_withdrawals,0,80,0.0001937500055646
GA_FIXED,transaction_pattern,many_large_withdrawals,18,True,True,"[[-17, -18, -19, -4, -6]]",0.0,many_large_withdrawals,0,80,0.0001726670016068
GA_FIXED,transaction_pattern,many_large_withdrawals,19,True,True,"[[-16, 4, -3, 14, -12, -20, -19, -13]]",0.0,many_large_withdrawals,0,80,0.0001703750021988
GA_FIXED,transaction_pattern,many_large_withdrawals,20,True,True,"[[-14, -15, -6, -5, -2, -12]]",0.0,many_large_withdrawals,0,80,0.0001837500021792
GA_FIXED,transaction_pattern,many_large_withdrawals,21,True,True,"[[2, -15, 13, -2, -15, -16, -19]]",0.0,many_large_withdrawals,0,80,0.0001687500043772
GA_FIXED,transaction_pattern,many_large_withdrawals,22,True,True,"[[-3, -9, -10, -13, 10, -20, -13]]",0.0,many_large_withdrawals,0,80,0.0001817080046748
GA_FIXED,transaction_pattern,many_large_withdrawals,23,True,True,"[[-6, -17, -18, -10, 9, -17]]",0.0,many_large_withdrawals,0,80,0.0001849170075729
GA_FIXED,transaction_pattern,many_large_withdrawals,24,True,True,"[[20, 18, -16, -20, -20, -5, -14, -18]]",0.0,many_large_withdrawals,0,80,0.0001851249980973
GA_FIXED,transaction_pattern,many_large_withdrawals,25,True,True,"[[-16, -15, -10, -15, -8]]",0.0,many_large_withdrawals,0,80,0.0001720840082271
GA_FIXED,transaction_pattern,many_large_withdrawals,26,True,True,"[[-13, -3, -7, -17, -11, 4, -7]]",0.0,many_large_withdrawals,0,80,0.0001742500026011
GA_FIXED,transaction_pattern,many_large_withdrawals,27,True,True,"[[2, 12, -18, -15, -7, -7, -18]]",0.0,many_large_withdrawals,0,80,0.0001849590044002
GA_FIXED,transaction_pattern,many_large_withdrawals,28,True,True,"[[-17, -10, -8, -20, -15]]",0.0,many_large_withdrawals,0,80,0.0001833330024965
GA_FIXED,transaction_pattern,many_large_withdrawals,29,True,True,"[[-13, -10, 15, -13, -12, -19]]",0.0,many_large_withdrawals,0,80,0.0001882919896161
GA_FIXED,transaction_pattern,mixed_transactions,0,True,True,"[[-15, -4, 2, 19, 15, 17, -14]]",0.0,mixed_transactions,0,80,0.0001882499927887
GA_FIXED,transaction_pattern,mixed_transactions,1,True,True,"[[-12, 1, -12, -16]]",0.0,mixed_transactions,0,80,0.0001686669857008
GA_FIXED,transaction_pattern,mixed_transactions,2,True,True,"[[1, -2, 16, 7, -14, -11]]",0.0,mixed_transactions,0,80,0.000181291004992
GA_FIXED,transaction_pattern,mixed_transactions,3,True,True,"[[16, 20, -12, -9, -13, 14, 12, -15]]",0.0,mixed_transactions,0,80,0.0001806250074878
GA_FIXED,transaction_pattern,mixed_transactions,4,True,True,"[[7, -1, 18, -1, -7]]",0.0,mixed_transactions,0,80,0.0001800830068532
GA_FIXED,transaction_pattern,mixed_transactions,5,True,True,"[[-10, -10, -4, -6, -3, -8, 20]]",0.0,mixed_transactions,0,80,0.0001865000085672
GA_FIXED,transaction_pattern,mixed_transactions,6,True,True,"[[-10, 20, -3, 4, -8, -10]]",0.0,mixed_transactions,0,80,0.0001735419937176
GA_FIXED,transaction_pattern,mixed_transactions,7,True,True,"[[19, -8, -19, 5]]",0.0,mixed_transactions,0,80,0.0001886670070234
GA_FIXED,transaction_pattern,mixed_transactions,8,True,True,"[[8, -14, 10, 2, -18, -19]]",0.0,mixed_transactions,0,80,0.000200374997803
GA_FIXED,transaction_pattern,mixed_transactions,9,True,True,"[[-20, 11]]",0.0,mixed_transactions,0,80,0.000185208991752
GA_FIXED,transaction_pattern,mixed_transactions,10,True,True,"[[3, -2, -3]]",0.0,mixed_transactions,0,80,0.0001724169997032
GA_FIXED,transaction_pattern,mixed_transactions,11,True,True,"[[-16, -17, 6, -4, -18, -11, 16]]",0.0,mixed_transactions,0,80,0.000189667000086
GA_FIXED,transaction_pattern,mixed_transactions,12,True,True,"[[-1, 7, 8]]",0.0,mixed_transactions,0,80,0.0001742500026011
GA_FIXED,transaction_pattern,mixed_transactions,13,True,True,"[[-10, 19, -17]]",0.0,mixed_transactions,0,80,0.0001811249967431
GA_FIXED,transaction_pattern,mixed_transactions,14,True,True,"[[15, 19, -7, -2]]",0.0,mixed_transactions,0,80,0.0001770840026438
GA_FIXED,transaction_pattern,mixed_transactions,15,True,True,"[[-7, 11, 18, 13, 10, -20]]",0.0,mixed_transactions,0,80,0.0001774159900378
GA_FIXED,transaction_pattern,mixed_transactions,16,True,True,"[[19, -16, -9, 7]]",0.0,mixed_transactions,0,80,0.0001920409995364
GA_FIXED,transaction_pattern,mixed_transactions,17,True,True,"[[-19, 11, 8]]",0.0,mixed_transactions,0,80,0.0001705000031506
GA_FIXED,transaction_pattern,mixed_transactions,18,True,True,"[[2, -1]]",0.0,mixed_transactions,0,80,0.0001756660058163
GA_FIXED,transaction_pattern,mixed_transactions,19,True,True,"[[-15, 19, -20, 18, 2, -16, 15, 5]]",0.0,mixed_transactions,0,80,0.0001718749990686
GA_FIXED,transaction_pattern,mixed_transactions,20,True,True,"[[-2, -1, 16, 4, 3]]",0.0,mixed_transactions,0,80,0.0001799580059014
GA_FIXED,transaction_pattern,mixed_transactions,21,True,True,"[[-3, 12, -20]]",0.0,mixed_transactions,0,80,0.0001740000006975
GA_FIXED,transaction_pattern,mixed_transactions,22,True,True,"[[2, 10, 9, -10, 10, 7, 14, 8]]",0.0,mixed_transactions,0,80,0.0001700829889159
GA_FIXED,transaction_pattern,mixed_transactions,23,True,True,"[[-3, 6, 13]]",0.0,mixed_transactions,0,80,0.0001827079977374
GA_FIXED,transaction_pattern,mixed_transactions,24,True,True,"[[-8, -8, 20, -14, -6, -5]]",0.0,mixed_transactions,0,80,0.000189375001355
GA_FIXED,transaction_pattern,mixed_transactions,25,True,True,"[[4, 11, -7, 2, -12, -4, -14, -12]]",0.0,mixed_transactions,0,80,0.0001732079981593
GA_FIXED,transaction_pattern,mixed_transactions,26,True,True,"[[-2, 18, 16]]",0.0,mixed_transactions,0,80,0.0001774580014171
GA_FIXED,transaction_pattern,mixed_transactions,27,True,True,"[[2, -13, -4, -20, 18]]",0.0,mixed_transactions,0,80,0.0001694169914117
GA_FIXED,transaction_pattern,mixed_transactions,28,True,True,"[[15, -2, -16, -3, 13]]",0.0,mixed_transactions,0,80,0.0001855000009527
GA_FIXED,transaction_pattern,mixed_transactions,29,True,True,"[[-18, -12, -8, 3, 1]]",0.0,mixed_transactions,0,80,0.0001952500024344
GA_FIXED,transaction_pattern,simple_pattern,0,True,True,[[-14]],0.0,simple_pattern,0,80,0.0002024999994318
GA_FIXED,transaction_pattern,simple_pattern,1,True,True,"[[12, 13]]",0.0,simple_pattern,0,80,0.0002067089953925
GA_FIXED,transaction_pattern,simple_pattern,2,True,True,"[[-13, -18, -3, -5, -5]]",0.0,simple_pattern,0,80,0.0002063749998342
GA_FIXED,transaction_pattern,simple_pattern,3,True,True,[[13]],0.0,simple_pattern,0,80,0.000208334007766
GA_FIXED,transaction_pattern,simple_pattern,4,True,True,"[[13, 10, 9]]",0.0,simple_pattern,0,80,0.0002064580039586
GA_FIXED,transaction_pattern,simple_pattern,5,True,True,[[-5]],0.0,simple_pattern,0,80,0.0002070839982479
GA_FIXED,transaction_pattern,simple_pattern,6,True,True,[[4]],0.0,simple_pattern,0,80,0.0001995829952647
GA_FIXED,transaction_pattern,simple_pattern,7,True,True,[[-5]],0.0,simple_pattern,0,80,0.0002064579894067
GA_FIXED,transaction_pattern,simple_pattern,8,True,True,"[[20, 16]]",0.0,simple_pattern,0,80,0.000198833993636
GA_FIXED,transaction_pattern,simple_pattern,9,True,True,"[[10, 6, 6, 16]]",0.0,simple_pattern,0,80,0.000205916003324
GA_FIXED,transaction_pattern,simple_pattern,10,True,True,[[10]],0.0,simple_pattern,0,80,0.0002027080045081
GA_FIXED,transaction_pattern,simple_pattern,11,True,True,"[[-5, -18, -2]]",0.0,simple_pattern,0,80,0.0002042919950326
GA_FIXED,transaction_pattern,simple_pattern,12,True,True,[[-10]],0.0,simple_pattern,0,80,0.0002045000001089
GA_FIXED,transaction_pattern,simple_pattern,13,True,True,"[[17, 15, 13, 4, 6]]",0.0,simple_pattern,0,80,0.0002079999976558
GA_FIXED,transaction_pattern,simple_pattern,14,True,True,"[[20, 10]]",0.0,simple_pattern,0,80,0.0001945410040207
GA_FIXED,transaction_pattern,simple_pattern,15,True,True,"[[20, 4]]",0.0,simple_pattern,0,80,0.0001952090096892
GA_FIXED,transaction_pattern,simple_pattern,16,True,True,"[[-13, -16]]",0.0,simple_pattern,0,80,0.0001906250108731
GA_FIXED,transaction_pattern,simple_pattern,17,True,True,"[[18, 8]]",0.0,simple_pattern,0,80,0.0001994170015677
GA_FIXED,transaction_pattern,simple_pattern,18,True,True,"[[-1, -18, -13]]",0.0,simple_pattern,0,80,0.0002133340021828
GA_FIXED,transaction_pattern,simple_pattern,19,True,True,"[[-6, -14]]",0.0,simple_pattern,0,80,0.0001999999949475
GA_FIXED,transaction_pattern,simple_pattern,20,True,True,"[[10, 5, 10, 20, 7]]",0.0,simple_pattern,0,80,0.0001924590033013
GA_FIXED,transaction_pattern,simple_pattern,21,True,True,[[8]],0.0,simple_pattern,0,80,0.0002047500020125
GA_FIXED,transaction_pattern,simple_pattern,22,True,True,[[-19]],0.0,simple_pattern,0,80,0.0002034589997492
GA_FIXED,transaction_pattern,simple_pattern,23,True,True,[[15]],0.0,simple_pattern,0,80,0.000213542007259
GA_FIXED,transaction_pattern,simple_pattern,24,True,True,"[[1, 2, 2]]",0.0,simple_pattern,0,80,0.000217041990254
GA_FIXED,transaction_pattern,simple_pattern,25,True,True,[[6]],0.0,simple_pattern,0,80,0.0002214160049334
GA_FIXED,transaction_pattern,simple_pattern,26,True,True,[[-9]],0.0,simple_pattern,0,80,0.0002075419906759
GA_FIXED,transaction_pattern,simple_pattern,27,True,True,"[[-4, -5]]",0.0,simple_pattern,0,80,0.0002038340026047
GA_FIXED,transaction_pattern,simple_pattern,28,True,True,"[[-5, -8]]",0.0,simple_pattern,0,80,0.000209249992622
GA_FIXED,transaction_pattern,simple_pattern,29,True,True,[[5]],0.0,simple_pattern,0,80,0.0002527089964132
GA_FIXED,triangle_type,equilateral,0,True,True,"[390, 390, 390]",0.0,equilateral,11,960,0.0060424999974202
GA_FIXED,triangle_type,equilateral,1,True,True,"[715, 715, 715]",0.0,equilateral,24,2000,0.0128312079905299
GA_FIXED,triangle_type,equilateral,2,True,True,"[218, 218, 218]",0.0,equilateral,19,1600,0.0102314170071622
GA_FIXED,triangle_type,equilateral,3,True,True,"[621, 621, 621]",0.0,equilateral,12,1040,0.0065268749895039
GA_FIXED,triangle_type,equilateral,4,True,True,"[498, 498, 498]",0.0,equilateral,20,1680,0.0106818329950328
GA_FIXED,triangle_type,equilateral,5,True,True,"[609, 609, 609]",0.0,equilateral,18,1520,0.009697541987407
GA_FIXED,triangle_type,equilateral,6,True,True,"[614, 614, 614]",0.0,equilateral,15,1280,0.00806916700094
GA_FIXED,triangle_type,equilateral,7,True,True,"[791, 791, 791]",0.0,equilateral,20,1680,0.0106742089992621
GA_FIXED,triangle_type,equilateral,8,True,True,"[222, 222, 222]",0.0,equilateral,15,1280,0.0080874170089373
GA_FIXED,triangle_type,equilateral,9,True,True,"[522, 522, 522]",0.0,equilateral,23,1920,0.0123174590116832
GA_FIXED,triangle_type,equilateral,10,True,True,"[814, 814, 814]",0.0,equilateral,22,1840,0.0116909999924246
GA_FIXED,triangle_type,equilateral,11,True,True,"[751, 751, 751]",0.0,equilateral,12,1040,0.0065068340045399
GA_FIXED,triangle_type,equilateral,12,True,True,"[759, 759, 759]",0.0,equilateral,20,1680,0.0106901669932995
GA_FIXED,triangle_type,equilateral,13,True,True,"[837, 837, 837]",0.0,equilateral,15,1280,0.0081359159958083
GA_FIXED,triangle_type,equilateral,14,True,True,"[566, 566, 566]",0.0,equilateral,19,1600,0.0101699590013595
GA_FIXED,triangle_type,equilateral,15,True,True,"[496, 496, 496]",0.0,equilateral,11,960,0.0059753749956144
GA_FIXED,triangle_type,equilateral,16,True,True,"[484, 484, 484]",0.0,equilateral,18,1520,0.0096413749997736
GA_FIXED,triangle_type,equilateral,17,True,True,"[865, 865, 865]",0.0,equilateral,13,1120,0.0070392909983638
GA_FIXED,triangle_type,equilateral,18,True,True,"[536, 536, 536]",0.0,equilateral,35,2880,0.0186065410089213
GA_FIXED,triangle_type,equilateral,19,True,True,"[284, 284, 284]",0.0,equilateral,27,2240,0.0143520830024499
GA_FIXED,triangle_type,equilateral,20,True,True,"[570, 570, 570]",0.0,equilateral,9,800,0.0049382090073777
GA_FIXED,triangle_type,equilateral,21,True,True,"[218, 218, 218]",0.0,equilateral,30,2480,0.0159876669931691
GA_FIXED,triangle_type,equilateral,22,True,True,"[685, 685, 685]",0.0,equilateral,19,1600,0.0101359999971464
GA_FIXED,triangle_type,equilateral,23,True,True,"[349, 349, 349]",0.0,equilateral,23,1920,0.01230333399144
GA_FIXED,triangle_type,equilateral,24,True,True,"[463, 463, 463]",0.0,equilateral,22,1840,0.0117319580022012
GA_FIXED,triangle_type,equilateral,25,True,True,"[964, 964, 964]",0.0,equilateral,20,1680,0.010062375004054
GA_FIXED,triangle_type,equilateral,26,True,True,"[719, 719, 719]",0.0,equilateral,16,1360,0.0083937080053146
GA_FIXED,triangle_type,equilateral,27,True,True,"[746, 746, 746]",0.0,equilateral,9,800,0.0049163339863298
GA_FIXED,triangle_type,equilateral,28,True,True,"[328, 328, 328]",0.0,equilateral,17,1440,0.0090009590057889
GA_FIXED,triangle_type,equilateral,29,True,True,"[746, 746, 746]",0.0,equilateral,18,1520,0.0095957920129876
GA_FIXED,triangle_type,invalid_side,0,True,True,"[544, 0, 657]",0.0,invalid_side,0,80,0.0001627079909667
GA_FIXED,triangle_type,invalid_side,1,True,True,"[989, 0, 546]",0.0,invalid_side,2,240,0.0010148750006919
GA_FIXED,triangle_type,invalid_side,2,True,True,"[0, 96, 299]",0.0,invalid_side,1,160,0.0005741670029237
GA_FIXED,triangle_type,invalid_side,3,True,True,"[0, 455, 986]",0.0,invalid_side,0,80,0.0001462920045014
GA_FIXED,triangle_type,invalid_side,4,True,True,"[0, 857, 29]",0.0,invalid_side,2,240,0.0009940419986378
GA_FIXED,triangle_type,invalid_side,5,True,True,"[140, 551, 0]",0.0,invalid_side,1,160,0.0005872500041732
GA_FIXED,triangle_type,invalid_side,6,True,True,"[0, 784, 958]",0.0,invalid_side,2,240,0.0009980419999919
GA_FIXED,triangle_type,invalid_side,7,True,True,"[27, 58, 0]",0.0,invalid_side,0,80,0.0001499169884482
GA_FIXED,triangle_type,invalid_side,8,True,True,"[0, 541, 535]",0.0,invalid_side,0,80,0.0001491669972892
GA_FIXED,triangle_type,invalid_side,9,True,True,"[0, 554, 211]",0.0,invalid_side,0,80,0.0001476250035921
GA_FIXED,triangle_type,invalid_side,10,True,True,"[26, 664, 0]",0.0,invalid_side,3,320,0.001524250008515
GA_FIXED,triangle_type,invalid_side,11,True,True,"[259, 57, 0]",0.0,invalid_side,2,240,0.0010576250060694
GA_FIXED,triangle_type,invalid_side,12,True,True,"[489, 0, 71]",0.0,invalid_side,1,160,0.0006078749865991
GA_FIXED,triangle_type,invalid_side,13,True,True,"[500, 751, 0]",0.0,invalid_side,0,80,0.0001464579981984
GA_FIXED,triangle_type,invalid_side,14,True,True,"[804, 747, 0]",0.0,invalid_side,2,240,0.0010639999964041
GA_FIXED,triangle_type,invalid_side,15,True,True,"[0, 20, 26]",0.0,invalid_side,2,240,0.0010772079986054
GA_FIXED,triangle_type,invalid_side,16,True,True,"[636, 0, 251]",0.0,invalid_side,0,80,0.00014808299602
GA_FIXED,triangle_type,invalid_side,17,True,True,"[0, 268, 592]",0.0,invalid_side,0,80,0.000147291997564
GA_FIXED,triangle_type,invalid_side,18,True,True,"[0, 884, 22]",0.0,invalid_side,3,320,0.0015637920005246
GA_FIXED,triangle_type,invalid_side,19,True,True,"[267, 155, 0]",0.0,invalid_side,3,320,0.0015179999900283
GA_FIXED,triangle_type,invalid_side,20,True,True,"[249, 0, 351]",0.0,invalid_side,0,80,0.0001505419932072
GA_FIXED,triangle_type,invalid_side,21,True,True,"[8, 323, 0]",0.0,invalid_side,2,240,0.0010562090028543
GA_FIXED,triangle_type,invalid_side,22,True,True,"[0, 915, 23]",0.0,invalid_side,3,320,0.0015371669869637
GA_FIXED,triangle_type,invalid_side,23,True,True,"[868, 249, 0]",0.0,invalid_side,1,160,0.0006120830075815
GA_FIXED,triangle_type,invalid_side,24,True,True,"[61, 963, 0]",0.0,invalid_side,2,240,0.0010607499862089
GA_FIXED,triangle_type,invalid_side,25,True,True,"[20, 0, 571]",0.0,invalid_side,3,320,0.0015082079917192
GA_FIXED,triangle_type,invalid_side,26,True,True,"[355, 0, 148]",0.0,invalid_side,1,160,0.0006011670047882
GA_FIXED,triangle_type,invalid_side,27,True,True,"[0, 435, 524]",0.0,invalid_side,0,80,0.0001476250035921
GA_FIXED,triangle_type,invalid_side,28,True,True,"[330, 568, 0]",0.0,invalid_side,2,240,0.0010840829927474
GA_FIXED,triangle_type,invalid_side,29,True,True,"[35, 0, 892]",0.0,invalid_side,4,400,0.0019787500059464
GA_FIXED,triangle_type,isosceles,0,True,True,"[929, 556, 929]",0.0,isosceles,1,160,0.000824457994895
GA_FIXED,triangle_type,isosceles,1,True,True,"[164, 894, 894]",0.0,isosceles,4,400,0.0025617080100346
GA_FIXED,triangle_type,isosceles,2,True,True,"[342, 342, 274]",0.0,isosceles,0,80,0.0002744590019574
GA_FIXED,triangle_type,isosceles,3,True,True,"[617, 731, 617]",0.0,isosceles,0,80,0.0002603749890113
GA_FIXED,triangle_type,isosceles,4,True,True,"[882, 715, 715]",0.0,isosceles,5,480,0.0030783749971305
GA_FIXED,triangle_type,isosceles,5,True,True,"[633, 195, 633]",0.0,isosceles,1,160,0.0008243339980253
GA_FIXED,triangle_type,isosceles,6,True,True,"[332, 332, 442]",0.0,isosceles,6,560,0.0036457920068642
GA_FIXED,triangle_type,isosceles,7,True,True,"[925, 925, 899]",0.0,isosceles,6,560,0.0036230830010026
GA_FIXED,triangle_type,isosceles,8,True,True,"[876, 793, 793]",0.0,isosceles,6,560,0.003637499990873
GA_FIXED,triangle_type,isosceles,9,True,True,"[552, 551, 551]",0.0,isosceles,3,320,0.0019461250049062
GA_FIXED,triangle_type,isosceles,10,True,True,"[808, 342, 808]",0.0,isosceles,5,480,0.0030835409997962
GA_FIXED,triangle_type,isosceles,11,True,True,"[285, 285, 329]",0.0,isosceles,7,640,0.0042199590097879
GA_FIXED,triangle_type,isosceles,12,True,True,"[542, 473, 542]",0.0,isosceles,1,160,0.0008273749990621
GA_FIXED,triangle_type,isosceles,13,True,True,"[27, 763, 763]",0.0,isosceles,2,240,0.001389166995068
GA_FIXED,triangle_type,isosceles,14,True,True,"[561, 363, 363]",0.0,isosceles,4,400,0.0025356660044053
GA_FIXED,triangle_type,isosceles,15,True,True,"[963, 963, 682]",0.0,isosceles,2,240,0.0014008750003995
GA_FIXED,triangle_type,isosceles,16,True,True,"[505, 418, 418]",0.0,isosceles,1,160,0.0008267919911304
GA_FIXED,triangle_type,isosceles,17,True,True,"[523, 523, 708]",0.0,isosceles,6,560,0.0036899999977322
GA_FIXED,triangle_type,isosceles,18,True,True,"[761, 661, 761]",0.0,isosceles,5,480,0.0030762910027988
GA_FIXED,triangle_type,isosceles,19,True,True,"[577, 40, 577]",0.0,isosceles,0,80,0.0002684170030988
GA_FIXED,triangle_type,isosceles,20,True,True,"[853, 788, 788]",0.0,isosceles,3,320,0.0019570419972296
GA_FIXED,triangle_type,isosceles,21,True,True,"[937, 458, 937]",0.0,isosceles,2,240,0.0013887079985579
GA_FIXED,triangle_type,isosceles,22,True,True,"[843, 586, 586]",0.0,isosceles,1,160,0.0008219160081353
GA_FIXED,triangle_type,isosceles,23,True,True,"[896, 886, 896]",0.0,isosceles,10,880,0.0058846659958362
GA_FIXED,triangle_type,isosceles,24,True,True,"[378, 625, 625]",0.0,isosceles,4,400,0.0024990419915411
GA_FIXED,triangle_type,isosceles,25,True,True,"[608, 608, 965]",0.0,isosceles,6,560,0.0036607920046662
GA_FIXED,triangle_type,isosceles,26,True,True,"[769, 712, 769]",0.0,isosceles,4,400,0.0024902910081436
GA_FIXED,triangle_type,isosceles,27,True,True,"[518, 518, 468]",0.0,isosceles,1,160,0.0008266670047305
GA_FIXED,triangle_type,isosceles,28,True,True,"[821, 130, 821]",0.0,isosceles,0,80,0.0002578340063337
GA_FIXED,triangle_type,isosceles,29,True,True,"[543, 543, 979]",0.0,isosceles,2,240,0.0013791250094072
GA_FIXED,triangle_type,not_triangle,0,True,True,"[967, 326, 419]",0.0,not_triangle,0,80,0.0001963340037036
GA_FIXED,triangle_type,not_triangle,1,True,True,"[151, 166, 497]",0.0,not_triangle,0,80,0.0001925839897012
GA_FIXED,triangle_type,not_triangle,2,True,True,"[75, 190, 582]",0.0,not_triangle,0,80,0.0001932500017574
GA_FIXED,triangle_type,not_triangle,3,True,True,"[219, 955, 566]",0.0,not_triangle,0,80,0.0001939590001711
GA_FIXED,triangle_type,not_triangle,4,True,True,"[259, 328, 607]",0.0,not_triangle,0,80,0.00019229100144
GA_FIXED,triangle_type,not_triangle,5,True,True,"[509, 38, 600]",0.0,not_triangle,0,80,0.0001909999991767
GA_FIXED,triangle_type,not_triangle,6,True,True,"[108, 708, 53]",0.0,not_triangle,0,80,0.0001948329881997
GA_FIXED,triangle_type,not_triangle,7,True,True,"[42, 95, 984]",0.0,not_triangle,0,80,0.0001922919909702
GA_FIXED,triangle_type,not_triangle,8,True,True,"[79, 920, 544]",0.0,not_triangle,0,80,0.0001946669945027
GA_FIXED,triangle_type,not_triangle,9,True,True,"[920, 166, 73]",0.0,not_triangle,0,80,0.0001921249931911
GA_FIXED,triangle_type,not_triangle,10,True,True,"[110, 31, 424]",0.0,not_triangle,0,80,0.0001917920017149
GA_FIXED,triangle_type,not_triangle,11,True,True,"[616, 200, 226]",0.0,not_triangle,0,80,0.0001920409995364
GA_FIXED,triangle_type,not_triangle,12,True,True,"[515, 884, 6]",0.0,not_triangle,0,80,0.0002072909992421
GA_FIXED,triangle_type,not_triangle,13,True,True,"[37, 850, 757]",0.0,not_triangle,0,80,0.0001887090038508
GA_FIXED,triangle_type,not_triangle,14,True,True,"[393, 138, 938]",0.0,not_triangle,0,80,0.0001915830071084
GA_FIXED,triangle_type,not_triangle,15,True,True,"[366, 924, 440]",0.0,not_triangle,0,80,0.0001930410071508
GA_FIXED,triangle_type,not_triangle,16,True,True,"[320, 645, 320]",0.0,not_triangle,0,80,0.0001931250008055
GA_FIXED,triangle_type,not_triangle,17,True,True,"[728, 870, 8]",0.0,not_triangle,0,80,0.0001913750020321
GA_FIXED,triangle_type,not_triangle,18,True,True,"[755, 480, 269]",0.0,not_triangle,0,80,0.0001925830001709
GA_FIXED,triangle_type,not_triangle,19,True,True,"[222, 278, 976]",0.0,not_triangle,0,80,0.0001987919968087
GA_FIXED,triangle_type,not_triangle,20,True,True,"[11, 452, 287]",0.0,not_triangle,0,80,0.0001932919985847
GA_FIXED,triangle_type,not_triangle,21,True,True,"[566, 272, 76]",0.0,not_triangle,0,80,0.0001907080004457
GA_FIXED,triangle_type,not_triangle,22,True,True,"[34, 410, 356]",0.0,not_triangle,0,80,0.0001928340061567
GA_FIXED,triangle_type,not_triangle,23,True,True,"[825, 180, 498]",0.0,not_triangle,0,80,0.0001929169957293
GA_FIXED,triangle_type,not_triangle,24,True,True,"[829, 137, 358]",0.0,not_triangle,0,80,0.0001935829932335
GA_FIXED,triangle_type,not_triangle,25,True,True,"[344, 838, 279]",0.0,not_triangle,0,80,0.000192125007743
GA_FIXED,triangle_type,not_triangle,26,True,True,"[951, 436, 437]",0.0,not_triangle,0,80,0.0001915830071084
GA_FIXED,triangle_type,not_triangle,27,True,True,"[306, 57, 942]",0.0,not_triangle,0,80,0.000194583000848
GA_FIXED,triangle_type,not_triangle,28,True,True,"[101, 580, 455]",0.0,not_triangle,0,80,0.0001919160131365
GA_FIXED,triangle_type,not_triangle,29,True,True,"[533, 445, 44]",0.0,not_triangle,0,80,0.0002025419962592
GA_FIXED,triangle_type,scalene,0,True,True,"[199, 135, 330]",0.0,scalene,0,80,0.000262792003923
GA_FIXED,triangle_type,scalene,1,True,True,"[213, 692, 900]",0.0,scalene,0,80,0.0002588749921415
GA_FIXED,triangle_type,scalene,2,True,True,"[725, 767, 680]",0.0,scalene,0,80,0.0002633749973028
GA_FIXED,triangle_type,scalene,3,True,True,"[713, 677, 530]",0.0,scalene,0,80,0.0002605830086395
GA_FIXED,triangle_type,scalene,4,True,True,"[987, 127, 984]",0.0,scalene,0,80,0.0002605830086395
GA_FIXED,triangle_type,scalene,5,True,True,"[828, 864, 242]",0.0,scalene,0,80,0.0002615410048747
GA_FIXED,triangle_type,scalene,6,True,True,"[832, 892, 583]",0.0,scalene,0,80,0.0002616249985294
GA_FIXED,triangle_type,scalene,7,True,True,"[495, 299, 706]",0.0,scalene,0,80,0.0002608340000733
GA_FIXED,triangle_type,scalene,8,True,True,"[271, 850, 830]",0.0,scalene,0,80,0.0002599170111352
GA_FIXED,triangle_type,scalene,9,True,True,"[880, 285, 780]",0.0,scalene,0,80,0.0002627080102683
GA_FIXED,triangle_type,scalene,10,True,True,"[915, 658, 511]",0.0,scalene,0,80,0.0002564589958637
GA_FIXED,triangle_type,scalene,11,True,True,"[286, 421, 428]",0.0,scalene,0,80,0.0002584159956313
GA_FIXED,triangle_type,scalene,12,True,True,"[681, 888, 873]",0.0,scalene,0,80,0.0002588750066934
GA_FIXED,triangle_type,scalene,13,True,True,"[850, 886, 698]",0.0,scalene,0,80,0.0002577919949544
GA_FIXED,triangle_type,scalene,14,True,True,"[795, 303, 532]",0.0,scalene,0,80,0.000259416992776
GA_FIXED,triangle_type,scalene,15,True,True,"[875, 682, 865]",0.0,scalene,0,80,0.0002585000038379
GA_FIXED,triangle_type,scalene,16,True,True,"[641, 451, 954]",0.0,scalene,0,80,0.0002567079936852
GA_FIXED,triangle_type,scalene,17,True,True,"[539, 735, 528]",0.0,scalene,0,80,0.0002581669978098
GA_FIXED,triangle_type,scalene,18,True,True,"[195, 226, 42]",0.0,scalene,0,80,0.0002585000038379
GA_FIXED,triangle_type,scalene,19,True,True,"[112, 716, 687]",0.0,scalene,0,80,0.0002773750020423
GA_FIXED,triangle_type,scalene,20,True,True,"[745, 726, 602]",0.0,scalene,0,80,0.0002580000000307
GA_FIXED,triangle_type,scalene,21,True,True,"[697, 932, 683]",0.0,scalene,0,80,0.0002564159949542
GA_FIXED,triangle_type,scalene,22,True,True,"[688, 314, 558]",0.0,scalene,0,80,0.0002599580038804
GA_FIXED,triangle_type,scalene,23,True,True,"[345, 977, 748]",0.0,scalene,0,80,0.0002590829972177
GA_FIXED,triangle_type,scalene,24,True,True,"[245, 578, 660]",0.0,scalene,0,80,0.0002581669978098
GA_FIXED,triangle_type,scalene,25,True,True,"[75, 433, 468]",0.0,scalene,0,80,0.0002588329953141
GA_FIXED,triangle_type,scalene,26,True,True,"[656, 912, 297]",0.0,scalene,0,80,0.0002656249998835
GA_FIXED,triangle_type,scalene,27,True,True,"[465, 495, 848]",0.0,scalene,0,80,0.0002589579962659
GA_FIXED,triangle_type,scalene,28,True,True,"[583, 881, 512]",0.0,scalene,0,80,0.0002593329991213
GA_FIXED,triangle_type,scalene,29,True,True,"[175, 519, 496]",0.0,scalene,0,80,0.0002592079981695
GA_FIXED,username_category,empty,0,True,True,[''],0.0,empty,0,80,0.000236167004914
GA_FIXED,username_category,empty,1,True,True,[''],0.0,empty,0,80,0.0002292090066475
GA_FIXED,username_category,empty,2,True,True,[''],0.0,empty,0,80,0.0002208329970017
GA_FIXED,username_category,empty,3,True,True,[''],0.0,empty,0,80,0.0002252910053357
GA_FIXED,username_category,empty,4,True,True,[''],0.0,empty,0,80,0.0002271669945912
GA_FIXED,username_category,empty,5,True,True,[''],0.0,empty,0,80,0.0002403329999651
GA_FIXED,username_category,empty,6,True,True,[''],0.0,empty,0,80,0.0002276250015711
GA_FIXED,username_category,empty,7,True,True,[''],0.0,empty,0,80,0.0002114580129273
GA_FIXED,username_category,empty,8,True,True,[''],0.0,empty,0,80,0.000207874996704
GA_FIXED,username_category,empty,9,True,True,[''],0.0,empty,0,80,0.0002093340008286
GA_FIXED,username_category,empty,10,True,True,[''],0.0,empty,0,80,0.0002469590108375
GA_FIXED,username_category,empty,11,True,True,[''],0.0,empty,0,80,0.0002237500011688
GA_FIXED,username_category,empty,12,True,True,[''],0.0,empty,0,80,0.0002083750005112
GA_FIXED,username_category,empty,13,True,True,[''],0.0,empty,0,80,0.0002223750052507
GA_FIXED,username_category,empty,14,True,True,[''],0.0,empty,0,80,0.0002220419992227
GA_FIXED,username_category,empty,15,True,True,[''],0.0,empty,0,80,0.0002049169997917
GA_FIXED,username_category,empty,16,True,True,[''],0.0,empty,0,80,0.0002133750094799
GA_FIXED,username_category,empty,17,True,True,[''],0.0,empty,0,80,0.0002154579997295
GA_FIXED,username_category,empty,18,True,True,[''],0.0,empty,0,80,0.0002100830024573
GA_FIXED,username_category,empty,19,True,True,[''],0.0,empty,0,80,0.0002039999963017
GA_FIXED,username_category,empty,20,True,True,[''],0.0,empty,0,80,0.0002163750032195
GA_FIXED,username_category,empty,21,True,True,[''],0.0,empty,0,80,0.0002152499946532
GA_FIXED,username_category,empty,22,True,True,[''],0.0,empty,0,80,0.000231750003877
GA_FIXED,username_category,empty,23,True,True,[''],0.0,empty,0,80,0.0002080000122077
GA_FIXED,username_category,empty,24,True,True,[''],0.0,empty,0,80,0.000217667009565
GA_FIXED,username_category,empty,25,True,True,[''],0.0,empty,0,80,0.0002079580008285
GA_FIXED,username_category,empty,26,True,True,[''],0.0,empty,0,80,0.0002099160046782
GA_FIXED,username_category,empty,27,True,True,[''],0.0,empty,0,80,0.0002035420038737
GA_FIXED,username_category,empty,28,True,True,[''],0.0,empty,0,80,0.0002055000077234
GA_FIXED,username_category,empty,29,True,True,[''],0.0,empty,0,80,0.0002057920064544
GA_FIXED,username_category,medium_username,0,True,True,['f0V5Oux5km'],0.0,medium_username,0,80,0.0002773750020423
GA_FIXED,username_category,medium_username,1,True,True,['a1zafaYlH'],0.0,medium_username,0,80,0.0002530830097384
GA_FIXED,username_category,medium_username,2,True,True,['U9Vxn12oY'],0.0,medium_username,0,80,0.0002463330019963
GA_FIXED,username_category,medium_username,3,True,True,['RVJuNRI8YW'],0.0,medium_username,0,80,0.0002436659997329
GA_FIXED,username_category,medium_username,4,True,True,['WIy24'],0.0,medium_username,0,80,0.0002531670033931
GA_FIXED,username_category,medium_username,5,True,True,['DX200'],0.0,medium_username,0,80,0.0002597909915493
GA_FIXED,username_category,medium_username,6,True,True,['vKHYF7oBvzu8Zzx'],0.0,medium_username,0,80,0.0002634580014273
GA_FIXED,username_category,medium_username,7,True,True,['DZtMa39rNd'],0.0,medium_username,0,80,0.0002594999969005
GA_FIXED,username_category,medium_username,8,True,True,['DtQ0My'],0.0,medium_username,0,80,0.0002628329966682
GA_FIXED,username_category,medium_username,9,True,True,['DM8PI3S'],0.0,medium_username,0,80,0.000245499992161
GA_FIXED,username_category,medium_username,10,True,True,['QgG16v'],0.0,medium_username,0,80,0.0002556669933255
GA_FIXED,username_category,medium_username,11,True,True,['zpPc5uSaQKf4M3f'],0.0,medium_username,0,80,0.0002537079999456
GA_FIXED,username_category,medium_username,12,True,True,['h37JCkIlBdWeh'],0.0,medium_username,0,80,0.0002410410088486
GA_FIXED,username_category,medium_username,13,True,True,['YXJtQ4u'],0.0,medium_username,0,80,0.0002562500012572
GA_FIXED,username_category,medium_username,14,True,True,['N3LhSbY'],0.0,medium_username,0,80,0.0002565419999882
GA_FIXED,username_category,medium_username,15,True,True,['d5pLLGPbxTIFPUp'],0.0,medium_username,0,80,0.0002628749934956
GA_FIXED,username_category,medium_username,16,True,True,['be3EufR'],0.0,medium_username,0,80,0.0002576250117272
GA_FIXED,username_category,medium_username,17,True,True,['hWGYkw9h1vyyyf'],0.0,medium_username,0,80,0.0002518749970477
GA_FIXED,username_category,medium_username,18,True,True,['ZGU3RG'],0.0,medium_username,0,80,0.0002562500012572
GA_FIXED,username_category,medium_username,19,True,True,['ZrC17gUiT'],0.0,medium_username,0,80,0.0002647500077728
GA_FIXED,username_category,medium_username,20,True,True,['LmQv3p'],0.0,medium_username,0,80,0.0002636249992065
GA_FIXED,username_category,medium_username,21,True,True,['SrHGU8LZ'],0.0,medium_username,0,80,0.000249790988164
GA_FIXED,username_category,medium_username,22,True,True,['Ep5NhH'],0.0,medium_username,0,80,0.0002510409976821
GA_FIXED,username_category,medium_username,23,True,True,['fPPGrti6u4S'],0.0,medium_username,0,80,0.000261875000433
GA_FIXED,username_category,medium_username,24,True,True,['HX7TBj'],0.0,medium_username,0,80,0.000256375002209
GA_FIXED,username_category,medium_username,25,True,True,['MsDK6fF4s'],0.0,medium_username,0,80,0.000249624994467
GA_FIXED,username_category,medium_username,26,True,True,['DkSVbwJG5'],0.0,medium_username,0,80,0.0002500420087017
GA_FIXED,username_category,medium_username,27,True,True,['MbjCDY5gWZjMG'],0.0,medium_username,0,80,0.0002422089892206
GA_FIXED,username_category,medium_username,28,True,True,['m9o9hr4xT9'],0.0,medium_username,0,80,0.0002598330029286
GA_FIXED,username_category,medium_username,29,True,True,['Zha0G5JsIkEUR'],0.0,medium_username,0,80,0.0002560830034781
GA_FIXED,username_category,starts_with_digit,0,True,True,['9Rx0nm'],0.0,starts_with_digit,0,80,0.000239416011027
GA_FIXED,username_category,starts_with_digit,1,True,True,['11U5vsj8QbQw'],0.0,starts_with_digit,0,80,0.000236332998611
GA_FIXED,username_category,starts_with_digit,2,True,True,['1U2bzyO73'],0.0,starts_with_digit,0,80,0.000234791994444
GA_FIXED,username_category,starts_with_digit,3,True,True,['2wAeN8dd9sp'],0.0,starts_with_digit,0,80,0.0002424589911242
GA_FIXED,username_category,starts_with_digit,4,True,True,['86WT1VREOJgG'],0.0,starts_with_digit,0,80,0.0002223329938715
GA_FIXED,username_category,starts_with_digit,5,True,True,['8znDj'],0.0,starts_with_digit,0,80,0.0002298750041518
GA_FIXED,username_category,starts_with_digit,6,True,True,['6jYzjZa7W8KDjse'],0.0,starts_with_digit,0,80,0.0002275419974466
GA_FIXED,username_category,starts_with_digit,7,True,True,['1iYvzmUeyvUxoBV'],0.0,starts_with_digit,0,80,0.0002332080039195
GA_FIXED,username_category,starts_with_digit,8,True,True,['1S2CTSEHETApYF'],0.0,starts_with_digit,0,80,0.0002394159964751
GA_FIXED,username_category,starts_with_digit,9,True,True,['0wsvD'],0.0,starts_with_digit,0,80,0.0002329580020159
GA_FIXED,username_category,starts_with_digit,10,True,True,['0zzltp'],0.0,starts_with_digit,0,80,0.0002274169964948
GA_FIXED,username_category,starts_with_digit,11,True,True,['9OG4JAu'],0.0,starts_with_digit,0,80,0.0002410419983789
GA_FIXED,username_category,starts_with_digit,12,True,True,['7j1Crd7unD97wc'],0.0,starts_with_digit,0,80,0.0002252080012112
GA_FIXED,username_category,starts_with_digit,13,True,True,['5oXReRkqX45MT'],0.0,starts_with_digit,0,80,0.0002329580020159
GA_FIXED,username_category,starts_with_digit,14,True,True,['03ECxj'],0.0,starts_with_digit,0,80,0.000237542000832
GA_FIXED,username_category,starts_with_digit,15,True,True,['5ZhTwrlUFqG'],0.0,starts_with_digit,0,80,0.0002325420064153
GA_FIXED,username_category,starts_with_digit,16,True,True,['2XNtxn'],0.0,starts_with_digit,0,80,0.0002401249948889
GA_FIXED,username_category,starts_with_digit,17,True,True,['5UGWhH2tsg'],0.0,starts_with_digit,0,80,0.0002305419911863
GA_FIXED,username_category,starts_with_digit,18,True,True,['5VpO2RrOLmS0'],0.0,starts_with_digit,0,80,0.0002274169964948
GA_FIXED,username_category,starts_with_digit,19,True,True,['4i1od5DeT'],0.0,starts_with_digit,0,80,0.0002295830054208
GA_FIXED,username_category,starts_with_digit,20,True,True,['38mRZJXvd2CNRae'],0.0,starts_with_digit,0,80,0.000233708997257
GA_FIXED,username_category,starts_with_digit,21,True,True,['3Eeku4'],0.0,starts_with_digit,0,80,0.0002181669988203
GA_FIXED,username_category,starts_with_digit,22,True,True,['9ILsZY'],0.0,starts_with_digit,0,80,0.0002116660034516
GA_FIXED,username_category,starts_with_digit,23,True,True,['9ONtPFkFZ5ck'],0.0,starts_with_digit,0,80,0.0002259580069221
GA_FIXED,username_category,starts_with_digit,24,True,True,['8awJziS'],0.0,starts_with_digit,0,80,0.0002297500032
GA_FIXED,username_category,starts_with_digit,25,True,True,['7EXwYu00TwBxrK'],0.0,starts_with_digit,0,80,0.0002325840032426
GA_FIXED,username_category,starts_with_digit,26,True,True,['5kWeSzSEpKUj'],0.0,starts_with_digit,0,80,0.0002275410079164
GA_FIXED,username_category,starts_with_digit,27,True,True,['0KxTgW'],0.0,starts_with_digit,0,80,0.0002295000012964
GA_FIXED,username_category,starts_with_digit,28,True,True,['7z6UEW'],0.0,starts_with_digit,0,80,0.0002293750003445
GA_FIXED,username_category,starts_with_digit,29,True,True,['0kpZlZHiBJQ8'],0.0,starts_with_digit,0,80,0.0002386669948464
GA_FIXED,username_category,strong_username,0,False,False,['jt8FVX0Y0D7'],1.0,,0,8080,0.0423802079894812
GA_FIXED,username_category,strong_username,1,False,False,['WDRQOtI7QgBBix'],1.0,,0,8080,0.0422553749958751
GA_FIXED,username_category,strong_username,2,False,False,['RpeKu3nem755'],1.0,,0,8080,0.0421142499981215
GA_FIXED,username_category,strong_username,3,False,False,['ZLg7azhC1lG'],1.0,,0,8080,0.0411421669996343
GA_FIXED,username_category,strong_username,4,False,False,['kMMsUg1XQWd1'],1.0,,0,8080,0.0417304580041673
GA_FIXED,username_category,strong_username,5,False,False,['Lj835gubQA'],1.0,,0,8080,0.0417220829986035
GA_FIXED,username_category,strong_username,6,False,False,['Eequ72IGySF'],1.0,,0,8080,0.0420461659959983
GA_FIXED,username_category,strong_username,7,False,False,['lB4bCebjBQ'],1.0,,0,8080,0.041998833999969
GA_FIXED,username_category,strong_username,8,False,False,['wRUO61E9eegz7eA'],1.0,,0,8080,0.0419156249990919
GA_FIXED,username_category,strong_username,9,False,False,['ubCL9TFB5bP3zo'],1.0,,0,8080,0.0420519580075051
GA_FIXED,username_category,strong_username,10,False,False,['j2keErFgjPoMa1F'],1.0,,0,8080,0.0419785830017644
GA_FIXED,username_category,strong_username,11,False,False,['wNYHbpgn15HjDm'],1.0,,0,8080,0.0421282499883091
GA_FIXED,username_category,strong_username,12,False,False,['Oof1rmRCtx'],1.0,,0,8080,0.0418779169995104
GA_FIXED,username_category,strong_username,13,False,False,['HoBV54VeExFn'],1.0,,0,8080,0.0420939579926198
GA_FIXED,username_category,strong_username,14,False,False,['nO2g4bxRWIq'],1.0,,0,8080,0.0419315000035567
GA_FIXED,username_category,strong_username,15,False,False,['pTl4aOw5MZOP'],1.0,,0,8080,0.0417163750098552
GA_FIXED,username_category,strong_username,16,False,False,['vMSN2wtsg1sUhYN'],1.0,,0,8080,0.0418640419957228
GA_FIXED,username_category,strong_username,17,False,False,['giar7mszQivs5fV'],1.0,,0,8080,0.0419414159987354
GA_FIXED,username_category,strong_username,18,False,False,['O0pok2VxgdGk6'],1.0,,0,8080,0.0420090410043485
GA_FIXED,username_category,strong_username,19,False,False,['mIC1dHay8O8i8I'],1.0,,0,8080,0.0416436250088736
GA_FIXED,username_category,strong_username,20,False,False,['e11kM4vg3bV4WP'],1.0,,0,8080,0.0419213340064743
GA_FIXED,username_category,strong_username,21,False,False,['uDnYu6QaGwQXzYg'],1.0,,0,8080,0.0417700840043835
GA_FIXED,username_category,strong_username,22,False,False,['Zv8RpS0w6D'],1.0,,0,8080,0.0414400830049999
GA_FIXED,username_category,strong_username,23,False,False,['At8lrgLlfH'],1.0,,0,8080,0.0416863330028718
GA_FIXED,username_category,strong_username,24,False,False,['O1XUaPZJWnd'],1.0,,0,8080,0.0416340410010889
GA_FIXED,username_category,strong_username,25,False,False,['iFMLf0YOoX83tD1'],1.0,,0,8080,0.0420497919985791
GA_FIXED,username_category,strong_username,26,False,False,['pZegY4Raps'],1.0,,0,8080,0.0418832499999552
GA_FIXED,username_category,strong_username,27,False,False,['UZnj4twsYO'],1.0,,0,8080,0.0416833750059595
GA_FIXED,username_category,strong_username,28,False,False,['FrLuBnAOc3PS'],1.0,,0,8080,0.0423565000091912
GA_FIXED,username_category,strong_username,29,False,False,['BJmo5O5Iq7jZW'],1.0,,0,8080,0.0415772499982267
GA_FIXED,username_category,too_short,0,True,True,['vUg'],0.0,too_short,0,80,0.0002283329959027
GA_FIXED,username_category,too_short,1,True,True,['5qx'],0.0,too_short,0,80,0.00021920799918
GA_FIXED,username_category,too_short,2,True,True,['Y'],0.0,too_short,0,80,0.0002100420097121
GA_FIXED,username_category,too_short,3,True,True,['Oer0'],0.0,too_short,0,80,0.0002234580024378
GA_FIXED,username_category,too_short,4,True,True,['sOPU'],0.0,too_short,0,80,0.0002477499947417
GA_FIXED,username_category,too_short,5,True,True,['iff'],0.0,too_short,0,80,0.000221791997319
GA_FIXED,username_category,too_short,6,True,True,['S'],0.0,too_short,0,80,0.0002249589888378
GA_FIXED,username_category,too_short,7,True,True,['H'],0.0,too_short,0,80,0.0002161669981433
GA_FIXED,username_category,too_short,8,True,True,['h'],0.0,too_short,0,80,0.0002167920029023
GA_FIXED,username_category,too_short,9,True,True,['4H'],0.0,too_short,0,80,0.0002247499942313
GA_FIXED,username_category,too_short,10,True,True,['kWtY'],0.0,too_short,0,80,0.0002204579941462
GA_FIXED,username_category,too_short,11,True,True,['69F1'],0.0,too_short,0,80,0.0007326659979298
GA_FIXED,username_category,too_short,12,True,True,['vU'],0.0,too_short,0,80,0.0002093750081257
GA_FIXED,username_category,too_short,13,True,True,['b'],0.0,too_short,0,80,0.0002185419871238
GA_FIXED,username_category,too_short,14,True,True,['ds'],0.0,too_short,0,80,0.0002212499966844
GA_FIXED,username_category,too_short,15,True,True,['c'],0.0,too_short,0,80,0.0002132079971488
GA_FIXED,username_category,too_short,16,True,True,['e1'],0.0,too_short,0,80,0.0002203750045737
GA_FIXED,username_category,too_short,17,True,True,['4l5'],0.0,too_short,0,80,0.0002130000066244
GA_FIXED,username_category,too_short,18,True,True,['U'],0.0,too_short,0,80,0.000217041990254
GA_FIXED,username_category,too_short,19,True,True,['wNjv'],0.0,too_short,0,80,0.0002184589975513
GA_FIXED,username_category,too_short,20,True,True,['2lj0'],0.0,too_short,0,80,0.0002225420030299
GA_FIXED,username_category,too_short,21,True,True,['kTp'],0.0,too_short,0,80,0.000215083011426
GA_FIXED,username_category,too_short,22,True,True,['vi'],0.0,too_short,0,80,0.0002102919970639
GA_FIXED,username_category,too_short,23,True,True,['ss'],0.0,too_short,0,80,0.0002287909883307
GA_FIXED,username_category,too_short,24,True,True,['Q'],0.0,too_short,0,80,0.0002162909950129
GA_FIXED,username_category,too_short,25,True,True,['40'],0.0,too_short,0,80,0.0002307499962626
GA_FIXED,username_category,too_short,26,True,True,['YSlj'],0.0,too_short,0,80,0.0002209170052083
GA_FIXED,username_category,too_short,27,True,True,['zx'],0.0,too_short,0,80,0.0002384580002399
GA_FIXED,username_category,too_short,28,True,True,['H8Dw'],0.0,too_short,0,80,0.0002360829967074
GA_FIXED,username_category,too_short,29,True,True,['h6'],0.0,too_short,0,80,0.0002245829964522
GA_FIXED,username_category,weak_username,0,True,True,['ELrLs'],0.0,weak_username,0,80,0.0002617909922264
GA_FIXED,username_category,weak_username,1,True,True,['NOIOWXws'],0.0,weak_username,0,80,0.0002662500046426
GA_FIXED,username_category,weak_username,2,True,True,['PwOjyvUL'],0.0,weak_username,0,80,0.000259750013356
GA_FIXED,username_category,weak_username,3,True,True,['GkvMNbiwOCBM'],0.0,weak_username,0,80,0.0002504580043023
GA_FIXED,username_category,weak_username,4,True,True,['sFWitkQ'],0.0,weak_username,0,80,0.0002593330136733
GA_FIXED,username_category,weak_username,5,True,True,['zJsHLXZ'],0.0,weak_username,0,80,0.0002529580087866
GA_FIXED,username_category,weak_username,6,True,True,['koXqBH'],0.0,weak_username,0,80,0.0002607079950394
GA_FIXED,username_category,weak_username,7,True,True,['rncSkqmMyO'],0.0,weak_username,0,80,0.0002574999962234
GA_FIXED,username_category,weak_username,8,True,True,['LVuXIyudr'],0.0,weak_username,0,80,0.0002568750060163
GA_FIXED,username_category,weak_username,9,True,True,['KAMEe'],0.0,weak_username,0,80,0.0002618330036057
GA_FIXED,username_category,weak_username,10,True,True,['xTFQUbKEZXTG'],0.0,weak_username,0,80,0.0002642500039655
GA_FIXED,username_category,weak_username,11,True,True,['rfqbeXnjZ'],0.0,weak_username,0,80,0.0002473750064382
GA_FIXED,username_category,weak_username,12,True,True,['sHejFKdsLxXxJtW'],0.0,weak_username,0,80,0.0002534999948693
GA_FIXED,username_category,weak_username,13,True,True,['NZEgjy'],0.0,weak_username,0,80,0.0002660419995663
GA_FIXED,username_category,weak_username,14,True,True,['UFPYrliNzq'],0.0,weak_username,0,80,0.0002482909912941
GA_FIXED,username_category,weak_username,15,True,True,['LmLGSu'],0.0,weak_username,0,80,0.0002542910078773
GA_FIXED,username_category,weak_username,16,True,True,['xCzlzugJuLD'],0.0,weak_username,0,80,0.0002512909995857
GA_FIXED,username_category,weak_username,17,True,True,['tTplRE'],0.0,weak_username,0,80,0.0002572499943198
GA_FIXED,username_category,weak_username,18,True,True,['bQhDwWYpxHG'],0.0,weak_username,0,80,0.0002528750046622
GA_FIXED,username_category,weak_username,19,True,True,['ZtuiMZRecEOd'],0.0,weak_username,0,80,0.0002622499887365
GA_FIXED,username_category,weak_username,20,True,True,['TCMFEechah'],0.0,weak_username,0,80,0.000261875000433
GA_FIXED,username_category,weak_username,21,True,True,['AQlWZwKiLt'],0.0,weak_username,0,80,0.0002569170028436
GA_FIXED,username_category,weak_username,22,True,True,['xAxew'],0.0,weak_username,0,80,0.0002530420024413
GA_FIXED,username_category,weak_username,23,True,True,['oo6nm'],0.0,weak_username,0,80,0.0002640000020619
GA_FIXED,username_category,weak_username,24,True,True,['KGrejHmHm'],0.0,weak_username,0,80,0.0002526250027585
GA_FIXED,username_category,weak_username,25,True,True,['twen10u'],0.0,weak_username,0,80,0.0002607500064186
GA_FIXED,username_category,weak_username,26,True,True,['tEARAXV'],0.0,weak_username,0,80,0.0002478329988662
GA_FIXED,username_category,weak_username,27,True,True,['emPHfK'],0.0,weak_username,0,80,0.0002684999926714
GA_FIXED,username_category,weak_username,28,True,True,['SOcGKsUKd'],0.0,weak_username,0,80,0.0002537909895181
GA_FIXED,username_category,weak_username,29,True,True,['LRtMEAU'],0.0,weak_username,0,80,0.0002515420055715
GA_ADAPTIVE,bmi_category,invalid_height,0,True,True,"[2403.611301236541, 0.0]",0.0,invalid_height,10,880,0.0037488340021809
GA_ADAPTIVE,bmi_category,invalid_height,1,True,True,"[2430.9528661769746, 0.0]",0.0,invalid_height,21,1760,0.0077170419972389
GA_ADAPTIVE,bmi_category,invalid_height,2,True,True,"[2974.031212060877, 0.0]",0.0,invalid_height,64,5200,0.023227500001667
GA_ADAPTIVE,bmi_category,invalid_height,3,True,True,"[2234.103173481799, 0.0]",0.0,invalid_height,49,4000,0.0179366250085877
GA_ADAPTIVE,bmi_category,invalid_height,4,True,True,"[2598.527230580466, 0.0]",0.0,invalid_height,12,1040,0.0044525840057758
GA_ADAPTIVE,bmi_category,invalid_height,5,True,True,"[1867.4169018847729, 0.0]",0.0,invalid_height,32,2640,0.011721499991836
GA_ADAPTIVE,bmi_category,invalid_height,6,True,True,"[80.151128350611, 0.0]",0.0,invalid_height,23,1920,0.0084556670044548
GA_ADAPTIVE,bmi_category,invalid_height,7,True,True,"[361.4026901504123, 0.0]",0.0,invalid_height,24,2000,0.0086484579951502
GA_ADAPTIVE,bmi_category,invalid_height,8,True,True,"[1984.201359396967, 0.0]",0.0,invalid_height,24,2000,0.0087631250062258
GA_ADAPTIVE,bmi_category,invalid_height,9,True,True,"[31.462076246076222, 0.0]",0.0,invalid_height,46,3760,0.0169377089914632
GA_ADAPTIVE,bmi_category,invalid_height,10,True,True,"[1584.3510340843088, 0.0]",0.0,invalid_height,45,3680,0.0165270830038934
GA_ADAPTIVE,bmi_category,invalid_height,11,True,True,"[340.1822821539052, 0.0]",0.0,invalid_height,47,3840,0.0172547080001095
GA_ADAPTIVE,bmi_category,invalid_height,12,True,True,"[1158.0761372277489, 0.0]",0.0,invalid_height,53,4320,0.0194804579950869
GA_ADAPTIVE,bmi_category,invalid_height,13,True,True,"[2142.117923711492, 0.0]",0.0,invalid_height,49,4000,0.0179699579894077
GA_ADAPTIVE,bmi_category,invalid_height,14,True,True,"[488.20090500872965, 0.0]",0.0,invalid_height,47,3840,0.0173158329998841
GA_ADAPTIVE,bmi_category,invalid_height,15,True,True,"[2961.817533991155, 0.0]",0.0,invalid_height,41,3360,0.0149892909976188
GA_ADAPTIVE,bmi_category,invalid_height,16,True,True,"[1273.5753877398222, 0.0]",0.0,invalid_height,35,2880,0.0128385419957339
GA_ADAPTIVE,bmi_category,invalid_height,17,True,True,"[2876.8743419093007, 0.0]",0.0,invalid_height,33,2720,0.0118356660095741
GA_ADAPTIVE,bmi_category,invalid_height,18,True,True,"[2500.0508272044262, 0.0]",0.0,invalid_height,28,2320,0.0098881669982802
GA_ADAPTIVE,bmi_category,invalid_height,19,True,True,"[2026.5015438253463, 0.0]",0.0,invalid_height,36,2960,0.013136082998244
GA_ADAPTIVE,bmi_category,invalid_height,20,True,True,"[1822.2904478996245, 0.0]",0.0,invalid_height,6,560,0.0022475000005215
GA_ADAPTIVE,bmi_category,invalid_height,21,True,True,"[889.6753548607262, 0.0]",0.0,invalid_height,70,5680,0.0254433329973835
GA_ADAPTIVE,bmi_category,invalid_height,22,True,True,"[2676.2941366889427, 0.0]",0.0,invalid_height,14,1200,0.0051403749966993
GA_ADAPTIVE,bmi_category,invalid_height,23,True,True,"[817.0130871828528, 0.0]",0.0,invalid_height,33,2720,0.0119902919977903
GA_ADAPTIVE,bmi_category,invalid_height,24,True,True,"[1770.3446493758604, 0.0]",0.0,invalid_height,10,880,0.0036801249952986
GA_ADAPTIVE,bmi_category,invalid_height,25,True,True,"[1348.0193122836868, 0.0]",0.0,invalid_height,12,1040,0.0044308329961495
GA_ADAPTIVE,bmi_category,invalid_height,26,True,True,"[1095.6507109114982, 0.0]",0.0,invalid_height,26,2160,0.0095233329921029
GA_ADAPTIVE,bmi_category,invalid_height,27,True,True,"[97.6900830188776, 0.0]",0.0,invalid_height,23,1920,0.0084205830062273
GA_ADAPTIVE,bmi_category,invalid_height,28,True,True,"[1688.6488607873114, 0.0]",0.0,invalid_height,44,3600,0.0160893749998649
GA_ADAPTIVE,bmi_category,invalid_height,29,True,True,"[861.2659565406228, 0.0]",0.0,invalid_height,25,2080,0.0091549159988062
GA_ADAPTIVE,bmi_category,normal,0,True,True,"[1707.2154772000135, 9.288516718632845]",0.0,normal,14,1200,0.0050621249974938
GA_ADAPTIVE,bmi_category,normal,1,True,True,"[2913.733793658789, 12.148078574632908]",0.0,normal,15,1280,0.0056584580015623
GA_ADAPTIVE,bmi_category,normal,2,True,True,"[2777.644621062012, 11.538754097621673]",0.0,normal,2,240,0.000815583000076
GA_ADAPTIVE,bmi_category,normal,3,True,True,"[2725.393302831585, 11.76935787357009]",0.0,normal,28,2320,0.0104412090004188
GA_ADAPTIVE,bmi_category,normal,4,True,True,"[2991.3455871553565, 12.47509768118227]",0.0,normal,7,640,0.0026660839939722
GA_ADAPTIVE,bmi_category,normal,5,True,True,"[2715.053446510036, 11.951984363015368]",0.0,normal,8,720,0.0030253330041887
GA_ADAPTIVE,bmi_category,normal,6,True,True,"[1999.912212448462, 9.332980306145044]",0.0,normal,2,240,0.0008205830090446
GA_ADAPTIVE,bmi_category,normal,7,True,True,"[2615.193729013966, 11.700391708275127]",0.0,normal,3,320,0.0011827920097857
GA_ADAPTIVE,bmi_category,normal,8,True,True,"[2869.998859693425, 12.372855841415124]",0.0,normal,7,640,0.0026600830024108
GA_ADAPTIVE,bmi_category,normal,9,True,True,"[2975.9863418486243, 12.366560486074786]",0.0,normal,28,2320,0.0104873329983092
GA_ADAPTIVE,bmi_category,normal,10,True,True,"[2949.267051024659, 12.409127709752156]",0.0,normal,13,1120,0.0048943330039037
GA_ADAPTIVE,bmi_category,normal,11,True,True,"[2994.0879489483877, 12.507070927656024]",0.0,normal,35,2880,0.0130570830078795
GA_ADAPTIVE,bmi_category,normal,12,True,True,"[2784.8120195241167, 11.991289870137978]",0.0,normal,0,80,6.920899613760412e-05
GA_ADAPTIVE,bmi_category,normal,13,True,True,"[2949.0901478980745, 11.69478520193351]",0.0,normal,20,1680,0.0074940839986084
GA_ADAPTIVE,bmi_category,normal,14,True,True,"[2952.5822729397582, 12.330183836876788]",0.0,normal,13,1120,0.0048867500008782
GA_ADAPTIVE,bmi_category,normal,15,True,True,"[2959.350683735501, 12.5388473134363]",0.0,normal,22,1840,0.0083162920054746
GA_ADAPTIVE,bmi_category,normal,16,True,True,"[2987.7380817347853, 12.63183946356203]",0.0,normal,28,2320,0.0104628749977564
GA_ADAPTIVE,bmi_category,normal,17,True,True,"[2126.1169542574917, 9.77359542625943]",0.0,normal,3,320,0.0012105420028092
GA_ADAPTIVE,bmi_category,normal,18,True,True,"[2994.6096349635595, 12.67113038906738]",0.0,normal,21,1760,0.007880582998041
GA_ADAPTIVE,bmi_category,normal,19,True,True,"[2893.1930190452017, 12.06626153742562]",0.0,normal,17,1440,0.0063833750027697
GA_ADAPTIVE,bmi_category,normal,20,True,True,"[2608.169266744824, 10.335903624028365]",0.0,normal,3,320,0.0011822499945992
GA_ADAPTIVE,bmi_category,normal,21,True,True,"[2576.3819117331645, 11.013088911191682]",0.0,normal,0,80,6.833398947492242e-05
GA_ADAPTIVE,bmi_category,normal,22,True,True,"[2984.5982966849724, 12.441286346353891]",0.0,normal,19,1600,0.0071207500004675
GA_ADAPTIVE,bmi_category,normal,23,True,True,"[2976.010307665867, 12.458630993410948]",0.0,normal,10,880,0.0038582920096814
GA_ADAPTIVE,bmi_category,normal,24,True,True,"[2594.356655399392, 11.66041114640004]",0.0,normal,3,320,0.0011837089987238
GA_ADAPTIVE,bmi_category,normal,25,True,True,"[2953.478187733511, 12.436655586252183]",0.0,normal,16,1360,0.0060083749995101
GA_ADAPTIVE,bmi_category,normal,26,True,True,"[2045.0815008370048, 9.4214983520286]",0.0,normal,9,800,0.0034242499968968
GA_ADAPTIVE,bmi_category,normal,27,True,True,"[1748.4186394955916, 9.35486407161612]",0.0,normal,1,160,0.0004462500073714
GA_ADAPTIVE,bmi_category,normal,28,True,True,"[2870.9721369727317, 12.27895073023266]",0.0,normal,21,1760,0.0078614580124849
GA_ADAPTIVE,bmi_category,normal,29,True,True,"[2890.9863669163374, 11.696008179151507]",0.0,normal,18,1520,0.0067423329892335
GA_ADAPTIVE,bmi_category,obese,0,True,True,"[2966.2720420574024, 9.933116501861349]",0.0,obese,3,320,0.0011892920010723
GA_ADAPTIVE,bmi_category,obese,1,True,True,"[294.58858091309384, 0.5000913400591278]",0.0,obese,0,80,6.800000846851617e-05
GA_ADAPTIVE,bmi_category,obese,2,True,True,"[2934.4089240950448, 9.712577690137339]",0.0,obese,8,720,0.0030416250083362
GA_ADAPTIVE,bmi_category,obese,3,True,True,"[2932.2962091635436, 8.632983308016872]",0.0,obese,6,560,0.0022967079858062
GA_ADAPTIVE,bmi_category,obese,4,True,True,"[2310.0277821728055, 2.5186658540591322]",0.0,obese,0,80,6.791698979213834e-05
GA_ADAPTIVE,bmi_category,obese,5,True,True,"[2999.5, 9.747750881261844]",0.0,obese,43,3520,0.0161397080082679
GA_ADAPTIVE,bmi_category,obese,6,True,True,"[2843.672344572396, 8.954267807253673]",0.0,obese,15,1280,0.0056999579974217
GA_ADAPTIVE,bmi_category,obese,7,True,True,"[2981.5671043470497, 9.14065226318327]",0.0,obese,6,560,0.0023057499929564
GA_ADAPTIVE,bmi_category,obese,8,True,True,"[2923.577494105647, 9.698032882537808]",0.0,obese,30,2480,0.0112357920006616
GA_ADAPTIVE,bmi_category,obese,9,True,True,"[2978.019013692374, 9.38684237297327]",0.0,obese,13,1120,0.0049332500057062
GA_ADAPTIVE,bmi_category,obese,10,True,True,"[2910.4052377893317, 9.800472375199037]",0.0,obese,19,1600,0.0071639579982729
GA_ADAPTIVE,bmi_category,obese,11,True,True,"[2886.4030013846195, 2.8440369602400484]",0.0,obese,10,880,0.003753000011784
GA_ADAPTIVE,bmi_category,obese,12,True,True,"[2897.7102714129524, 9.742516338613509]",0.0,obese,26,2160,0.0097892079938901
GA_ADAPTIVE,bmi_category,obese,13,True,True,"[2867.6717746712434, 8.08368899573686]",0.0,obese,11,960,0.0042049579933518
GA_ADAPTIVE,bmi_category,obese,14,True,True,"[3000.0, 9.897795549774948]",0.0,obese,72,5840,0.0267751249921275
GA_ADAPTIVE,bmi_category,obese,15,True,True,"[802.8517037158842, 1.516383960943113]",0.0,obese,0,80,6.908400973770767e-05
GA_ADAPTIVE,bmi_category,obese,16,True,True,"[1384.2719882126012, 1.1859414552155556]",0.0,obese,0,80,6.69169967295602e-05
GA_ADAPTIVE,bmi_category,obese,17,True,True,"[2960.889997013896, 4.47145000169169]",0.0,obese,10,880,0.003814166993834
GA_ADAPTIVE,bmi_category,obese,18,True,True,"[2934.1635741732252, 9.574088639834777]",0.0,obese,14,1200,0.0052996250014984
GA_ADAPTIVE,bmi_category,obese,19,True,True,"[2269.228825546915, 6.355855799216492]",0.0,obese,1,160,0.0004456670139916
GA_ADAPTIVE,bmi_category,obese,20,True,True,"[2963.0371415369696, 9.687301576480234]",0.0,obese,46,3760,0.0170950000028824
GA_ADAPTIVE,bmi_category,obese,21,True,True,"[2995.904591513468, 4.1660188299140755]",0.0,obese,21,1760,0.0078910419979365
GA_ADAPTIVE,bmi_category,obese,22,True,True,"[1911.2129606317817, 0.6232584515799555]",0.0,obese,2,240,0.000808708005934
GA_ADAPTIVE,bmi_category,obese,23,True,True,"[2979.9154934848566, 9.849996039131561]",0.0,obese,32,2640,0.012011667000479
GA_ADAPTIVE,bmi_category,obese,24,True,True,"[2961.5810334630837, 2.0567052967769284]",0.0,obese,27,2240,0.0101014169922564
GA_ADAPTIVE,bmi_category,obese,25,True,True,"[2939.428487111808, 9.37955779327041]",0.0,obese,28,2320,0.0104642920050537
GA_ADAPTIVE,bmi_category,obese,26,True,True,"[2932.704477086153, 9.698254234200625]",0.0,obese,16,1360,0.0060367919941199
GA_ADAPTIVE,bmi_category,obese,27,True,True,"[2990.7393716390466, 5.501577155483939]",0.0,obese,17,1440,0.0064128340018214
GA_ADAPTIVE,bmi_category,obese,28,True,True,"[2996.5829629940818, 9.103414623831389]",0.0,obese,59,4800,0.0213043330004438
GA_ADAPTIVE,bmi_category,obese,29,True,True,"[2981.993438125874, 9.749167642486103]",0.0,obese,41,3360,0.0152112079958897
GA_ADAPTIVE,bmi_category,overweight,0,True,True,"[2978.17014272158, 10.702939468442748]",0.0,overweight,26,2160,0.009563874991727
GA_ADAPTIVE,bmi_category,overweight,1,True,True,"[3000.0, 10.74800418170008]",0.0,overweight,36,2960,0.0134231249976437
GA_ADAPTIVE,bmi_category,overweight,2,True,True,"[2967.28373139235, 10.666651056978939]",0.0,overweight,19,1600,0.0070991660031722
GA_ADAPTIVE,bmi_category,overweight,3,True,True,"[2892.0069760456895, 9.991751479577726]",0.0,overweight,28,2320,0.0104498750006314
GA_ADAPTIVE,bmi_category,overweight,4,True,True,"[2960.060611294051, 10.492174050868996]",0.0,overweight,43,3520,0.0160788750072242
GA_ADAPTIVE,bmi_category,overweight,5,True,True,"[2960.458097377266, 10.384663548412231]",0.0,overweight,31,2560,0.0115447910065995
GA_ADAPTIVE,bmi_category,overweight,6,True,True,"[2876.3786226326697, 9.808137252593333]",0.0,overweight,14,1200,0.0052604590018745
GA_ADAPTIVE,bmi_category,overweight,7,True,True,"[2972.58729310845, 10.844851328733709]",0.0,overweight,31,2560,0.0115441669913707
GA_ADAPTIVE,bmi_category,overweight,8,True,True,"[2989.0980140114502, 10.821625156741863]",0.0,overweight,31,2560,0.0115801250067306
GA_ADAPTIVE,bmi_category,overweight,9,True,True,"[2781.8662444344877, 9.988588683328302]",0.0,overweight,7,640,0.0026707499928306
GA_ADAPTIVE,bmi_category,overweight,10,True,True,"[2913.3530416380686, 10.39943555662115]",0.0,overweight,36,2960,0.0134050839988049
GA_ADAPTIVE,bmi_category,overweight,11,True,True,"[2943.162087216209, 10.827585189516139]",0.0,overweight,30,2480,0.0111735419923206
GA_ADAPTIVE,bmi_category,overweight,12,True,True,"[2937.373700538894, 10.424273838098346]",0.0,overweight,24,2000,0.008982624989585
GA_ADAPTIVE,bmi_category,overweight,13,True,True,"[2950.4966464938184, 10.365980897969763]",0.0,overweight,62,5040,0.0229178750014398
GA_ADAPTIVE,bmi_category,overweight,14,True,True,"[2977.3290034793245, 10.597739244399772]",0.0,overweight,10,880,0.0038016250036889
GA_ADAPTIVE,bmi_category,overweight,15,True,True,"[2917.709604558886, 10.62136530492164]",0.0,overweight,15,1280,0.0056123329995898
GA_ADAPTIVE,bmi_category,overweight,16,True,True,"[2971.1309085927132, 10.589569877210998]",0.0,overweight,38,3120,0.0141810000059194
GA_ADAPTIVE,bmi_category,overweight,17,True,True,"[1157.421604636485, 6.431340738330182]",0.0,overweight,2,240,0.0008329589909408
GA_ADAPTIVE,bmi_category,overweight,18,True,True,"[2994.930246087014, 10.671960429552035]",0.0,overweight,36,2960,0.0134290830028476
GA_ADAPTIVE,bmi_category,overweight,19,True,True,"[2927.873645879434, 10.492714060760244]",0.0,overweight,11,960,0.0041422079957555
GA_ADAPTIVE,bmi_category,overweight,20,True,True,"[2996.612054645914, 10.383162717089387]",0.0,overweight,24,2000,0.0089395419927313
GA_ADAPTIVE,bmi_category,overweight,21,True,True,"[2018.0178589435832, 8.842709555017315]",0.0,overweight,3,320,0.0011695420107571
GA_ADAPTIVE,bmi_category,overweight,22,True,True,"[2791.4366356369596, 10.094859679470161]",0.0,overweight,26,2160,0.0097702080092858
GA_ADAPTIVE,bmi_category,overweight,23,True,True,"[2981.1136131793514, 10.85865172439325]",0.0,overweight,35,2880,0.0130607499886536
GA_ADAPTIVE,bmi_category,overweight,24,True,True,"[2091.177262495309, 8.649952035476748]",0.0,overweight,10,880,0.0037955000007059
GA_ADAPTIVE,bmi_category,overweight,25,True,True,"[2631.38828591286, 10.231799168381075]",0.0,overweight,7,640,0.0026685420016292
GA_ADAPTIVE,bmi_category,overweight,26,True,True,"[2998.378376413058, 10.792545727220997]",0.0,overweight,71,5760,0.0260939160070847
GA_ADAPTIVE,bmi_category,overweight,27,True,True,"[2336.592329620307, 8.839750129289115]",0.0,overweight,3,320,0.0011443749972386
GA_ADAPTIVE,bmi_category,overweight,28,True,True,"[2911.444592169581, 10.61742663162224]",0.0,overweight,6,560,0.0023274580016732
GA_ADAPTIVE,bmi_category,overweight,29,True,True,"[1862.3315897662565, 8.624829497919428]",0.0,overweight,10,880,0.003815542004304
GA_ADAPTIVE,bmi_category,underweight,0,True,True,"[2711.5275908547837, 1955.1928543284969]",0.0,underweight,0,80,7.008400280028582e-05
GA_ADAPTIVE,bmi_category,underweight,1,True,True,"[170.97881828774965, 63.63268124984134]",0.0,underweight,0,80,6.816600216552615e-05
GA_ADAPTIVE,bmi_category,underweight,2,True,True,"[1044.1508860126069, 2525.3328114104497]",0.0,underweight,0,80,6.691701128147542e-05
GA_ADAPTIVE,bmi_category,underweight,3,True,True,"[239.06036528378826, 1410.7213186671447]",0.0,underweight,0,80,6.533399573527277e-05
GA_ADAPTIVE,bmi_category,underweight,4,True,True,"[1238.6356969378817, 2763.8579441373818]",0.0,underweight,0,80,6.470800144597888e-05
GA_ADAPTIVE,bmi_category,underweight,5,True,True,"[1177.4375779098436, 2615.296474189635]",0.0,underweight,0,80,6.470800144597888e-05
GA_ADAPTIVE,bmi_category,underweight,6,True,True,"[1022.5949351518791, 233.5686262461021]",0.0,underweight,0,80,6.483300239779055e-05
GA_ADAPTIVE,bmi_category,underweight,7,True,True,"[144.10128956897537, 240.00965536555896]",0.0,underweight,0,80,6.44999963697046e-05
GA_ADAPTIVE,bmi_category,underweight,8,True,True,"[1246.9971833426423, 417.25931712734865]",0.0,underweight,0,80,6.77920033922419e-05
GA_ADAPTIVE,bmi_category,underweight,9,True,True,"[65.0347424453801, 1487.3940534843985]",0.0,underweight,0,80,6.28749985480681e-05
GA_ADAPTIVE,bmi_category,underweight,10,True,True,"[2837.936372979179, 2035.452484387018]",0.0,underweight,0,80,6.225000834092498e-05
GA_ADAPTIVE,bmi_category,underweight,11,True,True,"[723.1821018371415, 2296.9075568332514]",0.0,underweight,0,80,6.0416990891098976e-05
GA_ADAPTIVE,bmi_category,underweight,12,True,True,"[1181.4628395556408, 1703.003382642115]",0.0,underweight,0,80,6.108300294727087e-05
GA_ADAPTIVE,bmi_category,underweight,13,True,True,"[132.179066206224, 76.38733541294984]",0.0,underweight,0,80,6.0416990891098976e-05
GA_ADAPTIVE,bmi_category,underweight,14,True,True,"[2833.9701294731326, 536.5950112684743]",0.0,underweight,0,80,6.954200216569006e-05
GA_ADAPTIVE,bmi_category,underweight,15,True,True,"[487.065260009904, 2368.9669961477234]",0.0,underweight,0,80,6.42079976387322e-05
GA_ADAPTIVE,bmi_category,underweight,16,True,True,"[937.9066360904504, 982.4547344244799]",0.0,underweight,0,80,6.812499486841261e-05
GA_ADAPTIVE,bmi_category,underweight,17,True,True,"[501.31024689740235, 2847.1928148652655]",0.0,underweight,0,80,6.60419900668785e-05
GA_ADAPTIVE,bmi_category,underweight,18,True,True,"[2034.3959641494193, 2002.8261266098434]",0.0,underweight,0,80,6.85419945511967e-05
GA_ADAPTIVE,bmi_category,underweight,19,True,True,"[1698.0545694866928, 1546.3932267130815]",0.0,underweight,0,80,6.70000008540228e-05
GA_ADAPTIVE,bmi_category,underweight,20,True,True,"[625.5739838983258, 1235.3119034152953]",0.0,underweight,0,80,6.662499799858779e-05
GA_ADAPTIVE,bmi_category,underweight,21,True,True,"[1102.9901022082352, 2667.8918556310537]",0.0,underweight,0,80,6.695800402667373e-05
GA_ADAPTIVE,bmi_category,underweight,22,True,True,"[1123.3455851297194, 12.037264220698841]",0.0,underweight,0,80,6.670800212305039e-05
GA_ADAPTIVE,bmi_category,underweight,23,True,True,"[1746.4272421963003, 739.869541958302]",0.0,underweight,0,80,6.670800212305039e-05
GA_ADAPTIVE,bmi_category,underweight,24,True,True,"[2172.7701109799286, 1896.7038450320874]",0.0,underweight,0,80,6.720800593029708e-05
GA_ADAPTIVE,bmi_category,underweight,25,True,True,"[1995.0120539049678, 2753.3569200001825]",0.0,underweight,0,80,6.70000008540228e-05
GA_ADAPTIVE,bmi_category,underweight,26,True,True,"[1380.391246540593, 2805.836547946149]",0.0,underweight,0,80,6.649999704677612e-05
GA_ADAPTIVE,bmi_category,underweight,27,True,True,"[1420.7174909906444, 2149.804305525694]",0.0,underweight,0,80,6.741700053680688e-05
GA_ADAPTIVE,bmi_category,underweight,28,True,True,"[1063.513820560533, 2580.4235245168566]",0.0,underweight,0,80,6.725000275764614e-05
GA_ADAPTIVE,bmi_category,underweight,29,True,True,"[54.05761523257691, 1279.7038722237596]",0.0,underweight,0,80,6.70830049784854e-05
GA_ADAPTIVE,list_pattern,sorted_unique,0,True,True,"[[-5, -2]]",0.0,sorted_unique,0,80,0.000165959005244
GA_ADAPTIVE,list_pattern,sorted_unique,1,True,True,"[[-20, 16]]",0.0,sorted_unique,0,80,0.0001750829978846
GA_ADAPTIVE,list_pattern,sorted_unique,2,True,True,"[[0, 17]]",0.0,sorted_unique,0,80,0.0001628330064704
GA_ADAPTIVE,list_pattern,sorted_unique,3,True,True,"[[9, 18]]",0.0,sorted_unique,0,80,0.0001810419926187
GA_ADAPTIVE,list_pattern,sorted_unique,4,True,True,"[[15, 16]]",0.0,sorted_unique,0,80,0.0001740000006975
GA_ADAPTIVE,list_pattern,sorted_unique,5,True,True,"[[-11, -10, 4, 10]]",0.0,sorted_unique,0,80,0.0001775409909896
GA_ADAPTIVE,list_pattern,sorted_unique,6,True,True,"[[-9, 7, 13]]",0.0,sorted_unique,0,80,0.0001807910011848
GA_ADAPTIVE,list_pattern,sorted_unique,7,True,True,"[[-15, -11, -4, -3]]",0.0,sorted_unique,0,80,0.0001744159962981
GA_ADAPTIVE,list_pattern,sorted_unique,8,True,True,"[[-15, 2]]",0.0,sorted_unique,0,80,0.0001626250013941
GA_ADAPTIVE,list_pattern,sorted_unique,9,True,True,"[[-6, -5]]",0.0,sorted_unique,0,80,0.0001753749966155
GA_ADAPTIVE,list_pattern,sorted_unique,10,True,True,"[[13, 14, 15]]",0.0,sorted_unique,0,80,0.000174208995304
GA_ADAPTIVE,list_pattern,sorted_unique,11,True,True,"[[-16, 4, 13]]",0.0,sorted_unique,0,80,0.0001829169923439
GA_ADAPTIVE,list_pattern,sorted_unique,12,True,True,"[[-11, -2]]",0.0,sorted_unique,0,80,0.0001820830075303
GA_ADAPTIVE,list_pattern,sorted_unique,13,True,True,"[[-5, 12]]",0.0,sorted_unique,0,80,0.0001674169907346
GA_ADAPTIVE,list_pattern,sorted_unique,14,True,True,"[[-3, 3]]",0.0,sorted_unique,0,80,0.0001707500050542
GA_ADAPTIVE,list_pattern,sorted_unique,15,True,True,"[[-2, 11, 17]]",0.0,sorted_unique,0,80,0.0001760000013746
GA_ADAPTIVE,list_pattern,sorted_unique,16,True,True,"[[-13, 3, 20]]",0.0,sorted_unique,0,80,0.0001660409907344
GA_ADAPTIVE,list_pattern,sorted_unique,17,True,True,"[[-4, 16]]",0.0,sorted_unique,0,80,0.0001781659957487
GA_ADAPTIVE,list_pattern,sorted_unique,18,True,True,"[[13, 16]]",0.0,sorted_unique,0,80,0.0001861250057118
GA_ADAPTIVE,list_pattern,sorted_unique,19,True,True,"[[11, 14]]",0.0,sorted_unique,0,80,0.0001819999888539
GA_ADAPTIVE,list_pattern,sorted_unique,20,True,True,"[[-6, -3]]",0.0,sorted_unique,0,80,0.0001690000062808
GA_ADAPTIVE,list_pattern,sorted_unique,21,True,True,"[[-11, 10]]",0.0,sorted_unique,0,80,0.0001697910047369
GA_ADAPTIVE,list_pattern,sorted_unique,22,True,True,"[[8, 15]]",0.0,sorted_unique,0,80,0.0001808340020943
GA_ADAPTIVE,list_pattern,sorted_unique,23,True,True,"[[-1, 2]]",0.0,sorted_unique,0,80,0.0001774170086719
GA_ADAPTIVE,list_pattern,sorted_unique,24,True,True,"[[-18, -13]]",0.0,sorted_unique,0,80,0.000187375000678
GA_ADAPTIVE,list_pattern,sorted_unique,25,True,True,"[[-15, 0]]",0.0,sorted_unique,0,80,0.000177750000148
GA_ADAPTIVE,list_pattern,sorted_unique,26,True,True,"[[-18, -6]]",0.0,sorted_unique,0,80,0.0001749160001054
GA_ADAPTIVE,list_pattern,sorted_unique,27,True,True,"[[-17, 18]]",0.0,sorted_unique,0,80,0.0001683750015217
GA_ADAPTIVE,list_pattern,sorted_unique,28,True,True,"[[-16, 3]]",0.0,sorted_unique,0,80,0.000178499991307
GA_ADAPTIVE,list_pattern,sorted_unique,29,True,True,"[[-11, -5]]",0.0,sorted_unique,0,80,0.0001721669977996
GA_ADAPTIVE,list_pattern,sorted_with_duplicates,0,True,True,"[[19, 19]]",0.0,sorted_with_duplicates,0,80,0.0001682080037426
GA_ADAPTIVE,list_pattern,sorted_with_duplicates,1,True,True,"[[-19, -19, -10, 11]]",0.0,sorted_with_duplicates,0,80,0.0001767089997883
GA_ADAPTIVE,list_pattern,sorted_with_duplicates,2,True,True,"[[-15, 3, 3]]",0.0,sorted_with_duplicates,3,320,0.0014474999916274
GA_ADAPTIVE,list_pattern,sorted_with_duplicates,3,True,True,"[[-19, 13, 18, 18]]",0.0,sorted_with_duplicates,0,80,0.0001706659968476
GA_ADAPTIVE,list_pattern,sorted_with_duplicates,4,True,True,"[[-13, -13]]",0.0,sorted_with_duplicates,0,80,0.0001672079961281
GA_ADAPTIVE,list_pattern,sorted_with_duplicates,5,True,True,"[[-10, -5, 8, 8, 20]]",0.0,sorted_with_duplicates,0,80,0.0001702910085441
GA_ADAPTIVE,list_pattern,sorted_with_duplicates,6,True,True,"[[-9, -3, -3]]",0.0,sorted_with_duplicates,3,320,0.0013863339991075
GA_ADAPTIVE,list_pattern,sorted_with_duplicates,7,True,True,"[[-4, -4]]",0.0,sorted_with_duplicates,0,80,0.0001804579951567
GA_ADAPTIVE,list_pattern,sorted_with_duplicates,8,True,True,"[[-17, -17]]",0.0,sorted_with_duplicates,1,160,0.0006196659960551
GA_ADAPTIVE,list_pattern,sorted_with_duplicates,9,True,True,"[[13, 14, 14]]",0.0,sorted_with_duplicates,11,960,0.0049043329927371
GA_ADAPTIVE,list_pattern,sorted_with_duplicates,10,True,True,"[[-10, -3, -3, 5]]",0.0,sorted_with_duplicates,0,80,0.0001762909960234
GA_ADAPTIVE,list_pattern,sorted_with_duplicates,11,True,True,"[[-16, -16]]",0.0,sorted_with_duplicates,1,160,0.0006144579965621
GA_ADAPTIVE,list_pattern,sorted_with_duplicates,12,True,True,"[[-18, -10, -10, 11, 16, 17]]",0.0,sorted_with_duplicates,0,80,0.0001710419892333
GA_ADAPTIVE,list_pattern,sorted_with_duplicates,13,True,True,"[[-6, -2, 6, 6]]",0.0,sorted_with_duplicates,1,160,0.0006080000021029
GA_ADAPTIVE,list_pattern,sorted_with_duplicates,14,True,True,"[[-4, -4, -1, 3, 20]]",0.0,sorted_with_duplicates,0,80,0.0001708329946268
GA_ADAPTIVE,list_pattern,sorted_with_duplicates,15,True,True,"[[-6, -6]]",0.0,sorted_with_duplicates,1,160,0.000608166999882
GA_ADAPTIVE,list_pattern,sorted_with_duplicates,16,True,True,"[[5, 5]]",0.0,sorted_with_duplicates,2,240,0.0010371250100433
GA_ADAPTIVE,list_pattern,sorted_with_duplicates,17,True,True,"[[-8, -8]]",0.0,sorted_with_duplicates,3,320,0.0014310420083347
GA_ADAPTIVE,list_pattern,sorted_with_duplicates,18,True,True,"[[-12, 16, 20, 20]]",0.0,sorted_with_duplicates,2,240,0.0010167500004172
GA_ADAPTIVE,list_pattern,sorted_with_duplicates,19,True,True,"[[-15, -4, -4]]",0.0,sorted_with_duplicates,5,480,0.002285541006131
GA_ADAPTIVE,list_pattern,sorted_with_duplicates,20,True,True,"[[-14, -14, 9]]",0.0,sorted_with_duplicates,1,160,0.0005904580029891
GA_ADAPTIVE,list_pattern,sorted_with_duplicates,21,True,True,"[[-3, -3]]",0.0,sorted_with_duplicates,2,240,0.0009972909901989
GA_ADAPTIVE,list_pattern,sorted_with_duplicates,22,True,True,"[[-17, -17, 3]]",0.0,sorted_with_duplicates,1,160,0.0005976669926894
GA_ADAPTIVE,list_pattern,sorted_with_duplicates,23,True,True,"[[10, 10]]",0.0,sorted_with_duplicates,0,80,0.0001779589947545
GA_ADAPTIVE,list_pattern,sorted_with_duplicates,24,True,True,"[[1, 17, 17]]",0.0,sorted_with_duplicates,0,80,0.0001677500113146
GA_ADAPTIVE,list_pattern,sorted_with_duplicates,25,True,True,"[[16, 16]]",0.0,sorted_with_duplicates,0,80,0.0001715000107651
GA_ADAPTIVE,list_pattern,sorted_with_duplicates,26,True,True,"[[11, 19, 19]]",0.0,sorted_with_duplicates,4,400,0.00181408401113
GA_ADAPTIVE,list_pattern,sorted_with_duplicates,27,True,True,"[[7, 7, 10, 18]]",0.0,sorted_with_duplicates,0,80,0.0001737499987939
GA_ADAPTIVE,list_pattern,sorted_with_duplicates,28,True,True,"[[5, 16, 16]]",0.0,sorted_with_duplicates,6,560,0.0027263329975539
GA_ADAPTIVE,list_pattern,sorted_with_duplicates,29,True,True,"[[-4, 3, 17, 17]]",0.0,sorted_with_duplicates,2,240,0.0010133330069947
GA_ADAPTIVE,list_pattern,too_short,0,True,True,[[8]],0.0,too_short,0,80,0.0001895000023068
GA_ADAPTIVE,list_pattern,too_short,1,True,True,[[-12]],0.0,too_short,0,80,0.0001683750015217
GA_ADAPTIVE,list_pattern,too_short,2,True,True,[[7]],0.0,too_short,0,80,0.0001851669949246
GA_ADAPTIVE,list_pattern,too_short,3,True,True,[[]],0.0,too_short,0,80,0.0001810000103432
GA_ADAPTIVE,list_pattern,too_short,4,True,True,[[-11]],0.0,too_short,0,80,0.0001708330091787
GA_ADAPTIVE,list_pattern,too_short,5,True,True,[[]],0.0,too_short,0,80,0.0001716670085443
GA_ADAPTIVE,list_pattern,too_short,6,True,True,[[]],0.0,too_short,0,80,0.0001788750087143
GA_ADAPTIVE,list_pattern,too_short,7,True,True,[[]],0.0,too_short,0,80,0.0001705000031506
GA_ADAPTIVE,list_pattern,too_short,8,True,True,[[]],0.0,too_short,0,80,0.0001599160023033
GA_ADAPTIVE,list_pattern,too_short,9,True,True,[[]],0.0,too_short,0,80,0.0001710829965304
GA_ADAPTIVE,list_pattern,too_short,10,True,True,[[]],0.0,too_short,0,80,0.0001934169995365
GA_ADAPTIVE,list_pattern,too_short,11,True,True,[[20]],0.0,too_short,0,80,0.0001667079923208
GA_ADAPTIVE,list_pattern,too_short,12,True,True,[[-14]],0.0,too_short,0,80,0.0001768340007402
GA_ADAPTIVE,list_pattern,too_short,13,True,True,[[12]],0.0,too_short,0,80,0.0001829160028137
GA_ADAPTIVE,list_pattern,too_short,14,True,True,[[-11]],0.0,too_short,0,80,0.0001681659923633
GA_ADAPTIVE,list_pattern,too_short,15,True,True,[[]],0.0,too_short,0,80,0.0001684580056462
GA_ADAPTIVE,list_pattern,too_short,16,True,True,[[14]],0.0,too_short,0,80,0.0001596249931026
GA_ADAPTIVE,list_pattern,too_short,17,True,True,[[]],0.0,too_short,0,80,0.0001632500061532
GA_ADAPTIVE,list_pattern,too_short,18,True,True,[[-14]],0.0,too_short,0,80,0.0001749999937601
GA_ADAPTIVE,list_pattern,too_short,19,True,True,[[13]],0.0,too_short,0,80,0.0001779169979272
GA_ADAPTIVE,list_pattern,too_short,20,True,True,[[]],0.0,too_short,0,80,0.0001698749983916
GA_ADAPTIVE,list_pattern,too_short,21,True,True,[[]],0.0,too_short,0,80,0.0001776249991962
GA_ADAPTIVE,list_pattern,too_short,22,True,True,[[11]],0.0,too_short,0,80,0.0001712910016067
GA_ADAPTIVE,list_pattern,too_short,23,True,True,[[]],0.0,too_short,0,80,0.0001630420010769
GA_ADAPTIVE,list_pattern,too_short,24,True,True,[[-2]],0.0,too_short,0,80,0.0001694579987088
GA_ADAPTIVE,list_pattern,too_short,25,True,True,[[13]],0.0,too_short,0,80,0.0001632499916013
GA_ADAPTIVE,list_pattern,too_short,26,True,True,[[-8]],0.0,too_short,0,80,0.0001697079860605
GA_ADAPTIVE,list_pattern,too_short,27,True,True,[[]],0.0,too_short,0,80,0.0001815840078052
GA_ADAPTIVE,list_pattern,too_short,28,True,True,[[-1]],0.0,too_short,0,80,0.0001741250016493
GA_ADAPTIVE,list_pattern,too_short,29,True,True,[[-10]],0.0,too_short,0,80,0.0001679160050116
GA_ADAPTIVE,list_pattern,unsorted_unique,0,True,True,"[[17, 18, -11, 16]]",0.0,unsorted_unique,0,80,0.0001670420024311
GA_ADAPTIVE,list_pattern,unsorted_unique,1,True,True,"[[16, 14, 3, 2, -10]]",0.0,unsorted_unique,0,80,0.0001596250076545
GA_ADAPTIVE,list_pattern,unsorted_unique,2,True,True,"[[20, 18, 5, -3, 1, -5, -11, 3]]",0.0,unsorted_unique,0,80,0.0001818329910747
GA_ADAPTIVE,list_pattern,unsorted_unique,3,True,True,"[[-2, -17, -4, 9]]",0.0,unsorted_unique,0,80,0.0001744170003803
GA_ADAPTIVE,list_pattern,unsorted_unique,4,True,True,"[[-2, 12, 9, -16, 8, 20, 18, -7]]",0.0,unsorted_unique,0,80,0.0001721250009723
GA_ADAPTIVE,list_pattern,unsorted_unique,5,True,True,"[[1, -10, 17]]",0.0,unsorted_unique,0,80,0.0001817500015022
GA_ADAPTIVE,list_pattern,unsorted_unique,6,True,True,"[[17, -2, -15, 19, 14, 20, -5, 10]]",0.0,unsorted_unique,0,80,0.0001782920007826
GA_ADAPTIVE,list_pattern,unsorted_unique,7,True,True,"[[20, 13, -2, -11]]",0.0,unsorted_unique,0,80,0.0001832090056268
GA_ADAPTIVE,list_pattern,unsorted_unique,8,True,True,"[[-1, -19, -17, 3, -11, -3, 16]]",0.0,unsorted_unique,0,80,0.0001785839995136
GA_ADAPTIVE,list_pattern,unsorted_unique,9,True,True,"[[-5, -14, 0, -12, 1, -15, 17, -8]]",0.0,unsorted_unique,0,80,0.0001765830093063
GA_ADAPTIVE,list_pattern,unsorted_unique,10,True,True,"[[-15, -10, -6, 7, -3, -9]]",0.0,unsorted_unique,0,80,0.0001665839954512
GA_ADAPTIVE,list_pattern,unsorted_unique,11,True,True,"[[6, 14, 17, -19, 7, -10, -18]]",0.0,unsorted_unique,0,80,0.0001812089903978
GA_ADAPTIVE,list_pattern,unsorted_unique,12,True,True,"[[9, 7, 14, -11, 12, -18]]",0.0,unsorted_unique,0,80,0.0002110839996021
GA_ADAPTIVE,list_pattern,unsorted_unique,13,True,True,"[[-11, 14, 10, -1, 8]]",0.0,unsorted_unique,0,80,0.000182166986633
GA_ADAPTIVE,list_pattern,unsorted_unique,14,True,True,"[[-4, -16, 4, 1, -5, 19, -7]]",0.0,unsorted_unique,0,80,0.0002132079971488
GA_ADAPTIVE,list_pattern,unsorted_unique,15,True,True,"[[14, 16, -12, 18, -20, 12, -7, 2]]",0.0,unsorted_unique,0,80,0.0003640419890871
GA_ADAPTIVE,list_pattern,unsorted_unique,16,True,True,"[[-11, 0, 12, 1, -9, -10, 19, 15]]",0.0,unsorted_unique,0,80,0.0002105409948853
GA_ADAPTIVE,list_pattern,unsorted_unique,17,True,True,"[[4, -2, -8, 8, 12, 18]]",0.0,unsorted_unique,0,80,0.0002694589929888
GA_ADAPTIVE,list_pattern,unsorted_unique,18,True,True,"[[-12, -15]]",0.0,unsorted_unique,0,80,0.0001733750104904
GA_ADAPTIVE,list_pattern,unsorted_unique,19,True,True,"[[-4, 15, -14, 11, 4, -8, -10, -3]]",0.0,unsorted_unique,0,80,0.0001749999937601
GA_ADAPTIVE,list_pattern,unsorted_unique,20,True,True,"[[-8, 20, -14, -16, 13]]",0.0,unsorted_unique,0,80,0.0001706670009298
GA_ADAPTIVE,list_pattern,unsorted_unique,21,True,True,"[[6, 19, 7]]",0.0,unsorted_unique,0,80,0.0001800419995561
GA_ADAPTIVE,list_pattern,unsorted_unique,22,True,True,"[[9, 8, -9, 0, -14, 1]]",0.0,unsorted_unique,0,80,0.0001699999993434
GA_ADAPTIVE,list_pattern,unsorted_unique,23,True,True,"[[12, -3, -11, -6, 13, 10, -10]]",0.0,unsorted_unique,0,80,0.0001715830003377
GA_ADAPTIVE,list_pattern,unsorted_unique,24,True,True,"[[-11, -13, 9]]",0.0,unsorted_unique,0,80,0.0001718330022413
GA_ADAPTIVE,list_pattern,unsorted_unique,25,True,True,"[[19, -2, -20]]",0.0,unsorted_unique,0,80,0.0001714170066406
GA_ADAPTIVE,list_pattern,unsorted_unique,26,True,True,"[[-18, 20, -9, -6, 6]]",0.0,unsorted_unique,0,80,0.0001672090002102
GA_ADAPTIVE,list_pattern,unsorted_unique,27,True,True,"[[19, 5]]",0.0,unsorted_unique,0,80,0.000160291994689
GA_ADAPTIVE,list_pattern,unsorted_unique,28,True,True,"[[-5, -14, -19, -12, 19, -15, 4]]",0.0,unsorted_unique,0,80,0.0001773330004652
GA_ADAPTIVE,list_pattern,unsorted_unique,29,True,True,"[[13, 9, 20, 11]]",0.0,unsorted_unique,0,80,0.0001726670016068
GA_ADAPTIVE,list_pattern,unsorted_with_duplicates,0,True,True,"[[1, -3, 19, -3]]",0.0,unsorted_with_duplicates,0,80,0.0001766249915817
GA_ADAPTIVE,list_pattern,unsorted_with_duplicates,1,True,True,"[[-15, -8, 17, -20, -12, -20, 4, -13]]",0.0,unsorted_with_duplicates,0,80,0.0001767079957062
GA_ADAPTIVE,list_pattern,unsorted_with_duplicates,2,True,True,"[[20, 2, -8, -8, -6, -8, -10]]",0.0,unsorted_with_duplicates,0,80,0.0001670409983489
GA_ADAPTIVE,list_pattern,unsorted_with_duplicates,3,True,True,"[[18, -16, -3, 4, -3]]",0.0,unsorted_with_duplicates,0,80,0.0001641660055611
GA_ADAPTIVE,list_pattern,unsorted_with_duplicates,4,True,True,"[[19, 13, 18, 18, -8, 7, 2]]",0.0,unsorted_with_duplicates,0,80,0.0001749580114847
GA_ADAPTIVE,list_pattern,unsorted_with_duplicates,5,True,True,"[[-13, -11, -2, 10, -11]]",0.0,unsorted_with_duplicates,0,80,0.0001608330057933
GA_ADAPTIVE,list_pattern,unsorted_with_duplicates,6,True,True,"[[5, -3, -12, -12, 9]]",0.0,unsorted_with_duplicates,0,80,0.0001725410111248
GA_ADAPTIVE,list_pattern,unsorted_with_duplicates,7,True,True,"[[-1, 15, -3, 7, 19, -8, 19]]",0.0,unsorted_with_duplicates,0,80,0.0001815419964259
GA_ADAPTIVE,list_pattern,unsorted_with_duplicates,8,True,True,"[[20, 16, -7, 7, -15, 7]]",0.0,unsorted_with_duplicates,0,80,0.0001599170063855
GA_ADAPTIVE,list_pattern,unsorted_with_duplicates,9,True,True,"[[9, -4, -10, -15, -8, -3, 0, -3]]",0.0,unsorted_with_duplicates,0,80,0.000187375000678
GA_ADAPTIVE,list_pattern,unsorted_with_duplicates,10,True,True,"[[-20, 20, -10, -10, -3, 15, -15, -6]]",0.0,unsorted_with_duplicates,0,80,0.000165334000485
GA_ADAPTIVE,list_pattern,unsorted_with_duplicates,11,True,True,"[[-1, -16, 8, 1, -16, -10]]",0.0,unsorted_with_duplicates,0,80,0.0001787090004654
GA_ADAPTIVE,list_pattern,unsorted_with_duplicates,12,True,True,"[[-17, -17, -18, 7, -17, 16, -6]]",0.0,unsorted_with_duplicates,0,80,0.0001702920126263
GA_ADAPTIVE,list_pattern,unsorted_with_duplicates,13,True,True,"[[-18, 15, 15, -19, -1]]",0.0,unsorted_with_duplicates,0,80,0.0001699999993434
GA_ADAPTIVE,list_pattern,unsorted_with_duplicates,14,True,True,"[[11, 19, -12, 19]]",0.0,unsorted_with_duplicates,0,80,0.0001761669991537
GA_ADAPTIVE,list_pattern,unsorted_with_duplicates,15,True,True,"[[-5, 19, 17, 17]]",0.0,unsorted_with_duplicates,0,80,0.0001820420002331
GA_ADAPTIVE,list_pattern,unsorted_with_duplicates,16,True,True,"[[-19, 1, -8, -20, -20, -18, 16]]",0.0,unsorted_with_duplicates,0,80,0.0001639160036575
GA_ADAPTIVE,list_pattern,unsorted_with_duplicates,17,True,True,"[[-4, -12, -17, -11, -12, 1, -11]]",0.0,unsorted_with_duplicates,0,80,0.0001627090096008
GA_ADAPTIVE,list_pattern,unsorted_with_duplicates,18,True,True,"[[-18, -16, 9, -16]]",0.0,unsorted_with_duplicates,0,80,0.0001806670043151
GA_ADAPTIVE,list_pattern,unsorted_with_duplicates,19,True,True,"[[-6, -6, 6, -14]]",0.0,unsorted_with_duplicates,0,80,0.000165207995451
GA_ADAPTIVE,list_pattern,unsorted_with_duplicates,20,True,True,"[[18, 4, 9, 13, 18, 2]]",0.0,unsorted_with_duplicates,0,80,0.0001675419916864
GA_ADAPTIVE,list_pattern,unsorted_with_duplicates,21,True,True,"[[4, 12, 3, -13, 3]]",0.0,unsorted_with_duplicates,0,80,0.0001835839939303
GA_ADAPTIVE,list_pattern,unsorted_with_duplicates,22,True,True,"[[-7, 11, 5, 17, 2, -18, 8, 8]]",0.0,unsorted_with_duplicates,0,80,0.0001681669964455
GA_ADAPTIVE,list_pattern,unsorted_with_duplicates,23,True,True,"[[-5, 1, -5, 20, 1, -10, -4]]",0.0,unsorted_with_duplicates,0,80,0.0001741250016493
GA_ADAPTIVE,list_pattern,unsorted_with_duplicates,24,True,True,"[[20, -11, 13, 0, -8, 20]]",0.0,unsorted_with_duplicates,0,80,0.0001800000027287
GA_ADAPTIVE,list_pattern,unsorted_with_duplicates,25,True,True,"[[11, 11, 13, -20, -19, -12, 19, 8]]",0.0,unsorted_with_duplicates,0,80,0.0001707500050542
GA_ADAPTIVE,list_pattern,unsorted_with_duplicates,26,True,True,"[[16, 8, 1, -7, 17, 9, -7]]",0.0,unsorted_with_duplicates,0,80,0.000184332995559
GA_ADAPTIVE,list_pattern,unsorted_with_duplicates,27,True,True,"[[-13, 8, 6, 1, 19, 20, -1, 1]]",0.0,unsorted_with_duplicates,0,80,0.0001731670054141
GA_ADAPTIVE,list_pattern,unsorted_with_duplicates,28,True,True,"[[16, -13, 9, 8, 1, 16]]",0.0,unsorted_with_duplicates,0,80,0.0001740419975249
GA_ADAPTIVE,list_pattern,unsorted_with_duplicates,29,True,True,"[[-14, -20, -18, 18, -18, 17, -4, -13]]",0.0,unsorted_with_duplicates,0,80,0.0001751249947119
GA_ADAPTIVE,number_kind,even,0,True,True,[1610],0.0,even,0,80,6.812499486841261e-05
GA_ADAPTIVE,number_kind,even,1,True,True,[-314],0.0,even,0,80,6.174998998176306e-05
GA_ADAPTIVE,number_kind,even,2,True,True,[708],0.0,even,0,80,6.191700231283903e-05
GA_ADAPTIVE,number_kind,even,3,True,True,[2550],0.0,even,0,80,6.054200639482587e-05
GA_ADAPTIVE,number_kind,even,4,True,True,[-178],0.0,even,0,80,6.03340013185516e-05
GA_ADAPTIVE,number_kind,even,5,True,True,[-386],0.0,even,0,80,6.0874997870996594e-05
GA_ADAPTIVE,number_kind,even,6,True,True,[934],0.0,even,0,80,6.091699469834566e-05
GA_ADAPTIVE,number_kind,even,7,True,True,[210],0.0,even,0,80,6.0708000091835856e-05
GA_ADAPTIVE,number_kind,even,8,True,True,[1022],0.0,even,0,80,6.037500861566514e-05
GA_ADAPTIVE,number_kind,even,9,True,True,[2766],0.0,even,0,80,6.108300294727087e-05
GA_ADAPTIVE,number_kind,even,10,True,True,[1446],0.0,even,0,80,6.091699469834566e-05
GA_ADAPTIVE,number_kind,even,11,True,True,[-220],0.0,even,0,80,6.0874997870996594e-05
GA_ADAPTIVE,number_kind,even,12,True,True,[2404],0.0,even,0,80,6.112499977461994e-05
GA_ADAPTIVE,number_kind,even,13,True,True,[2894],0.0,even,0,80,6.137500167824328e-05
GA_ADAPTIVE,number_kind,even,14,True,True,[1684],0.0,even,0,80,6.150000263005495e-05
GA_ADAPTIVE,number_kind,even,15,True,True,[-54],0.0,even,0,80,6.083300104364753e-05
GA_ADAPTIVE,number_kind,even,16,True,True,[2756],0.0,even,0,80,6.137500167824328e-05
GA_ADAPTIVE,number_kind,even,17,True,True,[-300],0.0,even,0,80,6.120800389908254e-05
GA_ADAPTIVE,number_kind,even,18,True,True,[2168],0.0,even,0,80,6.1000013374723494e-05
GA_ADAPTIVE,number_kind,even,19,True,True,[2202],0.0,even,0,80,5.991599755361676e-05
GA_ADAPTIVE,number_kind,even,20,True,True,[1676],0.0,even,0,80,6.120800389908254e-05
GA_ADAPTIVE,number_kind,even,21,True,True,[-80],0.0,even,0,80,6.112499977461994e-05
GA_ADAPTIVE,number_kind,even,22,True,True,[2124],0.0,even,0,80,6.320899410638958e-05
GA_ADAPTIVE,number_kind,even,23,True,True,[386],0.0,even,0,80,6.120798934716731e-05
GA_ADAPTIVE,number_kind,even,24,True,True,[610],0.0,even,0,80,6.087501242291182e-05
GA_ADAPTIVE,number_kind,even,25,True,True,[2848],0.0,even,0,80,6.158399628475308e-05
GA_ADAPTIVE,number_kind,even,26,True,True,[1504],0.0,even,0,80,6.170800770632923e-05
GA_ADAPTIVE,number_kind,even,27,True,True,[2308],0.0,even,0,80,6.179200136102736e-05
GA_ADAPTIVE,number_kind,even,28,True,True,[-424],0.0,even,0,80,6.145800580270588e-05
GA_ADAPTIVE,number_kind,even,29,True,True,[1810],0.0,even,0,80,6.1166996601969e-05
GA_ADAPTIVE,number_kind,odd,0,True,True,[175],0.0,odd,0,80,6.041700544301421e-05
GA_ADAPTIVE,number_kind,odd,1,True,True,[2263],0.0,odd,0,80,5.900001269765198e-05
GA_ADAPTIVE,number_kind,odd,2,True,True,[1669],0.0,odd,0,80,6.141699850559235e-05
GA_ADAPTIVE,number_kind,odd,3,True,True,[2951],0.0,odd,0,80,5.9250000049360096e-05
GA_ADAPTIVE,number_kind,odd,4,True,True,[1301],0.0,odd,0,80,5.883400444872677e-05
GA_ADAPTIVE,number_kind,odd,5,True,True,[1165],0.0,odd,0,80,5.866600258741528e-05
GA_ADAPTIVE,number_kind,odd,6,True,True,[1729],0.0,odd,0,80,6.008399941492826e-05
GA_ADAPTIVE,number_kind,odd,7,True,True,[2659],0.0,odd,0,80,5.937500100117177e-05
GA_ADAPTIVE,number_kind,odd,8,True,True,[-21],0.0,odd,0,80,5.916600639466196e-05
GA_ADAPTIVE,number_kind,odd,9,True,True,[1471],0.0,odd,0,80,5.970899655949325e-05
GA_ADAPTIVE,number_kind,odd,10,True,True,[933],0.0,odd,0,80,5.9707992477342486e-05
GA_ADAPTIVE,number_kind,odd,11,True,True,[2989],0.0,odd,0,80,5.958300607744604e-05
GA_ADAPTIVE,number_kind,odd,12,True,True,[-121],0.0,odd,0,80,5.9250000049360096e-05
GA_ADAPTIVE,number_kind,odd,13,True,True,[-83],0.0,odd,0,80,5.933399370405823e-05
GA_ADAPTIVE,number_kind,odd,14,True,True,[791],0.0,odd,0,80,6.0165999457240105e-05
GA_ADAPTIVE,number_kind,odd,15,True,True,[-9],0.0,odd,0,80,5.970899655949325e-05
GA_ADAPTIVE,number_kind,odd,16,True,True,[1069],0.0,odd,0,80,5.9541998780332506e-05
GA_ADAPTIVE,number_kind,odd,17,True,True,[-71],0.0,odd,0,80,5.8833000366576016e-05
GA_ADAPTIVE,number_kind,odd,18,True,True,[861],0.0,odd,0,80,5.9416997828520834e-05
GA_ADAPTIVE,number_kind,odd,19,True,True,[439],0.0,odd,0,80,5.954100925009698e-05
GA_ADAPTIVE,number_kind,odd,20,True,True,[-323],0.0,odd,0,80,5.954099469818175e-05
GA_ADAPTIVE,number_kind,odd,21,True,True,[1987],0.0,odd,0,80,5.991700163576752e-05
GA_ADAPTIVE,number_kind,odd,22,True,True,[1411],0.0,odd,0,80,5.979200068395585e-05
GA_ADAPTIVE,number_kind,odd,23,True,True,[-435],0.0,odd,0,80,5.9124999097548425e-05
GA_ADAPTIVE,number_kind,odd,24,True,True,[-455],0.0,odd,0,80,5.966699973214418e-05
GA_ADAPTIVE,number_kind,odd,25,True,True,[875],0.0,odd,0,80,5.950000195298344e-05
GA_ADAPTIVE,number_kind,odd,26,True,True,[1609],0.0,odd,0,80,5.9124999097548425e-05
GA_ADAPTIVE,number_kind,odd,27,True,True,[1619],0.0,odd,0,80,5.9541998780332506e-05
GA_ADAPTIVE,number_kind,odd,28,True,True,[441],0.0,odd,0,80,5.94589946558699e-05
GA_ADAPTIVE,number_kind,odd,29,True,True,[273],0.0,odd,0,80,5.908400635235011e-05
GA_ADAPTIVE,number_kind,zero,0,True,True,[0],0.0,zero,4,400,0.0012144159991294
GA_ADAPTIVE,number_kind,zero,1,True,True,[0],0.0,zero,6,560,0.0018147499940823
GA_ADAPTIVE,number_kind,zero,2,True,True,[0],0.0,zero,10,880,0.003133207996143
GA_ADAPTIVE,number_kind,zero,3,True,True,[0],0.0,zero,1,160,0.0003531249967636
GA_ADAPTIVE,number_kind,zero,4,True,True,[0],0.0,zero,11,960,0.0031948329997248
GA_ADAPTIVE,number_kind,zero,5,True,True,[0],0.0,zero,10,880,0.0029951250035082
GA_ADAPTIVE,number_kind,zero,6,True,True,[0],0.0,zero,6,560,0.0020070409955224
GA_ADAPTIVE,number_kind,zero,7,True,True,[0],0.0,zero,3,320,0.0009417919936822
GA_ADAPTIVE,number_kind,zero,8,True,True,[0],0.0,zero,6,560,0.001769124995917
GA_ADAPTIVE,number_kind,zero,9,True,True,[0],0.0,zero,6,560,0.0017984580044867
GA_ADAPTIVE,number_kind,zero,10,True,True,[0],0.0,zero,6,560,0.0019164580007782
GA_ADAPTIVE,number_kind,zero,11,True,True,[0],0.0,zero,6,560,0.0018912500090664
GA_ADAPTIVE,number_kind,zero,12,True,True,[0],0.0,zero,7,640,0.0022092089930083
GA_ADAPTIVE,number_kind,zero,13,True,True,[0],0.0,zero,4,400,0.001320499999565
GA_ADAPTIVE,number_kind,zero,14,True,True,[0],0.0,zero,9,800,0.002824374998454
GA_ADAPTIVE,number_kind,zero,15,True,True,[0],0.0,zero,11,960,0.0033834159985417
GA_ADAPTIVE,number_kind,zero,16,True,True,[0],0.0,zero,5,480,0.0014884999982314
GA_ADAPTIVE,number_kind,zero,17,True,True,[0],0.0,zero,6,560,0.0017585000023245
GA_ADAPTIVE,number_kind,zero,18,True,True,[0],0.0,zero,13,1120,0.0040579169872216
GA_ADAPTIVE,number_kind,zero,19,True,True,[0],0.0,zero,3,320,0.0009797499951673
GA_ADAPTIVE,number_kind,zero,20,True,True,[0],0.0,zero,17,1440,0.0051952080102637
GA_ADAPTIVE,number_kind,zero,21,True,True,[0],0.0,zero,5,480,0.0016278330003842
GA_ADAPTIVE,number_kind,zero,22,True,True,[0],0.0,zero,13,1120,0.0040292079938808
GA_ADAPTIVE,number_kind,zero,23,True,True,[0],0.0,zero,12,1040,0.0035652500082505
GA_ADAPTIVE,number_kind,zero,24,True,True,[0],0.0,zero,5,480,0.0015929169894661
GA_ADAPTIVE,number_kind,zero,25,True,True,[0],0.0,zero,8,720,0.0026120840047951
GA_ADAPTIVE,number_kind,zero,26,True,True,[0],0.0,zero,4,400,0.0012871250073658
GA_ADAPTIVE,number_kind,zero,27,True,True,[0],0.0,zero,7,640,0.0022113750019343
GA_ADAPTIVE,number_kind,zero,28,True,True,[0],0.0,zero,5,480,0.0016430420073447
GA_ADAPTIVE,number_kind,zero,29,True,True,[0],0.0,zero,3,320,0.0009665000106906
GA_ADAPTIVE,password_strength,medium,0,True,True,['f5NwbMCD'],0.0,medium,0,80,0.0002099999983329
GA_ADAPTIVE,password_strength,medium,1,True,True,['UizgUMC'],0.0,medium,0,80,0.0001947920100064
GA_ADAPTIVE,password_strength,medium,2,True,True,['TuRloecUC'],0.0,medium,0,80,0.0002203330077463
GA_ADAPTIVE,password_strength,medium,3,True,True,['e4HPKj'],0.0,medium,0,80,0.0002068750036414
GA_ADAPTIVE,password_strength,medium,4,True,True,['77ovBEbyq'],0.0,medium,0,80,0.0002153329987777
GA_ADAPTIVE,password_strength,medium,5,True,True,['QpfsaM'],0.0,medium,0,80,0.0002150420041289
GA_ADAPTIVE,password_strength,medium,6,True,True,['D6kYDKet'],0.0,medium,0,80,0.0001950000005308
GA_ADAPTIVE,password_strength,medium,7,True,True,['Os8ppg1m'],0.0,medium,0,80,0.0002213339903391
GA_ADAPTIVE,password_strength,medium,8,True,True,['f1qQUs'],0.0,medium,0,80,0.0002069170004688
GA_ADAPTIVE,password_strength,medium,9,True,True,['GOhMbymXeLzE'],0.0,medium,0,80,0.0002022500120801
GA_ADAPTIVE,password_strength,medium,10,True,True,['ZH9m2a'],0.0,medium,0,80,0.0002098749973811
GA_ADAPTIVE,password_strength,medium,11,True,True,['vGHmFcsZ'],0.0,medium,0,80,0.0002132920053554
GA_ADAPTIVE,password_strength,medium,12,True,True,['Ca72Mf64d'],0.0,medium,0,80,0.0002086250024149
GA_ADAPTIVE,password_strength,medium,13,True,True,['cLhiNxLNH'],0.0,medium,0,80,0.0002194170083384
GA_ADAPTIVE,password_strength,medium,14,True,True,['HMq3Ydx'],0.0,medium,0,80,0.0002374580071773
GA_ADAPTIVE,password_strength,medium,15,True,True,['hAEPhZoVhMciFDvWqCZ'],0.0,medium,0,80,0.0002293750003445
GA_ADAPTIVE,password_strength,medium,16,True,True,['sDxY6TTy'],0.0,medium,0,80,0.0002260409964947
GA_ADAPTIVE,password_strength,medium,17,True,True,['EnpuFeSpJez'],0.0,medium,0,80,0.0002222080074716
GA_ADAPTIVE,password_strength,medium,18,True,True,['Hav46XZAD'],0.0,medium,0,80,0.0002253749989904
GA_ADAPTIVE,password_strength,medium,19,True,True,['ujP30na'],0.0,medium,0,80,0.0002175830013584
GA_ADAPTIVE,password_strength,medium,20,True,True,['HgLiWJXsDEi'],0.0,medium,0,80,0.0002374579926254
GA_ADAPTIVE,password_strength,medium,21,True,True,['eAtlRyg8'],0.0,medium,0,80,0.0002222500042989
GA_ADAPTIVE,password_strength,medium,22,True,True,['Xuro0C'],0.0,medium,0,80,0.0002144169993698
GA_ADAPTIVE,password_strength,medium,23,True,True,['zLSCOPN'],0.0,medium,0,80,0.0002062090061372
GA_ADAPTIVE,password_strength,medium,24,True,True,['oQ0gITH'],0.0,medium,0,80,0.0002146670012734
GA_ADAPTIVE,password_strength,medium,25,True,True,['ZJRH7l7O'],0.0,medium,0,80,0.0002394589973846
GA_ADAPTIVE,password_strength,medium,26,True,True,['corJEfXrCy'],0.0,medium,0,80,0.000228375007282
GA_ADAPTIVE,password_strength,medium,27,True,True,['KURhibTTNvCadE'],0.0,medium,0,80,0.0003714159975061
GA_ADAPTIVE,password_strength,medium,28,True,True,['6LRtM9NzV'],0.0,medium,0,80,0.0002201250026701
GA_ADAPTIVE,password_strength,medium,29,True,True,['009FlDS1'],0.0,medium,0,80,0.0002309580013388
GA_ADAPTIVE,password_strength,strong,0,True,True,['r78PwAUa2WmlD'],0.0,strong,0,80,0.0002188329963246
GA_ADAPTIVE,password_strength,strong,1,True,True,['KavMPP3nTJ3n'],0.0,strong,0,80,0.0001997079962166
GA_ADAPTIVE,password_strength,strong,2,True,True,['uk8lLUJI9wUwBQt'],0.0,strong,0,80,0.0002035829966189
GA_ADAPTIVE,password_strength,strong,3,True,True,['QYawvC1LCoxzn'],0.0,strong,0,80,0.0002183329925173
GA_ADAPTIVE,password_strength,strong,4,True,True,['AMxdL1oeelrbkjFBkMtM'],0.0,strong,0,80,0.0002143750025425
GA_ADAPTIVE,password_strength,strong,5,True,True,['IHHAsA0FtKDb'],0.0,strong,0,80,0.0002110829955199
GA_ADAPTIVE,password_strength,strong,6,True,True,['0tke4MplJpjc4J'],0.0,strong,0,80,0.0002079999976558
GA_ADAPTIVE,password_strength,strong,7,True,True,['nm5vLGkurQxm7a'],0.0,strong,0,80,0.0002192499960074
GA_ADAPTIVE,password_strength,strong,8,True,True,['NPxwnorF7Sv'],0.0,strong,0,80,0.0002317499893251
GA_ADAPTIVE,password_strength,strong,9,True,True,['GbxbdH8FDVO'],0.0,strong,0,80,0.0002151249937014
GA_ADAPTIVE,password_strength,strong,10,True,True,['iHTfDatF9GvyGoDOC0Y6'],0.0,strong,0,80,0.0002099999983329
GA_ADAPTIVE,password_strength,strong,11,True,True,['3pJPZfWBXPvqJ3WmM1D'],0.0,strong,0,80,0.0002236669970443
GA_ADAPTIVE,password_strength,strong,12,True,True,['31z6lpojdf8RgK'],0.0,strong,0,80,0.0002317089965799
GA_ADAPTIVE,password_strength,strong,13,True,True,['VdDtLkhomJ4x5cOUk6'],0.0,strong,0,80,0.0002587920025689
GA_ADAPTIVE,password_strength,strong,14,True,True,['fCIf88RNahxdVGcl'],0.0,strong,0,80,0.0002097920078085
GA_ADAPTIVE,password_strength,strong,15,True,True,['UOg7LsoyWYxc8bUd'],0.0,strong,0,80,0.0002493750071153
GA_ADAPTIVE,password_strength,strong,16,True,True,['5uBn2KUIqBUQLB3q03G'],0.0,strong,0,80,0.0002202499890699
GA_ADAPTIVE,password_strength,strong,17,True,True,['yoU6kDirNWhUGp8SF1Z'],0.0,strong,0,80,0.0002158749994123
GA_ADAPTIVE,password_strength,strong,18,True,True,['u8dIzGHpontNjPLv3'],0.0,strong,0,80,0.000211416001548
GA_ADAPTIVE,password_strength,strong,19,True,True,['mGifiplTR0URstAI'],0.0,strong,0,80,0.0002196249988628
GA_ADAPTIVE,password_strength,strong,20,True,True,['1IKPWT3cOqGN1'],0.0,strong,0,80,0.000208792000194
GA_ADAPTIVE,password_strength,strong,21,True,True,['Z8gZOc127T2'],0.0,strong,0,80,0.0002238750021206
GA_ADAPTIVE,password_strength,strong,22,True,True,['Y3TBR8XOgmAE'],0.0,strong,0,80,0.0002183750038966
GA_ADAPTIVE,password_strength,strong,23,True,True,['TlBdZW7rsLhZUEjBLP'],0.0,strong,0,80,0.000202541006729
GA_ADAPTIVE,password_strength,strong,24,True,True,['hCFaQeHmqr2aj0d2Y'],0.0,strong,0,80,0.0002107079926645
GA_ADAPTIVE,password_strength,strong,25,True,True,['Gtk2LXKUfI4qpxVV'],0.0,strong,0,80,0.0002105840103467
GA_ADAPTIVE,password_strength,strong,26,True,True,['mLeFkr8wzcHhibEd3'],0.0,strong,0,80,0.0002069159963866
GA_ADAPTIVE,password_strength,strong,27,True,True,['58ZqVAH32xFKjA'],0.0,strong,0,80,0.000211708000279
GA_ADAPTIVE,password_strength,strong,28,True,True,['8nShjfQI5Kat2UVBx5'],0.0,strong,0,80,0.0002050829934887
GA_ADAPTIVE,password_strength,strong,29,True,True,['Ili6bXTYT46Et'],0.0,strong,0,80,0.0002137499977834
GA_ADAPTIVE,password_strength,weak_no_digit_upper,0,True,True,['vghqdq'],0.0,weak_no_digit_upper,13,1120,0.0047332910035038
GA_ADAPTIVE,password_strength,weak_no_digit_upper,1,True,True,['ffuzfsh'],0.0,weak_no_digit_upper,12,1040,0.0046440420119324
GA_ADAPTIVE,password_strength,weak_no_digit_upper,2,True,True,['fpnroe'],0.0,weak_no_digit_upper,29,2400,0.0109711249970132
GA_ADAPTIVE,password_strength,weak_no_digit_upper,3,True,True,['gruzdj'],0.0,weak_no_digit_upper,16,1360,0.0061186249949969
GA_ADAPTIVE,password_strength,weak_no_digit_upper,4,True,True,['gfagguh'],0.0,weak_no_digit_upper,5,480,0.0020376250031404
GA_ADAPTIVE,password_strength,weak_no_digit_upper,5,True,True,['orhtty'],0.0,weak_no_digit_upper,68,5520,0.0266602920019067
GA_ADAPTIVE,password_strength,weak_no_digit_upper,6,True,True,['byrgiytwd'],0.0,weak_no_digit_upper,34,2800,0.0131860830006189
GA_ADAPTIVE,password_strength,weak_no_digit_upper,7,True,True,['ykofmiy'],0.0,weak_no_digit_upper,28,2320,0.010721917002229
GA_ADAPTIVE,password_strength,weak_no_digit_upper,8,True,True,['vtopgr'],0.0,weak_no_digit_upper,46,3760,0.0176240419968962
GA_ADAPTIVE,password_strength,weak_no_digit_upper,9,True,True,['vcrlsqx'],0.0,weak_no_digit_upper,50,4080,0.01953845800017
GA_ADAPTIVE,password_strength,weak_no_digit_upper,10,True,True,['kmegbwx'],0.0,weak_no_digit_upper,2,240,0.0009566669905325
GA_ADAPTIVE,password_strength,weak_no_digit_upper,11,True,True,['qpzasw'],0.0,weak_no_digit_upper,4,400,0.0016612500039627
GA_ADAPTIVE,password_strength,weak_no_digit_upper,12,True,True,['qgezkjl'],0.0,weak_no_digit_upper,65,5280,0.0252754999964963
GA_ADAPTIVE,password_strength,weak_no_digit_upper,13,True,True,['iaptslt'],0.0,weak_no_digit_upper,6,560,0.0024100409937091
GA_ADAPTIVE,password_strength,weak_no_digit_upper,14,True,True,['qnrbdv'],0.0,weak_no_digit_upper,2,240,0.0009333329944638
GA_ADAPTIVE,password_strength,weak_no_digit_upper,15,False,False,['kXrXlhyVPWrYGoTk'],1.0,,0,8080,0.0392328750021988
GA_ADAPTIVE,password_strength,weak_no_digit_upper,16,True,True,['cxbktvjcmvr'],0.0,weak_no_digit_upper,13,1120,0.0049113330023828
GA_ADAPTIVE,password_strength,weak_no_digit_upper,17,True,True,['oyrwozukomirrwgb'],0.0,weak_no_digit_upper,43,3520,0.0166329170024255
GA_ADAPTIVE,password_strength,weak_no_digit_upper,18,False,False,['uhvuCNjKYpbvyMYH'],1.0,,0,8080,0.0392744579876307
GA_ADAPTIVE,password_strength,weak_no_digit_upper,19,True,True,['soukptyqjs'],0.0,weak_no_digit_upper,93,7520,0.0360976249939994
GA_ADAPTIVE,password_strength,weak_no_digit_upper,20,True,True,['cggdfus'],0.0,weak_no_digit_upper,25,2080,0.009399000002304
GA_ADAPTIVE,password_strength,weak_no_digit_upper,21,True,True,['ofgizb'],0.0,weak_no_digit_upper,34,2800,0.0129137909971177
GA_ADAPTIVE,password_strength,weak_no_digit_upper,22,False,False,['TxUUQJdyDeLqn'],1.0,,0,8080,0.0387726249900879
GA_ADAPTIVE,password_strength,weak_no_digit_upper,23,True,True,['fvovhs'],0.0,weak_no_digit_upper,11,960,0.0042736250034067
GA_ADAPTIVE,password_strength,weak_no_digit_upper,24,False,False,['lGugYXs'],1.0,,0,8080,0.0398755419882945
GA_ADAPTIVE,password_strength,weak_no_digit_upper,25,True,True,['wovkkh'],0.0,weak_no_digit_upper,36,2960,0.0134075420064618
GA_ADAPTIVE,password_strength,weak_no_digit_upper,26,True,True,['mccoobwk'],0.0,weak_no_digit_upper,24,2000,0.0089686669962247
GA_ADAPTIVE,password_strength,weak_no_digit_upper,27,True,True,['sktfbrgen'],0.0,weak_no_digit_upper,31,2560,0.011998959002085
GA_ADAPTIVE,password_strength,weak_no_digit_upper,28,True,True,['mgmwrv'],0.0,weak_no_digit_upper,2,240,0.0009040000004461
GA_ADAPTIVE,password_strength,weak_no_digit_upper,29,True,True,['zrvspvdq'],0.0,weak_no_digit_upper,3,320,0.0012274580076336
GA_ADAPTIVE,password_strength,weak_short,0,True,True,[''],0.0,weak_short,0,80,0.000218125001993
GA_ADAPTIVE,password_strength,weak_short,1,True,True,[''],0.0,weak_short,0,80,0.0002137499977834
GA_ADAPTIVE,password_strength,weak_short,2,True,True,[''],0.0,weak_short,0,80,0.0001988340081879
GA_ADAPTIVE,password_strength,weak_short,3,True,True,['TW'],0.0,weak_short,0,80,0.0002261250047013
GA_ADAPTIVE,password_strength,weak_short,4,True,True,['Xl'],0.0,weak_short,0,80,0.0001976250059669
GA_ADAPTIVE,password_strength,weak_short,5,True,True,['KjM8K'],0.0,weak_short,0,80,0.0002219169982708
GA_ADAPTIVE,password_strength,weak_short,6,True,True,['7AI'],0.0,weak_short,0,80,0.000215209001908
GA_ADAPTIVE,password_strength,weak_short,7,True,True,['ThXu'],0.0,weak_short,0,80,0.0002151670050807
GA_ADAPTIVE,password_strength,weak_short,8,True,True,[''],0.0,weak_short,0,80,0.0002112079964717
GA_ADAPTIVE,password_strength,weak_short,9,True,True,['PuSm'],0.0,weak_short,0,80,0.0002151660009985
GA_ADAPTIVE,password_strength,weak_short,10,True,True,['k0'],0.0,weak_short,0,80,0.0002154579997295
GA_ADAPTIVE,password_strength,weak_short,11,True,True,['2Qm1'],0.0,weak_short,0,80,0.0002141669974662
GA_ADAPTIVE,password_strength,weak_short,12,True,True,['Duc'],0.0,weak_short,0,80,0.0002216249995399
GA_ADAPTIVE,password_strength,weak_short,13,True,True,['ihdE'],0.0,weak_short,0,80,0.0002050839975709
GA_ADAPTIVE,password_strength,weak_short,14,True,True,['Oh'],0.0,weak_short,0,80,0.0002188750077039
GA_ADAPTIVE,password_strength,weak_short,15,True,True,['G'],0.0,weak_short,0,80,0.0001989580050576
GA_ADAPTIVE,password_strength,weak_short,16,True,True,[''],0.0,weak_short,0,80,0.0002221250033471
GA_ADAPTIVE,password_strength,weak_short,17,True,True,['e'],0.0,weak_short,0,80,0.0002189580118283
GA_ADAPTIVE,password_strength,weak_short,18,True,True,['y'],0.0,weak_short,0,80,0.0002147909981431
GA_ADAPTIVE,password_strength,weak_short,19,True,True,[''],0.0,weak_short,0,80,0.0002196669956902
GA_ADAPTIVE,password_strength,weak_short,20,True,True,['3'],0.0,weak_short,0,80,0.0003108749951934
GA_ADAPTIVE,password_strength,weak_short,21,True,True,['Ciz'],0.0,weak_short,0,80,0.0002876660000765
GA_ADAPTIVE,password_strength,weak_short,22,True,True,[''],0.0,weak_short,0,80,0.0002036670048255
GA_ADAPTIVE,password_strength,weak_short,23,True,True,['mEd'],0.0,weak_short,0,80,0.0002158330025849
GA_ADAPTIVE,password_strength,weak_short,24,True,True,['uFk'],0.0,weak_short,0,80,0.0001990000018849
GA_ADAPTIVE,password_strength,weak_short,25,True,True,['6dk'],0.0,weak_short,0,80,0.0002063749998342
GA_ADAPTIVE,password_strength,weak_short,26,True,True,[''],0.0,weak_short,0,80,0.0002639580052345
GA_ADAPTIVE,password_strength,weak_short,27,True,True,['Pw'],0.0,weak_short,0,80,0.0002125000028172
GA_ADAPTIVE,password_strength,weak_short,28,True,True,['EmuY'],0.0,weak_short,0,80,0.0001980420056497
GA_ADAPTIVE,password_strength,weak_short,29,True,True,[''],0.0,weak_short,0,80,0.0002194580010836
GA_ADAPTIVE,pin_pattern,all_same,0,False,False,"[-218, -218, -217, -216]",2.0,,25,8080,0.0474996670091059
GA_ADAPTIVE,pin_pattern,all_same,1,True,True,"[686, 686, 686, 686]",0.0,all_same,60,4880,0.0262327500095125
GA_ADAPTIVE,pin_pattern,all_same,2,False,False,"[1440, 1440, 1441, 1441]",1.0,,32,8080,0.0471612499968614
GA_ADAPTIVE,pin_pattern,all_same,3,False,False,"[1806, 1806, 1805, 1805]",1.0,,72,8080,0.0443948749889386
GA_ADAPTIVE,pin_pattern,all_same,4,False,False,"[1441, 1441, 1441, 1440]",1.0,,45,8080,0.0463874169945484
GA_ADAPTIVE,pin_pattern,all_same,5,True,True,"[1494, 1494, 1494, 1494]",0.0,all_same,15,1280,0.0066465409909142
GA_ADAPTIVE,pin_pattern,all_same,6,True,True,"[1901, 1901, 1901, 1901]",0.0,all_same,55,4480,0.0240513750031823
GA_ADAPTIVE,pin_pattern,all_same,7,True,True,"[1858, 1858, 1858, 1858]",0.0,all_same,40,3280,0.01696616600384
GA_ADAPTIVE,pin_pattern,all_same,8,True,True,"[2296, 2296, 2296, 2296]",0.0,all_same,59,4800,0.0255687919998308
GA_ADAPTIVE,pin_pattern,all_same,9,True,True,"[340, 340, 340, 340]",0.0,all_same,37,3040,0.0161691660032374
GA_ADAPTIVE,pin_pattern,all_same,10,False,False,"[110, 110, 109, 109]",1.0,,32,8080,0.0467199999984586
GA_ADAPTIVE,pin_pattern,all_same,11,True,True,"[1632, 1632, 1632, 1632]",0.0,all_same,39,3200,0.0169659579987637
GA_ADAPTIVE,pin_pattern,all_same,12,False,False,"[2311, 2311, 2310, 2310]",1.0,,39,8080,0.0460032499977387
GA_ADAPTIVE,pin_pattern,all_same,13,True,True,"[452, 452, 452, 452]",0.0,all_same,44,3600,0.0193765829899348
GA_ADAPTIVE,pin_pattern,all_same,14,False,False,"[1329, 1329, 1328, 1328]",1.0,,41,8080,0.0461961249966407
GA_ADAPTIVE,pin_pattern,all_same,15,False,False,"[400, 401, 401, 401]",1.0,,44,8080,0.0459459579869871
GA_ADAPTIVE,pin_pattern,all_same,16,True,True,"[1804, 1804, 1804, 1804]",0.0,all_same,44,3600,0.0190965840010903
GA_ADAPTIVE,pin_pattern,all_same,17,False,False,"[436, 436, 435, 435]",1.0,,50,8080,0.0454056250018766
GA_ADAPTIVE,pin_pattern,all_same,18,True,True,"[777, 777, 777, 777]",0.0,all_same,30,2480,0.0130943330004811
GA_ADAPTIVE,pin_pattern,all_same,19,False,False,"[733, 733, 733, 732]",1.0,,26,8080,0.0469804589956766
GA_ADAPTIVE,pin_pattern,all_same,20,False,False,"[1690, 1690, 1690, 1689]",1.0,,40,8080,0.0466736669914098
GA_ADAPTIVE,pin_pattern,all_same,21,False,False,"[1057, 1058, 1058, 1058]",1.0,,27,8080,0.047133041996858
GA_ADAPTIVE,pin_pattern,all_same,22,True,True,"[1603, 1603, 1603, 1603]",0.0,all_same,51,4160,0.0222489580046385
GA_ADAPTIVE,pin_pattern,all_same,23,True,True,"[1638, 1638, 1638, 1638]",0.0,all_same,18,1520,0.0079191249969881
GA_ADAPTIVE,pin_pattern,all_same,24,True,True,"[1745, 1745, 1745, 1745]",0.0,all_same,27,2240,0.0118626670009689
GA_ADAPTIVE,pin_pattern,all_same,25,False,False,"[2338, 2338, 2337, 2337]",1.0,,42,8080,0.0458740840113023
GA_ADAPTIVE,pin_pattern,all_same,26,True,True,"[621, 621, 621, 621]",0.0,all_same,38,3120,0.0165401249978458
GA_ADAPTIVE,pin_pattern,all_same,27,False,False,"[1798, 1798, 1799, 1799]",1.0,,42,8080,0.0459638330066809
GA_ADAPTIVE,pin_pattern,all_same,28,False,False,"[723, 723, 722, 722]",1.0,,34,8080,0.0467672090017003
GA_ADAPTIVE,pin_pattern,all_same,29,True,True,"[1767, 1767, 1767, 1767]",0.0,all_same,55,4480,0.0240710409998428
GA_ADAPTIVE,pin_pattern,ordered_sum_20,0,True,True,"[-401, -42, -22, 485]",0.0,ordered_sum_20,21,1760,0.0094924170116428
GA_ADAPTIVE,pin_pattern,ordered_sum_20,1,True,True,"[-350, -163, -72, 605]",0.0,ordered_sum_20,11,960,0.0050340830057393
GA_ADAPTIVE,pin_pattern,ordered_sum_20,2,True,True,"[-405, -9, 169, 265]",0.0,ordered_sum_20,22,1840,0.009721916008857
GA_ADAPTIVE,pin_pattern,ordered_sum_20,3,True,True,"[-386, -281, 26, 661]",0.0,ordered_sum_20,15,1280,0.0068739999987883
GA_ADAPTIVE,pin_pattern,ordered_sum_20,4,True,True,"[-160, -107, -75, 362]",0.0,ordered_sum_20,18,1520,0.0082506660110084
GA_ADAPTIVE,pin_pattern,ordered_sum_20,5,True,True,"[-306, -196, -188, 710]",0.0,ordered_sum_20,29,2400,0.0132145840034354
GA_ADAPTIVE,pin_pattern,ordered_sum_20,6,True,True,"[-247, -106, -63, 436]",0.0,ordered_sum_20,12,1040,0.0056153339974116
GA_ADAPTIVE,pin_pattern,ordered_sum_20,7,True,True,"[-314, -46, 84, 296]",0.0,ordered_sum_20,15,1280,0.0069006670091766
GA_ADAPTIVE,pin_pattern,ordered_sum_20,8,True,True,"[-260, -253, 58, 475]",0.0,ordered_sum_20,19,1600,0.0083644590049516
GA_ADAPTIVE,pin_pattern,ordered_sum_20,9,True,True,"[-407, -175, 42, 560]",0.0,ordered_sum_20,13,1120,0.0059321669978089
GA_ADAPTIVE,pin_pattern,ordered_sum_20,10,True,True,"[-298, -256, 104, 470]",0.0,ordered_sum_20,9,800,0.0041902079974533
GA_ADAPTIVE,pin_pattern,ordered_sum_20,11,True,True,"[-300, 53, 54, 213]",0.0,ordered_sum_20,16,1360,0.0073578750016167
GA_ADAPTIVE,pin_pattern,ordered_sum_20,12,True,True,"[-240, -239, 249, 250]",0.0,ordered_sum_20,19,1600,0.0086643340036971
GA_ADAPTIVE,pin_pattern,ordered_sum_20,13,True,True,"[-420, -65, -43, 548]",0.0,ordered_sum_20,14,1200,0.006414333009161
GA_ADAPTIVE,pin_pattern,ordered_sum_20,14,True,True,"[-195, -67, 7, 275]",0.0,ordered_sum_20,22,1840,0.0099979999940842
GA_ADAPTIVE,pin_pattern,ordered_sum_20,15,True,True,"[-327, -169, -89, 605]",0.0,ordered_sum_20,9,800,0.0041650829953141
GA_ADAPTIVE,pin_pattern,ordered_sum_20,16,True,True,"[-158, -155, -154, 487]",0.0,ordered_sum_20,41,3360,0.0182532500039087
GA_ADAPTIVE,pin_pattern,ordered_sum_20,17,True,True,"[-384, 113, 135, 156]",0.0,ordered_sum_20,22,1840,0.0099684580054599
GA_ADAPTIVE,pin_pattern,ordered_sum_20,18,True,True,"[-133, -103, -94, 350]",0.0,ordered_sum_20,21,1760,0.0095629159914096
GA_ADAPTIVE,pin_pattern,ordered_sum_20,19,True,True,"[-405, -180, -54, 659]",0.0,ordered_sum_20,15,1280,0.0068517910112859
GA_ADAPTIVE,pin_pattern,ordered_sum_20,20,True,True,"[-378, -110, 184, 324]",0.0,ordered_sum_20,15,1280,0.0068763750023208
GA_ADAPTIVE,pin_pattern,ordered_sum_20,21,True,True,"[-379, -325, -321, 1045]",0.0,ordered_sum_20,10,880,0.0044641670101555
GA_ADAPTIVE,pin_pattern,ordered_sum_20,22,True,True,"[-271, -182, 178, 295]",0.0,ordered_sum_20,14,1200,0.0063770419947104
GA_ADAPTIVE,pin_pattern,ordered_sum_20,23,True,True,"[-403, 67, 73, 283]",0.0,ordered_sum_20,9,800,0.0041903749952325
GA_ADAPTIVE,pin_pattern,ordered_sum_20,24,True,True,"[-144, -24, -16, 204]",0.0,ordered_sum_20,11,960,0.0050515420007286
GA_ADAPTIVE,pin_pattern,ordered_sum_20,25,True,True,"[-265, -233, 207, 311]",0.0,ordered_sum_20,16,1360,0.007260333004524
GA_ADAPTIVE,pin_pattern,ordered_sum_20,26,True,True,"[-183, -180, -177, 560]",0.0,ordered_sum_20,20,1680,0.0090687079937197
GA_ADAPTIVE,pin_pattern,ordered_sum_20,27,True,True,"[-344, -181, 71, 474]",0.0,ordered_sum_20,13,1120,0.0059967499983031
GA_ADAPTIVE,pin_pattern,ordered_sum_20,28,True,True,"[-458, -271, -223, 972]",0.0,ordered_sum_20,9,800,0.0041452919977018
GA_ADAPTIVE,pin_pattern,ordered_sum_20,29,True,True,"[-77, -76, -52, 225]",0.0,ordered_sum_20,15,1280,0.0068500409979606
GA_ADAPTIVE,pin_pattern,other,0,True,True,"[1129, 2298, 155, 335]",0.0,other,0,80,0.0001167919981526
GA_ADAPTIVE,pin_pattern,other,1,True,True,"[2594, 2908, 284, 712]",0.0,other,0,80,0.0001159169914899
GA_ADAPTIVE,pin_pattern,other,2,True,True,"[493, 1248, 2141, 1865]",0.0,other,0,80,0.0001162080006906
GA_ADAPTIVE,pin_pattern,other,3,True,True,"[320, 410, 638, 2733]",0.0,other,0,80,0.0001175420038634
GA_ADAPTIVE,pin_pattern,other,4,True,True,"[2201, 1547, 2653, 2486]",0.0,other,0,80,0.0001171250041807
GA_ADAPTIVE,pin_pattern,other,5,True,True,"[2443, 1641, 1153, 655]",0.0,other,0,80,0.0001163749984698
GA_ADAPTIVE,pin_pattern,other,6,True,True,"[-335, 634, 1807, 1348]",0.0,other,0,80,0.0001161660038633
GA_ADAPTIVE,pin_pattern,other,7,True,True,"[107, 2303, -89, 169]",0.0,other,0,80,0.0001164999994216
GA_ADAPTIVE,pin_pattern,other,8,True,True,"[2951, 2818, 2455, 975]",0.0,other,0,80,0.0001156670041382
GA_ADAPTIVE,pin_pattern,other,9,True,True,"[1561, 706, 2173, 319]",0.0,other,0,80,0.0001157500082626
GA_ADAPTIVE,pin_pattern,other,10,True,True,"[77, 1508, 2311, 2840]",0.0,other,0,80,0.0001157079968834
GA_ADAPTIVE,pin_pattern,other,11,True,True,"[2401, -161, 687, -250]",0.0,other,0,80,0.0001166250003734
GA_ADAPTIVE,pin_pattern,other,12,True,True,"[2169, 374, 616, 1953]",0.0,other,0,80,0.0001162079861387
GA_ADAPTIVE,pin_pattern,other,13,True,True,"[698, 708, 785, 788]",0.0,other,0,80,0.0001171250041807
GA_ADAPTIVE,pin_pattern,other,14,True,True,"[2290, 1916, 1584, 1084]",0.0,other,0,80,0.0001154580095317
GA_ADAPTIVE,pin_pattern,other,15,True,True,"[1901, 1338, 235, 755]",0.0,other,0,80,0.0001157500082626
GA_ADAPTIVE,pin_pattern,other,16,True,True,"[854, 371, 1702, 2495]",0.0,other,0,80,0.0001172089978354
GA_ADAPTIVE,pin_pattern,other,17,True,True,"[1632, 1483, 538, 455]",0.0,other,0,80,0.0001157080114353
GA_ADAPTIVE,pin_pattern,other,18,True,True,"[13, 1304, 635, 792]",0.0,other,0,80,0.0001165829889941
GA_ADAPTIVE,pin_pattern,other,19,True,True,"[-481, 2027, 1897, 2354]",0.0,other,0,80,0.000117167001008
GA_ADAPTIVE,pin_pattern,other,20,True,True,"[1608, 2825, 433, 669]",0.0,other,0,80,0.0001166250003734
GA_ADAPTIVE,pin_pattern,other,21,True,True,"[2141, 240, 1580, 2552]",0.0,other,0,80,0.0001188750029541
GA_ADAPTIVE,pin_pattern,other,22,True,True,"[659, 1382, -443, 344]",0.0,other,0,80,0.0001173339987872
GA_ADAPTIVE,pin_pattern,other,23,True,True,"[24, 1041, -98, 2438]",0.0,other,0,80,0.000115957998787
GA_ADAPTIVE,pin_pattern,other,24,True,True,"[696, -293, 2824, 1685]",0.0,other,0,80,0.0001154589990619
GA_ADAPTIVE,pin_pattern,other,25,True,True,"[1918, 9, 530, 1862]",0.0,other,0,80,0.0001149169984273
GA_ADAPTIVE,pin_pattern,other,26,True,True,"[1442, -272, 2087, -109]",0.0,other,0,80,0.0001169169991044
GA_ADAPTIVE,pin_pattern,other,27,True,True,"[2357, 829, 1442, -289]",0.0,other,0,80,0.0001165830035461
GA_ADAPTIVE,pin_pattern,other,28,True,True,"[-255, -271, 2143, 2929]",0.0,other,0,80,0.000116084003821
GA_ADAPTIVE,pin_pattern,other,29,True,True,"[1291, 2333, 2157, 1453]",0.0,other,0,80,0.0001170000032288
GA_ADAPTIVE,pin_pattern,secret_pin,0,True,True,"[7, 3, 9, 1]",0.0,secret_pin,35,2880,0.0155298340105218
GA_ADAPTIVE,pin_pattern,secret_pin,1,False,False,"[7, 5, 10, 2]",4.0,,32,8080,0.0469805829925462
GA_ADAPTIVE,pin_pattern,secret_pin,2,True,True,"[7, 3, 9, 1]",0.0,secret_pin,35,2880,0.0154059999913442
GA_ADAPTIVE,pin_pattern,secret_pin,3,False,False,"[7, 3, 10, 1]",1.0,,42,8080,0.0467512079922016
GA_ADAPTIVE,pin_pattern,secret_pin,4,True,True,"[7, 3, 9, 1]",0.0,secret_pin,59,4800,0.0258825000055367
GA_ADAPTIVE,pin_pattern,secret_pin,5,True,True,"[7, 3, 9, 1]",0.0,secret_pin,46,3760,0.0204038340016268
GA_ADAPTIVE,pin_pattern,secret_pin,6,True,True,"[7, 3, 9, 1]",0.0,secret_pin,30,2480,0.0132931249972898
GA_ADAPTIVE,pin_pattern,secret_pin,7,True,True,"[7, 3, 9, 1]",0.0,secret_pin,47,3840,0.020716375001939
GA_ADAPTIVE,pin_pattern,secret_pin,8,False,False,"[7, 3, 8, 0]",2.0,,34,8080,0.0474500419950345
GA_ADAPTIVE,pin_pattern,secret_pin,9,False,False,"[7, 2, 9, 1]",1.0,,46,8080,0.046577500004787
GA_ADAPTIVE,pin_pattern,secret_pin,10,True,True,"[7, 3, 9, 1]",0.0,secret_pin,44,3600,0.0205693330062786
GA_ADAPTIVE,pin_pattern,secret_pin,11,True,True,"[7, 3, 9, 1]",0.0,secret_pin,44,3600,0.0207015000050887
GA_ADAPTIVE,pin_pattern,secret_pin,12,True,True,"[7, 3, 9, 1]",0.0,secret_pin,36,2960,0.016532833004021
GA_ADAPTIVE,pin_pattern,secret_pin,13,True,True,"[7, 3, 9, 1]",0.0,secret_pin,50,4080,0.0222904580004978
GA_ADAPTIVE,pin_pattern,secret_pin,14,False,False,"[7, 4, 9, 1]",1.0,,41,8080,0.0485248750046594
GA_ADAPTIVE,pin_pattern,secret_pin,15,False,False,"[7, 3, 10, 1]",1.0,,40,8080,0.0469329590123379
GA_ADAPTIVE,pin_pattern,secret_pin,16,True,True,"[7, 3, 9, 1]",0.0,secret_pin,46,3760,0.0201700000034179
GA_ADAPTIVE,pin_pattern,secret_pin,17,True,True,"[7, 3, 9, 1]",0.0,secret_pin,35,2880,0.0154436250013532
GA_ADAPTIVE,pin_pattern,secret_pin,18,True,True,"[7, 3, 9, 1]",0.0,secret_pin,40,3280,0.0174739999929443
GA_ADAPTIVE,pin_pattern,secret_pin,19,True,True,"[7, 3, 9, 1]",0.0,secret_pin,49,4000,0.021510542006581
GA_ADAPTIVE,pin_pattern,secret_pin,20,True,True,"[7, 3, 9, 1]",0.0,secret_pin,67,5440,0.0295503329980419
GA_ADAPTIVE,pin_pattern,secret_pin,21,False,False,"[7, 2, 9, 1]",1.0,,46,8080,0.04635387500457
GA_ADAPTIVE,pin_pattern,secret_pin,22,True,True,"[7, 3, 9, 1]",0.0,secret_pin,57,4640,0.0249906670069322
GA_ADAPTIVE,pin_pattern,secret_pin,23,True,True,"[7, 3, 9, 1]",0.0,secret_pin,51,4160,0.0223993330000666
GA_ADAPTIVE,pin_pattern,secret_pin,24,True,True,"[7, 3, 9, 1]",0.0,secret_pin,39,3200,0.0171217500028433
GA_ADAPTIVE,pin_pattern,secret_pin,25,True,True,"[7, 3, 9, 1]",0.0,secret_pin,36,2960,0.0157348749926313
GA_ADAPTIVE,pin_pattern,secret_pin,26,True,True,"[7, 3, 9, 1]",0.0,secret_pin,50,4080,0.0219580830016639
GA_ADAPTIVE,pin_pattern,secret_pin,27,True,True,"[7, 3, 9, 1]",0.0,secret_pin,39,3200,0.0170519160019466
GA_ADAPTIVE,pin_pattern,secret_pin,28,False,False,"[6, 5, 9, 1]",3.0,,35,8080,0.0467923329997574
GA_ADAPTIVE,pin_pattern,secret_pin,29,True,True,"[7, 3, 9, 1]",0.0,secret_pin,41,3360,0.0177841249969787
GA_ADAPTIVE,shipping_discount,free_express_shipping,0,True,True,"[242.9497168803028, 23.755350312039127, True]",0.0,free_express_shipping,0,80,0.0001456669997423
GA_ADAPTIVE,shipping_discount,free_express_shipping,1,True,True,"[250.53130074876725, 36.0348241468091, True]",0.0,free_express_shipping,0,80,0.0001442080101696
GA_ADAPTIVE,shipping_discount,free_express_shipping,2,True,True,"[261.8310273704, 39.438568804356485, True]",0.0,free_express_shipping,0,80,0.0001444169902242
GA_ADAPTIVE,shipping_discount,free_express_shipping,3,True,True,"[232.11945017141105, 48.848851329688934, True]",0.0,free_express_shipping,0,80,0.0001458749902667
GA_ADAPTIVE,shipping_discount,free_express_shipping,4,True,True,"[224.5929878802448, 3.2128224531144225, True]",0.0,free_express_shipping,0,80,0.0001400000037392
GA_ADAPTIVE,shipping_discount,free_express_shipping,5,True,True,"[229.08327816271225, 49.267831146487914, True]",0.0,free_express_shipping,0,80,0.0001421670021954
GA_ADAPTIVE,shipping_discount,free_express_shipping,6,True,True,"[270.019538986592, 30.625742736379006, True]",0.0,free_express_shipping,0,80,0.0001424580113962
GA_ADAPTIVE,shipping_discount,free_express_shipping,7,True,True,"[227.58870438263423, 38.403598936002865, True]",0.0,free_express_shipping,0,80,0.0001526249980088
GA_ADAPTIVE,shipping_discount,free_express_shipping,8,True,True,"[236.61875813074886, 0.09207232992048953, True]",0.0,free_express_shipping,0,80,0.0001369160017929
GA_ADAPTIVE,shipping_discount,free_express_shipping,9,True,True,"[235.49565588902178, 43.615898188020786, True]",0.0,free_express_shipping,0,80,0.0001418339961674
GA_ADAPTIVE,shipping_discount,free_express_shipping,10,True,True,"[223.08232635199613, 49.761317891295526, True]",0.0,free_express_shipping,0,80,0.0001425829977961
GA_ADAPTIVE,shipping_discount,free_express_shipping,11,True,True,"[231.140723723961, 9.717162580630333, True]",0.0,free_express_shipping,0,80,0.0001369160017929
GA_ADAPTIVE,shipping_discount,free_express_shipping,12,True,True,"[259.04206607148075, 33.72263149552177, True]",0.0,free_express_shipping,0,80,0.000138125004014
GA_ADAPTIVE,shipping_discount,free_express_shipping,13,True,True,"[289.2963438906395, 11.873410851714494, True]",0.0,free_express_shipping,0,80,0.0001417090097675
GA_ADAPTIVE,shipping_discount,free_express_shipping,14,True,True,"[211.07183435709067, 48.87616890061914, True]",0.0,free_express_shipping,0,80,0.0001442499924451
GA_ADAPTIVE,shipping_discount,free_express_shipping,15,True,True,"[232.88935847316208, 44.61175125046628, True]",0.0,free_express_shipping,0,80,0.0001420829939888
GA_ADAPTIVE,shipping_discount,free_express_shipping,16,True,True,"[227.26359387244253, 30.032201433384493, True]",0.0,free_express_shipping,0,80,0.0001395829895045
GA_ADAPTIVE,shipping_discount,free_express_shipping,17,True,True,"[238.70490499739475, 8.91339419054426, True]",0.0,free_express_shipping,0,80,0.0001384170027449
GA_ADAPTIVE,shipping_discount,free_express_shipping,18,True,True,"[206.64361409288972, 2.5200887676002095, True]",0.0,free_express_shipping,0,80,0.0001390419929521
GA_ADAPTIVE,shipping_discount,free_express_shipping,19,True,True,"[240.60266701454708, 31.935515071523763, True]",0.0,free_express_shipping,0,80,0.0001400420005666
GA_ADAPTIVE,shipping_discount,free_express_shipping,20,True,True,"[296.7132288841945, 41.158741228273875, True]",0.0,free_express_shipping,0,80,0.0001385000068694
GA_ADAPTIVE,shipping_discount,free_express_shipping,21,True,True,"[204.21861784374923, 26.385084740737035, True]",0.0,free_express_shipping,0,80,0.0001405420043738
GA_ADAPTIVE,shipping_discount,free_express_shipping,22,True,True,"[280.8469086329754, 7.834645005092966, True]",0.0,free_express_shipping,0,80,0.0001366670039715
GA_ADAPTIVE,shipping_discount,free_express_shipping,23,True,True,"[262.8418886112161, 26.417016992552682, True]",0.0,free_express_shipping,0,80,0.0001390839897794
GA_ADAPTIVE,shipping_discount,free_express_shipping,24,True,True,"[214.24484030332886, 18.884940344949737, True]",0.0,free_express_shipping,0,80,0.0001371249963995
GA_ADAPTIVE,shipping_discount,free_express_shipping,25,True,True,"[218.13214399690833, 34.017947624174845, True]",0.0,free_express_shipping,0,80,0.0001437920000171
GA_ADAPTIVE,shipping_discount,free_express_shipping,26,True,True,"[242.52171383832894, 16.40864253971874, True]",0.0,free_express_shipping,0,80,0.0001411249977536
GA_ADAPTIVE,shipping_discount,free_express_shipping,27,True,True,"[290.680869769467, 37.40762150418489, True]",0.0,free_express_shipping,0,80,0.0001387920056004
GA_ADAPTIVE,shipping_discount,free_express_shipping,28,True,True,"[270.4394953240542, 40.626360574833484, True]",0.0,free_express_shipping,0,80,0.0001383329945383
GA_ADAPTIVE,shipping_discount,free_express_shipping,29,True,True,"[207.52729999130761, 11.827537341547417, True]",0.0,free_express_shipping,0,80,0.0001422079949406
GA_ADAPTIVE,shipping_discount,invalid,0,False,False,"[0.0, 50.910953284592736, True]",1.0,,4,8080,0.0486713749996852
GA_ADAPTIVE,shipping_discount,invalid,1,False,False,"[197.1054130817539, 0.0, False]",1.0,,4,8080,0.0486295419977977
GA_ADAPTIVE,shipping_discount,invalid,2,False,False,"[0.0, 9.67326927230574, True]",1.0,,1,8080,0.0487493749969871
GA_ADAPTIVE,shipping_discount,invalid,3,False,False,"[0.0, 9.749661657733576, False]",1.0,,2,8080,0.0486875420028809
GA_ADAPTIVE,shipping_discount,invalid,4,False,False,"[177.48428149062087, 0.0, False]",1.0,,6,8080,0.0484806659951573
GA_ADAPTIVE,shipping_discount,invalid,5,False,False,"[0.0, 3.45542967213191, False]",1.0,,5,8080,0.0484552910056663
GA_ADAPTIVE,shipping_discount,invalid,6,False,False,"[265.3246801386728, 0.0, False]",1.0,,4,8080,0.0485555839986773
GA_ADAPTIVE,shipping_discount,invalid,7,False,False,"[0.0, 0.6225159920296437, True]",1.0,,5,8080,0.0490623329969821
GA_ADAPTIVE,shipping_discount,invalid,8,False,False,"[206.30151762148103, 0.0, True]",1.0,,2,8080,0.049051292007789
GA_ADAPTIVE,shipping_discount,invalid,9,False,False,"[239.72557456256814, 0.0, True]",1.0,,2,8080,0.0489249160018516
GA_ADAPTIVE,shipping_discount,invalid,10,False,False,"[4.1338331412664076, 0.0, False]",1.0,,1,8080,0.0487329169991426
GA_ADAPTIVE,shipping_discount,invalid,11,False,False,"[198.3307778001575, 0.0, False]",1.0,,10,8080,0.0483544580056332
GA_ADAPTIVE,shipping_discount,invalid,12,False,False,"[0.0, 10.194877388171303, True]",1.0,,4,8080,0.0485711670044111
GA_ADAPTIVE,shipping_discount,invalid,13,False,False,"[34.5300301582043, 0.0, False]",1.0,,2,8080,0.0486950409976998
GA_ADAPTIVE,shipping_discount,invalid,14,False,False,"[0.0, 15.818403194059588, True]",1.0,,3,8080,0.0483952080103335
GA_ADAPTIVE,shipping_discount,invalid,15,False,False,"[97.29992191084207, 0.0, True]",1.0,,3,8080,0.048720000006142
GA_ADAPTIVE,shipping_discount,invalid,16,False,False,"[0.0, 25.094748802296646, True]",1.0,,8,8080,0.0484649999998509
GA_ADAPTIVE,shipping_discount,invalid,17,False,False,"[216.70126288544995, 0.0, False]",1.0,,2,8080,0.0488918329938314
GA_ADAPTIVE,shipping_discount,invalid,18,False,False,"[208.5347485825656, 0.0, False]",1.0,,9,8080,0.0483399579970864
GA_ADAPTIVE,shipping_discount,invalid,19,False,False,"[96.70169274175106, 0.0, True]",1.0,,5,8080,0.0483540840068599
GA_ADAPTIVE,shipping_discount,invalid,20,False,False,"[5.3640333939943385, 0.0, True]",1.0,,5,8080,0.0486279589968035
GA_ADAPTIVE,shipping_discount,invalid,21,False,False,"[0.0, 2.3160432833869926, True]",1.0,,5,8080,0.0484186250105267
GA_ADAPTIVE,shipping_discount,invalid,22,False,False,"[157.34175675627114, 0.0, True]",1.0,,3,8080,0.0484092499973485
GA_ADAPTIVE,shipping_discount,invalid,23,False,False,"[0.0, 21.941303989831844, True]",1.0,,5,8080,0.0485034169978462
GA_ADAPTIVE,shipping_discount,invalid,24,False,False,"[22.177422557985494, 0.0, False]",1.0,,4,8080,0.0486487919988576
GA_ADAPTIVE,shipping_discount,invalid,25,False,False,"[1.1922926012601143, 0.0, False]",1.0,,2,8080,0.0489160840079421
GA_ADAPTIVE,shipping_discount,invalid,26,False,False,"[0.0, 8.554726800148678, False]",1.0,,3,8080,0.0488692499930039
GA_ADAPTIVE,shipping_discount,invalid,27,False,False,"[106.09703022739943, 0.0, True]",1.0,,5,8080,0.0485113749891752
GA_ADAPTIVE,shipping_discount,invalid,28,False,False,"[257.6121094208893, 0.0, False]",1.0,,9,8080,0.0485317499988013
GA_ADAPTIVE,shipping_discount,invalid,29,False,False,"[0.0, 67.95921506833066, True]",1.0,,6,8080,0.048625457988237
GA_ADAPTIVE,shipping_discount,no_discount,0,True,True,"[35.60801290353693, 113.37567125647975, False]",0.0,no_discount,0,80,0.0001374580024275
GA_ADAPTIVE,shipping_discount,no_discount,1,True,True,"[28.114812962984857, 108.92787095156032, False]",0.0,no_discount,0,80,0.0001416669983882
GA_ADAPTIVE,shipping_discount,no_discount,2,True,True,"[20.76197377008635, 72.60143206228814, False]",0.0,no_discount,0,80,0.0001381669862894
GA_ADAPTIVE,shipping_discount,no_discount,3,True,True,"[22.708435890795243, 17.248739185349017, False]",0.0,no_discount,0,80,0.0001414170110365
GA_ADAPTIVE,shipping_discount,no_discount,4,True,True,"[28.418850837693487, 27.87923080419421, False]",0.0,no_discount,0,80,0.0001433330035069
GA_ADAPTIVE,shipping_discount,no_discount,5,True,True,"[14.113003892747555, 127.62498831986825, False]",0.0,no_discount,0,80,0.0001362499897368
GA_ADAPTIVE,shipping_discount,no_discount,6,True,True,"[42.62745188138396, 144.9405033841721, False]",0.0,no_discount,0,80,0.000140125004691
GA_ADAPTIVE,shipping_discount,no_discount,7,True,True,"[32.94733613755218, 100.54073409000267, False]",0.0,no_discount,0,80,0.0001406660012435
GA_ADAPTIVE,shipping_discount,no_discount,8,True,True,"[24.463342104201622, 112.49861038470057, False]",0.0,no_discount,0,80,0.000135374997626
GA_ADAPTIVE,shipping_discount,no_discount,9,True,True,"[31.943801362111902, 40.42864835314137, False]",0.0,no_discount,0,80,0.0001370000099996
GA_ADAPTIVE,shipping_discount,no_discount,10,True,True,"[9.317639168453717, 2.765550919598736, False]",0.0,no_discount,0,80,0.0001355829881504
GA_ADAPTIVE,shipping_discount,no_discount,11,True,True,"[4.188636771660126, 86.21342703899461, False]",0.0,no_discount,0,80,0.000137958995765
GA_ADAPTIVE,shipping_discount,no_discount,12,True,True,"[23.06144148583209, 116.11665594201742, False]",0.0,no_discount,0,80,0.0001387499942211
GA_ADAPTIVE,shipping_discount,no_discount,13,True,True,"[45.10972943616879, 38.01584479518362, False]",0.0,no_discount,0,80,0.0001371249963995
GA_ADAPTIVE,shipping_discount,no_discount,14,True,True,"[2.294132712082364, 104.50749914438255, False]",0.0,no_discount,0,80,0.00014087499585
GA_ADAPTIVE,shipping_discount,no_discount,15,True,True,"[48.277286520854766, 51.50410898675749, False]",0.0,no_discount,0,80,0.0001424169895472
GA_ADAPTIVE,shipping_discount,no_discount,16,True,True,"[22.980707980767246, 145.1219595100801, False]",0.0,no_discount,0,80,0.0001387910015182
GA_ADAPTIVE,shipping_discount,no_discount,17,True,True,"[41.041163520881085, 105.66171952094254, False]",0.0,no_discount,0,80,0.0001378749875584
GA_ADAPTIVE,shipping_discount,no_discount,18,True,True,"[38.38665873033263, 122.19473843242815, False]",0.0,no_discount,0,80,0.0001357500004814
GA_ADAPTIVE,shipping_discount,no_discount,19,True,True,"[46.751423325340866, 106.69862163850776, False]",0.0,no_discount,0,80,0.0001383329945383
GA_ADAPTIVE,shipping_discount,no_discount,20,True,True,"[28.24121169629582, 21.390667472233808, False]",0.0,no_discount,0,80,0.000135374997626
GA_ADAPTIVE,shipping_discount,no_discount,21,True,True,"[7.784173289314333, 136.54872127664242, False]",0.0,no_discount,0,80,0.0001383749913657
GA_ADAPTIVE,shipping_discount,no_discount,22,True,True,"[31.993691635651945, 11.120741876119244, False]",0.0,no_discount,0,80,0.0001383749913657
GA_ADAPTIVE,shipping_discount,no_discount,23,True,True,"[22.25028081925253, 46.19201525899867, False]",0.0,no_discount,0,80,0.0001388329983456
GA_ADAPTIVE,shipping_discount,no_discount,24,True,True,"[10.597949503489145, 76.80432306057278, False]",0.0,no_discount,0,80,0.0001405000075465
GA_ADAPTIVE,shipping_discount,no_discount,25,True,True,"[9.584897314452812, 124.74970632605502, False]",0.0,no_discount,0,80,0.0001431659911759
GA_ADAPTIVE,shipping_discount,no_discount,26,True,True,"[19.98494317230495, 129.30544175535059, False]",0.0,no_discount,0,80,0.0001362919865641
GA_ADAPTIVE,shipping_discount,no_discount,27,True,True,"[31.51867346804008, 86.67509795884304, False]",0.0,no_discount,0,80,0.000136749993544
GA_ADAPTIVE,shipping_discount,no_discount,28,True,True,"[8.499962348416245, 78.46761944212135, False]",0.0,no_discount,0,80,0.0001400420005666
GA_ADAPTIVE,shipping_discount,no_discount,29,True,True,"[17.503375968817302, 107.82586564471761, False]",0.0,no_discount,0,80,0.0001369170058751
GA_ADAPTIVE,shipping_discount,small_discount,0,True,True,"[71.8137401597932, 14.972320064555722, True]",0.0,small_discount,0,80,0.0001174159988295
GA_ADAPTIVE,shipping_discount,small_discount,1,True,True,"[116.98989675444443, 147.9884812714171, True]",0.0,small_discount,0,80,0.0001158329978352
GA_ADAPTIVE,shipping_discount,small_discount,2,True,True,"[58.184614921224224, 103.02198824843629, False]",0.0,small_discount,0,80,0.000111959001515
GA_ADAPTIVE,shipping_discount,small_discount,3,True,True,"[84.09164846177585, 78.34970684203411, False]",0.0,small_discount,0,80,0.0001239999983226
GA_ADAPTIVE,shipping_discount,small_discount,4,True,True,"[165.17216535735855, 146.03287002591105, True]",0.0,small_discount,0,80,0.0001161670079454
GA_ADAPTIVE,shipping_discount,small_discount,5,True,True,"[81.58424084160619, 17.57121115365503, False]",0.0,small_discount,0,80,0.0001132079923991
GA_ADAPTIVE,shipping_discount,small_discount,6,True,True,"[80.19280508271697, 82.51667102230125, False]",0.0,small_discount,0,80,0.0001099170040106
GA_ADAPTIVE,shipping_discount,small_discount,7,True,True,"[199.24238803568508, 131.16277259617559, True]",0.0,small_discount,0,80,0.0001131250028265
GA_ADAPTIVE,shipping_discount,small_discount,8,True,True,"[20.435141061212093, 123.35283388142675, True]",0.0,small_discount,0,80,0.0001143340050475
GA_ADAPTIVE,shipping_discount,small_discount,9,True,True,"[132.3766455297719, 120.48662736859909, False]",0.0,small_discount,0,80,0.0001050830032909
GA_ADAPTIVE,shipping_discount,small_discount,10,True,True,"[52.72181459522037, 63.66120075314347, True]",0.0,small_discount,0,80,0.0001102079986594
GA_ADAPTIVE,shipping_discount,small_discount,11,True,True,"[219.76692946407658, 124.89732219100604, True]",0.0,small_discount,0,80,0.0001088749995687
GA_ADAPTIVE,shipping_discount,small_discount,12,True,True,"[112.80622886013725, 119.92400584859436, True]",0.0,small_discount,0,80,0.0001139169908128
GA_ADAPTIVE,shipping_discount,small_discount,13,True,True,"[126.11097508140672, 102.19375185766195, False]",0.0,small_discount,0,80,0.000127125007566
GA_ADAPTIVE,shipping_discount,small_discount,14,True,True,"[31.411349634517183, 120.29629571301165, True]",0.0,small_discount,0,80,0.000114583002869
GA_ADAPTIVE,shipping_discount,small_discount,15,True,True,"[73.69527553947661, 32.225124386967074, True]",0.0,small_discount,0,80,0.0001058749912772
GA_ADAPTIVE,shipping_discount,small_discount,16,True,True,"[49.00718161793657, 66.22315993972998, True]",0.0,small_discount,0,80,0.0001103329996112
GA_ADAPTIVE,shipping_discount,small_discount,17,True,True,"[146.5283995012179, 120.57683239591, False]",0.0,small_discount,0,80,0.000115666000056
GA_ADAPTIVE,shipping_discount,small_discount,18,True,True,"[106.29498784900568, 137.82984613235402, False]",0.0,small_discount,0,80,0.0001105830015148
GA_ADAPTIVE,shipping_discount,small_discount,19,True,True,"[228.36824922404745, 141.65245025511885, False]",0.0,small_discount,0,80,0.0001107089919969
GA_ADAPTIVE,shipping_discount,small_discount,20,True,True,"[14.366235159162766, 92.76194579909325, True]",0.0,small_discount,0,80,0.0001130409946199
GA_ADAPTIVE,shipping_discount,small_discount,21,True,True,"[7.759271521359434, 13.172097755040275, True]",0.0,small_discount,0,80,0.0001158750092145
GA_ADAPTIVE,shipping_discount,small_discount,22,True,True,"[80.53498362031058, 107.22473826565013, False]",0.0,small_discount,0,80,0.0001093330065486
GA_ADAPTIVE,shipping_discount,small_discount,23,True,True,"[90.48655986890104, 35.908984353438406, True]",0.0,small_discount,0,80,0.0001134170015575
GA_ADAPTIVE,shipping_discount,small_discount,24,True,True,"[278.61513038316536, 145.83981545092144, True]",0.0,small_discount,0,80,0.0001094579929485
GA_ADAPTIVE,shipping_discount,small_discount,25,True,True,"[89.75059298032255, 115.82846642126864, True]",0.0,small_discount,0,80,0.0001113749895012
GA_ADAPTIVE,shipping_discount,small_discount,26,True,True,"[1.1096758261086803, 51.55273266615093, True]",0.0,small_discount,0,80,0.0001092500024242
GA_ADAPTIVE,shipping_discount,small_discount,27,True,True,"[177.82435414688558, 146.5353190816199, False]",0.0,small_discount,0,80,0.0001108750002458
GA_ADAPTIVE,shipping_discount,small_discount,28,True,True,"[57.36568790561991, 22.561163115402056, False]",0.0,small_discount,0,80,0.000117916992167
GA_ADAPTIVE,shipping_discount,small_discount,29,True,True,"[105.82297877438512, 134.92423763425205, False]",0.0,small_discount,0,80,0.0001107079879147
GA_ADAPTIVE,shipping_discount,standard_discount,0,True,True,"[253.12395974784036, 56.37182942614886, True]",0.0,standard_discount,0,80,0.000122375000501
GA_ADAPTIVE,shipping_discount,standard_discount,1,True,True,"[261.2613929048004, 90.54509353387036, True]",0.0,standard_discount,0,80,0.0001175840006908
GA_ADAPTIVE,shipping_discount,standard_discount,2,True,True,"[241.02175287656294, 62.97697705528836, False]",0.0,standard_discount,0,80,0.0001185000000987
GA_ADAPTIVE,shipping_discount,standard_discount,3,True,True,"[211.93736672652307, 4.0958612905095615, False]",0.0,standard_discount,0,80,0.0001217910030391
GA_ADAPTIVE,shipping_discount,standard_discount,4,True,True,"[157.80022244142208, 91.65720880417182, True]",0.0,standard_discount,0,80,0.0001206669985549
GA_ADAPTIVE,shipping_discount,standard_discount,5,True,True,"[177.034928407739, 54.30512545536228, True]",0.0,standard_discount,0,80,0.0001166250003734
GA_ADAPTIVE,shipping_discount,standard_discount,6,True,True,"[285.4160914190038, 74.03550969108197, False]",0.0,standard_discount,0,80,0.0001171250041807
GA_ADAPTIVE,shipping_discount,standard_discount,7,True,True,"[134.9128090282175, 61.71640589248596, True]",0.0,standard_discount,0,80,0.0001195410004584
GA_ADAPTIVE,shipping_discount,standard_discount,8,True,True,"[140.7020428031235, 45.5261943357066, True]",0.0,standard_discount,0,80,0.0001144999987445
GA_ADAPTIVE,shipping_discount,standard_discount,9,True,True,"[106.53919490305567, 59.47220452333951, True]",0.0,standard_discount,0,80,0.0001188329915748
GA_ADAPTIVE,shipping_discount,standard_discount,10,True,True,"[175.67533923874416, 9.31730678208349, True]",0.0,standard_discount,0,80,0.0001240420097019
GA_ADAPTIVE,shipping_discount,standard_discount,11,True,True,"[198.98070179171768, 79.73669288252256, True]",0.0,standard_discount,0,80,0.0001196249941131
GA_ADAPTIVE,shipping_discount,standard_discount,12,True,True,"[280.06950001334064, 78.2920796975503, True]",0.0,standard_discount,0,80,0.0001126670103985
GA_ADAPTIVE,shipping_discount,standard_discount,13,True,True,"[134.7984012939973, 82.2298939166885, True]",0.0,standard_discount,0,80,0.0001177919912151
GA_ADAPTIVE,shipping_discount,standard_discount,14,True,True,"[274.8990841316206, 5.5302216962816235, False]",0.0,standard_discount,0,80,0.0001144999987445
GA_ADAPTIVE,shipping_discount,standard_discount,15,True,True,"[132.18937155391163, 38.23998174075192, False]",0.0,standard_discount,0,80,0.0001255829993169
GA_ADAPTIVE,shipping_discount,standard_discount,16,True,True,"[124.54854689950857, 24.51892005457794, True]",0.0,standard_discount,0,80,0.0001218340039486
GA_ADAPTIVE,shipping_discount,standard_discount,17,True,True,"[280.93994975255026, 78.7447165048883, False]",0.0,standard_discount,0,80,0.0001117919891839
GA_ADAPTIVE,shipping_discount,standard_discount,18,True,True,"[194.73996026421617, 29.257294063937355, False]",0.0,standard_discount,0,80,0.0001139170053647
GA_ADAPTIVE,shipping_discount,standard_discount,19,True,True,"[170.61649824248045, 83.93816595368381, True]",0.0,standard_discount,0,80,0.0001102500100387
GA_ADAPTIVE,shipping_discount,standard_discount,20,True,True,"[287.4520919119988, 83.1641435851724, True]",0.0,standard_discount,0,80,0.0001160839892691
GA_ADAPTIVE,shipping_discount,standard_discount,21,True,True,"[101.12860932907694, 17.845116576704008, False]",0.0,standard_discount,0,80,0.0001190000039059
GA_ADAPTIVE,shipping_discount,standard_discount,22,True,True,"[108.95606105961349, 18.162862031820985, False]",0.0,standard_discount,0,80,0.0001150419993791
GA_ADAPTIVE,shipping_discount,standard_discount,23,True,True,"[233.97757331963334, 84.6799535870773, True]",0.0,standard_discount,0,80,0.000114083988592
GA_ADAPTIVE,shipping_discount,standard_discount,24,True,True,"[157.5561915243385, 87.36160061989557, False]",0.0,standard_discount,0,80,0.0001120829983847
GA_ADAPTIVE,shipping_discount,standard_discount,25,True,True,"[111.54082814302286, 84.95278441337119, True]",0.0,standard_discount,0,80,0.0001123749971156
GA_ADAPTIVE,shipping_discount,standard_discount,26,True,True,"[107.68853506963545, 68.8038485626634, True]",0.0,standard_discount,0,80,0.0001258330012205
GA_ADAPTIVE,shipping_discount,standard_discount,27,True,True,"[224.63851924000323, 75.17651390168555, True]",0.0,standard_discount,0,80,0.0001204589934786
GA_ADAPTIVE,shipping_discount,standard_discount,28,True,True,"[243.48780549035052, 64.07007640559647, True]",0.0,standard_discount,0,80,0.0001115420018322
GA_ADAPTIVE,shipping_discount,standard_discount,29,True,True,"[108.28363346210746, 30.374232870595485, True]",0.0,standard_discount,0,80,0.0001188329915748
GA_ADAPTIVE,sign_type,negative,0,True,True,[-486],0.0,negative,0,80,5.329099076334387e-05
GA_ADAPTIVE,sign_type,negative,1,True,True,[-233],0.0,negative,0,80,5.3208001190796494e-05
GA_ADAPTIVE,sign_type,negative,2,True,True,[-476],0.0,negative,0,80,5.324999801814556e-05
GA_ADAPTIVE,sign_type,negative,3,True,True,[-161],0.0,negative,0,80,5.499999679159373e-05
GA_ADAPTIVE,sign_type,negative,4,True,True,[-444],0.0,negative,0,80,5.358298949431628e-05
GA_ADAPTIVE,sign_type,negative,5,True,True,[-140],0.0,negative,0,80,5.2916002459824085e-05
GA_ADAPTIVE,sign_type,negative,6,True,True,[-107],0.0,negative,0,80,5.295799928717315e-05
GA_ADAPTIVE,sign_type,negative,7,True,True,[-409],0.0,negative,0,80,5.270900146570057e-05
GA_ADAPTIVE,sign_type,negative,8,True,True,[-330],0.0,negative,0,80,5.366599361877888e-05
GA_ADAPTIVE,sign_type,negative,9,True,True,[-43],0.0,negative,0,80,5.312501161824912e-05
GA_ADAPTIVE,sign_type,negative,10,True,True,[-448],0.0,negative,0,80,5.3333002142608166e-05
GA_ADAPTIVE,sign_type,negative,11,True,True,[-304],0.0,negative,0,80,5.295799928717315e-05
GA_ADAPTIVE,sign_type,negative,12,True,True,[-131],0.0,negative,0,80,5.283400241751224e-05
GA_ADAPTIVE,sign_type,negative,13,True,True,[-110],0.0,negative,0,80,5.43750065844506e-05
GA_ADAPTIVE,sign_type,negative,14,True,True,[-452],0.0,negative,0,80,5.570800567511469e-05
GA_ADAPTIVE,sign_type,negative,15,True,True,[-222],0.0,negative,0,80,5.366599361877888e-05
GA_ADAPTIVE,sign_type,negative,16,True,True,[-63],0.0,negative,0,80,5.2916991990059614e-05
GA_ADAPTIVE,sign_type,negative,17,True,True,[-129],0.0,negative,0,80,5.387498822528869e-05
GA_ADAPTIVE,sign_type,negative,18,True,True,[-406],0.0,negative,0,80,5.383300594985485e-05
GA_ADAPTIVE,sign_type,negative,19,True,True,[-404],0.0,negative,0,80,5.325001257006079e-05
GA_ADAPTIVE,sign_type,negative,20,True,True,[-64],0.0,negative,0,80,5.3625000873580575e-05
GA_ADAPTIVE,sign_type,negative,21,True,True,[-388],0.0,negative,0,80,5.399998917710036e-05
GA_ADAPTIVE,sign_type,negative,22,True,True,[-254],0.0,negative,0,80,5.3625000873580575e-05
GA_ADAPTIVE,sign_type,negative,23,True,True,[-306],0.0,negative,0,80,5.312499706633389e-05
GA_ADAPTIVE,sign_type,negative,24,True,True,[-64],0.0,negative,0,80,5.304100341163576e-05
GA_ADAPTIVE,sign_type,negative,25,True,True,[-231],0.0,negative,0,80,5.312499706633389e-05
GA_ADAPTIVE,sign_type,negative,26,True,True,[-173],0.0,negative,0,80,5.3167008445598185e-05
GA_ADAPTIVE,sign_type,negative,27,True,True,[-424],0.0,negative,0,80,5.270799738354981e-05
GA_ADAPTIVE,sign_type,negative,28,True,True,[-159],0.0,negative,0,80,5.412500468082726e-05
GA_ADAPTIVE,sign_type,negative,29,True,True,[-75],0.0,negative,0,80,5.304098885972053e-05
GA_ADAPTIVE,sign_type,positive,0,True,True,[1088],0.0,positive,0,80,5.483299901243299e-05
GA_ADAPTIVE,sign_type,positive,1,True,True,[2150],0.0,positive,0,80,7.904200174380094e-05
GA_ADAPTIVE,sign_type,positive,2,True,True,[1664],0.0,positive,0,80,5.400000372901559e-05
GA_ADAPTIVE,sign_type,positive,3,True,True,[2587],0.0,positive,0,80,5.3750001825392246e-05
GA_ADAPTIVE,sign_type,positive,4,True,True,[1362],0.0,positive,0,80,6.0874997870996594e-05
GA_ADAPTIVE,sign_type,positive,5,True,True,[162],0.0,positive,0,80,5.287499516271055e-05
GA_ADAPTIVE,sign_type,positive,6,True,True,[760],0.0,positive,0,80,5.3916999604552984e-05
GA_ADAPTIVE,sign_type,positive,7,True,True,[2293],0.0,positive,0,80,5.308400432113558e-05
GA_ADAPTIVE,sign_type,positive,8,True,True,[1990],0.0,positive,0,80,5.3916010074317455e-05
GA_ADAPTIVE,sign_type,positive,9,True,True,[783],0.0,positive,0,80,5.4042000556364655e-05
GA_ADAPTIVE,sign_type,positive,10,True,True,[1207],0.0,positive,0,80,5.2624993259087205e-05
GA_ADAPTIVE,sign_type,positive,11,True,True,[2123],0.0,positive,0,80,5.312499706633389e-05
GA_ADAPTIVE,sign_type,positive,12,True,True,[1703],0.0,positive,0,80,5.5083000916056335e-05
GA_ADAPTIVE,sign_type,positive,13,True,True,[1438],0.0,positive,0,80,5.458400119096041e-05
GA_ADAPTIVE,sign_type,positive,14,True,True,[2710],0.0,positive,0,80,5.345800309441984e-05
GA_ADAPTIVE,sign_type,positive,15,True,True,[1997],0.0,positive,0,80,5.470799806062132e-05
GA_ADAPTIVE,sign_type,positive,16,True,True,[2500],0.0,positive,0,80,5.4333999287337065e-05
GA_ADAPTIVE,sign_type,positive,17,True,True,[2269],0.0,positive,0,80,5.445801070891321e-05
GA_ADAPTIVE,sign_type,positive,18,True,True,[234],0.0,positive,0,80,5.483299901243299e-05
GA_ADAPTIVE,sign_type,positive,19,True,True,[2248],0.0,positive,0,80,5.524999869521707e-05
GA_ADAPTIVE,sign_type,positive,20,True,True,[1099],0.0,positive,0,80,5.4082993301562965e-05
GA_ADAPTIVE,sign_type,positive,21,True,True,[154],0.0,positive,0,80,5.329199484549463e-05
GA_ADAPTIVE,sign_type,positive,22,True,True,[2277],0.0,positive,0,80,5.337499896995723e-05
GA_ADAPTIVE,sign_type,positive,23,True,True,[716],0.0,positive,0,80,5.283299833536148e-05
GA_ADAPTIVE,sign_type,positive,24,True,True,[2488],0.0,positive,0,80,5.533300281967968e-05
GA_ADAPTIVE,sign_type,positive,25,True,True,[715],0.0,positive,0,80,5.279199103824794e-05
GA_ADAPTIVE,sign_type,positive,26,True,True,[1121],0.0,positive,0,80,5.887499719392508e-05
GA_ADAPTIVE,sign_type,positive,27,True,True,[2279],0.0,positive,0,80,5.2875009714625776e-05
GA_ADAPTIVE,sign_type,positive,28,True,True,[2229],0.0,positive,0,80,5.400000372901559e-05
GA_ADAPTIVE,sign_type,positive,29,True,True,[1908],0.0,positive,0,80,5.370799044612795e-05
GA_ADAPTIVE,sign_type,zero,0,True,True,[0],0.0,zero,3,320,0.0009642920049373
GA_ADAPTIVE,sign_type,zero,1,True,True,[0],0.0,zero,9,800,0.0027654169971356
GA_ADAPTIVE,sign_type,zero,2,True,True,[0],0.0,zero,8,720,0.0024835840013111
GA_ADAPTIVE,sign_type,zero,3,True,True,[0],0.0,zero,6,560,0.0018542080069892
GA_ADAPTIVE,sign_type,zero,4,True,True,[0],0.0,zero,5,480,0.0015426250029122
GA_ADAPTIVE,sign_type,zero,5,True,True,[0],0.0,zero,6,560,0.0018514169933041
GA_ADAPTIVE,sign_type,zero,6,True,True,[0],0.0,zero,6,560,0.0018467079935362
GA_ADAPTIVE,sign_type,zero,7,True,True,[0],0.0,zero,5,480,0.0015478749992325
GA_ADAPTIVE,sign_type,zero,8,True,True,[0],0.0,zero,18,1520,0.0054433750046882
GA_ADAPTIVE,sign_type,zero,9,True,True,[0],0.0,zero,13,1120,0.0039957919943844
GA_ADAPTIVE,sign_type,zero,10,True,True,[0],0.0,zero,8,720,0.0024510829971404
GA_ADAPTIVE,sign_type,zero,11,True,True,[0],0.0,zero,6,560,0.0018455410026945
GA_ADAPTIVE,sign_type,zero,12,True,True,[0],0.0,zero,8,720,0.0024641249910928
GA_ADAPTIVE,sign_type,zero,13,True,True,[0],0.0,zero,9,800,0.0027679159975377
GA_ADAPTIVE,sign_type,zero,14,True,True,[0],0.0,zero,7,640,0.0021431669883895
GA_ADAPTIVE,sign_type,zero,15,True,True,[0],0.0,zero,7,640,0.0021561249886872
GA_ADAPTIVE,sign_type,zero,16,True,True,[0],0.0,zero,3,320,0.0009484580077696
GA_ADAPTIVE,sign_type,zero,17,True,True,[0],0.0,zero,13,1120,0.0039340829971479
GA_ADAPTIVE,sign_type,zero,18,True,True,[0],0.0,zero,15,1280,0.004591499993694
GA_ADAPTIVE,sign_type,zero,19,True,True,[0],0.0,zero,13,1120,0.0039896669914014
GA_ADAPTIVE,sign_type,zero,20,True,True,[0],0.0,zero,2,240,0.0006506659992737
GA_ADAPTIVE,sign_type,zero,21,True,True,[0],0.0,zero,4,400,0.0012653330049943
GA_ADAPTIVE,sign_type,zero,22,True,True,[0],0.0,zero,18,1520,0.005449749995023
GA_ADAPTIVE,sign_type,zero,23,True,True,[0],0.0,zero,8,720,0.0024547919892938
GA_ADAPTIVE,sign_type,zero,24,True,True,[0],0.0,zero,16,1360,0.0048582919989712
GA_ADAPTIVE,sign_type,zero,25,True,True,[0],0.0,zero,6,560,0.0018513749964768
GA_ADAPTIVE,sign_type,zero,26,True,True,[0],0.0,zero,5,480,0.0015525000053457
GA_ADAPTIVE,sign_type,zero,27,True,True,[0],0.0,zero,12,1040,0.0036681249912362
GA_ADAPTIVE,sign_type,zero,28,True,True,[0],0.0,zero,4,400,0.0012476669944589
GA_ADAPTIVE,sign_type,zero,29,True,True,[0],0.0,zero,8,720,0.0024631660053273
GA_ADAPTIVE,string_category,empty,0,True,True,[''],0.0,empty,0,80,0.0001789170055417
GA_ADAPTIVE,string_category,empty,1,True,True,[''],0.0,empty,0,80,0.0001770829985616
GA_ADAPTIVE,string_category,empty,2,True,True,[''],0.0,empty,0,80,0.0001729590003378
GA_ADAPTIVE,string_category,empty,3,True,True,[''],0.0,empty,0,80,0.0001774580014171
GA_ADAPTIVE,string_category,empty,4,True,True,[''],0.0,empty,0,80,0.000176540997927
GA_ADAPTIVE,string_category,empty,5,True,True,[''],0.0,empty,0,80,0.0001608750026207
GA_ADAPTIVE,string_category,empty,6,True,True,[''],0.0,empty,0,80,0.0001794999989215
GA_ADAPTIVE,string_category,empty,7,True,True,[''],0.0,empty,0,80,0.0001675839885137
GA_ADAPTIVE,string_category,empty,8,True,True,[''],0.0,empty,0,80,0.0001835840084822
GA_ADAPTIVE,string_category,empty,9,True,True,[''],0.0,empty,0,80,0.000167666003108
GA_ADAPTIVE,string_category,empty,10,True,True,[''],0.0,empty,0,80,0.0001720000000204
GA_ADAPTIVE,string_category,empty,11,True,True,[''],0.0,empty,0,80,0.0001712500088615
GA_ADAPTIVE,string_category,empty,12,True,True,[''],0.0,empty,0,80,0.0001707500050542
GA_ADAPTIVE,string_category,empty,13,True,True,[''],0.0,empty,0,80,0.0001650409976718
GA_ADAPTIVE,string_category,empty,14,True,True,[''],0.0,empty,0,80,0.0001689170021563
GA_ADAPTIVE,string_category,empty,15,True,True,[''],0.0,empty,0,80,0.0001721250009723
GA_ADAPTIVE,string_category,empty,16,True,True,[''],0.0,empty,0,80,0.0001610420003999
GA_ADAPTIVE,string_category,empty,17,True,True,[''],0.0,empty,0,80,0.000159707997227
GA_ADAPTIVE,string_category,empty,18,True,True,[''],0.0,empty,0,80,0.0001611250045243
GA_ADAPTIVE,string_category,empty,19,True,True,[''],0.0,empty,0,80,0.0001753749966155
GA_ADAPTIVE,string_category,empty,20,True,True,[''],0.0,empty,0,80,0.0001697080006124
GA_ADAPTIVE,string_category,empty,21,True,True,[''],0.0,empty,0,80,0.0001740419975249
GA_ADAPTIVE,string_category,empty,22,True,True,[''],0.0,empty,0,80,0.0001646669988986
GA_ADAPTIVE,string_category,empty,23,True,True,[''],0.0,empty,0,80,0.0001730410003801
GA_ADAPTIVE,string_category,empty,24,True,True,[''],0.0,empty,0,80,0.0001685000024735
GA_ADAPTIVE,string_category,empty,25,True,True,[''],0.0,empty,0,80,0.0001703339949017
GA_ADAPTIVE,string_category,empty,26,True,True,[''],0.0,empty,0,80,0.0001752090029185
GA_ADAPTIVE,string_category,empty,27,True,True,[''],0.0,empty,0,80,0.0001694579987088
GA_ADAPTIVE,string_category,empty,28,True,True,[''],0.0,empty,0,80,0.0001644169969949
GA_ADAPTIVE,string_category,empty,29,True,True,[''],0.0,empty,0,80,0.0001637090026633
GA_ADAPTIVE,string_category,long_non_palindrome,0,True,True,['eqUAzjzl1U'],0.0,long_non_palindrome,0,80,0.0001595829962752
GA_ADAPTIVE,string_category,long_non_palindrome,1,True,True,['JFErjA55lQs'],0.0,long_non_palindrome,0,80,0.000172082989593
GA_ADAPTIVE,string_category,long_non_palindrome,2,True,True,['iqB5TvrYyv'],0.0,long_non_palindrome,0,80,0.0001591250038472
GA_ADAPTIVE,string_category,long_non_palindrome,3,True,True,['MmVY2Sy'],0.0,long_non_palindrome,0,80,0.0001712090015644
GA_ADAPTIVE,string_category,long_non_palindrome,4,True,True,['Ud6d9fB4XTor9T'],0.0,long_non_palindrome,0,80,0.0001761250023264
GA_ADAPTIVE,string_category,long_non_palindrome,5,True,True,['YSipKuzfmn'],0.0,long_non_palindrome,0,80,0.0001757080026436
GA_ADAPTIVE,string_category,long_non_palindrome,6,True,True,['MDWLHZSM'],0.0,long_non_palindrome,0,80,0.0001727920025587
GA_ADAPTIVE,string_category,long_non_palindrome,7,True,True,['fgr9WHYZGO'],0.0,long_non_palindrome,0,80,0.000169332997757
GA_ADAPTIVE,string_category,long_non_palindrome,8,True,True,['1I8jFeiFYvnRF'],0.0,long_non_palindrome,0,80,0.0001790420064935
GA_ADAPTIVE,string_category,long_non_palindrome,9,True,True,['zK4Gnwfq'],0.0,long_non_palindrome,0,80,0.0001689589989837
GA_ADAPTIVE,string_category,long_non_palindrome,10,True,True,['2k0uzZd'],0.0,long_non_palindrome,0,80,0.0001746250054566
GA_ADAPTIVE,string_category,long_non_palindrome,11,True,True,['r2ZUwqzDghIaD'],0.0,long_non_palindrome,0,80,0.0001649999903747
GA_ADAPTIVE,string_category,long_non_palindrome,12,True,True,['N3O5q8ciF96qmy'],0.0,long_non_palindrome,0,80,0.0001756249985191
GA_ADAPTIVE,string_category,long_non_palindrome,13,True,True,['UhD7VHbmP5Hrc7'],0.0,long_non_palindrome,0,80,0.0001744170003803
GA_ADAPTIVE,string_category,long_non_palindrome,14,True,True,['eqNmy7'],0.0,long_non_palindrome,0,80,0.0001778750010998
GA_ADAPTIVE,string_category,long_non_palindrome,15,True,True,['hVSbgRUmoI2IZYD'],0.0,long_non_palindrome,0,80,0.0001752090029185
GA_ADAPTIVE,string_category,long_non_palindrome,16,True,True,['SqbdK2IHwppV4Q2'],0.0,long_non_palindrome,0,80,0.00017545800074
GA_ADAPTIVE,string_category,long_non_palindrome,17,True,True,['QERuWWRmmCSden9'],0.0,long_non_palindrome,0,80,0.0001754999975673
GA_ADAPTIVE,string_category,long_non_palindrome,18,True,True,['Xqvmh4WrhHMAK'],0.0,long_non_palindrome,0,80,0.0001712079974822
GA_ADAPTIVE,string_category,long_non_palindrome,19,True,True,['0J7KSpqOMp3DI'],0.0,long_non_palindrome,0,80,0.0001790420064935
GA_ADAPTIVE,string_category,long_non_palindrome,20,True,True,['og4UJVQGkmckmv'],0.0,long_non_palindrome,0,80,0.000157542002853
GA_ADAPTIVE,string_category,long_non_palindrome,21,True,True,['7WlaqX'],0.0,long_non_palindrome,0,80,0.0001624170108698
GA_ADAPTIVE,string_category,long_non_palindrome,22,True,True,['Kwgsyl'],0.0,long_non_palindrome,0,80,0.0001679999986663
GA_ADAPTIVE,string_category,long_non_palindrome,23,True,True,['MKrmEp9IBNP'],0.0,long_non_palindrome,0,80,0.0001690420031081
GA_ADAPTIVE,string_category,long_non_palindrome,24,True,True,['XXLFF0p0L4'],0.0,long_non_palindrome,0,80,0.0001722080050967
GA_ADAPTIVE,string_category,long_non_palindrome,25,True,True,['Azk9OPZY'],0.0,long_non_palindrome,0,80,0.0001714579993858
GA_ADAPTIVE,string_category,long_non_palindrome,26,True,True,['Mq9IhpuCIYNzQ'],0.0,long_non_palindrome,0,80,0.0001702089939499
GA_ADAPTIVE,string_category,long_non_palindrome,27,True,True,['PD15y2D3'],0.0,long_non_palindrome,0,80,0.0001704170135781
GA_ADAPTIVE,string_category,long_non_palindrome,28,True,True,['5u6JitFDc36p'],0.0,long_non_palindrome,0,80,0.0001792919938452
GA_ADAPTIVE,string_category,long_non_palindrome,29,True,True,['8V1IbNCuJb74lY'],0.0,long_non_palindrome,0,80,0.0001702080044196
GA_ADAPTIVE,string_category,long_palindrome,0,False,False,['ipj0NP'],1.0,,0,8080,0.0355234169983305
GA_ADAPTIVE,string_category,long_palindrome,1,False,False,['MHdym0VPM'],1.0,,0,8080,0.0354790830024285
GA_ADAPTIVE,string_category,long_palindrome,2,False,False,['6ICGTRYvTINNO'],1.0,,0,8080,0.0355939170112833
GA_ADAPTIVE,string_category,long_palindrome,3,False,False,['puVja7wP56tD2yi'],1.0,,0,8080,0.0355600829934701
GA_ADAPTIVE,string_category,long_palindrome,4,False,False,['Fb9DNaEnHJsdFH3'],1.0,,0,8080,0.0352002920117229
GA_ADAPTIVE,string_category,long_palindrome,5,False,False,['z6JQq7t9Hycz8'],1.0,,0,8080,0.0357242500031134
GA_ADAPTIVE,string_category,long_palindrome,6,False,False,['VtX9MP'],1.0,,0,8080,0.0351020410016644
GA_ADAPTIVE,string_category,long_palindrome,7,False,False,['e4ZS9r'],1.0,,0,8080,0.0355617079912917
GA_ADAPTIVE,string_category,long_palindrome,8,False,False,['mUTn'],1.0,,0,8080,0.0354160419956315
GA_ADAPTIVE,string_category,long_palindrome,9,False,False,['ZFWJbbx2085i'],1.0,,0,8080,0.0355082919995766
GA_ADAPTIVE,string_category,long_palindrome,10,False,False,['nMyE15bA'],1.0,,0,8080,0.0352184170042164
GA_ADAPTIVE,string_category,long_palindrome,11,False,False,['Jy6XgU7DzWLKI'],1.0,,0,8080,0.035580415991717
GA_ADAPTIVE,string_category,long_palindrome,12,False,False,['43ENw1AZru08yG'],1.0,,0,8080,0.035605665994808
GA_ADAPTIVE,string_category,long_palindrome,13,False,False,['CzVk2sLQP'],1.0,,0,8080,0.0354015420016367
GA_ADAPTIVE,string_category,long_palindrome,14,False,False,['GXwssCwfV'],1.0,,0,8080,0.0354080830002203
GA_ADAPTIVE,string_category,long_palindrome,15,False,False,['hWEqPZ'],1.0,,0,8080,0.0354514159989776
GA_ADAPTIVE,string_category,long_palindrome,16,False,False,['UoUHDq7Pv3X3'],1.0,,0,8080,0.0355723329994361
GA_ADAPTIVE,string_category,long_palindrome,17,False,False,['7Mtbv'],1.0,,0,8080,0.0355726249981671
GA_ADAPTIVE,string_category,long_palindrome,18,False,False,['b1OjSnwtDmXK5Fb'],1.0,,0,8080,0.0352363330021034
GA_ADAPTIVE,string_category,long_palindrome,19,False,False,['8qncBP9Ujy'],1.0,,0,8080,0.0354588339978363
GA_ADAPTIVE,string_category,long_palindrome,20,False,False,['XF3vpEc3p'],1.0,,0,8080,0.0354613749950658
GA_ADAPTIVE,string_category,long_palindrome,21,False,False,['bR8f9S98'],1.0,,0,8080,0.0354557920072693
GA_ADAPTIVE,string_category,long_palindrome,22,False,False,['1S6W70j'],1.0,,0,8080,0.0356866670044837
GA_ADAPTIVE,string_category,long_palindrome,23,True,True,['8O1O8'],0.0,long_palindrome,91,7360,0.0326147500018123
GA_ADAPTIVE,string_category,long_palindrome,24,False,False,['pbqL4vwdozAM'],1.0,,0,8080,0.0356732910004211
GA_ADAPTIVE,string_category,long_palindrome,25,False,False,['q7rIMQav3'],1.0,,0,8080,0.0355204160005087
GA_ADAPTIVE,string_category,long_palindrome,26,False,False,['bVh08jdBNK'],1.0,,0,8080,0.0355609170073876
GA_ADAPTIVE,string_category,long_palindrome,27,False,False,['xxWm3fNkq'],1.0,,0,8080,0.035441375002847
GA_ADAPTIVE,string_category,long_palindrome,28,True,True,['qffq'],0.0,long_palindrome,27,2240,0.0090892919979523
GA_ADAPTIVE,string_category,long_palindrome,29,False,False,['6MeoLEv3O'],1.0,,0,8080,0.0357924999989336
GA_ADAPTIVE,string_category,other,0,True,True,['sBmiU'],0.0,other,0,80,0.0001726250047795
GA_ADAPTIVE,string_category,other,1,True,True,['brK6v'],0.0,other,0,80,0.0001733329991111
GA_ADAPTIVE,string_category,other,2,True,True,['ZbvfH'],0.0,other,0,80,0.000170707993675
GA_ADAPTIVE,string_category,other,3,True,True,['iz'],0.0,other,0,80,0.0001702919980743
GA_ADAPTIVE,string_category,other,4,True,True,['f5lj7'],0.0,other,0,80,0.0001700830034678
GA_ADAPTIVE,string_category,other,5,True,True,['MLbon'],0.0,other,0,80,0.0001805419888114
GA_ADAPTIVE,string_category,other,6,True,True,['h9y'],0.0,other,0,80,0.0001740840089041
GA_ADAPTIVE,string_category,other,7,True,True,['iy'],0.0,other,0,80,0.000167500009411
GA_ADAPTIVE,string_category,other,8,True,True,['iVER6'],0.0,other,0,80,0.000172999993083
GA_ADAPTIVE,string_category,other,9,True,True,['jLK1i'],0.0,other,0,80,0.000163832999533
GA_ADAPTIVE,string_category,other,10,True,True,['5pSBh'],0.0,other,0,80,0.0001700829889159
GA_ADAPTIVE,string_category,other,11,True,True,['CwMbS'],0.0,other,0,80,0.0001774160045897
GA_ADAPTIVE,string_category,other,12,True,True,['NcbR'],0.0,other,0,80,0.0001733749959385
GA_ADAPTIVE,string_category,other,13,True,True,['vZuWK'],0.0,other,0,80,0.0001622500130906
GA_ADAPTIVE,string_category,other,14,True,True,['DWxc'],0.0,other,0,80,0.0001685409952187
GA_ADAPTIVE,string_category,other,15,True,True,['fn7'],0.0,other,0,80,0.0001674160012044
GA_ADAPTIVE,string_category,other,16,True,True,['Fo1WM'],0.0,other,0,80,0.0001770420058164
GA_ADAPTIVE,string_category,other,17,True,True,['wW'],0.0,other,0,80,0.0001782500039553
GA_ADAPTIVE,string_category,other,18,True,True,['jby'],0.0,other,0,80,0.0001725000038277
GA_ADAPTIVE,string_category,other,19,True,True,['LU'],0.0,other,0,80,0.0001824589999159
GA_ADAPTIVE,string_category,other,20,True,True,['nSb'],0.0,other,0,80,0.0001772079995134
GA_ADAPTIVE,string_category,other,21,True,True,['mjSa'],0.0,other,0,80,0.0001635420048842
GA_ADAPTIVE,string_category,other,22,True,True,['19AT'],0.0,other,0,80,0.000171332998434
GA_ADAPTIVE,string_category,other,23,True,True,['ZJIG'],0.0,other,0,80,0.0001663750008447
GA_ADAPTIVE,string_category,other,24,True,True,['Aorf'],0.0,other,0,80,0.0001759169972501
GA_ADAPTIVE,string_category,other,25,True,True,['Te7'],0.0,other,0,80,0.0001815839932532
GA_ADAPTIVE,string_category,other,26,True,True,['hJ'],0.0,other,0,80,0.0001731250085867
GA_ADAPTIVE,string_category,other,27,True,True,['QpgS'],0.0,other,0,80,0.0001646669988986
GA_ADAPTIVE,string_category,other,28,True,True,['R8L'],0.0,other,0,80,0.0001722500019241
GA_ADAPTIVE,string_category,other,29,True,True,['QR'],0.0,other,0,80,0.0001579590025357
GA_ADAPTIVE,string_category,short_palindrome,0,True,True,['x'],0.0,short_palindrome,0,80,0.0001790419919416
GA_ADAPTIVE,string_category,short_palindrome,1,True,True,['E'],0.0,short_palindrome,0,80,0.0001741250016493
GA_ADAPTIVE,string_category,short_palindrome,2,True,True,['K'],0.0,short_palindrome,0,80,0.0001730829972075
GA_ADAPTIVE,string_category,short_palindrome,3,True,True,['0'],0.0,short_palindrome,0,80,0.0001671249920036
GA_ADAPTIVE,string_category,short_palindrome,4,True,True,['u'],0.0,short_palindrome,0,80,0.0001786670036381
GA_ADAPTIVE,string_category,short_palindrome,5,True,True,['S'],0.0,short_palindrome,0,80,0.0001743750035529
GA_ADAPTIVE,string_category,short_palindrome,6,True,True,['U'],0.0,short_palindrome,0,80,0.0001781250030035
GA_ADAPTIVE,string_category,short_palindrome,7,True,True,['h'],0.0,short_palindrome,0,80,0.0001761250023264
GA_ADAPTIVE,string_category,short_palindrome,8,True,True,['V'],0.0,short_palindrome,0,80,0.0001781669998308
GA_ADAPTIVE,string_category,short_palindrome,9,True,True,['4'],0.0,short_palindrome,0,80,0.0001679169945418
GA_ADAPTIVE,string_category,short_palindrome,10,True,True,['m'],0.0,short_palindrome,0,80,0.0001642499992158
GA_ADAPTIVE,string_category,short_palindrome,11,True,True,['o'],0.0,short_palindrome,0,80,0.0001746249909047
GA_ADAPTIVE,string_category,short_palindrome,12,True,True,['0'],0.0,short_palindrome,0,80,0.0001695419923635
GA_ADAPTIVE,string_category,short_palindrome,13,True,True,['R'],0.0,short_palindrome,0,80,0.0001669170014793
GA_ADAPTIVE,string_category,short_palindrome,14,True,True,['f'],0.0,short_palindrome,0,80,0.0001666250027483
GA_ADAPTIVE,string_category,short_palindrome,15,True,True,['C'],0.0,short_palindrome,0,80,0.000164750003023
GA_ADAPTIVE,string_category,short_palindrome,16,True,True,['H'],0.0,short_palindrome,0,80,0.000175749999471
GA_ADAPTIVE,string_category,short_palindrome,17,True,True,['t'],0.0,short_palindrome,0,80,0.0001756249985191
GA_ADAPTIVE,string_category,short_palindrome,18,True,True,['n'],0.0,short_palindrome,0,80,0.0001755419943947
GA_ADAPTIVE,string_category,short_palindrome,19,True,True,['5'],0.0,short_palindrome,0,80,0.0001788749941624
GA_ADAPTIVE,string_category,short_palindrome,20,True,True,['j'],0.0,short_palindrome,0,80,0.0001711249933578
GA_ADAPTIVE,string_category,short_palindrome,21,True,True,['k'],0.0,short_palindrome,0,80,0.0001701250002952
GA_ADAPTIVE,string_category,short_palindrome,22,True,True,['R'],0.0,short_palindrome,0,80,0.0001688749907771
GA_ADAPTIVE,string_category,short_palindrome,23,True,True,['5'],0.0,short_palindrome,0,80,0.0001806669897632
GA_ADAPTIVE,string_category,short_palindrome,24,True,True,['n1n'],0.0,short_palindrome,0,80,0.0001698330015642
GA_ADAPTIVE,string_category,short_palindrome,25,True,True,['c'],0.0,short_palindrome,0,80,0.000166290992638
GA_ADAPTIVE,string_category,short_palindrome,26,True,True,['G'],0.0,short_palindrome,0,80,0.0001711669901851
GA_ADAPTIVE,string_category,short_palindrome,27,True,True,['B'],0.0,short_palindrome,0,80,0.0001748749928083
GA_ADAPTIVE,string_category,short_palindrome,28,True,True,['t'],0.0,short_palindrome,0,80,0.0001824999926611
GA_ADAPTIVE,string_category,short_palindrome,29,True,True,['u'],0.0,short_palindrome,0,80,0.000172082989593
GA_ADAPTIVE,transaction_pattern,contains_zero,0,True,True,"[[-4, 18, 1, 12, -19, 0, 2, -18]]",0.0,contains_zero,0,80,0.0001622919953661
GA_ADAPTIVE,transaction_pattern,contains_zero,1,True,True,"[[-4, -10, 17, 15, 0, -12, -13, -20]]",0.0,contains_zero,0,80,0.0001642080023884
GA_ADAPTIVE,transaction_pattern,contains_zero,2,True,True,"[[10, 0, 2, -15, 19]]",0.0,contains_zero,0,80,0.0001690420031081
GA_ADAPTIVE,transaction_pattern,contains_zero,3,True,True,"[[3, 0, 0, 7, -19, -18, 3, 13]]",0.0,contains_zero,0,80,0.0001563340047141
GA_ADAPTIVE,transaction_pattern,contains_zero,4,True,True,"[[-3, 1, 0, 4, -13]]",0.0,contains_zero,0,80,0.0001649999903747
GA_ADAPTIVE,transaction_pattern,contains_zero,5,True,True,"[[-19, 4, 0, -8, 7, -15]]",0.0,contains_zero,0,80,0.0001562909892527
GA_ADAPTIVE,transaction_pattern,contains_zero,6,True,True,"[[0, -20, -9, -15, -15, 15, -19]]",0.0,contains_zero,0,80,0.0001545410050312
GA_ADAPTIVE,transaction_pattern,contains_zero,7,True,True,"[[14, 0, -17, 4, 9]]",0.0,contains_zero,0,80,0.0001571669999975
GA_ADAPTIVE,transaction_pattern,contains_zero,8,True,True,"[[20, -18, 3, 20, 19, 0]]",0.0,contains_zero,0,80,0.000157415997819
GA_ADAPTIVE,transaction_pattern,contains_zero,9,True,True,"[[-15, -6, -5, -16, 0, -2, -14]]",0.0,contains_zero,0,80,0.000162458003615
GA_ADAPTIVE,transaction_pattern,contains_zero,10,True,True,"[[13, -14, 0, 10, -12, -1]]",0.0,contains_zero,0,80,0.000156166992383
GA_ADAPTIVE,transaction_pattern,contains_zero,11,True,True,"[[10, 12, 2, 0, 2, -16, -9, 10]]",0.0,contains_zero,0,80,0.0001658340042922
GA_ADAPTIVE,transaction_pattern,contains_zero,12,True,True,"[[0, 11, 13, 15, 0, 2, -10]]",0.0,contains_zero,0,80,0.0001735409896355
GA_ADAPTIVE,transaction_pattern,contains_zero,13,True,True,"[[10, -19, -18, 19, 3, 0]]",0.0,contains_zero,0,80,0.0001518339995527
GA_ADAPTIVE,transaction_pattern,contains_zero,14,True,True,"[[-14, -11, 0, 17, 11, 12, -15, -5]]",0.0,contains_zero,0,80,0.0001856250019045
GA_ADAPTIVE,transaction_pattern,contains_zero,15,True,True,"[[0, -18, 20]]",0.0,contains_zero,0,80,0.0001550419983686
GA_ADAPTIVE,transaction_pattern,contains_zero,16,True,True,"[[-9, -14, 0, -18, 11, -19]]",0.0,contains_zero,0,80,0.0001571659959154
GA_ADAPTIVE,transaction_pattern,contains_zero,17,True,True,"[[-18, 15, -5, 8, -19, 0]]",0.0,contains_zero,0,80,0.0001639170077396
GA_ADAPTIVE,transaction_pattern,contains_zero,18,True,True,"[[-5, 11, 0]]",0.0,contains_zero,0,80,0.0001587500009918
GA_ADAPTIVE,transaction_pattern,contains_zero,19,True,True,"[[0, -16, -13, -8, 2]]",0.0,contains_zero,0,80,0.0001505419932072
GA_ADAPTIVE,transaction_pattern,contains_zero,20,True,True,"[[0, -2, -15, -13, 8, -17]]",0.0,contains_zero,0,80,0.0001479580096201
GA_ADAPTIVE,transaction_pattern,contains_zero,21,True,True,"[[14, -14, -1, 0]]",0.0,contains_zero,0,80,0.0001611250045243
GA_ADAPTIVE,transaction_pattern,contains_zero,22,True,True,"[[-19, 0, 17]]",0.0,contains_zero,0,80,0.000156958005391
GA_ADAPTIVE,transaction_pattern,contains_zero,23,True,True,"[[-1, -14, 7, -16, -7, -4, 0, 18]]",0.0,contains_zero,0,80,0.0001585839927429
GA_ADAPTIVE,transaction_pattern,contains_zero,24,True,True,"[[17, 6, 15, 0]]",0.0,contains_zero,0,80,0.000167666003108
GA_ADAPTIVE,transaction_pattern,contains_zero,25,True,True,"[[-18, 18, 5, 0, 10, -2, 12, -20]]",0.0,contains_zero,0,80,0.0001553329930175
GA_ADAPTIVE,transaction_pattern,contains_zero,26,True,True,[[0]],0.0,contains_zero,0,80,0.0001690839999355
GA_ADAPTIVE,transaction_pattern,contains_zero,27,True,True,"[[14, 2, 7, 15, 0, 12, -8]]",0.0,contains_zero,0,80,0.0001627080055186
GA_ADAPTIVE,transaction_pattern,contains_zero,28,True,True,"[[6, 10, -7, 0, -19, -4, 18, 9]]",0.0,contains_zero,0,80,0.0001726659975247
GA_ADAPTIVE,transaction_pattern,contains_zero,29,True,True,"[[-5, 12, 18, 0, -12, 16, 18, 4]]",0.0,contains_zero,0,80,0.0001587080041645
GA_ADAPTIVE,transaction_pattern,empty,0,True,True,[[]],0.0,empty,0,80,0.0001431249984307
GA_ADAPTIVE,transaction_pattern,empty,1,True,True,[[]],0.0,empty,0,80,0.0001380829926347
GA_ADAPTIVE,transaction_pattern,empty,2,True,True,[[]],0.0,empty,0,80,0.0001307500060647
GA_ADAPTIVE,transaction_pattern,empty,3,True,True,[[]],0.0,empty,0,80,0.0001273329980904
GA_ADAPTIVE,transaction_pattern,empty,4,True,True,[[]],0.0,empty,0,80,0.0001315840054303
GA_ADAPTIVE,transaction_pattern,empty,5,True,True,[[]],0.0,empty,0,80,0.000138290997711
GA_ADAPTIVE,transaction_pattern,empty,6,True,True,[[]],0.0,empty,0,80,0.0001319580042036
GA_ADAPTIVE,transaction_pattern,empty,7,True,True,[[]],0.0,empty,0,80,0.0001279999996768
GA_ADAPTIVE,transaction_pattern,empty,8,True,True,[[]],0.0,empty,0,80,0.0001252499932888
GA_ADAPTIVE,transaction_pattern,empty,9,True,True,[[]],0.0,empty,0,80,0.0001287500053877
GA_ADAPTIVE,transaction_pattern,empty,10,True,True,[[]],0.0,empty,0,80,0.0001352079998468
GA_ADAPTIVE,transaction_pattern,empty,11,True,True,[[]],0.0,empty,0,80,0.0001360829919576
GA_ADAPTIVE,transaction_pattern,empty,12,True,True,[[]],0.0,empty,0,80,0.0001298330025747
GA_ADAPTIVE,transaction_pattern,empty,13,True,True,[[]],0.0,empty,0,80,0.0001255410024896
GA_ADAPTIVE,transaction_pattern,empty,14,True,True,[[]],0.0,empty,0,80,0.0001391660043736
GA_ADAPTIVE,transaction_pattern,empty,15,True,True,[[]],0.0,empty,0,80,0.000127582999994
GA_ADAPTIVE,transaction_pattern,empty,16,True,True,[[]],0.0,empty,0,80,0.0001346659992123
GA_ADAPTIVE,transaction_pattern,empty,17,True,True,[[]],0.0,empty,0,80,0.0001297920098295
GA_ADAPTIVE,transaction_pattern,empty,18,True,True,[[]],0.0,empty,0,80,0.0001366249925922
GA_ADAPTIVE,transaction_pattern,empty,19,True,True,[[]],0.0,empty,0,80,0.0001307500060647
GA_ADAPTIVE,transaction_pattern,empty,20,True,True,[[]],0.0,empty,0,80,0.000128792002215
GA_ADAPTIVE,transaction_pattern,empty,21,True,True,[[]],0.0,empty,0,80,0.0001276249968213
GA_ADAPTIVE,transaction_pattern,empty,22,True,True,[[]],0.0,empty,0,80,0.0001329579972662
GA_ADAPTIVE,transaction_pattern,empty,23,True,True,[[]],0.0,empty,0,80,0.0001357919973088
GA_ADAPTIVE,transaction_pattern,empty,24,True,True,[[]],0.0,empty,0,80,0.0001320830051554
GA_ADAPTIVE,transaction_pattern,empty,25,True,True,[[]],0.0,empty,0,80,0.0001279999996768
GA_ADAPTIVE,transaction_pattern,empty,26,True,True,[[]],0.0,empty,0,80,0.0001284589961869
GA_ADAPTIVE,transaction_pattern,empty,27,True,True,[[]],0.0,empty,0,80,0.0001337499998044
GA_ADAPTIVE,transaction_pattern,empty,28,True,True,[[]],0.0,empty,0,80,0.0001416250015608
GA_ADAPTIVE,transaction_pattern,empty,29,True,True,[[]],0.0,empty,0,80,0.0001277919946005
GA_ADAPTIVE,transaction_pattern,many_large_deposits,0,True,True,"[[18, 16, 16, 19, 19, 16]]",0.0,many_large_deposits,7,640,0.0038649999914923
GA_ADAPTIVE,transaction_pattern,many_large_deposits,1,True,True,"[[15, 20, 16, 13, 6, 11, 8, 18]]",0.0,many_large_deposits,4,400,0.0023591250064782
GA_ADAPTIVE,transaction_pattern,many_large_deposits,2,True,True,"[[19, 12, 9, 5, 20, 20, 16]]",0.0,many_large_deposits,8,720,0.004517459005001
GA_ADAPTIVE,transaction_pattern,many_large_deposits,3,True,True,"[[19, 12, 18, 8, 2, 17, 14, 16]]",0.0,many_large_deposits,7,640,0.0041087080026045
GA_ADAPTIVE,transaction_pattern,many_large_deposits,4,True,True,"[[18, 9, 11, 5, 20, 11, 17, 18]]",0.0,many_large_deposits,5,480,0.0029048750002402
GA_ADAPTIVE,transaction_pattern,many_large_deposits,5,True,True,"[[15, 13, 17, 13, 6, 7, 17, 16]]",0.0,many_large_deposits,5,480,0.0029684159962926
GA_ADAPTIVE,transaction_pattern,many_large_deposits,6,True,True,"[[4, 10, 20, 7, 16, 15, 17, 18]]",0.0,many_large_deposits,4,400,0.0023722090118099
GA_ADAPTIVE,transaction_pattern,many_large_deposits,7,True,True,"[[10, 18, 10, 16, 20, 14, 20]]",0.0,many_large_deposits,7,640,0.003883625002345
GA_ADAPTIVE,transaction_pattern,many_large_deposits,8,True,True,"[[4, 17, 14, 2, 12, 20, 19, 18]]",0.0,many_large_deposits,11,960,0.0064757079962873
GA_ADAPTIVE,transaction_pattern,many_large_deposits,9,True,True,"[[18, 3, 9, 13, 20, 20, 12, 12]]",0.0,many_large_deposits,9,800,0.0049531249969732
GA_ADAPTIVE,transaction_pattern,many_large_deposits,10,True,True,"[[18, 14, 6, 14, 19, 18, 18]]",0.0,many_large_deposits,9,800,0.0047802079934626
GA_ADAPTIVE,transaction_pattern,many_large_deposits,11,True,True,"[[20, 13, 8, 9, 18, 16, 17]]",0.0,many_large_deposits,7,640,0.0041499159997329
GA_ADAPTIVE,transaction_pattern,many_large_deposits,12,True,True,"[[8, 7, 20, 20, 8, 13, 17, 16]]",0.0,many_large_deposits,13,1120,0.0074088330002268
GA_ADAPTIVE,transaction_pattern,many_large_deposits,13,True,True,"[[17, 18, 15, 5, 16, 18, 15]]",0.0,many_large_deposits,10,880,0.0054926250013522
GA_ADAPTIVE,transaction_pattern,many_large_deposits,14,True,True,"[[15, 10, 18, 16, 15, 15, 17]]",0.0,many_large_deposits,13,1120,0.0076276659965515
GA_ADAPTIVE,transaction_pattern,many_large_deposits,15,True,True,"[[20, 19, 11, 9, 7, 3, 16, 18]]",0.0,many_large_deposits,10,880,0.0058857500116573
GA_ADAPTIVE,transaction_pattern,many_large_deposits,16,True,True,"[[16, 10, 16, 18, 16, 16, 15]]",0.0,many_large_deposits,12,1040,0.0070719579962315
GA_ADAPTIVE,transaction_pattern,many_large_deposits,17,True,True,"[[6, 6, 19, 14, 6, 19, 16, 15]]",0.0,many_large_deposits,8,720,0.0046412920055445
GA_ADAPTIVE,transaction_pattern,many_large_deposits,18,True,True,"[[8, 19, 14, 17, 20, 9, 15]]",0.0,many_large_deposits,2,240,0.0012257909984327
GA_ADAPTIVE,transaction_pattern,many_large_deposits,19,True,True,"[[15, 10, 16, 19, 18, 20, 16]]",0.0,many_large_deposits,12,1040,0.0070201670023379
GA_ADAPTIVE,transaction_pattern,many_large_deposits,20,True,True,"[[6, 20, 15, 15, 13, 11, 13, 17]]",0.0,many_large_deposits,9,800,0.0052147090027574
GA_ADAPTIVE,transaction_pattern,many_large_deposits,21,True,True,"[[2, 15, 16, 17, 20, 4, 18, 10]]",0.0,many_large_deposits,13,1120,0.0077219170052558
GA_ADAPTIVE,transaction_pattern,many_large_deposits,22,True,True,"[[8, 18, 7, 8, 11, 15, 20, 17]]",0.0,many_large_deposits,8,720,0.0044554170017363
GA_ADAPTIVE,transaction_pattern,many_large_deposits,23,True,True,"[[12, 10, 3, 15, 16, 19, 20, 10]]",0.0,many_large_deposits,4,400,0.0023317500017583
GA_ADAPTIVE,transaction_pattern,many_large_deposits,24,True,True,"[[20, 4, 9, 20, 19, 17, 12]]",0.0,many_large_deposits,6,560,0.0034597079938976
GA_ADAPTIVE,transaction_pattern,many_large_deposits,25,True,True,"[[15, 19, 18, 12, 16, 17, 5]]",0.0,many_large_deposits,7,640,0.00413404100982
GA_ADAPTIVE,transaction_pattern,many_large_deposits,26,True,True,"[[16, 17, 14, 15, 15, 9, 18]]",0.0,many_large_deposits,6,560,0.0031014999985927
GA_ADAPTIVE,transaction_pattern,many_large_deposits,27,True,True,"[[6, 12, 19, 9, 19, 6, 19, 16]]",0.0,many_large_deposits,11,960,0.0061324999987846
GA_ADAPTIVE,transaction_pattern,many_large_deposits,28,True,True,"[[15, 7, 17, 17, 8, 5, 13, 19]]",0.0,many_large_deposits,13,1120,0.0074794579995796
GA_ADAPTIVE,transaction_pattern,many_large_deposits,29,True,True,"[[20, 17, 9, 16, 15, 18, 17]]",0.0,many_large_deposits,10,880,0.0057417079951846
GA_ADAPTIVE,transaction_pattern,many_large_withdrawals,0,True,True,"[[2, -20, -7, -11, 4, -5, -8, -16]]",0.0,many_large_withdrawals,0,80,0.0001908330013975
GA_ADAPTIVE,transaction_pattern,many_large_withdrawals,1,True,True,"[[-12, -15, -20, -15, 6, -16]]",0.0,many_large_withdrawals,0,80,0.000183249998372
GA_ADAPTIVE,transaction_pattern,many_large_withdrawals,2,True,True,"[[-6, -19, -19, -8]]",0.0,many_large_withdrawals,0,80,0.0001953750033862
GA_ADAPTIVE,transaction_pattern,many_large_withdrawals,3,True,True,"[[-18, -15, 4, 1, -13, -16]]",0.0,many_large_withdrawals,0,80,0.000176667002961
GA_ADAPTIVE,transaction_pattern,many_large_withdrawals,4,True,True,"[[-20, -15, 11, -13, -16]]",0.0,many_large_withdrawals,2,240,0.0011670840031001
GA_ADAPTIVE,transaction_pattern,many_large_withdrawals,5,True,True,"[[-12, -10, 2, 8, -11, -15, -14]]",0.0,many_large_withdrawals,2,240,0.00118208299682
GA_ADAPTIVE,transaction_pattern,many_large_withdrawals,6,True,True,"[[-16, -17, 18, -6, -15, -2, -13]]",0.0,many_large_withdrawals,3,320,0.0017160840070573
GA_ADAPTIVE,transaction_pattern,many_large_withdrawals,7,True,True,"[[-13, -17, -11, -8, 4, -19, -2]]",0.0,many_large_withdrawals,0,80,0.000167334001162
GA_ADAPTIVE,transaction_pattern,many_large_withdrawals,8,True,True,"[[-17, -2, -15, -7, -16]]",0.0,many_large_withdrawals,0,80,0.0001809169916668
GA_ADAPTIVE,transaction_pattern,many_large_withdrawals,9,True,True,"[[-6, -6, 1, -11, -12, -19]]",0.0,many_large_withdrawals,1,160,0.0007092500018188
GA_ADAPTIVE,transaction_pattern,many_large_withdrawals,10,True,True,"[[-16, 4, -16, -11, 2, -20, 2, -20]]",0.0,many_large_withdrawals,0,80,0.000196249995497
GA_ADAPTIVE,transaction_pattern,many_large_withdrawals,11,True,True,"[[-19, 6, 18, -13, -15, -19, -14]]",0.0,many_large_withdrawals,0,80,0.0001713340025162
GA_ADAPTIVE,transaction_pattern,many_large_withdrawals,12,True,True,"[[-3, 1, -6, -16, -15, 6, -19]]",0.0,many_large_withdrawals,0,80,0.0001966249983524
GA_ADAPTIVE,transaction_pattern,many_large_withdrawals,13,True,True,"[[-20, -20, 11, -13, -15]]",0.0,many_large_withdrawals,1,160,0.0006614580051973
GA_ADAPTIVE,transaction_pattern,many_large_withdrawals,14,True,True,"[[-14, -11, 2, -11, -11, 9, -19]]",0.0,many_large_withdrawals,0,80,0.0001759169972501
GA_ADAPTIVE,transaction_pattern,many_large_withdrawals,15,True,True,"[[-17, -19, -19]]",0.0,many_large_withdrawals,1,160,0.0006867500051157
GA_ADAPTIVE,transaction_pattern,many_large_withdrawals,16,True,True,"[[-3, -7, 1, -14, 15, -18, -8, -20]]",0.0,many_large_withdrawals,2,240,0.0012123750057071
GA_ADAPTIVE,transaction_pattern,many_large_withdrawals,17,True,True,"[[-13, -19, 10, -17, -20]]",0.0,many_large_withdrawals,0,80,0.000171167004737
GA_ADAPTIVE,transaction_pattern,many_large_withdrawals,18,True,True,"[[-15, -6, -3, 2, -13, -4, -19]]",0.0,many_large_withdrawals,0,80,0.0001839580072555
GA_ADAPTIVE,transaction_pattern,many_large_withdrawals,19,True,True,"[[20, -12, -19, -13, -10, -19, -13]]",0.0,many_large_withdrawals,0,80,0.0001802079932531
GA_ADAPTIVE,transaction_pattern,many_large_withdrawals,20,True,True,"[[-13, -15, -8, -17]]",0.0,many_large_withdrawals,0,80,0.000170707993675
GA_ADAPTIVE,transaction_pattern,many_large_withdrawals,21,True,True,"[[-17, -11, -8, -3, -7, -14]]",0.0,many_large_withdrawals,0,80,0.0001808750093914
GA_ADAPTIVE,transaction_pattern,many_large_withdrawals,22,True,True,"[[-19, -12, -18, -17, -11, 7]]",0.0,many_large_withdrawals,0,80,0.000190916005522
GA_ADAPTIVE,transaction_pattern,many_large_withdrawals,23,True,True,"[[-13, 5, 12, -11, -15, -13, -17]]",0.0,many_large_withdrawals,0,80,0.0001907080004457
GA_ADAPTIVE,transaction_pattern,many_large_withdrawals,24,True,True,"[[-16, -3, -14, -18]]",0.0,many_large_withdrawals,1,160,0.0006679999933112
GA_ADAPTIVE,transaction_pattern,many_large_withdrawals,25,True,True,"[[-18, -16, -11, -13, 6, -20, -1, 18]]",0.0,many_large_withdrawals,0,80,0.0001888340048026
GA_ADAPTIVE,transaction_pattern,many_large_withdrawals,26,True,True,"[[-17, -18, -5, -19]]",0.0,many_large_withdrawals,0,80,0.0001902499934658
GA_ADAPTIVE,transaction_pattern,many_large_withdrawals,27,True,True,"[[-15, -19, -20, -1]]",0.0,many_large_withdrawals,0,80,0.0001840830082073
GA_ADAPTIVE,transaction_pattern,many_large_withdrawals,28,True,True,"[[-17, 2, -20, 5, -18, 5, -15, -6]]",0.0,many_large_withdrawals,0,80,0.0001930419966811
GA_ADAPTIVE,transaction_pattern,many_large_withdrawals,29,True,True,"[[-3, -12, -13, -16, -12]]",0.0,many_large_withdrawals,0,80,0.0001875410089269
GA_ADAPTIVE,transaction_pattern,mixed_transactions,0,True,True,"[[20, -20, -7, -15, 6, 13, 7]]",0.0,mixed_transactions,0,80,0.0001833339920267
GA_ADAPTIVE,transaction_pattern,mixed_transactions,1,True,True,"[[6, 4, -13, 11, 2, -18, 13]]",0.0,mixed_transactions,0,80,0.0001961670059245
GA_ADAPTIVE,transaction_pattern,mixed_transactions,2,True,True,"[[-1, 5, 18]]",0.0,mixed_transactions,0,80,0.000197332992684
GA_ADAPTIVE,transaction_pattern,mixed_transactions,3,True,True,"[[12, -8, 14, -14, 11, 7, 2]]",0.0,mixed_transactions,0,80,0.0001947080017998
GA_ADAPTIVE,transaction_pattern,mixed_transactions,4,True,True,"[[3, -3, -5, 18]]",0.0,mixed_transactions,0,80,0.0001862499921116
GA_ADAPTIVE,transaction_pattern,mixed_transactions,5,True,True,"[[-5, -20, 3, 18, -14, -5, -17, -12]]",0.0,mixed_transactions,0,80,0.0001833340065786
GA_ADAPTIVE,transaction_pattern,mixed_transactions,6,True,True,"[[8, -14, -11, 2, 20, 5]]",0.0,mixed_transactions,0,80,0.0001701250002952
GA_ADAPTIVE,transaction_pattern,mixed_transactions,7,True,True,"[[-19, 2, 10]]",0.0,mixed_transactions,0,80,0.0001682080037426
GA_ADAPTIVE,transaction_pattern,mixed_transactions,8,True,True,"[[-11, -20, 14, 13, -2, 5]]",0.0,mixed_transactions,0,80,0.0001804589992389
GA_ADAPTIVE,transaction_pattern,mixed_transactions,9,True,True,"[[-2, 2]]",0.0,mixed_transactions,0,80,0.0001752090029185
GA_ADAPTIVE,transaction_pattern,mixed_transactions,10,True,True,"[[11, 4, 19, -3, 9]]",0.0,mixed_transactions,0,80,0.0001845420047175
GA_ADAPTIVE,transaction_pattern,mixed_transactions,11,True,True,"[[-4, -10, -4, 11, 5, 7]]",0.0,mixed_transactions,0,80,0.0001740829902701
GA_ADAPTIVE,transaction_pattern,mixed_transactions,12,True,True,"[[-5, -9, -8, -6, 15]]",0.0,mixed_transactions,0,80,0.0001776660064933
GA_ADAPTIVE,transaction_pattern,mixed_transactions,13,True,True,"[[-10, 11, -18, -19, -14, -2, -14, 6]]",0.0,mixed_transactions,0,80,0.00018658398767
GA_ADAPTIVE,transaction_pattern,mixed_transactions,14,True,True,"[[-15, -20, 13]]",0.0,mixed_transactions,0,80,0.0001904590026242
GA_ADAPTIVE,transaction_pattern,mixed_transactions,15,True,True,"[[4, 20, -6, -4, 1]]",0.0,mixed_transactions,0,80,0.000173917011125
GA_ADAPTIVE,transaction_pattern,mixed_transactions,16,True,True,"[[20, -6]]",0.0,mixed_transactions,0,80,0.0001738330029183
GA_ADAPTIVE,transaction_pattern,mixed_transactions,17,True,True,"[[14, 7, 20, -8, -12, 15, -1]]",0.0,mixed_transactions,0,80,0.0001865000085672
GA_ADAPTIVE,transaction_pattern,mixed_transactions,18,True,True,"[[9, 15, 2, 11, -14, -14, 4, 14]]",0.0,mixed_transactions,0,80,0.0001829999964684
GA_ADAPTIVE,transaction_pattern,mixed_transactions,19,True,True,"[[-6, 17, 14, 4, -14]]",0.0,mixed_transactions,0,80,0.000179125010618
GA_ADAPTIVE,transaction_pattern,mixed_transactions,20,True,True,"[[6, -14, 2, -17, 13, 6, -9]]",0.0,mixed_transactions,0,80,0.0001813330018194
GA_ADAPTIVE,transaction_pattern,mixed_transactions,21,True,True,"[[5, -16, 17, 11]]",0.0,mixed_transactions,0,80,0.0001767089997883
GA_ADAPTIVE,transaction_pattern,mixed_transactions,22,True,True,"[[14, -3, -10, -12, -20, 4]]",0.0,mixed_transactions,0,80,0.0001860839984146
GA_ADAPTIVE,transaction_pattern,mixed_transactions,23,True,True,"[[-18, 9, -13]]",0.0,mixed_transactions,0,80,0.0001909999991767
GA_ADAPTIVE,transaction_pattern,mixed_transactions,24,True,True,"[[-18, -2, 8]]",0.0,mixed_transactions,0,80,0.0001685000024735
GA_ADAPTIVE,transaction_pattern,mixed_transactions,25,True,True,"[[14, -11, -20, -3, 14]]",0.0,mixed_transactions,0,80,0.0001803329942049
GA_ADAPTIVE,transaction_pattern,mixed_transactions,26,True,True,"[[11, 1, -8, 12, -17]]",0.0,mixed_transactions,0,80,0.0001732910022838
GA_ADAPTIVE,transaction_pattern,mixed_transactions,27,True,True,"[[-10, 2]]",0.0,mixed_transactions,0,80,0.0001747909991536
GA_ADAPTIVE,transaction_pattern,mixed_transactions,28,True,True,"[[3, 11, -5, -3, -11]]",0.0,mixed_transactions,0,80,0.0001849590044002
GA_ADAPTIVE,transaction_pattern,mixed_transactions,29,True,True,"[[7, 11, 20, -8]]",0.0,mixed_transactions,0,80,0.0001905000099213
GA_ADAPTIVE,transaction_pattern,simple_pattern,0,True,True,[[-11]],0.0,simple_pattern,0,80,0.0002063330030068
GA_ADAPTIVE,transaction_pattern,simple_pattern,1,True,True,[[-15]],0.0,simple_pattern,0,80,0.0002084169973386
GA_ADAPTIVE,transaction_pattern,simple_pattern,2,True,True,[[-3]],0.0,simple_pattern,0,80,0.0002019579987972
GA_ADAPTIVE,transaction_pattern,simple_pattern,3,True,True,[[-8]],0.0,simple_pattern,0,80,0.0002130000066244
GA_ADAPTIVE,transaction_pattern,simple_pattern,4,True,True,[[9]],0.0,simple_pattern,0,80,0.0002154590038117
GA_ADAPTIVE,transaction_pattern,simple_pattern,5,True,True,"[[12, 6, 18]]",0.0,simple_pattern,0,80,0.0002150420041289
GA_ADAPTIVE,transaction_pattern,simple_pattern,6,True,True,[[15]],0.0,simple_pattern,0,80,0.0002092500071739
GA_ADAPTIVE,transaction_pattern,simple_pattern,7,True,True,[[4]],0.0,simple_pattern,0,80,0.0002103339938912
GA_ADAPTIVE,transaction_pattern,simple_pattern,8,True,True,[[4]],0.0,simple_pattern,0,80,0.0002021670079557
GA_ADAPTIVE,transaction_pattern,simple_pattern,9,True,True,"[[-18, -11, -2, -5, -12]]",0.0,simple_pattern,0,80,0.0002177090063923
GA_ADAPTIVE,transaction_pattern,simple_pattern,10,True,True,[[-10]],0.0,simple_pattern,0,80,0.0002189590013585
GA_ADAPTIVE,transaction_pattern,simple_pattern,11,True,True,[[19]],0.0,simple_pattern,0,80,0.000210167010664
GA_ADAPTIVE,transaction_pattern,simple_pattern,12,True,True,[[9]],0.0,simple_pattern,0,80,0.0002123339945683
GA_ADAPTIVE,transaction_pattern,simple_pattern,13,True,True,"[[4, 4, 10, 14, 19, 2]]",0.0,simple_pattern,0,80,0.000207874996704
GA_ADAPTIVE,transaction_pattern,simple_pattern,14,True,True,"[[-17, -7, -13]]",0.0,simple_pattern,0,80,0.0002129159984178
GA_ADAPTIVE,transaction_pattern,simple_pattern,15,True,True,[[-5]],0.0,simple_pattern,0,80,0.000213374994928
GA_ADAPTIVE,transaction_pattern,simple_pattern,16,True,True,[[14]],0.0,simple_pattern,0,80,0.0002069999900413
GA_ADAPTIVE,transaction_pattern,simple_pattern,17,True,True,"[[10, 18, 9]]",0.0,simple_pattern,0,80,0.0002131670044036
GA_ADAPTIVE,transaction_pattern,simple_pattern,18,True,True,[[2]],0.0,simple_pattern,0,80,0.0002238329907413
GA_ADAPTIVE,transaction_pattern,simple_pattern,19,True,True,"[[20, 12]]",0.0,simple_pattern,0,80,0.000201915987418
GA_ADAPTIVE,transaction_pattern,simple_pattern,20,True,True,"[[-2, -3]]",0.0,simple_pattern,0,80,0.000194874999579
GA_ADAPTIVE,transaction_pattern,simple_pattern,21,True,True,[[-12]],0.0,simple_pattern,0,80,0.0002195830020355
GA_ADAPTIVE,transaction_pattern,simple_pattern,22,True,True,"[[6, 11]]",0.0,simple_pattern,0,80,0.000207874996704
GA_ADAPTIVE,transaction_pattern,simple_pattern,23,True,True,"[[6, 12]]",0.0,simple_pattern,0,80,0.0002108329936163
GA_ADAPTIVE,transaction_pattern,simple_pattern,24,True,True,[[-8]],0.0,simple_pattern,0,80,0.0002247499942313
GA_ADAPTIVE,transaction_pattern,simple_pattern,25,True,True,[[19]],0.0,simple_pattern,0,80,0.0002079999976558
GA_ADAPTIVE,transaction_pattern,simple_pattern,26,True,True,[[14]],0.0,simple_pattern,0,80,0.0002152499946532
GA_ADAPTIVE,transaction_pattern,simple_pattern,27,True,True,[[12]],0.0,simple_pattern,0,80,0.0001970419980352
GA_ADAPTIVE,transaction_pattern,simple_pattern,28,True,True,"[[-8, -10]]",0.0,simple_pattern,0,80,0.0002125829923897
GA_ADAPTIVE,transaction_pattern,simple_pattern,29,True,True,[[-3]],0.0,simple_pattern,0,80,0.0002203329931944
GA_ADAPTIVE,triangle_type,equilateral,0,True,True,"[509, 509, 509]",0.0,equilateral,26,2160,0.0137497910036472
GA_ADAPTIVE,triangle_type,equilateral,1,True,True,"[539, 539, 539]",0.0,equilateral,30,2480,0.01595187500061
GA_ADAPTIVE,triangle_type,equilateral,2,True,True,"[564, 564, 564]",0.0,equilateral,18,1520,0.0095536250009899
GA_ADAPTIVE,triangle_type,equilateral,3,True,True,"[411, 411, 411]",0.0,equilateral,18,1520,0.0096146669966401
GA_ADAPTIVE,triangle_type,equilateral,4,True,True,"[487, 487, 487]",0.0,equilateral,17,1440,0.0090174579963786
GA_ADAPTIVE,triangle_type,equilateral,5,True,True,"[536, 536, 536]",0.0,equilateral,26,2160,0.0137397500075167
GA_ADAPTIVE,triangle_type,equilateral,6,True,True,"[559, 559, 559]",0.0,equilateral,17,1440,0.0090493750030873
GA_ADAPTIVE,triangle_type,equilateral,7,True,True,"[525, 525, 525]",0.0,equilateral,16,1360,0.0085230839904397
GA_ADAPTIVE,triangle_type,equilateral,8,True,True,"[482, 482, 482]",0.0,equilateral,9,800,0.004893292003544
GA_ADAPTIVE,triangle_type,equilateral,9,True,True,"[677, 677, 677]",0.0,equilateral,16,1360,0.0085315000033006
GA_ADAPTIVE,triangle_type,equilateral,10,True,True,"[450, 450, 450]",0.0,equilateral,16,1360,0.0085972499946365
GA_ADAPTIVE,triangle_type,equilateral,11,True,True,"[916, 916, 916]",0.0,equilateral,23,1920,0.0121502500114729
GA_ADAPTIVE,triangle_type,equilateral,12,True,True,"[945, 945, 945]",0.0,equilateral,17,1440,0.0090302919998066
GA_ADAPTIVE,triangle_type,equilateral,13,True,True,"[719, 719, 719]",0.0,equilateral,16,1360,0.0085880829865345
GA_ADAPTIVE,triangle_type,equilateral,14,True,True,"[806, 806, 806]",0.0,equilateral,16,1360,0.0084385000081965
GA_ADAPTIVE,triangle_type,equilateral,15,True,True,"[497, 497, 497]",0.0,equilateral,3,320,0.0017960419936571
GA_ADAPTIVE,triangle_type,equilateral,16,True,True,"[358, 358, 358]",0.0,equilateral,14,1200,0.0075005409889854
GA_ADAPTIVE,triangle_type,equilateral,17,False,False,"[297, 297, 296]",1.0,,12,8080,0.0556093329942086
GA_ADAPTIVE,triangle_type,equilateral,18,True,True,"[305, 305, 305]",0.0,equilateral,12,1040,0.0064532499964116
GA_ADAPTIVE,triangle_type,equilateral,19,True,True,"[435, 435, 435]",0.0,equilateral,10,880,0.0054361250076908
GA_ADAPTIVE,triangle_type,equilateral,20,True,True,"[647, 647, 647]",0.0,equilateral,22,1840,0.0116920419968664
GA_ADAPTIVE,triangle_type,equilateral,21,True,True,"[642, 642, 642]",0.0,equilateral,15,1280,0.0080587919946992
GA_ADAPTIVE,triangle_type,equilateral,22,True,True,"[868, 868, 868]",0.0,equilateral,25,2080,0.0131836249929619
GA_ADAPTIVE,triangle_type,equilateral,23,True,True,"[394, 394, 394]",0.0,equilateral,22,1840,0.0115056249924236
GA_ADAPTIVE,triangle_type,equilateral,24,True,True,"[459, 459, 459]",0.0,equilateral,11,960,0.0059525830001803
GA_ADAPTIVE,triangle_type,equilateral,25,True,True,"[197, 197, 197]",0.0,equilateral,26,2160,0.0137534999958006
GA_ADAPTIVE,triangle_type,equilateral,26,True,True,"[771, 771, 771]",0.0,equilateral,12,1040,0.0064821250125532
GA_ADAPTIVE,triangle_type,equilateral,27,True,True,"[687, 687, 687]",0.0,equilateral,11,960,0.0059390410024207
GA_ADAPTIVE,triangle_type,equilateral,28,True,True,"[615, 615, 615]",0.0,equilateral,17,1440,0.0090465419925749
GA_ADAPTIVE,triangle_type,equilateral,29,True,True,"[682, 682, 682]",0.0,equilateral,14,1200,0.0074857080035144
GA_ADAPTIVE,triangle_type,invalid_side,0,True,True,"[779, 0, 627]",0.0,invalid_side,0,80,0.000151750005898
GA_ADAPTIVE,triangle_type,invalid_side,1,True,True,"[535, 200, 0]",0.0,invalid_side,2,240,0.0010688339971238
GA_ADAPTIVE,triangle_type,invalid_side,2,True,True,"[351, 0, 235]",0.0,invalid_side,5,480,0.0024115840060403
GA_ADAPTIVE,triangle_type,invalid_side,3,True,True,"[0, 370, 19]",0.0,invalid_side,3,320,0.0014932920021237
GA_ADAPTIVE,triangle_type,invalid_side,4,True,True,"[60, 753, 0]",0.0,invalid_side,1,160,0.0006013329984853
GA_ADAPTIVE,triangle_type,invalid_side,5,True,True,"[0, 703, 52]",0.0,invalid_side,2,240,0.0010556669876677
GA_ADAPTIVE,triangle_type,invalid_side,6,True,True,"[414, 218, 0]",0.0,invalid_side,3,320,0.0014864999975543
GA_ADAPTIVE,triangle_type,invalid_side,7,True,True,"[0, 861, 73]",0.0,invalid_side,2,240,0.001073916995665
GA_ADAPTIVE,triangle_type,invalid_side,8,True,True,"[226, 0, 397]",0.0,invalid_side,1,160,0.0006071660027373
GA_ADAPTIVE,triangle_type,invalid_side,9,True,True,"[0, 66, 551]",0.0,invalid_side,1,160,0.0005992910009808
GA_ADAPTIVE,triangle_type,invalid_side,10,True,True,"[517, 95, 0]",0.0,invalid_side,1,160,0.0006074170087231
GA_ADAPTIVE,triangle_type,invalid_side,11,True,True,"[29, 101, 0]",0.0,invalid_side,1,160,0.0005977499968139
GA_ADAPTIVE,triangle_type,invalid_side,12,True,True,"[717, 429, 0]",0.0,invalid_side,0,80,0.000147291997564
GA_ADAPTIVE,triangle_type,invalid_side,13,True,True,"[315, 0, 565]",0.0,invalid_side,3,320,0.0015008750051492
GA_ADAPTIVE,triangle_type,invalid_side,14,True,True,"[0, 361, 940]",0.0,invalid_side,0,80,0.0001482499937992
GA_ADAPTIVE,triangle_type,invalid_side,15,True,True,"[18, 995, 0]",0.0,invalid_side,2,240,0.0010636250081006
GA_ADAPTIVE,triangle_type,invalid_side,16,True,True,"[155, 159, 0]",0.0,invalid_side,3,320,0.0014935409999452
GA_ADAPTIVE,triangle_type,invalid_side,17,True,True,"[0, 707, 13]",0.0,invalid_side,3,320,0.0014941250119591
GA_ADAPTIVE,triangle_type,invalid_side,18,True,True,"[777, 84, 0]",0.0,invalid_side,1,160,0.0005948750040261
GA_ADAPTIVE,triangle_type,invalid_side,19,True,True,"[594, 0, 849]",0.0,invalid_side,1,160,0.0005887089937459
GA_ADAPTIVE,triangle_type,invalid_side,20,True,True,"[719, 595, 0]",0.0,invalid_side,2,240,0.0010471250134287
GA_ADAPTIVE,triangle_type,invalid_side,21,True,True,"[0, 984, 68]",0.0,invalid_side,1,160,0.0005927079910179
GA_ADAPTIVE,triangle_type,invalid_side,22,True,True,"[42, 0, 533]",0.0,invalid_side,2,240,0.0010865829972317
GA_ADAPTIVE,triangle_type,invalid_side,23,True,True,"[379, 878, 0]",0.0,invalid_side,2,240,0.00106858300569
GA_ADAPTIVE,triangle_type,invalid_side,24,True,True,"[144, 549, 0]",0.0,invalid_side,2,240,0.0010532500018598
GA_ADAPTIVE,triangle_type,invalid_side,25,True,True,"[0, 272, 771]",0.0,invalid_side,0,80,0.000149749990669
GA_ADAPTIVE,triangle_type,invalid_side,26,True,True,"[0, 837, 183]",0.0,invalid_side,0,80,0.0001499999925727
GA_ADAPTIVE,triangle_type,invalid_side,27,True,True,"[33, 0, 137]",0.0,invalid_side,2,240,0.0010560829978203
GA_ADAPTIVE,triangle_type,invalid_side,28,True,True,"[685, 164, 0]",0.0,invalid_side,0,80,0.0001531669986434
GA_ADAPTIVE,triangle_type,invalid_side,29,True,True,"[22, 455, 0]",0.0,invalid_side,3,320,0.001499165999121
GA_ADAPTIVE,triangle_type,isosceles,0,True,True,"[622, 622, 443]",0.0,isosceles,4,400,0.0024918330018408
GA_ADAPTIVE,triangle_type,isosceles,1,True,True,"[666, 666, 820]",0.0,isosceles,3,320,0.0019304170127725
GA_ADAPTIVE,triangle_type,isosceles,2,True,True,"[409, 250, 409]",0.0,isosceles,1,160,0.0008167500054696
GA_ADAPTIVE,triangle_type,isosceles,3,True,True,"[837, 837, 418]",0.0,isosceles,4,400,0.0024987920041894
GA_ADAPTIVE,triangle_type,isosceles,4,True,True,"[451, 685, 451]",0.0,isosceles,0,80,0.0002587920025689
GA_ADAPTIVE,triangle_type,isosceles,5,True,True,"[885, 917, 885]",0.0,isosceles,1,160,0.0008193329995265
GA_ADAPTIVE,triangle_type,isosceles,6,True,True,"[836, 859, 859]",0.0,isosceles,3,320,0.0019342080049682
GA_ADAPTIVE,triangle_type,isosceles,7,True,True,"[474, 474, 484]",0.0,isosceles,5,480,0.0031174589967122
GA_ADAPTIVE,triangle_type,isosceles,8,True,True,"[421, 555, 555]",0.0,isosceles,3,320,0.0019773750100284
GA_ADAPTIVE,triangle_type,isosceles,9,True,True,"[172, 959, 959]",0.0,isosceles,7,640,0.004181124997558
GA_ADAPTIVE,triangle_type,isosceles,10,True,True,"[562, 673, 562]",0.0,isosceles,0,80,0.0002595000114524
GA_ADAPTIVE,triangle_type,isosceles,11,True,True,"[430, 430, 600]",0.0,isosceles,2,240,0.0013889580004615
GA_ADAPTIVE,triangle_type,isosceles,12,True,True,"[795, 368, 795]",0.0,isosceles,1,160,0.0008211669919546
GA_ADAPTIVE,triangle_type,isosceles,13,True,True,"[485, 485, 513]",0.0,isosceles,2,240,0.0013804999907733
GA_ADAPTIVE,triangle_type,isosceles,14,True,True,"[609, 44, 609]",0.0,isosceles,2,240,0.0013829999952577
GA_ADAPTIVE,triangle_type,isosceles,15,True,True,"[342, 180, 180]",0.0,isosceles,4,400,0.0025046249938895
GA_ADAPTIVE,triangle_type,isosceles,16,True,True,"[907, 907, 507]",0.0,isosceles,1,160,0.0008152920054271
GA_ADAPTIVE,triangle_type,isosceles,17,True,True,"[374, 374, 558]",0.0,isosceles,7,640,0.0041641669959062
GA_ADAPTIVE,triangle_type,isosceles,18,True,True,"[674, 674, 418]",0.0,isosceles,3,320,0.0019430000102147
GA_ADAPTIVE,triangle_type,isosceles,19,True,True,"[5, 891, 891]",0.0,isosceles,2,240,0.0013732090010307
GA_ADAPTIVE,triangle_type,isosceles,20,True,True,"[554, 550, 554]",0.0,isosceles,4,400,0.0025282920105382
GA_ADAPTIVE,triangle_type,isosceles,21,True,True,"[618, 618, 970]",0.0,isosceles,5,480,0.0030639579927083
GA_ADAPTIVE,triangle_type,isosceles,22,True,True,"[882, 882, 889]",0.0,isosceles,2,240,0.001380000001518
GA_ADAPTIVE,triangle_type,isosceles,23,True,True,"[715, 715, 845]",0.0,isosceles,2,240,0.0013707499892916
GA_ADAPTIVE,triangle_type,isosceles,24,True,True,"[440, 440, 606]",0.0,isosceles,2,240,0.0014027090073795
GA_ADAPTIVE,triangle_type,isosceles,25,True,True,"[863, 863, 788]",0.0,isosceles,2,240,0.0013805420021526
GA_ADAPTIVE,triangle_type,isosceles,26,True,True,"[167, 167, 288]",0.0,isosceles,2,240,0.0014319580077426
GA_ADAPTIVE,triangle_type,isosceles,27,True,True,"[894, 894, 479]",0.0,isosceles,1,160,0.0007805000059306
GA_ADAPTIVE,triangle_type,isosceles,28,True,True,"[477, 903, 903]",0.0,isosceles,1,160,0.0007814589916961
GA_ADAPTIVE,triangle_type,isosceles,29,True,True,"[768, 768, 644]",0.0,isosceles,0,80,0.0002465419966029
GA_ADAPTIVE,triangle_type,not_triangle,0,True,True,"[64, 324, 644]",0.0,not_triangle,0,80,0.000198708003154
GA_ADAPTIVE,triangle_type,not_triangle,1,True,True,"[145, 914, 347]",0.0,not_triangle,0,80,0.0001945420081028
GA_ADAPTIVE,triangle_type,not_triangle,2,True,True,"[978, 116, 745]",0.0,not_triangle,0,80,0.00019412500842
GA_ADAPTIVE,triangle_type,not_triangle,3,True,True,"[921, 604, 272]",0.0,not_triangle,0,80,0.0001942920061992
GA_ADAPTIVE,triangle_type,not_triangle,4,True,True,"[981, 656, 126]",0.0,not_triangle,0,80,0.0001923329982673
GA_ADAPTIVE,triangle_type,not_triangle,5,True,True,"[70, 343, 584]",0.0,not_triangle,0,80,0.0001933750027092
GA_ADAPTIVE,triangle_type,not_triangle,6,True,True,"[128, 170, 726]",0.0,not_triangle,0,80,0.0001933329913299
GA_ADAPTIVE,triangle_type,not_triangle,7,True,True,"[55, 893, 621]",0.0,not_triangle,0,80,0.0001915419998113
GA_ADAPTIVE,triangle_type,not_triangle,8,True,True,"[846, 323, 188]",0.0,not_triangle,0,80,0.0001961250090971
GA_ADAPTIVE,triangle_type,not_triangle,9,True,True,"[464, 191, 59]",0.0,not_triangle,0,80,0.000194874999579
GA_ADAPTIVE,triangle_type,not_triangle,10,True,True,"[572, 942, 237]",0.0,not_triangle,0,80,0.0001939590001711
GA_ADAPTIVE,triangle_type,not_triangle,11,True,True,"[510, 135, 214]",0.0,not_triangle,0,80,0.0001941249938681
GA_ADAPTIVE,triangle_type,not_triangle,12,True,True,"[431, 418, 984]",0.0,not_triangle,0,80,0.0001949580037035
GA_ADAPTIVE,triangle_type,not_triangle,13,True,True,"[287, 156, 470]",0.0,not_triangle,0,80,0.0002006669965339
GA_ADAPTIVE,triangle_type,not_triangle,14,True,True,"[261, 644, 313]",0.0,not_triangle,0,80,0.0001952500024344
GA_ADAPTIVE,triangle_type,not_triangle,15,True,True,"[267, 38, 160]",0.0,not_triangle,0,80,0.000197458997718
GA_ADAPTIVE,triangle_type,not_triangle,16,True,True,"[986, 238, 99]",0.0,not_triangle,0,80,0.0001944169925991
GA_ADAPTIVE,triangle_type,not_triangle,17,True,True,"[968, 314, 244]",0.0,not_triangle,0,80,0.0001931250008055
GA_ADAPTIVE,triangle_type,not_triangle,18,True,True,"[380, 204, 743]",0.0,not_triangle,0,80,0.0001950419973582
GA_ADAPTIVE,triangle_type,not_triangle,19,True,True,"[934, 16, 489]",0.0,not_triangle,0,80,0.0001931669976329
GA_ADAPTIVE,triangle_type,not_triangle,20,True,True,"[48, 229, 385]",0.0,not_triangle,0,80,0.0001926250115502
GA_ADAPTIVE,triangle_type,not_triangle,21,True,True,"[242, 826, 85]",0.0,not_triangle,0,80,0.0001931669976329
GA_ADAPTIVE,triangle_type,not_triangle,22,True,True,"[114, 909, 415]",0.0,not_triangle,0,80,0.0001936670014401
GA_ADAPTIVE,triangle_type,not_triangle,23,True,True,"[702, 573, 4]",0.0,not_triangle,0,80,0.0001944999967236
GA_ADAPTIVE,triangle_type,not_triangle,24,True,True,"[368, 168, 826]",0.0,not_triangle,0,80,0.0001941249938681
GA_ADAPTIVE,triangle_type,not_triangle,25,True,True,"[863, 76, 948]",0.0,not_triangle,0,80,0.0001970419980352
GA_ADAPTIVE,triangle_type,not_triangle,26,True,True,"[970, 530, 108]",0.0,not_triangle,0,80,0.000193792002392
GA_ADAPTIVE,triangle_type,not_triangle,27,True,True,"[401, 721, 123]",0.0,not_triangle,0,80,0.0001932079903781
GA_ADAPTIVE,triangle_type,not_triangle,28,True,True,"[37, 25, 642]",0.0,not_triangle,0,80,0.0001938750065164
GA_ADAPTIVE,triangle_type,not_triangle,29,True,True,"[176, 881, 75]",0.0,not_triangle,0,80,0.000196541994228
GA_ADAPTIVE,triangle_type,scalene,0,True,True,"[182, 379, 496]",0.0,scalene,0,80,0.0002485839941073
GA_ADAPTIVE,triangle_type,scalene,1,True,True,"[605, 629, 789]",0.0,scalene,0,80,0.0002489999897079
GA_ADAPTIVE,triangle_type,scalene,2,True,True,"[259, 447, 656]",0.0,scalene,0,80,0.0002496660017641
GA_ADAPTIVE,triangle_type,scalene,3,True,True,"[965, 895, 924]",0.0,scalene,0,80,0.0002484169963281
GA_ADAPTIVE,triangle_type,scalene,4,True,True,"[758, 952, 895]",0.0,scalene,0,80,0.0002470420004101
GA_ADAPTIVE,triangle_type,scalene,5,True,True,"[468, 439, 149]",0.0,scalene,0,80,0.0002462080010445
GA_ADAPTIVE,triangle_type,scalene,6,True,True,"[969, 612, 422]",0.0,scalene,0,80,0.0002477079979144
GA_ADAPTIVE,triangle_type,scalene,7,True,True,"[417, 660, 868]",0.0,scalene,0,80,0.000246125011472
GA_ADAPTIVE,triangle_type,scalene,8,True,True,"[648, 926, 305]",0.0,scalene,0,80,0.0002472920023137
GA_ADAPTIVE,triangle_type,scalene,9,True,True,"[756, 380, 711]",0.0,scalene,0,80,0.0002494159998605
GA_ADAPTIVE,triangle_type,scalene,10,True,True,"[320, 413, 705]",0.0,scalene,0,80,0.0002511659986339
GA_ADAPTIVE,triangle_type,scalene,11,True,True,"[902, 527, 845]",0.0,scalene,0,80,0.0002484169963281
GA_ADAPTIVE,triangle_type,scalene,12,True,True,"[451, 522, 888]",0.0,scalene,0,80,0.0002472500054864
GA_ADAPTIVE,triangle_type,scalene,13,True,True,"[799, 594, 284]",0.0,scalene,0,80,0.0002471250045346
GA_ADAPTIVE,triangle_type,scalene,14,True,True,"[754, 705, 597]",0.0,scalene,0,80,0.0002532910002628
GA_ADAPTIVE,triangle_type,scalene,15,True,True,"[384, 943, 922]",0.0,scalene,0,80,0.0002587500057416
GA_ADAPTIVE,triangle_type,scalene,16,True,True,"[322, 774, 537]",0.0,scalene,0,80,0.0002576249971752
GA_ADAPTIVE,triangle_type,scalene,17,True,True,"[702, 791, 270]",0.0,scalene,0,80,0.0002575840044301
GA_ADAPTIVE,triangle_type,scalene,18,True,True,"[926, 516, 857]",0.0,scalene,0,80,0.0002572079974925
GA_ADAPTIVE,triangle_type,scalene,19,True,True,"[937, 720, 340]",0.0,scalene,0,80,0.0002600000007078
GA_ADAPTIVE,triangle_type,scalene,20,True,True,"[417, 962, 969]",0.0,scalene,0,80,0.0002584579924587
GA_ADAPTIVE,triangle_type,scalene,21,True,True,"[834, 44, 847]",0.0,scalene,0,80,0.0002590000076452
GA_ADAPTIVE,triangle_type,scalene,22,True,True,"[136, 534, 539]",0.0,scalene,0,80,0.000256375002209
GA_ADAPTIVE,triangle_type,scalene,23,True,True,"[748, 760, 13]",0.0,scalene,0,80,0.0002574579993961
GA_ADAPTIVE,triangle_type,scalene,24,True,True,"[760, 301, 734]",0.0,scalene,0,80,0.0002527499891584
GA_ADAPTIVE,triangle_type,scalene,25,True,True,"[909, 339, 735]",0.0,scalene,0,80,0.0002576669940026
GA_ADAPTIVE,triangle_type,scalene,26,True,True,"[544, 318, 317]",0.0,scalene,0,80,0.0002601250016596
GA_ADAPTIVE,triangle_type,scalene,27,True,True,"[824, 385, 996]",0.0,scalene,0,80,0.0002585420006653
GA_ADAPTIVE,triangle_type,scalene,28,True,True,"[954, 905, 522]",0.0,scalene,0,80,0.0002597499988041
GA_ADAPTIVE,triangle_type,scalene,29,True,True,"[714, 666, 480]",0.0,scalene,0,80,0.0002586249902378
GA_ADAPTIVE,username_category,empty,0,True,True,[''],0.0,empty,0,80,0.0002326249959878
GA_ADAPTIVE,username_category,empty,1,True,True,[''],0.0,empty,0,80,0.0002293340075993
GA_ADAPTIVE,username_category,empty,2,True,True,[''],0.0,empty,0,80,0.0002100830024573
GA_ADAPTIVE,username_category,empty,3,True,True,[''],0.0,empty,0,80,0.0002207080106018
GA_ADAPTIVE,username_category,empty,4,True,True,[''],0.0,empty,0,80,0.0002191250096075
GA_ADAPTIVE,username_category,empty,5,True,True,[''],0.0,empty,0,80,0.0002183749893447
GA_ADAPTIVE,username_category,empty,6,True,True,[''],0.0,empty,0,80,0.0002237500011688
GA_ADAPTIVE,username_category,empty,7,True,True,[''],0.0,empty,0,80,0.0002202920004492
GA_ADAPTIVE,username_category,empty,8,True,True,[''],0.0,empty,0,80,0.0002243330091005
GA_ADAPTIVE,username_category,empty,9,True,True,[''],0.0,empty,0,80,0.0002218750014435
GA_ADAPTIVE,username_category,empty,10,True,True,[''],0.0,empty,0,80,0.0002325829991605
GA_ADAPTIVE,username_category,empty,11,True,True,[''],0.0,empty,0,80,0.0002213749976363
GA_ADAPTIVE,username_category,empty,12,True,True,[''],0.0,empty,0,80,0.0002286249946337
GA_ADAPTIVE,username_category,empty,13,True,True,[''],0.0,empty,0,80,0.0002234579878859
GA_ADAPTIVE,username_category,empty,14,True,True,[''],0.0,empty,0,80,0.0002364160027354
GA_ADAPTIVE,username_category,empty,15,True,True,[''],0.0,empty,0,80,0.0002335000026505
GA_ADAPTIVE,username_category,empty,16,True,True,[''],0.0,empty,0,80,0.0002187090140068
GA_ADAPTIVE,username_category,empty,17,True,True,[''],0.0,empty,0,80,0.0002292080025654
GA_ADAPTIVE,username_category,empty,18,True,True,[''],0.0,empty,0,80,0.0002164589968742
GA_ADAPTIVE,username_category,empty,19,True,True,[''],0.0,empty,0,80,0.0002155830006813
GA_ADAPTIVE,username_category,empty,20,True,True,[''],0.0,empty,0,80,0.0002217909932369
GA_ADAPTIVE,username_category,empty,21,True,True,[''],0.0,empty,0,80,0.0002183750038966
GA_ADAPTIVE,username_category,empty,22,True,True,[''],0.0,empty,0,80,0.0002244580100523
GA_ADAPTIVE,username_category,empty,23,True,True,[''],0.0,empty,0,80,0.0002167089987779
GA_ADAPTIVE,username_category,empty,24,True,True,[''],0.0,empty,0,80,0.0002205000055255
GA_ADAPTIVE,username_category,empty,25,True,True,[''],0.0,empty,0,80,0.0002222079929197
GA_ADAPTIVE,username_category,empty,26,True,True,[''],0.0,empty,0,80,0.0002229579986305
GA_ADAPTIVE,username_category,empty,27,True,True,[''],0.0,empty,0,80,0.0002159170107915
GA_ADAPTIVE,username_category,empty,28,True,True,[''],0.0,empty,0,80,0.0002167080092476
GA_ADAPTIVE,username_category,empty,29,True,True,[''],0.0,empty,0,80,0.0002218750014435
GA_ADAPTIVE,username_category,medium_username,0,True,True,['r4RVkuD4Odk'],0.0,medium_username,0,80,0.0002592090022517
GA_ADAPTIVE,username_category,medium_username,1,True,True,['lJEAtH0Ee'],0.0,medium_username,0,80,0.0002625419874675
GA_ADAPTIVE,username_category,medium_username,2,True,True,['hidH2aI2A8HUNH'],0.0,medium_username,0,80,0.0002499579859431
GA_ADAPTIVE,username_category,medium_username,3,True,True,['afyhcj1HHmzAn'],0.0,medium_username,0,80,0.0002593750105006
GA_ADAPTIVE,username_category,medium_username,4,True,True,['dnotegnrr79Y'],0.0,medium_username,0,80,0.000248875003308
GA_ADAPTIVE,username_category,medium_username,5,True,True,['k4QqlQV'],0.0,medium_username,0,80,0.0002547909971326
GA_ADAPTIVE,username_category,medium_username,6,True,True,['QFEl6qUGT8ye3P'],0.0,medium_username,0,80,0.0002502090064808
GA_ADAPTIVE,username_category,medium_username,7,True,True,['OJWYt30o'],0.0,medium_username,0,80,0.0002541669964557
GA_ADAPTIVE,username_category,medium_username,8,True,True,['pL1vPmoW2nEX'],0.0,medium_username,0,80,0.0002650829992489
GA_ADAPTIVE,username_category,medium_username,9,True,True,['gh7BmkfPvbJkL5N'],0.0,medium_username,0,80,0.0002569580101408
GA_ADAPTIVE,username_category,medium_username,10,True,True,['noQK3BY'],0.0,medium_username,0,80,0.0002502090064808
GA_ADAPTIVE,username_category,medium_username,11,True,True,['MLQ3Eki7BAf'],0.0,medium_username,0,80,0.0002488330064807
GA_ADAPTIVE,username_category,medium_username,12,True,True,['dL3C6'],0.0,medium_username,0,80,0.0002518330002203
GA_ADAPTIVE,username_category,medium_username,13,True,True,['c9swAA'],0.0,medium_username,0,80,0.0002490830083843
GA_ADAPTIVE,username_category,medium_username,14,True,True,['v7BnqCM3Jyj'],0.0,medium_username,0,80,0.00025574999745
GA_ADAPTIVE,username_category,medium_username,15,True,True,['jDG902qhiC5mu'],0.0,medium_username,0,80,0.0002447919978294
GA_ADAPTIVE,username_category,medium_username,16,True,True,['mF6mjTFCFK'],0.0,medium_username,0,80,0.0002492909989086
GA_ADAPTIVE,username_category,medium_username,17,True,True,['AG0xJz'],0.0,medium_username,0,80,0.0002565419999882
GA_ADAPTIVE,username_category,medium_username,18,True,True,['vN5MLdJw24WVlcK'],0.0,medium_username,0,80,0.0002544169983593
GA_ADAPTIVE,username_category,medium_username,19,True,True,['d2PvJceUJmdHb'],0.0,medium_username,0,80,0.0002530829951865
GA_ADAPTIVE,username_category,medium_username,20,True,True,['JDXBfThWm3o059'],0.0,medium_username,0,80,0.0002598330029286
GA_ADAPTIVE,username_category,medium_username,21,True,True,['DyDIGXVDL4SR'],0.0,medium_username,0,80,0.0002522919967304
GA_ADAPTIVE,username_category,medium_username,22,True,True,['HsyypbiQ72dNnY4'],0.0,medium_username,0,80,0.000249458986218
GA_ADAPTIVE,username_category,medium_username,23,True,True,['w0Lw5E9idnnRa4t'],0.0,medium_username,0,80,0.000260665998212
GA_ADAPTIVE,username_category,medium_username,24,True,True,['vV8uIh3y'],0.0,medium_username,0,80,0.0002571660006651
GA_ADAPTIVE,username_category,medium_username,25,True,True,['A62AbSSS'],0.0,medium_username,0,80,0.0002594999969005
GA_ADAPTIVE,username_category,medium_username,26,True,True,['dbdVL3Uu0ABh'],0.0,medium_username,0,80,0.0002469580067554
GA_ADAPTIVE,username_category,medium_username,27,True,True,['yS7wzvKJ'],0.0,medium_username,0,80,0.0002500830014469
GA_ADAPTIVE,username_category,medium_username,28,True,True,['Z8IVjIMzuragl7j'],0.0,medium_username,0,80,0.0002571670047473
GA_ADAPTIVE,username_category,medium_username,29,True,True,['IuGZOemNWMl9'],0.0,medium_username,0,80,0.0002680839970707
GA_ADAPTIVE,username_category,starts_with_digit,0,True,True,['9DQ0jQme'],0.0,starts_with_digit,0,80,0.0002414999908069
GA_ADAPTIVE,username_category,starts_with_digit,1,True,True,['7BX16mWfl'],0.0,starts_with_digit,0,80,0.000224834002438
GA_ADAPTIVE,username_category,starts_with_digit,2,True,True,['87NL96ON'],0.0,starts_with_digit,0,80,0.0002372909948462
GA_ADAPTIVE,username_category,starts_with_digit,3,True,True,['48sxWGb9'],0.0,starts_with_digit,0,80,0.0002305829984834
GA_ADAPTIVE,username_category,starts_with_digit,4,True,True,['8pzKi48XWqO'],0.0,starts_with_digit,0,80,0.0002351250004721
GA_ADAPTIVE,username_category,starts_with_digit,5,True,True,['0ho8AMz94grII0'],0.0,starts_with_digit,0,80,0.0002209999947808
GA_ADAPTIVE,username_category,starts_with_digit,6,True,True,['4FYivUqh'],0.0,starts_with_digit,0,80,0.0002332909934921
GA_ADAPTIVE,username_category,starts_with_digit,7,True,True,['4frllcZPf9C8cFu'],0.0,starts_with_digit,0,80,0.0002169999934267
GA_ADAPTIVE,username_category,starts_with_digit,8,True,True,['1FO0vBhKJnouIm'],0.0,starts_with_digit,0,80,0.0002255830040667
GA_ADAPTIVE,username_category,starts_with_digit,9,True,True,['7H1i7md9yON'],0.0,starts_with_digit,0,80,0.0002370830043219
GA_ADAPTIVE,username_category,starts_with_digit,10,True,True,['1QnLg6P1'],0.0,starts_with_digit,0,80,0.0002341249928576
GA_ADAPTIVE,username_category,starts_with_digit,11,True,True,['1ZHMbmBFzc'],0.0,starts_with_digit,0,80,0.0002116249961545
GA_ADAPTIVE,username_category,starts_with_digit,12,True,True,['30HyVUScY8UE7F'],0.0,starts_with_digit,0,80,0.0002374169998802
GA_ADAPTIVE,username_category,starts_with_digit,13,True,True,['4bKLafbMaM'],0.0,starts_with_digit,0,80,0.0002280000044265
GA_ADAPTIVE,username_category,starts_with_digit,14,True,True,['1HBtgr'],0.0,starts_with_digit,0,80,0.0002287090028403
GA_ADAPTIVE,username_category,starts_with_digit,15,True,True,['7gzoQFAsk5BB'],0.0,starts_with_digit,0,80,0.0002221660106442
GA_ADAPTIVE,username_category,starts_with_digit,16,True,True,['3rSNvjcGvzPEbCm'],0.0,starts_with_digit,0,80,0.0002228749945061
GA_ADAPTIVE,username_category,starts_with_digit,17,True,True,['8dRG7jC2t2'],0.0,starts_with_digit,0,80,0.0002354580065002
GA_ADAPTIVE,username_category,starts_with_digit,18,True,True,['4BHVrFQ8l'],0.0,starts_with_digit,0,80,0.0002244170027552
GA_ADAPTIVE,username_category,starts_with_digit,19,True,True,['9yxvhxjN43Yo'],0.0,starts_with_digit,0,80,0.0002252090052934
GA_ADAPTIVE,username_category,starts_with_digit,20,True,True,['3QYONb'],0.0,starts_with_digit,0,80,0.000242750000325
GA_ADAPTIVE,username_category,starts_with_digit,21,True,True,['9UEUSJ'],0.0,starts_with_digit,0,80,0.000228541000979
GA_ADAPTIVE,username_category,starts_with_digit,22,True,True,['2TiJv'],0.0,starts_with_digit,0,80,0.0002115410024998
GA_ADAPTIVE,username_category,starts_with_digit,23,True,True,['9m1migTU'],0.0,starts_with_digit,0,80,0.0002315409947186
GA_ADAPTIVE,username_category,starts_with_digit,24,True,True,['539PX77KH7oN0'],0.0,starts_with_digit,0,80,0.0002239169989479
GA_ADAPTIVE,username_category,starts_with_digit,25,True,True,['3o7mDKg2J6'],0.0,starts_with_digit,0,80,0.0002117499971063
GA_ADAPTIVE,username_category,starts_with_digit,26,True,True,['51zSKO'],0.0,starts_with_digit,0,80,0.0002199589944211
GA_ADAPTIVE,username_category,starts_with_digit,27,True,True,['2S1pZUVkMZ3ObZY'],0.0,starts_with_digit,0,80,0.0002159159921575
GA_ADAPTIVE,username_category,starts_with_digit,28,True,True,['2dhEj'],0.0,starts_with_digit,0,80,0.0002232919941889
GA_ADAPTIVE,username_category,starts_with_digit,29,True,True,['90wh4ojtCjs9RB'],0.0,starts_with_digit,0,80,0.0002186249912483
GA_ADAPTIVE,username_category,strong_username,0,False,False,['i75tnWuTzy5y2'],1.0,,0,8080,0.0447130410029785
GA_ADAPTIVE,username_category,strong_username,1,False,False,['CuvsktCMquHH1JQ'],1.0,,0,8080,0.0448568330029957
GA_ADAPTIVE,username_category,strong_username,2,False,False,['f2XjkFGBvC9f'],1.0,,0,8080,0.0443948329921113
GA_ADAPTIVE,username_category,strong_username,3,False,False,['qqqR9Ip4elEDEkw'],1.0,,0,8080,0.0445121659868164
GA_ADAPTIVE,username_category,strong_username,4,False,False,['uWedZs4t0S'],1.0,,0,8080,0.0445671249908627
GA_ADAPTIVE,username_category,strong_username,5,False,False,['Da5hhL0nYudQ3'],1.0,,0,8080,0.0444256670016329
GA_ADAPTIVE,username_category,strong_username,6,False,False,['x4EBnbyAX29r'],1.0,,0,8080,0.0443939580000005
GA_ADAPTIVE,username_category,strong_username,7,False,False,['Y5tckSyuzcpe9'],1.0,,0,8080,0.0443737079913262
GA_ADAPTIVE,username_category,strong_username,8,False,False,['Pd9T9gBnkjUxzBi'],1.0,,0,8080,0.0445454169966978
GA_ADAPTIVE,username_category,strong_username,9,False,False,['uQPsLhW9mxX'],1.0,,0,8080,0.0448284580052131
GA_ADAPTIVE,username_category,strong_username,10,False,False,['dAUJBMCqgb8uPS'],1.0,,0,8080,0.0450585000071441
GA_ADAPTIVE,username_category,strong_username,11,False,False,['weEp01vQyRbN'],1.0,,0,8080,0.0445461249910295
GA_ADAPTIVE,username_category,strong_username,12,False,False,['e3ZGHF0EfPjuDk3'],1.0,,0,8080,0.0445939579949481
GA_ADAPTIVE,username_category,strong_username,13,False,False,['aepUj5g4ALXCv6E'],1.0,,0,8080,0.0449611670046579
GA_ADAPTIVE,username_category,strong_username,14,False,False,['VJtNYP5qqE'],1.0,,0,8080,0.0444563749915687
GA_ADAPTIVE,username_category,strong_username,15,False,False,['CPwymrFnHBzJJ55'],1.0,,0,8080,0.0446919169917237
GA_ADAPTIVE,username_category,strong_username,16,False,False,['HvZ3cAJeFcrK'],1.0,,0,8080,0.0444310830062022
GA_ADAPTIVE,username_category,strong_username,17,False,False,['jzeVaqaa0R'],1.0,,0,8080,0.044673167009023
GA_ADAPTIVE,username_category,strong_username,18,False,False,['t5ffYpZ8H2'],1.0,,0,8080,0.0445216660009464
GA_ADAPTIVE,username_category,strong_username,19,False,False,['xzp2eE6Molk1SD'],1.0,,0,8080,0.044440375000704
GA_ADAPTIVE,username_category,strong_username,20,False,False,['yTT8fho7NJK'],1.0,,0,8080,0.0442954580066725
GA_ADAPTIVE,username_category,strong_username,21,False,False,['OQekFzrHx2HcN4c'],1.0,,0,8080,0.0446111659985035
GA_ADAPTIVE,username_category,strong_username,22,False,False,['jJhvEwg3DN'],1.0,,0,8080,0.0445343749888706
GA_ADAPTIVE,username_category,strong_username,23,False,False,['A2FGHjmLUMN8Z0'],1.0,,0,8080,0.0442349590011872
GA_ADAPTIVE,username_category,strong_username,24,False,False,['e2ExoGM38u8q6'],1.0,,0,8080,0.0444240000069839
GA_ADAPTIVE,username_category,strong_username,25,False,False,['wWPppM4bFCulb0H'],1.0,,0,8080,0.0445063749939436
GA_ADAPTIVE,username_category,strong_username,26,False,False,['KI0mWIIH4vnk'],1.0,,0,8080,0.0443867499998305
GA_ADAPTIVE,username_category,strong_username,27,False,False,['Ywo7wl594P7n5'],1.0,,0,8080,0.044581541995285
GA_ADAPTIVE,username_category,strong_username,28,False,False,['rN6Kq4VhW8n7'],1.0,,0,8080,0.0442189580062404
GA_ADAPTIVE,username_category,strong_username,29,False,False,['EtaJqxaxFUsw0jQ'],1.0,,0,8080,0.0444263329991372
GA_ADAPTIVE,username_category,too_short,0,True,True,['1'],0.0,too_short,0,80,0.0002251250116387
GA_ADAPTIVE,username_category,too_short,1,True,True,['T'],0.0,too_short,0,80,0.0002289580006618
GA_ADAPTIVE,username_category,too_short,2,True,True,['Nn'],0.0,too_short,0,80,0.0002342919906368
GA_ADAPTIVE,username_category,too_short,3,True,True,['UxQ'],0.0,too_short,0,80,0.0002263339993078
GA_ADAPTIVE,username_category,too_short,4,True,True,['ZJF'],0.0,too_short,0,80,0.0002213749976363
GA_ADAPTIVE,username_category,too_short,5,True,True,['f'],0.0,too_short,0,80,0.0002241670008515
GA_ADAPTIVE,username_category,too_short,6,True,True,['PPtn'],0.0,too_short,0,80,0.0002174580004066
GA_ADAPTIVE,username_category,too_short,7,True,True,['FE'],0.0,too_short,0,80,0.0002365419932175
GA_ADAPTIVE,username_category,too_short,8,True,True,['Y'],0.0,too_short,0,80,0.0002252089907415
GA_ADAPTIVE,username_category,too_short,9,True,True,['B3'],0.0,too_short,0,80,0.0002322090003872
GA_ADAPTIVE,username_category,too_short,10,True,True,['vOS8'],0.0,too_short,0,80,0.0002155830006813
GA_ADAPTIVE,username_category,too_short,11,True,True,['2oQC'],0.0,too_short,0,80,0.0002297920000273
GA_ADAPTIVE,username_category,too_short,12,True,True,['5MLF'],0.0,too_short,0,80,0.0002160839940188
GA_ADAPTIVE,username_category,too_short,13,True,True,['I'],0.0,too_short,0,80,0.0002265829971292
GA_ADAPTIVE,username_category,too_short,14,True,True,['8QU'],0.0,too_short,0,80,0.0002241250040242
GA_ADAPTIVE,username_category,too_short,15,True,True,['LIvT'],0.0,too_short,0,80,0.000227749987971
GA_ADAPTIVE,username_category,too_short,16,True,True,['lBW'],0.0,too_short,0,80,0.0002272910060128
GA_ADAPTIVE,username_category,too_short,17,True,True,['QWjY'],0.0,too_short,0,80,0.000225916999625
GA_ADAPTIVE,username_category,too_short,18,True,True,['E'],0.0,too_short,0,80,0.000235583007452
GA_ADAPTIVE,username_category,too_short,19,True,True,['MG'],0.0,too_short,0,80,0.0002380840014666
GA_ADAPTIVE,username_category,too_short,20,True,True,['O'],0.0,too_short,0,80,0.000224542003707
GA_ADAPTIVE,username_category,too_short,21,True,True,['Gnz5'],0.0,too_short,0,80,0.0002324170054635
GA_ADAPTIVE,username_category,too_short,22,True,True,['kFx'],0.0,too_short,0,80,0.0002241670008515
GA_ADAPTIVE,username_category,too_short,23,True,True,['I'],0.0,too_short,0,80,0.000234792008996
GA_ADAPTIVE,username_category,too_short,24,True,True,['MIp'],0.0,too_short,0,80,0.0002268749958602
GA_ADAPTIVE,username_category,too_short,25,True,True,['Mtv'],0.0,too_short,0,80,0.0002352500014239
GA_ADAPTIVE,username_category,too_short,26,True,True,['bEb'],0.0,too_short,0,80,0.0002234999992651
GA_ADAPTIVE,username_category,too_short,27,True,True,['4wF'],0.0,too_short,0,80,0.00023983400024
GA_ADAPTIVE,username_category,too_short,28,True,True,['D8'],0.0,too_short,0,80,0.0002261670015286
GA_ADAPTIVE,username_category,too_short,29,True,True,['UdoM'],0.0,too_short,0,80,0.000226082993322
GA_ADAPTIVE,username_category,weak_username,0,True,True,['olDEh'],0.0,weak_username,0,80,0.0002601250016596
GA_ADAPTIVE,username_category,weak_username,1,True,True,['YrsDFd'],0.0,weak_username,0,80,0.0002638750011101
GA_ADAPTIVE,username_category,weak_username,2,True,True,['huGSPA'],0.0,weak_username,0,80,0.000252708006883
GA_ADAPTIVE,username_category,weak_username,3,True,True,['HIasD'],0.0,weak_username,0,80,0.0002574170066509
GA_ADAPTIVE,username_category,weak_username,4,True,True,['ytnifn'],0.0,weak_username,0,80,0.0002566250041127
GA_ADAPTIVE,username_category,weak_username,5,True,True,['uAxKhWTJvCkr'],0.0,weak_username,0,80,0.0002587920025689
GA_ADAPTIVE,username_category,weak_username,6,True,True,['YyWnxRr'],0.0,weak_username,0,80,0.0002609580114949
GA_ADAPTIVE,username_category,weak_username,7,True,True,['HdYFXPclf'],0.0,weak_username,0,80,0.0002518749970477
GA_ADAPTIVE,username_category,weak_username,8,True,True,['FlYXKXI'],0.0,weak_username,0,80,0.0002543330047046
GA_ADAPTIVE,username_category,weak_username,9,True,True,['oNirHP'],0.0,weak_username,0,80,0.0002582500019343
GA_ADAPTIVE,username_category,weak_username,10,True,True,['WxtOboKJMM'],0.0,weak_username,0,80,0.000256958999671
GA_ADAPTIVE,username_category,weak_username,11,True,True,['GHYtmUmPUr'],0.0,weak_username,0,80,0.00026720900496
GA_ADAPTIVE,username_category,weak_username,12,True,True,['lZEgwOwQ'],0.0,weak_username,0,80,0.0002539580018492
GA_ADAPTIVE,username_category,weak_username,13,True,True,['sJipyIle'],0.0,weak_username,0,80,0.0002589999930933
GA_ADAPTIVE,username_category,weak_username,14,True,True,['zQEQVPSaRhzD'],0.0,weak_username,0,80,0.0002565829927334
GA_ADAPTIVE,username_category,weak_username,15,True,True,['wdRXX'],0.0,weak_username,0,80,0.0002573329984443
GA_ADAPTIVE,username_category,weak_username,16,True,True,['aMcJvAS'],0.0,weak_username,0,80,0.0002507090102881
GA_ADAPTIVE,username_category,weak_username,17,True,True,['sOYjwetv'],0.0,weak_username,0,80,0.0002542919974075
GA_ADAPTIVE,username_category,weak_username,18,True,True,['GaPUdG'],0.0,weak_username,0,80,0.0002625829947646
GA_ADAPTIVE,username_category,weak_username,19,True,True,['cntgOLy'],0.0,weak_username,0,80,0.0002566250041127
GA_ADAPTIVE,username_category,weak_username,20,True,True,['tOIRLnhmGz'],0.0,weak_username,0,80,0.0002648330118972
GA_ADAPTIVE,username_category,weak_username,21,True,True,['deOCQ'],0.0,weak_username,0,80,0.0002581660082796
GA_ADAPTIVE,username_category,weak_username,22,True,True,['cMHfCYhkv'],0.0,weak_username,0,80,0.0002507909957785
GA_ADAPTIVE,username_category,weak_username,23,True,True,['RtFYQWhg'],0.0,weak_username,0,80,0.0002489999897079
GA_ADAPTIVE,username_category,weak_username,24,True,True,['tTxMEI'],0.0,weak_username,0,80,0.0002546250034356
GA_ADAPTIVE,username_category,weak_username,25,True,True,['IPKjyR'],0.0,weak_username,0,80,0.0002654999989317
GA_ADAPTIVE,username_category,weak_username,26,True,True,['hwwe2i2us'],0.0,weak_username,0,80,0.0002520419948268
GA_ADAPTIVE,username_category,weak_username,27,True,True,['CwwXE'],0.0,weak_username,0,80,0.0002665829961188
GA_ADAPTIVE,username_category,weak_username,28,True,True,['meofoKNMOBZx'],0.0,weak_username,0,80,0.000246416995651
GA_ADAPTIVE,username_category,weak_username,29,True,True,['kOzJFzMtooNW'],0.0,weak_username,0,80,0.0002675829891813
