model,method,function_name,target,run_id,found,validated,best_chromosome,best_fitness,reached_branch,generation,evaluations,runtime
no_semantic_llama_3_3_70b_versatile,GA_FIXED,bmi_category,invalid_height,0,True,True,"[641.7039923696487, 0.0]",0.0,invalid_height,37,3040,0.01678504201117903
no_semantic_llama_3_3_70b_versatile,GA_FIXED,bmi_category,invalid_height,1,True,True,"[2041.08551734808, 0.0]",0.0,invalid_height,25,2080,0.010193166905082762
no_semantic_llama_3_3_70b_versatile,GA_FIXED,bmi_category,invalid_height,2,True,True,"[1981.3947909308445, 0.0]",0.0,invalid_height,30,2480,0.01135950000025332
no_semantic_llama_3_3_70b_versatile,GA_FIXED,bmi_category,invalid_height,3,True,True,"[867.0154052306472, 0.0]",0.0,invalid_height,11,960,0.004030957934446633
no_semantic_llama_3_3_70b_versatile,GA_FIXED,bmi_category,invalid_height,4,True,True,"[119.02466645692827, 0.0]",0.0,invalid_height,24,2000,0.008792540989816189
no_semantic_llama_3_3_70b_versatile,GA_FIXED,bmi_category,invalid_height,5,True,True,"[2090.258010897024, 0.0]",0.0,invalid_height,61,4960,0.021956457989290357
no_semantic_llama_3_3_70b_versatile,GA_FIXED,bmi_category,invalid_height,6,True,True,"[1080.4447095434994, 0.0]",0.0,invalid_height,22,1840,0.007864167098887265
no_semantic_llama_3_3_70b_versatile,GA_FIXED,bmi_category,invalid_height,7,True,True,"[2346.806377936343, 0.0]",0.0,invalid_height,18,1520,0.006684166961349547
no_semantic_llama_3_3_70b_versatile,GA_FIXED,bmi_category,invalid_height,8,True,True,"[128.68659435712738, 0.0]",0.0,invalid_height,35,2880,0.012635541963391006
no_semantic_llama_3_3_70b_versatile,GA_FIXED,bmi_category,invalid_height,9,True,True,"[1321.446114871946, 0.0]",0.0,invalid_height,2,240,0.000781542039476335
no_semantic_llama_3_3_70b_versatile,GA_FIXED,bmi_category,invalid_height,10,True,True,"[2456.3510999277073, 0.0]",0.0,invalid_height,6,560,0.00220829201862216
no_semantic_llama_3_3_70b_versatile,GA_FIXED,bmi_category,invalid_height,11,True,True,"[2449.9706704442524, 0.0]",0.0,invalid_height,14,1200,0.0051307500107213855
no_semantic_llama_3_3_70b_versatile,GA_FIXED,bmi_category,invalid_height,12,True,True,"[678.2029603972871, 0.0]",0.0,invalid_height,12,1040,0.004299457999877632
no_semantic_llama_3_3_70b_versatile,GA_FIXED,bmi_category,invalid_height,13,True,True,"[2022.9985950392092, 0.0]",0.0,invalid_height,40,3280,0.014417625032365322
no_semantic_llama_3_3_70b_versatile,GA_FIXED,bmi_category,invalid_height,14,True,True,"[1783.035418253532, 0.0]",0.0,invalid_height,3,320,0.0011324590304866433
no_semantic_llama_3_3_70b_versatile,GA_FIXED,bmi_category,invalid_height,15,True,True,"[485.3247069551394, 0.0]",0.0,invalid_height,10,880,0.0036159580340608954
no_semantic_llama_3_3_70b_versatile,GA_FIXED,bmi_category,invalid_height,16,True,True,"[771.0993358175532, 0.0]",0.0,invalid_height,37,3040,0.013248999952338636
no_semantic_llama_3_3_70b_versatile,GA_FIXED,bmi_category,invalid_height,17,True,True,"[2391.264458339637, 0.0]",0.0,invalid_height,26,2160,0.00947200006339699
no_semantic_llama_3_3_70b_versatile,GA_FIXED,bmi_category,invalid_height,18,True,True,"[1089.1816707141425, 0.0]",0.0,invalid_height,36,2960,0.012993250042200089
no_semantic_llama_3_3_70b_versatile,GA_FIXED,bmi_category,invalid_height,19,True,True,"[1387.4422399739688, 0.0]",0.0,invalid_height,45,3680,0.01626741699874401
no_semantic_llama_3_3_70b_versatile,GA_FIXED,bmi_category,invalid_height,20,True,True,"[1065.5904265668082, 0.0]",0.0,invalid_height,32,2640,0.011520416010171175
no_semantic_llama_3_3_70b_versatile,GA_FIXED,bmi_category,invalid_height,21,True,True,"[1199.553467042607, 0.0]",0.0,invalid_height,18,1520,0.006596541032195091
no_semantic_llama_3_3_70b_versatile,GA_FIXED,bmi_category,invalid_height,22,True,True,"[1281.6070863921634, 0.0]",0.0,invalid_height,8,720,0.0029258750146254897
no_semantic_llama_3_3_70b_versatile,GA_FIXED,bmi_category,invalid_height,23,True,True,"[2693.5632664187824, 0.0]",0.0,invalid_height,24,2000,0.008618584019131958
no_semantic_llama_3_3_70b_versatile,GA_FIXED,bmi_category,invalid_height,24,True,True,"[1484.3269454394585, 0.0]",0.0,invalid_height,27,2240,0.00978137506172061
no_semantic_llama_3_3_70b_versatile,GA_FIXED,bmi_category,invalid_height,25,True,True,"[2595.982998546485, 0.0]",0.0,invalid_height,33,2720,0.011938665993511677
no_semantic_llama_3_3_70b_versatile,GA_FIXED,bmi_category,invalid_height,26,True,True,"[677.3351259827432, 0.0]",0.0,invalid_height,63,5120,0.022627333062700927
no_semantic_llama_3_3_70b_versatile,GA_FIXED,bmi_category,invalid_height,27,True,True,"[1258.1295966893672, 0.0]",0.0,invalid_height,24,2000,0.009060041978955269
no_semantic_llama_3_3_70b_versatile,GA_FIXED,bmi_category,invalid_height,28,True,True,"[2546.475258364634, 0.0]",0.0,invalid_height,33,2720,0.01201375003438443
no_semantic_llama_3_3_70b_versatile,GA_FIXED,bmi_category,invalid_height,29,True,True,"[1335.2960216468348, 0.0]",0.0,invalid_height,7,640,0.0028169589350000024
no_semantic_llama_3_3_70b_versatile,GA_FIXED,bmi_category,underweight,0,True,True,"[1843.4112860264752, 769.0982632395242]",0.0,underweight,0,80,5.012494511902332e-05
no_semantic_llama_3_3_70b_versatile,GA_FIXED,bmi_category,underweight,1,True,True,"[2430.606958097996, 2321.56450119946]",0.0,underweight,0,80,4.7666020691394806e-05
no_semantic_llama_3_3_70b_versatile,GA_FIXED,bmi_category,underweight,2,True,True,"[1975.4912375306712, 1533.3688390226985]",0.0,underweight,0,80,4.779198206961155e-05
no_semantic_llama_3_3_70b_versatile,GA_FIXED,bmi_category,underweight,3,True,True,"[1394.9502816020322, 2138.5273070467333]",0.0,underweight,0,80,7.920793723315e-05
no_semantic_llama_3_3_70b_versatile,GA_FIXED,bmi_category,underweight,4,True,True,"[2106.795001579233, 2699.321733570856]",0.0,underweight,0,80,5.591590888798237e-05
no_semantic_llama_3_3_70b_versatile,GA_FIXED,bmi_category,underweight,5,True,True,"[1572.570475551514, 419.2592358358612]",0.0,underweight,0,80,5.2458024583756924e-05
no_semantic_llama_3_3_70b_versatile,GA_FIXED,bmi_category,underweight,6,True,True,"[1056.2445640847989, 2160.6773430977482]",0.0,underweight,0,80,5.162495654076338e-05
no_semantic_llama_3_3_70b_versatile,GA_FIXED,bmi_category,underweight,7,True,True,"[1056.4126894684503, 109.8069360192172]",0.0,underweight,0,80,5.47909876331687e-05
no_semantic_llama_3_3_70b_versatile,GA_FIXED,bmi_category,underweight,8,True,True,"[1997.963802712157, 2658.6948488560306]",0.0,underweight,0,80,5.024997517466545e-05
no_semantic_llama_3_3_70b_versatile,GA_FIXED,bmi_category,underweight,9,True,True,"[896.4896035625595, 2562.458153912971]",0.0,underweight,0,80,4.641595296561718e-05
no_semantic_llama_3_3_70b_versatile,GA_FIXED,bmi_category,underweight,10,True,True,"[1201.8228349883618, 630.6454122305188]",0.0,underweight,0,80,6.441690493375063e-05
no_semantic_llama_3_3_70b_versatile,GA_FIXED,bmi_category,underweight,11,True,True,"[2101.6428126552496, 2049.5675187372976]",0.0,underweight,0,80,0.00010145897977054119
no_semantic_llama_3_3_70b_versatile,GA_FIXED,bmi_category,underweight,12,True,True,"[1764.7863521281417, 2960.7443812783677]",0.0,underweight,0,80,4.650000482797623e-05
no_semantic_llama_3_3_70b_versatile,GA_FIXED,bmi_category,underweight,13,True,True,"[94.47054386334509, 1133.5425369892653]",0.0,underweight,0,80,6.745802238583565e-05
no_semantic_llama_3_3_70b_versatile,GA_FIXED,bmi_category,underweight,14,True,True,"[57.83295798485788, 2142.2019196907745]",0.0,underweight,0,80,4.650000482797623e-05
no_semantic_llama_3_3_70b_versatile,GA_FIXED,bmi_category,underweight,15,True,True,"[525.9913259777003, 257.47149921376024]",0.0,underweight,0,80,5.0875009037554264e-05
no_semantic_llama_3_3_70b_versatile,GA_FIXED,bmi_category,underweight,16,True,True,"[690.8205278070315, 2924.3998838814823]",0.0,underweight,0,80,5.295791197568178e-05
no_semantic_llama_3_3_70b_versatile,GA_FIXED,bmi_category,underweight,17,True,True,"[2569.910750089169, 676.2036795375625]",0.0,underweight,0,80,5.154102109372616e-05
no_semantic_llama_3_3_70b_versatile,GA_FIXED,bmi_category,underweight,18,True,True,"[1973.480452401822, 995.4375329936104]",0.0,underweight,0,80,5.200004670768976e-05
no_semantic_llama_3_3_70b_versatile,GA_FIXED,bmi_category,underweight,19,True,True,"[308.6842892621356, 929.9636568632934]",0.0,underweight,0,80,5.000003147870302e-05
no_semantic_llama_3_3_70b_versatile,GA_FIXED,bmi_category,underweight,20,True,True,"[457.89573265794115, 1691.2820129597653]",0.0,underweight,0,80,5.137501284480095e-05
no_semantic_llama_3_3_70b_versatile,GA_FIXED,bmi_category,underweight,21,True,True,"[2023.4884808903812, 323.0929221726405]",0.0,underweight,0,80,5.258398596197367e-05
no_semantic_llama_3_3_70b_versatile,GA_FIXED,bmi_category,underweight,22,True,True,"[296.92321114204736, 2134.2179628025083]",0.0,underweight,0,80,5.241704639047384e-05
no_semantic_llama_3_3_70b_versatile,GA_FIXED,bmi_category,underweight,23,True,True,"[2722.614230884617, 304.43873826791554]",0.0,underweight,0,80,5.03340270370245e-05
no_semantic_llama_3_3_70b_versatile,GA_FIXED,bmi_category,underweight,24,True,True,"[1765.803342539722, 2147.6460879868273]",0.0,underweight,0,80,5.0915987230837345e-05
no_semantic_llama_3_3_70b_versatile,GA_FIXED,bmi_category,underweight,25,True,True,"[2552.5195652486677, 2776.1765324002104]",0.0,underweight,0,80,5.0875009037554264e-05
no_semantic_llama_3_3_70b_versatile,GA_FIXED,bmi_category,underweight,26,True,True,"[2070.3883406973086, 1097.109160157288]",0.0,underweight,0,80,5.170796066522598e-05
no_semantic_llama_3_3_70b_versatile,GA_FIXED,bmi_category,underweight,27,True,True,"[2266.7164989675152, 1391.800165708209]",0.0,underweight,0,80,4.9458001740276814e-05
no_semantic_llama_3_3_70b_versatile,GA_FIXED,bmi_category,underweight,28,True,True,"[1733.9069485813582, 1580.3017974702857]",0.0,underweight,0,80,5.4958974942564964e-05
no_semantic_llama_3_3_70b_versatile,GA_FIXED,bmi_category,underweight,29,True,True,"[1006.439954865329, 1161.336318808811]",0.0,underweight,0,80,5.266699008643627e-05
no_semantic_llama_3_3_70b_versatile,GA_FIXED,bmi_category,normal,0,True,True,"[2992.065751851826, 12.522154129030685]",0.0,normal,12,1040,0.004492208012379706
no_semantic_llama_3_3_70b_versatile,GA_FIXED,bmi_category,normal,1,True,True,"[1982.5163137100533, 9.710131217101514]",0.0,normal,2,240,0.0007862499915063381
no_semantic_llama_3_3_70b_versatile,GA_FIXED,bmi_category,normal,2,True,True,"[525.1719075977356, 5.255399631462654]",0.0,normal,12,1040,0.004428792046383023
no_semantic_llama_3_3_70b_versatile,GA_FIXED,bmi_category,normal,3,True,True,"[2735.294173491386, 11.792111003697926]",0.0,normal,7,640,0.002705833059735596
no_semantic_llama_3_3_70b_versatile,GA_FIXED,bmi_category,normal,4,True,True,"[2968.2232143890847, 12.466073570489135]",0.0,normal,21,1760,0.008046375005505979
no_semantic_llama_3_3_70b_versatile,GA_FIXED,bmi_category,normal,5,True,True,"[2966.2703745054478, 12.213552108802652]",0.0,normal,14,1200,0.00519079202786088
no_semantic_llama_3_3_70b_versatile,GA_FIXED,bmi_category,normal,6,True,True,"[1840.3978628996815, 9.00445744483125]",0.0,normal,26,2160,0.009749833028763533
no_semantic_llama_3_3_70b_versatile,GA_FIXED,bmi_category,normal,7,True,True,"[2968.5786082905242, 12.605180909807274]",0.0,normal,61,4960,0.022767166956327856
no_semantic_llama_3_3_70b_versatile,GA_FIXED,bmi_category,normal,8,True,True,"[2936.132832621053, 12.460831268078287]",0.0,normal,8,720,0.0030315419426187873
no_semantic_llama_3_3_70b_versatile,GA_FIXED,bmi_category,normal,9,True,True,"[2951.5153470125256, 12.350009319687384]",0.0,normal,10,880,0.0038616659585386515
no_semantic_llama_3_3_70b_versatile,GA_FIXED,bmi_category,normal,10,True,True,"[2415.87237583984, 10.083894203850807]",0.0,normal,1,160,0.0004535829648375511
no_semantic_llama_3_3_70b_versatile,GA_FIXED,bmi_category,normal,11,True,True,"[2976.9327867796706, 12.60782297784945]",0.0,normal,20,1680,0.0074393750401213765
no_semantic_llama_3_3_70b_versatile,GA_FIXED,bmi_category,normal,12,True,True,"[2998.787542986557, 12.578344498477326]",0.0,normal,74,6000,0.027462749974802136
no_semantic_llama_3_3_70b_versatile,GA_FIXED,bmi_category,normal,13,True,True,"[2858.8695805988923, 11.963799824797853]",0.0,normal,46,3760,0.017141374992206693
no_semantic_llama_3_3_70b_versatile,GA_FIXED,bmi_category,normal,14,True,True,"[2992.6519723619467, 12.364420901115068]",0.0,normal,26,2160,0.010002915980294347
no_semantic_llama_3_3_70b_versatile,GA_FIXED,bmi_category,normal,15,True,True,"[2969.737505271927, 12.544710539059704]",0.0,normal,9,800,0.0035024170065298676
no_semantic_llama_3_3_70b_versatile,GA_FIXED,bmi_category,normal,16,True,True,"[2969.809082043789, 12.319407125615607]",0.0,normal,57,4640,0.02119233296252787
no_semantic_llama_3_3_70b_versatile,GA_FIXED,bmi_category,normal,17,True,True,"[2991.423699750579, 12.385984905989615]",0.0,normal,12,1040,0.004440249991603196
no_semantic_llama_3_3_70b_versatile,GA_FIXED,bmi_category,normal,18,True,True,"[1065.16523567001, 7.495302470572561]",0.0,normal,24,2000,0.009066125028766692
no_semantic_llama_3_3_70b_versatile,GA_FIXED,bmi_category,normal,19,True,True,"[2981.6657209530326, 10.97880828151021]",0.0,normal,23,1920,0.008518708986230195
no_semantic_llama_3_3_70b_versatile,GA_FIXED,bmi_category,normal,20,True,True,"[2985.36372208618, 12.624440353187568]",0.0,normal,31,2560,0.011852084076963365
no_semantic_llama_3_3_70b_versatile,GA_FIXED,bmi_category,normal,21,True,True,"[2976.766743499957, 11.213378663981532]",0.0,normal,71,5760,0.026529249968007207
no_semantic_llama_3_3_70b_versatile,GA_FIXED,bmi_category,normal,22,True,True,"[2980.1480192674544, 12.282033834698009]",0.0,normal,49,4000,0.018572791013866663
no_semantic_llama_3_3_70b_versatile,GA_FIXED,bmi_category,normal,23,True,True,"[2893.176959963283, 12.14035191131891]",0.0,normal,16,1360,0.006008583004586399
no_semantic_llama_3_3_70b_versatile,GA_FIXED,bmi_category,normal,24,True,True,"[2957.6045193664636, 12.486102394433848]",0.0,normal,38,3120,0.014218874974176288
no_semantic_llama_3_3_70b_versatile,GA_FIXED,bmi_category,normal,25,True,True,"[2987.1672137021933, 11.82351483144351]",0.0,normal,16,1360,0.00604200002271682
no_semantic_llama_3_3_70b_versatile,GA_FIXED,bmi_category,normal,26,True,True,"[2959.1756678049032, 12.016077577464747]",0.0,normal,16,1360,0.005782791995443404
no_semantic_llama_3_3_70b_versatile,GA_FIXED,bmi_category,normal,27,True,True,"[2968.1142357684635, 12.318458124157836]",0.0,normal,64,5200,0.02509250002913177
no_semantic_llama_3_3_70b_versatile,GA_FIXED,bmi_category,normal,28,True,True,"[2986.2649087371105, 12.045941916045322]",0.0,normal,67,5440,0.02576799993403256
no_semantic_llama_3_3_70b_versatile,GA_FIXED,bmi_category,normal,29,True,True,"[2891.7374984984717, 12.128845871837434]",0.0,normal,4,400,0.001643666997551918
no_semantic_llama_3_3_70b_versatile,GA_FIXED,bmi_category,overweight,0,True,True,"[2934.7192667289573, 10.652453669656971]",0.0,overweight,47,3840,0.017649417044594884
no_semantic_llama_3_3_70b_versatile,GA_FIXED,bmi_category,overweight,1,True,True,"[2965.2347645029377, 10.225413235879937]",0.0,overweight,27,2240,0.01002545899245888
no_semantic_llama_3_3_70b_versatile,GA_FIXED,bmi_category,overweight,2,True,True,"[2966.6706493727525, 10.788563551140609]",0.0,overweight,8,720,0.0030834589852020144
no_semantic_llama_3_3_70b_versatile,GA_FIXED,bmi_category,overweight,3,True,True,"[2953.6749678727806, 9.948235980276833]",0.0,overweight,22,1840,0.00837304093874991
no_semantic_llama_3_3_70b_versatile,GA_FIXED,bmi_category,overweight,4,True,True,"[2971.5996057233565, 10.364562993345817]",0.0,overweight,11,960,0.004157959017902613
no_semantic_llama_3_3_70b_versatile,GA_FIXED,bmi_category,overweight,5,True,True,"[2997.3982419427484, 10.731745763895681]",0.0,overweight,51,4160,0.018962584086693823
no_semantic_llama_3_3_70b_versatile,GA_FIXED,bmi_category,overweight,6,True,True,"[2991.0838438980063, 10.189032494759068]",0.0,overweight,47,3840,0.01773079193662852
no_semantic_llama_3_3_70b_versatile,GA_FIXED,bmi_category,overweight,7,True,True,"[2659.751309362145, 9.566781785277433]",0.0,overweight,48,3920,0.018401000066660345
no_semantic_llama_3_3_70b_versatile,GA_FIXED,bmi_category,overweight,8,True,True,"[2845.143743383381, 10.502701958538099]",0.0,overweight,17,1440,0.006303124944679439
no_semantic_llama_3_3_70b_versatile,GA_FIXED,bmi_category,overweight,9,True,True,"[2953.446727988259, 10.812657949198595]",0.0,overweight,32,2640,0.012119667022489011
no_semantic_llama_3_3_70b_versatile,GA_FIXED,bmi_category,overweight,10,True,True,"[2982.545296179118, 10.52151360744646]",0.0,overweight,55,4480,0.02017966704443097
no_semantic_llama_3_3_70b_versatile,GA_FIXED,bmi_category,overweight,11,True,True,"[2999.807230895604, 10.742874255562203]",0.0,overweight,40,3280,0.01467416703235358
no_semantic_llama_3_3_70b_versatile,GA_FIXED,bmi_category,overweight,12,True,True,"[282.18707615338104, 3.349712700070597]",0.0,overweight,28,2320,0.010312041966244578
no_semantic_llama_3_3_70b_versatile,GA_FIXED,bmi_category,overweight,13,True,True,"[2990.7594071553726, 10.768775405535552]",0.0,overweight,54,4400,0.01990791701246053
no_semantic_llama_3_3_70b_versatile,GA_FIXED,bmi_category,overweight,14,True,True,"[2324.356629972616, 8.842001969383283]",0.0,overweight,11,960,0.00415908289141953
no_semantic_llama_3_3_70b_versatile,GA_FIXED,bmi_category,overweight,15,True,True,"[2907.299864392572, 10.282717119018848]",0.0,overweight,7,640,0.0026288749650120735
no_semantic_llama_3_3_70b_versatile,GA_FIXED,bmi_category,overweight,16,True,True,"[3000.0, 10.695512601472883]",0.0,overweight,79,6400,0.03397729201242328
no_semantic_llama_3_3_70b_versatile,GA_FIXED,bmi_category,overweight,17,True,True,"[2967.189485882012, 10.203711186599794]",0.0,overweight,21,1760,0.009813042008318007
no_semantic_llama_3_3_70b_versatile,GA_FIXED,bmi_category,overweight,18,True,True,"[2920.813989982831, 10.0029118704974]",0.0,overweight,22,1840,0.008509041974321008
no_semantic_llama_3_3_70b_versatile,GA_FIXED,bmi_category,overweight,19,True,True,"[2858.8999266461706, 10.435985863302314]",0.0,overweight,22,1840,0.008457166026346385
no_semantic_llama_3_3_70b_versatile,GA_FIXED,bmi_category,overweight,20,True,True,"[1079.34176932745, 6.386671550545453]",0.0,overweight,5,480,0.0020087920129299164
no_semantic_llama_3_3_70b_versatile,GA_FIXED,bmi_category,overweight,21,True,True,"[2886.915462516651, 10.491080341164867]",0.0,overweight,48,3920,0.02151670795865357
no_semantic_llama_3_3_70b_versatile,GA_FIXED,bmi_category,overweight,22,True,True,"[2974.9960380011294, 10.781520205375747]",0.0,overweight,39,3200,0.018000208074226975
no_semantic_llama_3_3_70b_versatile,GA_FIXED,bmi_category,overweight,23,True,True,"[2984.881827990234, 10.54601790053362]",0.0,overweight,45,3680,0.01817479101009667
no_semantic_llama_3_3_70b_versatile,GA_FIXED,bmi_category,overweight,24,True,True,"[1590.4722637209377, 7.399836365620804]",0.0,overweight,3,320,0.0011499159736558795
no_semantic_llama_3_3_70b_versatile,GA_FIXED,bmi_category,overweight,25,True,True,"[1588.7958172777417, 7.61601431554847]",0.0,overweight,3,320,0.0011562909930944443
no_semantic_llama_3_3_70b_versatile,GA_FIXED,bmi_category,overweight,26,True,True,"[2904.8510689499217, 10.034244387597482]",0.0,overweight,19,1600,0.007002249942161143
no_semantic_llama_3_3_70b_versatile,GA_FIXED,bmi_category,overweight,27,True,True,"[2960.3991512685066, 10.780065062954872]",0.0,overweight,38,3120,0.015027167042717338
no_semantic_llama_3_3_70b_versatile,GA_FIXED,bmi_category,overweight,28,True,True,"[2971.4892125776314, 10.21584393929642]",0.0,overweight,89,7200,0.033397666993550956
no_semantic_llama_3_3_70b_versatile,GA_FIXED,bmi_category,overweight,29,True,True,"[2982.3360981430496, 10.717597057078002]",0.0,overweight,40,3280,0.015116292051970959
no_semantic_llama_3_3_70b_versatile,GA_FIXED,bmi_category,obese,0,True,True,"[2968.0113096518858, 7.76765546853464]",0.0,obese,25,2080,0.00976654200349003
no_semantic_llama_3_3_70b_versatile,GA_FIXED,bmi_category,obese,1,True,True,"[595.2319583986995, 4.445173838918071]",0.0,obese,0,80,0.00012012501247227192
no_semantic_llama_3_3_70b_versatile,GA_FIXED,bmi_category,obese,2,True,True,"[2880.5227744635085, 4.479807797968749]",0.0,obese,14,1200,0.005626084050163627
no_semantic_llama_3_3_70b_versatile,GA_FIXED,bmi_category,obese,3,True,True,"[2861.1003284285757, 9.584639992283872]",0.0,obese,9,800,0.0034757090033963323
no_semantic_llama_3_3_70b_versatile,GA_FIXED,bmi_category,obese,4,True,True,"[826.557685126094, 4.769947476598313]",0.0,obese,0,80,6.125005893409252e-05
no_semantic_llama_3_3_70b_versatile,GA_FIXED,bmi_category,obese,5,True,True,"[25.043741982227587, 0.5907656526311644]",0.0,obese,0,80,5.2916002459824085e-05
no_semantic_llama_3_3_70b_versatile,GA_FIXED,bmi_category,obese,6,True,True,"[2998.9218760368663, 9.96674442058604]",0.0,obese,8,720,0.0035816250601783395
no_semantic_llama_3_3_70b_versatile,GA_FIXED,bmi_category,obese,7,True,True,"[883.2233629895227, 3.255533905355601]",0.0,obese,1,160,0.00045091600622981787
no_semantic_llama_3_3_70b_versatile,GA_FIXED,bmi_category,obese,8,True,True,"[2941.802485664692, 9.427140592799699]",0.0,obese,3,320,0.0013122080126777291
no_semantic_llama_3_3_70b_versatile,GA_FIXED,bmi_category,obese,9,True,True,"[2976.078262737631, 9.191590534473931]",0.0,obese,34,2800,0.012792416964657605
no_semantic_llama_3_3_70b_versatile,GA_FIXED,bmi_category,obese,10,True,True,"[2887.071009651386, 9.511099933083317]",0.0,obese,19,1600,0.007353249937295914
no_semantic_llama_3_3_70b_versatile,GA_FIXED,bmi_category,obese,11,True,True,"[2933.9460797405136, 9.069215756478677]",0.0,obese,7,640,0.0027594170533120632
no_semantic_llama_3_3_70b_versatile,GA_FIXED,bmi_category,obese,12,True,True,"[3000.0, 9.88375545015128]",0.0,obese,53,4320,0.020439749932847917
no_semantic_llama_3_3_70b_versatile,GA_FIXED,bmi_category,obese,13,True,True,"[2968.33373717717, 0.7342800853209486]",0.0,obese,28,2320,0.010683541069738567
no_semantic_llama_3_3_70b_versatile,GA_FIXED,bmi_category,obese,14,True,True,"[2906.7215429125354, 7.27047757644439]",0.0,obese,42,3440,0.01562729198485613
no_semantic_llama_3_3_70b_versatile,GA_FIXED,bmi_category,obese,15,True,True,"[3000.0, 3.1373907955041247]",0.0,obese,59,4800,0.022034832974895835
no_semantic_llama_3_3_70b_versatile,GA_FIXED,bmi_category,obese,16,True,True,"[2830.5803735225854, 9.635263273365338]",0.0,obese,12,1040,0.004645709064789116
no_semantic_llama_3_3_70b_versatile,GA_FIXED,bmi_category,obese,17,True,True,"[2987.8157268747145, 9.746049048035077]",0.0,obese,56,4560,0.020840040990151465
no_semantic_llama_3_3_70b_versatile,GA_FIXED,bmi_category,obese,18,True,True,"[2837.3980193297816, 2.7457451198658056]",0.0,obese,17,1440,0.006340750027447939
no_semantic_llama_3_3_70b_versatile,GA_FIXED,bmi_category,obese,19,True,True,"[2973.9578545545855, 3.1960242984160336]",0.0,obese,9,800,0.0033777919597923756
no_semantic_llama_3_3_70b_versatile,GA_FIXED,bmi_category,obese,20,True,True,"[2638.7363905090597, 5.956607942328995]",0.0,obese,0,80,5.9208949096500874e-05
no_semantic_llama_3_3_70b_versatile,GA_FIXED,bmi_category,obese,21,True,True,"[1006.9957100714732, 0.40953822525258143]",0.0,obese,0,80,5.8832927606999874e-05
no_semantic_llama_3_3_70b_versatile,GA_FIXED,bmi_category,obese,22,True,True,"[2994.1852160046406, 9.790136953036324]",0.0,obese,19,1600,0.007184333051554859
no_semantic_llama_3_3_70b_versatile,GA_FIXED,bmi_category,obese,23,True,True,"[2586.417706019063, 9.237928724235678]",0.0,obese,13,1120,0.004847832955420017
no_semantic_llama_3_3_70b_versatile,GA_FIXED,bmi_category,obese,24,True,True,"[2962.6373219316774, 9.3952748669488]",0.0,obese,44,3600,0.01660170895047486
no_semantic_llama_3_3_70b_versatile,GA_FIXED,bmi_category,obese,25,True,True,"[2506.5377658830153, 1.4324182888698633]",0.0,obese,0,80,5.716702435165644e-05
no_semantic_llama_3_3_70b_versatile,GA_FIXED,bmi_category,obese,26,True,True,"[2891.6269535801894, 9.259263394556738]",0.0,obese,14,1200,0.00534999999217689
no_semantic_llama_3_3_70b_versatile,GA_FIXED,bmi_category,obese,27,True,True,"[2915.980816988309, 0.8262497977670202]",0.0,obese,12,1040,0.004542040987871587
no_semantic_llama_3_3_70b_versatile,GA_FIXED,bmi_category,obese,28,True,True,"[1234.8107067525843, 0.43781501367901043]",0.0,obese,1,160,0.00043608294799923897
no_semantic_llama_3_3_70b_versatile,GA_FIXED,bmi_category,obese,29,True,True,"[2635.153062366477, 7.9290574631331046]",0.0,obese,3,320,0.0011660830350592732
no_semantic_llama_3_3_70b_versatile,GA_FIXED,list_pattern,too_short,0,True,True,"[[26, -13, -47, -84, 27, 66, -9, -21]]",0.0,too_short,0,80,0.0001336249988526106
no_semantic_llama_3_3_70b_versatile,GA_FIXED,list_pattern,too_short,1,True,True,"[[86, -52]]",0.0,too_short,0,80,0.00012204190716147423
no_semantic_llama_3_3_70b_versatile,GA_FIXED,list_pattern,too_short,2,True,True,"[[89, 41, 34, 1, 12, 46, -51, -99]]",0.0,too_short,0,80,0.00012745894491672516
no_semantic_llama_3_3_70b_versatile,GA_FIXED,list_pattern,too_short,3,True,True,[[]],0.0,too_short,0,80,0.0001252919901162386
no_semantic_llama_3_3_70b_versatile,GA_FIXED,list_pattern,too_short,4,True,True,"[[-100, 81, 87, -74, 75, 64, 26, -44]]",0.0,too_short,0,80,0.00012116704601794481
no_semantic_llama_3_3_70b_versatile,GA_FIXED,list_pattern,too_short,5,True,True,"[[-30, 89]]",0.0,too_short,0,80,0.00012629199773073196
no_semantic_llama_3_3_70b_versatile,GA_FIXED,list_pattern,too_short,6,True,True,"[[-47, 76, -21, -73, -73]]",0.0,too_short,0,80,0.00012337497901171446
no_semantic_llama_3_3_70b_versatile,GA_FIXED,list_pattern,too_short,7,True,True,[[1]],0.0,too_short,0,80,0.00013308401685208082
no_semantic_llama_3_3_70b_versatile,GA_FIXED,list_pattern,too_short,8,True,True,"[[-30, 65, -35, 94]]",0.0,too_short,0,80,0.00012937502469867468
no_semantic_llama_3_3_70b_versatile,GA_FIXED,list_pattern,too_short,9,True,True,"[[-54, -30, -51, -50, -26, 72, -94, 35]]",0.0,too_short,0,80,0.0001332910032942891
no_semantic_llama_3_3_70b_versatile,GA_FIXED,list_pattern,too_short,10,True,True,"[[46, -53, 78, 61, 21]]",0.0,too_short,0,80,0.0001498749479651451
no_semantic_llama_3_3_70b_versatile,GA_FIXED,list_pattern,too_short,11,True,True,"[[61, -49]]",0.0,too_short,0,80,0.00019420799799263477
no_semantic_llama_3_3_70b_versatile,GA_FIXED,list_pattern,too_short,12,True,True,"[[-28, 100, 89, 94]]",0.0,too_short,0,80,0.0001353750703856349
no_semantic_llama_3_3_70b_versatile,GA_FIXED,list_pattern,too_short,13,True,True,"[[-27, 37]]",0.0,too_short,0,80,0.0001223749713972211
no_semantic_llama_3_3_70b_versatile,GA_FIXED,list_pattern,too_short,14,True,True,"[[-39, 93, -4, 80, 41, -26, -71, -54]]",0.0,too_short,0,80,0.00013216701336205006
no_semantic_llama_3_3_70b_versatile,GA_FIXED,list_pattern,too_short,15,True,True,"[[73, -78]]",0.0,too_short,0,80,0.00012633390724658966
no_semantic_llama_3_3_70b_versatile,GA_FIXED,list_pattern,too_short,16,True,True,"[[-88, 20]]",0.0,too_short,0,80,0.00012075004633516073
no_semantic_llama_3_3_70b_versatile,GA_FIXED,list_pattern,too_short,17,True,True,"[[-25, 68, -33, -95, 28]]",0.0,too_short,0,80,0.00013016699813306332
no_semantic_llama_3_3_70b_versatile,GA_FIXED,list_pattern,too_short,18,True,True,"[[-58, -73, 96, -10, -53, -29]]",0.0,too_short,0,80,0.0001222500577569008
no_semantic_llama_3_3_70b_versatile,GA_FIXED,list_pattern,too_short,19,True,True,"[[-73, 16, 88, 46, -61, -32, 51]]",0.0,too_short,0,80,0.00012345891445875168
no_semantic_llama_3_3_70b_versatile,GA_FIXED,list_pattern,too_short,20,True,True,[[]],0.0,too_short,0,80,0.00011679204180836678
no_semantic_llama_3_3_70b_versatile,GA_FIXED,list_pattern,too_short,21,True,True,"[[59, 22, 67, 89, -39]]",0.0,too_short,0,80,0.00012812495697289705
no_semantic_llama_3_3_70b_versatile,GA_FIXED,list_pattern,too_short,22,True,True,"[[10, -56, 64, 5, 97]]",0.0,too_short,0,80,0.00012079195585101843
no_semantic_llama_3_3_70b_versatile,GA_FIXED,list_pattern,too_short,23,True,True,[[98]],0.0,too_short,0,80,0.00012958399020135403
no_semantic_llama_3_3_70b_versatile,GA_FIXED,list_pattern,too_short,24,True,True,"[[71, 6, 56, 39]]",0.0,too_short,0,80,0.00012691691517829895
no_semantic_llama_3_3_70b_versatile,GA_FIXED,list_pattern,too_short,25,True,True,[[]],0.0,too_short,0,80,0.00012279197108000517
no_semantic_llama_3_3_70b_versatile,GA_FIXED,list_pattern,too_short,26,True,True,"[[29, 63, -11]]",0.0,too_short,0,80,0.00013099994976073503
no_semantic_llama_3_3_70b_versatile,GA_FIXED,list_pattern,too_short,27,True,True,"[[-45, 68, -91, 43]]",0.0,too_short,0,80,0.00012574996799230576
no_semantic_llama_3_3_70b_versatile,GA_FIXED,list_pattern,too_short,28,True,True,[[]],0.0,too_short,0,80,0.00012474996037781239
no_semantic_llama_3_3_70b_versatile,GA_FIXED,list_pattern,too_short,29,True,True,"[[47, -58, 40, -28, 68]]",0.0,too_short,0,80,0.00012745894491672516
no_semantic_llama_3_3_70b_versatile,GA_FIXED,list_pattern,sorted_with_duplicates,0,False,False,"[[91, 61, 65, 43]]",1.0,,0,8080,0.044196250033564866
no_semantic_llama_3_3_70b_versatile,GA_FIXED,list_pattern,sorted_with_duplicates,1,False,False,"[[-54, 30]]",1.0,,0,8080,0.04226616700179875
no_semantic_llama_3_3_70b_versatile,GA_FIXED,list_pattern,sorted_with_duplicates,2,False,False,[[]],1.0,,0,8080,0.04151508305221796
no_semantic_llama_3_3_70b_versatile,GA_FIXED,list_pattern,sorted_with_duplicates,3,False,False,"[[32, -92, 11, 41, 48, 10, -24, 96]]",1.0,,0,8080,0.04759850003756583
no_semantic_llama_3_3_70b_versatile,GA_FIXED,list_pattern,sorted_with_duplicates,4,False,False,[[]],1.0,,0,8080,0.04068208299577236
no_semantic_llama_3_3_70b_versatile,GA_FIXED,list_pattern,sorted_with_duplicates,5,False,False,"[[-51, -40, -76, -20, 62, 46, -8, 92]]",1.0,,0,8080,0.045514042023569345
no_semantic_llama_3_3_70b_versatile,GA_FIXED,list_pattern,sorted_with_duplicates,6,False,False,"[[-52, -97, 57, -41, -83, -79, -66, -7]]",1.0,,0,8080,0.044710124959237874
no_semantic_llama_3_3_70b_versatile,GA_FIXED,list_pattern,sorted_with_duplicates,7,False,False,"[[-54, 8, 4, 36]]",1.0,,0,8080,0.04244400002062321
no_semantic_llama_3_3_70b_versatile,GA_FIXED,list_pattern,sorted_with_duplicates,8,False,False,"[[19, 65, -14, 12, 55, -22, 62]]",1.0,,0,8080,0.04530404205434024
no_semantic_llama_3_3_70b_versatile,GA_FIXED,list_pattern,sorted_with_duplicates,9,False,False,[[-22]],1.0,,0,8080,0.041212999960407615
no_semantic_llama_3_3_70b_versatile,GA_FIXED,list_pattern,sorted_with_duplicates,10,False,False,"[[77, 19, -68, -67, 44, -23]]",1.0,,0,8080,0.04597945895511657
no_semantic_llama_3_3_70b_versatile,GA_FIXED,list_pattern,sorted_with_duplicates,11,False,False,"[[-71, -73, 6]]",1.0,,0,8080,0.04252733301836997
no_semantic_llama_3_3_70b_versatile,GA_FIXED,list_pattern,sorted_with_duplicates,12,False,False,"[[-75, -55, 76, 71, 50]]",1.0,,0,8080,0.04197433404624462
no_semantic_llama_3_3_70b_versatile,GA_FIXED,list_pattern,sorted_with_duplicates,13,False,False,[[]],1.0,,0,8080,0.04204749991185963
no_semantic_llama_3_3_70b_versatile,GA_FIXED,list_pattern,sorted_with_duplicates,14,False,False,"[[-36, -17, 73, 17, -1, -15]]",1.0,,0,8080,0.04579516593366861
no_semantic_llama_3_3_70b_versatile,GA_FIXED,list_pattern,sorted_with_duplicates,15,False,False,"[[-12, -20, -89, -90, 12]]",1.0,,0,8080,0.04138645902276039
no_semantic_llama_3_3_70b_versatile,GA_FIXED,list_pattern,sorted_with_duplicates,16,False,False,"[[61, -84, 3, -18, 49, 18, 80]]",1.0,,0,8080,0.047894167015329
no_semantic_llama_3_3_70b_versatile,GA_FIXED,list_pattern,sorted_with_duplicates,17,False,False,"[[23, 85, 58, 9, -68, -74]]",1.0,,0,8080,0.04798370890785009
no_semantic_llama_3_3_70b_versatile,GA_FIXED,list_pattern,sorted_with_duplicates,18,False,False,[[96]],1.0,,0,8080,0.03975629189517349
no_semantic_llama_3_3_70b_versatile,GA_FIXED,list_pattern,sorted_with_duplicates,19,False,False,"[[52, 57, -3, -54]]",1.0,,0,8080,0.04347612499259412
no_semantic_llama_3_3_70b_versatile,GA_FIXED,list_pattern,sorted_with_duplicates,20,False,False,"[[8, -83]]",1.0,,0,8080,0.04383370897267014
no_semantic_llama_3_3_70b_versatile,GA_FIXED,list_pattern,sorted_with_duplicates,21,False,False,"[[50, -51, 91]]",1.0,,0,8080,0.04452391597442329
no_semantic_llama_3_3_70b_versatile,GA_FIXED,list_pattern,sorted_with_duplicates,22,False,False,[[17]],1.0,,0,8080,0.039143667090684175
no_semantic_llama_3_3_70b_versatile,GA_FIXED,list_pattern,sorted_with_duplicates,23,False,False,"[[-93, -3]]",1.0,,0,8080,0.043538082973100245
no_semantic_llama_3_3_70b_versatile,GA_FIXED,list_pattern,sorted_with_duplicates,24,False,False,"[[-87, 49, -13]]",1.0,,0,8080,0.04219466703943908
no_semantic_llama_3_3_70b_versatile,GA_FIXED,list_pattern,sorted_with_duplicates,25,False,False,"[[18, 36, -2, 50, 66, 24, -21, -83]]",1.0,,0,8080,0.048660125001333654
no_semantic_llama_3_3_70b_versatile,GA_FIXED,list_pattern,sorted_with_duplicates,26,False,False,"[[1, -60, -20]]",1.0,,0,8080,0.04062395798973739
no_semantic_llama_3_3_70b_versatile,GA_FIXED,list_pattern,sorted_with_duplicates,27,False,False,"[[-25, 22, 76, -39, 59, -5, 11, 20]]",1.0,,0,8080,0.045877749915234745
no_semantic_llama_3_3_70b_versatile,GA_FIXED,list_pattern,sorted_with_duplicates,28,False,False,[[-7]],1.0,,0,8080,0.043662500102072954
no_semantic_llama_3_3_70b_versatile,GA_FIXED,list_pattern,sorted_with_duplicates,29,False,False,"[[38, 33, -12, 87]]",1.0,,0,8080,0.04450904100667685
no_semantic_llama_3_3_70b_versatile,GA_FIXED,list_pattern,sorted_unique,0,False,False,[[-29]],1.0,,0,8080,0.04330449993722141
no_semantic_llama_3_3_70b_versatile,GA_FIXED,list_pattern,sorted_unique,1,False,False,"[[-26, -15, -12, 11, -43, -54]]",1.0,,0,8080,0.04531116702128202
no_semantic_llama_3_3_70b_versatile,GA_FIXED,list_pattern,sorted_unique,2,False,False,"[[-77, 99, 49, 15, 76, 62]]",1.0,,0,8080,0.04638508299831301
no_semantic_llama_3_3_70b_versatile,GA_FIXED,list_pattern,sorted_unique,3,False,False,"[[1, 37, 59, 58, -10, -51, 25, -59]]",1.0,,0,8080,0.04629849991761148
no_semantic_llama_3_3_70b_versatile,GA_FIXED,list_pattern,sorted_unique,4,False,False,"[[-79, -10, -66, 67, -95, 76]]",1.0,,0,8080,0.04257033299654722
no_semantic_llama_3_3_70b_versatile,GA_FIXED,list_pattern,sorted_unique,5,False,False,"[[87, 79, 98, 46]]",1.0,,0,8080,0.0495084160938859
no_semantic_llama_3_3_70b_versatile,GA_FIXED,list_pattern,sorted_unique,6,False,False,"[[-49, 64, -12, -88, 84, 86]]",1.0,,0,8080,0.048405708046630025
no_semantic_llama_3_3_70b_versatile,GA_FIXED,list_pattern,sorted_unique,7,False,False,[[]],1.0,,0,8080,0.04417179094161838
no_semantic_llama_3_3_70b_versatile,GA_FIXED,list_pattern,sorted_unique,8,False,False,"[[-10, -1, 34, 70, 11, 82, -7, 39]]",1.0,,0,8080,0.04391804209444672
no_semantic_llama_3_3_70b_versatile,GA_FIXED,list_pattern,sorted_unique,9,False,False,[[]],1.0,,0,8080,0.04555433301720768
no_semantic_llama_3_3_70b_versatile,GA_FIXED,list_pattern,sorted_unique,10,False,False,[[]],1.0,,0,8080,0.04370379203464836
no_semantic_llama_3_3_70b_versatile,GA_FIXED,list_pattern,sorted_unique,11,False,False,"[[25, 77]]",1.0,,0,8080,0.043194000027142465
no_semantic_llama_3_3_70b_versatile,GA_FIXED,list_pattern,sorted_unique,12,False,False,"[[70, -92, -7, 47, -6, -68, 12]]",1.0,,0,8080,0.04626670794095844
no_semantic_llama_3_3_70b_versatile,GA_FIXED,list_pattern,sorted_unique,13,False,False,"[[84, -47]]",1.0,,0,8080,0.040585707989521325
no_semantic_llama_3_3_70b_versatile,GA_FIXED,list_pattern,sorted_unique,14,False,False,[[]],1.0,,0,8080,0.041299749980680645
no_semantic_llama_3_3_70b_versatile,GA_FIXED,list_pattern,sorted_unique,15,False,False,[[80]],1.0,,0,8080,0.03957566700410098
no_semantic_llama_3_3_70b_versatile,GA_FIXED,list_pattern,sorted_unique,16,False,False,"[[52, 74, -46, 70]]",1.0,,0,8080,0.04629629198461771
no_semantic_llama_3_3_70b_versatile,GA_FIXED,list_pattern,sorted_unique,17,False,False,"[[61, 53, -18, 36, 40, -96, -76]]",1.0,,0,8080,0.04795495897997171
no_semantic_llama_3_3_70b_versatile,GA_FIXED,list_pattern,sorted_unique,18,False,False,[[]],1.0,,0,8080,0.06856174999848008
no_semantic_llama_3_3_70b_versatile,GA_FIXED,list_pattern,sorted_unique,19,False,False,"[[-83, 69, -78, 18]]",1.0,,0,8080,0.04311620898079127
no_semantic_llama_3_3_70b_versatile,GA_FIXED,list_pattern,sorted_unique,20,False,False,[[]],1.0,,0,8080,0.03994474990759045
no_semantic_llama_3_3_70b_versatile,GA_FIXED,list_pattern,sorted_unique,21,False,False,"[[40, -58, 50, -24, -15]]",1.0,,0,8080,0.0462077499832958
no_semantic_llama_3_3_70b_versatile,GA_FIXED,list_pattern,sorted_unique,22,False,False,[[58]],1.0,,0,8080,0.04290016705635935
no_semantic_llama_3_3_70b_versatile,GA_FIXED,list_pattern,sorted_unique,23,False,False,"[[-35, 25, 86, -29, -21, -96, -49, -31]]",1.0,,0,8080,0.04545729199890047
no_semantic_llama_3_3_70b_versatile,GA_FIXED,list_pattern,sorted_unique,24,False,False,"[[-25, -35, -18]]",1.0,,0,8080,0.0430746249621734
no_semantic_llama_3_3_70b_versatile,GA_FIXED,list_pattern,sorted_unique,25,False,False,"[[44, 85, -50, -64, 93]]",1.0,,0,8080,0.04525016702245921
no_semantic_llama_3_3_70b_versatile,GA_FIXED,list_pattern,sorted_unique,26,False,False,"[[34, 96, -82, -41]]",1.0,,0,8080,0.04532066697720438
no_semantic_llama_3_3_70b_versatile,GA_FIXED,list_pattern,sorted_unique,27,False,False,"[[5, 15, 69, 85, 25, 21]]",1.0,,0,8080,0.04669204109814018
no_semantic_llama_3_3_70b_versatile,GA_FIXED,list_pattern,sorted_unique,28,False,False,"[[-60, -66, 90, 33, 73, -78, 94, 25]]",1.0,,0,8080,0.04533849994186312
no_semantic_llama_3_3_70b_versatile,GA_FIXED,list_pattern,sorted_unique,29,False,False,[[-72]],1.0,,0,8080,0.04195962497033179
no_semantic_llama_3_3_70b_versatile,GA_FIXED,list_pattern,unsorted_with_duplicates,0,False,False,"[[-43, -9, -13, 74, -95, 54, 80]]",1.0,,0,8080,0.045803834102116525
no_semantic_llama_3_3_70b_versatile,GA_FIXED,list_pattern,unsorted_with_duplicates,1,False,False,"[[94, -34, 56, 78]]",1.0,,0,8080,0.04357691609766334
no_semantic_llama_3_3_70b_versatile,GA_FIXED,list_pattern,unsorted_with_duplicates,2,False,False,[[]],1.0,,0,8080,0.04126020893454552
no_semantic_llama_3_3_70b_versatile,GA_FIXED,list_pattern,unsorted_with_duplicates,3,False,False,"[[47, -36, 5, -64, -36, -25, -69]]",1.0,,0,8080,0.046136624994687736
no_semantic_llama_3_3_70b_versatile,GA_FIXED,list_pattern,unsorted_with_duplicates,4,False,False,[[3]],1.0,,0,8080,0.044134499970823526
no_semantic_llama_3_3_70b_versatile,GA_FIXED,list_pattern,unsorted_with_duplicates,5,False,False,[[-20]],1.0,,0,8080,0.04233687499072403
no_semantic_llama_3_3_70b_versatile,GA_FIXED,list_pattern,unsorted_with_duplicates,6,False,False,"[[-6, 45, -18, -96, -57, -83]]",1.0,,0,8080,0.04331933299545199
no_semantic_llama_3_3_70b_versatile,GA_FIXED,list_pattern,unsorted_with_duplicates,7,False,False,"[[12, 49]]",1.0,,0,8080,0.04130491695832461
no_semantic_llama_3_3_70b_versatile,GA_FIXED,list_pattern,unsorted_with_duplicates,8,False,False,"[[-93, -14, -52, 59, -84, 44, 57]]",1.0,,0,8080,0.046116083045490086
no_semantic_llama_3_3_70b_versatile,GA_FIXED,list_pattern,unsorted_with_duplicates,9,False,False,"[[44, -73, 94, -21]]",1.0,,0,8080,0.04212016600649804
no_semantic_llama_3_3_70b_versatile,GA_FIXED,list_pattern,unsorted_with_duplicates,10,False,False,"[[76, -11, 52, 49]]",1.0,,0,8080,0.04373162495903671
no_semantic_llama_3_3_70b_versatile,GA_FIXED,list_pattern,unsorted_with_duplicates,11,False,False,"[[6, 14, 63, -28, -41, 10, -34, 91]]",1.0,,0,8080,0.04487120802514255
no_semantic_llama_3_3_70b_versatile,GA_FIXED,list_pattern,unsorted_with_duplicates,12,False,False,[[]],1.0,,0,8080,0.04058166698087007
no_semantic_llama_3_3_70b_versatile,GA_FIXED,list_pattern,unsorted_with_duplicates,13,False,False,"[[-14, -12, 82, 48, -18, -1, 47, 75]]",1.0,,0,8080,0.04600762506015599
no_semantic_llama_3_3_70b_versatile,GA_FIXED,list_pattern,unsorted_with_duplicates,14,False,False,"[[9, 77, -53]]",1.0,,0,8080,0.042748290929012
no_semantic_llama_3_3_70b_versatile,GA_FIXED,list_pattern,unsorted_with_duplicates,15,False,False,"[[32, 97, 11, 14, 50, 54, -30]]",1.0,,0,8080,0.04673633398488164
no_semantic_llama_3_3_70b_versatile,GA_FIXED,list_pattern,unsorted_with_duplicates,16,False,False,"[[24, 18, 61, 82]]",1.0,,0,8080,0.04183933394961059
no_semantic_llama_3_3_70b_versatile,GA_FIXED,list_pattern,unsorted_with_duplicates,17,False,False,[[]],1.0,,0,8080,0.04182191705331206
no_semantic_llama_3_3_70b_versatile,GA_FIXED,list_pattern,unsorted_with_duplicates,18,False,False,"[[34, -83, 40, 81]]",1.0,,0,8080,0.044058167026378214
no_semantic_llama_3_3_70b_versatile,GA_FIXED,list_pattern,unsorted_with_duplicates,19,False,False,"[[-85, -60, -64, 60, 50]]",1.0,,0,8080,0.04450133291538805
no_semantic_llama_3_3_70b_versatile,GA_FIXED,list_pattern,unsorted_with_duplicates,20,False,False,[[74]],1.0,,0,8080,0.03894420911092311
no_semantic_llama_3_3_70b_versatile,GA_FIXED,list_pattern,unsorted_with_duplicates,21,False,False,"[[23, -20, -89, 90, -43, 53, -71]]",1.0,,0,8080,0.045498125022277236
no_semantic_llama_3_3_70b_versatile,GA_FIXED,list_pattern,unsorted_with_duplicates,22,False,False,"[[-93, -77, 96, -54, -91, 81, 19]]",1.0,,0,8080,0.046650375006720424
no_semantic_llama_3_3_70b_versatile,GA_FIXED,list_pattern,unsorted_with_duplicates,23,False,False,[[29]],1.0,,0,8080,0.042374290991574526
no_semantic_llama_3_3_70b_versatile,GA_FIXED,list_pattern,unsorted_with_duplicates,24,False,False,"[[-6, 17, -55, 76, 41, -58]]",1.0,,0,8080,0.044878375018015504
no_semantic_llama_3_3_70b_versatile,GA_FIXED,list_pattern,unsorted_with_duplicates,25,False,False,"[[24, 26, -86, -57, -17, -86, -14, -45]]",1.0,,0,8080,0.04348158300854266
no_semantic_llama_3_3_70b_versatile,GA_FIXED,list_pattern,unsorted_with_duplicates,26,False,False,"[[-48, 73, -44, -45, 68]]",1.0,,0,8080,0.043582458049058914
no_semantic_llama_3_3_70b_versatile,GA_FIXED,list_pattern,unsorted_with_duplicates,27,False,False,[[]],1.0,,0,8080,0.039868874941021204
no_semantic_llama_3_3_70b_versatile,GA_FIXED,list_pattern,unsorted_with_duplicates,28,False,False,"[[83, -11, 86, -65, -30, -23, -13]]",1.0,,0,8080,0.046828582999296486
no_semantic_llama_3_3_70b_versatile,GA_FIXED,list_pattern,unsorted_with_duplicates,29,False,False,[[]],1.0,,0,8080,0.038502249983139336
no_semantic_llama_3_3_70b_versatile,GA_FIXED,list_pattern,unsorted_unique,0,False,False,"[[-15, 30, 79, 52]]",1.0,,0,8080,0.04571650002617389
no_semantic_llama_3_3_70b_versatile,GA_FIXED,list_pattern,unsorted_unique,1,False,False,"[[51, 71, 78, 59, 65, -27]]",1.0,,0,8080,0.04396829195320606
no_semantic_llama_3_3_70b_versatile,GA_FIXED,list_pattern,unsorted_unique,2,False,False,[[-4]],1.0,,0,8080,0.04025408404413611
no_semantic_llama_3_3_70b_versatile,GA_FIXED,list_pattern,unsorted_unique,3,False,False,"[[59, -95]]",1.0,,0,8080,0.04076187498867512
no_semantic_llama_3_3_70b_versatile,GA_FIXED,list_pattern,unsorted_unique,4,False,False,"[[-89, 40, 94, 7, 99]]",1.0,,0,8080,0.042999249999411404
no_semantic_llama_3_3_70b_versatile,GA_FIXED,list_pattern,unsorted_unique,5,False,False,[[]],1.0,,0,8080,0.041454375023022294
no_semantic_llama_3_3_70b_versatile,GA_FIXED,list_pattern,unsorted_unique,6,False,False,"[[96, -34]]",1.0,,0,8080,0.042487749946303666
no_semantic_llama_3_3_70b_versatile,GA_FIXED,list_pattern,unsorted_unique,7,False,False,[[]],1.0,,0,8080,0.04166433401405811
no_semantic_llama_3_3_70b_versatile,GA_FIXED,list_pattern,unsorted_unique,8,False,False,"[[-94, -84, -56]]",1.0,,0,8080,0.046246791956946254
no_semantic_llama_3_3_70b_versatile,GA_FIXED,list_pattern,unsorted_unique,9,False,False,"[[9, 36, -40, -5, -90]]",1.0,,0,8080,0.04521991696674377
no_semantic_llama_3_3_70b_versatile,GA_FIXED,list_pattern,unsorted_unique,10,False,False,[[-4]],1.0,,0,8080,0.03970449999906123
no_semantic_llama_3_3_70b_versatile,GA_FIXED,list_pattern,unsorted_unique,11,False,False,"[[62, 15, 95, 75, -88, -77, 0, -14]]",1.0,,0,8080,0.0473010839195922
no_semantic_llama_3_3_70b_versatile,GA_FIXED,list_pattern,unsorted_unique,12,False,False,[[19]],1.0,,0,8080,0.04043624992482364
no_semantic_llama_3_3_70b_versatile,GA_FIXED,list_pattern,unsorted_unique,13,False,False,"[[16, 79, 100, 15, 90, 2, 100]]",1.0,,0,8080,0.047540207975544035
no_semantic_llama_3_3_70b_versatile,GA_FIXED,list_pattern,unsorted_unique,14,False,False,"[[-98, 12]]",1.0,,0,8080,0.0436224170261994
no_semantic_llama_3_3_70b_versatile,GA_FIXED,list_pattern,unsorted_unique,15,False,False,"[[29, 2, 95, -7]]",1.0,,0,8080,0.041544041014276445
no_semantic_llama_3_3_70b_versatile,GA_FIXED,list_pattern,unsorted_unique,16,False,False,"[[-100, 70, -54, 25, 15, -59, 37]]",1.0,,0,8080,0.04291120800189674
no_semantic_llama_3_3_70b_versatile,GA_FIXED,list_pattern,unsorted_unique,17,False,False,"[[-18, 48, 62, -12, -46, -46]]",1.0,,0,8080,0.045418167021125555
no_semantic_llama_3_3_70b_versatile,GA_FIXED,list_pattern,unsorted_unique,18,False,False,"[[-40, 48, 30, 99, 55, -24, 57]]",1.0,,0,8080,0.04175604193005711
no_semantic_llama_3_3_70b_versatile,GA_FIXED,list_pattern,unsorted_unique,19,False,False,[[]],1.0,,0,8080,0.04193983296863735
no_semantic_llama_3_3_70b_versatile,GA_FIXED,list_pattern,unsorted_unique,20,False,False,"[[-33, -67]]",1.0,,0,8080,0.04125329200178385
no_semantic_llama_3_3_70b_versatile,GA_FIXED,list_pattern,unsorted_unique,21,False,False,"[[94, 0, 5, -85, -43]]",1.0,,0,8080,0.045751624973490834
no_semantic_llama_3_3_70b_versatile,GA_FIXED,list_pattern,unsorted_unique,22,False,False,"[[-72, -2, 51, 5]]",1.0,,0,8080,0.041702124988660216
no_semantic_llama_3_3_70b_versatile,GA_FIXED,list_pattern,unsorted_unique,23,False,False,"[[97, 77, 49]]",1.0,,0,8080,0.04277129203546792
no_semantic_llama_3_3_70b_versatile,GA_FIXED,list_pattern,unsorted_unique,24,False,False,[[31]],1.0,,0,8080,0.03981162502896041
no_semantic_llama_3_3_70b_versatile,GA_FIXED,list_pattern,unsorted_unique,25,False,False,[[]],1.0,,0,8080,0.0423121249768883
no_semantic_llama_3_3_70b_versatile,GA_FIXED,list_pattern,unsorted_unique,26,False,False,"[[12, 34, 6, -9, 22, -57]]",1.0,,0,8080,0.04699204198550433
no_semantic_llama_3_3_70b_versatile,GA_FIXED,list_pattern,unsorted_unique,27,False,False,[[]],1.0,,0,8080,0.0399802919710055
no_semantic_llama_3_3_70b_versatile,GA_FIXED,list_pattern,unsorted_unique,28,False,False,"[[27, -39, -43, -53, -100, 62, -43, -3]]",1.0,,0,8080,0.042830583988688886
no_semantic_llama_3_3_70b_versatile,GA_FIXED,list_pattern,unsorted_unique,29,False,False,"[[-61, 99]]",1.0,,0,8080,0.0387849590042606
no_semantic_llama_3_3_70b_versatile,GA_FIXED,number_kind,zero,0,True,True,[0],0.0,zero,4,400,0.0012916669948026538
no_semantic_llama_3_3_70b_versatile,GA_FIXED,number_kind,zero,1,True,True,[0],0.0,zero,4,400,0.0012692909222096205
no_semantic_llama_3_3_70b_versatile,GA_FIXED,number_kind,zero,2,True,True,[0],0.0,zero,8,720,0.0024844580329954624
no_semantic_llama_3_3_70b_versatile,GA_FIXED,number_kind,zero,3,True,True,[0],0.0,zero,16,1360,0.004910834017209709
no_semantic_llama_3_3_70b_versatile,GA_FIXED,number_kind,zero,4,True,True,[0],0.0,zero,10,880,0.0030939170392230153
no_semantic_llama_3_3_70b_versatile,GA_FIXED,number_kind,zero,5,True,True,[0],0.0,zero,8,720,0.0024861249839887023
no_semantic_llama_3_3_70b_versatile,GA_FIXED,number_kind,zero,6,True,True,[0],0.0,zero,8,720,0.0024936250410974026
no_semantic_llama_3_3_70b_versatile,GA_FIXED,number_kind,zero,7,True,True,[0],0.0,zero,5,480,0.0015785000286996365
no_semantic_llama_3_3_70b_versatile,GA_FIXED,number_kind,zero,8,True,True,[0],0.0,zero,13,1120,0.004014292033389211
no_semantic_llama_3_3_70b_versatile,GA_FIXED,number_kind,zero,9,True,True,[0],0.0,zero,9,800,0.0027782500255852938
no_semantic_llama_3_3_70b_versatile,GA_FIXED,number_kind,zero,10,True,True,[0],0.0,zero,9,800,0.0027761670062318444
no_semantic_llama_3_3_70b_versatile,GA_FIXED,number_kind,zero,11,True,True,[0],0.0,zero,5,480,0.0015680419746786356
no_semantic_llama_3_3_70b_versatile,GA_FIXED,number_kind,zero,12,True,True,[0],0.0,zero,7,640,0.0021738329669460654
no_semantic_llama_3_3_70b_versatile,GA_FIXED,number_kind,zero,13,True,True,[0],0.0,zero,4,400,0.0012768330052495003
no_semantic_llama_3_3_70b_versatile,GA_FIXED,number_kind,zero,14,True,True,[0],0.0,zero,8,720,0.0025541660143062472
no_semantic_llama_3_3_70b_versatile,GA_FIXED,number_kind,zero,15,True,True,[0],0.0,zero,3,320,0.000973333022557199
no_semantic_llama_3_3_70b_versatile,GA_FIXED,number_kind,zero,16,True,True,[0],0.0,zero,8,720,0.0024835000513121486
no_semantic_llama_3_3_70b_versatile,GA_FIXED,number_kind,zero,17,True,True,[0],0.0,zero,8,720,0.0024690839927643538
no_semantic_llama_3_3_70b_versatile,GA_FIXED,number_kind,zero,18,True,True,[0],0.0,zero,2,240,0.0006636250764131546
no_semantic_llama_3_3_70b_versatile,GA_FIXED,number_kind,zero,19,True,True,[0],0.0,zero,5,480,0.0015669160056859255
no_semantic_llama_3_3_70b_versatile,GA_FIXED,number_kind,zero,20,True,True,[0],0.0,zero,13,1120,0.003964167088270187
no_semantic_llama_3_3_70b_versatile,GA_FIXED,number_kind,zero,21,True,True,[0],0.0,zero,8,720,0.0024577919393777847
no_semantic_llama_3_3_70b_versatile,GA_FIXED,number_kind,zero,22,True,True,[0],0.0,zero,9,800,0.002750749932602048
no_semantic_llama_3_3_70b_versatile,GA_FIXED,number_kind,zero,23,True,True,[0],0.0,zero,20,1680,0.006109290989115834
no_semantic_llama_3_3_70b_versatile,GA_FIXED,number_kind,zero,24,True,True,[0],0.0,zero,13,1120,0.00397508405148983
no_semantic_llama_3_3_70b_versatile,GA_FIXED,number_kind,zero,25,True,True,[0],0.0,zero,13,1120,0.003978374996222556
no_semantic_llama_3_3_70b_versatile,GA_FIXED,number_kind,zero,26,True,True,[0],0.0,zero,4,400,0.0013072079746052623
no_semantic_llama_3_3_70b_versatile,GA_FIXED,number_kind,zero,27,True,True,[0],0.0,zero,9,800,0.002798207919113338
no_semantic_llama_3_3_70b_versatile,GA_FIXED,number_kind,zero,28,True,True,[0],0.0,zero,13,1120,0.003973208018578589
no_semantic_llama_3_3_70b_versatile,GA_FIXED,number_kind,zero,29,True,True,[0],0.0,zero,7,640,0.002190291997976601
no_semantic_llama_3_3_70b_versatile,GA_FIXED,number_kind,even,0,True,True,[1690],0.0,even,0,80,5.212507676333189e-05
no_semantic_llama_3_3_70b_versatile,GA_FIXED,number_kind,even,1,True,True,[2448],0.0,even,0,80,5.220901221036911e-05
no_semantic_llama_3_3_70b_versatile,GA_FIXED,number_kind,even,2,True,True,[-128],0.0,even,0,80,5.0458009354770184e-05
no_semantic_llama_3_3_70b_versatile,GA_FIXED,number_kind,even,3,True,True,[1250],0.0,even,0,80,5.0625065341591835e-05
no_semantic_llama_3_3_70b_versatile,GA_FIXED,number_kind,even,4,True,True,[1012],0.0,even,0,80,5.0749978981912136e-05
no_semantic_llama_3_3_70b_versatile,GA_FIXED,number_kind,even,5,True,True,[2090],0.0,even,0,80,5.2541960030794144e-05
no_semantic_llama_3_3_70b_versatile,GA_FIXED,number_kind,even,6,True,True,[1380],0.0,even,0,80,5.329097621142864e-05
no_semantic_llama_3_3_70b_versatile,GA_FIXED,number_kind,even,7,True,True,[1108],0.0,even,0,80,5.079200491309166e-05
no_semantic_llama_3_3_70b_versatile,GA_FIXED,number_kind,even,8,True,True,[2662],0.0,even,0,80,5.108292680233717e-05
no_semantic_llama_3_3_70b_versatile,GA_FIXED,number_kind,even,9,True,True,[1084],0.0,even,0,80,5.095801316201687e-05
no_semantic_llama_3_3_70b_versatile,GA_FIXED,number_kind,even,10,True,True,[528],0.0,even,0,80,5.0292001105844975e-05
no_semantic_llama_3_3_70b_versatile,GA_FIXED,number_kind,even,11,True,True,[84],0.0,even,0,80,5.120900459587574e-05
no_semantic_llama_3_3_70b_versatile,GA_FIXED,number_kind,even,12,True,True,[170],0.0,even,0,80,5.141599103808403e-05
no_semantic_llama_3_3_70b_versatile,GA_FIXED,number_kind,even,13,True,True,[1746],0.0,even,0,80,5.050003528594971e-05
no_semantic_llama_3_3_70b_versatile,GA_FIXED,number_kind,even,14,True,True,[394],0.0,even,0,80,4.841701593250036e-05
no_semantic_llama_3_3_70b_versatile,GA_FIXED,number_kind,even,15,True,True,[-350],0.0,even,0,80,5.112495273351669e-05
no_semantic_llama_3_3_70b_versatile,GA_FIXED,number_kind,even,16,True,True,[1798],0.0,even,0,80,5.037500523030758e-05
no_semantic_llama_3_3_70b_versatile,GA_FIXED,number_kind,even,17,True,True,[2460],0.0,even,0,80,5.137501284480095e-05
no_semantic_llama_3_3_70b_versatile,GA_FIXED,number_kind,even,18,True,True,[584],0.0,even,0,80,5.137489642947912e-05
no_semantic_llama_3_3_70b_versatile,GA_FIXED,number_kind,even,19,True,True,[-426],0.0,even,0,80,5.037500523030758e-05
no_semantic_llama_3_3_70b_versatile,GA_FIXED,number_kind,even,20,True,True,[256],0.0,even,0,80,5.095906089991331e-05
no_semantic_llama_3_3_70b_versatile,GA_FIXED,number_kind,even,21,True,True,[1676],0.0,even,0,80,5.095801316201687e-05
no_semantic_llama_3_3_70b_versatile,GA_FIXED,number_kind,even,22,True,True,[892],0.0,even,0,80,5.083298310637474e-05
no_semantic_llama_3_3_70b_versatile,GA_FIXED,number_kind,even,23,True,True,[2172],0.0,even,0,80,5.0875009037554264e-05
no_semantic_llama_3_3_70b_versatile,GA_FIXED,number_kind,even,24,True,True,[-150],0.0,even,0,80,5.0416914746165276e-05
no_semantic_llama_3_3_70b_versatile,GA_FIXED,number_kind,even,25,True,True,[296],0.0,even,0,80,5.0582922995090485e-05
no_semantic_llama_3_3_70b_versatile,GA_FIXED,number_kind,even,26,True,True,[316],0.0,even,0,80,5.112506914883852e-05
no_semantic_llama_3_3_70b_versatile,GA_FIXED,number_kind,even,27,True,True,[694],0.0,even,0,80,5.1332986913621426e-05
no_semantic_llama_3_3_70b_versatile,GA_FIXED,number_kind,even,28,True,True,[2758],0.0,even,0,80,5.104101728647947e-05
no_semantic_llama_3_3_70b_versatile,GA_FIXED,number_kind,even,29,True,True,[974],0.0,even,0,80,5.0958944484591484e-05
no_semantic_llama_3_3_70b_versatile,GA_FIXED,number_kind,odd,0,True,True,[2493],0.0,odd,0,80,5.16669824719429e-05
no_semantic_llama_3_3_70b_versatile,GA_FIXED,number_kind,odd,1,True,True,[527],0.0,odd,0,80,5.062494892627001e-05
no_semantic_llama_3_3_70b_versatile,GA_FIXED,number_kind,odd,2,True,True,[2059],0.0,odd,0,80,5.0833914428949356e-05
no_semantic_llama_3_3_70b_versatile,GA_FIXED,number_kind,odd,3,True,True,[405],0.0,odd,0,80,5.0582922995090485e-05
no_semantic_llama_3_3_70b_versatile,GA_FIXED,number_kind,odd,4,True,True,[947],0.0,odd,0,80,5.066709127277136e-05
no_semantic_llama_3_3_70b_versatile,GA_FIXED,number_kind,odd,5,True,True,[2669],0.0,odd,0,80,5.070795305073261e-05
no_semantic_llama_3_3_70b_versatile,GA_FIXED,number_kind,odd,6,True,True,[-461],0.0,odd,0,80,5.0582922995090485e-05
no_semantic_llama_3_3_70b_versatile,GA_FIXED,number_kind,odd,7,True,True,[1923],0.0,odd,0,80,5.0541944801807404e-05
no_semantic_llama_3_3_70b_versatile,GA_FIXED,number_kind,odd,8,True,True,[867],0.0,odd,0,80,5.083298310637474e-05
no_semantic_llama_3_3_70b_versatile,GA_FIXED,number_kind,odd,9,True,True,[2069],0.0,odd,0,80,5.204195622354746e-05
no_semantic_llama_3_3_70b_versatile,GA_FIXED,number_kind,odd,10,True,True,[161],0.0,odd,0,80,5.083309952169657e-05
no_semantic_llama_3_3_70b_versatile,GA_FIXED,number_kind,odd,11,True,True,[1395],0.0,odd,0,80,5.0332979299128056e-05
no_semantic_llama_3_3_70b_versatile,GA_FIXED,number_kind,odd,12,True,True,[1711],0.0,odd,0,80,4.983297549188137e-05
no_semantic_llama_3_3_70b_versatile,GA_FIXED,number_kind,odd,13,True,True,[1351],0.0,odd,0,80,5.112506914883852e-05
no_semantic_llama_3_3_70b_versatile,GA_FIXED,number_kind,odd,14,True,True,[203],0.0,odd,0,80,5.091703496873379e-05
no_semantic_llama_3_3_70b_versatile,GA_FIXED,number_kind,odd,15,True,True,[2109],0.0,odd,0,80,5.083298310637474e-05
no_semantic_llama_3_3_70b_versatile,GA_FIXED,number_kind,odd,16,True,True,[-467],0.0,odd,0,80,5.0875009037554264e-05
no_semantic_llama_3_3_70b_versatile,GA_FIXED,number_kind,odd,17,True,True,[2711],0.0,odd,0,80,5.091703496873379e-05
no_semantic_llama_3_3_70b_versatile,GA_FIXED,number_kind,odd,18,True,True,[2173],0.0,odd,0,80,5.091691855341196e-05
no_semantic_llama_3_3_70b_versatile,GA_FIXED,number_kind,odd,19,True,True,[419],0.0,odd,0,80,5.066697485744953e-05
no_semantic_llama_3_3_70b_versatile,GA_FIXED,number_kind,odd,20,True,True,[2509],0.0,odd,0,80,5.025009158998728e-05
no_semantic_llama_3_3_70b_versatile,GA_FIXED,number_kind,odd,21,True,True,[2235],0.0,odd,0,80,5.124998278915882e-05
no_semantic_llama_3_3_70b_versatile,GA_FIXED,number_kind,odd,22,True,True,[1235],0.0,odd,0,80,5.0332979299128056e-05
no_semantic_llama_3_3_70b_versatile,GA_FIXED,number_kind,odd,23,True,True,[21],0.0,odd,0,80,5.079200491309166e-05
no_semantic_llama_3_3_70b_versatile,GA_FIXED,number_kind,odd,24,True,True,[1291],0.0,odd,0,80,5.0875009037554264e-05
no_semantic_llama_3_3_70b_versatile,GA_FIXED,number_kind,odd,25,True,True,[303],0.0,odd,0,80,5.058397073298693e-05
no_semantic_llama_3_3_70b_versatile,GA_FIXED,number_kind,odd,26,True,True,[1695],0.0,odd,0,80,5.079200491309166e-05
no_semantic_llama_3_3_70b_versatile,GA_FIXED,number_kind,odd,27,True,True,[2781],0.0,odd,0,80,5.0625065341591835e-05
no_semantic_llama_3_3_70b_versatile,GA_FIXED,number_kind,odd,28,True,True,[1371],0.0,odd,0,80,5.050003528594971e-05
no_semantic_llama_3_3_70b_versatile,GA_FIXED,number_kind,odd,29,True,True,[253],0.0,odd,0,80,5.0666043534874916e-05
no_semantic_llama_3_3_70b_versatile,GA_FIXED,password_strength,weak_short,0,True,True,['YKs'],0.0,weak_short,0,80,0.0001976670464500785
no_semantic_llama_3_3_70b_versatile,GA_FIXED,password_strength,weak_short,1,True,True,['QfEBXAROocOzW7Y'],0.0,weak_short,0,80,0.0001723750028759241
no_semantic_llama_3_3_70b_versatile,GA_FIXED,password_strength,weak_short,2,True,True,['IC1MCQETiPYrgogc7'],0.0,weak_short,0,80,0.0001781670143827796
no_semantic_llama_3_3_70b_versatile,GA_FIXED,password_strength,weak_short,3,True,True,['FqgazpWOOd'],0.0,weak_short,0,80,0.00016616692300885916
no_semantic_llama_3_3_70b_versatile,GA_FIXED,password_strength,weak_short,4,True,True,['aAQTy6DzTTmLsAiTAs2G'],0.0,weak_short,0,80,0.00016954203601926565
no_semantic_llama_3_3_70b_versatile,GA_FIXED,password_strength,weak_short,5,True,True,['rnrMPMwOJBdZ'],0.0,weak_short,0,80,0.00017383391968905926
no_semantic_llama_3_3_70b_versatile,GA_FIXED,password_strength,weak_short,6,True,True,['gsx'],0.0,weak_short,0,80,0.00016525003593415022
no_semantic_llama_3_3_70b_versatile,GA_FIXED,password_strength,weak_short,7,True,True,['r4lAUCH5jC'],0.0,weak_short,0,80,0.0001757920254021883
no_semantic_llama_3_3_70b_versatile,GA_FIXED,password_strength,weak_short,8,True,True,['MC'],0.0,weak_short,0,80,0.00018116692081093788
no_semantic_llama_3_3_70b_versatile,GA_FIXED,password_strength,weak_short,9,True,True,['wrEArPs0'],0.0,weak_short,0,80,0.00017024995759129524
no_semantic_llama_3_3_70b_versatile,GA_FIXED,password_strength,weak_short,10,True,True,['aWJYVLPwwqHc'],0.0,weak_short,0,80,0.00017270899843424559
no_semantic_llama_3_3_70b_versatile,GA_FIXED,password_strength,weak_short,11,True,True,['YNeBhWB3loFNs1qSw7dM'],0.0,weak_short,0,80,0.00018020800780504942
no_semantic_llama_3_3_70b_versatile,GA_FIXED,password_strength,weak_short,12,True,True,['oSdu'],0.0,weak_short,0,80,0.00017712509725242853
no_semantic_llama_3_3_70b_versatile,GA_FIXED,password_strength,weak_short,13,True,True,['HWPDy5hsNjoi'],0.0,weak_short,0,80,0.00018624996300786734
no_semantic_llama_3_3_70b_versatile,GA_FIXED,password_strength,weak_short,14,True,True,['6AE4y9B'],0.0,weak_short,0,80,0.00017520890105515718
no_semantic_llama_3_3_70b_versatile,GA_FIXED,password_strength,weak_short,15,True,True,['5CaiwhzU7S00d'],0.0,weak_short,0,80,0.0001722919987514615
no_semantic_llama_3_3_70b_versatile,GA_FIXED,password_strength,weak_short,16,True,True,['10hm4RH3oJwHcJm'],0.0,weak_short,0,80,0.00017354206647723913
no_semantic_llama_3_3_70b_versatile,GA_FIXED,password_strength,weak_short,17,True,True,['hh7075NbF4tXExHi'],0.0,weak_short,0,80,0.0001728750066831708
no_semantic_llama_3_3_70b_versatile,GA_FIXED,password_strength,weak_short,18,True,True,['bYMMui9bJmz3Ls8Q'],0.0,weak_short,0,80,0.00018149998504668474
no_semantic_llama_3_3_70b_versatile,GA_FIXED,password_strength,weak_short,19,True,True,['QXufmr1mHlTYC'],0.0,weak_short,0,80,0.00018049997743219137
no_semantic_llama_3_3_70b_versatile,GA_FIXED,password_strength,weak_short,20,True,True,['WgkKqsf7cg555GzCr'],0.0,weak_short,0,80,0.00017254205886274576
no_semantic_llama_3_3_70b_versatile,GA_FIXED,password_strength,weak_short,21,True,True,['XCq0T0Rq'],0.0,weak_short,0,80,0.00017220794688910246
no_semantic_llama_3_3_70b_versatile,GA_FIXED,password_strength,weak_short,22,True,True,['H'],0.0,weak_short,0,80,0.0001723339082673192
no_semantic_llama_3_3_70b_versatile,GA_FIXED,password_strength,weak_short,23,True,True,['FzUj'],0.0,weak_short,0,80,0.00018225004896521568
no_semantic_llama_3_3_70b_versatile,GA_FIXED,password_strength,weak_short,24,True,True,['91rw5yQkXZOZct'],0.0,weak_short,0,80,0.00018208299297839403
no_semantic_llama_3_3_70b_versatile,GA_FIXED,password_strength,weak_short,25,True,True,['qOIc01oL5b44XAvh'],0.0,weak_short,0,80,0.00017837504856288433
no_semantic_llama_3_3_70b_versatile,GA_FIXED,password_strength,weak_short,26,True,True,['WD2yrf2VsJ'],0.0,weak_short,0,80,0.0001735000405460596
no_semantic_llama_3_3_70b_versatile,GA_FIXED,password_strength,weak_short,27,True,True,['Y1LDRYa13'],0.0,weak_short,0,80,0.00018720794469118118
no_semantic_llama_3_3_70b_versatile,GA_FIXED,password_strength,weak_short,28,True,True,['8'],0.0,weak_short,0,80,0.00016770802903920412
no_semantic_llama_3_3_70b_versatile,GA_FIXED,password_strength,weak_short,29,True,True,['sEa6gUTMaPf4oVHexxyf'],0.0,weak_short,0,80,0.0001694579841569066
no_semantic_llama_3_3_70b_versatile,GA_FIXED,password_strength,strong,0,True,True,['ylEToVUTUBeyVlLSPr7'],0.0,strong,0,80,0.0002447910374030471
no_semantic_llama_3_3_70b_versatile,GA_FIXED,password_strength,strong,1,True,True,['Mo7Ccs171g9w'],0.0,strong,0,80,0.00020937505178153515
no_semantic_llama_3_3_70b_versatile,GA_FIXED,password_strength,strong,2,True,True,['nrIIueoWDnZd7O'],0.0,strong,0,80,0.00021012499928474426
no_semantic_llama_3_3_70b_versatile,GA_FIXED,password_strength,strong,3,True,True,['SJ8oY9qyCM2LF7X'],0.0,strong,0,80,0.000218207947909832
no_semantic_llama_3_3_70b_versatile,GA_FIXED,password_strength,strong,4,True,True,['xgq45X1Q5TP'],0.0,strong,0,80,0.0002062499988824129
no_semantic_llama_3_3_70b_versatile,GA_FIXED,password_strength,strong,5,True,True,['t1iP8thzFKsJWERte'],0.0,strong,0,80,0.00020945793949067593
no_semantic_llama_3_3_70b_versatile,GA_FIXED,password_strength,strong,6,True,True,['KsajHOB4FX'],0.0,strong,0,80,0.00020074995700269938
no_semantic_llama_3_3_70b_versatile,GA_FIXED,password_strength,strong,7,True,True,['WQl4RMbInTfEqJKFV'],0.0,strong,0,80,0.00021275004837661982
no_semantic_llama_3_3_70b_versatile,GA_FIXED,password_strength,strong,8,True,True,['U3Tk00vo5ynxQjNTeb'],0.0,strong,0,80,0.00020770891569554806
no_semantic_llama_3_3_70b_versatile,GA_FIXED,password_strength,strong,9,True,True,['TnYFeICdBu8zSQ'],0.0,strong,0,80,0.0002187499776482582
no_semantic_llama_3_3_70b_versatile,GA_FIXED,password_strength,strong,10,True,True,['V9l0VnfbtQM7EwUR'],0.0,strong,0,80,0.00019333302043378353
no_semantic_llama_3_3_70b_versatile,GA_FIXED,password_strength,strong,11,True,True,['1PxfEyVfcQlXhm'],0.0,strong,0,80,0.00022400007583200932
no_semantic_llama_3_3_70b_versatile,GA_FIXED,password_strength,strong,12,True,True,['1dJLENBRfPk'],0.0,strong,0,80,0.0002087079919874668
no_semantic_llama_3_3_70b_versatile,GA_FIXED,password_strength,strong,13,True,True,['H7dezUVyu24'],0.0,strong,0,80,0.00020158395636826754
no_semantic_llama_3_3_70b_versatile,GA_FIXED,password_strength,strong,14,True,True,['TDHV2uBASqRlU8G'],0.0,strong,0,80,0.00020545802544802427
no_semantic_llama_3_3_70b_versatile,GA_FIXED,password_strength,strong,15,True,True,['o3TDJCRQXYLKQtTPA'],0.0,strong,0,80,0.00022016593720763922
no_semantic_llama_3_3_70b_versatile,GA_FIXED,password_strength,strong,16,True,True,['EhYTWtfqRYCi4m'],0.0,strong,0,80,0.00021174992434680462
no_semantic_llama_3_3_70b_versatile,GA_FIXED,password_strength,strong,17,True,True,['bx8X13bddSR1nCwu8CdG'],0.0,strong,0,80,0.00020641693845391273
no_semantic_llama_3_3_70b_versatile,GA_FIXED,password_strength,strong,18,True,True,['fflQfjgdopbAR5g2e3UP'],0.0,strong,0,80,0.00020450004376471043
no_semantic_llama_3_3_70b_versatile,GA_FIXED,password_strength,strong,19,True,True,['pWjAm9RnQaAGkTkr'],0.0,strong,0,80,0.00021483295131474733
no_semantic_llama_3_3_70b_versatile,GA_FIXED,password_strength,strong,20,True,True,['dDhzzQVyWVgtzinnI24'],0.0,strong,0,80,0.0002091249916702509
no_semantic_llama_3_3_70b_versatile,GA_FIXED,password_strength,strong,21,True,True,['3YlcmnbPYZg'],0.0,strong,0,80,0.0002051249612122774
no_semantic_llama_3_3_70b_versatile,GA_FIXED,password_strength,strong,22,True,True,['olcFvWRvXMSyXk39IW'],0.0,strong,0,80,0.00021312502212822437
no_semantic_llama_3_3_70b_versatile,GA_FIXED,password_strength,strong,23,True,True,['QFUayZN3vq5x2X'],0.0,strong,0,80,0.00020508398301899433
no_semantic_llama_3_3_70b_versatile,GA_FIXED,password_strength,strong,24,True,True,['OY3FRsXOziUYb'],0.0,strong,0,80,0.00020100001711398363
no_semantic_llama_3_3_70b_versatile,GA_FIXED,password_strength,strong,25,True,True,['NiXOWmJ8zAai7qvVKtB'],0.0,strong,0,80,0.00021166610531508923
no_semantic_llama_3_3_70b_versatile,GA_FIXED,password_strength,strong,26,True,True,['nutxVbbGmmbuTW8k7G'],0.0,strong,0,80,0.00020050001330673695
no_semantic_llama_3_3_70b_versatile,GA_FIXED,password_strength,strong,27,True,True,['kyIp3NzmuT6t'],0.0,strong,0,80,0.00019633304327726364
no_semantic_llama_3_3_70b_versatile,GA_FIXED,password_strength,strong,28,True,True,['NpzqkdB9PI6MZtQA'],0.0,strong,0,80,0.0002042920095846057
no_semantic_llama_3_3_70b_versatile,GA_FIXED,password_strength,strong,29,True,True,['1SXZ6vnSTW'],0.0,strong,0,80,0.0002113750670105219
no_semantic_llama_3_3_70b_versatile,GA_FIXED,password_strength,medium,0,True,True,['2LicrM'],0.0,medium,0,80,0.00020825001411139965
no_semantic_llama_3_3_70b_versatile,GA_FIXED,password_strength,medium,1,True,True,['srPaXmyeCUORepI'],0.0,medium,0,80,0.00021470803767442703
no_semantic_llama_3_3_70b_versatile,GA_FIXED,password_strength,medium,2,True,True,['kwNc1Qz'],0.0,medium,0,80,0.00019987497944384813
no_semantic_llama_3_3_70b_versatile,GA_FIXED,password_strength,medium,3,True,True,['ad9b'],0.0,medium,0,80,0.00021125003695487976
no_semantic_llama_3_3_70b_versatile,GA_FIXED,password_strength,medium,4,True,True,['iT'],0.0,medium,0,80,0.0002074169460684061
no_semantic_llama_3_3_70b_versatile,GA_FIXED,password_strength,medium,5,True,True,['CgxrXceDOmDxCbGQFqn'],0.0,medium,0,80,0.00020316592417657375
no_semantic_llama_3_3_70b_versatile,GA_FIXED,password_strength,medium,6,True,True,['H'],0.0,medium,0,80,0.0002079169498756528
no_semantic_llama_3_3_70b_versatile,GA_FIXED,password_strength,medium,7,True,True,['3xG'],0.0,medium,0,80,0.00022008398082107306
no_semantic_llama_3_3_70b_versatile,GA_FIXED,password_strength,medium,8,True,True,['gu79'],0.0,medium,0,80,0.00021529104560613632
no_semantic_llama_3_3_70b_versatile,GA_FIXED,password_strength,medium,9,True,True,['djEVxgbP8'],0.0,medium,0,80,0.00021425005979835987
no_semantic_llama_3_3_70b_versatile,GA_FIXED,password_strength,medium,10,True,True,['zQZFeBpuj'],0.0,medium,0,80,0.00021887500770390034
no_semantic_llama_3_3_70b_versatile,GA_FIXED,password_strength,medium,11,True,True,['6w'],0.0,medium,0,80,0.0002115420065820217
no_semantic_llama_3_3_70b_versatile,GA_FIXED,password_strength,medium,12,True,True,['TSIxSujmPWogUTR'],0.0,medium,0,80,0.00021475006360560656
no_semantic_llama_3_3_70b_versatile,GA_FIXED,password_strength,medium,13,True,True,['wb6FMih'],0.0,medium,0,80,0.00020950008183717728
no_semantic_llama_3_3_70b_versatile,GA_FIXED,password_strength,medium,14,True,True,['pjSYCmnEvQNnSdyHHlhT'],0.0,medium,0,80,0.0002004159614443779
no_semantic_llama_3_3_70b_versatile,GA_FIXED,password_strength,medium,15,True,True,['KRnHC9J'],0.0,medium,0,80,0.00021029205527156591
no_semantic_llama_3_3_70b_versatile,GA_FIXED,password_strength,medium,16,True,True,['E'],0.0,medium,0,80,0.0002132500521838665
no_semantic_llama_3_3_70b_versatile,GA_FIXED,password_strength,medium,17,True,True,['ztvzMQiWAe'],0.0,medium,0,80,0.00021791597828269005
no_semantic_llama_3_3_70b_versatile,GA_FIXED,password_strength,medium,18,True,True,['qkPiUxuMk'],0.0,medium,0,80,0.00020941707771271467
no_semantic_llama_3_3_70b_versatile,GA_FIXED,password_strength,medium,19,True,True,['vWdFdO'],0.0,medium,0,80,0.00021133397240191698
no_semantic_llama_3_3_70b_versatile,GA_FIXED,password_strength,medium,20,True,True,['M'],0.0,medium,0,80,0.00019691698253154755
no_semantic_llama_3_3_70b_versatile,GA_FIXED,password_strength,medium,21,True,True,['zBmuDsYM9'],0.0,medium,0,80,0.00021483306773006916
no_semantic_llama_3_3_70b_versatile,GA_FIXED,password_strength,medium,22,True,True,['IvZMT4Tzp'],0.0,medium,0,80,0.0002150830114260316
no_semantic_llama_3_3_70b_versatile,GA_FIXED,password_strength,medium,23,True,True,['lknUCFzKN'],0.0,medium,0,80,0.00021645892411470413
no_semantic_llama_3_3_70b_versatile,GA_FIXED,password_strength,medium,24,True,True,['tBNNcUldMBtj'],0.0,medium,0,80,0.00021895789541304111
no_semantic_llama_3_3_70b_versatile,GA_FIXED,password_strength,medium,25,True,True,['FlmBQhdRD'],0.0,medium,0,80,0.0002092079957947135
no_semantic_llama_3_3_70b_versatile,GA_FIXED,password_strength,medium,26,True,True,['cUp'],0.0,medium,0,80,0.00021062500309199095
no_semantic_llama_3_3_70b_versatile,GA_FIXED,password_strength,medium,27,True,True,['olZsm'],0.0,medium,0,80,0.0002191669773310423
no_semantic_llama_3_3_70b_versatile,GA_FIXED,password_strength,medium,28,True,True,['nw9UTtV'],0.0,medium,0,80,0.00021983298938721418
no_semantic_llama_3_3_70b_versatile,GA_FIXED,password_strength,medium,29,True,True,['fjNV2j'],0.0,medium,0,80,0.00019220903050154448
no_semantic_llama_3_3_70b_versatile,GA_FIXED,password_strength,weak_no_digit_upper,0,False,False,['LdvGGco8jfzeI8P'],1.0,,0,8080,0.03467474994249642
no_semantic_llama_3_3_70b_versatile,GA_FIXED,password_strength,weak_no_digit_upper,1,True,True,['pxmznb'],0.0,weak_no_digit_upper,24,2000,0.008457541931420565
no_semantic_llama_3_3_70b_versatile,GA_FIXED,password_strength,weak_no_digit_upper,2,False,False,['zRh856gX7RC2Kk'],1.0,,0,8080,0.0347289158962667
no_semantic_llama_3_3_70b_versatile,GA_FIXED,password_strength,weak_no_digit_upper,3,False,False,['iyFXijOVMcjbR4'],1.0,,0,8080,0.035249375039711595
no_semantic_llama_3_3_70b_versatile,GA_FIXED,password_strength,weak_no_digit_upper,4,True,True,['rftylvz'],0.0,weak_no_digit_upper,45,3680,0.01577058294788003
no_semantic_llama_3_3_70b_versatile,GA_FIXED,password_strength,weak_no_digit_upper,5,False,False,['hUNp8l8a'],1.0,,0,8080,0.03475862496998161
no_semantic_llama_3_3_70b_versatile,GA_FIXED,password_strength,weak_no_digit_upper,6,False,False,['U7FQX63nvYdsqASyW'],1.0,,0,8080,0.03508154198061675
no_semantic_llama_3_3_70b_versatile,GA_FIXED,password_strength,weak_no_digit_upper,7,False,False,['1At23qxAfA1'],1.0,,0,8080,0.03463574999477714
no_semantic_llama_3_3_70b_versatile,GA_FIXED,password_strength,weak_no_digit_upper,8,False,False,['G2T7XzBCzc6XS'],1.0,,0,8080,0.03514216700568795
no_semantic_llama_3_3_70b_versatile,GA_FIXED,password_strength,weak_no_digit_upper,9,False,False,['wrNr3BiUHA6EtXtj'],1.0,,0,8080,0.035002916934899986
no_semantic_llama_3_3_70b_versatile,GA_FIXED,password_strength,weak_no_digit_upper,10,False,False,['q5duvClDXJ3tX'],1.0,,0,8080,0.034922415972687304
no_semantic_llama_3_3_70b_versatile,GA_FIXED,password_strength,weak_no_digit_upper,11,False,False,['nn20IaHdREn'],1.0,,0,8080,0.03497504093684256
no_semantic_llama_3_3_70b_versatile,GA_FIXED,password_strength,weak_no_digit_upper,12,False,False,['mbIyGTB'],1.0,,0,8080,0.03501875000074506
no_semantic_llama_3_3_70b_versatile,GA_FIXED,password_strength,weak_no_digit_upper,13,True,True,['dfczpb'],0.0,weak_no_digit_upper,62,5040,0.02174854197073728
no_semantic_llama_3_3_70b_versatile,GA_FIXED,password_strength,weak_no_digit_upper,14,False,False,['9ToL3Mpt'],1.0,,0,8080,0.034582292078994215
no_semantic_llama_3_3_70b_versatile,GA_FIXED,password_strength,weak_no_digit_upper,15,True,True,['rjekvt'],0.0,weak_no_digit_upper,18,1520,0.006449374952353537
no_semantic_llama_3_3_70b_versatile,GA_FIXED,password_strength,weak_no_digit_upper,16,True,True,['qdvplh'],0.0,weak_no_digit_upper,95,7680,0.03384975006338209
no_semantic_llama_3_3_70b_versatile,GA_FIXED,password_strength,weak_no_digit_upper,17,True,True,['qsgrrb'],0.0,weak_no_digit_upper,5,480,0.0019583329558372498
no_semantic_llama_3_3_70b_versatile,GA_FIXED,password_strength,weak_no_digit_upper,18,False,False,['voABKj4REQpV886uvEI'],1.0,,0,8080,0.03584370901808143
no_semantic_llama_3_3_70b_versatile,GA_FIXED,password_strength,weak_no_digit_upper,19,False,False,['5AArNg2Y834UMAwgUY'],1.0,,0,8080,0.03470033407211304
no_semantic_llama_3_3_70b_versatile,GA_FIXED,password_strength,weak_no_digit_upper,20,False,False,['rOcf9DDAQDU9kqwOz6P'],1.0,,0,8080,0.03493979200720787
no_semantic_llama_3_3_70b_versatile,GA_FIXED,password_strength,weak_no_digit_upper,21,False,False,['2rq9fbP43'],1.0,,0,8080,0.03477791603654623
no_semantic_llama_3_3_70b_versatile,GA_FIXED,password_strength,weak_no_digit_upper,22,True,True,['wekrho'],0.0,weak_no_digit_upper,20,1680,0.007251958013512194
no_semantic_llama_3_3_70b_versatile,GA_FIXED,password_strength,weak_no_digit_upper,23,False,False,['jJZEneL2I3l17Te8nP'],1.0,,0,8080,0.03502208401914686
no_semantic_llama_3_3_70b_versatile,GA_FIXED,password_strength,weak_no_digit_upper,24,False,False,['j7TCLwUC'],1.0,,0,8080,0.03548320895060897
no_semantic_llama_3_3_70b_versatile,GA_FIXED,password_strength,weak_no_digit_upper,25,False,False,['LBoJvMF0uqI3'],1.0,,0,8080,0.03495741600636393
no_semantic_llama_3_3_70b_versatile,GA_FIXED,password_strength,weak_no_digit_upper,26,False,False,['t53zFxa3gm3F35'],1.0,,0,8080,0.03481937502510846
no_semantic_llama_3_3_70b_versatile,GA_FIXED,password_strength,weak_no_digit_upper,27,False,False,['o4q9HR1eQqkyhrWCscQ'],1.0,,0,8080,0.034745584009215236
no_semantic_llama_3_3_70b_versatile,GA_FIXED,password_strength,weak_no_digit_upper,28,False,False,['yeNtuMD8zPXTp'],1.0,,0,8080,0.035264500067569315
no_semantic_llama_3_3_70b_versatile,GA_FIXED,password_strength,weak_no_digit_upper,29,True,True,['riquyup'],0.0,weak_no_digit_upper,30,2480,0.010778500000014901
no_semantic_llama_3_3_70b_versatile,GA_FIXED,pin_pattern,secret_pin,0,True,True,"[7, 3, 9, 1]",0.0,secret_pin,60,4880,0.02644741698168218
no_semantic_llama_3_3_70b_versatile,GA_FIXED,pin_pattern,secret_pin,1,True,True,"[7, 3, 9, 1]",0.0,secret_pin,58,4720,0.025209000101312995
no_semantic_llama_3_3_70b_versatile,GA_FIXED,pin_pattern,secret_pin,2,True,True,"[7, 3, 9, 1]",0.0,secret_pin,61,4960,0.02648241608403623
no_semantic_llama_3_3_70b_versatile,GA_FIXED,pin_pattern,secret_pin,3,True,True,"[7, 3, 9, 1]",0.0,secret_pin,38,3120,0.016543917008675635
no_semantic_llama_3_3_70b_versatile,GA_FIXED,pin_pattern,secret_pin,4,True,True,"[7, 3, 9, 1]",0.0,secret_pin,33,2720,0.014396833023056388
no_semantic_llama_3_3_70b_versatile,GA_FIXED,pin_pattern,secret_pin,5,True,True,"[7, 3, 9, 1]",0.0,secret_pin,46,3760,0.020030583022162318
no_semantic_llama_3_3_70b_versatile,GA_FIXED,pin_pattern,secret_pin,6,True,True,"[7, 3, 9, 1]",0.0,secret_pin,38,3120,0.01652687496971339
no_semantic_llama_3_3_70b_versatile,GA_FIXED,pin_pattern,secret_pin,7,True,True,"[7, 3, 9, 1]",0.0,secret_pin,55,4480,0.02389562502503395
no_semantic_llama_3_3_70b_versatile,GA_FIXED,pin_pattern,secret_pin,8,True,True,"[7, 3, 9, 1]",0.0,secret_pin,28,2320,0.012229291955009103
no_semantic_llama_3_3_70b_versatile,GA_FIXED,pin_pattern,secret_pin,9,True,True,"[7, 3, 9, 1]",0.0,secret_pin,48,3920,0.020837416988797486
no_semantic_llama_3_3_70b_versatile,GA_FIXED,pin_pattern,secret_pin,10,True,True,"[7, 3, 9, 1]",0.0,secret_pin,46,3760,0.02002204197924584
no_semantic_llama_3_3_70b_versatile,GA_FIXED,pin_pattern,secret_pin,11,True,True,"[7, 3, 9, 1]",0.0,secret_pin,61,4960,0.026309208013117313
no_semantic_llama_3_3_70b_versatile,GA_FIXED,pin_pattern,secret_pin,12,True,True,"[7, 3, 9, 1]",0.0,secret_pin,60,4880,0.026161957997828722
no_semantic_llama_3_3_70b_versatile,GA_FIXED,pin_pattern,secret_pin,13,True,True,"[7, 3, 9, 1]",0.0,secret_pin,33,2720,0.014501750003546476
no_semantic_llama_3_3_70b_versatile,GA_FIXED,pin_pattern,secret_pin,14,True,True,"[7, 3, 9, 1]",0.0,secret_pin,37,3040,0.016231666901148856
no_semantic_llama_3_3_70b_versatile,GA_FIXED,pin_pattern,secret_pin,15,True,True,"[7, 3, 9, 1]",0.0,secret_pin,57,4640,0.024972749990411103
no_semantic_llama_3_3_70b_versatile,GA_FIXED,pin_pattern,secret_pin,16,True,True,"[7, 3, 9, 1]",0.0,secret_pin,58,4720,0.025412583025172353
no_semantic_llama_3_3_70b_versatile,GA_FIXED,pin_pattern,secret_pin,17,True,True,"[7, 3, 9, 1]",0.0,secret_pin,47,3840,0.0205698749050498
no_semantic_llama_3_3_70b_versatile,GA_FIXED,pin_pattern,secret_pin,18,True,True,"[7, 3, 9, 1]",0.0,secret_pin,54,4400,0.02372370893135667
no_semantic_llama_3_3_70b_versatile,GA_FIXED,pin_pattern,secret_pin,19,True,True,"[7, 3, 9, 1]",0.0,secret_pin,40,3280,0.017615083954297006
no_semantic_llama_3_3_70b_versatile,GA_FIXED,pin_pattern,secret_pin,20,True,True,"[7, 3, 9, 1]",0.0,secret_pin,38,3120,0.01669674995355308
no_semantic_llama_3_3_70b_versatile,GA_FIXED,pin_pattern,secret_pin,21,True,True,"[7, 3, 9, 1]",0.0,secret_pin,53,4320,0.02326983294915408
no_semantic_llama_3_3_70b_versatile,GA_FIXED,pin_pattern,secret_pin,22,True,True,"[7, 3, 9, 1]",0.0,secret_pin,56,4560,0.02428783301729709
no_semantic_llama_3_3_70b_versatile,GA_FIXED,pin_pattern,secret_pin,23,True,True,"[7, 3, 9, 1]",0.0,secret_pin,53,4320,0.02314070798456669
no_semantic_llama_3_3_70b_versatile,GA_FIXED,pin_pattern,secret_pin,24,True,True,"[7, 3, 9, 1]",0.0,secret_pin,56,4560,0.024413834093138576
no_semantic_llama_3_3_70b_versatile,GA_FIXED,pin_pattern,secret_pin,25,True,True,"[7, 3, 9, 1]",0.0,secret_pin,44,3600,0.019322499982081354
no_semantic_llama_3_3_70b_versatile,GA_FIXED,pin_pattern,secret_pin,26,True,True,"[7, 3, 9, 1]",0.0,secret_pin,85,6880,0.037078208988532424
no_semantic_llama_3_3_70b_versatile,GA_FIXED,pin_pattern,secret_pin,27,True,True,"[7, 3, 9, 1]",0.0,secret_pin,63,5120,0.027203875011764467
no_semantic_llama_3_3_70b_versatile,GA_FIXED,pin_pattern,secret_pin,28,True,True,"[7, 3, 9, 1]",0.0,secret_pin,28,2320,0.012238000053912401
no_semantic_llama_3_3_70b_versatile,GA_FIXED,pin_pattern,secret_pin,29,True,True,"[7, 3, 9, 1]",0.0,secret_pin,57,4640,0.024787332979030907
no_semantic_llama_3_3_70b_versatile,GA_FIXED,pin_pattern,all_same,0,True,True,"[1475, 1475, 1475, 1475]",0.0,all_same,27,2240,0.011800749925896525
no_semantic_llama_3_3_70b_versatile,GA_FIXED,pin_pattern,all_same,1,True,True,"[1392, 1392, 1392, 1392]",0.0,all_same,36,2960,0.015713125001639128
no_semantic_llama_3_3_70b_versatile,GA_FIXED,pin_pattern,all_same,2,True,True,"[452, 452, 452, 452]",0.0,all_same,39,3200,0.017082749982364476
no_semantic_llama_3_3_70b_versatile,GA_FIXED,pin_pattern,all_same,3,True,True,"[2039, 2039, 2039, 2039]",0.0,all_same,37,3040,0.016113833989948034
no_semantic_llama_3_3_70b_versatile,GA_FIXED,pin_pattern,all_same,4,True,True,"[1134, 1134, 1134, 1134]",0.0,all_same,33,2720,0.01434037508442998
no_semantic_llama_3_3_70b_versatile,GA_FIXED,pin_pattern,all_same,5,True,True,"[1461, 1461, 1461, 1461]",0.0,all_same,44,3600,0.019070375012233853
no_semantic_llama_3_3_70b_versatile,GA_FIXED,pin_pattern,all_same,6,True,True,"[831, 831, 831, 831]",0.0,all_same,71,5760,0.030891292029991746
no_semantic_llama_3_3_70b_versatile,GA_FIXED,pin_pattern,all_same,7,True,True,"[272, 272, 272, 272]",0.0,all_same,43,3520,0.01878608309198171
no_semantic_llama_3_3_70b_versatile,GA_FIXED,pin_pattern,all_same,8,True,True,"[1127, 1127, 1127, 1127]",0.0,all_same,75,6080,0.032596000004559755
no_semantic_llama_3_3_70b_versatile,GA_FIXED,pin_pattern,all_same,9,True,True,"[2352, 2352, 2352, 2352]",0.0,all_same,48,3920,0.020914459018968046
no_semantic_llama_3_3_70b_versatile,GA_FIXED,pin_pattern,all_same,10,True,True,"[1070, 1070, 1070, 1070]",0.0,all_same,44,3600,0.01922033296432346
no_semantic_llama_3_3_70b_versatile,GA_FIXED,pin_pattern,all_same,11,True,True,"[1831, 1831, 1831, 1831]",0.0,all_same,57,4640,0.02460574998985976
no_semantic_llama_3_3_70b_versatile,GA_FIXED,pin_pattern,all_same,12,True,True,"[-153, -153, -153, -153]",0.0,all_same,36,2960,0.015677624964155257
no_semantic_llama_3_3_70b_versatile,GA_FIXED,pin_pattern,all_same,13,True,True,"[1811, 1811, 1811, 1811]",0.0,all_same,29,2400,0.01267112500499934
no_semantic_llama_3_3_70b_versatile,GA_FIXED,pin_pattern,all_same,14,True,True,"[1937, 1937, 1937, 1937]",0.0,all_same,44,3600,0.019040832994505763
no_semantic_llama_3_3_70b_versatile,GA_FIXED,pin_pattern,all_same,15,True,True,"[2229, 2229, 2229, 2229]",0.0,all_same,46,3760,0.020058208028785884
no_semantic_llama_3_3_70b_versatile,GA_FIXED,pin_pattern,all_same,16,True,True,"[1698, 1698, 1698, 1698]",0.0,all_same,39,3200,0.016912209102883935
no_semantic_llama_3_3_70b_versatile,GA_FIXED,pin_pattern,all_same,17,True,True,"[282, 282, 282, 282]",0.0,all_same,31,2560,0.013432417064905167
no_semantic_llama_3_3_70b_versatile,GA_FIXED,pin_pattern,all_same,18,True,True,"[1173, 1173, 1173, 1173]",0.0,all_same,45,3680,0.01953212497755885
no_semantic_llama_3_3_70b_versatile,GA_FIXED,pin_pattern,all_same,19,False,False,"[2442, 2443, 2443, 2443]",1.0,,65,8080,0.04313695803284645
no_semantic_llama_3_3_70b_versatile,GA_FIXED,pin_pattern,all_same,20,True,True,"[-237, -237, -237, -237]",0.0,all_same,43,3520,0.018638540990650654
no_semantic_llama_3_3_70b_versatile,GA_FIXED,pin_pattern,all_same,21,True,True,"[1124, 1124, 1124, 1124]",0.0,all_same,64,5200,0.027690583956427872
no_semantic_llama_3_3_70b_versatile,GA_FIXED,pin_pattern,all_same,22,True,True,"[1346, 1346, 1346, 1346]",0.0,all_same,37,3040,0.016066791024059057
no_semantic_llama_3_3_70b_versatile,GA_FIXED,pin_pattern,all_same,23,True,True,"[854, 854, 854, 854]",0.0,all_same,40,3280,0.017354291980154812
no_semantic_llama_3_3_70b_versatile,GA_FIXED,pin_pattern,all_same,24,True,True,"[1708, 1708, 1708, 1708]",0.0,all_same,42,3440,0.01826954202260822
no_semantic_llama_3_3_70b_versatile,GA_FIXED,pin_pattern,all_same,25,True,True,"[1486, 1486, 1486, 1486]",0.0,all_same,26,2160,0.011333207949064672
no_semantic_llama_3_3_70b_versatile,GA_FIXED,pin_pattern,all_same,26,True,True,"[1591, 1591, 1591, 1591]",0.0,all_same,27,2240,0.011795415892265737
no_semantic_llama_3_3_70b_versatile,GA_FIXED,pin_pattern,all_same,27,True,True,"[949, 949, 949, 949]",0.0,all_same,55,4480,0.023889750009402633
no_semantic_llama_3_3_70b_versatile,GA_FIXED,pin_pattern,all_same,28,True,True,"[1781, 1781, 1781, 1781]",0.0,all_same,65,5280,0.028119707945734262
no_semantic_llama_3_3_70b_versatile,GA_FIXED,pin_pattern,all_same,29,True,True,"[875, 875, 875, 875]",0.0,all_same,47,3840,0.020539249991998076
no_semantic_llama_3_3_70b_versatile,GA_FIXED,pin_pattern,ordered_sum_20,0,False,False,"[-170, 354, -195, 31]",1.0,,7,8080,0.04356641601771116
no_semantic_llama_3_3_70b_versatile,GA_FIXED,pin_pattern,ordered_sum_20,1,False,False,"[-108, -384, -347, 859]",1.0,,9,8080,0.043418874964118004
no_semantic_llama_3_3_70b_versatile,GA_FIXED,pin_pattern,ordered_sum_20,2,False,False,"[-432, -186, 550, 88]",1.0,,16,8080,0.04323629196733236
no_semantic_llama_3_3_70b_versatile,GA_FIXED,pin_pattern,ordered_sum_20,3,False,False,"[-300, -72, 666, -274]",1.0,,10,8080,0.043298249947838485
no_semantic_llama_3_3_70b_versatile,GA_FIXED,pin_pattern,ordered_sum_20,4,False,False,"[-426, 711, -389, 124]",1.0,,10,8080,0.04303716600406915
no_semantic_llama_3_3_70b_versatile,GA_FIXED,pin_pattern,ordered_sum_20,5,False,False,"[-233, -461, 585, 129]",1.0,,2,8080,0.04308704100549221
no_semantic_llama_3_3_70b_versatile,GA_FIXED,pin_pattern,ordered_sum_20,6,False,False,"[-145, -301, -302, 768]",1.0,,15,8080,0.0432297500083223
no_semantic_llama_3_3_70b_versatile,GA_FIXED,pin_pattern,ordered_sum_20,7,False,False,"[-327, 729, -302, -80]",1.0,,10,8080,0.04351241700351238
no_semantic_llama_3_3_70b_versatile,GA_FIXED,pin_pattern,ordered_sum_20,8,False,False,"[237, -301, -292, 376]",1.0,,16,8080,0.043255124939605594
no_semantic_llama_3_3_70b_versatile,GA_FIXED,pin_pattern,ordered_sum_20,9,False,False,"[-455, 676, -102, -99]",1.0,,11,8080,0.04328924999572337
no_semantic_llama_3_3_70b_versatile,GA_FIXED,pin_pattern,ordered_sum_20,10,False,False,"[24, 93, -89, -8]",1.0,,7,8080,0.0431421670364216
no_semantic_llama_3_3_70b_versatile,GA_FIXED,pin_pattern,ordered_sum_20,11,False,False,"[-366, 200, 414, -228]",1.0,,14,8080,0.04341112496331334
no_semantic_llama_3_3_70b_versatile,GA_FIXED,pin_pattern,ordered_sum_20,12,False,False,"[-34, -101, 303, -148]",1.0,,9,8080,0.04348141700029373
no_semantic_llama_3_3_70b_versatile,GA_FIXED,pin_pattern,ordered_sum_20,13,False,False,"[-88, 117, 115, -124]",1.0,,8,8080,0.04351124993991107
no_semantic_llama_3_3_70b_versatile,GA_FIXED,pin_pattern,ordered_sum_20,14,False,False,"[-152, 177, 251, -256]",1.0,,5,8080,0.04330091702286154
no_semantic_llama_3_3_70b_versatile,GA_FIXED,pin_pattern,ordered_sum_20,15,False,False,"[318, -73, 57, -282]",1.0,,10,8080,0.04319508303888142
no_semantic_llama_3_3_70b_versatile,GA_FIXED,pin_pattern,ordered_sum_20,16,False,False,"[-51, 176, -433, 328]",1.0,,4,8080,0.04354529199190438
no_semantic_llama_3_3_70b_versatile,GA_FIXED,pin_pattern,ordered_sum_20,17,False,False,"[-79, -371, 174, 296]",1.0,,12,8080,0.04328337498009205
no_semantic_llama_3_3_70b_versatile,GA_FIXED,pin_pattern,ordered_sum_20,18,False,False,"[-481, 242, -9, 268]",1.0,,9,8080,0.04365908296313137
no_semantic_llama_3_3_70b_versatile,GA_FIXED,pin_pattern,ordered_sum_20,19,False,False,"[273, -334, -302, 383]",1.0,,17,8080,0.043440082925371826
no_semantic_llama_3_3_70b_versatile,GA_FIXED,pin_pattern,ordered_sum_20,20,False,False,"[736, -178, -451, -87]",1.0,,6,8080,0.043372082989662886
no_semantic_llama_3_3_70b_versatile,GA_FIXED,pin_pattern,ordered_sum_20,21,False,False,"[571, 282, -390, -443]",1.0,,10,8080,0.04333837504964322
no_semantic_llama_3_3_70b_versatile,GA_FIXED,pin_pattern,ordered_sum_20,22,False,False,"[-238, -209, 308, 159]",1.0,,13,8080,0.04322608304210007
no_semantic_llama_3_3_70b_versatile,GA_FIXED,pin_pattern,ordered_sum_20,23,False,False,"[-406, 169, 283, -26]",1.0,,15,8080,0.04332595900632441
no_semantic_llama_3_3_70b_versatile,GA_FIXED,pin_pattern,ordered_sum_20,24,False,False,"[152, -162, -83, 113]",1.0,,13,8080,0.04332116700243205
no_semantic_llama_3_3_70b_versatile,GA_FIXED,pin_pattern,ordered_sum_20,25,False,False,"[-355, 922, -475, -72]",1.0,,8,8080,0.04345891694538295
no_semantic_llama_3_3_70b_versatile,GA_FIXED,pin_pattern,ordered_sum_20,26,False,False,"[291, -275, -241, 245]",1.0,,11,8080,0.04340804205276072
no_semantic_llama_3_3_70b_versatile,GA_FIXED,pin_pattern,ordered_sum_20,27,False,False,"[28, 90, 60, -158]",1.0,,9,8080,0.04332920804154128
no_semantic_llama_3_3_70b_versatile,GA_FIXED,pin_pattern,ordered_sum_20,28,False,False,"[-283, -12, -438, 753]",1.0,,16,8080,0.04343412502203137
no_semantic_llama_3_3_70b_versatile,GA_FIXED,pin_pattern,ordered_sum_20,29,False,False,"[677, -361, -424, 128]",1.0,,7,8080,0.04336124996189028
no_semantic_llama_3_3_70b_versatile,GA_FIXED,pin_pattern,other,0,True,True,"[212, 630, 196, 2475]",0.0,other,0,80,0.00012374995276331902
no_semantic_llama_3_3_70b_versatile,GA_FIXED,pin_pattern,other,1,True,True,"[856, 2535, 1753, 2457]",0.0,other,0,80,0.00012274994514882565
no_semantic_llama_3_3_70b_versatile,GA_FIXED,pin_pattern,other,2,True,True,"[2637, 217, 10, 1620]",0.0,other,0,80,0.00011937494855374098
no_semantic_llama_3_3_70b_versatile,GA_FIXED,pin_pattern,other,3,True,True,"[677, 678, 2162, 1913]",0.0,other,0,80,0.00011983304284512997
no_semantic_llama_3_3_70b_versatile,GA_FIXED,pin_pattern,other,4,True,True,"[1565, 2568, 587, 2770]",0.0,other,0,80,0.00011945900041610003
no_semantic_llama_3_3_70b_versatile,GA_FIXED,pin_pattern,other,5,True,True,"[321, 735, 1254, 2566]",0.0,other,0,80,0.00011862500105053186
no_semantic_llama_3_3_70b_versatile,GA_FIXED,pin_pattern,other,6,True,True,"[-310, -471, 1067, 122]",0.0,other,0,80,0.00011933303903788328
no_semantic_llama_3_3_70b_versatile,GA_FIXED,pin_pattern,other,7,True,True,"[993, 653, 1897, 863]",0.0,other,0,80,0.00012266705743968487
no_semantic_llama_3_3_70b_versatile,GA_FIXED,pin_pattern,other,8,True,True,"[425, 1488, 912, 643]",0.0,other,0,80,0.00011604197788983583
no_semantic_llama_3_3_70b_versatile,GA_FIXED,pin_pattern,other,9,True,True,"[1835, 2873, 1763, 322]",0.0,other,0,80,0.00011954107321798801
no_semantic_llama_3_3_70b_versatile,GA_FIXED,pin_pattern,other,10,True,True,"[862, 2157, 338, 274]",0.0,other,0,80,0.0001189160393550992
no_semantic_llama_3_3_70b_versatile,GA_FIXED,pin_pattern,other,11,True,True,"[612, 397, 1098, 1264]",0.0,other,0,80,0.0001176249934360385
no_semantic_llama_3_3_70b_versatile,GA_FIXED,pin_pattern,other,12,True,True,"[2871, 2671, 1767, 1961]",0.0,other,0,80,0.00011708296369761229
no_semantic_llama_3_3_70b_versatile,GA_FIXED,pin_pattern,other,13,True,True,"[2245, 1829, 207, 1686]",0.0,other,0,80,0.00011716701555997133
no_semantic_llama_3_3_70b_versatile,GA_FIXED,pin_pattern,other,14,True,True,"[1793, -495, 1756, 2159]",0.0,other,0,80,0.00011820800136774778
no_semantic_llama_3_3_70b_versatile,GA_FIXED,pin_pattern,other,15,True,True,"[2793, 1764, 81, 336]",0.0,other,0,80,0.00012029102072119713
no_semantic_llama_3_3_70b_versatile,GA_FIXED,pin_pattern,other,16,True,True,"[1891, 198, 2448, 2076]",0.0,other,0,80,0.00011824991088360548
no_semantic_llama_3_3_70b_versatile,GA_FIXED,pin_pattern,other,17,True,True,"[1353, 2114, 2945, 879]",0.0,other,0,80,0.00011887506116181612
no_semantic_llama_3_3_70b_versatile,GA_FIXED,pin_pattern,other,18,True,True,"[677, 1077, 1399, 288]",0.0,other,0,80,0.00012137496378272772
no_semantic_llama_3_3_70b_versatile,GA_FIXED,pin_pattern,other,19,True,True,"[-442, 1676, 1000, 2693]",0.0,other,0,80,0.00012329104356467724
no_semantic_llama_3_3_70b_versatile,GA_FIXED,pin_pattern,other,20,True,True,"[245, 2477, 190, 1655]",0.0,other,0,80,0.00012025004252791405
no_semantic_llama_3_3_70b_versatile,GA_FIXED,pin_pattern,other,21,True,True,"[2883, 1743, 1667, 668]",0.0,other,0,80,0.00012420897837728262
no_semantic_llama_3_3_70b_versatile,GA_FIXED,pin_pattern,other,22,True,True,"[1238, 1103, 1593, -32]",0.0,other,0,80,0.00011833396274596453
no_semantic_llama_3_3_70b_versatile,GA_FIXED,pin_pattern,other,23,True,True,"[1044, 691, -158, 81]",0.0,other,0,80,0.00012033304665237665
no_semantic_llama_3_3_70b_versatile,GA_FIXED,pin_pattern,other,24,True,True,"[336, 110, 90, 1307]",0.0,other,0,80,0.00011629099026322365
no_semantic_llama_3_3_70b_versatile,GA_FIXED,pin_pattern,other,25,True,True,"[1190, -419, 1947, 35]",0.0,other,0,80,0.0001200829865410924
no_semantic_llama_3_3_70b_versatile,GA_FIXED,pin_pattern,other,26,True,True,"[898, -421, 2711, 455]",0.0,other,0,80,0.00011975003872066736
no_semantic_llama_3_3_70b_versatile,GA_FIXED,pin_pattern,other,27,True,True,"[1598, 2062, 1761, 1889]",0.0,other,0,80,0.00011825002729892731
no_semantic_llama_3_3_70b_versatile,GA_FIXED,pin_pattern,other,28,True,True,"[2475, 216, 554, 320]",0.0,other,0,80,0.00011950009502470493
no_semantic_llama_3_3_70b_versatile,GA_FIXED,pin_pattern,other,29,True,True,"[-194, -211, 2022, -229]",0.0,other,0,80,0.0001202909043058753
no_semantic_llama_3_3_70b_versatile,GA_FIXED,shipping_discount,invalid,0,False,False,"[430.1518734921733, 814.9599814718969, False]",1.0,,0,8080,0.03858325001783669
no_semantic_llama_3_3_70b_versatile,GA_FIXED,shipping_discount,invalid,1,False,False,"[409.78934576457226, 57.6294891896747, False]",1.0,,0,8080,0.03851425007451326
no_semantic_llama_3_3_70b_versatile,GA_FIXED,shipping_discount,invalid,2,False,False,"[684.730587560644, 272.0497474563879, False]",1.0,,0,8080,0.03854791703633964
no_semantic_llama_3_3_70b_versatile,GA_FIXED,shipping_discount,invalid,3,False,False,"[459.16491116752013, 960.7423868226232, True]",1.0,,0,8080,0.038514334009960294
no_semantic_llama_3_3_70b_versatile,GA_FIXED,shipping_discount,invalid,4,False,False,"[615.1405209119738, 271.6663444971864, True]",1.0,,0,8080,0.038404916995204985
no_semantic_llama_3_3_70b_versatile,GA_FIXED,shipping_discount,invalid,5,False,False,"[93.65048348463235, 436.9790041651388, True]",1.0,,0,8080,0.038529207929968834
no_semantic_llama_3_3_70b_versatile,GA_FIXED,shipping_discount,invalid,6,False,False,"[754.9292802217386, 224.24643325062388, True]",1.0,,0,8080,0.03853804199025035
no_semantic_llama_3_3_70b_versatile,GA_FIXED,shipping_discount,invalid,7,False,False,"[365.76741141629896, 805.2536564340786, True]",1.0,,0,8080,0.03858325001783669
no_semantic_llama_3_3_70b_versatile,GA_FIXED,shipping_discount,invalid,8,False,False,"[667.4115733837341, 614.7430380121289, False]",1.0,,0,8080,0.03857187496032566
no_semantic_llama_3_3_70b_versatile,GA_FIXED,shipping_discount,invalid,9,False,False,"[189.6110311585153, 774.365832699411, False]",1.0,,0,8080,0.038235625019297004
no_semantic_llama_3_3_70b_versatile,GA_FIXED,shipping_discount,invalid,10,False,False,"[688.5284142493862, 83.04269523446173, False]",1.0,,0,8080,0.03821716702077538
no_semantic_llama_3_3_70b_versatile,GA_FIXED,shipping_discount,invalid,11,False,False,"[919.5172453218639, 487.00495757232375, False]",1.0,,0,8080,0.03820720792282373
no_semantic_llama_3_3_70b_versatile,GA_FIXED,shipping_discount,invalid,12,False,False,"[636.1429529217999, 573.9429478713687, True]",1.0,,0,8080,0.03819083306007087
no_semantic_llama_3_3_70b_versatile,GA_FIXED,shipping_discount,invalid,13,False,False,"[739.9880798969755, 300.3107035171171, False]",1.0,,0,8080,0.0382562909508124
no_semantic_llama_3_3_70b_versatile,GA_FIXED,shipping_discount,invalid,14,False,False,"[78.00741543836686, 586.8694419271735, False]",1.0,,0,8080,0.038134083966724575
no_semantic_llama_3_3_70b_versatile,GA_FIXED,shipping_discount,invalid,15,False,False,"[131.61970371068088, 260.4810395031441, False]",1.0,,0,8080,0.038121749996207654
no_semantic_llama_3_3_70b_versatile,GA_FIXED,shipping_discount,invalid,16,False,False,"[939.0963406174774, 506.65142358216855, False]",1.0,,0,8080,0.038177834008820355
no_semantic_llama_3_3_70b_versatile,GA_FIXED,shipping_discount,invalid,17,False,False,"[205.3752086220222, 138.6382807215395, True]",1.0,,0,8080,0.038165415986441076
no_semantic_llama_3_3_70b_versatile,GA_FIXED,shipping_discount,invalid,18,False,False,"[112.62669697359584, 418.90932185623456, False]",1.0,,0,8080,0.0381781670730561
no_semantic_llama_3_3_70b_versatile,GA_FIXED,shipping_discount,invalid,19,False,False,"[756.896482337392, 769.6310065595769, True]",1.0,,0,8080,0.038112042006105185
no_semantic_llama_3_3_70b_versatile,GA_FIXED,shipping_discount,invalid,20,False,False,"[149.69909570577943, 895.4316338855567, True]",1.0,,0,8080,0.038245499948970973
no_semantic_llama_3_3_70b_versatile,GA_FIXED,shipping_discount,invalid,21,False,False,"[565.2801347036575, 889.9682567297214, False]",1.0,,0,8080,0.03817750001326203
no_semantic_llama_3_3_70b_versatile,GA_FIXED,shipping_discount,invalid,22,False,False,"[822.9036702312321, 634.4700422729906, True]",1.0,,0,8080,0.03829337505158037
no_semantic_llama_3_3_70b_versatile,GA_FIXED,shipping_discount,invalid,23,False,False,"[50.10701398723161, 821.953895786427, True]",1.0,,0,8080,0.03816816594917327
no_semantic_llama_3_3_70b_versatile,GA_FIXED,shipping_discount,invalid,24,False,False,"[607.9184668769601, 632.0943988613069, True]",1.0,,0,8080,0.038189042010344565
no_semantic_llama_3_3_70b_versatile,GA_FIXED,shipping_discount,invalid,25,False,False,"[864.8487368667314, 228.78759644068714, True]",1.0,,0,8080,0.03825408290140331
no_semantic_llama_3_3_70b_versatile,GA_FIXED,shipping_discount,invalid,26,False,False,"[498.8920393792452, 147.63611692087585, False]",1.0,,0,8080,0.03828354098368436
no_semantic_llama_3_3_70b_versatile,GA_FIXED,shipping_discount,invalid,27,False,False,"[208.0308023994296, 185.88061087767883, False]",1.0,,0,8080,0.03827316698152572
no_semantic_llama_3_3_70b_versatile,GA_FIXED,shipping_discount,invalid,28,False,False,"[731.543970763622, 391.74122373654274, True]",1.0,,0,8080,0.0382803330430761
no_semantic_llama_3_3_70b_versatile,GA_FIXED,shipping_discount,invalid,29,False,False,"[86.33359102712912, 321.5507981877278, False]",1.0,,0,8080,0.03826145897619426
no_semantic_llama_3_3_70b_versatile,GA_FIXED,shipping_discount,free_express_shipping,0,True,True,"[757.4171133934022, 17.24614524007373, True]",0.0,free_express_shipping,0,80,8.745898958295584e-05
no_semantic_llama_3_3_70b_versatile,GA_FIXED,shipping_discount,free_express_shipping,1,True,True,"[584.5446545644635, 19.103622669355836, True]",0.0,free_express_shipping,0,80,8.37499974295497e-05
no_semantic_llama_3_3_70b_versatile,GA_FIXED,shipping_discount,free_express_shipping,2,True,True,"[333.6567217146542, 23.399262541727527, True]",0.0,free_express_shipping,0,80,8.345895912498236e-05
no_semantic_llama_3_3_70b_versatile,GA_FIXED,shipping_discount,free_express_shipping,3,True,True,"[567.4214723406383, 38.39825295109023, True]",0.0,free_express_shipping,2,240,0.0008787920232862234
no_semantic_llama_3_3_70b_versatile,GA_FIXED,shipping_discount,free_express_shipping,4,True,True,"[676.4431512678098, 22.95432563440658, True]",0.0,free_express_shipping,0,80,8.220900781452656e-05
no_semantic_llama_3_3_70b_versatile,GA_FIXED,shipping_discount,free_express_shipping,5,True,True,"[620.3850772203615, 17.013154430013945, True]",0.0,free_express_shipping,0,80,8.141598664224148e-05
no_semantic_llama_3_3_70b_versatile,GA_FIXED,shipping_discount,free_express_shipping,6,True,True,"[867.7532173955947, 17.708777741119675, True]",0.0,free_express_shipping,0,80,8.108303882181644e-05
no_semantic_llama_3_3_70b_versatile,GA_FIXED,shipping_discount,free_express_shipping,7,True,True,"[714.6936222719636, 36.48403992660854, True]",0.0,free_express_shipping,0,80,8.01669666543603e-05
no_semantic_llama_3_3_70b_versatile,GA_FIXED,shipping_discount,free_express_shipping,8,True,True,"[574.3735656655407, 12.172600491814677, True]",0.0,free_express_shipping,1,160,0.0004812920233234763
no_semantic_llama_3_3_70b_versatile,GA_FIXED,shipping_discount,free_express_shipping,9,True,True,"[626.1976729816793, 9.377820864121865, True]",0.0,free_express_shipping,0,80,8.108292240649462e-05
no_semantic_llama_3_3_70b_versatile,GA_FIXED,shipping_discount,free_express_shipping,10,True,True,"[535.9394781676407, 4.102888033001073, True]",0.0,free_express_shipping,1,160,0.0004842919297516346
no_semantic_llama_3_3_70b_versatile,GA_FIXED,shipping_discount,free_express_shipping,11,True,True,"[852.9003731598947, 47.685070258925656, True]",0.0,free_express_shipping,0,80,8.329201955348253e-05
no_semantic_llama_3_3_70b_versatile,GA_FIXED,shipping_discount,free_express_shipping,12,True,True,"[236.77979745943466, 3.057768488249013, True]",0.0,free_express_shipping,0,80,8.02499707788229e-05
no_semantic_llama_3_3_70b_versatile,GA_FIXED,shipping_discount,free_express_shipping,13,True,True,"[293.7001939517476, 17.496087839369846, True]",0.0,free_express_shipping,0,80,8.099991828203201e-05
no_semantic_llama_3_3_70b_versatile,GA_FIXED,shipping_discount,free_express_shipping,14,True,True,"[936.0206289824694, 33.81222320308341, True]",0.0,free_express_shipping,0,80,8.091703057289124e-05
no_semantic_llama_3_3_70b_versatile,GA_FIXED,shipping_discount,free_express_shipping,15,True,True,"[634.0732899750324, 2.6260179487072044, True]",0.0,free_express_shipping,0,80,8.295895531773567e-05
no_semantic_llama_3_3_70b_versatile,GA_FIXED,shipping_discount,free_express_shipping,16,True,True,"[749.8781090500177, 27.96010347139799, True]",0.0,free_express_shipping,0,80,8.229096420109272e-05
no_semantic_llama_3_3_70b_versatile,GA_FIXED,shipping_discount,free_express_shipping,17,True,True,"[942.980173302481, 25.64745719360473, True]",0.0,free_express_shipping,1,160,0.0004802499897778034
no_semantic_llama_3_3_70b_versatile,GA_FIXED,shipping_discount,free_express_shipping,18,True,True,"[207.2307395005607, 30.589770120818315, True]",0.0,free_express_shipping,0,80,8.241692557930946e-05
no_semantic_llama_3_3_70b_versatile,GA_FIXED,shipping_discount,free_express_shipping,19,True,True,"[257.71591967424257, 6.952152354232077, True]",0.0,free_express_shipping,0,80,8.179200813174248e-05
no_semantic_llama_3_3_70b_versatile,GA_FIXED,shipping_discount,free_express_shipping,20,True,True,"[742.4735000227555, 44.58071062074931, True]",0.0,free_express_shipping,0,80,7.987499702721834e-05
no_semantic_llama_3_3_70b_versatile,GA_FIXED,shipping_discount,free_express_shipping,21,True,True,"[546.1292919322946, 29.63604938675568, True]",0.0,free_express_shipping,0,80,8.241599425673485e-05
no_semantic_llama_3_3_70b_versatile,GA_FIXED,shipping_discount,free_express_shipping,22,True,True,"[597.2987422065773, 24.085498447007815, True]",0.0,free_express_shipping,1,160,0.0004879999905824661
no_semantic_llama_3_3_70b_versatile,GA_FIXED,shipping_discount,free_express_shipping,23,True,True,"[644.9100265214854, 11.864000066022506, True]",0.0,free_express_shipping,0,80,8.254102431237698e-05
no_semantic_llama_3_3_70b_versatile,GA_FIXED,shipping_discount,free_express_shipping,24,True,True,"[228.84797749510744, 27.85295851257652, True]",0.0,free_express_shipping,0,80,8.104101289063692e-05
no_semantic_llama_3_3_70b_versatile,GA_FIXED,shipping_discount,free_express_shipping,25,True,True,"[770.496782640752, 49.31204931554534, True]",0.0,free_express_shipping,0,80,8.079200051724911e-05
no_semantic_llama_3_3_70b_versatile,GA_FIXED,shipping_discount,free_express_shipping,26,True,True,"[573.2625340769043, 30.82944380109143, True]",0.0,free_express_shipping,0,80,8.02499707788229e-05
no_semantic_llama_3_3_70b_versatile,GA_FIXED,shipping_discount,free_express_shipping,27,True,True,"[573.0217566496485, 1.2602684527158736, True]",0.0,free_express_shipping,1,160,0.0004782920004799962
no_semantic_llama_3_3_70b_versatile,GA_FIXED,shipping_discount,free_express_shipping,28,True,True,"[709.2044247065357, 5.463008146950443, True]",0.0,free_express_shipping,0,80,8.049991447478533e-05
no_semantic_llama_3_3_70b_versatile,GA_FIXED,shipping_discount,free_express_shipping,29,True,True,"[269.3865206385503, 9.402367376488474, True]",0.0,free_express_shipping,0,80,8.433300536125898e-05
no_semantic_llama_3_3_70b_versatile,GA_FIXED,shipping_discount,standard_discount,0,True,True,"[870.849097713104, 34.42365608583897, True]",0.0,standard_discount,0,80,7.83340074121952e-05
no_semantic_llama_3_3_70b_versatile,GA_FIXED,shipping_discount,standard_discount,1,True,True,"[168.2148511571836, 19.80847572212474, True]",0.0,standard_discount,0,80,7.958302740007639e-05
no_semantic_llama_3_3_70b_versatile,GA_FIXED,shipping_discount,standard_discount,2,True,True,"[138.6237224902771, 98.89541998359152, True]",0.0,standard_discount,0,80,7.950002327561378e-05
no_semantic_llama_3_3_70b_versatile,GA_FIXED,shipping_discount,standard_discount,3,True,True,"[707.1224549464988, 80.72192293289615, True]",0.0,standard_discount,0,80,7.975008338689804e-05
no_semantic_llama_3_3_70b_versatile,GA_FIXED,shipping_discount,standard_discount,4,True,True,"[646.1210964778097, 19.77386929956737, True]",0.0,standard_discount,0,80,7.883307989686728e-05
no_semantic_llama_3_3_70b_versatile,GA_FIXED,shipping_discount,standard_discount,5,True,True,"[913.8771925319779, 54.67204584226559, True]",0.0,standard_discount,0,80,7.795903366059065e-05
no_semantic_llama_3_3_70b_versatile,GA_FIXED,shipping_discount,standard_discount,6,True,True,"[979.5529061379049, 81.92041666849647, True]",0.0,standard_discount,0,80,7.870793342590332e-05
no_semantic_llama_3_3_70b_versatile,GA_FIXED,shipping_discount,standard_discount,7,True,True,"[452.3352852913244, 17.926865003721872, False]",0.0,standard_discount,0,80,7.76670640334487e-05
no_semantic_llama_3_3_70b_versatile,GA_FIXED,shipping_discount,standard_discount,8,True,True,"[436.227418592465, 81.05144440211376, True]",0.0,standard_discount,0,80,7.795903366059065e-05
no_semantic_llama_3_3_70b_versatile,GA_FIXED,shipping_discount,standard_discount,9,True,True,"[658.3299491381791, 70.69449011505613, True]",0.0,standard_discount,0,80,7.845810614526272e-05
no_semantic_llama_3_3_70b_versatile,GA_FIXED,shipping_discount,standard_discount,10,True,True,"[961.5674639971257, 98.56511840225446, False]",0.0,standard_discount,0,80,7.820897735655308e-05
no_semantic_llama_3_3_70b_versatile,GA_FIXED,shipping_discount,standard_discount,11,True,True,"[428.4757977998664, 41.80253550797464, False]",0.0,standard_discount,0,80,7.916591130197048e-05
no_semantic_llama_3_3_70b_versatile,GA_FIXED,shipping_discount,standard_discount,12,True,True,"[317.53681007462177, 35.28778887736894, True]",0.0,standard_discount,0,80,7.829198148101568e-05
no_semantic_llama_3_3_70b_versatile,GA_FIXED,shipping_discount,standard_discount,13,True,True,"[392.9480992406523, 46.010134300969895, True]",0.0,standard_discount,0,80,7.829198148101568e-05
no_semantic_llama_3_3_70b_versatile,GA_FIXED,shipping_discount,standard_discount,14,True,True,"[356.4116994141181, 72.38728116114312, False]",0.0,standard_discount,0,80,7.862504571676254e-05
no_semantic_llama_3_3_70b_versatile,GA_FIXED,shipping_discount,standard_discount,15,True,True,"[850.8297037074688, 62.00665085734913, False]",0.0,standard_discount,0,80,7.737497799098492e-05
no_semantic_llama_3_3_70b_versatile,GA_FIXED,shipping_discount,standard_discount,16,True,True,"[639.7236420761293, 50.53516108550205, False]",0.0,standard_discount,0,80,7.829198148101568e-05
no_semantic_llama_3_3_70b_versatile,GA_FIXED,shipping_discount,standard_discount,17,True,True,"[999.2423077304338, 14.096045840865434, False]",0.0,standard_discount,0,80,7.89170153439045e-05
no_semantic_llama_3_3_70b_versatile,GA_FIXED,shipping_discount,standard_discount,18,True,True,"[392.104000762338, 56.54958021233713, True]",0.0,standard_discount,0,80,7.816602010279894e-05
no_semantic_llama_3_3_70b_versatile,GA_FIXED,shipping_discount,standard_discount,19,True,True,"[470.0452932583201, 90.78163563266817, False]",0.0,standard_discount,0,80,8.074997458606958e-05
no_semantic_llama_3_3_70b_versatile,GA_FIXED,shipping_discount,standard_discount,20,True,True,"[862.1664496529694, 81.17830441064366, True]",0.0,standard_discount,0,80,7.804203778505325e-05
no_semantic_llama_3_3_70b_versatile,GA_FIXED,shipping_discount,standard_discount,21,True,True,"[997.7734822266003, 93.35310166758958, True]",0.0,standard_discount,0,80,7.874995935708284e-05
no_semantic_llama_3_3_70b_versatile,GA_FIXED,shipping_discount,standard_discount,22,True,True,"[218.25905375318766, 40.17061687038137, False]",0.0,standard_discount,0,80,7.883401121944189e-05
no_semantic_llama_3_3_70b_versatile,GA_FIXED,shipping_discount,standard_discount,23,True,True,"[557.1966642915137, 78.38605397508047, False]",0.0,standard_discount,0,80,7.862492930144072e-05
no_semantic_llama_3_3_70b_versatile,GA_FIXED,shipping_discount,standard_discount,24,True,True,"[464.7772475788625, 39.40092240007142, True]",0.0,standard_discount,0,80,7.887498941272497e-05
no_semantic_llama_3_3_70b_versatile,GA_FIXED,shipping_discount,standard_discount,25,True,True,"[594.4459005396893, 69.9120383131776, True]",0.0,standard_discount,0,80,7.958291098475456e-05
no_semantic_llama_3_3_70b_versatile,GA_FIXED,shipping_discount,standard_discount,26,True,True,"[196.2087038396556, 70.69105576880797, True]",0.0,standard_discount,0,80,7.729197386652231e-05
no_semantic_llama_3_3_70b_versatile,GA_FIXED,shipping_discount,standard_discount,27,True,True,"[547.7367926482547, 99.32702091918644, True]",0.0,standard_discount,0,80,7.791607640683651e-05
no_semantic_llama_3_3_70b_versatile,GA_FIXED,shipping_discount,standard_discount,28,True,True,"[428.90723362733564, 33.897925923062175, True]",0.0,standard_discount,0,80,7.745902985334396e-05
no_semantic_llama_3_3_70b_versatile,GA_FIXED,shipping_discount,standard_discount,29,True,True,"[496.49667261189853, 11.606902772253846, False]",0.0,standard_discount,0,80,7.829198148101568e-05
no_semantic_llama_3_3_70b_versatile,GA_FIXED,shipping_discount,small_discount,0,True,True,"[209.51868663393748, 959.810891161294, True]",0.0,small_discount,0,80,7.02909892424941e-05
no_semantic_llama_3_3_70b_versatile,GA_FIXED,shipping_discount,small_discount,1,True,True,"[134.37302156611685, 214.94673403364683, False]",0.0,small_discount,0,80,6.874999962747097e-05
no_semantic_llama_3_3_70b_versatile,GA_FIXED,shipping_discount,small_discount,2,True,True,"[416.81026374872874, 178.3789554966111, False]",0.0,small_discount,0,80,6.920890882611275e-05
no_semantic_llama_3_3_70b_versatile,GA_FIXED,shipping_discount,small_discount,3,True,True,"[955.1671313260174, 833.7973408772748, False]",0.0,small_discount,0,80,6.904103793203831e-05
no_semantic_llama_3_3_70b_versatile,GA_FIXED,shipping_discount,small_discount,4,True,True,"[744.4908142413914, 521.7255281752397, True]",0.0,small_discount,0,80,6.962497718632221e-05
no_semantic_llama_3_3_70b_versatile,GA_FIXED,shipping_discount,small_discount,5,True,True,"[374.08473769175765, 891.1428696776978, True]",0.0,small_discount,0,80,7.233303040266037e-05
no_semantic_llama_3_3_70b_versatile,GA_FIXED,shipping_discount,small_discount,6,True,True,"[693.3136454015876, 38.54984831596697, False]",0.0,small_discount,0,80,6.975000724196434e-05
no_semantic_llama_3_3_70b_versatile,GA_FIXED,shipping_discount,small_discount,7,True,True,"[744.7719406053982, 201.89131808819172, False]",0.0,small_discount,0,80,6.904103793203831e-05
no_semantic_llama_3_3_70b_versatile,GA_FIXED,shipping_discount,small_discount,8,True,True,"[492.70508046782913, 655.8758256450565, True]",0.0,small_discount,0,80,6.962509360164404e-05
no_semantic_llama_3_3_70b_versatile,GA_FIXED,shipping_discount,small_discount,9,True,True,"[221.90571288500783, 431.9453290153618, True]",0.0,small_discount,0,80,6.912508979439735e-05
no_semantic_llama_3_3_70b_versatile,GA_FIXED,shipping_discount,small_discount,10,True,True,"[622.997815043358, 85.97142527084412, True]",0.0,small_discount,0,80,7.12500186637044e-05
no_semantic_llama_3_3_70b_versatile,GA_FIXED,shipping_discount,small_discount,11,True,True,"[460.5240552439286, 977.8079064600079, True]",0.0,small_discount,0,80,6.925000343471766e-05
no_semantic_llama_3_3_70b_versatile,GA_FIXED,shipping_discount,small_discount,12,True,True,"[706.8239910373745, 638.1860224681307, True]",0.0,small_discount,0,80,7.029203698039055e-05
no_semantic_llama_3_3_70b_versatile,GA_FIXED,shipping_discount,small_discount,13,True,True,"[345.1293781676763, 412.3307915477864, True]",0.0,small_discount,0,80,7.312500383704901e-05
no_semantic_llama_3_3_70b_versatile,GA_FIXED,shipping_discount,small_discount,14,True,True,"[393.9595394390082, 739.564543573743, False]",0.0,small_discount,0,80,6.945803761482239e-05
no_semantic_llama_3_3_70b_versatile,GA_FIXED,shipping_discount,small_discount,15,True,True,"[472.8749484370436, 289.77929337878993, False]",0.0,small_discount,0,80,6.84160040691495e-05
no_semantic_llama_3_3_70b_versatile,GA_FIXED,shipping_discount,small_discount,16,True,True,"[231.72842582532894, 597.4180089352182, False]",0.0,small_discount,0,80,6.995792500674725e-05
no_semantic_llama_3_3_70b_versatile,GA_FIXED,shipping_discount,small_discount,17,True,True,"[596.1060315843397, 545.7440109740244, True]",0.0,small_discount,0,80,7.037504110485315e-05
no_semantic_llama_3_3_70b_versatile,GA_FIXED,shipping_discount,small_discount,18,True,True,"[986.0200459388313, 250.57035861705378, False]",0.0,small_discount,0,80,6.958306767046452e-05
no_semantic_llama_3_3_70b_versatile,GA_FIXED,shipping_discount,small_discount,19,True,True,"[926.3997802275755, 107.26161985255011, True]",0.0,small_discount,0,80,6.816699169576168e-05
no_semantic_llama_3_3_70b_versatile,GA_FIXED,shipping_discount,small_discount,20,True,True,"[334.06996819143785, 54.275069257764045, True]",0.0,small_discount,0,80,6.845803000032902e-05
no_semantic_llama_3_3_70b_versatile,GA_FIXED,shipping_discount,small_discount,21,True,True,"[898.7175448864098, 919.7075990328821, True]",0.0,small_discount,0,80,6.870797369629145e-05
no_semantic_llama_3_3_70b_versatile,GA_FIXED,shipping_discount,small_discount,22,True,True,"[490.35562100599594, 195.0347410559473, False]",0.0,small_discount,0,80,6.945792119950056e-05
no_semantic_llama_3_3_70b_versatile,GA_FIXED,shipping_discount,small_discount,23,True,True,"[394.94893158887567, 388.564485502184, False]",0.0,small_discount,0,80,6.933300755918026e-05
no_semantic_llama_3_3_70b_versatile,GA_FIXED,shipping_discount,small_discount,24,True,True,"[898.8466896519444, 821.8625095449362, True]",0.0,small_discount,0,80,7.02079851180315e-05
no_semantic_llama_3_3_70b_versatile,GA_FIXED,shipping_discount,small_discount,25,True,True,"[664.5653909520278, 532.9607005486856, True]",0.0,small_discount,0,80,7.099995855242014e-05
no_semantic_llama_3_3_70b_versatile,GA_FIXED,shipping_discount,small_discount,26,True,True,"[790.0101821533108, 358.3650809205088, True]",0.0,small_discount,0,80,7.233291398733854e-05
no_semantic_llama_3_3_70b_versatile,GA_FIXED,shipping_discount,small_discount,27,True,True,"[227.3775858779804, 502.2500863183827, True]",0.0,small_discount,0,80,6.883405148983002e-05
no_semantic_llama_3_3_70b_versatile,GA_FIXED,shipping_discount,small_discount,28,True,True,"[528.6022209179347, 97.58785479392162, False]",0.0,small_discount,0,80,7.166608702391386e-05
no_semantic_llama_3_3_70b_versatile,GA_FIXED,shipping_discount,small_discount,29,True,True,"[99.4927471778595, 961.5990592416971, True]",0.0,small_discount,0,80,7.004104554653168e-05
no_semantic_llama_3_3_70b_versatile,GA_FIXED,shipping_discount,no_discount,0,True,True,"[44.37459257781007, 588.8785647136885, False]",0.0,no_discount,0,80,7.77500681579113e-05
no_semantic_llama_3_3_70b_versatile,GA_FIXED,shipping_discount,no_discount,1,True,True,"[37.69484279824342, 199.65351602741154, False]",0.0,no_discount,0,80,7.54169886931777e-05
no_semantic_llama_3_3_70b_versatile,GA_FIXED,shipping_discount,no_discount,2,True,True,"[41.59877532810508, 719.6022903460696, False]",0.0,no_discount,0,80,7.441698107868433e-05
no_semantic_llama_3_3_70b_versatile,GA_FIXED,shipping_discount,no_discount,3,True,True,"[26.400964806781836, 762.793427569748, False]",0.0,no_discount,1,160,0.00047708407510071993
no_semantic_llama_3_3_70b_versatile,GA_FIXED,shipping_discount,no_discount,4,True,True,"[23.381393041310595, 992.5772457161587, False]",0.0,no_discount,0,80,7.558392826467752e-05
no_semantic_llama_3_3_70b_versatile,GA_FIXED,shipping_discount,no_discount,5,True,True,"[34.24774035958389, 315.70579261910603, False]",0.0,no_discount,0,80,7.53339845687151e-05
no_semantic_llama_3_3_70b_versatile,GA_FIXED,shipping_discount,no_discount,6,True,True,"[2.4332609177396547, 771.705929724182, False]",0.0,no_discount,0,80,7.620896212756634e-05
no_semantic_llama_3_3_70b_versatile,GA_FIXED,shipping_discount,no_discount,7,True,True,"[41.7159025463939, 60.90356583378431, False]",0.0,no_discount,0,80,7.595797069370747e-05
no_semantic_llama_3_3_70b_versatile,GA_FIXED,shipping_discount,no_discount,8,True,True,"[7.19441786235353, 218.70461959882402, False]",0.0,no_discount,0,80,7.537496276199818e-05
no_semantic_llama_3_3_70b_versatile,GA_FIXED,shipping_discount,no_discount,9,True,True,"[16.812608321196798, 266.61357615397753, False]",0.0,no_discount,1,160,0.0004659580299630761
no_semantic_llama_3_3_70b_versatile,GA_FIXED,shipping_discount,no_discount,10,True,True,"[32.05793702023774, 627.4619968792567, False]",0.0,no_discount,0,80,7.595808710902929e-05
no_semantic_llama_3_3_70b_versatile,GA_FIXED,shipping_discount,no_discount,11,True,True,"[38.001142660272215, 865.0596858071665, False]",0.0,no_discount,0,80,7.558299694210291e-05
no_semantic_llama_3_3_70b_versatile,GA_FIXED,shipping_discount,no_discount,12,True,True,"[25.16724271314308, 917.6765748188134, False]",0.0,no_discount,0,80,7.504201494157314e-05
no_semantic_llama_3_3_70b_versatile,GA_FIXED,shipping_discount,no_discount,13,True,True,"[29.222485865029736, 190.2207915204236, False]",0.0,no_discount,1,160,0.00046262494288384914
no_semantic_llama_3_3_70b_versatile,GA_FIXED,shipping_discount,no_discount,14,True,True,"[18.609275420700566, 19.114280280400298, False]",0.0,no_discount,0,80,7.470895070582628e-05
no_semantic_llama_3_3_70b_versatile,GA_FIXED,shipping_discount,no_discount,15,True,True,"[29.711250927254518, 146.76399915329242, False]",0.0,no_discount,1,160,0.00047158298548310995
no_semantic_llama_3_3_70b_versatile,GA_FIXED,shipping_discount,no_discount,16,True,True,"[10.93525007974705, 295.43273429561356, False]",0.0,no_discount,0,80,7.566600106656551e-05
no_semantic_llama_3_3_70b_versatile,GA_FIXED,shipping_discount,no_discount,17,True,True,"[34.07167820233015, 777.4926586661815, False]",0.0,no_discount,0,80,7.533305324614048e-05
no_semantic_llama_3_3_70b_versatile,GA_FIXED,shipping_discount,no_discount,18,True,True,"[9.440352508276073, 382.516785526123, False]",0.0,no_discount,1,160,0.00046366709284484386
no_semantic_llama_3_3_70b_versatile,GA_FIXED,shipping_discount,no_discount,19,True,True,"[35.29182627493888, 377.6426241689497, False]",0.0,no_discount,0,80,7.595901843160391e-05
no_semantic_llama_3_3_70b_versatile,GA_FIXED,shipping_discount,no_discount,20,True,True,"[6.805404926832015, 436.67887143573313, False]",0.0,no_discount,1,160,0.0004707499174401164
no_semantic_llama_3_3_70b_versatile,GA_FIXED,shipping_discount,no_discount,21,True,True,"[31.097420452151916, 355.12862201896587, False]",0.0,no_discount,0,80,7.625005673617125e-05
no_semantic_llama_3_3_70b_versatile,GA_FIXED,shipping_discount,no_discount,22,True,True,"[17.685842393681206, 600.9468981556037, False]",0.0,no_discount,0,80,7.495901081711054e-05
no_semantic_llama_3_3_70b_versatile,GA_FIXED,shipping_discount,no_discount,23,True,True,"[14.275420103031966, 495.62149381794995, False]",0.0,no_discount,1,160,0.00047199998516589403
no_semantic_llama_3_3_70b_versatile,GA_FIXED,shipping_discount,no_discount,24,True,True,"[33.46024299350281, 58.675743458186936, False]",0.0,no_discount,1,160,0.0004682081053033471
no_semantic_llama_3_3_70b_versatile,GA_FIXED,shipping_discount,no_discount,25,True,True,"[6.555551721741937, 178.80127388191747, False]",0.0,no_discount,0,80,7.541605737060308e-05
no_semantic_llama_3_3_70b_versatile,GA_FIXED,shipping_discount,no_discount,26,True,True,"[34.2025588865813, 47.883053831686894, False]",0.0,no_discount,0,80,7.666705641895533e-05
no_semantic_llama_3_3_70b_versatile,GA_FIXED,shipping_discount,no_discount,27,True,True,"[3.747123851433498, 345.89572234889823, False]",0.0,no_discount,0,80,7.537507917732e-05
no_semantic_llama_3_3_70b_versatile,GA_FIXED,shipping_discount,no_discount,28,True,True,"[28.070617953705455, 263.61274662207023, False]",0.0,no_discount,1,160,0.0004724999889731407
no_semantic_llama_3_3_70b_versatile,GA_FIXED,shipping_discount,no_discount,29,True,True,"[38.60489121440025, 849.5868619499806, False]",0.0,no_discount,0,80,7.533305324614048e-05
no_semantic_llama_3_3_70b_versatile,GA_FIXED,sign_type,positive,0,True,True,[1280],0.0,positive,0,80,6.366695743054152e-05
no_semantic_llama_3_3_70b_versatile,GA_FIXED,sign_type,positive,1,True,True,[566],0.0,positive,0,80,5.370809230953455e-05
no_semantic_llama_3_3_70b_versatile,GA_FIXED,sign_type,positive,2,True,True,[1296],0.0,positive,0,80,5.2666058763861656e-05
no_semantic_llama_3_3_70b_versatile,GA_FIXED,sign_type,positive,3,True,True,[1276],0.0,positive,0,80,5.3458032198250294e-05
no_semantic_llama_3_3_70b_versatile,GA_FIXED,sign_type,positive,4,True,True,[1325],0.0,positive,0,80,5.3541967645287514e-05
no_semantic_llama_3_3_70b_versatile,GA_FIXED,sign_type,positive,5,True,True,[2104],0.0,positive,0,80,5.379202775657177e-05
no_semantic_llama_3_3_70b_versatile,GA_FIXED,sign_type,positive,6,True,True,[1470],0.0,positive,0,80,5.308294203132391e-05
no_semantic_llama_3_3_70b_versatile,GA_FIXED,sign_type,positive,7,True,True,[2727],0.0,positive,0,80,5.2332994528114796e-05
no_semantic_llama_3_3_70b_versatile,GA_FIXED,sign_type,positive,8,True,True,[490],0.0,positive,0,80,5.262496415525675e-05
no_semantic_llama_3_3_70b_versatile,GA_FIXED,sign_type,positive,9,True,True,[2941],0.0,positive,0,80,5.324999801814556e-05
no_semantic_llama_3_3_70b_versatile,GA_FIXED,sign_type,positive,10,True,True,[2784],0.0,positive,0,80,5.300005432218313e-05
no_semantic_llama_3_3_70b_versatile,GA_FIXED,sign_type,positive,11,True,True,[2365],0.0,positive,0,80,5.295802839100361e-05
no_semantic_llama_3_3_70b_versatile,GA_FIXED,sign_type,positive,12,True,True,[390],0.0,positive,0,80,5.324999801814556e-05
no_semantic_llama_3_3_70b_versatile,GA_FIXED,sign_type,positive,13,True,True,[163],0.0,positive,0,80,5.3584109991788864e-05
no_semantic_llama_3_3_70b_versatile,GA_FIXED,sign_type,positive,14,True,True,[1189],0.0,positive,0,80,5.316606257110834e-05
no_semantic_llama_3_3_70b_versatile,GA_FIXED,sign_type,positive,15,True,True,[707],0.0,positive,0,80,5.3333002142608166e-05
no_semantic_llama_3_3_70b_versatile,GA_FIXED,sign_type,positive,16,True,True,[1448],0.0,positive,0,80,5.224999040365219e-05
no_semantic_llama_3_3_70b_versatile,GA_FIXED,sign_type,positive,17,True,True,[1926],0.0,positive,0,80,5.2749994210898876e-05
no_semantic_llama_3_3_70b_versatile,GA_FIXED,sign_type,positive,18,True,True,[1728],0.0,positive,0,80,5.262496415525675e-05
no_semantic_llama_3_3_70b_versatile,GA_FIXED,sign_type,positive,19,True,True,[2806],0.0,positive,0,80,5.258398596197367e-05
no_semantic_llama_3_3_70b_versatile,GA_FIXED,sign_type,positive,20,True,True,[1193],0.0,positive,0,80,5.2625080570578575e-05
no_semantic_llama_3_3_70b_versatile,GA_FIXED,sign_type,positive,21,True,True,[126],0.0,positive,0,80,5.216605495661497e-05
no_semantic_llama_3_3_70b_versatile,GA_FIXED,sign_type,positive,22,True,True,[2930],0.0,positive,0,80,5.1999930292367935e-05
no_semantic_llama_3_3_70b_versatile,GA_FIXED,sign_type,positive,23,True,True,[1910],0.0,positive,0,80,5.212496034801006e-05
no_semantic_llama_3_3_70b_versatile,GA_FIXED,sign_type,positive,24,True,True,[541],0.0,positive,0,80,5.4750009439885616e-05
no_semantic_llama_3_3_70b_versatile,GA_FIXED,sign_type,positive,25,True,True,[107],0.0,positive,0,80,5.2625080570578575e-05
no_semantic_llama_3_3_70b_versatile,GA_FIXED,sign_type,positive,26,True,True,[2062],0.0,positive,0,80,5.220901221036911e-05
no_semantic_llama_3_3_70b_versatile,GA_FIXED,sign_type,positive,27,True,True,[179],0.0,positive,0,80,5.270796827971935e-05
no_semantic_llama_3_3_70b_versatile,GA_FIXED,sign_type,positive,28,True,True,[1835],0.0,positive,0,80,5.266594234853983e-05
no_semantic_llama_3_3_70b_versatile,GA_FIXED,sign_type,positive,29,True,True,[866],0.0,positive,0,80,5.295802839100361e-05
no_semantic_llama_3_3_70b_versatile,GA_FIXED,sign_type,negative,0,True,True,[-417],0.0,negative,0,80,5.270796827971935e-05
no_semantic_llama_3_3_70b_versatile,GA_FIXED,sign_type,negative,1,True,True,[-75],0.0,negative,0,80,5.1875016652047634e-05
no_semantic_llama_3_3_70b_versatile,GA_FIXED,sign_type,negative,2,True,True,[-500],0.0,negative,0,80,5.283299833536148e-05
no_semantic_llama_3_3_70b_versatile,GA_FIXED,sign_type,negative,3,True,True,[-316],0.0,negative,0,80,5.2292016334831715e-05
no_semantic_llama_3_3_70b_versatile,GA_FIXED,sign_type,negative,4,True,True,[-156],0.0,negative,0,80,5.2958959713578224e-05
no_semantic_llama_3_3_70b_versatile,GA_FIXED,sign_type,negative,5,True,True,[-404],0.0,negative,0,80,5.237502045929432e-05
no_semantic_llama_3_3_70b_versatile,GA_FIXED,sign_type,negative,6,True,True,[-145],0.0,negative,0,80,5.295802839100361e-05
no_semantic_llama_3_3_70b_versatile,GA_FIXED,sign_type,negative,7,True,True,[-273],0.0,negative,0,80,5.195802077651024e-05
no_semantic_llama_3_3_70b_versatile,GA_FIXED,sign_type,negative,8,True,True,[-215],0.0,negative,0,80,5.2875024266541004e-05
no_semantic_llama_3_3_70b_versatile,GA_FIXED,sign_type,negative,9,True,True,[-414],0.0,negative,0,80,5.2458024583756924e-05
no_semantic_llama_3_3_70b_versatile,GA_FIXED,sign_type,negative,10,True,True,[-22],0.0,negative,0,80,5.266699008643627e-05
no_semantic_llama_3_3_70b_versatile,GA_FIXED,sign_type,negative,11,True,True,[-57],0.0,negative,0,80,5.300005432218313e-05
no_semantic_llama_3_3_70b_versatile,GA_FIXED,sign_type,negative,12,True,True,[-469],0.0,negative,0,80,5.233404226601124e-05
no_semantic_llama_3_3_70b_versatile,GA_FIXED,sign_type,negative,13,True,True,[-313],0.0,negative,0,80,5.283299833536148e-05
no_semantic_llama_3_3_70b_versatile,GA_FIXED,sign_type,negative,14,True,True,[-374],0.0,negative,0,80,5.2749994210898876e-05
no_semantic_llama_3_3_70b_versatile,GA_FIXED,sign_type,negative,15,True,True,[-316],0.0,negative,0,80,5.29169337823987e-05
no_semantic_llama_3_3_70b_versatile,GA_FIXED,sign_type,negative,16,True,True,[-346],0.0,negative,0,80,5.3458032198250294e-05
no_semantic_llama_3_3_70b_versatile,GA_FIXED,sign_type,negative,17,True,True,[-300],0.0,negative,0,80,5.29169337823987e-05
no_semantic_llama_3_3_70b_versatile,GA_FIXED,sign_type,negative,18,True,True,[-292],0.0,negative,0,80,5.2292016334831715e-05
no_semantic_llama_3_3_70b_versatile,GA_FIXED,sign_type,negative,19,True,True,[-387],0.0,negative,0,80,5.312496796250343e-05
no_semantic_llama_3_3_70b_versatile,GA_FIXED,sign_type,negative,20,True,True,[-269],0.0,negative,0,80,5.262496415525675e-05
no_semantic_llama_3_3_70b_versatile,GA_FIXED,sign_type,negative,21,True,True,[-432],0.0,negative,0,80,5.249993409961462e-05
no_semantic_llama_3_3_70b_versatile,GA_FIXED,sign_type,negative,22,True,True,[-184],0.0,negative,0,80,5.2458024583756924e-05
no_semantic_llama_3_3_70b_versatile,GA_FIXED,sign_type,negative,23,True,True,[-484],0.0,negative,0,80,5.2791088819503784e-05
no_semantic_llama_3_3_70b_versatile,GA_FIXED,sign_type,negative,24,True,True,[-227],0.0,negative,0,80,5.2709016017615795e-05
no_semantic_llama_3_3_70b_versatile,GA_FIXED,sign_type,negative,25,True,True,[-251],0.0,negative,0,80,5.337502807378769e-05
no_semantic_llama_3_3_70b_versatile,GA_FIXED,sign_type,negative,26,True,True,[-24],0.0,negative,0,80,4.99580055475235e-05
no_semantic_llama_3_3_70b_versatile,GA_FIXED,sign_type,negative,27,True,True,[-314],0.0,negative,0,80,5.254207644611597e-05
no_semantic_llama_3_3_70b_versatile,GA_FIXED,sign_type,negative,28,True,True,[-311],0.0,negative,0,80,5.2625080570578575e-05
no_semantic_llama_3_3_70b_versatile,GA_FIXED,sign_type,negative,29,True,True,[-185],0.0,negative,0,80,5.175010301172733e-05
no_semantic_llama_3_3_70b_versatile,GA_FIXED,sign_type,zero,0,True,True,[0],0.0,zero,20,1680,0.0060674999840557575
no_semantic_llama_3_3_70b_versatile,GA_FIXED,sign_type,zero,1,True,True,[0],0.0,zero,6,560,0.0018466250039637089
no_semantic_llama_3_3_70b_versatile,GA_FIXED,sign_type,zero,2,True,True,[0],0.0,zero,3,320,0.0009501669555902481
no_semantic_llama_3_3_70b_versatile,GA_FIXED,sign_type,zero,3,True,True,[0],0.0,zero,6,560,0.0018573750276118517
no_semantic_llama_3_3_70b_versatile,GA_FIXED,sign_type,zero,4,True,True,[0],0.0,zero,1,160,0.00035500002559274435
no_semantic_llama_3_3_70b_versatile,GA_FIXED,sign_type,zero,5,True,True,[0],0.0,zero,3,320,0.000956667005084455
no_semantic_llama_3_3_70b_versatile,GA_FIXED,sign_type,zero,6,True,True,[0],0.0,zero,4,400,0.001253708964213729
no_semantic_llama_3_3_70b_versatile,GA_FIXED,sign_type,zero,7,True,True,[0],0.0,zero,10,880,0.0030935840914025903
no_semantic_llama_3_3_70b_versatile,GA_FIXED,sign_type,zero,8,True,True,[0],0.0,zero,8,720,0.0024532079696655273
no_semantic_llama_3_3_70b_versatile,GA_FIXED,sign_type,zero,9,True,True,[0],0.0,zero,10,880,0.0030405420111492276
no_semantic_llama_3_3_70b_versatile,GA_FIXED,sign_type,zero,10,True,True,[0],0.0,zero,11,960,0.003330957959406078
no_semantic_llama_3_3_70b_versatile,GA_FIXED,sign_type,zero,11,True,True,[0],0.0,zero,7,640,0.0021538749570026994
no_semantic_llama_3_3_70b_versatile,GA_FIXED,sign_type,zero,12,True,True,[0],0.0,zero,17,1440,0.00516425003297627
no_semantic_llama_3_3_70b_versatile,GA_FIXED,sign_type,zero,13,True,True,[0],0.0,zero,5,480,0.0015488750068470836
no_semantic_llama_3_3_70b_versatile,GA_FIXED,sign_type,zero,14,True,True,[0],0.0,zero,9,800,0.002761750016361475
no_semantic_llama_3_3_70b_versatile,GA_FIXED,sign_type,zero,15,True,True,[0],0.0,zero,4,400,0.0012632081052288413
no_semantic_llama_3_3_70b_versatile,GA_FIXED,sign_type,zero,16,True,True,[0],0.0,zero,8,720,0.0024380419636145234
no_semantic_llama_3_3_70b_versatile,GA_FIXED,sign_type,zero,17,True,True,[0],0.0,zero,3,320,0.0009628339903429151
no_semantic_llama_3_3_70b_versatile,GA_FIXED,sign_type,zero,18,True,True,[0],0.0,zero,12,1040,0.0036509999772533774
no_semantic_llama_3_3_70b_versatile,GA_FIXED,sign_type,zero,19,True,True,[0],0.0,zero,8,720,0.0024517920101061463
no_semantic_llama_3_3_70b_versatile,GA_FIXED,sign_type,zero,20,True,True,[0],0.0,zero,7,640,0.002144583035260439
no_semantic_llama_3_3_70b_versatile,GA_FIXED,sign_type,zero,21,True,True,[0],0.0,zero,6,560,0.0018700410146266222
no_semantic_llama_3_3_70b_versatile,GA_FIXED,sign_type,zero,22,True,True,[0],0.0,zero,17,1440,0.005165332928299904
no_semantic_llama_3_3_70b_versatile,GA_FIXED,sign_type,zero,23,True,True,[0],0.0,zero,13,1120,0.003924958989955485
no_semantic_llama_3_3_70b_versatile,GA_FIXED,sign_type,zero,24,True,True,[0],0.0,zero,9,800,0.0027520000003278255
no_semantic_llama_3_3_70b_versatile,GA_FIXED,sign_type,zero,25,True,True,[0],0.0,zero,13,1120,0.003929541911929846
no_semantic_llama_3_3_70b_versatile,GA_FIXED,sign_type,zero,26,True,True,[0],0.0,zero,9,800,0.0027380420360714197
no_semantic_llama_3_3_70b_versatile,GA_FIXED,sign_type,zero,27,True,True,[0],0.0,zero,5,480,0.0015350000467151403
no_semantic_llama_3_3_70b_versatile,GA_FIXED,sign_type,zero,28,True,True,[0],0.0,zero,10,880,0.0030342909740284085
no_semantic_llama_3_3_70b_versatile,GA_FIXED,sign_type,zero,29,True,True,[0],0.0,zero,8,720,0.0024338329676538706
no_semantic_llama_3_3_70b_versatile,GA_FIXED,string_category,empty,0,True,True,[''],0.0,empty,0,80,0.0001543750986456871
no_semantic_llama_3_3_70b_versatile,GA_FIXED,string_category,empty,1,True,True,[''],0.0,empty,0,80,0.00015350000467151403
no_semantic_llama_3_3_70b_versatile,GA_FIXED,string_category,empty,2,True,True,[''],0.0,empty,0,80,0.00014308292884379625
no_semantic_llama_3_3_70b_versatile,GA_FIXED,string_category,empty,3,True,True,[''],0.0,empty,0,80,0.000139000010676682
no_semantic_llama_3_3_70b_versatile,GA_FIXED,string_category,empty,4,True,True,[''],0.0,empty,0,80,0.0001492080045863986
no_semantic_llama_3_3_70b_versatile,GA_FIXED,string_category,empty,5,True,True,[''],0.0,empty,0,80,0.0001556669594720006
no_semantic_llama_3_3_70b_versatile,GA_FIXED,string_category,empty,6,True,True,[''],0.0,empty,0,80,0.0001537500647827983
no_semantic_llama_3_3_70b_versatile,GA_FIXED,string_category,empty,7,True,True,[''],0.0,empty,0,80,0.0001515829935669899
no_semantic_llama_3_3_70b_versatile,GA_FIXED,string_category,empty,8,True,True,[''],0.0,empty,0,80,0.00015079195145517588
no_semantic_llama_3_3_70b_versatile,GA_FIXED,string_category,empty,9,True,True,[''],0.0,empty,0,80,0.00014558399561792612
no_semantic_llama_3_3_70b_versatile,GA_FIXED,string_category,empty,10,True,True,[''],0.0,empty,0,80,0.00014254206325858831
no_semantic_llama_3_3_70b_versatile,GA_FIXED,string_category,empty,11,True,True,[''],0.0,empty,0,80,0.00014879205264151096
no_semantic_llama_3_3_70b_versatile,GA_FIXED,string_category,empty,12,True,True,[''],0.0,empty,0,80,0.00014766596723347902
no_semantic_llama_3_3_70b_versatile,GA_FIXED,string_category,empty,13,True,True,[''],0.0,empty,0,80,0.0001468330156058073
no_semantic_llama_3_3_70b_versatile,GA_FIXED,string_category,empty,14,True,True,[''],0.0,empty,0,80,0.00014920905232429504
no_semantic_llama_3_3_70b_versatile,GA_FIXED,string_category,empty,15,True,True,[''],0.0,empty,0,80,0.00014995795208960772
no_semantic_llama_3_3_70b_versatile,GA_FIXED,string_category,empty,16,True,True,[''],0.0,empty,0,80,0.00015137495938688517
no_semantic_llama_3_3_70b_versatile,GA_FIXED,string_category,empty,17,True,True,[''],0.0,empty,0,80,0.00014191598165780306
no_semantic_llama_3_3_70b_versatile,GA_FIXED,string_category,empty,18,True,True,[''],0.0,empty,0,80,0.0001520420191809535
no_semantic_llama_3_3_70b_versatile,GA_FIXED,string_category,empty,19,True,True,[''],0.0,empty,0,80,0.00014766596723347902
no_semantic_llama_3_3_70b_versatile,GA_FIXED,string_category,empty,20,True,True,[''],0.0,empty,0,80,0.00014537503011524677
no_semantic_llama_3_3_70b_versatile,GA_FIXED,string_category,empty,21,True,True,[''],0.0,empty,0,80,0.0001492080045863986
no_semantic_llama_3_3_70b_versatile,GA_FIXED,string_category,empty,22,True,True,[''],0.0,empty,0,80,0.00015237496700137854
no_semantic_llama_3_3_70b_versatile,GA_FIXED,string_category,empty,23,True,True,[''],0.0,empty,0,80,0.00015112501569092274
no_semantic_llama_3_3_70b_versatile,GA_FIXED,string_category,empty,24,True,True,[''],0.0,empty,0,80,0.00014054204802960157
no_semantic_llama_3_3_70b_versatile,GA_FIXED,string_category,empty,25,True,True,[''],0.0,empty,0,80,0.00015604100190103054
no_semantic_llama_3_3_70b_versatile,GA_FIXED,string_category,empty,26,True,True,[''],0.0,empty,0,80,0.000146874925121665
no_semantic_llama_3_3_70b_versatile,GA_FIXED,string_category,empty,27,True,True,[''],0.0,empty,0,80,0.0001489589922130108
no_semantic_llama_3_3_70b_versatile,GA_FIXED,string_category,empty,28,True,True,[''],0.0,empty,0,80,0.00015504099428653717
no_semantic_llama_3_3_70b_versatile,GA_FIXED,string_category,empty,29,True,True,[''],0.0,empty,0,80,0.00014920893590897322
no_semantic_llama_3_3_70b_versatile,GA_FIXED,string_category,long_palindrome,0,False,False,['HPH'],1.0,,29,8080,0.031134334043599665
no_semantic_llama_3_3_70b_versatile,GA_FIXED,string_category,long_palindrome,1,False,False,['uXu'],1.0,,29,8080,0.030976957990787923
no_semantic_llama_3_3_70b_versatile,GA_FIXED,string_category,long_palindrome,2,False,False,['M6M'],1.0,,31,8080,0.031019749934785068
no_semantic_llama_3_3_70b_versatile,GA_FIXED,string_category,long_palindrome,3,False,False,['F9F'],1.0,,1,8080,0.030964249977841973
no_semantic_llama_3_3_70b_versatile,GA_FIXED,string_category,long_palindrome,4,True,True,['7777'],0.0,long_palindrome,77,6240,0.024058207985945046
no_semantic_llama_3_3_70b_versatile,GA_FIXED,string_category,long_palindrome,5,False,False,['YEY'],1.0,,78,8080,0.030975917004980147
no_semantic_llama_3_3_70b_versatile,GA_FIXED,string_category,long_palindrome,6,False,False,['ZbzaiGGBo1o'],2.0,,0,8080,0.031156708020716906
no_semantic_llama_3_3_70b_versatile,GA_FIXED,string_category,long_palindrome,7,False,False,['qI0OfwMjFOB'],2.0,,0,8080,0.03179254208225757
no_semantic_llama_3_3_70b_versatile,GA_FIXED,string_category,long_palindrome,8,False,False,['Us4GsRCh'],2.0,,0,8080,0.032432832987979054
no_semantic_llama_3_3_70b_versatile,GA_FIXED,string_category,long_palindrome,9,False,False,['B2SzXSK69q'],2.0,,0,8080,0.0323037919588387
no_semantic_llama_3_3_70b_versatile,GA_FIXED,string_category,long_palindrome,10,False,False,['ogo'],1.0,,8,8080,0.03296625008806586
no_semantic_llama_3_3_70b_versatile,GA_FIXED,string_category,long_palindrome,11,False,False,['EYE'],1.0,,51,8080,0.03250420792028308
no_semantic_llama_3_3_70b_versatile,GA_FIXED,string_category,long_palindrome,12,True,True,['llll'],0.0,long_palindrome,77,6240,0.025230124942027032
no_semantic_llama_3_3_70b_versatile,GA_FIXED,string_category,long_palindrome,13,False,False,['jJj'],1.0,,6,8080,0.031975834048353136
no_semantic_llama_3_3_70b_versatile,GA_FIXED,string_category,long_palindrome,14,False,False,['xIx'],1.0,,5,8080,0.031183167011477053
no_semantic_llama_3_3_70b_versatile,GA_FIXED,string_category,long_palindrome,15,False,False,['Q9Q'],1.0,,0,8080,0.031102500041015446
no_semantic_llama_3_3_70b_versatile,GA_FIXED,string_category,long_palindrome,16,False,False,['1E1'],1.0,,46,8080,0.031088249990716577
no_semantic_llama_3_3_70b_versatile,GA_FIXED,string_category,long_palindrome,17,False,False,['kOY4QDLY6VFBzij'],2.0,,0,8080,0.031137707992456853
no_semantic_llama_3_3_70b_versatile,GA_FIXED,string_category,long_palindrome,18,False,False,['1OjMljO6bW'],2.0,,0,8080,0.03112487494945526
no_semantic_llama_3_3_70b_versatile,GA_FIXED,string_category,long_palindrome,19,False,False,['NRN'],1.0,,21,8080,0.031104334047995508
no_semantic_llama_3_3_70b_versatile,GA_FIXED,string_category,long_palindrome,20,False,False,['aYa'],1.0,,59,8080,0.03105612494982779
no_semantic_llama_3_3_70b_versatile,GA_FIXED,string_category,long_palindrome,21,False,False,['wNhTGtgT5ibSO7'],2.0,,0,8080,0.031022457988001406
no_semantic_llama_3_3_70b_versatile,GA_FIXED,string_category,long_palindrome,22,False,False,['828'],1.0,,13,8080,0.031150249997153878
no_semantic_llama_3_3_70b_versatile,GA_FIXED,string_category,long_palindrome,23,False,False,['F4F'],1.0,,18,8080,0.031055208994075656
no_semantic_llama_3_3_70b_versatile,GA_FIXED,string_category,long_palindrome,24,False,False,['jV0ZgSclrudx'],2.0,,0,8080,0.03102120803669095
no_semantic_llama_3_3_70b_versatile,GA_FIXED,string_category,long_palindrome,25,False,False,['8X8'],1.0,,55,8080,0.03102037508506328
no_semantic_llama_3_3_70b_versatile,GA_FIXED,string_category,long_palindrome,26,False,False,['2vORwxw4tx'],2.0,,0,8080,0.031083708978258073
no_semantic_llama_3_3_70b_versatile,GA_FIXED,string_category,long_palindrome,27,False,False,['qaq'],1.0,,33,8080,0.030847166082821786
no_semantic_llama_3_3_70b_versatile,GA_FIXED,string_category,long_palindrome,28,False,False,['kvmSyJkyeaIw1'],2.0,,0,8080,0.03145004191901535
no_semantic_llama_3_3_70b_versatile,GA_FIXED,string_category,long_palindrome,29,False,False,['zHKblLTqU'],2.0,,0,8080,0.031065500108525157
no_semantic_llama_3_3_70b_versatile,GA_FIXED,string_category,short_palindrome,0,True,True,['V'],0.0,short_palindrome,0,80,0.00015616696327924728
no_semantic_llama_3_3_70b_versatile,GA_FIXED,string_category,short_palindrome,1,True,True,[''],0.0,short_palindrome,0,80,0.00014870800077915192
no_semantic_llama_3_3_70b_versatile,GA_FIXED,string_category,short_palindrome,2,True,True,[''],0.0,short_palindrome,0,80,0.00014808401465415955
no_semantic_llama_3_3_70b_versatile,GA_FIXED,string_category,short_palindrome,3,True,True,['D'],0.0,short_palindrome,0,80,0.00015929201617836952
no_semantic_llama_3_3_70b_versatile,GA_FIXED,string_category,short_palindrome,4,True,True,['b'],0.0,short_palindrome,0,80,0.00015691597945988178
no_semantic_llama_3_3_70b_versatile,GA_FIXED,string_category,short_palindrome,5,True,True,[''],0.0,short_palindrome,0,80,0.00014704198110848665
no_semantic_llama_3_3_70b_versatile,GA_FIXED,string_category,short_palindrome,6,True,True,[''],0.0,short_palindrome,0,80,0.00015616603195667267
no_semantic_llama_3_3_70b_versatile,GA_FIXED,string_category,short_palindrome,7,True,True,[''],0.0,short_palindrome,0,80,0.00014929205644875765
no_semantic_llama_3_3_70b_versatile,GA_FIXED,string_category,short_palindrome,8,True,True,[''],0.0,short_palindrome,0,80,0.00013649999164044857
no_semantic_llama_3_3_70b_versatile,GA_FIXED,string_category,short_palindrome,9,True,True,['W'],0.0,short_palindrome,0,80,0.00014416698832064867
no_semantic_llama_3_3_70b_versatile,GA_FIXED,string_category,short_palindrome,10,True,True,['x'],0.0,short_palindrome,0,80,0.00015024992171674967
no_semantic_llama_3_3_70b_versatile,GA_FIXED,string_category,short_palindrome,11,True,True,[''],0.0,short_palindrome,0,80,0.00015004107262939215
no_semantic_llama_3_3_70b_versatile,GA_FIXED,string_category,short_palindrome,12,True,True,['G'],0.0,short_palindrome,0,80,0.00014329096302390099
no_semantic_llama_3_3_70b_versatile,GA_FIXED,string_category,short_palindrome,13,True,True,[''],0.0,short_palindrome,0,80,0.00014941697008907795
no_semantic_llama_3_3_70b_versatile,GA_FIXED,string_category,short_palindrome,14,True,True,['U'],0.0,short_palindrome,0,80,0.00014329201076179743
no_semantic_llama_3_3_70b_versatile,GA_FIXED,string_category,short_palindrome,15,True,True,[''],0.0,short_palindrome,0,80,0.00016441696789115667
no_semantic_llama_3_3_70b_versatile,GA_FIXED,string_category,short_palindrome,16,True,True,['F'],0.0,short_palindrome,0,80,0.00014699995517730713
no_semantic_llama_3_3_70b_versatile,GA_FIXED,string_category,short_palindrome,17,True,True,['q'],0.0,short_palindrome,0,80,0.0001526250271126628
no_semantic_llama_3_3_70b_versatile,GA_FIXED,string_category,short_palindrome,18,True,True,['c'],0.0,short_palindrome,0,80,0.00014345895033329725
no_semantic_llama_3_3_70b_versatile,GA_FIXED,string_category,short_palindrome,19,True,True,[''],0.0,short_palindrome,0,80,0.00014512497000396252
no_semantic_llama_3_3_70b_versatile,GA_FIXED,string_category,short_palindrome,20,True,True,[''],0.0,short_palindrome,0,80,0.0001460839994251728
no_semantic_llama_3_3_70b_versatile,GA_FIXED,string_category,short_palindrome,21,True,True,[''],0.0,short_palindrome,0,80,0.00014266709331423044
no_semantic_llama_3_3_70b_versatile,GA_FIXED,string_category,short_palindrome,22,True,True,[''],0.0,short_palindrome,0,80,0.00015545799396932125
no_semantic_llama_3_3_70b_versatile,GA_FIXED,string_category,short_palindrome,23,True,True,[''],0.0,short_palindrome,0,80,0.00015708303544670343
no_semantic_llama_3_3_70b_versatile,GA_FIXED,string_category,short_palindrome,24,True,True,['l'],0.0,short_palindrome,0,80,0.00015195796731859446
no_semantic_llama_3_3_70b_versatile,GA_FIXED,string_category,short_palindrome,25,True,True,[''],0.0,short_palindrome,0,80,0.00014670798555016518
no_semantic_llama_3_3_70b_versatile,GA_FIXED,string_category,short_palindrome,26,True,True,['t'],0.0,short_palindrome,0,80,0.00014337501488626003
no_semantic_llama_3_3_70b_versatile,GA_FIXED,string_category,short_palindrome,27,True,True,[''],0.0,short_palindrome,0,80,0.00015424995217472315
no_semantic_llama_3_3_70b_versatile,GA_FIXED,string_category,short_palindrome,28,True,True,[''],0.0,short_palindrome,0,80,0.0001459590857848525
no_semantic_llama_3_3_70b_versatile,GA_FIXED,string_category,short_palindrome,29,True,True,['4'],0.0,short_palindrome,0,80,0.00013691699132323265
no_semantic_llama_3_3_70b_versatile,GA_FIXED,string_category,long_non_palindrome,0,True,True,['0eF'],0.0,long_non_palindrome,0,80,0.0001525420229882002
no_semantic_llama_3_3_70b_versatile,GA_FIXED,string_category,long_non_palindrome,1,True,True,['zlY'],0.0,long_non_palindrome,0,80,0.0001599999377503991
no_semantic_llama_3_3_70b_versatile,GA_FIXED,string_category,long_non_palindrome,2,True,True,['dkA0Y5'],0.0,long_non_palindrome,0,80,0.0001451659481972456
no_semantic_llama_3_3_70b_versatile,GA_FIXED,string_category,long_non_palindrome,3,True,True,['bA'],0.0,long_non_palindrome,0,80,0.00015470897778868675
no_semantic_llama_3_3_70b_versatile,GA_FIXED,string_category,long_non_palindrome,4,True,True,['G2'],0.0,long_non_palindrome,0,80,0.00015370792243629694
no_semantic_llama_3_3_70b_versatile,GA_FIXED,string_category,long_non_palindrome,5,True,True,['V9buNK'],0.0,long_non_palindrome,0,80,0.00014783302322030067
no_semantic_llama_3_3_70b_versatile,GA_FIXED,string_category,long_non_palindrome,6,True,True,['lX2'],0.0,long_non_palindrome,0,80,0.0001514169853180647
no_semantic_llama_3_3_70b_versatile,GA_FIXED,string_category,long_non_palindrome,7,True,True,['p3'],0.0,long_non_palindrome,0,80,0.00014745804946869612
no_semantic_llama_3_3_70b_versatile,GA_FIXED,string_category,long_non_palindrome,8,True,True,['I6'],0.0,long_non_palindrome,0,80,0.0001504579558968544
no_semantic_llama_3_3_70b_versatile,GA_FIXED,string_category,long_non_palindrome,9,True,True,['ItU'],0.0,long_non_palindrome,0,80,0.00015491701196879148
no_semantic_llama_3_3_70b_versatile,GA_FIXED,string_category,long_non_palindrome,10,True,True,['o48I'],0.0,long_non_palindrome,0,80,0.00015641702339053154
no_semantic_llama_3_3_70b_versatile,GA_FIXED,string_category,long_non_palindrome,11,True,True,['zyr'],0.0,long_non_palindrome,0,80,0.00015654205344617367
no_semantic_llama_3_3_70b_versatile,GA_FIXED,string_category,long_non_palindrome,12,True,True,['JkKCX'],0.0,long_non_palindrome,0,80,0.0001571659231558442
no_semantic_llama_3_3_70b_versatile,GA_FIXED,string_category,long_non_palindrome,13,True,True,['oEVXk'],0.0,long_non_palindrome,0,80,0.00015691702719777822
no_semantic_llama_3_3_70b_versatile,GA_FIXED,string_category,long_non_palindrome,14,True,True,['fG8'],0.0,long_non_palindrome,0,80,0.00014512497000396252
no_semantic_llama_3_3_70b_versatile,GA_FIXED,string_category,long_non_palindrome,15,True,True,['1bo'],0.0,long_non_palindrome,0,80,0.00015116692520678043
no_semantic_llama_3_3_70b_versatile,GA_FIXED,string_category,long_non_palindrome,16,True,True,['aUk'],0.0,long_non_palindrome,0,80,0.00015533296391367912
no_semantic_llama_3_3_70b_versatile,GA_FIXED,string_category,long_non_palindrome,17,True,True,['JC1GTl'],0.0,long_non_palindrome,0,80,0.00015183398500084877
no_semantic_llama_3_3_70b_versatile,GA_FIXED,string_category,long_non_palindrome,18,True,True,['Sd'],0.0,long_non_palindrome,0,80,0.00015862495638430119
no_semantic_llama_3_3_70b_versatile,GA_FIXED,string_category,long_non_palindrome,19,True,True,['hx9NfA'],0.0,long_non_palindrome,0,80,0.00015516695566475391
no_semantic_llama_3_3_70b_versatile,GA_FIXED,string_category,long_non_palindrome,20,True,True,['Mg0'],0.0,long_non_palindrome,0,80,0.00014787493273615837
no_semantic_llama_3_3_70b_versatile,GA_FIXED,string_category,long_non_palindrome,21,True,True,['APDHp'],0.0,long_non_palindrome,0,80,0.0001526250271126628
no_semantic_llama_3_3_70b_versatile,GA_FIXED,string_category,long_non_palindrome,22,True,True,['vxfJB'],0.0,long_non_palindrome,0,80,0.00015000009443610907
no_semantic_llama_3_3_70b_versatile,GA_FIXED,string_category,long_non_palindrome,23,True,True,['cuul'],0.0,long_non_palindrome,0,80,0.00014933408237993717
no_semantic_llama_3_3_70b_versatile,GA_FIXED,string_category,long_non_palindrome,24,True,True,['mq7'],0.0,long_non_palindrome,0,80,0.00015633401926606894
no_semantic_llama_3_3_70b_versatile,GA_FIXED,string_category,long_non_palindrome,25,True,True,['famJ'],0.0,long_non_palindrome,0,80,0.00015791598707437515
no_semantic_llama_3_3_70b_versatile,GA_FIXED,string_category,long_non_palindrome,26,True,True,['8sc'],0.0,long_non_palindrome,0,80,0.00015779107343405485
no_semantic_llama_3_3_70b_versatile,GA_FIXED,string_category,long_non_palindrome,27,True,True,['xpHT'],0.0,long_non_palindrome,0,80,0.00015012500807642937
no_semantic_llama_3_3_70b_versatile,GA_FIXED,string_category,long_non_palindrome,28,True,True,['ly'],0.0,long_non_palindrome,0,80,0.00015612493734806776
no_semantic_llama_3_3_70b_versatile,GA_FIXED,string_category,long_non_palindrome,29,True,True,['tUYfL'],0.0,long_non_palindrome,0,80,0.00016308296471834183
no_semantic_llama_3_3_70b_versatile,GA_FIXED,string_category,other,0,True,True,['DFfIl'],0.0,other,0,80,0.00016129203140735626
no_semantic_llama_3_3_70b_versatile,GA_FIXED,string_category,other,1,True,True,['NoFpqNUl7q'],0.0,other,0,80,0.00016054196748882532
no_semantic_llama_3_3_70b_versatile,GA_FIXED,string_category,other,2,True,True,['ZGGmtPp1iRKl'],0.0,other,0,80,0.0001547079300507903
no_semantic_llama_3_3_70b_versatile,GA_FIXED,string_category,other,3,True,True,['BmudpbcN3'],0.0,other,0,80,0.0001585830468684435
no_semantic_llama_3_3_70b_versatile,GA_FIXED,string_category,other,4,True,True,['Y2VNHl4E'],0.0,other,0,80,0.00015170907136052847
no_semantic_llama_3_3_70b_versatile,GA_FIXED,string_category,other,5,True,True,['VM6'],0.0,other,0,80,0.00015712494496256113
no_semantic_llama_3_3_70b_versatile,GA_FIXED,string_category,other,6,True,True,['u0'],0.0,other,0,80,0.00015424995217472315
no_semantic_llama_3_3_70b_versatile,GA_FIXED,string_category,other,7,True,True,['LcWJk4j'],0.0,other,0,80,0.00015079102013260126
no_semantic_llama_3_3_70b_versatile,GA_FIXED,string_category,other,8,True,True,['ep4yJe'],0.0,other,0,80,0.0001520410878583789
no_semantic_llama_3_3_70b_versatile,GA_FIXED,string_category,other,9,True,True,['9aGetqM8oXpn'],0.0,other,0,80,0.00015425006859004498
no_semantic_llama_3_3_70b_versatile,GA_FIXED,string_category,other,10,True,True,['nyWdW'],0.0,other,0,80,0.0001580830430611968
no_semantic_llama_3_3_70b_versatile,GA_FIXED,string_category,other,11,True,True,['TSbxb'],0.0,other,0,80,0.00015324994456022978
no_semantic_llama_3_3_70b_versatile,GA_FIXED,string_category,other,12,True,True,['Eas'],0.0,other,0,80,0.00015374994836747646
no_semantic_llama_3_3_70b_versatile,GA_FIXED,string_category,other,13,True,True,['lUi5uRR'],0.0,other,0,80,0.00014716701116412878
no_semantic_llama_3_3_70b_versatile,GA_FIXED,string_category,other,14,True,True,['nfwea'],0.0,other,0,80,0.00015995802823454142
no_semantic_llama_3_3_70b_versatile,GA_FIXED,string_category,other,15,True,True,['lLB'],0.0,other,0,80,0.0001473750453442335
no_semantic_llama_3_3_70b_versatile,GA_FIXED,string_category,other,16,True,True,['3uiXHjMeo'],0.0,other,0,80,0.00015208299737423658
no_semantic_llama_3_3_70b_versatile,GA_FIXED,string_category,other,17,True,True,['YRW'],0.0,other,0,80,0.00014895806089043617
no_semantic_llama_3_3_70b_versatile,GA_FIXED,string_category,other,18,True,True,['RTYAeLT1'],0.0,other,0,80,0.00015904102474451065
no_semantic_llama_3_3_70b_versatile,GA_FIXED,string_category,other,19,True,True,['kY6MknN4'],0.0,other,0,80,0.00015320803504437208
no_semantic_llama_3_3_70b_versatile,GA_FIXED,string_category,other,20,True,True,['TH'],0.0,other,0,80,0.00015095795970410109
no_semantic_llama_3_3_70b_versatile,GA_FIXED,string_category,other,21,True,True,['CV9HYQ8rWbo4o'],0.0,other,0,80,0.00015591701958328485
no_semantic_llama_3_3_70b_versatile,GA_FIXED,string_category,other,22,True,True,['5HOhaVu7bjaGL'],0.0,other,0,80,0.00015920901205390692
no_semantic_llama_3_3_70b_versatile,GA_FIXED,string_category,other,23,True,True,['YuEsOI'],0.0,other,0,80,0.0001573750050738454
no_semantic_llama_3_3_70b_versatile,GA_FIXED,string_category,other,24,True,True,['CTfRJY86'],0.0,other,0,80,0.00015474995598196983
no_semantic_llama_3_3_70b_versatile,GA_FIXED,string_category,other,25,True,True,['q6SZ5Ynx2K'],0.0,other,0,80,0.00015145796351134777
no_semantic_llama_3_3_70b_versatile,GA_FIXED,string_category,other,26,True,True,['ypSfbCZoUc7i'],0.0,other,0,80,0.00015962496399879456
no_semantic_llama_3_3_70b_versatile,GA_FIXED,string_category,other,27,True,True,['vOCjdnPbKLGCA'],0.0,other,0,80,0.0001576659269630909
no_semantic_llama_3_3_70b_versatile,GA_FIXED,string_category,other,28,True,True,['AMc'],0.0,other,0,80,0.00014750007539987564
no_semantic_llama_3_3_70b_versatile,GA_FIXED,string_category,other,29,True,True,['6ETkfUJGUC'],0.0,other,0,80,0.0001504160463809967
no_semantic_llama_3_3_70b_versatile,GA_FIXED,transaction_pattern,empty,0,False,False,,inf,,0,8080,0.04493279196321964
no_semantic_llama_3_3_70b_versatile,GA_FIXED,transaction_pattern,empty,1,False,False,,inf,,0,8080,0.04673945903778076
no_semantic_llama_3_3_70b_versatile,GA_FIXED,transaction_pattern,empty,2,False,False,,inf,,0,8080,0.04566237493418157
no_semantic_llama_3_3_70b_versatile,GA_FIXED,transaction_pattern,empty,3,False,False,,inf,,0,8080,0.043081333045847714
no_semantic_llama_3_3_70b_versatile,GA_FIXED,transaction_pattern,empty,4,False,False,,inf,,0,8080,0.04941983299795538
no_semantic_llama_3_3_70b_versatile,GA_FIXED,transaction_pattern,empty,5,False,False,,inf,,0,8080,0.04256974998861551
no_semantic_llama_3_3_70b_versatile,GA_FIXED,transaction_pattern,empty,6,False,False,,inf,,0,8080,0.04783408297225833
no_semantic_llama_3_3_70b_versatile,GA_FIXED,transaction_pattern,empty,7,False,False,,inf,,0,8080,0.04701041697990149
no_semantic_llama_3_3_70b_versatile,GA_FIXED,transaction_pattern,empty,8,False,False,,inf,,0,8080,0.044625749927945435
no_semantic_llama_3_3_70b_versatile,GA_FIXED,transaction_pattern,empty,9,False,False,,inf,,0,8080,0.044384874985553324
no_semantic_llama_3_3_70b_versatile,GA_FIXED,transaction_pattern,empty,10,False,False,,inf,,0,8080,0.05068508302792907
no_semantic_llama_3_3_70b_versatile,GA_FIXED,transaction_pattern,empty,11,False,False,,inf,,0,8080,0.044205292011611164
no_semantic_llama_3_3_70b_versatile,GA_FIXED,transaction_pattern,empty,12,False,False,,inf,,0,8080,0.04594300000462681
no_semantic_llama_3_3_70b_versatile,GA_FIXED,transaction_pattern,empty,13,False,False,,inf,,0,8080,0.047167542041279376
no_semantic_llama_3_3_70b_versatile,GA_FIXED,transaction_pattern,empty,14,False,False,,inf,,0,8080,0.04438241699244827
no_semantic_llama_3_3_70b_versatile,GA_FIXED,transaction_pattern,empty,15,False,False,,inf,,0,8080,0.04861308296676725
no_semantic_llama_3_3_70b_versatile,GA_FIXED,transaction_pattern,empty,16,False,False,,inf,,0,8080,0.04417283402290195
no_semantic_llama_3_3_70b_versatile,GA_FIXED,transaction_pattern,empty,17,False,False,,inf,,0,8080,0.050842665950767696
no_semantic_llama_3_3_70b_versatile,GA_FIXED,transaction_pattern,empty,18,False,False,,inf,,0,8080,0.044213582994416356
no_semantic_llama_3_3_70b_versatile,GA_FIXED,transaction_pattern,empty,19,False,False,,inf,,0,8080,0.04621112497989088
no_semantic_llama_3_3_70b_versatile,GA_FIXED,transaction_pattern,empty,20,False,False,,inf,,0,8080,0.050820917007513344
no_semantic_llama_3_3_70b_versatile,GA_FIXED,transaction_pattern,empty,21,False,False,,inf,,0,8080,0.044381874962709844
no_semantic_llama_3_3_70b_versatile,GA_FIXED,transaction_pattern,empty,22,False,False,,inf,,0,8080,0.045150874997489154
no_semantic_llama_3_3_70b_versatile,GA_FIXED,transaction_pattern,empty,23,False,False,,inf,,0,8080,0.0479752499377355
no_semantic_llama_3_3_70b_versatile,GA_FIXED,transaction_pattern,empty,24,False,False,,inf,,0,8080,0.0454444169299677
no_semantic_llama_3_3_70b_versatile,GA_FIXED,transaction_pattern,empty,25,False,False,,inf,,0,8080,0.04716820898465812
no_semantic_llama_3_3_70b_versatile,GA_FIXED,transaction_pattern,empty,26,False,False,,inf,,0,8080,0.04680458293296397
no_semantic_llama_3_3_70b_versatile,GA_FIXED,transaction_pattern,empty,27,False,False,,inf,,0,8080,0.04785270802676678
no_semantic_llama_3_3_70b_versatile,GA_FIXED,transaction_pattern,empty,28,False,False,,inf,,0,8080,0.04576100001577288
no_semantic_llama_3_3_70b_versatile,GA_FIXED,transaction_pattern,empty,29,False,False,,inf,,0,8080,0.04797516705002636
no_semantic_llama_3_3_70b_versatile,GA_FIXED,transaction_pattern,contains_zero,0,False,False,,inf,,0,8080,0.048126625013537705
no_semantic_llama_3_3_70b_versatile,GA_FIXED,transaction_pattern,contains_zero,1,False,False,,inf,,0,8080,0.04520283290185034
no_semantic_llama_3_3_70b_versatile,GA_FIXED,transaction_pattern,contains_zero,2,False,False,,inf,,0,8080,0.04431904200464487
no_semantic_llama_3_3_70b_versatile,GA_FIXED,transaction_pattern,contains_zero,3,False,False,,inf,,0,8080,0.04921462503261864
no_semantic_llama_3_3_70b_versatile,GA_FIXED,transaction_pattern,contains_zero,4,False,False,,inf,,0,8080,0.04621720896102488
no_semantic_llama_3_3_70b_versatile,GA_FIXED,transaction_pattern,contains_zero,5,False,False,,inf,,0,8080,0.05101812502834946
no_semantic_llama_3_3_70b_versatile,GA_FIXED,transaction_pattern,contains_zero,6,False,False,,inf,,0,8080,0.047942708944901824
no_semantic_llama_3_3_70b_versatile,GA_FIXED,transaction_pattern,contains_zero,7,False,False,,inf,,0,8080,0.05062041594646871
no_semantic_llama_3_3_70b_versatile,GA_FIXED,transaction_pattern,contains_zero,8,False,False,,inf,,0,8080,0.048882166971452534
no_semantic_llama_3_3_70b_versatile,GA_FIXED,transaction_pattern,contains_zero,9,False,False,,inf,,0,8080,0.051035874988883734
no_semantic_llama_3_3_70b_versatile,GA_FIXED,transaction_pattern,contains_zero,10,False,False,,inf,,0,8080,0.043851958005689085
no_semantic_llama_3_3_70b_versatile,GA_FIXED,transaction_pattern,contains_zero,11,False,False,,inf,,0,8080,0.051020999904721975
no_semantic_llama_3_3_70b_versatile,GA_FIXED,transaction_pattern,contains_zero,12,False,False,,inf,,0,8080,0.049993791966699064
no_semantic_llama_3_3_70b_versatile,GA_FIXED,transaction_pattern,contains_zero,13,False,False,,inf,,0,8080,0.04589287505950779
no_semantic_llama_3_3_70b_versatile,GA_FIXED,transaction_pattern,contains_zero,14,False,False,,inf,,0,8080,0.04284720798023045
no_semantic_llama_3_3_70b_versatile,GA_FIXED,transaction_pattern,contains_zero,15,False,False,,inf,,0,8080,0.04829029203392565
no_semantic_llama_3_3_70b_versatile,GA_FIXED,transaction_pattern,contains_zero,16,False,False,,inf,,0,8080,0.04702383291441947
no_semantic_llama_3_3_70b_versatile,GA_FIXED,transaction_pattern,contains_zero,17,False,False,,inf,,0,8080,0.04980466701090336
no_semantic_llama_3_3_70b_versatile,GA_FIXED,transaction_pattern,contains_zero,18,False,False,,inf,,0,8080,0.045581832993775606
no_semantic_llama_3_3_70b_versatile,GA_FIXED,transaction_pattern,contains_zero,19,False,False,,inf,,0,8080,0.04873691697139293
no_semantic_llama_3_3_70b_versatile,GA_FIXED,transaction_pattern,contains_zero,20,False,False,,inf,,0,8080,0.04979129193816334
no_semantic_llama_3_3_70b_versatile,GA_FIXED,transaction_pattern,contains_zero,21,False,False,,inf,,0,8080,0.04806866601575166
no_semantic_llama_3_3_70b_versatile,GA_FIXED,transaction_pattern,contains_zero,22,False,False,,inf,,0,8080,0.04867354198358953
no_semantic_llama_3_3_70b_versatile,GA_FIXED,transaction_pattern,contains_zero,23,False,False,,inf,,0,8080,0.047284291009418666
no_semantic_llama_3_3_70b_versatile,GA_FIXED,transaction_pattern,contains_zero,24,False,False,,inf,,0,8080,0.043980374932289124
no_semantic_llama_3_3_70b_versatile,GA_FIXED,transaction_pattern,contains_zero,25,False,False,,inf,,0,8080,0.04800291603896767
no_semantic_llama_3_3_70b_versatile,GA_FIXED,transaction_pattern,contains_zero,26,False,False,,inf,,0,8080,0.04631487501319498
no_semantic_llama_3_3_70b_versatile,GA_FIXED,transaction_pattern,contains_zero,27,False,False,,inf,,0,8080,0.044483750010840595
no_semantic_llama_3_3_70b_versatile,GA_FIXED,transaction_pattern,contains_zero,28,False,False,,inf,,0,8080,0.04655349999666214
no_semantic_llama_3_3_70b_versatile,GA_FIXED,transaction_pattern,contains_zero,29,False,False,,inf,,0,8080,0.04618837498128414
no_semantic_llama_3_3_70b_versatile,GA_FIXED,transaction_pattern,many_large_deposits,0,False,False,,inf,,0,8080,0.04588954197242856
no_semantic_llama_3_3_70b_versatile,GA_FIXED,transaction_pattern,many_large_deposits,1,False,False,,inf,,0,8080,0.044006875017657876
no_semantic_llama_3_3_70b_versatile,GA_FIXED,transaction_pattern,many_large_deposits,2,False,False,,inf,,0,8080,0.04333274997770786
no_semantic_llama_3_3_70b_versatile,GA_FIXED,transaction_pattern,many_large_deposits,3,False,False,,inf,,0,8080,0.04501466604415327
no_semantic_llama_3_3_70b_versatile,GA_FIXED,transaction_pattern,many_large_deposits,4,False,False,,inf,,0,8080,0.047993707936257124
no_semantic_llama_3_3_70b_versatile,GA_FIXED,transaction_pattern,many_large_deposits,5,False,False,,inf,,0,8080,0.046860541915521026
no_semantic_llama_3_3_70b_versatile,GA_FIXED,transaction_pattern,many_large_deposits,6,False,False,,inf,,0,8080,0.04505545797292143
no_semantic_llama_3_3_70b_versatile,GA_FIXED,transaction_pattern,many_large_deposits,7,False,False,,inf,,0,8080,0.051704625017009676
no_semantic_llama_3_3_70b_versatile,GA_FIXED,transaction_pattern,many_large_deposits,8,False,False,,inf,,0,8080,0.05117095808964223
no_semantic_llama_3_3_70b_versatile,GA_FIXED,transaction_pattern,many_large_deposits,9,False,False,,inf,,0,8080,0.04723845899570733
no_semantic_llama_3_3_70b_versatile,GA_FIXED,transaction_pattern,many_large_deposits,10,False,False,,inf,,0,8080,0.046646625036373734
no_semantic_llama_3_3_70b_versatile,GA_FIXED,transaction_pattern,many_large_deposits,11,False,False,,inf,,0,8080,0.04568254202604294
no_semantic_llama_3_3_70b_versatile,GA_FIXED,transaction_pattern,many_large_deposits,12,False,False,,inf,,0,8080,0.048011124948970973
no_semantic_llama_3_3_70b_versatile,GA_FIXED,transaction_pattern,many_large_deposits,13,False,False,,inf,,0,8080,0.045256958925165236
no_semantic_llama_3_3_70b_versatile,GA_FIXED,transaction_pattern,many_large_deposits,14,False,False,,inf,,0,8080,0.04501979204360396
no_semantic_llama_3_3_70b_versatile,GA_FIXED,transaction_pattern,many_large_deposits,15,False,False,,inf,,0,8080,0.04615570802707225
no_semantic_llama_3_3_70b_versatile,GA_FIXED,transaction_pattern,many_large_deposits,16,False,False,,inf,,0,8080,0.050644207978621125
no_semantic_llama_3_3_70b_versatile,GA_FIXED,transaction_pattern,many_large_deposits,17,False,False,,inf,,0,8080,0.04817754100076854
no_semantic_llama_3_3_70b_versatile,GA_FIXED,transaction_pattern,many_large_deposits,18,False,False,,inf,,0,8080,0.050089625059626997
no_semantic_llama_3_3_70b_versatile,GA_FIXED,transaction_pattern,many_large_deposits,19,False,False,,inf,,0,8080,0.04445087490603328
no_semantic_llama_3_3_70b_versatile,GA_FIXED,transaction_pattern,many_large_deposits,20,False,False,,inf,,0,8080,0.045113416970707476
no_semantic_llama_3_3_70b_versatile,GA_FIXED,transaction_pattern,many_large_deposits,21,False,False,,inf,,0,8080,0.04511224990710616
no_semantic_llama_3_3_70b_versatile,GA_FIXED,transaction_pattern,many_large_deposits,22,False,False,,inf,,0,8080,0.047347000101581216
no_semantic_llama_3_3_70b_versatile,GA_FIXED,transaction_pattern,many_large_deposits,23,False,False,,inf,,0,8080,0.047743875067681074
no_semantic_llama_3_3_70b_versatile,GA_FIXED,transaction_pattern,many_large_deposits,24,False,False,,inf,,0,8080,0.046485040918923914
no_semantic_llama_3_3_70b_versatile,GA_FIXED,transaction_pattern,many_large_deposits,25,False,False,,inf,,0,8080,0.044706666958518326
no_semantic_llama_3_3_70b_versatile,GA_FIXED,transaction_pattern,many_large_deposits,26,False,False,,inf,,0,8080,0.04503749997820705
no_semantic_llama_3_3_70b_versatile,GA_FIXED,transaction_pattern,many_large_deposits,27,False,False,,inf,,0,8080,0.05199099995661527
no_semantic_llama_3_3_70b_versatile,GA_FIXED,transaction_pattern,many_large_deposits,28,False,False,,inf,,0,8080,0.04620533296838403
no_semantic_llama_3_3_70b_versatile,GA_FIXED,transaction_pattern,many_large_deposits,29,False,False,,inf,,0,8080,0.047998207970522344
no_semantic_llama_3_3_70b_versatile,GA_FIXED,transaction_pattern,many_large_withdrawals,0,False,False,,inf,,0,8080,0.04890608403366059
no_semantic_llama_3_3_70b_versatile,GA_FIXED,transaction_pattern,many_large_withdrawals,1,False,False,,inf,,0,8080,0.05052995902951807
no_semantic_llama_3_3_70b_versatile,GA_FIXED,transaction_pattern,many_large_withdrawals,2,False,False,,inf,,0,8080,0.04618841700721532
no_semantic_llama_3_3_70b_versatile,GA_FIXED,transaction_pattern,many_large_withdrawals,3,False,False,,inf,,0,8080,0.04478387499693781
no_semantic_llama_3_3_70b_versatile,GA_FIXED,transaction_pattern,many_large_withdrawals,4,False,False,,inf,,0,8080,0.04734541603829712
no_semantic_llama_3_3_70b_versatile,GA_FIXED,transaction_pattern,many_large_withdrawals,5,False,False,,inf,,0,8080,0.044063500012271106
no_semantic_llama_3_3_70b_versatile,GA_FIXED,transaction_pattern,many_large_withdrawals,6,False,False,,inf,,0,8080,0.04295937507413328
no_semantic_llama_3_3_70b_versatile,GA_FIXED,transaction_pattern,many_large_withdrawals,7,False,False,,inf,,0,8080,0.048784582992084324
no_semantic_llama_3_3_70b_versatile,GA_FIXED,transaction_pattern,many_large_withdrawals,8,False,False,,inf,,0,8080,0.04947916709352285
no_semantic_llama_3_3_70b_versatile,GA_FIXED,transaction_pattern,many_large_withdrawals,9,False,False,,inf,,0,8080,0.04909904103260487
no_semantic_llama_3_3_70b_versatile,GA_FIXED,transaction_pattern,many_large_withdrawals,10,False,False,,inf,,0,8080,0.045199875021353364
no_semantic_llama_3_3_70b_versatile,GA_FIXED,transaction_pattern,many_large_withdrawals,11,False,False,,inf,,0,8080,0.04623500001616776
no_semantic_llama_3_3_70b_versatile,GA_FIXED,transaction_pattern,many_large_withdrawals,12,False,False,,inf,,0,8080,0.045914707938209176
no_semantic_llama_3_3_70b_versatile,GA_FIXED,transaction_pattern,many_large_withdrawals,13,False,False,,inf,,0,8080,0.046596291940659285
no_semantic_llama_3_3_70b_versatile,GA_FIXED,transaction_pattern,many_large_withdrawals,14,False,False,,inf,,0,8080,0.05046916601713747
no_semantic_llama_3_3_70b_versatile,GA_FIXED,transaction_pattern,many_large_withdrawals,15,False,False,,inf,,0,8080,0.04509304102975875
no_semantic_llama_3_3_70b_versatile,GA_FIXED,transaction_pattern,many_large_withdrawals,16,False,False,,inf,,0,8080,0.044162957929074764
no_semantic_llama_3_3_70b_versatile,GA_FIXED,transaction_pattern,many_large_withdrawals,17,False,False,,inf,,0,8080,0.05015866598114371
no_semantic_llama_3_3_70b_versatile,GA_FIXED,transaction_pattern,many_large_withdrawals,18,False,False,,inf,,0,8080,0.05076533404644579
no_semantic_llama_3_3_70b_versatile,GA_FIXED,transaction_pattern,many_large_withdrawals,19,False,False,,inf,,0,8080,0.04837154201231897
no_semantic_llama_3_3_70b_versatile,GA_FIXED,transaction_pattern,many_large_withdrawals,20,False,False,,inf,,0,8080,0.04972616699524224
no_semantic_llama_3_3_70b_versatile,GA_FIXED,transaction_pattern,many_large_withdrawals,21,False,False,,inf,,0,8080,0.04784937505610287
no_semantic_llama_3_3_70b_versatile,GA_FIXED,transaction_pattern,many_large_withdrawals,22,False,False,,inf,,0,8080,0.045578790945000947
no_semantic_llama_3_3_70b_versatile,GA_FIXED,transaction_pattern,many_large_withdrawals,23,False,False,,inf,,0,8080,0.04877008299808949
no_semantic_llama_3_3_70b_versatile,GA_FIXED,transaction_pattern,many_large_withdrawals,24,False,False,,inf,,0,8080,0.044953583041206
no_semantic_llama_3_3_70b_versatile,GA_FIXED,transaction_pattern,many_large_withdrawals,25,False,False,,inf,,0,8080,0.04618624993599951
no_semantic_llama_3_3_70b_versatile,GA_FIXED,transaction_pattern,many_large_withdrawals,26,False,False,,inf,,0,8080,0.043597541050985456
no_semantic_llama_3_3_70b_versatile,GA_FIXED,transaction_pattern,many_large_withdrawals,27,False,False,,inf,,0,8080,0.04725295794196427
no_semantic_llama_3_3_70b_versatile,GA_FIXED,transaction_pattern,many_large_withdrawals,28,False,False,,inf,,0,8080,0.048037500004284084
no_semantic_llama_3_3_70b_versatile,GA_FIXED,transaction_pattern,many_large_withdrawals,29,False,False,,inf,,0,8080,0.04567054193466902
no_semantic_llama_3_3_70b_versatile,GA_FIXED,transaction_pattern,mixed_transactions,0,False,False,,inf,,0,8080,0.04321637493558228
no_semantic_llama_3_3_70b_versatile,GA_FIXED,transaction_pattern,mixed_transactions,1,False,False,,inf,,0,8080,0.04584187502041459
no_semantic_llama_3_3_70b_versatile,GA_FIXED,transaction_pattern,mixed_transactions,2,False,False,,inf,,0,8080,0.04705654189456254
no_semantic_llama_3_3_70b_versatile,GA_FIXED,transaction_pattern,mixed_transactions,3,False,False,,inf,,0,8080,0.05142749997321516
no_semantic_llama_3_3_70b_versatile,GA_FIXED,transaction_pattern,mixed_transactions,4,False,False,,inf,,0,8080,0.0489261670736596
no_semantic_llama_3_3_70b_versatile,GA_FIXED,transaction_pattern,mixed_transactions,5,False,False,,inf,,0,8080,0.04343391698785126
no_semantic_llama_3_3_70b_versatile,GA_FIXED,transaction_pattern,mixed_transactions,6,False,False,,inf,,0,8080,0.04414516699034721
no_semantic_llama_3_3_70b_versatile,GA_FIXED,transaction_pattern,mixed_transactions,7,False,False,,inf,,0,8080,0.04831170802935958
no_semantic_llama_3_3_70b_versatile,GA_FIXED,transaction_pattern,mixed_transactions,8,False,False,,inf,,0,8080,0.049166457960382104
no_semantic_llama_3_3_70b_versatile,GA_FIXED,transaction_pattern,mixed_transactions,9,False,False,,inf,,0,8080,0.04824041703250259
no_semantic_llama_3_3_70b_versatile,GA_FIXED,transaction_pattern,mixed_transactions,10,False,False,,inf,,0,8080,0.04372933297418058
no_semantic_llama_3_3_70b_versatile,GA_FIXED,transaction_pattern,mixed_transactions,11,False,False,,inf,,0,8080,0.04716241604182869
no_semantic_llama_3_3_70b_versatile,GA_FIXED,transaction_pattern,mixed_transactions,12,False,False,,inf,,0,8080,0.04758675000630319
no_semantic_llama_3_3_70b_versatile,GA_FIXED,transaction_pattern,mixed_transactions,13,False,False,,inf,,0,8080,0.04718745802529156
no_semantic_llama_3_3_70b_versatile,GA_FIXED,transaction_pattern,mixed_transactions,14,False,False,,inf,,0,8080,0.04485750000458211
no_semantic_llama_3_3_70b_versatile,GA_FIXED,transaction_pattern,mixed_transactions,15,False,False,,inf,,0,8080,0.04964504099916667
no_semantic_llama_3_3_70b_versatile,GA_FIXED,transaction_pattern,mixed_transactions,16,False,False,,inf,,0,8080,0.04642816598061472
no_semantic_llama_3_3_70b_versatile,GA_FIXED,transaction_pattern,mixed_transactions,17,False,False,,inf,,0,8080,0.047420458984561265
no_semantic_llama_3_3_70b_versatile,GA_FIXED,transaction_pattern,mixed_transactions,18,False,False,,inf,,0,8080,0.04340220906306058
no_semantic_llama_3_3_70b_versatile,GA_FIXED,transaction_pattern,mixed_transactions,19,False,False,,inf,,0,8080,0.04347766702994704
no_semantic_llama_3_3_70b_versatile,GA_FIXED,transaction_pattern,mixed_transactions,20,False,False,,inf,,0,8080,0.04339062504004687
no_semantic_llama_3_3_70b_versatile,GA_FIXED,transaction_pattern,mixed_transactions,21,False,False,,inf,,0,8080,0.04398233396932483
no_semantic_llama_3_3_70b_versatile,GA_FIXED,transaction_pattern,mixed_transactions,22,False,False,,inf,,0,8080,0.04955329198855907
no_semantic_llama_3_3_70b_versatile,GA_FIXED,transaction_pattern,mixed_transactions,23,False,False,,inf,,0,8080,0.04365929192863405
no_semantic_llama_3_3_70b_versatile,GA_FIXED,transaction_pattern,mixed_transactions,24,False,False,,inf,,0,8080,0.04669587500393391
no_semantic_llama_3_3_70b_versatile,GA_FIXED,transaction_pattern,mixed_transactions,25,False,False,,inf,,0,8080,0.04521154100075364
no_semantic_llama_3_3_70b_versatile,GA_FIXED,transaction_pattern,mixed_transactions,26,False,False,,inf,,0,8080,0.04799308406654745
no_semantic_llama_3_3_70b_versatile,GA_FIXED,transaction_pattern,mixed_transactions,27,False,False,,inf,,0,8080,0.0447149999672547
no_semantic_llama_3_3_70b_versatile,GA_FIXED,transaction_pattern,mixed_transactions,28,False,False,,inf,,0,8080,0.05014916602522135
no_semantic_llama_3_3_70b_versatile,GA_FIXED,transaction_pattern,mixed_transactions,29,False,False,,inf,,0,8080,0.04649220802821219
no_semantic_llama_3_3_70b_versatile,GA_FIXED,transaction_pattern,simple_pattern,0,False,False,,inf,,0,8080,0.04678420803975314
no_semantic_llama_3_3_70b_versatile,GA_FIXED,transaction_pattern,simple_pattern,1,False,False,,inf,,0,8080,0.04716487508267164
no_semantic_llama_3_3_70b_versatile,GA_FIXED,transaction_pattern,simple_pattern,2,False,False,,inf,,0,8080,0.046317667001858354
no_semantic_llama_3_3_70b_versatile,GA_FIXED,transaction_pattern,simple_pattern,3,False,False,,inf,,0,8080,0.047256499994546175
no_semantic_llama_3_3_70b_versatile,GA_FIXED,transaction_pattern,simple_pattern,4,False,False,,inf,,0,8080,0.045431540929712355
no_semantic_llama_3_3_70b_versatile,GA_FIXED,transaction_pattern,simple_pattern,5,False,False,,inf,,0,8080,0.04419708310160786
no_semantic_llama_3_3_70b_versatile,GA_FIXED,transaction_pattern,simple_pattern,6,False,False,,inf,,0,8080,0.0477654580026865
no_semantic_llama_3_3_70b_versatile,GA_FIXED,transaction_pattern,simple_pattern,7,False,False,,inf,,0,8080,0.04417549993377179
no_semantic_llama_3_3_70b_versatile,GA_FIXED,transaction_pattern,simple_pattern,8,False,False,,inf,,0,8080,0.04791420896071941
no_semantic_llama_3_3_70b_versatile,GA_FIXED,transaction_pattern,simple_pattern,9,False,False,,inf,,0,8080,0.04657375009264797
no_semantic_llama_3_3_70b_versatile,GA_FIXED,transaction_pattern,simple_pattern,10,False,False,,inf,,0,8080,0.04555579205043614
no_semantic_llama_3_3_70b_versatile,GA_FIXED,transaction_pattern,simple_pattern,11,False,False,,inf,,0,8080,0.047730375081300735
no_semantic_llama_3_3_70b_versatile,GA_FIXED,transaction_pattern,simple_pattern,12,False,False,,inf,,0,8080,0.05035983305424452
no_semantic_llama_3_3_70b_versatile,GA_FIXED,transaction_pattern,simple_pattern,13,False,False,,inf,,0,8080,0.044875083956867456
no_semantic_llama_3_3_70b_versatile,GA_FIXED,transaction_pattern,simple_pattern,14,False,False,,inf,,0,8080,0.050279167015105486
no_semantic_llama_3_3_70b_versatile,GA_FIXED,transaction_pattern,simple_pattern,15,False,False,,inf,,0,8080,0.046399708022363484
no_semantic_llama_3_3_70b_versatile,GA_FIXED,transaction_pattern,simple_pattern,16,False,False,,inf,,0,8080,0.042907790979370475
no_semantic_llama_3_3_70b_versatile,GA_FIXED,transaction_pattern,simple_pattern,17,False,False,,inf,,0,8080,0.051862958003766835
no_semantic_llama_3_3_70b_versatile,GA_FIXED,transaction_pattern,simple_pattern,18,False,False,,inf,,0,8080,0.05020912503823638
no_semantic_llama_3_3_70b_versatile,GA_FIXED,transaction_pattern,simple_pattern,19,False,False,,inf,,0,8080,0.04912858398165554
no_semantic_llama_3_3_70b_versatile,GA_FIXED,transaction_pattern,simple_pattern,20,False,False,,inf,,0,8080,0.0435978330206126
no_semantic_llama_3_3_70b_versatile,GA_FIXED,transaction_pattern,simple_pattern,21,False,False,,inf,,0,8080,0.04600620805285871
no_semantic_llama_3_3_70b_versatile,GA_FIXED,transaction_pattern,simple_pattern,22,False,False,,inf,,0,8080,0.046160707948729396
no_semantic_llama_3_3_70b_versatile,GA_FIXED,transaction_pattern,simple_pattern,23,False,False,,inf,,0,8080,0.05007333401590586
no_semantic_llama_3_3_70b_versatile,GA_FIXED,transaction_pattern,simple_pattern,24,False,False,,inf,,0,8080,0.048026249976828694
no_semantic_llama_3_3_70b_versatile,GA_FIXED,transaction_pattern,simple_pattern,25,False,False,,inf,,0,8080,0.04998516710475087
no_semantic_llama_3_3_70b_versatile,GA_FIXED,transaction_pattern,simple_pattern,26,False,False,,inf,,0,8080,0.04259029100649059
no_semantic_llama_3_3_70b_versatile,GA_FIXED,transaction_pattern,simple_pattern,27,False,False,,inf,,0,8080,0.04788291605655104
no_semantic_llama_3_3_70b_versatile,GA_FIXED,transaction_pattern,simple_pattern,28,False,False,,inf,,0,8080,0.043127625016495585
no_semantic_llama_3_3_70b_versatile,GA_FIXED,transaction_pattern,simple_pattern,29,False,False,,inf,,0,8080,0.04386791598517448
no_semantic_llama_3_3_70b_versatile,GA_FIXED,triangle_type,invalid_side,0,True,True,"[544, 0, 657]",0.0,invalid_side,0,80,0.00010383303742855787
no_semantic_llama_3_3_70b_versatile,GA_FIXED,triangle_type,invalid_side,1,True,True,"[185, 0, 113]",0.0,invalid_side,17,1440,0.006830999976955354
no_semantic_llama_3_3_70b_versatile,GA_FIXED,triangle_type,invalid_side,2,True,True,"[282, 0, 372]",0.0,invalid_side,6,560,0.0024552500108256936
no_semantic_llama_3_3_70b_versatile,GA_FIXED,triangle_type,invalid_side,3,True,True,"[0, 455, 986]",0.0,invalid_side,0,80,9.079196024686098e-05
no_semantic_llama_3_3_70b_versatile,GA_FIXED,triangle_type,invalid_side,4,True,True,"[481, 0, 92]",0.0,invalid_side,43,3520,0.01698179100640118
no_semantic_llama_3_3_70b_versatile,GA_FIXED,triangle_type,invalid_side,5,True,True,"[753, 390, 0]",0.0,invalid_side,1,160,0.0004949999274685979
no_semantic_llama_3_3_70b_versatile,GA_FIXED,triangle_type,invalid_side,6,True,True,"[0, 639, 54]",0.0,invalid_side,23,1920,0.009193000034429133
no_semantic_llama_3_3_70b_versatile,GA_FIXED,triangle_type,invalid_side,7,True,True,"[27, 58, 0]",0.0,invalid_side,0,80,9.516708087176085e-05
no_semantic_llama_3_3_70b_versatile,GA_FIXED,triangle_type,invalid_side,8,True,True,"[0, 541, 535]",0.0,invalid_side,0,80,9.008299093693495e-05
no_semantic_llama_3_3_70b_versatile,GA_FIXED,triangle_type,invalid_side,9,True,True,"[0, 554, 211]",0.0,invalid_side,0,80,9.112502448260784e-05
no_semantic_llama_3_3_70b_versatile,GA_FIXED,triangle_type,invalid_side,10,True,True,"[769, 996, 0]",0.0,invalid_side,4,400,0.001661500078625977
no_semantic_llama_3_3_70b_versatile,GA_FIXED,triangle_type,invalid_side,11,True,True,"[297, 881, 0]",0.0,invalid_side,4,400,0.0016631659818813205
no_semantic_llama_3_3_70b_versatile,GA_FIXED,triangle_type,invalid_side,12,True,True,"[0, 46, 766]",0.0,invalid_side,73,5920,0.028699457994662225
no_semantic_llama_3_3_70b_versatile,GA_FIXED,triangle_type,invalid_side,13,True,True,"[500, 751, 0]",0.0,invalid_side,0,80,9.275006595999002e-05
no_semantic_llama_3_3_70b_versatile,GA_FIXED,triangle_type,invalid_side,14,True,True,"[804, 747, 0]",0.0,invalid_side,2,240,0.0008862080285325646
no_semantic_llama_3_3_70b_versatile,GA_FIXED,triangle_type,invalid_side,15,True,True,"[0, 843, 435]",0.0,invalid_side,9,800,0.003669999889098108
no_semantic_llama_3_3_70b_versatile,GA_FIXED,triangle_type,invalid_side,16,True,True,"[636, 0, 251]",0.0,invalid_side,0,80,9.64578939601779e-05
no_semantic_llama_3_3_70b_versatile,GA_FIXED,triangle_type,invalid_side,17,True,True,"[0, 268, 592]",0.0,invalid_side,0,80,9.470805525779724e-05
no_semantic_llama_3_3_70b_versatile,GA_FIXED,triangle_type,invalid_side,18,True,True,"[241, 0, 884]",0.0,invalid_side,12,1040,0.004796167020685971
no_semantic_llama_3_3_70b_versatile,GA_FIXED,triangle_type,invalid_side,19,True,True,"[721, 680, 0]",0.0,invalid_side,3,320,0.0012683749664574862
no_semantic_llama_3_3_70b_versatile,GA_FIXED,triangle_type,invalid_side,20,True,True,"[249, 0, 351]",0.0,invalid_side,0,80,9.283400140702724e-05
no_semantic_llama_3_3_70b_versatile,GA_FIXED,triangle_type,invalid_side,21,True,True,"[843, 0, 78]",0.0,invalid_side,3,320,0.0012654580641537905
no_semantic_llama_3_3_70b_versatile,GA_FIXED,triangle_type,invalid_side,22,True,True,"[0, 541, 658]",0.0,invalid_side,9,800,0.0036417499650269747
no_semantic_llama_3_3_70b_versatile,GA_FIXED,triangle_type,invalid_side,23,True,True,"[868, 308, 0]",0.0,invalid_side,1,160,0.000502374954521656
no_semantic_llama_3_3_70b_versatile,GA_FIXED,triangle_type,invalid_side,24,True,True,"[0, 392, 212]",0.0,invalid_side,54,4400,0.02117962494958192
no_semantic_llama_3_3_70b_versatile,GA_FIXED,triangle_type,invalid_side,25,True,True,"[136, 0, 655]",0.0,invalid_side,4,400,0.0016652080230414867
no_semantic_llama_3_3_70b_versatile,GA_FIXED,triangle_type,invalid_side,26,True,True,"[355, 0, 339]",0.0,invalid_side,1,160,0.0004957920173183084
no_semantic_llama_3_3_70b_versatile,GA_FIXED,triangle_type,invalid_side,27,True,True,"[0, 435, 524]",0.0,invalid_side,0,80,9.579199831932783e-05
no_semantic_llama_3_3_70b_versatile,GA_FIXED,triangle_type,invalid_side,28,True,True,"[549, 586, 0]",0.0,invalid_side,43,3520,0.016899416921660304
no_semantic_llama_3_3_70b_versatile,GA_FIXED,triangle_type,invalid_side,29,True,True,"[192, 0, 99]",0.0,invalid_side,11,960,0.004408042063005269
no_semantic_llama_3_3_70b_versatile,GA_FIXED,triangle_type,not_triangle,0,True,True,"[967, 326, 419]",0.0,not_triangle,0,80,9.462493471801281e-05
no_semantic_llama_3_3_70b_versatile,GA_FIXED,triangle_type,not_triangle,1,True,True,"[151, 166, 497]",0.0,not_triangle,0,80,9.216601029038429e-05
no_semantic_llama_3_3_70b_versatile,GA_FIXED,triangle_type,not_triangle,2,True,True,"[75, 190, 582]",0.0,not_triangle,0,80,9.324995335191488e-05
no_semantic_llama_3_3_70b_versatile,GA_FIXED,triangle_type,not_triangle,3,True,True,"[219, 955, 566]",0.0,not_triangle,0,80,9.32089751586318e-05
no_semantic_llama_3_3_70b_versatile,GA_FIXED,triangle_type,not_triangle,4,True,True,"[259, 328, 607]",0.0,not_triangle,0,80,9.370909538120031e-05
no_semantic_llama_3_3_70b_versatile,GA_FIXED,triangle_type,not_triangle,5,True,True,"[509, 38, 600]",0.0,not_triangle,0,80,9.487499482929707e-05
no_semantic_llama_3_3_70b_versatile,GA_FIXED,triangle_type,not_triangle,6,True,True,"[108, 708, 53]",0.0,not_triangle,0,80,9.404204320162535e-05
no_semantic_llama_3_3_70b_versatile,GA_FIXED,triangle_type,not_triangle,7,True,True,"[42, 95, 984]",0.0,not_triangle,0,80,9.879202116280794e-05
no_semantic_llama_3_3_70b_versatile,GA_FIXED,triangle_type,not_triangle,8,True,True,"[79, 920, 544]",0.0,not_triangle,0,80,9.350001346319914e-05
no_semantic_llama_3_3_70b_versatile,GA_FIXED,triangle_type,not_triangle,9,True,True,"[920, 166, 73]",0.0,not_triangle,0,80,9.591702837496996e-05
no_semantic_llama_3_3_70b_versatile,GA_FIXED,triangle_type,not_triangle,10,True,True,"[110, 31, 424]",0.0,not_triangle,0,80,9.220896754413843e-05
no_semantic_llama_3_3_70b_versatile,GA_FIXED,triangle_type,not_triangle,11,True,True,"[616, 200, 226]",0.0,not_triangle,0,80,9.308301378041506e-05
no_semantic_llama_3_3_70b_versatile,GA_FIXED,triangle_type,not_triangle,12,True,True,"[515, 884, 6]",0.0,not_triangle,0,80,9.329104796051979e-05
no_semantic_llama_3_3_70b_versatile,GA_FIXED,triangle_type,not_triangle,13,True,True,"[37, 850, 757]",0.0,not_triangle,0,80,9.233399759978056e-05
no_semantic_llama_3_3_70b_versatile,GA_FIXED,triangle_type,not_triangle,14,True,True,"[393, 138, 938]",0.0,not_triangle,0,80,9.324995335191488e-05
no_semantic_llama_3_3_70b_versatile,GA_FIXED,triangle_type,not_triangle,15,True,True,"[366, 924, 440]",0.0,not_triangle,0,80,9.470805525779724e-05
no_semantic_llama_3_3_70b_versatile,GA_FIXED,triangle_type,not_triangle,16,True,True,"[320, 645, 320]",0.0,not_triangle,0,80,9.258394129574299e-05
no_semantic_llama_3_3_70b_versatile,GA_FIXED,triangle_type,not_triangle,17,True,True,"[728, 870, 8]",0.0,not_triangle,0,80,9.350001346319914e-05
no_semantic_llama_3_3_70b_versatile,GA_FIXED,triangle_type,not_triangle,18,True,True,"[755, 480, 269]",0.0,not_triangle,0,80,9.412504732608795e-05
no_semantic_llama_3_3_70b_versatile,GA_FIXED,triangle_type,not_triangle,19,True,True,"[222, 278, 976]",0.0,not_triangle,0,80,9.67090018093586e-05
no_semantic_llama_3_3_70b_versatile,GA_FIXED,triangle_type,not_triangle,20,True,True,"[11, 452, 287]",0.0,not_triangle,0,80,9.408302139490843e-05
no_semantic_llama_3_3_70b_versatile,GA_FIXED,triangle_type,not_triangle,21,True,True,"[566, 272, 76]",0.0,not_triangle,0,80,9.354203939437866e-05
no_semantic_llama_3_3_70b_versatile,GA_FIXED,triangle_type,not_triangle,22,True,True,"[0, 366, 808]",0.0,not_triangle,0,80,9.337498340755701e-05
no_semantic_llama_3_3_70b_versatile,GA_FIXED,triangle_type,not_triangle,23,True,True,"[825, 180, 498]",0.0,not_triangle,0,80,9.229104034602642e-05
no_semantic_llama_3_3_70b_versatile,GA_FIXED,triangle_type,not_triangle,24,True,True,"[829, 137, 358]",0.0,not_triangle,0,80,9.283400140702724e-05
no_semantic_llama_3_3_70b_versatile,GA_FIXED,triangle_type,not_triangle,25,True,True,"[344, 838, 279]",0.0,not_triangle,0,80,9.337498340755701e-05
no_semantic_llama_3_3_70b_versatile,GA_FIXED,triangle_type,not_triangle,26,True,True,"[951, 436, 437]",0.0,not_triangle,0,80,9.312492329627275e-05
no_semantic_llama_3_3_70b_versatile,GA_FIXED,triangle_type,not_triangle,27,True,True,"[306, 57, 942]",0.0,not_triangle,0,80,9.429198689758778e-05
no_semantic_llama_3_3_70b_versatile,GA_FIXED,triangle_type,not_triangle,28,True,True,"[101, 580, 455]",0.0,not_triangle,0,80,9.420805145055056e-05
no_semantic_llama_3_3_70b_versatile,GA_FIXED,triangle_type,not_triangle,29,True,True,"[533, 445, 44]",0.0,not_triangle,0,80,9.345798753201962e-05
no_semantic_llama_3_3_70b_versatile,GA_FIXED,triangle_type,equilateral,0,True,True,"[390, 390, 390]",0.0,equilateral,13,1120,0.00546179199591279
no_semantic_llama_3_3_70b_versatile,GA_FIXED,triangle_type,equilateral,1,True,True,"[246, 246, 246]",0.0,equilateral,16,1360,0.006754832924343646
no_semantic_llama_3_3_70b_versatile,GA_FIXED,triangle_type,equilateral,2,True,True,"[219, 219, 219]",0.0,equilateral,12,1040,0.005059459013864398
no_semantic_llama_3_3_70b_versatile,GA_FIXED,triangle_type,equilateral,3,True,True,"[573, 573, 573]",0.0,equilateral,21,1760,0.008747207932174206
no_semantic_llama_3_3_70b_versatile,GA_FIXED,triangle_type,equilateral,4,True,True,"[285, 285, 285]",0.0,equilateral,20,1680,0.00832333299331367
no_semantic_llama_3_3_70b_versatile,GA_FIXED,triangle_type,equilateral,5,True,True,"[311, 311, 311]",0.0,equilateral,23,1920,0.009607582935132086
no_semantic_llama_3_3_70b_versatile,GA_FIXED,triangle_type,equilateral,6,True,True,"[613, 613, 613]",0.0,equilateral,17,1440,0.0071961249923333526
no_semantic_llama_3_3_70b_versatile,GA_FIXED,triangle_type,equilateral,7,True,True,"[812, 812, 812]",0.0,equilateral,26,2160,0.010810957988724113
no_semantic_llama_3_3_70b_versatile,GA_FIXED,triangle_type,equilateral,8,True,True,"[212, 212, 212]",0.0,equilateral,22,1840,0.009175332961604
no_semantic_llama_3_3_70b_versatile,GA_FIXED,triangle_type,equilateral,9,True,True,"[577, 577, 577]",0.0,equilateral,14,1200,0.005889749969355762
no_semantic_llama_3_3_70b_versatile,GA_FIXED,triangle_type,equilateral,10,True,True,"[485, 485, 485]",0.0,equilateral,24,2000,0.010012959013693035
no_semantic_llama_3_3_70b_versatile,GA_FIXED,triangle_type,equilateral,11,True,True,"[635, 635, 635]",0.0,equilateral,11,960,0.004619249957613647
no_semantic_llama_3_3_70b_versatile,GA_FIXED,triangle_type,equilateral,12,True,True,"[546, 546, 546]",0.0,equilateral,18,1520,0.0074754999950528145
no_semantic_llama_3_3_70b_versatile,GA_FIXED,triangle_type,equilateral,13,True,True,"[583, 583, 583]",0.0,equilateral,19,1600,0.007879249984398484
no_semantic_llama_3_3_70b_versatile,GA_FIXED,triangle_type,equilateral,14,True,True,"[520, 520, 520]",0.0,equilateral,27,2240,0.011162250069901347
no_semantic_llama_3_3_70b_versatile,GA_FIXED,triangle_type,equilateral,15,True,True,"[482, 482, 482]",0.0,equilateral,18,1520,0.007471292046830058
no_semantic_llama_3_3_70b_versatile,GA_FIXED,triangle_type,equilateral,16,True,True,"[719, 719, 719]",0.0,equilateral,18,1520,0.007540500024333596
no_semantic_llama_3_3_70b_versatile,GA_FIXED,triangle_type,equilateral,17,True,True,"[868, 868, 868]",0.0,equilateral,12,1040,0.005030541913583875
no_semantic_llama_3_3_70b_versatile,GA_FIXED,triangle_type,equilateral,18,True,True,"[156, 156, 156]",0.0,equilateral,20,1680,0.008252082974649966
no_semantic_llama_3_3_70b_versatile,GA_FIXED,triangle_type,equilateral,19,True,True,"[283, 283, 283]",0.0,equilateral,19,1600,0.007874583010561764
no_semantic_llama_3_3_70b_versatile,GA_FIXED,triangle_type,equilateral,20,True,True,"[570, 570, 570]",0.0,equilateral,8,720,0.0033745839027687907
no_semantic_llama_3_3_70b_versatile,GA_FIXED,triangle_type,equilateral,21,True,True,"[185, 185, 185]",0.0,equilateral,13,1120,0.005480292020365596
no_semantic_llama_3_3_70b_versatile,GA_FIXED,triangle_type,equilateral,22,True,True,"[455, 455, 455]",0.0,equilateral,13,1120,0.005459040985442698
no_semantic_llama_3_3_70b_versatile,GA_FIXED,triangle_type,equilateral,23,True,True,"[313, 313, 313]",0.0,equilateral,24,2000,0.010016083950176835
no_semantic_llama_3_3_70b_versatile,GA_FIXED,triangle_type,equilateral,24,True,True,"[635, 635, 635]",0.0,equilateral,22,1840,0.009137540939264
no_semantic_llama_3_3_70b_versatile,GA_FIXED,triangle_type,equilateral,25,True,True,"[946, 946, 946]",0.0,equilateral,22,1840,0.009118832997046411
no_semantic_llama_3_3_70b_versatile,GA_FIXED,triangle_type,equilateral,26,True,True,"[719, 719, 719]",0.0,equilateral,14,1200,0.005913458066061139
no_semantic_llama_3_3_70b_versatile,GA_FIXED,triangle_type,equilateral,27,True,True,"[746, 746, 746]",0.0,equilateral,12,1040,0.005039082956500351
no_semantic_llama_3_3_70b_versatile,GA_FIXED,triangle_type,equilateral,28,True,True,"[332, 332, 332]",0.0,equilateral,13,1120,0.005428000004030764
no_semantic_llama_3_3_70b_versatile,GA_FIXED,triangle_type,equilateral,29,True,True,"[488, 488, 488]",0.0,equilateral,18,1520,0.0075177919352427125
no_semantic_llama_3_3_70b_versatile,GA_FIXED,triangle_type,isosceles,0,True,True,"[658, 559, 559]",0.0,isosceles,2,240,0.000939292018301785
no_semantic_llama_3_3_70b_versatile,GA_FIXED,triangle_type,isosceles,1,True,True,"[394, 285, 394]",0.0,isosceles,3,320,0.0013947499683126807
no_semantic_llama_3_3_70b_versatile,GA_FIXED,triangle_type,isosceles,2,True,True,"[342, 342, 274]",0.0,isosceles,0,80,0.0001081250375136733
no_semantic_llama_3_3_70b_versatile,GA_FIXED,triangle_type,isosceles,3,True,True,"[617, 731, 617]",0.0,isosceles,0,80,0.00010816601570695639
no_semantic_llama_3_3_70b_versatile,GA_FIXED,triangle_type,isosceles,4,True,True,"[667, 11, 11]",0.0,isosceles,0,80,0.0001082499511539936
no_semantic_llama_3_3_70b_versatile,GA_FIXED,triangle_type,isosceles,5,True,True,"[603, 603, 539]",0.0,isosceles,1,160,0.0005215840646997094
no_semantic_llama_3_3_70b_versatile,GA_FIXED,triangle_type,isosceles,6,True,True,"[331, 331, 330]",0.0,isosceles,7,640,0.0029736669966951013
no_semantic_llama_3_3_70b_versatile,GA_FIXED,triangle_type,isosceles,7,True,True,"[915, 915, 793]",0.0,isosceles,6,560,0.002574707963503897
no_semantic_llama_3_3_70b_versatile,GA_FIXED,triangle_type,isosceles,8,True,True,"[740, 451, 451]",0.0,isosceles,3,320,0.0013445409713312984
no_semantic_llama_3_3_70b_versatile,GA_FIXED,triangle_type,isosceles,9,True,True,"[803, 560, 560]",0.0,isosceles,5,480,0.0021529580699279904
no_semantic_llama_3_3_70b_versatile,GA_FIXED,triangle_type,isosceles,10,True,True,"[993, 230, 230]",0.0,isosceles,0,80,0.0017682919278740883
no_semantic_llama_3_3_70b_versatile,GA_FIXED,triangle_type,isosceles,11,True,True,"[286, 286, 300]",0.0,isosceles,3,320,0.004396667005494237
no_semantic_llama_3_3_70b_versatile,GA_FIXED,triangle_type,isosceles,12,True,True,"[542, 473, 542]",0.0,isosceles,1,160,0.0034588329726830125
no_semantic_llama_3_3_70b_versatile,GA_FIXED,triangle_type,isosceles,13,True,True,"[304, 447, 304]",0.0,isosceles,2,240,0.00431762496009469
no_semantic_llama_3_3_70b_versatile,GA_FIXED,triangle_type,isosceles,14,True,True,"[397, 255, 397]",0.0,isosceles,1,160,0.0030869169859215617
no_semantic_llama_3_3_70b_versatile,GA_FIXED,triangle_type,isosceles,15,True,True,"[19, 22, 19]",0.0,isosceles,7,640,0.008378708036616445
no_semantic_llama_3_3_70b_versatile,GA_FIXED,triangle_type,isosceles,16,True,True,"[505, 418, 418]",0.0,isosceles,1,160,0.0005406669806689024
no_semantic_llama_3_3_70b_versatile,GA_FIXED,triangle_type,isosceles,17,True,True,"[361, 174, 174]",0.0,isosceles,1,160,0.0005386249395087361
no_semantic_llama_3_3_70b_versatile,GA_FIXED,triangle_type,isosceles,18,True,True,"[298, 298, 203]",0.0,isosceles,6,560,0.0060587499756366014
no_semantic_llama_3_3_70b_versatile,GA_FIXED,triangle_type,isosceles,19,True,True,"[577, 40, 577]",0.0,isosceles,0,80,0.00011191703379154205
no_semantic_llama_3_3_70b_versatile,GA_FIXED,triangle_type,isosceles,20,True,True,"[227, 96, 227]",0.0,isosceles,2,240,0.0009499589214101434
no_semantic_llama_3_3_70b_versatile,GA_FIXED,triangle_type,isosceles,21,True,True,"[231, 231, 913]",0.0,isosceles,0,80,0.00011045800056308508
no_semantic_llama_3_3_70b_versatile,GA_FIXED,triangle_type,isosceles,22,True,True,"[843, 586, 586]",0.0,isosceles,1,160,0.0005249580135568976
no_semantic_llama_3_3_70b_versatile,GA_FIXED,triangle_type,isosceles,23,True,True,"[765, 655, 765]",0.0,isosceles,2,240,0.0009418330155313015
no_semantic_llama_3_3_70b_versatile,GA_FIXED,triangle_type,isosceles,24,True,True,"[292, 292, 606]",0.0,isosceles,0,80,0.00011066696606576443
no_semantic_llama_3_3_70b_versatile,GA_FIXED,triangle_type,isosceles,25,True,True,"[961, 268, 268]",0.0,isosceles,3,320,0.0013544999528676271
no_semantic_llama_3_3_70b_versatile,GA_FIXED,triangle_type,isosceles,26,True,True,"[388, 221, 388]",0.0,isosceles,5,480,0.0021549579687416553
no_semantic_llama_3_3_70b_versatile,GA_FIXED,triangle_type,isosceles,27,True,True,"[518, 518, 468]",0.0,isosceles,1,160,0.0005443330155685544
no_semantic_llama_3_3_70b_versatile,GA_FIXED,triangle_type,isosceles,28,True,True,"[821, 130, 821]",0.0,isosceles,0,80,0.00011970801278948784
no_semantic_llama_3_3_70b_versatile,GA_FIXED,triangle_type,isosceles,29,True,True,"[541, 541, 605]",0.0,isosceles,5,480,0.002230042009614408
no_semantic_llama_3_3_70b_versatile,GA_FIXED,triangle_type,scalene,0,True,True,"[539, 825, 97]",0.0,scalene,0,80,9.612494613975286e-05
no_semantic_llama_3_3_70b_versatile,GA_FIXED,triangle_type,scalene,1,True,True,"[74, 885, 278]",0.0,scalene,0,80,9.512505494058132e-05
no_semantic_llama_3_3_70b_versatile,GA_FIXED,triangle_type,scalene,2,True,True,"[725, 767, 680]",0.0,scalene,0,80,9.316694922745228e-05
no_semantic_llama_3_3_70b_versatile,GA_FIXED,triangle_type,scalene,3,True,True,"[713, 677, 530]",0.0,scalene,0,80,9.716593194752932e-05
no_semantic_llama_3_3_70b_versatile,GA_FIXED,triangle_type,scalene,4,True,True,"[987, 127, 984]",0.0,scalene,0,80,9.208300616592169e-05
no_semantic_llama_3_3_70b_versatile,GA_FIXED,triangle_type,scalene,5,True,True,"[828, 864, 242]",0.0,scalene,0,80,9.67920059338212e-05
no_semantic_llama_3_3_70b_versatile,GA_FIXED,triangle_type,scalene,6,True,True,"[488, 850, 173]",0.0,scalene,0,80,9.304191917181015e-05
no_semantic_llama_3_3_70b_versatile,GA_FIXED,triangle_type,scalene,7,True,True,"[916, 708, 128]",0.0,scalene,0,80,9.416695684194565e-05
no_semantic_llama_3_3_70b_versatile,GA_FIXED,triangle_type,scalene,8,True,True,"[271, 850, 830]",0.0,scalene,0,80,9.116600267589092e-05
no_semantic_llama_3_3_70b_versatile,GA_FIXED,triangle_type,scalene,9,True,True,"[215, 501, 209]",0.0,scalene,0,80,9.350001346319914e-05
no_semantic_llama_3_3_70b_versatile,GA_FIXED,triangle_type,scalene,10,True,True,"[915, 658, 511]",0.0,scalene,0,80,9.087508078664541e-05
no_semantic_llama_3_3_70b_versatile,GA_FIXED,triangle_type,scalene,11,True,True,"[243, 900, 231]",0.0,scalene,0,80,9.183306246995926e-05
no_semantic_llama_3_3_70b_versatile,GA_FIXED,triangle_type,scalene,12,True,True,"[826, 97, 21]",0.0,scalene,0,80,9.075005073100328e-05
no_semantic_llama_3_3_70b_versatile,GA_FIXED,triangle_type,scalene,13,True,True,"[850, 886, 698]",0.0,scalene,0,80,9.224994573742151e-05
no_semantic_llama_3_3_70b_versatile,GA_FIXED,triangle_type,scalene,14,True,True,"[795, 303, 532]",0.0,scalene,0,80,0.00010383292101323605
no_semantic_llama_3_3_70b_versatile,GA_FIXED,triangle_type,scalene,15,True,True,"[550, 411, 970]",0.0,scalene,0,80,9.504193440079689e-05
no_semantic_llama_3_3_70b_versatile,GA_FIXED,triangle_type,scalene,16,True,True,"[233, 439, 175]",0.0,scalene,0,80,9.250000584870577e-05
no_semantic_llama_3_3_70b_versatile,GA_FIXED,triangle_type,scalene,17,True,True,"[195, 313, 699]",0.0,scalene,0,80,9.495799895375967e-05
no_semantic_llama_3_3_70b_versatile,GA_FIXED,triangle_type,scalene,18,True,True,"[814, 23, 607]",0.0,scalene,0,80,0.00010108400601893663
no_semantic_llama_3_3_70b_versatile,GA_FIXED,triangle_type,scalene,19,True,True,"[563, 222, 167]",0.0,scalene,0,80,9.40829049795866e-05
no_semantic_llama_3_3_70b_versatile,GA_FIXED,triangle_type,scalene,20,True,True,"[178, 503, 749]",0.0,scalene,0,80,0.00010220799595117569
no_semantic_llama_3_3_70b_versatile,GA_FIXED,triangle_type,scalene,21,True,True,"[641, 26, 125]",0.0,scalene,0,80,9.487499482929707e-05
no_semantic_llama_3_3_70b_versatile,GA_FIXED,triangle_type,scalene,22,True,True,"[589, 153, 187]",0.0,scalene,0,80,9.462493471801281e-05
no_semantic_llama_3_3_70b_versatile,GA_FIXED,triangle_type,scalene,23,True,True,"[345, 977, 748]",0.0,scalene,0,80,9.366602171212435e-05
no_semantic_llama_3_3_70b_versatile,GA_FIXED,triangle_type,scalene,24,True,True,"[245, 578, 660]",0.0,scalene,0,80,9.420805145055056e-05
no_semantic_llama_3_3_70b_versatile,GA_FIXED,triangle_type,scalene,25,True,True,"[951, 477, 81]",0.0,scalene,0,80,9.30840615183115e-05
no_semantic_llama_3_3_70b_versatile,GA_FIXED,triangle_type,scalene,26,True,True,"[882, 185, 371]",0.0,scalene,0,80,9.44170169532299e-05
no_semantic_llama_3_3_70b_versatile,GA_FIXED,triangle_type,scalene,27,True,True,"[722, 919, 135]",0.0,scalene,0,80,9.40409954637289e-05
no_semantic_llama_3_3_70b_versatile,GA_FIXED,triangle_type,scalene,28,True,True,"[27, 964, 785]",0.0,scalene,0,80,9.416695684194565e-05
no_semantic_llama_3_3_70b_versatile,GA_FIXED,triangle_type,scalene,29,True,True,"[21, 65, 674]",0.0,scalene,0,80,9.379105176776648e-05
no_semantic_llama_3_3_70b_versatile,GA_FIXED,username_category,empty,0,True,True,[''],0.0,empty,0,80,0.00016362499445676804
no_semantic_llama_3_3_70b_versatile,GA_FIXED,username_category,empty,1,True,True,[''],0.0,empty,0,80,0.00015929201617836952
no_semantic_llama_3_3_70b_versatile,GA_FIXED,username_category,empty,2,True,True,[''],0.0,empty,0,80,0.00015079195145517588
no_semantic_llama_3_3_70b_versatile,GA_FIXED,username_category,empty,3,True,True,[''],0.0,empty,0,80,0.00015583308413624763
no_semantic_llama_3_3_70b_versatile,GA_FIXED,username_category,empty,4,True,True,[''],0.0,empty,0,80,0.00015079102013260126
no_semantic_llama_3_3_70b_versatile,GA_FIXED,username_category,empty,5,True,True,[''],0.0,empty,0,80,0.00014999997802078724
no_semantic_llama_3_3_70b_versatile,GA_FIXED,username_category,empty,6,True,True,[''],0.0,empty,0,80,0.00015116704162210226
no_semantic_llama_3_3_70b_versatile,GA_FIXED,username_category,empty,7,True,True,[''],0.0,empty,0,80,0.00015145796351134777
no_semantic_llama_3_3_70b_versatile,GA_FIXED,username_category,empty,8,True,True,[''],0.0,empty,0,80,0.0001473750453442335
no_semantic_llama_3_3_70b_versatile,GA_FIXED,username_category,empty,9,True,True,[''],0.0,empty,0,80,0.00014704198110848665
no_semantic_llama_3_3_70b_versatile,GA_FIXED,username_category,empty,10,True,True,[''],0.0,empty,0,80,0.00015320791862905025
no_semantic_llama_3_3_70b_versatile,GA_FIXED,username_category,empty,11,True,True,[''],0.0,empty,0,80,0.00015854090452194214
no_semantic_llama_3_3_70b_versatile,GA_FIXED,username_category,empty,12,True,True,[''],0.0,empty,0,80,0.00014745804946869612
no_semantic_llama_3_3_70b_versatile,GA_FIXED,username_category,empty,13,True,True,[''],0.0,empty,0,80,0.00015983404591679573
no_semantic_llama_3_3_70b_versatile,GA_FIXED,username_category,empty,14,True,True,[''],0.0,empty,0,80,0.00016120797954499722
no_semantic_llama_3_3_70b_versatile,GA_FIXED,username_category,empty,15,True,True,[''],0.0,empty,0,80,0.00014549994375556707
no_semantic_llama_3_3_70b_versatile,GA_FIXED,username_category,empty,16,True,True,[''],0.0,empty,0,80,0.0001540409866720438
no_semantic_llama_3_3_70b_versatile,GA_FIXED,username_category,empty,17,True,True,[''],0.0,empty,0,80,0.00015504099428653717
no_semantic_llama_3_3_70b_versatile,GA_FIXED,username_category,empty,18,True,True,[''],0.0,empty,0,80,0.0001507920678704977
no_semantic_llama_3_3_70b_versatile,GA_FIXED,username_category,empty,19,True,True,[''],0.0,empty,0,80,0.00014433299656957388
no_semantic_llama_3_3_70b_versatile,GA_FIXED,username_category,empty,20,True,True,[''],0.0,empty,0,80,0.0001567500876262784
no_semantic_llama_3_3_70b_versatile,GA_FIXED,username_category,empty,21,True,True,[''],0.0,empty,0,80,0.00015391595661640167
no_semantic_llama_3_3_70b_versatile,GA_FIXED,username_category,empty,22,True,True,[''],0.0,empty,0,80,0.0001687089679762721
no_semantic_llama_3_3_70b_versatile,GA_FIXED,username_category,empty,23,True,True,[''],0.0,empty,0,80,0.00015175004955381155
no_semantic_llama_3_3_70b_versatile,GA_FIXED,username_category,empty,24,True,True,[''],0.0,empty,0,80,0.00015341700054705143
no_semantic_llama_3_3_70b_versatile,GA_FIXED,username_category,empty,25,True,True,[''],0.0,empty,0,80,0.00014791707508265972
no_semantic_llama_3_3_70b_versatile,GA_FIXED,username_category,empty,26,True,True,[''],0.0,empty,0,80,0.00014791602734476328
no_semantic_llama_3_3_70b_versatile,GA_FIXED,username_category,empty,27,True,True,[''],0.0,empty,0,80,0.000144458026625216
no_semantic_llama_3_3_70b_versatile,GA_FIXED,username_category,empty,28,True,True,[''],0.0,empty,0,80,0.00014587503392249346
no_semantic_llama_3_3_70b_versatile,GA_FIXED,username_category,empty,29,True,True,[''],0.0,empty,0,80,0.00014400004874914885
no_semantic_llama_3_3_70b_versatile,GA_FIXED,username_category,too_short,0,True,True,['vUg'],0.0,too_short,0,80,0.00016016699373722076
no_semantic_llama_3_3_70b_versatile,GA_FIXED,username_category,too_short,1,True,True,['5qx'],0.0,too_short,0,80,0.0001544581027701497
no_semantic_llama_3_3_70b_versatile,GA_FIXED,username_category,too_short,2,True,True,['Y'],0.0,too_short,0,80,0.00015195796731859446
no_semantic_llama_3_3_70b_versatile,GA_FIXED,username_category,too_short,3,True,True,['Oer0'],0.0,too_short,0,80,0.00015616696327924728
no_semantic_llama_3_3_70b_versatile,GA_FIXED,username_category,too_short,4,True,True,['sOPU'],0.0,too_short,0,80,0.00016837497241795063
no_semantic_llama_3_3_70b_versatile,GA_FIXED,username_category,too_short,5,True,True,['iff'],0.0,too_short,0,80,0.00015824998263269663
no_semantic_llama_3_3_70b_versatile,GA_FIXED,username_category,too_short,6,True,True,['S'],0.0,too_short,0,80,0.0001579170348122716
no_semantic_llama_3_3_70b_versatile,GA_FIXED,username_category,too_short,7,True,True,['H'],0.0,too_short,0,80,0.00015141593758016825
no_semantic_llama_3_3_70b_versatile,GA_FIXED,username_category,too_short,8,True,True,['h'],0.0,too_short,0,80,0.00015199999324977398
no_semantic_llama_3_3_70b_versatile,GA_FIXED,username_category,too_short,9,True,True,['Aeqgz'],0.0,too_short,0,80,0.00015183305367827415
no_semantic_llama_3_3_70b_versatile,GA_FIXED,username_category,too_short,10,True,True,['kWtY'],0.0,too_short,0,80,0.00015637499745935202
no_semantic_llama_3_3_70b_versatile,GA_FIXED,username_category,too_short,11,True,True,['69F1'],0.0,too_short,0,80,0.000140791991725564
no_semantic_llama_3_3_70b_versatile,GA_FIXED,username_category,too_short,12,True,True,['vU'],0.0,too_short,0,80,0.00014691590331494808
no_semantic_llama_3_3_70b_versatile,GA_FIXED,username_category,too_short,13,True,True,['dtozM'],0.0,too_short,0,80,0.00015437498223036528
no_semantic_llama_3_3_70b_versatile,GA_FIXED,username_category,too_short,14,True,True,['ds'],0.0,too_short,0,80,0.00015479198191314936
no_semantic_llama_3_3_70b_versatile,GA_FIXED,username_category,too_short,15,True,True,['c'],0.0,too_short,0,80,0.00014479202218353748
no_semantic_llama_3_3_70b_versatile,GA_FIXED,username_category,too_short,16,True,True,['e1'],0.0,too_short,0,80,0.00015416601672768593
no_semantic_llama_3_3_70b_versatile,GA_FIXED,username_category,too_short,17,True,True,['4l5'],0.0,too_short,0,80,0.00014937506057322025
no_semantic_llama_3_3_70b_versatile,GA_FIXED,username_category,too_short,18,True,True,['U'],0.0,too_short,0,80,0.00015237496700137854
no_semantic_llama_3_3_70b_versatile,GA_FIXED,username_category,too_short,19,True,True,['wNjv'],0.0,too_short,0,80,0.00015520909801125526
no_semantic_llama_3_3_70b_versatile,GA_FIXED,username_category,too_short,20,True,True,['2lj0'],0.0,too_short,0,80,0.00015766697470098734
no_semantic_llama_3_3_70b_versatile,GA_FIXED,username_category,too_short,21,True,True,['PSv82'],0.0,too_short,0,80,0.00015300000086426735
no_semantic_llama_3_3_70b_versatile,GA_FIXED,username_category,too_short,22,True,True,['vi'],0.0,too_short,0,80,0.00014625000767409801
no_semantic_llama_3_3_70b_versatile,GA_FIXED,username_category,too_short,23,True,True,['ss'],0.0,too_short,0,80,0.00016033300198614597
no_semantic_llama_3_3_70b_versatile,GA_FIXED,username_category,too_short,24,True,True,['Q'],0.0,too_short,0,80,0.0001499159261584282
no_semantic_llama_3_3_70b_versatile,GA_FIXED,username_category,too_short,25,True,True,['40'],0.0,too_short,0,80,0.00015249999705702066
no_semantic_llama_3_3_70b_versatile,GA_FIXED,username_category,too_short,26,True,True,['YSlj'],0.0,too_short,0,80,0.00015091709792613983
no_semantic_llama_3_3_70b_versatile,GA_FIXED,username_category,too_short,27,True,True,['zx'],0.0,too_short,0,80,0.00015679094940423965
no_semantic_llama_3_3_70b_versatile,GA_FIXED,username_category,too_short,28,True,True,['H8Dw'],0.0,too_short,0,80,0.00016000005416572094
no_semantic_llama_3_3_70b_versatile,GA_FIXED,username_category,too_short,29,True,True,['h6'],0.0,too_short,0,80,0.00015037506818771362
no_semantic_llama_3_3_70b_versatile,GA_FIXED,username_category,starts_with_digit,0,True,True,['2'],0.0,starts_with_digit,0,80,0.0001544170081615448
no_semantic_llama_3_3_70b_versatile,GA_FIXED,username_category,starts_with_digit,1,True,True,['11U5vsj8QbQw'],0.0,starts_with_digit,0,80,0.0001550420420244336
no_semantic_llama_3_3_70b_versatile,GA_FIXED,username_category,starts_with_digit,2,True,True,['1U2bzyO73'],0.0,starts_with_digit,0,80,0.00015291699673980474
no_semantic_llama_3_3_70b_versatile,GA_FIXED,username_category,starts_with_digit,3,True,True,['2wAeN8dd9sp'],0.0,starts_with_digit,0,80,0.00015849992632865906
no_semantic_llama_3_3_70b_versatile,GA_FIXED,username_category,starts_with_digit,4,True,True,['5'],0.0,starts_with_digit,0,80,0.0001425830414518714
no_semantic_llama_3_3_70b_versatile,GA_FIXED,username_category,starts_with_digit,5,True,True,['8znDj'],0.0,starts_with_digit,0,80,0.00015066703781485558
no_semantic_llama_3_3_70b_versatile,GA_FIXED,username_category,starts_with_digit,6,True,True,['7'],0.0,starts_with_digit,0,80,0.00015637499745935202
no_semantic_llama_3_3_70b_versatile,GA_FIXED,username_category,starts_with_digit,7,True,True,['1iYvzmUeyvUxoBV'],0.0,starts_with_digit,0,80,0.00016125000547617674
no_semantic_llama_3_3_70b_versatile,GA_FIXED,username_category,starts_with_digit,8,True,True,['1S2CTSEHETApYF'],0.0,starts_with_digit,0,80,0.0001988750882446766
no_semantic_llama_3_3_70b_versatile,GA_FIXED,username_category,starts_with_digit,9,True,True,['0wsvD'],0.0,starts_with_digit,0,80,0.0001568750012665987
no_semantic_llama_3_3_70b_versatile,GA_FIXED,username_category,starts_with_digit,10,True,True,['4kI'],0.0,starts_with_digit,0,80,0.00015616696327924728
no_semantic_llama_3_3_70b_versatile,GA_FIXED,username_category,starts_with_digit,11,True,True,['9OG4JAu'],0.0,starts_with_digit,0,80,0.00015808397438377142
no_semantic_llama_3_3_70b_versatile,GA_FIXED,username_category,starts_with_digit,12,True,True,['0'],0.0,starts_with_digit,0,80,0.0001502500381320715
no_semantic_llama_3_3_70b_versatile,GA_FIXED,username_category,starts_with_digit,13,True,True,['5oXReRkqX45MT'],0.0,starts_with_digit,0,80,0.00015066610649228096
no_semantic_llama_3_3_70b_versatile,GA_FIXED,username_category,starts_with_digit,14,True,True,['03ECxj'],0.0,starts_with_digit,0,80,0.00015537498984485865
no_semantic_llama_3_3_70b_versatile,GA_FIXED,username_category,starts_with_digit,15,True,True,['5ZhTwrlUFqG'],0.0,starts_with_digit,0,80,0.0001557499635964632
no_semantic_llama_3_3_70b_versatile,GA_FIXED,username_category,starts_with_digit,16,True,True,['2XNtxn'],0.0,starts_with_digit,0,80,0.00015862495638430119
no_semantic_llama_3_3_70b_versatile,GA_FIXED,username_category,starts_with_digit,17,True,True,['5UGWhH2tsg'],0.0,starts_with_digit,0,80,0.00014916702639311552
no_semantic_llama_3_3_70b_versatile,GA_FIXED,username_category,starts_with_digit,18,True,True,['5VpO2RrOLmS0'],0.0,starts_with_digit,0,80,0.00015174993313848972
no_semantic_llama_3_3_70b_versatile,GA_FIXED,username_category,starts_with_digit,19,True,True,['9Q'],0.0,starts_with_digit,0,80,0.00015720806550234556
no_semantic_llama_3_3_70b_versatile,GA_FIXED,username_category,starts_with_digit,20,True,True,['38mRZJXvd2CNRae'],0.0,starts_with_digit,0,80,0.000163292046636343
no_semantic_llama_3_3_70b_versatile,GA_FIXED,username_category,starts_with_digit,21,True,True,['3Eeku4'],0.0,starts_with_digit,0,80,0.00015258300118148327
no_semantic_llama_3_3_70b_versatile,GA_FIXED,username_category,starts_with_digit,22,True,True,['9ILsZY'],0.0,starts_with_digit,0,80,0.0001461249776184559
no_semantic_llama_3_3_70b_versatile,GA_FIXED,username_category,starts_with_digit,23,True,True,['9ONtPFkFZ5ck'],0.0,starts_with_digit,0,80,0.00016050005797296762
no_semantic_llama_3_3_70b_versatile,GA_FIXED,username_category,starts_with_digit,24,True,True,['8awJziS'],0.0,starts_with_digit,0,80,0.00016258400864899158
no_semantic_llama_3_3_70b_versatile,GA_FIXED,username_category,starts_with_digit,25,True,True,['3G'],0.0,starts_with_digit,0,80,0.00015712494496256113
no_semantic_llama_3_3_70b_versatile,GA_FIXED,username_category,starts_with_digit,26,True,True,['5kWeSzSEpKUj'],0.0,starts_with_digit,0,80,0.0001514999894425273
no_semantic_llama_3_3_70b_versatile,GA_FIXED,username_category,starts_with_digit,27,True,True,['2W'],0.0,starts_with_digit,0,80,0.00015179195906966925
no_semantic_llama_3_3_70b_versatile,GA_FIXED,username_category,starts_with_digit,28,True,True,['1MZ'],0.0,starts_with_digit,0,80,0.00015291699673980474
no_semantic_llama_3_3_70b_versatile,GA_FIXED,username_category,starts_with_digit,29,True,True,['0kpZlZHiBJQ8'],0.0,starts_with_digit,0,80,0.0001542920945212245
no_semantic_llama_3_3_70b_versatile,GA_FIXED,username_category,strong_username,0,False,False,['jt8FVX0Y0D7'],1.0,,0,8080,0.040326083078980446
no_semantic_llama_3_3_70b_versatile,GA_FIXED,username_category,strong_username,1,False,False,['WDRQOtI7QgBBix'],1.0,,0,8080,0.0404997089644894
no_semantic_llama_3_3_70b_versatile,GA_FIXED,username_category,strong_username,2,False,False,['RpeKu3nem755'],1.0,,0,8080,0.03985608299262822
no_semantic_llama_3_3_70b_versatile,GA_FIXED,username_category,strong_username,3,False,False,['ZLg7azhC1lG'],1.0,,0,8080,0.03969112504273653
no_semantic_llama_3_3_70b_versatile,GA_FIXED,username_category,strong_username,4,False,False,['kMMsUg1XQWd1'],1.0,,0,8080,0.04007441701833159
no_semantic_llama_3_3_70b_versatile,GA_FIXED,username_category,strong_username,5,False,False,['5hKUSA3l4O5os'],1.0,,0,8080,0.039867250015959144
no_semantic_llama_3_3_70b_versatile,GA_FIXED,username_category,strong_username,6,False,False,['Eequ72IGySF'],1.0,,0,8080,0.039640040951780975
no_semantic_llama_3_3_70b_versatile,GA_FIXED,username_category,strong_username,7,False,False,['lB4bCebjBQ'],1.0,,0,8080,0.03979670803528279
no_semantic_llama_3_3_70b_versatile,GA_FIXED,username_category,strong_username,8,False,False,['wRUO61E9eegz7eA'],1.0,,0,8080,0.04011370800435543
no_semantic_llama_3_3_70b_versatile,GA_FIXED,username_category,strong_username,9,False,False,['ubCL9TFB5bP3zo'],1.0,,0,8080,0.04013400000985712
no_semantic_llama_3_3_70b_versatile,GA_FIXED,username_category,strong_username,10,False,False,['j2keErFgjPoMa1F'],1.0,,0,8080,0.04023458308074623
no_semantic_llama_3_3_70b_versatile,GA_FIXED,username_category,strong_username,11,False,False,['wNYHbpgn15HjDm'],1.0,,0,8080,0.04006108397152275
no_semantic_llama_3_3_70b_versatile,GA_FIXED,username_category,strong_username,12,False,False,['Oof1rmRCtx'],1.0,,0,8080,0.03936974995303899
no_semantic_llama_3_3_70b_versatile,GA_FIXED,username_category,strong_username,13,False,False,['HoBV54VeExFn'],1.0,,0,8080,0.04021604103036225
no_semantic_llama_3_3_70b_versatile,GA_FIXED,username_category,strong_username,14,False,False,['nO2g4bxRWIq'],1.0,,0,8080,0.039954832987859845
no_semantic_llama_3_3_70b_versatile,GA_FIXED,username_category,strong_username,15,False,False,['pTl4aOw5MZOP'],1.0,,0,8080,0.03985820896923542
no_semantic_llama_3_3_70b_versatile,GA_FIXED,username_category,strong_username,16,False,False,['vMSN2wtsg1sUhYN'],1.0,,0,8080,0.039947250043042004
no_semantic_llama_3_3_70b_versatile,GA_FIXED,username_category,strong_username,17,False,False,['giar7mszQivs5fV'],1.0,,0,8080,0.04055429098661989
no_semantic_llama_3_3_70b_versatile,GA_FIXED,username_category,strong_username,18,False,False,['O0pok2VxgdGk6'],1.0,,0,8080,0.04016320803202689
no_semantic_llama_3_3_70b_versatile,GA_FIXED,username_category,strong_username,19,False,False,['mIC1dHay8O8i8I'],1.0,,0,8080,0.0396785840857774
no_semantic_llama_3_3_70b_versatile,GA_FIXED,username_category,strong_username,20,False,False,['e11kM4vg3bV4WP'],1.0,,0,8080,0.04020741698332131
no_semantic_llama_3_3_70b_versatile,GA_FIXED,username_category,strong_username,21,False,False,['uDnYu6QaGwQXzYg'],1.0,,0,8080,0.040222540963441133
no_semantic_llama_3_3_70b_versatile,GA_FIXED,username_category,strong_username,22,False,False,['Zv8RpS0w6D'],1.0,,0,8080,0.03977733291685581
no_semantic_llama_3_3_70b_versatile,GA_FIXED,username_category,strong_username,23,False,False,['At8lrgLlfH'],1.0,,0,8080,0.03934866702184081
no_semantic_llama_3_3_70b_versatile,GA_FIXED,username_category,strong_username,24,False,False,['O1XUaPZJWnd'],1.0,,0,8080,0.03966916701756418
no_semantic_llama_3_3_70b_versatile,GA_FIXED,username_category,strong_username,25,False,False,['iFMLf0YOoX83tD1'],1.0,,0,8080,0.04023137490730733
no_semantic_llama_3_3_70b_versatile,GA_FIXED,username_category,strong_username,26,False,False,['pZegY4Raps'],1.0,,0,8080,0.039749834104441106
no_semantic_llama_3_3_70b_versatile,GA_FIXED,username_category,strong_username,27,False,False,['UZnj4twsYO'],1.0,,0,8080,0.039820833946578205
no_semantic_llama_3_3_70b_versatile,GA_FIXED,username_category,strong_username,28,False,False,['FrLuBnAOc3PS'],1.0,,0,8080,0.03997987508773804
no_semantic_llama_3_3_70b_versatile,GA_FIXED,username_category,strong_username,29,False,False,['BJmo5O5Iq7jZW'],1.0,,0,8080,0.039760124986059964
no_semantic_llama_3_3_70b_versatile,GA_FIXED,username_category,medium_username,0,True,True,['f0V5Oux5km'],0.0,medium_username,0,80,0.0002269588876515627
no_semantic_llama_3_3_70b_versatile,GA_FIXED,username_category,medium_username,1,True,True,['a1zafaYlH'],0.0,medium_username,0,80,0.00020520796533674002
no_semantic_llama_3_3_70b_versatile,GA_FIXED,username_category,medium_username,2,True,True,['U9Vxn12oY'],0.0,medium_username,0,80,0.00020074995700269938
no_semantic_llama_3_3_70b_versatile,GA_FIXED,username_category,medium_username,3,True,True,['RVJuNRI8YW'],0.0,medium_username,0,80,0.00019887497182935476
no_semantic_llama_3_3_70b_versatile,GA_FIXED,username_category,medium_username,4,True,True,['WIy24'],0.0,medium_username,0,80,0.00020654103718698025
no_semantic_llama_3_3_70b_versatile,GA_FIXED,username_category,medium_username,5,True,True,['DX200'],0.0,medium_username,0,80,0.0002132919616997242
no_semantic_llama_3_3_70b_versatile,GA_FIXED,username_category,medium_username,6,True,True,['vKHYF7oBvzu8Zzx'],0.0,medium_username,0,80,0.00021358393132686615
no_semantic_llama_3_3_70b_versatile,GA_FIXED,username_category,medium_username,7,True,True,['63JO'],0.0,medium_username,0,80,0.00020787492394447327
no_semantic_llama_3_3_70b_versatile,GA_FIXED,username_category,medium_username,8,True,True,['DtQ0My'],0.0,medium_username,0,80,0.00020479189697653055
no_semantic_llama_3_3_70b_versatile,GA_FIXED,username_category,medium_username,9,True,True,['7gzKmLDjH'],0.0,medium_username,0,80,0.00020120793487876654
no_semantic_llama_3_3_70b_versatile,GA_FIXED,username_category,medium_username,10,True,True,['QgG16v'],0.0,medium_username,0,80,0.00020599993877112865
no_semantic_llama_3_3_70b_versatile,GA_FIXED,username_category,medium_username,11,True,True,['zpPc5uSaQKf4M3f'],0.0,medium_username,0,80,0.00020662497263401747
no_semantic_llama_3_3_70b_versatile,GA_FIXED,username_category,medium_username,12,True,True,['Ip7'],0.0,medium_username,0,80,0.00019933306612074375
no_semantic_llama_3_3_70b_versatile,GA_FIXED,username_category,medium_username,13,True,True,['YXJtQ4u'],0.0,medium_username,0,80,0.000210333033464849
no_semantic_llama_3_3_70b_versatile,GA_FIXED,username_category,medium_username,14,True,True,['N3LhSbY'],0.0,medium_username,0,80,0.0002073339419439435
no_semantic_llama_3_3_70b_versatile,GA_FIXED,username_category,medium_username,15,True,True,['d5pLLGPbxTIFPUp'],0.0,medium_username,0,80,0.00021608395036309958
no_semantic_llama_3_3_70b_versatile,GA_FIXED,username_category,medium_username,16,True,True,['be3EufR'],0.0,medium_username,0,80,0.0002139160642400384
no_semantic_llama_3_3_70b_versatile,GA_FIXED,username_category,medium_username,17,True,True,['hWGYkw9h1vyyyf'],0.0,medium_username,0,80,0.00020583299919962883
no_semantic_llama_3_3_70b_versatile,GA_FIXED,username_category,medium_username,18,True,True,['ZGU3RG'],0.0,medium_username,0,80,0.00021116691641509533
no_semantic_llama_3_3_70b_versatile,GA_FIXED,username_category,medium_username,19,True,True,['ZrC17gUiT'],0.0,medium_username,0,80,0.00021650001872330904
no_semantic_llama_3_3_70b_versatile,GA_FIXED,username_category,medium_username,20,True,True,['LmQv3p'],0.0,medium_username,0,80,0.0002099579432979226
no_semantic_llama_3_3_70b_versatile,GA_FIXED,username_category,medium_username,21,True,True,['SrHGU8LZ'],0.0,medium_username,0,80,0.00020508305169641972
no_semantic_llama_3_3_70b_versatile,GA_FIXED,username_category,medium_username,22,True,True,['D9zC'],0.0,medium_username,0,80,0.0002055419608950615
no_semantic_llama_3_3_70b_versatile,GA_FIXED,username_category,medium_username,23,True,True,['fPPGrti6u4S'],0.0,medium_username,0,80,0.00021445797756314278
no_semantic_llama_3_3_70b_versatile,GA_FIXED,username_category,medium_username,24,True,True,['0OaNsI'],0.0,medium_username,0,80,0.00020679202862083912
no_semantic_llama_3_3_70b_versatile,GA_FIXED,username_category,medium_username,25,True,True,['MsDK6fF4s'],0.0,medium_username,0,80,0.00020295800641179085
no_semantic_llama_3_3_70b_versatile,GA_FIXED,username_category,medium_username,26,True,True,['DkSVbwJG5'],0.0,medium_username,0,80,0.0002013749908655882
no_semantic_llama_3_3_70b_versatile,GA_FIXED,username_category,medium_username,27,True,True,['MbjCDY5gWZjMG'],0.0,medium_username,0,80,0.00019883399363607168
no_semantic_llama_3_3_70b_versatile,GA_FIXED,username_category,medium_username,28,True,True,['m9o9hr4xT9'],0.0,medium_username,0,80,0.00021275004837661982
no_semantic_llama_3_3_70b_versatile,GA_FIXED,username_category,medium_username,29,True,True,['Zha0G5JsIkEUR'],0.0,medium_username,0,80,0.0002074999501928687
no_semantic_llama_3_3_70b_versatile,GA_FIXED,username_category,weak_username,0,True,True,['f'],0.0,weak_username,0,80,0.00021591701079159975
no_semantic_llama_3_3_70b_versatile,GA_FIXED,username_category,weak_username,1,True,True,['t'],0.0,weak_username,0,80,0.00021804205607622862
no_semantic_llama_3_3_70b_versatile,GA_FIXED,username_category,weak_username,2,True,True,['PwOjyvUL'],0.0,weak_username,0,80,0.00021287507843226194
no_semantic_llama_3_3_70b_versatile,GA_FIXED,username_category,weak_username,3,True,True,['H'],0.0,weak_username,0,80,0.00020404101815074682
no_semantic_llama_3_3_70b_versatile,GA_FIXED,username_category,weak_username,4,True,True,['EG'],0.0,weak_username,0,80,0.00021312490571290255
no_semantic_llama_3_3_70b_versatile,GA_FIXED,username_category,weak_username,5,True,True,['g9'],0.0,weak_username,0,80,0.00020750006660819054
no_semantic_llama_3_3_70b_versatile,GA_FIXED,username_category,weak_username,6,True,True,['z9'],0.0,weak_username,0,80,0.00021362502593547106
no_semantic_llama_3_3_70b_versatile,GA_FIXED,username_category,weak_username,7,True,True,['rncSkqmMyO'],0.0,weak_username,0,80,0.00021437497343868017
no_semantic_llama_3_3_70b_versatile,GA_FIXED,username_category,weak_username,8,True,True,['LVuXIyudr'],0.0,weak_username,0,80,0.00021029205527156591
no_semantic_llama_3_3_70b_versatile,GA_FIXED,username_category,weak_username,9,True,True,['f47m'],0.0,weak_username,0,80,0.00021850003395229578
no_semantic_llama_3_3_70b_versatile,GA_FIXED,username_category,weak_username,10,True,True,['rML'],0.0,weak_username,0,80,0.00021900003775954247
no_semantic_llama_3_3_70b_versatile,GA_FIXED,username_category,weak_username,11,True,True,['rfqbeXnjZ'],0.0,weak_username,0,80,0.0002056249650195241
no_semantic_llama_3_3_70b_versatile,GA_FIXED,username_category,weak_username,12,True,True,['c2'],0.0,weak_username,0,80,0.00020700006280094385
no_semantic_llama_3_3_70b_versatile,GA_FIXED,username_category,weak_username,13,True,True,['NZEgjy'],0.0,weak_username,0,80,0.00021695892792195082
no_semantic_llama_3_3_70b_versatile,GA_FIXED,username_category,weak_username,14,True,True,['UFPYrliNzq'],0.0,weak_username,0,80,0.0002032499760389328
no_semantic_llama_3_3_70b_versatile,GA_FIXED,username_category,weak_username,15,True,True,['t'],0.0,weak_username,0,80,0.00020404101815074682
no_semantic_llama_3_3_70b_versatile,GA_FIXED,username_category,weak_username,16,True,True,['c7'],0.0,weak_username,0,80,0.00020612496882677078
no_semantic_llama_3_3_70b_versatile,GA_FIXED,username_category,weak_username,17,True,True,['tTplRE'],0.0,weak_username,0,80,0.00021133304107934237
no_semantic_llama_3_3_70b_versatile,GA_FIXED,username_category,weak_username,18,True,True,['Z'],0.0,weak_username,0,80,0.00020629109349101782
no_semantic_llama_3_3_70b_versatile,GA_FIXED,username_category,weak_username,19,True,True,['ml'],0.0,weak_username,0,80,0.00021520804148167372
no_semantic_llama_3_3_70b_versatile,GA_FIXED,username_category,weak_username,20,True,True,['TCMFEechah'],0.0,weak_username,0,80,0.0002155420370399952
no_semantic_llama_3_3_70b_versatile,GA_FIXED,username_category,weak_username,21,True,True,['mE'],0.0,weak_username,0,80,0.0002102500293403864
no_semantic_llama_3_3_70b_versatile,GA_FIXED,username_category,weak_username,22,True,True,['YuZv'],0.0,weak_username,0,80,0.000202000024728477
no_semantic_llama_3_3_70b_versatile,GA_FIXED,username_category,weak_username,23,True,True,['wA'],0.0,weak_username,0,80,0.0002155420370399952
no_semantic_llama_3_3_70b_versatile,GA_FIXED,username_category,weak_username,24,True,True,['bHxy'],0.0,weak_username,0,80,0.0002065420849248767
no_semantic_llama_3_3_70b_versatile,GA_FIXED,username_category,weak_username,25,True,True,['x1'],0.0,weak_username,0,80,0.0002145000034943223
no_semantic_llama_3_3_70b_versatile,GA_FIXED,username_category,weak_username,26,True,True,['DGfw'],0.0,weak_username,0,80,0.00020129198674112558
no_semantic_llama_3_3_70b_versatile,GA_FIXED,username_category,weak_username,27,True,True,['6a'],0.0,weak_username,0,80,0.0002227500081062317
no_semantic_llama_3_3_70b_versatile,GA_FIXED,username_category,weak_username,28,True,True,['SOcGKsUKd'],0.0,weak_username,0,80,0.00020791706629097462
no_semantic_llama_3_3_70b_versatile,GA_FIXED,username_category,weak_username,29,True,True,['g'],0.0,weak_username,0,80,0.00020591600332409143
no_semantic_llama_3_3_70b_versatile,GA_ADAPTIVE,bmi_category,invalid_height,0,True,True,"[2403.611301236541, 0.0]",0.0,invalid_height,10,880,0.0036326670087873936
no_semantic_llama_3_3_70b_versatile,GA_ADAPTIVE,bmi_category,invalid_height,1,True,True,"[2430.9528661769746, 0.0]",0.0,invalid_height,21,1760,0.007546874927356839
no_semantic_llama_3_3_70b_versatile,GA_ADAPTIVE,bmi_category,invalid_height,2,True,True,"[2974.031212060877, 0.0]",0.0,invalid_height,64,5200,0.023039584048092365
no_semantic_llama_3_3_70b_versatile,GA_ADAPTIVE,bmi_category,invalid_height,3,True,True,"[2234.103173481799, 0.0]",0.0,invalid_height,49,4000,0.017560875043272972
no_semantic_llama_3_3_70b_versatile,GA_ADAPTIVE,bmi_category,invalid_height,4,True,True,"[2598.527230580466, 0.0]",0.0,invalid_height,12,1040,0.004330666968598962
no_semantic_llama_3_3_70b_versatile,GA_ADAPTIVE,bmi_category,invalid_height,5,True,True,"[1867.4169018847729, 0.0]",0.0,invalid_height,32,2640,0.011510874959640205
no_semantic_llama_3_3_70b_versatile,GA_ADAPTIVE,bmi_category,invalid_height,6,True,True,"[80.151128350611, 0.0]",0.0,invalid_height,23,1920,0.008324707974679768
no_semantic_llama_3_3_70b_versatile,GA_ADAPTIVE,bmi_category,invalid_height,7,True,True,"[361.4026901504123, 0.0]",0.0,invalid_height,24,2000,0.00860466598533094
no_semantic_llama_3_3_70b_versatile,GA_ADAPTIVE,bmi_category,invalid_height,8,True,True,"[1984.201359396967, 0.0]",0.0,invalid_height,24,2000,0.008605082985013723
no_semantic_llama_3_3_70b_versatile,GA_ADAPTIVE,bmi_category,invalid_height,9,True,True,"[31.462076246076222, 0.0]",0.0,invalid_height,46,3760,0.016380458022467792
no_semantic_llama_3_3_70b_versatile,GA_ADAPTIVE,bmi_category,invalid_height,10,True,True,"[1584.3510340843088, 0.0]",0.0,invalid_height,45,3680,0.01623187493532896
no_semantic_llama_3_3_70b_versatile,GA_ADAPTIVE,bmi_category,invalid_height,11,True,True,"[340.1822821539052, 0.0]",0.0,invalid_height,47,3840,0.01690124999731779
no_semantic_llama_3_3_70b_versatile,GA_ADAPTIVE,bmi_category,invalid_height,12,True,True,"[1158.0761372277489, 0.0]",0.0,invalid_height,53,4320,0.018996750004589558
no_semantic_llama_3_3_70b_versatile,GA_ADAPTIVE,bmi_category,invalid_height,13,True,True,"[2142.117923711492, 0.0]",0.0,invalid_height,49,4000,0.017508291988633573
no_semantic_llama_3_3_70b_versatile,GA_ADAPTIVE,bmi_category,invalid_height,14,True,True,"[488.20090500872965, 0.0]",0.0,invalid_height,47,3840,0.01681533397641033
no_semantic_llama_3_3_70b_versatile,GA_ADAPTIVE,bmi_category,invalid_height,15,True,True,"[2961.817533991155, 0.0]",0.0,invalid_height,41,3360,0.01471716701053083
no_semantic_llama_3_3_70b_versatile,GA_ADAPTIVE,bmi_category,invalid_height,16,True,True,"[1273.5753877398222, 0.0]",0.0,invalid_height,35,2880,0.012550915940664709
no_semantic_llama_3_3_70b_versatile,GA_ADAPTIVE,bmi_category,invalid_height,17,True,True,"[2876.8743419093007, 0.0]",0.0,invalid_height,33,2720,0.011817375081591308
no_semantic_llama_3_3_70b_versatile,GA_ADAPTIVE,bmi_category,invalid_height,18,True,True,"[2500.0508272044262, 0.0]",0.0,invalid_height,28,2320,0.010038957931101322
no_semantic_llama_3_3_70b_versatile,GA_ADAPTIVE,bmi_category,invalid_height,19,True,True,"[2026.5015438253463, 0.0]",0.0,invalid_height,36,2960,0.012910416931845248
no_semantic_llama_3_3_70b_versatile,GA_ADAPTIVE,bmi_category,invalid_height,20,True,True,"[1822.2904478996245, 0.0]",0.0,invalid_height,6,560,0.0022011669352650642
no_semantic_llama_3_3_70b_versatile,GA_ADAPTIVE,bmi_category,invalid_height,21,True,True,"[889.6753548607262, 0.0]",0.0,invalid_height,70,5680,0.02499437495134771
no_semantic_llama_3_3_70b_versatile,GA_ADAPTIVE,bmi_category,invalid_height,22,True,True,"[2676.2941366889427, 0.0]",0.0,invalid_height,14,1200,0.00502704200334847
no_semantic_llama_3_3_70b_versatile,GA_ADAPTIVE,bmi_category,invalid_height,23,True,True,"[817.0130871828528, 0.0]",0.0,invalid_height,33,2720,0.011766916024498641
no_semantic_llama_3_3_70b_versatile,GA_ADAPTIVE,bmi_category,invalid_height,24,True,True,"[1770.3446493758604, 0.0]",0.0,invalid_height,10,880,0.0036289170384407043
no_semantic_llama_3_3_70b_versatile,GA_ADAPTIVE,bmi_category,invalid_height,25,True,True,"[1348.0193122836868, 0.0]",0.0,invalid_height,12,1040,0.00432437495328486
no_semantic_llama_3_3_70b_versatile,GA_ADAPTIVE,bmi_category,invalid_height,26,True,True,"[1095.6507109114982, 0.0]",0.0,invalid_height,26,2160,0.009274750016629696
no_semantic_llama_3_3_70b_versatile,GA_ADAPTIVE,bmi_category,invalid_height,27,True,True,"[97.6900830188776, 0.0]",0.0,invalid_height,23,1920,0.008348415954969823
no_semantic_llama_3_3_70b_versatile,GA_ADAPTIVE,bmi_category,invalid_height,28,True,True,"[1688.6488607873114, 0.0]",0.0,invalid_height,44,3600,0.01584537490271032
no_semantic_llama_3_3_70b_versatile,GA_ADAPTIVE,bmi_category,invalid_height,29,True,True,"[861.2659565406228, 0.0]",0.0,invalid_height,25,2080,0.00903899990953505
no_semantic_llama_3_3_70b_versatile,GA_ADAPTIVE,bmi_category,underweight,0,True,True,"[2711.5275908547837, 1955.1928543284969]",0.0,underweight,0,80,5.220796447247267e-05
no_semantic_llama_3_3_70b_versatile,GA_ADAPTIVE,bmi_category,underweight,1,True,True,"[170.97881828774965, 63.63268124984134]",0.0,underweight,0,80,5.137501284480095e-05
no_semantic_llama_3_3_70b_versatile,GA_ADAPTIVE,bmi_category,underweight,2,True,True,"[1044.1508860126069, 2525.3328114104497]",0.0,underweight,0,80,5.0958944484591484e-05
no_semantic_llama_3_3_70b_versatile,GA_ADAPTIVE,bmi_category,underweight,3,True,True,"[239.06036528378826, 1410.7213186671447]",0.0,underweight,0,80,5.125009920448065e-05
no_semantic_llama_3_3_70b_versatile,GA_ADAPTIVE,bmi_category,underweight,4,True,True,"[1238.6356969378817, 2763.8579441373818]",0.0,underweight,0,80,5.16669824719429e-05
no_semantic_llama_3_3_70b_versatile,GA_ADAPTIVE,bmi_category,underweight,5,True,True,"[1177.4375779098436, 2615.296474189635]",0.0,underweight,0,80,5.233404226601124e-05
no_semantic_llama_3_3_70b_versatile,GA_ADAPTIVE,bmi_category,underweight,6,True,True,"[1022.5949351518791, 233.5686262461021]",0.0,underweight,0,80,5.0791073590517044e-05
no_semantic_llama_3_3_70b_versatile,GA_ADAPTIVE,bmi_category,underweight,7,True,True,"[144.10128956897537, 240.00965536555896]",0.0,underweight,0,80,5.12079568579793e-05
no_semantic_llama_3_3_70b_versatile,GA_ADAPTIVE,bmi_category,underweight,8,True,True,"[1246.9971833426423, 417.25931712734865]",0.0,underweight,0,80,5.058303941041231e-05
no_semantic_llama_3_3_70b_versatile,GA_ADAPTIVE,bmi_category,underweight,9,True,True,"[65.0347424453801, 1487.3940534843985]",0.0,underweight,0,80,5.066697485744953e-05
no_semantic_llama_3_3_70b_versatile,GA_ADAPTIVE,bmi_category,underweight,10,True,True,"[2837.936372979179, 2035.452484387018]",0.0,underweight,0,80,5.087489262223244e-05
no_semantic_llama_3_3_70b_versatile,GA_ADAPTIVE,bmi_category,underweight,11,True,True,"[723.1821018371415, 2296.9075568332514]",0.0,underweight,0,80,5.1166978664696217e-05
no_semantic_llama_3_3_70b_versatile,GA_ADAPTIVE,bmi_category,underweight,12,True,True,"[1181.4628395556408, 1703.003382642115]",0.0,underweight,0,80,5.120900459587574e-05
no_semantic_llama_3_3_70b_versatile,GA_ADAPTIVE,bmi_category,underweight,13,True,True,"[132.179066206224, 76.38733541294984]",0.0,underweight,0,80,5.100003909319639e-05
no_semantic_llama_3_3_70b_versatile,GA_ADAPTIVE,bmi_category,underweight,14,True,True,"[2833.9701294731326, 536.5950112684743]",0.0,underweight,0,80,5.100003909319639e-05
no_semantic_llama_3_3_70b_versatile,GA_ADAPTIVE,bmi_category,underweight,15,True,True,"[487.065260009904, 2368.9669961477234]",0.0,underweight,0,80,5.1749986596405506e-05
no_semantic_llama_3_3_70b_versatile,GA_ADAPTIVE,bmi_category,underweight,16,True,True,"[937.9066360904504, 982.4547344244799]",0.0,underweight,0,80,5.0875009037554264e-05
no_semantic_llama_3_3_70b_versatile,GA_ADAPTIVE,bmi_category,underweight,17,True,True,"[501.31024689740235, 2847.1928148652655]",0.0,underweight,0,80,5.04170311614871e-05
no_semantic_llama_3_3_70b_versatile,GA_ADAPTIVE,bmi_category,underweight,18,True,True,"[2034.3959641494193, 2002.8261266098434]",0.0,underweight,0,80,5.066709127277136e-05
no_semantic_llama_3_3_70b_versatile,GA_ADAPTIVE,bmi_category,underweight,19,True,True,"[1698.0545694866928, 1546.3932267130815]",0.0,underweight,0,80,5.0749978981912136e-05
no_semantic_llama_3_3_70b_versatile,GA_ADAPTIVE,bmi_category,underweight,20,True,True,"[625.5739838983258, 1235.3119034152953]",0.0,underweight,0,80,5.0999922677874565e-05
no_semantic_llama_3_3_70b_versatile,GA_ADAPTIVE,bmi_category,underweight,21,True,True,"[1102.9901022082352, 2667.8918556310537]",0.0,underweight,0,80,5.1541952416300774e-05
no_semantic_llama_3_3_70b_versatile,GA_ADAPTIVE,bmi_category,underweight,22,True,True,"[1123.3455851297194, 12.037264220698841]",0.0,underweight,0,80,5.024997517466545e-05
no_semantic_llama_3_3_70b_versatile,GA_ADAPTIVE,bmi_category,underweight,23,True,True,"[1746.4272421963003, 739.869541958302]",0.0,underweight,0,80,4.741596058011055e-05
no_semantic_llama_3_3_70b_versatile,GA_ADAPTIVE,bmi_category,underweight,24,True,True,"[2172.7701109799286, 1896.7038450320874]",0.0,underweight,0,80,4.64579788967967e-05
no_semantic_llama_3_3_70b_versatile,GA_ADAPTIVE,bmi_category,underweight,25,True,True,"[1995.0120539049678, 2753.3569200001825]",0.0,underweight,0,80,4.583294503390789e-05
no_semantic_llama_3_3_70b_versatile,GA_ADAPTIVE,bmi_category,underweight,26,True,True,"[1380.391246540593, 2805.836547946149]",0.0,underweight,0,80,4.558393266052008e-05
no_semantic_llama_3_3_70b_versatile,GA_ADAPTIVE,bmi_category,underweight,27,True,True,"[1420.7174909906444, 2149.804305525694]",0.0,underweight,0,80,4.5874970965087414e-05
no_semantic_llama_3_3_70b_versatile,GA_ADAPTIVE,bmi_category,underweight,28,True,True,"[1063.513820560533, 2580.4235245168566]",0.0,underweight,0,80,5.7999975979328156e-05
no_semantic_llama_3_3_70b_versatile,GA_ADAPTIVE,bmi_category,underweight,29,True,True,"[54.05761523257691, 1279.7038722237596]",0.0,underweight,0,80,4.983402322977781e-05
no_semantic_llama_3_3_70b_versatile,GA_ADAPTIVE,bmi_category,normal,0,True,True,"[1707.2154772000135, 9.288516718632845]",0.0,normal,14,1200,0.005124874995090067
no_semantic_llama_3_3_70b_versatile,GA_ADAPTIVE,bmi_category,normal,1,True,True,"[2913.733793658789, 12.148078574632908]",0.0,normal,15,1280,0.0054648329969495535
no_semantic_llama_3_3_70b_versatile,GA_ADAPTIVE,bmi_category,normal,2,True,True,"[2777.644621062012, 11.538754097621673]",0.0,normal,2,240,0.000777499983087182
no_semantic_llama_3_3_70b_versatile,GA_ADAPTIVE,bmi_category,normal,3,True,True,"[2725.393302831585, 11.76935787357009]",0.0,normal,28,2320,0.010718583012931049
no_semantic_llama_3_3_70b_versatile,GA_ADAPTIVE,bmi_category,normal,4,True,True,"[2991.3455871553565, 12.47509768118227]",0.0,normal,7,640,0.0025747499894350767
no_semantic_llama_3_3_70b_versatile,GA_ADAPTIVE,bmi_category,normal,5,True,True,"[2715.053446510036, 11.951984363015368]",0.0,normal,8,720,0.0029115419602021575
no_semantic_llama_3_3_70b_versatile,GA_ADAPTIVE,bmi_category,normal,6,True,True,"[1999.912212448462, 9.332980306145044]",0.0,normal,2,240,0.0007877090247347951
no_semantic_llama_3_3_70b_versatile,GA_ADAPTIVE,bmi_category,normal,7,True,True,"[2615.193729013966, 11.700391708275127]",0.0,normal,3,320,0.00112895795609802
no_semantic_llama_3_3_70b_versatile,GA_ADAPTIVE,bmi_category,normal,8,True,True,"[2869.998859693425, 12.372855841415124]",0.0,normal,7,640,0.0025442499900236726
no_semantic_llama_3_3_70b_versatile,GA_ADAPTIVE,bmi_category,normal,9,True,True,"[2975.9863418486243, 12.366560486074786]",0.0,normal,28,2320,0.010124374995939434
no_semantic_llama_3_3_70b_versatile,GA_ADAPTIVE,bmi_category,normal,10,True,True,"[2949.267051024659, 12.409127709752156]",0.0,normal,13,1120,0.004707916057668626
no_semantic_llama_3_3_70b_versatile,GA_ADAPTIVE,bmi_category,normal,11,True,True,"[2994.0879489483877, 12.507070927656024]",0.0,normal,35,2880,0.012588041950948536
no_semantic_llama_3_3_70b_versatile,GA_ADAPTIVE,bmi_category,normal,12,True,True,"[2784.8120195241167, 11.991289870137978]",0.0,normal,0,80,5.462497938424349e-05
no_semantic_llama_3_3_70b_versatile,GA_ADAPTIVE,bmi_category,normal,13,True,True,"[2949.0901478980745, 11.69478520193351]",0.0,normal,20,1680,0.007216124911792576
no_semantic_llama_3_3_70b_versatile,GA_ADAPTIVE,bmi_category,normal,14,True,True,"[2952.5822729397582, 12.330183836876788]",0.0,normal,13,1120,0.004706082982011139
no_semantic_llama_3_3_70b_versatile,GA_ADAPTIVE,bmi_category,normal,15,True,True,"[2959.350683735501, 12.5388473134363]",0.0,normal,22,1840,0.00803350005298853
no_semantic_llama_3_3_70b_versatile,GA_ADAPTIVE,bmi_category,normal,16,True,True,"[2987.7380817347853, 12.63183946356203]",0.0,normal,28,2320,0.010114667005836964
no_semantic_llama_3_3_70b_versatile,GA_ADAPTIVE,bmi_category,normal,17,True,True,"[2126.1169542574917, 9.77359542625943]",0.0,normal,3,320,0.0011499999091029167
no_semantic_llama_3_3_70b_versatile,GA_ADAPTIVE,bmi_category,normal,18,True,True,"[2994.6096349635595, 12.67113038906738]",0.0,normal,21,1760,0.007632208988070488
no_semantic_llama_3_3_70b_versatile,GA_ADAPTIVE,bmi_category,normal,19,True,True,"[2893.1930190452017, 12.06626153742562]",0.0,normal,17,1440,0.006190375075675547
no_semantic_llama_3_3_70b_versatile,GA_ADAPTIVE,bmi_category,normal,20,True,True,"[2608.169266744824, 10.335903624028365]",0.0,normal,3,320,0.0011438339715823531
no_semantic_llama_3_3_70b_versatile,GA_ADAPTIVE,bmi_category,normal,21,True,True,"[2576.3819117331645, 11.013088911191682]",0.0,normal,0,80,5.508295726031065e-05
no_semantic_llama_3_3_70b_versatile,GA_ADAPTIVE,bmi_category,normal,22,True,True,"[2984.5982966849724, 12.441286346353891]",0.0,normal,19,1600,0.006912415963597596
no_semantic_llama_3_3_70b_versatile,GA_ADAPTIVE,bmi_category,normal,23,True,True,"[2976.010307665867, 12.458630993410948]",0.0,normal,10,880,0.003684790921397507
no_semantic_llama_3_3_70b_versatile,GA_ADAPTIVE,bmi_category,normal,24,True,True,"[2594.356655399392, 11.66041114640004]",0.0,normal,3,320,0.001137249986641109
no_semantic_llama_3_3_70b_versatile,GA_ADAPTIVE,bmi_category,normal,25,True,True,"[2953.478187733511, 12.436655586252183]",0.0,normal,16,1360,0.005773167009465396
no_semantic_llama_3_3_70b_versatile,GA_ADAPTIVE,bmi_category,normal,26,True,True,"[2045.0815008370048, 9.4214983520286]",0.0,normal,9,800,0.003284791950136423
no_semantic_llama_3_3_70b_versatile,GA_ADAPTIVE,bmi_category,normal,27,True,True,"[1748.4186394955916, 9.35486407161612]",0.0,normal,1,160,0.0004240421112626791
no_semantic_llama_3_3_70b_versatile,GA_ADAPTIVE,bmi_category,normal,28,True,True,"[2870.9721369727317, 12.27895073023266]",0.0,normal,21,1760,0.00756033300422132
no_semantic_llama_3_3_70b_versatile,GA_ADAPTIVE,bmi_category,normal,29,True,True,"[2890.9863669163374, 11.696008179151507]",0.0,normal,18,1520,0.006492958986200392
no_semantic_llama_3_3_70b_versatile,GA_ADAPTIVE,bmi_category,overweight,0,True,True,"[2984.67014272158, 10.202939468442748]",0.0,overweight,56,4560,0.020155749982222915
no_semantic_llama_3_3_70b_versatile,GA_ADAPTIVE,bmi_category,overweight,1,True,True,"[3000.0, 10.64310948183611]",0.0,overweight,41,3360,0.014683166984468699
no_semantic_llama_3_3_70b_versatile,GA_ADAPTIVE,bmi_category,overweight,2,True,True,"[2996.351043873373, 10.666651056978939]",0.0,overweight,19,1600,0.006819457979872823
no_semantic_llama_3_3_70b_versatile,GA_ADAPTIVE,bmi_category,overweight,3,True,True,"[2919.6479464608647, 10.391751479577724]",0.0,overweight,31,2560,0.011091833002865314
no_semantic_llama_3_3_70b_versatile,GA_ADAPTIVE,bmi_category,overweight,4,True,True,"[2980.0588401385985, 10.692174050868998]",0.0,overweight,59,4800,0.02115254197269678
no_semantic_llama_3_3_70b_versatile,GA_ADAPTIVE,bmi_category,overweight,5,True,True,"[2972.658097377266, 10.184663548412232]",0.0,overweight,62,5040,0.022185790934599936
no_semantic_llama_3_3_70b_versatile,GA_ADAPTIVE,bmi_category,overweight,6,True,True,"[2984.7859198055367, 10.708137252593334]",0.0,overweight,14,1200,0.005038916016928852
no_semantic_llama_3_3_70b_versatile,GA_ADAPTIVE,bmi_category,overweight,7,True,True,"[2946.186734943457, 10.64485132873371]",0.0,overweight,43,3520,0.015570958028547466
no_semantic_llama_3_3_70b_versatile,GA_ADAPTIVE,bmi_category,overweight,8,True,True,"[2990.3980140114504, 10.721625156741863]",0.0,overweight,33,2720,0.011978750000707805
no_semantic_llama_3_3_70b_versatile,GA_ADAPTIVE,bmi_category,overweight,9,True,True,"[2781.8662444344877, 9.988588683328302]",0.0,overweight,7,640,0.0026095829671248794
no_semantic_llama_3_3_70b_versatile,GA_ADAPTIVE,bmi_category,overweight,10,True,True,"[2936.091384629718, 10.09943555662115]",0.0,overweight,64,5200,0.023230666993185878
no_semantic_llama_3_3_70b_versatile,GA_ADAPTIVE,bmi_category,overweight,11,True,True,"[2949.8620872162087, 10.62758518951614]",0.0,overweight,53,4320,0.018991417018696666
no_semantic_llama_3_3_70b_versatile,GA_ADAPTIVE,bmi_category,overweight,12,True,True,"[2943.173700538894, 10.624273838098347]",0.0,overweight,40,3280,0.01431954198051244
no_semantic_llama_3_3_70b_versatile,GA_ADAPTIVE,bmi_category,overweight,13,True,True,"[2952.696646493818, 10.365980897969763]",0.0,overweight,63,5120,0.02256591699551791
no_semantic_llama_3_3_70b_versatile,GA_ADAPTIVE,bmi_category,overweight,14,True,True,"[2977.3290034793245, 10.597739244399772]",0.0,overweight,10,880,0.003635166911408305
no_semantic_llama_3_3_70b_versatile,GA_ADAPTIVE,bmi_category,overweight,15,True,True,"[2924.609604558886, 9.977768437558609]",0.0,overweight,31,2560,0.011073624948039651
no_semantic_llama_3_3_70b_versatile,GA_ADAPTIVE,bmi_category,overweight,16,True,True,"[2972.230908592713, 10.589569877210998]",0.0,overweight,41,3360,0.014648500015027821
no_semantic_llama_3_3_70b_versatile,GA_ADAPTIVE,bmi_category,overweight,17,True,True,"[1157.421604636485, 6.431340738330182]",0.0,overweight,2,240,0.0007836660370230675
no_semantic_llama_3_3_70b_versatile,GA_ADAPTIVE,bmi_category,overweight,18,True,True,"[2995.830246087014, 10.671960429552035]",0.0,overweight,36,2960,0.012981249950826168
no_semantic_llama_3_3_70b_versatile,GA_ADAPTIVE,bmi_category,overweight,19,True,True,"[2927.873645879434, 10.492714060760244]",0.0,overweight,11,960,0.003985999966971576
no_semantic_llama_3_3_70b_versatile,GA_ADAPTIVE,bmi_category,overweight,20,True,True,"[2996.612054645914, 10.383162717089387]",0.0,overweight,24,2000,0.008601458044722676
no_semantic_llama_3_3_70b_versatile,GA_ADAPTIVE,bmi_category,overweight,21,True,True,"[2018.0178589435832, 8.842709555017315]",0.0,overweight,3,320,0.0011189579963684082
no_semantic_llama_3_3_70b_versatile,GA_ADAPTIVE,bmi_category,overweight,22,True,True,"[2885.126837593241, 10.594859679470161]",0.0,overweight,27,2240,0.009742042049765587
no_semantic_llama_3_3_70b_versatile,GA_ADAPTIVE,bmi_category,overweight,23,True,True,"[2984.3136131793513, 10.75865172439325]",0.0,overweight,48,3920,0.017203041003085673
no_semantic_llama_3_3_70b_versatile,GA_ADAPTIVE,bmi_category,overweight,24,True,True,"[2091.177262495309, 8.649952035476748]",0.0,overweight,10,880,0.0036462920252233744
no_semantic_llama_3_3_70b_versatile,GA_ADAPTIVE,bmi_category,overweight,25,True,True,"[2630.4882859128597, 10.231799168381075]",0.0,overweight,8,720,0.0029226670740172267
no_semantic_llama_3_3_70b_versatile,GA_ADAPTIVE,bmi_category,overweight,26,True,True,"[3000.0, 10.792545727220997]",0.0,overweight,86,6960,0.030829166993498802
no_semantic_llama_3_3_70b_versatile,GA_ADAPTIVE,bmi_category,overweight,27,True,True,"[2336.592329620307, 8.839750129289115]",0.0,overweight,3,320,0.0011397090274840593
no_semantic_llama_3_3_70b_versatile,GA_ADAPTIVE,bmi_category,overweight,28,True,True,"[2911.444592169581, 10.61742663162224]",0.0,overweight,6,560,0.002213332918472588
no_semantic_llama_3_3_70b_versatile,GA_ADAPTIVE,bmi_category,overweight,29,True,True,"[1862.3315897662565, 8.624829497919428]",0.0,overweight,10,880,0.0036481249844655395
no_semantic_llama_3_3_70b_versatile,GA_ADAPTIVE,bmi_category,obese,0,True,True,"[2966.2720420574024, 9.933116501861349]",0.0,obese,3,320,0.0011324170045554638
no_semantic_llama_3_3_70b_versatile,GA_ADAPTIVE,bmi_category,obese,1,True,True,"[294.58858091309384, 0.5000913400591278]",0.0,obese,0,80,5.595805123448372e-05
no_semantic_llama_3_3_70b_versatile,GA_ADAPTIVE,bmi_category,obese,2,True,True,"[2934.4089240950448, 9.712577690137339]",0.0,obese,9,800,0.003293583053164184
no_semantic_llama_3_3_70b_versatile,GA_ADAPTIVE,bmi_category,obese,3,True,True,"[2932.2962091635436, 8.632983308016872]",0.0,obese,6,560,0.0022180420346558094
no_semantic_llama_3_3_70b_versatile,GA_ADAPTIVE,bmi_category,obese,4,True,True,"[2310.0277821728055, 2.5186658540591322]",0.0,obese,0,80,5.6124990805983543e-05
no_semantic_llama_3_3_70b_versatile,GA_ADAPTIVE,bmi_category,obese,5,True,True,"[3000.0, 9.247750881261846]",0.0,obese,49,4000,0.01789262506645173
no_semantic_llama_3_3_70b_versatile,GA_ADAPTIVE,bmi_category,obese,6,True,True,"[2913.8949379246737, 9.754267807253674]",0.0,obese,17,1440,0.006284083006903529
no_semantic_llama_3_3_70b_versatile,GA_ADAPTIVE,bmi_category,obese,7,True,True,"[2981.5671043470497, 9.14065226318327]",0.0,obese,6,560,0.002236125059425831
no_semantic_llama_3_3_70b_versatile,GA_ADAPTIVE,bmi_category,obese,8,True,True,"[2934.3774941056467, 9.498032882537808]",0.0,obese,61,4960,0.022222624975256622
no_semantic_llama_3_3_70b_versatile,GA_ADAPTIVE,bmi_category,obese,9,True,True,"[2978.019013692374, 9.38684237297327]",0.0,obese,13,1120,0.004801666014827788
no_semantic_llama_3_3_70b_versatile,GA_ADAPTIVE,bmi_category,obese,10,True,True,"[2795.001380075301, 9.300472375199037]",0.0,obese,30,2480,0.010994917014613748
no_semantic_llama_3_3_70b_versatile,GA_ADAPTIVE,bmi_category,obese,11,True,True,"[2886.4030013846195, 2.8440369602400484]",0.0,obese,10,880,0.003640333074145019
no_semantic_llama_3_3_70b_versatile,GA_ADAPTIVE,bmi_category,obese,12,True,True,"[2956.854551409695, 2.1582567073815673]",0.0,obese,39,3200,0.014234833070077002
no_semantic_llama_3_3_70b_versatile,GA_ADAPTIVE,bmi_category,obese,13,True,True,"[2867.6717746712434, 8.08368899573686]",0.0,obese,11,960,0.004045999958179891
no_semantic_llama_3_3_70b_versatile,GA_ADAPTIVE,bmi_category,obese,14,True,True,"[2545.994449347193, 6.445342285775313]",0.0,obese,82,6640,0.029680415987968445
no_semantic_llama_3_3_70b_versatile,GA_ADAPTIVE,bmi_category,obese,15,True,True,"[802.8517037158842, 1.516383960943113]",0.0,obese,0,80,5.9292069636285305e-05
no_semantic_llama_3_3_70b_versatile,GA_ADAPTIVE,bmi_category,obese,16,True,True,"[1384.2719882126012, 1.1859414552155556]",0.0,obese,0,80,5.5833952501416206e-05
no_semantic_llama_3_3_70b_versatile,GA_ADAPTIVE,bmi_category,obese,17,True,True,"[2960.889997013896, 4.47145000169169]",0.0,obese,10,880,0.0036637079901993275
no_semantic_llama_3_3_70b_versatile,GA_ADAPTIVE,bmi_category,obese,18,True,True,"[2934.1635741732252, 9.574088639834777]",0.0,obese,14,1200,0.005076042027212679
no_semantic_llama_3_3_70b_versatile,GA_ADAPTIVE,bmi_category,obese,19,True,True,"[2269.228825546915, 6.355855799216492]",0.0,obese,1,160,0.00041912496089935303
no_semantic_llama_3_3_70b_versatile,GA_ADAPTIVE,bmi_category,obese,20,True,True,"[2963.1371415369695, 9.687301576480234]",0.0,obese,46,3760,0.01647758297622204
no_semantic_llama_3_3_70b_versatile,GA_ADAPTIVE,bmi_category,obese,21,True,True,"[2996.204591513468, 4.1660188299140755]",0.0,obese,21,1760,0.007561416015960276
no_semantic_llama_3_3_70b_versatile,GA_ADAPTIVE,bmi_category,obese,22,True,True,"[1911.2129606317817, 0.6232584515799555]",0.0,obese,2,240,0.0008099169936031103
no_semantic_llama_3_3_70b_versatile,GA_ADAPTIVE,bmi_category,obese,23,True,True,"[2987.215493484857, 9.749996039131561]",0.0,obese,55,4480,0.01971554197371006
no_semantic_llama_3_3_70b_versatile,GA_ADAPTIVE,bmi_category,obese,24,True,True,"[2961.5810334630837, 2.0567052967769284]",0.0,obese,27,2240,0.009717333014123142
no_semantic_llama_3_3_70b_versatile,GA_ADAPTIVE,bmi_category,obese,25,True,True,"[2965.3439870090197, 9.67955779327041]",0.0,obese,40,3280,0.014470625086687505
no_semantic_llama_3_3_70b_versatile,GA_ADAPTIVE,bmi_category,obese,26,True,True,"[2936.204477086153, 9.098254234200626]",0.0,obese,25,2080,0.009059042087756097
no_semantic_llama_3_3_70b_versatile,GA_ADAPTIVE,bmi_category,obese,27,True,True,"[2990.7393716390466, 5.501577155483939]",0.0,obese,17,1440,0.006184916943311691
no_semantic_llama_3_3_70b_versatile,GA_ADAPTIVE,bmi_category,obese,28,True,True,"[2994.5829629940818, 9.80341462383139]",0.0,obese,63,5120,0.022811583010479808
no_semantic_llama_3_3_70b_versatile,GA_ADAPTIVE,bmi_category,obese,29,True,True,"[2985.993438125874, 9.249167642486103]",0.0,obese,52,4240,0.018766875029541552
no_semantic_llama_3_3_70b_versatile,GA_ADAPTIVE,list_pattern,too_short,0,True,True,"[[-93, 26, 77, 81, 76, -98, 23]]",0.0,too_short,0,80,0.00013008294627070427
no_semantic_llama_3_3_70b_versatile,GA_ADAPTIVE,list_pattern,too_short,1,True,True,"[[28, -98, 50, 10, -73, -69, -72]]",0.0,too_short,0,80,0.00012375006917864084
no_semantic_llama_3_3_70b_versatile,GA_ADAPTIVE,list_pattern,too_short,2,True,True,"[[-30, 55, -73]]",0.0,too_short,0,80,0.00012520805466920137
no_semantic_llama_3_3_70b_versatile,GA_ADAPTIVE,list_pattern,too_short,3,True,True,"[[73, 15, -18, -65, 67, 17, 24, -59]]",0.0,too_short,0,80,0.00012620806228369474
no_semantic_llama_3_3_70b_versatile,GA_ADAPTIVE,list_pattern,too_short,4,True,True,"[[-89, 65, 18, 69]]",0.0,too_short,0,80,0.0001277910778298974
no_semantic_llama_3_3_70b_versatile,GA_ADAPTIVE,list_pattern,too_short,5,True,True,"[[-17, 2, 35, -42, -99, 73]]",0.0,too_short,0,80,0.0001266660401597619
no_semantic_llama_3_3_70b_versatile,GA_ADAPTIVE,list_pattern,too_short,6,True,True,"[[61, 87, -23, 3, 86, 13, 100]]",0.0,too_short,0,80,0.00012220803182572126
no_semantic_llama_3_3_70b_versatile,GA_ADAPTIVE,list_pattern,too_short,7,True,True,"[[7, -41, -88, -81, -35, -54, 46, -12]]",0.0,too_short,0,80,0.0001259170239791274
no_semantic_llama_3_3_70b_versatile,GA_ADAPTIVE,list_pattern,too_short,8,True,True,"[[10, -48, -91, 20, -100, -62]]",0.0,too_short,0,80,0.00011870905291289091
no_semantic_llama_3_3_70b_versatile,GA_ADAPTIVE,list_pattern,too_short,9,True,True,"[[-54, 12]]",0.0,too_short,0,80,0.00012379197869449854
no_semantic_llama_3_3_70b_versatile,GA_ADAPTIVE,list_pattern,too_short,10,True,True,[[]],0.0,too_short,0,80,0.00012687500566244125
no_semantic_llama_3_3_70b_versatile,GA_ADAPTIVE,list_pattern,too_short,11,True,True,[[61]],0.0,too_short,0,80,0.0001194999786093831
no_semantic_llama_3_3_70b_versatile,GA_ADAPTIVE,list_pattern,too_short,12,True,True,"[[-92, 13, 27, -73, -100, -59, -7]]",0.0,too_short,0,80,0.00012250000145286322
no_semantic_llama_3_3_70b_versatile,GA_ADAPTIVE,list_pattern,too_short,13,True,True,"[[46, -83, -34, -23, 35, 61, 7, 98]]",0.0,too_short,0,80,0.0001296659465879202
no_semantic_llama_3_3_70b_versatile,GA_ADAPTIVE,list_pattern,too_short,14,True,True,[[77]],0.0,too_short,0,80,0.0001236660173162818
no_semantic_llama_3_3_70b_versatile,GA_ADAPTIVE,list_pattern,too_short,15,True,True,"[[10, -86, -3, -35]]",0.0,too_short,0,80,0.000110417022369802
no_semantic_llama_3_3_70b_versatile,GA_ADAPTIVE,list_pattern,too_short,16,True,True,"[[45, 22]]",0.0,too_short,0,80,0.00012079102452844381
no_semantic_llama_3_3_70b_versatile,GA_ADAPTIVE,list_pattern,too_short,17,True,True,"[[47, -72]]",0.0,too_short,0,80,0.00011966703459620476
no_semantic_llama_3_3_70b_versatile,GA_ADAPTIVE,list_pattern,too_short,18,True,True,"[[-25, -100, -44, 54, 20]]",0.0,too_short,0,80,0.000120542012155056
no_semantic_llama_3_3_70b_versatile,GA_ADAPTIVE,list_pattern,too_short,19,True,True,"[[45, -49, 80, -3, -6]]",0.0,too_short,0,80,0.0001217500539496541
no_semantic_llama_3_3_70b_versatile,GA_ADAPTIVE,list_pattern,too_short,20,True,True,[[]],0.0,too_short,0,80,0.0001243329606950283
no_semantic_llama_3_3_70b_versatile,GA_ADAPTIVE,list_pattern,too_short,21,True,True,"[[72, 38, 73, -28]]",0.0,too_short,0,80,0.00013050006236881018
no_semantic_llama_3_3_70b_versatile,GA_ADAPTIVE,list_pattern,too_short,22,True,True,[[27]],0.0,too_short,0,80,0.00012329104356467724
no_semantic_llama_3_3_70b_versatile,GA_ADAPTIVE,list_pattern,too_short,23,True,True,"[[8, 2, -93, -43, -52, 11, -97, 24]]",0.0,too_short,0,80,0.00012308405712246895
no_semantic_llama_3_3_70b_versatile,GA_ADAPTIVE,list_pattern,too_short,24,True,True,[[-27]],0.0,too_short,0,80,0.00012183398939669132
no_semantic_llama_3_3_70b_versatile,GA_ADAPTIVE,list_pattern,too_short,25,True,True,[[35]],0.0,too_short,0,80,0.00012070790398865938
no_semantic_llama_3_3_70b_versatile,GA_ADAPTIVE,list_pattern,too_short,26,True,True,"[[-70, 34, 78, 58, 83]]",0.0,too_short,0,80,0.00012779096141457558
no_semantic_llama_3_3_70b_versatile,GA_ADAPTIVE,list_pattern,too_short,27,True,True,"[[-57, -63, 16, -92, -12, 29]]",0.0,too_short,0,80,0.00012145796790719032
no_semantic_llama_3_3_70b_versatile,GA_ADAPTIVE,list_pattern,too_short,28,True,True,"[[-29, 17, -58, 71, -23, -1, 51]]",0.0,too_short,0,80,0.00012974999845027924
no_semantic_llama_3_3_70b_versatile,GA_ADAPTIVE,list_pattern,too_short,29,True,True,"[[42, 89, -6, 0, -8, 60, 74, 57]]",0.0,too_short,0,80,0.00012870796490460634
no_semantic_llama_3_3_70b_versatile,GA_ADAPTIVE,list_pattern,sorted_with_duplicates,0,False,False,"[[70, 25, -99, -82, -89]]",1.0,,0,8080,0.04704354202840477
no_semantic_llama_3_3_70b_versatile,GA_ADAPTIVE,list_pattern,sorted_with_duplicates,1,False,False,"[[-71, 8]]",1.0,,0,8080,0.04613150004297495
no_semantic_llama_3_3_70b_versatile,GA_ADAPTIVE,list_pattern,sorted_with_duplicates,2,False,False,[[-92]],1.0,,0,8080,0.044684624997898936
no_semantic_llama_3_3_70b_versatile,GA_ADAPTIVE,list_pattern,sorted_with_duplicates,3,False,False,"[[11, -21, 87, 7, -17, 14, -36, 85]]",1.0,,0,8080,0.04715570900589228
no_semantic_llama_3_3_70b_versatile,GA_ADAPTIVE,list_pattern,sorted_with_duplicates,4,False,False,"[[-83, 48, -65, -44, 5]]",1.0,,0,8080,0.04733916698023677
no_semantic_llama_3_3_70b_versatile,GA_ADAPTIVE,list_pattern,sorted_with_duplicates,5,False,False,"[[38, -97, -86, 85, 67, 26]]",1.0,,0,8080,0.04721400002017617
no_semantic_llama_3_3_70b_versatile,GA_ADAPTIVE,list_pattern,sorted_with_duplicates,6,False,False,"[[-79, -6, -69, 26, -60]]",1.0,,0,8080,0.045501166023314
no_semantic_llama_3_3_70b_versatile,GA_ADAPTIVE,list_pattern,sorted_with_duplicates,7,False,False,"[[15, 12, 86, -53, 10, 55]]",1.0,,0,8080,0.04630687506869435
no_semantic_llama_3_3_70b_versatile,GA_ADAPTIVE,list_pattern,sorted_with_duplicates,8,False,False,"[[-26, -86, 27, 64, -78, 55, -27]]",1.0,,0,8080,0.047845000051893294
no_semantic_llama_3_3_70b_versatile,GA_ADAPTIVE,list_pattern,sorted_with_duplicates,9,False,False,"[[51, 1, -44, -68]]",1.0,,0,8080,0.04551279195584357
no_semantic_llama_3_3_70b_versatile,GA_ADAPTIVE,list_pattern,sorted_with_duplicates,10,False,False,"[[-14, 61, -33, -93]]",1.0,,0,8080,0.04571066692005843
no_semantic_llama_3_3_70b_versatile,GA_ADAPTIVE,list_pattern,sorted_with_duplicates,11,False,False,"[[13, 55, 59, -18]]",1.0,,0,8080,0.04598979197908193
no_semantic_llama_3_3_70b_versatile,GA_ADAPTIVE,list_pattern,sorted_with_duplicates,12,False,False,"[[94, 32, -2, 100]]",1.0,,0,8080,0.04537858394905925
no_semantic_llama_3_3_70b_versatile,GA_ADAPTIVE,list_pattern,sorted_with_duplicates,13,False,False,"[[20, 28, 26, -35, 27, -54, -94]]",1.0,,0,8080,0.04688891698606312
no_semantic_llama_3_3_70b_versatile,GA_ADAPTIVE,list_pattern,sorted_with_duplicates,14,False,False,"[[-78, 57, -23]]",1.0,,0,8080,0.04388729203492403
no_semantic_llama_3_3_70b_versatile,GA_ADAPTIVE,list_pattern,sorted_with_duplicates,15,False,False,"[[-15, -24, -46, 5, 99, -58, 63, -21]]",1.0,,0,8080,0.049212791956961155
no_semantic_llama_3_3_70b_versatile,GA_ADAPTIVE,list_pattern,sorted_with_duplicates,16,False,False,"[[-83, 14]]",1.0,,0,8080,0.04624566703569144
no_semantic_llama_3_3_70b_versatile,GA_ADAPTIVE,list_pattern,sorted_with_duplicates,17,False,False,"[[46, 5, 6, 89, 55]]",1.0,,0,8080,0.0460314170923084
no_semantic_llama_3_3_70b_versatile,GA_ADAPTIVE,list_pattern,sorted_with_duplicates,18,False,False,"[[-44, 72, -48, 77, 97, 36, -44, 48]]",1.0,,0,8080,0.045291416929103434
no_semantic_llama_3_3_70b_versatile,GA_ADAPTIVE,list_pattern,sorted_with_duplicates,19,False,False,"[[56, -23, -8]]",1.0,,0,8080,0.04651133401785046
no_semantic_llama_3_3_70b_versatile,GA_ADAPTIVE,list_pattern,sorted_with_duplicates,20,False,False,"[[-4, -23]]",1.0,,0,8080,0.04346941597759724
no_semantic_llama_3_3_70b_versatile,GA_ADAPTIVE,list_pattern,sorted_with_duplicates,21,False,False,[[]],1.0,,0,8080,0.04437895899172872
no_semantic_llama_3_3_70b_versatile,GA_ADAPTIVE,list_pattern,sorted_with_duplicates,22,False,False,[[-34]],1.0,,0,8080,0.04533641703892499
no_semantic_llama_3_3_70b_versatile,GA_ADAPTIVE,list_pattern,sorted_with_duplicates,23,False,False,"[[32, 97, -43, -65, -71, -58]]",1.0,,0,8080,0.04660379095003009
no_semantic_llama_3_3_70b_versatile,GA_ADAPTIVE,list_pattern,sorted_with_duplicates,24,False,False,"[[-45, -6]]",1.0,,0,8080,0.04403554194141179
no_semantic_llama_3_3_70b_versatile,GA_ADAPTIVE,list_pattern,sorted_with_duplicates,25,False,False,[[]],1.0,,0,8080,0.04442624992225319
no_semantic_llama_3_3_70b_versatile,GA_ADAPTIVE,list_pattern,sorted_with_duplicates,26,False,False,"[[56, -52, 47, 50]]",1.0,,0,8080,0.045906333019956946
no_semantic_llama_3_3_70b_versatile,GA_ADAPTIVE,list_pattern,sorted_with_duplicates,27,False,False,"[[9, 94, 95, 11]]",1.0,,0,8080,0.04614145797677338
no_semantic_llama_3_3_70b_versatile,GA_ADAPTIVE,list_pattern,sorted_with_duplicates,28,False,False,"[[77, 63]]",1.0,,0,8080,0.04378249996807426
no_semantic_llama_3_3_70b_versatile,GA_ADAPTIVE,list_pattern,sorted_with_duplicates,29,False,False,"[[5, -62, -80, -18, -53, -97]]",1.0,,0,8080,0.04663512494880706
no_semantic_llama_3_3_70b_versatile,GA_ADAPTIVE,list_pattern,sorted_unique,0,False,False,[[28]],1.0,,0,8080,0.0445386249339208
no_semantic_llama_3_3_70b_versatile,GA_ADAPTIVE,list_pattern,sorted_unique,1,False,False,"[[-64, 62, 49, 28, -46, 96, -42, -99]]",1.0,,0,8080,0.0487510000821203
no_semantic_llama_3_3_70b_versatile,GA_ADAPTIVE,list_pattern,sorted_unique,2,False,False,"[[-4, 57, 18, -62]]",1.0,,0,8080,0.04512083297595382
no_semantic_llama_3_3_70b_versatile,GA_ADAPTIVE,list_pattern,sorted_unique,3,False,False,"[[-55, 25, 53, 30, 61, -40, 54]]",1.0,,0,8080,0.04751483304426074
no_semantic_llama_3_3_70b_versatile,GA_ADAPTIVE,list_pattern,sorted_unique,4,False,False,[[]],1.0,,0,8080,0.04414970800280571
no_semantic_llama_3_3_70b_versatile,GA_ADAPTIVE,list_pattern,sorted_unique,5,False,False,[[-74]],1.0,,0,8080,0.046549292048439384
no_semantic_llama_3_3_70b_versatile,GA_ADAPTIVE,list_pattern,sorted_unique,6,False,False,[[]],1.0,,0,8080,0.04437841603066772
no_semantic_llama_3_3_70b_versatile,GA_ADAPTIVE,list_pattern,sorted_unique,7,False,False,"[[-5, -39]]",1.0,,0,8080,0.04398312501143664
no_semantic_llama_3_3_70b_versatile,GA_ADAPTIVE,list_pattern,sorted_unique,8,False,False,"[[-47, -34, 70, 76, 9, 41, 36, -4]]",1.0,,0,8080,0.04771754192188382
no_semantic_llama_3_3_70b_versatile,GA_ADAPTIVE,list_pattern,sorted_unique,9,False,False,"[[23, -69, 5, -98, 40, -81, -93, 17]]",1.0,,0,8080,0.04759229195769876
no_semantic_llama_3_3_70b_versatile,GA_ADAPTIVE,list_pattern,sorted_unique,10,False,False,"[[-9, -97, 66]]",1.0,,0,8080,0.04354687500745058
no_semantic_llama_3_3_70b_versatile,GA_ADAPTIVE,list_pattern,sorted_unique,11,False,False,"[[-26, -35, 99]]",1.0,,0,8080,0.046507125021889806
no_semantic_llama_3_3_70b_versatile,GA_ADAPTIVE,list_pattern,sorted_unique,12,False,False,"[[25, -44]]",1.0,,0,8080,0.0441296249628067
no_semantic_llama_3_3_70b_versatile,GA_ADAPTIVE,list_pattern,sorted_unique,13,False,False,"[[-64, 100, 24, 24, 97, 44]]",1.0,,0,8080,0.04554733308032155
no_semantic_llama_3_3_70b_versatile,GA_ADAPTIVE,list_pattern,sorted_unique,14,False,False,"[[-68, -86, -48, -92, 73, -59, -49, -30]]",1.0,,0,8080,0.04787391610443592
no_semantic_llama_3_3_70b_versatile,GA_ADAPTIVE,list_pattern,sorted_unique,15,False,False,"[[-22, 59, 21]]",1.0,,0,8080,0.046139291021972895
no_semantic_llama_3_3_70b_versatile,GA_ADAPTIVE,list_pattern,sorted_unique,16,False,False,"[[-6, -64, 65, 97, -37, -80, 54]]",1.0,,0,8080,0.04806833295151591
no_semantic_llama_3_3_70b_versatile,GA_ADAPTIVE,list_pattern,sorted_unique,17,False,False,"[[70, 27, -78, -22, -41, -32, 9, -46]]",1.0,,0,8080,0.04888100002426654
no_semantic_llama_3_3_70b_versatile,GA_ADAPTIVE,list_pattern,sorted_unique,18,False,False,"[[35, 46]]",1.0,,0,8080,0.04565729200839996
no_semantic_llama_3_3_70b_versatile,GA_ADAPTIVE,list_pattern,sorted_unique,19,False,False,[[28]],1.0,,0,8080,0.04523391695693135
no_semantic_llama_3_3_70b_versatile,GA_ADAPTIVE,list_pattern,sorted_unique,20,False,False,"[[-22, -28, -38]]",1.0,,0,8080,0.04452591692097485
no_semantic_llama_3_3_70b_versatile,GA_ADAPTIVE,list_pattern,sorted_unique,21,False,False,[[]],1.0,,0,8080,0.04646424995735288
no_semantic_llama_3_3_70b_versatile,GA_ADAPTIVE,list_pattern,sorted_unique,22,False,False,"[[-48, 91, 80, -27]]",1.0,,0,8080,0.04622300004120916
no_semantic_llama_3_3_70b_versatile,GA_ADAPTIVE,list_pattern,sorted_unique,23,False,False,"[[-35, -6, 71, -24]]",1.0,,0,8080,0.04539116600062698
no_semantic_llama_3_3_70b_versatile,GA_ADAPTIVE,list_pattern,sorted_unique,24,False,False,"[[22, 26, 66, 40, 38, 8]]",1.0,,0,8080,0.04559358302503824
no_semantic_llama_3_3_70b_versatile,GA_ADAPTIVE,list_pattern,sorted_unique,25,False,False,"[[-93, -37, 54, 56, -4, -35]]",1.0,,0,8080,0.0466195410117507
no_semantic_llama_3_3_70b_versatile,GA_ADAPTIVE,list_pattern,sorted_unique,26,False,False,"[[77, 30, 97, 94]]",1.0,,0,8080,0.04600787500385195
no_semantic_llama_3_3_70b_versatile,GA_ADAPTIVE,list_pattern,sorted_unique,27,False,False,[[44]],1.0,,0,8080,0.0444329580059275
no_semantic_llama_3_3_70b_versatile,GA_ADAPTIVE,list_pattern,sorted_unique,28,False,False,"[[-41, -36, -48, 14]]",1.0,,0,8080,0.04546329099684954
no_semantic_llama_3_3_70b_versatile,GA_ADAPTIVE,list_pattern,sorted_unique,29,False,False,"[[56, 27, -25]]",1.0,,0,8080,0.045219624997116625
no_semantic_llama_3_3_70b_versatile,GA_ADAPTIVE,list_pattern,unsorted_with_duplicates,0,False,False,"[[-100, -46]]",1.0,,0,8080,0.04465170809999108
no_semantic_llama_3_3_70b_versatile,GA_ADAPTIVE,list_pattern,unsorted_with_duplicates,1,False,False,"[[14, -18, -37, -8, -34]]",1.0,,0,8080,0.04692716698627919
no_semantic_llama_3_3_70b_versatile,GA_ADAPTIVE,list_pattern,unsorted_with_duplicates,2,False,False,"[[11, -50, 65, -32, -55]]",1.0,,0,8080,0.047325125080533326
no_semantic_llama_3_3_70b_versatile,GA_ADAPTIVE,list_pattern,unsorted_with_duplicates,3,False,False,"[[83, 59, 34]]",1.0,,0,8080,0.044025499955751
no_semantic_llama_3_3_70b_versatile,GA_ADAPTIVE,list_pattern,unsorted_with_duplicates,4,False,False,"[[59, 34, 55, 81, 52, -50, 8]]",1.0,,0,8080,0.04728208389133215
no_semantic_llama_3_3_70b_versatile,GA_ADAPTIVE,list_pattern,unsorted_with_duplicates,5,False,False,[[]],1.0,,0,8080,0.044010416022501886
no_semantic_llama_3_3_70b_versatile,GA_ADAPTIVE,list_pattern,unsorted_with_duplicates,6,False,False,[[94]],1.0,,0,8080,0.043702041963115335
no_semantic_llama_3_3_70b_versatile,GA_ADAPTIVE,list_pattern,unsorted_with_duplicates,7,False,False,"[[-7, -27, -84]]",1.0,,0,8080,0.044540208065882325
no_semantic_llama_3_3_70b_versatile,GA_ADAPTIVE,list_pattern,unsorted_with_duplicates,8,False,False,"[[96, 85, -31, -97, -80]]",1.0,,0,8080,0.04604095802642405
no_semantic_llama_3_3_70b_versatile,GA_ADAPTIVE,list_pattern,unsorted_with_duplicates,9,False,False,[[]],1.0,,0,8080,0.04429366602562368
no_semantic_llama_3_3_70b_versatile,GA_ADAPTIVE,list_pattern,unsorted_with_duplicates,10,False,False,[[-66]],1.0,,0,8080,0.043088375008665025
no_semantic_llama_3_3_70b_versatile,GA_ADAPTIVE,list_pattern,unsorted_with_duplicates,11,False,False,"[[12, 11]]",1.0,,0,8080,0.044040707987733185
no_semantic_llama_3_3_70b_versatile,GA_ADAPTIVE,list_pattern,unsorted_with_duplicates,12,False,False,"[[-88, 88, -87, -90, 9, -85, 47]]",1.0,,0,8080,0.045826958026736975
no_semantic_llama_3_3_70b_versatile,GA_ADAPTIVE,list_pattern,unsorted_with_duplicates,13,False,False,[[100]],1.0,,0,8080,0.04562083398923278
no_semantic_llama_3_3_70b_versatile,GA_ADAPTIVE,list_pattern,unsorted_with_duplicates,14,False,False,"[[-75, -78, -36, 21, 67, 26, 7]]",1.0,,0,8080,0.04719212499912828
no_semantic_llama_3_3_70b_versatile,GA_ADAPTIVE,list_pattern,unsorted_with_duplicates,15,False,False,"[[-73, -54, -78, 87]]",1.0,,0,8080,0.04496174992527813
no_semantic_llama_3_3_70b_versatile,GA_ADAPTIVE,list_pattern,unsorted_with_duplicates,16,False,False,[[38]],1.0,,0,8080,0.0433041249634698
no_semantic_llama_3_3_70b_versatile,GA_ADAPTIVE,list_pattern,unsorted_with_duplicates,17,False,False,"[[54, -71, -41, 63]]",1.0,,0,8080,0.04534479102585465
no_semantic_llama_3_3_70b_versatile,GA_ADAPTIVE,list_pattern,unsorted_with_duplicates,18,False,False,"[[-71, -59, 82, -66, -61, -96, -39]]",1.0,,0,8080,0.04587004205677658
no_semantic_llama_3_3_70b_versatile,GA_ADAPTIVE,list_pattern,unsorted_with_duplicates,19,False,False,[[100]],1.0,,0,8080,0.044842541916295886
no_semantic_llama_3_3_70b_versatile,GA_ADAPTIVE,list_pattern,unsorted_with_duplicates,20,False,False,"[[75, -38, 36, 68, -72]]",1.0,,0,8080,0.047910124994814396
no_semantic_llama_3_3_70b_versatile,GA_ADAPTIVE,list_pattern,unsorted_with_duplicates,21,False,False,"[[-12, 52, 1, 90, -24, -39]]",1.0,,0,8080,0.04723487503360957
no_semantic_llama_3_3_70b_versatile,GA_ADAPTIVE,list_pattern,unsorted_with_duplicates,22,False,False,"[[100, -79]]",1.0,,0,8080,0.04652537498623133
no_semantic_llama_3_3_70b_versatile,GA_ADAPTIVE,list_pattern,unsorted_with_duplicates,23,False,False,[[-39]],1.0,,0,8080,0.045101750059984624
no_semantic_llama_3_3_70b_versatile,GA_ADAPTIVE,list_pattern,unsorted_with_duplicates,24,False,False,"[[84, 60, -64, 33, -17, -49]]",1.0,,0,8080,0.04741883301176131
no_semantic_llama_3_3_70b_versatile,GA_ADAPTIVE,list_pattern,unsorted_with_duplicates,25,False,False,[[]],1.0,,0,8080,0.04425995796918869
no_semantic_llama_3_3_70b_versatile,GA_ADAPTIVE,list_pattern,unsorted_with_duplicates,26,False,False,[[-16]],1.0,,0,8080,0.0438393329968676
no_semantic_llama_3_3_70b_versatile,GA_ADAPTIVE,list_pattern,unsorted_with_duplicates,27,False,False,"[[-58, -19, 69, -48, -16]]",1.0,,0,8080,0.04575816704891622
no_semantic_llama_3_3_70b_versatile,GA_ADAPTIVE,list_pattern,unsorted_with_duplicates,28,False,False,"[[47, -70, 18, 79, 14, -15]]",1.0,,0,8080,0.04680991708301008
no_semantic_llama_3_3_70b_versatile,GA_ADAPTIVE,list_pattern,unsorted_with_duplicates,29,False,False,"[[64, -56, -36, 60, -8]]",1.0,,0,8080,0.04515987494960427
no_semantic_llama_3_3_70b_versatile,GA_ADAPTIVE,list_pattern,unsorted_unique,0,False,False,"[[50, 52, -63, 46]]",1.0,,0,8080,0.04585254203993827
no_semantic_llama_3_3_70b_versatile,GA_ADAPTIVE,list_pattern,unsorted_unique,1,False,False,"[[-100, 98, -38, 18]]",1.0,,0,8080,0.04714645794592798
no_semantic_llama_3_3_70b_versatile,GA_ADAPTIVE,list_pattern,unsorted_unique,2,False,False,"[[62, 54, 2, -31, -16, -40, -61, -8]]",1.0,,0,8080,0.04584670893382281
no_semantic_llama_3_3_70b_versatile,GA_ADAPTIVE,list_pattern,unsorted_unique,3,False,False,"[[-25, -85, -33, 19]]",1.0,,0,8080,0.04622833291068673
no_semantic_llama_3_3_70b_versatile,GA_ADAPTIVE,list_pattern,unsorted_unique,4,False,False,"[[-25, 81, 97, 78, 69, 72, 30, 99]]",1.0,,0,8080,0.04624029202386737
no_semantic_llama_3_3_70b_versatile,GA_ADAPTIVE,list_pattern,unsorted_unique,5,False,False,"[[-13, -59, 50]]",1.0,,0,8080,0.04480333300307393
no_semantic_llama_3_3_70b_versatile,GA_ADAPTIVE,list_pattern,unsorted_unique,6,False,False,"[[48, 69, -26, -79, 58, 37, 61, -39]]",1.0,,0,8080,0.04673375003039837
no_semantic_llama_3_3_70b_versatile,GA_ADAPTIVE,list_pattern,unsorted_unique,7,False,False,"[[-4, -2, 27, 18, 84, 66, -80]]",1.0,,0,8080,0.046243458054959774
no_semantic_llama_3_3_70b_versatile,GA_ADAPTIVE,list_pattern,unsorted_unique,8,False,False,"[[-22, -95, -87, -8, -63, -31, 45]]",1.0,,0,8080,0.0465201250044629
no_semantic_llama_3_3_70b_versatile,GA_ADAPTIVE,list_pattern,unsorted_unique,9,False,False,"[[-37, -76, -17, -66, -13, -77, 48, 87]]",1.0,,0,8080,0.049202000023797154
no_semantic_llama_3_3_70b_versatile,GA_ADAPTIVE,list_pattern,unsorted_unique,10,False,False,[[-57]],1.0,,0,8080,0.04350170795805752
no_semantic_llama_3_3_70b_versatile,GA_ADAPTIVE,list_pattern,unsorted_unique,11,False,False,"[[6, 69, 39, 48, -94, 10, -60]]",1.0,,0,8080,0.0451893339632079
no_semantic_llama_3_3_70b_versatile,GA_ADAPTIVE,list_pattern,unsorted_unique,12,False,False,"[[19, 10, 75, 39, -62, 28]]",1.0,,0,8080,0.04479395900852978
no_semantic_llama_3_3_70b_versatile,GA_ADAPTIVE,list_pattern,unsorted_unique,13,False,False,"[[-64, 36, 22, -22, 13]]",1.0,,0,8080,0.04487724998034537
no_semantic_llama_3_3_70b_versatile,GA_ADAPTIVE,list_pattern,unsorted_unique,14,False,False,"[[-35, -84, -4, -15, -37, 56, -46]]",1.0,,0,8080,0.048056250088848174
no_semantic_llama_3_3_70b_versatile,GA_ADAPTIVE,list_pattern,unsorted_unique,15,False,False,"[[39, 46, -67, 55, -100, 75, 28, -46]]",1.0,,0,8080,0.04852445796132088
no_semantic_llama_3_3_70b_versatile,GA_ADAPTIVE,list_pattern,unsorted_unique,16,False,False,"[[-61, -17, 93, 29, -13, -56, -57, 69]]",1.0,,0,8080,0.04712554207071662
no_semantic_llama_3_3_70b_versatile,GA_ADAPTIVE,list_pattern,unsorted_unique,17,False,False,"[[94, -3, -26, -52, 15, 29]]",1.0,,0,8080,0.048983292072080076
no_semantic_llama_3_3_70b_versatile,GA_ADAPTIVE,list_pattern,unsorted_unique,18,False,False,"[[-66, -77]]",1.0,,0,8080,0.045156957930885255
no_semantic_llama_3_3_70b_versatile,GA_ADAPTIVE,list_pattern,unsorted_unique,19,False,False,"[[-35, 43, 88, -74, 90, 87, 24, -2]]",1.0,,0,8080,0.04800983297172934
no_semantic_llama_3_3_70b_versatile,GA_ADAPTIVE,list_pattern,unsorted_unique,20,False,False,"[[-51, 71, 61, -74, -83]]",1.0,,0,8080,0.04625991603825241
no_semantic_llama_3_3_70b_versatile,GA_ADAPTIVE,list_pattern,unsorted_unique,21,False,False,"[[7, 58, 8]]",1.0,,0,8080,0.04418229102157056
no_semantic_llama_3_3_70b_versatile,GA_ADAPTIVE,list_pattern,unsorted_unique,22,False,False,"[[17, 15, -54, -19, -75, -14]]",1.0,,0,8080,0.0449960419209674
no_semantic_llama_3_3_70b_versatile,GA_ADAPTIVE,list_pattern,unsorted_unique,23,False,False,[[]],1.0,,0,8080,0.04449416697025299
no_semantic_llama_3_3_70b_versatile,GA_ADAPTIVE,list_pattern,unsorted_unique,24,False,False,"[[11, 92]]",1.0,,0,8080,0.04463712498545647
no_semantic_llama_3_3_70b_versatile,GA_ADAPTIVE,list_pattern,unsorted_unique,25,False,False,[[]],1.0,,0,8080,0.04444145900197327
no_semantic_llama_3_3_70b_versatile,GA_ADAPTIVE,list_pattern,unsorted_unique,26,False,False,"[[-97, 56]]",1.0,,0,8080,0.0445036250166595
no_semantic_llama_3_3_70b_versatile,GA_ADAPTIVE,list_pattern,unsorted_unique,27,False,False,"[[57, 1]]",1.0,,0,8080,0.04568641702644527
no_semantic_llama_3_3_70b_versatile,GA_ADAPTIVE,list_pattern,unsorted_unique,28,False,False,"[[-39, -75, -95, -68, 59, -80, -4]]",1.0,,0,8080,0.047945415950380266
no_semantic_llama_3_3_70b_versatile,GA_ADAPTIVE,list_pattern,unsorted_unique,29,False,False,"[[93, -96, -84, 33, -97, 100, -20]]",1.0,,0,8080,0.04763804201502353
no_semantic_llama_3_3_70b_versatile,GA_ADAPTIVE,number_kind,zero,0,True,True,[0],0.0,zero,4,400,0.0012814169749617577
no_semantic_llama_3_3_70b_versatile,GA_ADAPTIVE,number_kind,zero,1,True,True,[0],0.0,zero,6,560,0.0018799580866470933
no_semantic_llama_3_3_70b_versatile,GA_ADAPTIVE,number_kind,zero,2,True,True,[0],0.0,zero,10,880,0.0030820000683888793
no_semantic_llama_3_3_70b_versatile,GA_ADAPTIVE,number_kind,zero,3,True,True,[0],0.0,zero,1,160,0.00035829097032546997
no_semantic_llama_3_3_70b_versatile,GA_ADAPTIVE,number_kind,zero,4,True,True,[0],0.0,zero,11,960,0.00338870903942734
no_semantic_llama_3_3_70b_versatile,GA_ADAPTIVE,number_kind,zero,5,True,True,[0],0.0,zero,10,880,0.0030715829925611615
no_semantic_llama_3_3_70b_versatile,GA_ADAPTIVE,number_kind,zero,6,True,True,[0],0.0,zero,6,560,0.0018770829774439335
no_semantic_llama_3_3_70b_versatile,GA_ADAPTIVE,number_kind,zero,7,True,True,[0],0.0,zero,3,320,0.0009794170036911964
no_semantic_llama_3_3_70b_versatile,GA_ADAPTIVE,number_kind,zero,8,True,True,[0],0.0,zero,6,560,0.0018779590027406812
no_semantic_llama_3_3_70b_versatile,GA_ADAPTIVE,number_kind,zero,9,True,True,[0],0.0,zero,6,560,0.0018663749797269702
no_semantic_llama_3_3_70b_versatile,GA_ADAPTIVE,number_kind,zero,10,True,True,[0],0.0,zero,6,560,0.0018863750156015158
no_semantic_llama_3_3_70b_versatile,GA_ADAPTIVE,number_kind,zero,11,True,True,[0],0.0,zero,6,560,0.0018680409993976355
no_semantic_llama_3_3_70b_versatile,GA_ADAPTIVE,number_kind,zero,12,True,True,[0],0.0,zero,7,640,0.0021812079939991236
no_semantic_llama_3_3_70b_versatile,GA_ADAPTIVE,number_kind,zero,13,True,True,[0],0.0,zero,4,400,0.001274125068448484
no_semantic_llama_3_3_70b_versatile,GA_ADAPTIVE,number_kind,zero,14,True,True,[0],0.0,zero,9,800,0.002785084070637822
no_semantic_llama_3_3_70b_versatile,GA_ADAPTIVE,number_kind,zero,15,True,True,[0],0.0,zero,11,960,0.0033868750324472785
no_semantic_llama_3_3_70b_versatile,GA_ADAPTIVE,number_kind,zero,16,True,True,[0],0.0,zero,5,480,0.001612457912415266
no_semantic_llama_3_3_70b_versatile,GA_ADAPTIVE,number_kind,zero,17,True,True,[0],0.0,zero,6,560,0.0018832499627023935
no_semantic_llama_3_3_70b_versatile,GA_ADAPTIVE,number_kind,zero,18,True,True,[0],0.0,zero,13,1120,0.004000374930910766
no_semantic_llama_3_3_70b_versatile,GA_ADAPTIVE,number_kind,zero,19,True,True,[0],0.0,zero,3,320,0.0009575000731274486
no_semantic_llama_3_3_70b_versatile,GA_ADAPTIVE,number_kind,zero,20,True,True,[0],0.0,zero,17,1440,0.0051999170100316405
no_semantic_llama_3_3_70b_versatile,GA_ADAPTIVE,number_kind,zero,21,True,True,[0],0.0,zero,5,480,0.0015602499479427934
no_semantic_llama_3_3_70b_versatile,GA_ADAPTIVE,number_kind,zero,22,True,True,[0],0.0,zero,13,1120,0.003961584065109491
no_semantic_llama_3_3_70b_versatile,GA_ADAPTIVE,number_kind,zero,23,True,True,[0],0.0,zero,12,1040,0.0036575410049408674
no_semantic_llama_3_3_70b_versatile,GA_ADAPTIVE,number_kind,zero,24,True,True,[0],0.0,zero,5,480,0.0015718750655651093
no_semantic_llama_3_3_70b_versatile,GA_ADAPTIVE,number_kind,zero,25,True,True,[0],0.0,zero,8,720,0.0024818750098347664
no_semantic_llama_3_3_70b_versatile,GA_ADAPTIVE,number_kind,zero,26,True,True,[0],0.0,zero,4,400,0.0012751660542562604
no_semantic_llama_3_3_70b_versatile,GA_ADAPTIVE,number_kind,zero,27,True,True,[0],0.0,zero,7,640,0.002174166962504387
no_semantic_llama_3_3_70b_versatile,GA_ADAPTIVE,number_kind,zero,28,True,True,[0],0.0,zero,5,480,0.001568417064845562
no_semantic_llama_3_3_70b_versatile,GA_ADAPTIVE,number_kind,zero,29,True,True,[0],0.0,zero,3,320,0.0009515830315649509
no_semantic_llama_3_3_70b_versatile,GA_ADAPTIVE,number_kind,even,0,True,True,[1610],0.0,even,0,80,5.291705019772053e-05
no_semantic_llama_3_3_70b_versatile,GA_ADAPTIVE,number_kind,even,1,True,True,[-314],0.0,even,0,80,5.100003909319639e-05
no_semantic_llama_3_3_70b_versatile,GA_ADAPTIVE,number_kind,even,2,True,True,[708],0.0,even,0,80,5.0875009037554264e-05
no_semantic_llama_3_3_70b_versatile,GA_ADAPTIVE,number_kind,even,3,True,True,[2550],0.0,even,0,80,5.1166978664696217e-05
no_semantic_llama_3_3_70b_versatile,GA_ADAPTIVE,number_kind,even,4,True,True,[-178],0.0,even,0,80,5.079200491309166e-05
no_semantic_llama_3_3_70b_versatile,GA_ADAPTIVE,number_kind,even,5,True,True,[-386],0.0,even,0,80,5.083298310637474e-05
no_semantic_llama_3_3_70b_versatile,GA_ADAPTIVE,number_kind,even,6,True,True,[934],0.0,even,0,80,5.091703496873379e-05
no_semantic_llama_3_3_70b_versatile,GA_ADAPTIVE,number_kind,even,7,True,True,[210],0.0,even,0,80,5.12079568579793e-05
no_semantic_llama_3_3_70b_versatile,GA_ADAPTIVE,number_kind,even,8,True,True,[1022],0.0,even,0,80,5.062494892627001e-05
no_semantic_llama_3_3_70b_versatile,GA_ADAPTIVE,number_kind,even,9,True,True,[2766],0.0,even,0,80,5.100003909319639e-05
no_semantic_llama_3_3_70b_versatile,GA_ADAPTIVE,number_kind,even,10,True,True,[1446],0.0,even,0,80,5.012506153434515e-05
no_semantic_llama_3_3_70b_versatile,GA_ADAPTIVE,number_kind,even,11,True,True,[-220],0.0,even,0,80,5.0915987230837345e-05
no_semantic_llama_3_3_70b_versatile,GA_ADAPTIVE,number_kind,even,12,True,True,[2404],0.0,even,0,80,5.1166978664696217e-05
no_semantic_llama_3_3_70b_versatile,GA_ADAPTIVE,number_kind,even,13,True,True,[2894],0.0,even,0,80,5.124998278915882e-05
no_semantic_llama_3_3_70b_versatile,GA_ADAPTIVE,number_kind,even,14,True,True,[1684],0.0,even,0,80,5.0875009037554264e-05
no_semantic_llama_3_3_70b_versatile,GA_ADAPTIVE,number_kind,even,15,True,True,[-54],0.0,even,0,80,5.062494892627001e-05
no_semantic_llama_3_3_70b_versatile,GA_ADAPTIVE,number_kind,even,16,True,True,[2756],0.0,even,0,80,5.137501284480095e-05
no_semantic_llama_3_3_70b_versatile,GA_ADAPTIVE,number_kind,even,17,True,True,[-300],0.0,even,0,80,5.0625065341591835e-05
no_semantic_llama_3_3_70b_versatile,GA_ADAPTIVE,number_kind,even,18,True,True,[2168],0.0,even,0,80,5.0749978981912136e-05
no_semantic_llama_3_3_70b_versatile,GA_ADAPTIVE,number_kind,even,19,True,True,[2202],0.0,even,0,80,5.024997517466545e-05
no_semantic_llama_3_3_70b_versatile,GA_ADAPTIVE,number_kind,even,20,True,True,[1676],0.0,even,0,80,5.070806946605444e-05
no_semantic_llama_3_3_70b_versatile,GA_ADAPTIVE,number_kind,even,21,True,True,[-80],0.0,even,0,80,5.0165923312306404e-05
no_semantic_llama_3_3_70b_versatile,GA_ADAPTIVE,number_kind,even,22,True,True,[2124],0.0,even,0,80,5.0709000788629055e-05
no_semantic_llama_3_3_70b_versatile,GA_ADAPTIVE,number_kind,even,23,True,True,[386],0.0,even,0,80,5.11660473421216e-05
no_semantic_llama_3_3_70b_versatile,GA_ADAPTIVE,number_kind,even,24,True,True,[610],0.0,even,0,80,5.079200491309166e-05
no_semantic_llama_3_3_70b_versatile,GA_ADAPTIVE,number_kind,even,25,True,True,[2848],0.0,even,0,80,5.108292680233717e-05
no_semantic_llama_3_3_70b_versatile,GA_ADAPTIVE,number_kind,even,26,True,True,[1504],0.0,even,0,80,5.112495273351669e-05
no_semantic_llama_3_3_70b_versatile,GA_ADAPTIVE,number_kind,even,27,True,True,[2308],0.0,even,0,80,5.1083043217658997e-05
no_semantic_llama_3_3_70b_versatile,GA_ADAPTIVE,number_kind,even,28,True,True,[-424],0.0,even,0,80,5.108397454023361e-05
no_semantic_llama_3_3_70b_versatile,GA_ADAPTIVE,number_kind,even,29,True,True,[1810],0.0,even,0,80,5.1166978664696217e-05
no_semantic_llama_3_3_70b_versatile,GA_ADAPTIVE,number_kind,odd,0,True,True,[175],0.0,odd,0,80,5.0332979299128056e-05
no_semantic_llama_3_3_70b_versatile,GA_ADAPTIVE,number_kind,odd,1,True,True,[2263],0.0,odd,0,80,5.1083043217658997e-05
no_semantic_llama_3_3_70b_versatile,GA_ADAPTIVE,number_kind,odd,2,True,True,[1669],0.0,odd,0,80,5.070795305073261e-05
no_semantic_llama_3_3_70b_versatile,GA_ADAPTIVE,number_kind,odd,3,True,True,[2951],0.0,odd,0,80,5.04170311614871e-05
no_semantic_llama_3_3_70b_versatile,GA_ADAPTIVE,number_kind,odd,4,True,True,[1301],0.0,odd,0,80,5.012494511902332e-05
no_semantic_llama_3_3_70b_versatile,GA_ADAPTIVE,number_kind,odd,5,True,True,[1165],0.0,odd,0,80,5.0582922995090485e-05
no_semantic_llama_3_3_70b_versatile,GA_ADAPTIVE,number_kind,odd,6,True,True,[1729],0.0,odd,0,80,5.091703496873379e-05
no_semantic_llama_3_3_70b_versatile,GA_ADAPTIVE,number_kind,odd,7,True,True,[2659],0.0,odd,0,80,5.0875009037554264e-05
no_semantic_llama_3_3_70b_versatile,GA_ADAPTIVE,number_kind,odd,8,True,True,[-21],0.0,odd,0,80,5.1458016969263554e-05
no_semantic_llama_3_3_70b_versatile,GA_ADAPTIVE,number_kind,odd,9,True,True,[1471],0.0,odd,0,80,5.0875009037554264e-05
no_semantic_llama_3_3_70b_versatile,GA_ADAPTIVE,number_kind,odd,10,True,True,[933],0.0,odd,0,80,5.020899698138237e-05
no_semantic_llama_3_3_70b_versatile,GA_ADAPTIVE,number_kind,odd,11,True,True,[2989],0.0,odd,0,80,5.0709000788629055e-05
no_semantic_llama_3_3_70b_versatile,GA_ADAPTIVE,number_kind,odd,12,True,True,[-121],0.0,odd,0,80,5.0167087465524673e-05
no_semantic_llama_3_3_70b_versatile,GA_ADAPTIVE,number_kind,odd,13,True,True,[-83],0.0,odd,0,80,5.058303941041231e-05
no_semantic_llama_3_3_70b_versatile,GA_ADAPTIVE,number_kind,odd,14,True,True,[791],0.0,odd,0,80,5.0749978981912136e-05
no_semantic_llama_3_3_70b_versatile,GA_ADAPTIVE,number_kind,odd,15,True,True,[-9],0.0,odd,0,80,5.029095336794853e-05
no_semantic_llama_3_3_70b_versatile,GA_ADAPTIVE,number_kind,odd,16,True,True,[1069],0.0,odd,0,80,5.1083043217658997e-05
no_semantic_llama_3_3_70b_versatile,GA_ADAPTIVE,number_kind,odd,17,True,True,[-71],0.0,odd,0,80,5.137501284480095e-05
no_semantic_llama_3_3_70b_versatile,GA_ADAPTIVE,number_kind,odd,18,True,True,[861],0.0,odd,0,80,5.262496415525675e-05
no_semantic_llama_3_3_70b_versatile,GA_ADAPTIVE,number_kind,odd,19,True,True,[439],0.0,odd,0,80,4.691700451076031e-05
no_semantic_llama_3_3_70b_versatile,GA_ADAPTIVE,number_kind,odd,20,True,True,[-323],0.0,odd,0,80,4.725006874650717e-05
no_semantic_llama_3_3_70b_versatile,GA_ADAPTIVE,number_kind,odd,21,True,True,[1987],0.0,odd,0,80,4.658300895243883e-05
no_semantic_llama_3_3_70b_versatile,GA_ADAPTIVE,number_kind,odd,22,True,True,[1411],0.0,odd,0,80,4.591699689626694e-05
no_semantic_llama_3_3_70b_versatile,GA_ADAPTIVE,number_kind,odd,23,True,True,[-435],0.0,odd,0,80,4.562491085380316e-05
no_semantic_llama_3_3_70b_versatile,GA_ADAPTIVE,number_kind,odd,24,True,True,[-455],0.0,odd,0,80,4.720792640000582e-05
no_semantic_llama_3_3_70b_versatile,GA_ADAPTIVE,number_kind,odd,25,True,True,[875],0.0,odd,0,80,4.570803139358759e-05
no_semantic_llama_3_3_70b_versatile,GA_ADAPTIVE,number_kind,odd,26,True,True,[1609],0.0,odd,0,80,5.562498699873686e-05
no_semantic_llama_3_3_70b_versatile,GA_ADAPTIVE,number_kind,odd,27,True,True,[1619],0.0,odd,0,80,5.295802839100361e-05
no_semantic_llama_3_3_70b_versatile,GA_ADAPTIVE,number_kind,odd,28,True,True,[441],0.0,odd,0,80,5.1416922360658646e-05
no_semantic_llama_3_3_70b_versatile,GA_ADAPTIVE,number_kind,odd,29,True,True,[273],0.0,odd,0,80,5.270796827971935e-05
no_semantic_llama_3_3_70b_versatile,GA_ADAPTIVE,password_strength,weak_short,0,True,True,['rqCsSP0p'],0.0,weak_short,0,80,0.0001877499744296074
no_semantic_llama_3_3_70b_versatile,GA_ADAPTIVE,password_strength,weak_short,1,True,True,['iWUOs8pNRzaF'],0.0,weak_short,0,80,0.0001773328986018896
no_semantic_llama_3_3_70b_versatile,GA_ADAPTIVE,password_strength,weak_short,2,True,True,['RMiGVMe0KG0TyAPlf7m'],0.0,weak_short,0,80,0.00018166599329560995
no_semantic_llama_3_3_70b_versatile,GA_ADAPTIVE,password_strength,weak_short,3,True,True,['qaLV7E'],0.0,weak_short,0,80,0.00018583307974040508
no_semantic_llama_3_3_70b_versatile,GA_ADAPTIVE,password_strength,weak_short,4,True,True,['RUCeYQtBd'],0.0,weak_short,0,80,0.00017208303324878216
no_semantic_llama_3_3_70b_versatile,GA_ADAPTIVE,password_strength,weak_short,5,True,True,['GJq4fdLBXAOZSEUW'],0.0,weak_short,0,80,0.00018520897720009089
no_semantic_llama_3_3_70b_versatile,GA_ADAPTIVE,password_strength,weak_short,6,True,True,['72HXlh5X'],0.0,weak_short,0,80,0.00017608306370675564
no_semantic_llama_3_3_70b_versatile,GA_ADAPTIVE,password_strength,weak_short,7,True,True,['h4Lu3L3lKGyeySaXFl'],0.0,weak_short,0,80,0.00017720891628414392
no_semantic_llama_3_3_70b_versatile,GA_ADAPTIVE,password_strength,weak_short,8,True,True,['E7Q1YdElHsrrWTUAX7'],0.0,weak_short,0,80,0.00017445802222937346
no_semantic_llama_3_3_70b_versatile,GA_ADAPTIVE,password_strength,weak_short,9,True,True,['gVMD0AYTMYMkOch24L'],0.0,weak_short,0,80,0.00017633300740271807
no_semantic_llama_3_3_70b_versatile,GA_ADAPTIVE,password_strength,weak_short,10,True,True,['UOezfl6I00vXsrHXO'],0.0,weak_short,0,80,0.00018162489868700504
no_semantic_llama_3_3_70b_versatile,GA_ADAPTIVE,password_strength,weak_short,11,True,True,['M5QUCMVZ8B'],0.0,weak_short,0,80,0.00017758295871317387
no_semantic_llama_3_3_70b_versatile,GA_ADAPTIVE,password_strength,weak_short,12,True,True,['3zcL5TEaKKtgb'],0.0,weak_short,0,80,0.00018291594460606575
no_semantic_llama_3_3_70b_versatile,GA_ADAPTIVE,password_strength,weak_short,13,True,True,['btX2QybF3Ne'],0.0,weak_short,0,80,0.000167959020473063
no_semantic_llama_3_3_70b_versatile,GA_ADAPTIVE,password_strength,weak_short,14,True,True,['OXsHkLve9dDb'],0.0,weak_short,0,80,0.00018287496641278267
no_semantic_llama_3_3_70b_versatile,GA_ADAPTIVE,password_strength,weak_short,15,True,True,['G'],0.0,weak_short,0,80,0.00016220903489738703
no_semantic_llama_3_3_70b_versatile,GA_ADAPTIVE,password_strength,weak_short,16,True,True,[''],0.0,weak_short,0,80,0.00018395809456706047
no_semantic_llama_3_3_70b_versatile,GA_ADAPTIVE,password_strength,weak_short,17,True,True,['zez4WNWqjiVpyw8MSd'],0.0,weak_short,0,80,0.00017574999947100878
no_semantic_llama_3_3_70b_versatile,GA_ADAPTIVE,password_strength,weak_short,18,True,True,['kLpWM7VfBKdF1p4h'],0.0,weak_short,0,80,0.00017212494276463985
no_semantic_llama_3_3_70b_versatile,GA_ADAPTIVE,password_strength,weak_short,19,True,True,['fF7RyyObDyYv2865y'],0.0,weak_short,0,80,0.00017666700296103954
no_semantic_llama_3_3_70b_versatile,GA_ADAPTIVE,password_strength,weak_short,20,True,True,['3'],0.0,weak_short,0,80,0.00017141597345471382
no_semantic_llama_3_3_70b_versatile,GA_ADAPTIVE,password_strength,weak_short,21,True,True,['xSiwPOPU'],0.0,weak_short,0,80,0.0001852500718086958
no_semantic_llama_3_3_70b_versatile,GA_ADAPTIVE,password_strength,weak_short,22,True,True,['ISrj4CUKdN8'],0.0,weak_short,0,80,0.00016770802903920412
no_semantic_llama_3_3_70b_versatile,GA_ADAPTIVE,password_strength,weak_short,23,True,True,['UHesOLGd3I7'],0.0,weak_short,0,80,0.00017604196909815073
no_semantic_llama_3_3_70b_versatile,GA_ADAPTIVE,password_strength,weak_short,24,True,True,['lRpWvLE'],0.0,weak_short,0,80,0.00016304210294038057
no_semantic_llama_3_3_70b_versatile,GA_ADAPTIVE,password_strength,weak_short,25,True,True,['6dk'],0.0,weak_short,0,80,0.00016449997201561928
no_semantic_llama_3_3_70b_versatile,GA_ADAPTIVE,password_strength,weak_short,26,True,True,['0PL5JFNsbXzo7tvnRgdm'],0.0,weak_short,0,80,0.00018550001550465822
no_semantic_llama_3_3_70b_versatile,GA_ADAPTIVE,password_strength,weak_short,27,True,True,['qBo9TX'],0.0,weak_short,0,80,0.00017212494276463985
no_semantic_llama_3_3_70b_versatile,GA_ADAPTIVE,password_strength,weak_short,28,True,True,['yB80e4fMozi9iz'],0.0,weak_short,0,80,0.00016141601372510195
no_semantic_llama_3_3_70b_versatile,GA_ADAPTIVE,password_strength,weak_short,29,True,True,['sFfW5kF5sUjX7'],0.0,weak_short,0,80,0.00018154107965528965
no_semantic_llama_3_3_70b_versatile,GA_ADAPTIVE,password_strength,strong,0,True,True,['r78PwAUa2WmlD'],0.0,strong,0,80,0.00021724996622651815
no_semantic_llama_3_3_70b_versatile,GA_ADAPTIVE,password_strength,strong,1,True,True,['KavMPP3nTJ3n'],0.0,strong,0,80,0.0001989169977605343
no_semantic_llama_3_3_70b_versatile,GA_ADAPTIVE,password_strength,strong,2,True,True,['uk8lLUJI9wUwBQt'],0.0,strong,0,80,0.00020191597286611795
no_semantic_llama_3_3_70b_versatile,GA_ADAPTIVE,password_strength,strong,3,True,True,['QYawvC1LCoxzn'],0.0,strong,0,80,0.0002139160642400384
no_semantic_llama_3_3_70b_versatile,GA_ADAPTIVE,password_strength,strong,4,True,True,['AMxdL1oeelrbkjFBkMtM'],0.0,strong,0,80,0.00021112500689923763
no_semantic_llama_3_3_70b_versatile,GA_ADAPTIVE,password_strength,strong,5,True,True,['IHHAsA0FtKDb'],0.0,strong,0,80,0.00020645791664719582
no_semantic_llama_3_3_70b_versatile,GA_ADAPTIVE,password_strength,strong,6,True,True,['0tke4MplJpjc4J'],0.0,strong,0,80,0.0002056249650195241
no_semantic_llama_3_3_70b_versatile,GA_ADAPTIVE,password_strength,strong,7,True,True,['nm5vLGkurQxm7a'],0.0,strong,0,80,0.00021112500689923763
no_semantic_llama_3_3_70b_versatile,GA_ADAPTIVE,password_strength,strong,8,True,True,['NPxwnorF7Sv'],0.0,strong,0,80,0.00020770798437297344
no_semantic_llama_3_3_70b_versatile,GA_ADAPTIVE,password_strength,strong,9,True,True,['GbxbdH8FDVO'],0.0,strong,0,80,0.00021229195408523083
no_semantic_llama_3_3_70b_versatile,GA_ADAPTIVE,password_strength,strong,10,True,True,['iHTfDatF9GvyGoDOC0Y6'],0.0,strong,0,80,0.00020750006660819054
no_semantic_llama_3_3_70b_versatile,GA_ADAPTIVE,password_strength,strong,11,True,True,['3pJPZfWBXPvqJ3WmM1D'],0.0,strong,0,80,0.00020262505859136581
no_semantic_llama_3_3_70b_versatile,GA_ADAPTIVE,password_strength,strong,12,True,True,['31z6lpojdf8RgK'],0.0,strong,0,80,0.00022041704505681992
no_semantic_llama_3_3_70b_versatile,GA_ADAPTIVE,password_strength,strong,13,True,True,['VdDtLkhomJ4x5cOUk6'],0.0,strong,0,80,0.0002245419891551137
no_semantic_llama_3_3_70b_versatile,GA_ADAPTIVE,password_strength,strong,14,True,True,['fCIf88RNahxdVGcl'],0.0,strong,0,80,0.00020758307073265314
no_semantic_llama_3_3_70b_versatile,GA_ADAPTIVE,password_strength,strong,15,True,True,['UOg7LsoyWYxc8bUd'],0.0,strong,0,80,0.00019366596825420856
no_semantic_llama_3_3_70b_versatile,GA_ADAPTIVE,password_strength,strong,16,True,True,['5uBn2KUIqBUQLB3q03G'],0.0,strong,0,80,0.00021908397320657969
no_semantic_llama_3_3_70b_versatile,GA_ADAPTIVE,password_strength,strong,17,True,True,['yoU6kDirNWhUGp8SF1Z'],0.0,strong,0,80,0.00021120801102370024
no_semantic_llama_3_3_70b_versatile,GA_ADAPTIVE,password_strength,strong,18,True,True,['u8dIzGHpontNjPLv3'],0.0,strong,0,80,0.00021700002253055573
no_semantic_llama_3_3_70b_versatile,GA_ADAPTIVE,password_strength,strong,19,True,True,['mGifiplTR0URstAI'],0.0,strong,0,80,0.0002151250373572111
no_semantic_llama_3_3_70b_versatile,GA_ADAPTIVE,password_strength,strong,20,True,True,['1IKPWT3cOqGN1'],0.0,strong,0,80,0.0002025839639827609
no_semantic_llama_3_3_70b_versatile,GA_ADAPTIVE,password_strength,strong,21,True,True,['Z8gZOc127T2'],0.0,strong,0,80,0.00019937497563660145
no_semantic_llama_3_3_70b_versatile,GA_ADAPTIVE,password_strength,strong,22,True,True,['Y3TBR8XOgmAE'],0.0,strong,0,80,0.00020000000949949026
no_semantic_llama_3_3_70b_versatile,GA_ADAPTIVE,password_strength,strong,23,True,True,['TlBdZW7rsLhZUEjBLP'],0.0,strong,0,80,0.00020704197231680155
no_semantic_llama_3_3_70b_versatile,GA_ADAPTIVE,password_strength,strong,24,True,True,['hCFaQeHmqr2aj0d2Y'],0.0,strong,0,80,0.00021216599270701408
no_semantic_llama_3_3_70b_versatile,GA_ADAPTIVE,password_strength,strong,25,True,True,['Gtk2LXKUfI4qpxVV'],0.0,strong,0,80,0.00021425005979835987
no_semantic_llama_3_3_70b_versatile,GA_ADAPTIVE,password_strength,strong,26,True,True,['mLeFkr8wzcHhibEd3'],0.0,strong,0,80,0.000210333033464849
no_semantic_llama_3_3_70b_versatile,GA_ADAPTIVE,password_strength,strong,27,True,True,['58ZqVAH32xFKjA'],0.0,strong,0,80,0.00021425005979835987
no_semantic_llama_3_3_70b_versatile,GA_ADAPTIVE,password_strength,strong,28,True,True,['8nShjfQI5Kat2UVBx5'],0.0,strong,0,80,0.00020750006660819054
no_semantic_llama_3_3_70b_versatile,GA_ADAPTIVE,password_strength,strong,29,True,True,['Ili6bXTYT46Et'],0.0,strong,0,80,0.00021645904053002596
no_semantic_llama_3_3_70b_versatile,GA_ADAPTIVE,password_strength,medium,0,True,True,['f5NwbMCD'],0.0,medium,0,80,0.00020733301062136889
no_semantic_llama_3_3_70b_versatile,GA_ADAPTIVE,password_strength,medium,1,True,True,['UizgUMC'],0.0,medium,0,80,0.00018762494437396526
no_semantic_llama_3_3_70b_versatile,GA_ADAPTIVE,password_strength,medium,2,True,True,['TuRloecUC'],0.0,medium,0,80,0.00021349999587982893
no_semantic_llama_3_3_70b_versatile,GA_ADAPTIVE,password_strength,medium,3,True,True,['4'],0.0,medium,0,80,0.0001987079158425331
no_semantic_llama_3_3_70b_versatile,GA_ADAPTIVE,password_strength,medium,4,True,True,['77ovBEbyq'],0.0,medium,0,80,0.0002133330563083291
no_semantic_llama_3_3_70b_versatile,GA_ADAPTIVE,password_strength,medium,5,True,True,['QpfsaM'],0.0,medium,0,80,0.00021087494678795338
no_semantic_llama_3_3_70b_versatile,GA_ADAPTIVE,password_strength,medium,6,True,True,['D6kYDKet'],0.0,medium,0,80,0.0001943330280482769
no_semantic_llama_3_3_70b_versatile,GA_ADAPTIVE,password_strength,medium,7,True,True,['Os8ppg1m'],0.0,medium,0,80,0.0002166670747101307
no_semantic_llama_3_3_70b_versatile,GA_ADAPTIVE,password_strength,medium,8,True,True,['f1qQUs'],0.0,medium,0,80,0.00020174996461719275
no_semantic_llama_3_3_70b_versatile,GA_ADAPTIVE,password_strength,medium,9,True,True,['GOhMbymXeLzE'],0.0,medium,0,80,0.000197709072381258
no_semantic_llama_3_3_70b_versatile,GA_ADAPTIVE,password_strength,medium,10,True,True,['ZH9m2a'],0.0,medium,0,80,0.00020716700237244368
no_semantic_llama_3_3_70b_versatile,GA_ADAPTIVE,password_strength,medium,11,True,True,['vGHmFcsZ'],0.0,medium,0,80,0.00020800007041543722
no_semantic_llama_3_3_70b_versatile,GA_ADAPTIVE,password_strength,medium,12,True,True,['Dyk8o'],0.0,medium,0,80,0.0002031250623986125
no_semantic_llama_3_3_70b_versatile,GA_ADAPTIVE,password_strength,medium,13,True,True,['cLhiNxLNH'],0.0,medium,0,80,0.00020787492394447327
no_semantic_llama_3_3_70b_versatile,GA_ADAPTIVE,password_strength,medium,14,True,True,['HMq3Ydx'],0.0,medium,0,80,0.00021662504877895117
no_semantic_llama_3_3_70b_versatile,GA_ADAPTIVE,password_strength,medium,15,True,True,['1KD'],0.0,medium,0,80,0.0002105409512296319
no_semantic_llama_3_3_70b_versatile,GA_ADAPTIVE,password_strength,medium,16,True,True,['sDxY6TTy'],0.0,medium,0,80,0.00019791699014604092
no_semantic_llama_3_3_70b_versatile,GA_ADAPTIVE,password_strength,medium,17,True,True,['EnpuFeSpJez'],0.0,medium,0,80,0.00020979205146431923
no_semantic_llama_3_3_70b_versatile,GA_ADAPTIVE,password_strength,medium,18,True,True,['Hav46XZAD'],0.0,medium,0,80,0.0002140409778803587
no_semantic_llama_3_3_70b_versatile,GA_ADAPTIVE,password_strength,medium,19,True,True,['2Ls6'],0.0,medium,0,80,0.0001991660101339221
no_semantic_llama_3_3_70b_versatile,GA_ADAPTIVE,password_strength,medium,20,True,True,['Wm'],0.0,medium,0,80,0.00020320795010775328
no_semantic_llama_3_3_70b_versatile,GA_ADAPTIVE,password_strength,medium,21,True,True,['eAtlRyg8'],0.0,medium,0,80,0.00020116707310080528
no_semantic_llama_3_3_70b_versatile,GA_ADAPTIVE,password_strength,medium,22,True,True,['J'],0.0,medium,0,80,0.0002090830821543932
no_semantic_llama_3_3_70b_versatile,GA_ADAPTIVE,password_strength,medium,23,True,True,['zLSCOPN'],0.0,medium,0,80,0.00019975006580352783
no_semantic_llama_3_3_70b_versatile,GA_ADAPTIVE,password_strength,medium,24,True,True,['oQ0gITH'],0.0,medium,0,80,0.00021299999207258224
no_semantic_llama_3_3_70b_versatile,GA_ADAPTIVE,password_strength,medium,25,True,True,['ZJRH7l7O'],0.0,medium,0,80,0.00020670797675848007
no_semantic_llama_3_3_70b_versatile,GA_ADAPTIVE,password_strength,medium,26,True,True,['th6ol'],0.0,medium,0,80,0.0002162089804187417
no_semantic_llama_3_3_70b_versatile,GA_ADAPTIVE,password_strength,medium,27,True,True,['KURhibTTNvCadE'],0.0,medium,0,80,0.00020750006660819054
no_semantic_llama_3_3_70b_versatile,GA_ADAPTIVE,password_strength,medium,28,True,True,['6LRtM9NzV'],0.0,medium,0,80,0.00021170906256884336
no_semantic_llama_3_3_70b_versatile,GA_ADAPTIVE,password_strength,medium,29,True,True,['bwPKg'],0.0,medium,0,80,0.00021108391229063272
no_semantic_llama_3_3_70b_versatile,GA_ADAPTIVE,password_strength,weak_no_digit_upper,0,False,False,['HYAHQ9MmveGYnvznWXCA'],1.0,,0,8080,0.03764724999200553
no_semantic_llama_3_3_70b_versatile,GA_ADAPTIVE,password_strength,weak_no_digit_upper,1,False,False,['83QuHVoVWyHtB0DRAmGl'],1.0,,0,8080,0.03714795899577439
no_semantic_llama_3_3_70b_versatile,GA_ADAPTIVE,password_strength,weak_no_digit_upper,2,False,False,['I1yVQJV896bYXO4bOgHp'],1.0,,0,8080,0.03722933295648545
no_semantic_llama_3_3_70b_versatile,GA_ADAPTIVE,password_strength,weak_no_digit_upper,3,True,True,['kqaleg'],0.0,weak_no_digit_upper,63,5120,0.023948249989189208
no_semantic_llama_3_3_70b_versatile,GA_ADAPTIVE,password_strength,weak_no_digit_upper,4,True,True,['zwlkyn'],0.0,weak_no_digit_upper,13,1120,0.004787500016391277
no_semantic_llama_3_3_70b_versatile,GA_ADAPTIVE,password_strength,weak_no_digit_upper,5,False,False,['yZ4stYRft719YJq0Qr7'],1.0,,0,8080,0.03743612498510629
no_semantic_llama_3_3_70b_versatile,GA_ADAPTIVE,password_strength,weak_no_digit_upper,6,False,False,['hhTJOt6gketiQl'],1.0,,0,8080,0.037381374975666404
no_semantic_llama_3_3_70b_versatile,GA_ADAPTIVE,password_strength,weak_no_digit_upper,7,False,False,['zhUL6FpR2m'],1.0,,0,8080,0.03826320904772729
no_semantic_llama_3_3_70b_versatile,GA_ADAPTIVE,password_strength,weak_no_digit_upper,8,True,True,['lbwouv'],0.0,weak_no_digit_upper,24,2000,0.008992791990749538
no_semantic_llama_3_3_70b_versatile,GA_ADAPTIVE,password_strength,weak_no_digit_upper,9,True,True,['nlbmey'],0.0,weak_no_digit_upper,66,5360,0.024979874957352877
no_semantic_llama_3_3_70b_versatile,GA_ADAPTIVE,password_strength,weak_no_digit_upper,10,True,True,['kmegbwx'],0.0,weak_no_digit_upper,7,640,0.0027621251065284014
no_semantic_llama_3_3_70b_versatile,GA_ADAPTIVE,password_strength,weak_no_digit_upper,11,False,False,['9UObfCWN1qy6'],1.0,,0,8080,0.037995166960172355
no_semantic_llama_3_3_70b_versatile,GA_ADAPTIVE,password_strength,weak_no_digit_upper,12,False,False,['m5y2R22DR6cZMlXpUW'],1.0,,0,8080,0.0380917500006035
no_semantic_llama_3_3_70b_versatile,GA_ADAPTIVE,password_strength,weak_no_digit_upper,13,False,False,['UlYkqPuJSTcef'],1.0,,0,8080,0.03846012498252094
no_semantic_llama_3_3_70b_versatile,GA_ADAPTIVE,password_strength,weak_no_digit_upper,14,True,True,['qnrbdv'],0.0,weak_no_digit_upper,2,240,0.0009376249508932233
no_semantic_llama_3_3_70b_versatile,GA_ADAPTIVE,password_strength,weak_no_digit_upper,15,False,False,['nMFTLH2tysQU8j1g'],1.0,,0,8080,0.03825141710694879
no_semantic_llama_3_3_70b_versatile,GA_ADAPTIVE,password_strength,weak_no_digit_upper,16,False,False,['8cEn6MeE4H'],1.0,,0,8080,0.03760812489781529
no_semantic_llama_3_3_70b_versatile,GA_ADAPTIVE,password_strength,weak_no_digit_upper,17,False,False,['djZHEonjbbxCiP'],1.0,,0,8080,0.037957957945764065
no_semantic_llama_3_3_70b_versatile,GA_ADAPTIVE,password_strength,weak_no_digit_upper,18,True,True,['ajmjjb'],0.0,weak_no_digit_upper,36,2960,0.013319625053554773
no_semantic_llama_3_3_70b_versatile,GA_ADAPTIVE,password_strength,weak_no_digit_upper,19,False,False,['kt6Rbe0RCiHcIHvXZHv'],1.0,,0,8080,0.03775974991731346
no_semantic_llama_3_3_70b_versatile,GA_ADAPTIVE,password_strength,weak_no_digit_upper,20,False,False,['sPR4AxdwSPuF5Wc'],1.0,,0,8080,0.03755412495229393
no_semantic_llama_3_3_70b_versatile,GA_ADAPTIVE,password_strength,weak_no_digit_upper,21,True,True,['bxwnigej'],0.0,weak_no_digit_upper,27,2240,0.009987375000491738
no_semantic_llama_3_3_70b_versatile,GA_ADAPTIVE,password_strength,weak_no_digit_upper,22,True,True,['oxjplitm'],0.0,weak_no_digit_upper,98,7920,0.03653649997431785
no_semantic_llama_3_3_70b_versatile,GA_ADAPTIVE,password_strength,weak_no_digit_upper,23,True,True,['cgsmgoxkifo'],0.0,weak_no_digit_upper,32,2640,0.011800958076491952
no_semantic_llama_3_3_70b_versatile,GA_ADAPTIVE,password_strength,weak_no_digit_upper,24,False,False,['lGugYXs'],1.0,,0,8080,0.03739229100756347
no_semantic_llama_3_3_70b_versatile,GA_ADAPTIVE,password_strength,weak_no_digit_upper,25,False,False,['hUE2k5P'],1.0,,0,8080,0.037200417020358145
no_semantic_llama_3_3_70b_versatile,GA_ADAPTIVE,password_strength,weak_no_digit_upper,26,False,False,['OoR7TpPX'],1.0,,0,8080,0.03729345800820738
no_semantic_llama_3_3_70b_versatile,GA_ADAPTIVE,password_strength,weak_no_digit_upper,27,False,False,['9kKYFi'],1.0,,0,8080,0.03744291700422764
no_semantic_llama_3_3_70b_versatile,GA_ADAPTIVE,password_strength,weak_no_digit_upper,28,True,True,['mgmert'],0.0,weak_no_digit_upper,5,480,0.0019209999591112137
no_semantic_llama_3_3_70b_versatile,GA_ADAPTIVE,password_strength,weak_no_digit_upper,29,False,False,['VJ5HzAOy4ikLg'],1.0,,0,8080,0.03729229199234396
no_semantic_llama_3_3_70b_versatile,GA_ADAPTIVE,pin_pattern,secret_pin,0,True,True,"[7, 3, 9, 1]",0.0,secret_pin,35,2880,0.01535054191481322
no_semantic_llama_3_3_70b_versatile,GA_ADAPTIVE,pin_pattern,secret_pin,1,False,False,"[7, 5, 10, 2]",4.0,,32,8080,0.047265582950785756
no_semantic_llama_3_3_70b_versatile,GA_ADAPTIVE,pin_pattern,secret_pin,2,True,True,"[7, 3, 9, 1]",0.0,secret_pin,35,2880,0.015326375025324523
no_semantic_llama_3_3_70b_versatile,GA_ADAPTIVE,pin_pattern,secret_pin,3,False,False,"[7, 3, 10, 1]",1.0,,42,8080,0.04633237503003329
no_semantic_llama_3_3_70b_versatile,GA_ADAPTIVE,pin_pattern,secret_pin,4,True,True,"[7, 3, 9, 1]",0.0,secret_pin,59,4800,0.02549266698770225
no_semantic_llama_3_3_70b_versatile,GA_ADAPTIVE,pin_pattern,secret_pin,5,True,True,"[7, 3, 9, 1]",0.0,secret_pin,46,3760,0.02012074994854629
no_semantic_llama_3_3_70b_versatile,GA_ADAPTIVE,pin_pattern,secret_pin,6,True,True,"[7, 3, 9, 1]",0.0,secret_pin,30,2480,0.013101625023409724
no_semantic_llama_3_3_70b_versatile,GA_ADAPTIVE,pin_pattern,secret_pin,7,True,True,"[7, 3, 9, 1]",0.0,secret_pin,47,3840,0.02038116694893688
no_semantic_llama_3_3_70b_versatile,GA_ADAPTIVE,pin_pattern,secret_pin,8,False,False,"[7, 3, 8, 0]",2.0,,34,8080,0.04689095797948539
no_semantic_llama_3_3_70b_versatile,GA_ADAPTIVE,pin_pattern,secret_pin,9,False,False,"[7, 2, 9, 1]",1.0,,46,8080,0.04584887495730072
no_semantic_llama_3_3_70b_versatile,GA_ADAPTIVE,pin_pattern,secret_pin,10,True,True,"[7, 3, 9, 1]",0.0,secret_pin,44,3600,0.019199208938516676
no_semantic_llama_3_3_70b_versatile,GA_ADAPTIVE,pin_pattern,secret_pin,11,True,True,"[7, 3, 9, 1]",0.0,secret_pin,44,3600,0.019198041991330683
no_semantic_llama_3_3_70b_versatile,GA_ADAPTIVE,pin_pattern,secret_pin,12,True,True,"[7, 3, 9, 1]",0.0,secret_pin,36,2960,0.015533750061877072
no_semantic_llama_3_3_70b_versatile,GA_ADAPTIVE,pin_pattern,secret_pin,13,True,True,"[7, 3, 9, 1]",0.0,secret_pin,50,4080,0.021703333011828363
no_semantic_llama_3_3_70b_versatile,GA_ADAPTIVE,pin_pattern,secret_pin,14,False,False,"[7, 4, 9, 1]",1.0,,41,8080,0.04630845901556313
no_semantic_llama_3_3_70b_versatile,GA_ADAPTIVE,pin_pattern,secret_pin,15,False,False,"[7, 3, 10, 1]",1.0,,40,8080,0.04646437498740852
no_semantic_llama_3_3_70b_versatile,GA_ADAPTIVE,pin_pattern,secret_pin,16,True,True,"[7, 3, 9, 1]",0.0,secret_pin,46,3760,0.019923583953641355
no_semantic_llama_3_3_70b_versatile,GA_ADAPTIVE,pin_pattern,secret_pin,17,True,True,"[7, 3, 9, 1]",0.0,secret_pin,35,2880,0.015252041979692876
no_semantic_llama_3_3_70b_versatile,GA_ADAPTIVE,pin_pattern,secret_pin,18,True,True,"[7, 3, 9, 1]",0.0,secret_pin,40,3280,0.01742862502578646
no_semantic_llama_3_3_70b_versatile,GA_ADAPTIVE,pin_pattern,secret_pin,19,True,True,"[7, 3, 9, 1]",0.0,secret_pin,49,4000,0.02133862499613315
no_semantic_llama_3_3_70b_versatile,GA_ADAPTIVE,pin_pattern,secret_pin,20,True,True,"[7, 3, 9, 1]",0.0,secret_pin,67,5440,0.029213915928266943
no_semantic_llama_3_3_70b_versatile,GA_ADAPTIVE,pin_pattern,secret_pin,21,False,False,"[7, 2, 9, 1]",1.0,,46,8080,0.0459967500064522
no_semantic_llama_3_3_70b_versatile,GA_ADAPTIVE,pin_pattern,secret_pin,22,True,True,"[7, 3, 9, 1]",0.0,secret_pin,57,4640,0.024827666929922998
no_semantic_llama_3_3_70b_versatile,GA_ADAPTIVE,pin_pattern,secret_pin,23,True,True,"[7, 3, 9, 1]",0.0,secret_pin,51,4160,0.02230487496126443
no_semantic_llama_3_3_70b_versatile,GA_ADAPTIVE,pin_pattern,secret_pin,24,True,True,"[7, 3, 9, 1]",0.0,secret_pin,39,3200,0.017054166994057596
no_semantic_llama_3_3_70b_versatile,GA_ADAPTIVE,pin_pattern,secret_pin,25,True,True,"[7, 3, 9, 1]",0.0,secret_pin,36,2960,0.015682667028158903
no_semantic_llama_3_3_70b_versatile,GA_ADAPTIVE,pin_pattern,secret_pin,26,True,True,"[7, 3, 9, 1]",0.0,secret_pin,50,4080,0.0217469580238685
no_semantic_llama_3_3_70b_versatile,GA_ADAPTIVE,pin_pattern,secret_pin,27,True,True,"[7, 3, 9, 1]",0.0,secret_pin,39,3200,0.01690920803230256
no_semantic_llama_3_3_70b_versatile,GA_ADAPTIVE,pin_pattern,secret_pin,28,False,False,"[6, 5, 9, 1]",3.0,,35,8080,0.046751084038987756
no_semantic_llama_3_3_70b_versatile,GA_ADAPTIVE,pin_pattern,secret_pin,29,True,True,"[7, 3, 9, 1]",0.0,secret_pin,41,3360,0.017789958976209164
no_semantic_llama_3_3_70b_versatile,GA_ADAPTIVE,pin_pattern,all_same,0,False,False,"[-218, -218, -217, -216]",2.0,,25,8080,0.04719083406962454
no_semantic_llama_3_3_70b_versatile,GA_ADAPTIVE,pin_pattern,all_same,1,True,True,"[686, 686, 686, 686]",0.0,all_same,60,4880,0.02595299994572997
no_semantic_llama_3_3_70b_versatile,GA_ADAPTIVE,pin_pattern,all_same,2,False,False,"[1440, 1440, 1441, 1441]",1.0,,32,8080,0.04669474996626377
no_semantic_llama_3_3_70b_versatile,GA_ADAPTIVE,pin_pattern,all_same,3,False,False,"[1806, 1806, 1805, 1805]",1.0,,72,8080,0.04395691701211035
no_semantic_llama_3_3_70b_versatile,GA_ADAPTIVE,pin_pattern,all_same,4,False,False,"[1441, 1441, 1441, 1440]",1.0,,45,8080,0.045940958079881966
no_semantic_llama_3_3_70b_versatile,GA_ADAPTIVE,pin_pattern,all_same,5,True,True,"[1494, 1494, 1494, 1494]",0.0,all_same,15,1280,0.006656541023403406
no_semantic_llama_3_3_70b_versatile,GA_ADAPTIVE,pin_pattern,all_same,6,True,True,"[1901, 1901, 1901, 1901]",0.0,all_same,55,4480,0.024002040969207883
no_semantic_llama_3_3_70b_versatile,GA_ADAPTIVE,pin_pattern,all_same,7,True,True,"[1858, 1858, 1858, 1858]",0.0,all_same,40,3280,0.017600458930246532
no_semantic_llama_3_3_70b_versatile,GA_ADAPTIVE,pin_pattern,all_same,8,True,True,"[2296, 2296, 2296, 2296]",0.0,all_same,59,4800,0.025838290923275054
no_semantic_llama_3_3_70b_versatile,GA_ADAPTIVE,pin_pattern,all_same,9,True,True,"[340, 340, 340, 340]",0.0,all_same,37,3040,0.016229125089012086
no_semantic_llama_3_3_70b_versatile,GA_ADAPTIVE,pin_pattern,all_same,10,False,False,"[110, 110, 109, 109]",1.0,,32,8080,0.046971790958195925
no_semantic_llama_3_3_70b_versatile,GA_ADAPTIVE,pin_pattern,all_same,11,True,True,"[1632, 1632, 1632, 1632]",0.0,all_same,39,3200,0.016952166915871203
no_semantic_llama_3_3_70b_versatile,GA_ADAPTIVE,pin_pattern,all_same,12,False,False,"[2311, 2311, 2310, 2310]",1.0,,39,8080,0.046889833989553154
no_semantic_llama_3_3_70b_versatile,GA_ADAPTIVE,pin_pattern,all_same,13,True,True,"[452, 452, 452, 452]",0.0,all_same,44,3600,0.019283082918263972
no_semantic_llama_3_3_70b_versatile,GA_ADAPTIVE,pin_pattern,all_same,14,False,False,"[1329, 1329, 1328, 1328]",1.0,,41,8080,0.04613420809619129
no_semantic_llama_3_3_70b_versatile,GA_ADAPTIVE,pin_pattern,all_same,15,False,False,"[400, 401, 401, 401]",1.0,,44,8080,0.04596491705160588
no_semantic_llama_3_3_70b_versatile,GA_ADAPTIVE,pin_pattern,all_same,16,True,True,"[1804, 1804, 1804, 1804]",0.0,all_same,44,3600,0.019088208093307912
no_semantic_llama_3_3_70b_versatile,GA_ADAPTIVE,pin_pattern,all_same,17,False,False,"[436, 436, 435, 435]",1.0,,50,8080,0.04555616597644985
no_semantic_llama_3_3_70b_versatile,GA_ADAPTIVE,pin_pattern,all_same,18,True,True,"[777, 777, 777, 777]",0.0,all_same,30,2480,0.013051958056166768
no_semantic_llama_3_3_70b_versatile,GA_ADAPTIVE,pin_pattern,all_same,19,False,False,"[733, 733, 733, 732]",1.0,,26,8080,0.04708170797675848
no_semantic_llama_3_3_70b_versatile,GA_ADAPTIVE,pin_pattern,all_same,20,False,False,"[1690, 1690, 1690, 1689]",1.0,,40,8080,0.046198708936572075
no_semantic_llama_3_3_70b_versatile,GA_ADAPTIVE,pin_pattern,all_same,21,False,False,"[1057, 1058, 1058, 1058]",1.0,,27,8080,0.047566749970428646
no_semantic_llama_3_3_70b_versatile,GA_ADAPTIVE,pin_pattern,all_same,22,True,True,"[1603, 1603, 1603, 1603]",0.0,all_same,51,4160,0.02231762500014156
no_semantic_llama_3_3_70b_versatile,GA_ADAPTIVE,pin_pattern,all_same,23,True,True,"[1638, 1638, 1638, 1638]",0.0,all_same,18,1520,0.00794466701336205
no_semantic_llama_3_3_70b_versatile,GA_ADAPTIVE,pin_pattern,all_same,24,True,True,"[1745, 1745, 1745, 1745]",0.0,all_same,27,2240,0.011951167020015419
no_semantic_llama_3_3_70b_versatile,GA_ADAPTIVE,pin_pattern,all_same,25,False,False,"[2338, 2338, 2337, 2337]",1.0,,42,8080,0.046510750078596175
no_semantic_llama_3_3_70b_versatile,GA_ADAPTIVE,pin_pattern,all_same,26,True,True,"[621, 621, 621, 621]",0.0,all_same,38,3120,0.016704958048649132
no_semantic_llama_3_3_70b_versatile,GA_ADAPTIVE,pin_pattern,all_same,27,False,False,"[1798, 1798, 1799, 1799]",1.0,,42,8080,0.04630599997472018
no_semantic_llama_3_3_70b_versatile,GA_ADAPTIVE,pin_pattern,all_same,28,False,False,"[723, 723, 722, 722]",1.0,,34,8080,0.046715916018001735
no_semantic_llama_3_3_70b_versatile,GA_ADAPTIVE,pin_pattern,all_same,29,True,True,"[1767, 1767, 1767, 1767]",0.0,all_same,55,4480,0.023881333996541798
no_semantic_llama_3_3_70b_versatile,GA_ADAPTIVE,pin_pattern,ordered_sum_20,0,False,False,"[746, -97, -232, -397]",1.0,,11,8080,0.04810954199638218
no_semantic_llama_3_3_70b_versatile,GA_ADAPTIVE,pin_pattern,ordered_sum_20,1,True,True,"[-425, -86, -70, 601]",0.0,ordered_sum_20,12,1040,0.005295832990668714
no_semantic_llama_3_3_70b_versatile,GA_ADAPTIVE,pin_pattern,ordered_sum_20,2,False,False,"[-102, 285, -372, 209]",1.0,,5,8080,0.04853158304467797
no_semantic_llama_3_3_70b_versatile,GA_ADAPTIVE,pin_pattern,ordered_sum_20,3,False,False,"[247, 269, -102, -394]",1.0,,4,8080,0.04866570804733783
no_semantic_llama_3_3_70b_versatile,GA_ADAPTIVE,pin_pattern,ordered_sum_20,4,False,False,"[-124, -409, -392, 945]",1.0,,14,8080,0.04796958400402218
no_semantic_llama_3_3_70b_versatile,GA_ADAPTIVE,pin_pattern,ordered_sum_20,5,False,False,"[-64, -412, 545, -49]",1.0,,9,8080,0.048332834034226835
no_semantic_llama_3_3_70b_versatile,GA_ADAPTIVE,pin_pattern,ordered_sum_20,6,False,False,"[-186, -243, 803, -354]",1.0,,3,8080,0.048798374948091805
no_semantic_llama_3_3_70b_versatile,GA_ADAPTIVE,pin_pattern,ordered_sum_20,7,False,False,"[149, -47, -393, 311]",1.0,,11,8080,0.04829137504566461
no_semantic_llama_3_3_70b_versatile,GA_ADAPTIVE,pin_pattern,ordered_sum_20,8,True,True,"[-422, -386, 409, 419]",0.0,ordered_sum_20,69,5600,0.033014707965776324
no_semantic_llama_3_3_70b_versatile,GA_ADAPTIVE,pin_pattern,ordered_sum_20,9,False,False,"[-111, 156, -295, 270]",1.0,,7,8080,0.04861795890610665
no_semantic_llama_3_3_70b_versatile,GA_ADAPTIVE,pin_pattern,ordered_sum_20,10,True,True,"[-281, -267, 109, 459]",0.0,ordered_sum_20,17,1440,0.007527499925345182
no_semantic_llama_3_3_70b_versatile,GA_ADAPTIVE,pin_pattern,ordered_sum_20,11,False,False,"[-314, 62, 48, 224]",1.0,,13,8080,0.04828633298166096
no_semantic_llama_3_3_70b_versatile,GA_ADAPTIVE,pin_pattern,ordered_sum_20,12,False,False,"[-228, 682, -294, -140]",1.0,,5,8080,0.048803415964357555
no_semantic_llama_3_3_70b_versatile,GA_ADAPTIVE,pin_pattern,ordered_sum_20,13,False,False,"[-180, -394, 820, -226]",1.0,,11,8080,0.04834516695700586
no_semantic_llama_3_3_70b_versatile,GA_ADAPTIVE,pin_pattern,ordered_sum_20,14,False,False,"[40, -450, 418, 12]",1.0,,3,8080,0.048968874965794384
no_semantic_llama_3_3_70b_versatile,GA_ADAPTIVE,pin_pattern,ordered_sum_20,15,False,False,"[227, 513, -253, -467]",1.0,,11,8080,0.048294708016328514
no_semantic_llama_3_3_70b_versatile,GA_ADAPTIVE,pin_pattern,ordered_sum_20,16,False,False,"[10, 323, -378, 65]",1.0,,10,8080,0.04834991705138236
no_semantic_llama_3_3_70b_versatile,GA_ADAPTIVE,pin_pattern,ordered_sum_20,17,False,False,"[396, -488, 49, 63]",1.0,,10,8080,0.04828949994407594
no_semantic_llama_3_3_70b_versatile,GA_ADAPTIVE,pin_pattern,ordered_sum_20,18,False,False,"[333, 141, -309, -145]",1.0,,12,8080,0.04838204092811793
no_semantic_llama_3_3_70b_versatile,GA_ADAPTIVE,pin_pattern,ordered_sum_20,19,False,False,"[388, -189, -476, 297]",1.0,,19,8080,0.04778954200446606
no_semantic_llama_3_3_70b_versatile,GA_ADAPTIVE,pin_pattern,ordered_sum_20,20,False,False,"[-308, 755, -355, -72]",1.0,,13,8080,0.048278375063091516
no_semantic_llama_3_3_70b_versatile,GA_ADAPTIVE,pin_pattern,ordered_sum_20,21,True,True,"[-369, -173, 113, 449]",0.0,ordered_sum_20,13,1120,0.005750624928623438
no_semantic_llama_3_3_70b_versatile,GA_ADAPTIVE,pin_pattern,ordered_sum_20,22,False,False,"[151, 127, 104, -362]",1.0,,13,8080,0.04808274994138628
no_semantic_llama_3_3_70b_versatile,GA_ADAPTIVE,pin_pattern,ordered_sum_20,23,False,False,"[-240, 358, -102, 4]",1.0,,10,8080,0.04844291694462299
no_semantic_llama_3_3_70b_versatile,GA_ADAPTIVE,pin_pattern,ordered_sum_20,24,False,False,"[-465, 827, -68, -274]",1.0,,9,8080,0.04857529199216515
no_semantic_llama_3_3_70b_versatile,GA_ADAPTIVE,pin_pattern,ordered_sum_20,25,True,True,"[-309, -282, 299, 312]",0.0,ordered_sum_20,46,3760,0.020723333000205457
no_semantic_llama_3_3_70b_versatile,GA_ADAPTIVE,pin_pattern,ordered_sum_20,26,False,False,"[-293, -205, -247, 765]",1.0,,14,8080,0.048157833982259035
no_semantic_llama_3_3_70b_versatile,GA_ADAPTIVE,pin_pattern,ordered_sum_20,27,False,False,"[376, 423, -356, -423]",1.0,,5,8080,0.048780207987874746
no_semantic_llama_3_3_70b_versatile,GA_ADAPTIVE,pin_pattern,ordered_sum_20,28,False,False,"[-208, -263, 735, -244]",1.0,,13,8080,0.04812924994621426
no_semantic_llama_3_3_70b_versatile,GA_ADAPTIVE,pin_pattern,ordered_sum_20,29,False,False,"[64, -337, -299, 592]",1.0,,3,8080,0.04889212502166629
no_semantic_llama_3_3_70b_versatile,GA_ADAPTIVE,pin_pattern,other,0,True,True,"[1129, 2298, 155, 335]",0.0,other,0,80,0.0001248749904334545
no_semantic_llama_3_3_70b_versatile,GA_ADAPTIVE,pin_pattern,other,1,True,True,"[2594, 2908, 284, 712]",0.0,other,0,80,0.00012233294546604156
no_semantic_llama_3_3_70b_versatile,GA_ADAPTIVE,pin_pattern,other,2,True,True,"[493, 1248, 2141, 1865]",0.0,other,0,80,0.00012091698590666056
no_semantic_llama_3_3_70b_versatile,GA_ADAPTIVE,pin_pattern,other,3,True,True,"[320, 410, 638, 2733]",0.0,other,0,80,0.00012212502770125866
no_semantic_llama_3_3_70b_versatile,GA_ADAPTIVE,pin_pattern,other,4,True,True,"[2201, 1547, 2653, 2486]",0.0,other,0,80,0.00011975003872066736
no_semantic_llama_3_3_70b_versatile,GA_ADAPTIVE,pin_pattern,other,5,True,True,"[2443, 1641, 1153, 655]",0.0,other,0,80,0.00012029102072119713
no_semantic_llama_3_3_70b_versatile,GA_ADAPTIVE,pin_pattern,other,6,True,True,"[-335, 634, 1807, 1348]",0.0,other,0,80,0.00011866702698171139
no_semantic_llama_3_3_70b_versatile,GA_ADAPTIVE,pin_pattern,other,7,True,True,"[107, 2303, -89, 169]",0.0,other,0,80,0.00012145796790719032
no_semantic_llama_3_3_70b_versatile,GA_ADAPTIVE,pin_pattern,other,8,True,True,"[2951, 2818, 2455, 975]",0.0,other,0,80,0.00012070802040398121
no_semantic_llama_3_3_70b_versatile,GA_ADAPTIVE,pin_pattern,other,9,True,True,"[1561, 706, 2173, 319]",0.0,other,0,80,0.0001212910283356905
no_semantic_llama_3_3_70b_versatile,GA_ADAPTIVE,pin_pattern,other,10,True,True,"[77, 1508, 2311, 2840]",0.0,other,0,80,0.00012266705743968487
no_semantic_llama_3_3_70b_versatile,GA_ADAPTIVE,pin_pattern,other,11,True,True,"[2401, -161, 687, -250]",0.0,other,0,80,0.00012045796029269695
no_semantic_llama_3_3_70b_versatile,GA_ADAPTIVE,pin_pattern,other,12,True,True,"[2169, 374, 616, 1953]",0.0,other,0,80,0.00011979194823652506
no_semantic_llama_3_3_70b_versatile,GA_ADAPTIVE,pin_pattern,other,13,True,True,"[698, 708, 785, 788]",0.0,other,0,80,0.00011991604696959257
no_semantic_llama_3_3_70b_versatile,GA_ADAPTIVE,pin_pattern,other,14,True,True,"[2290, 1916, 1584, 1084]",0.0,other,0,80,0.000118291936814785
no_semantic_llama_3_3_70b_versatile,GA_ADAPTIVE,pin_pattern,other,15,True,True,"[1901, 1338, 235, 755]",0.0,other,0,80,0.00011966703459620476
no_semantic_llama_3_3_70b_versatile,GA_ADAPTIVE,pin_pattern,other,16,True,True,"[854, 371, 1702, 2495]",0.0,other,0,80,0.00011970801278948784
no_semantic_llama_3_3_70b_versatile,GA_ADAPTIVE,pin_pattern,other,17,True,True,"[1632, 1483, 538, 455]",0.0,other,0,80,0.00011950009502470493
no_semantic_llama_3_3_70b_versatile,GA_ADAPTIVE,pin_pattern,other,18,True,True,"[13, 1304, 635, 792]",0.0,other,0,80,0.0001193750649690628
no_semantic_llama_3_3_70b_versatile,GA_ADAPTIVE,pin_pattern,other,19,True,True,"[-481, 2027, 1897, 2354]",0.0,other,0,80,0.00011991604696959257
no_semantic_llama_3_3_70b_versatile,GA_ADAPTIVE,pin_pattern,other,20,True,True,"[1608, 2825, 433, 669]",0.0,other,0,80,0.0001212080242112279
no_semantic_llama_3_3_70b_versatile,GA_ADAPTIVE,pin_pattern,other,21,True,True,"[2141, 240, 1580, 2552]",0.0,other,0,80,0.00012129195965826511
no_semantic_llama_3_3_70b_versatile,GA_ADAPTIVE,pin_pattern,other,22,True,True,"[659, 1382, -443, 344]",0.0,other,0,80,0.00012037507258355618
no_semantic_llama_3_3_70b_versatile,GA_ADAPTIVE,pin_pattern,other,23,True,True,"[24, 1041, -98, 2438]",0.0,other,0,80,0.0001204170985147357
no_semantic_llama_3_3_70b_versatile,GA_ADAPTIVE,pin_pattern,other,24,True,True,"[696, -293, 2824, 1685]",0.0,other,0,80,0.00011945795267820358
no_semantic_llama_3_3_70b_versatile,GA_ADAPTIVE,pin_pattern,other,25,True,True,"[1918, 9, 530, 1862]",0.0,other,0,80,0.0001194999786093831
no_semantic_llama_3_3_70b_versatile,GA_ADAPTIVE,pin_pattern,other,26,True,True,"[1442, -272, 2087, -109]",0.0,other,0,80,0.0001194999786093831
no_semantic_llama_3_3_70b_versatile,GA_ADAPTIVE,pin_pattern,other,27,True,True,"[2357, 829, 1442, -289]",0.0,other,0,80,0.00012070802040398121
no_semantic_llama_3_3_70b_versatile,GA_ADAPTIVE,pin_pattern,other,28,True,True,"[-255, -271, 2143, 2929]",0.0,other,0,80,0.00012137496378272772
no_semantic_llama_3_3_70b_versatile,GA_ADAPTIVE,pin_pattern,other,29,True,True,"[1291, 2333, 2157, 1453]",0.0,other,0,80,0.0001204590080305934
no_semantic_llama_3_3_70b_versatile,GA_ADAPTIVE,shipping_discount,invalid,0,False,False,"[31.438785645734768, 589.0340917937511, True]",1.0,,0,8080,0.04119479202199727
no_semantic_llama_3_3_70b_versatile,GA_ADAPTIVE,shipping_discount,invalid,1,False,False,"[116.34636261293151, 661.2231018828397, True]",1.0,,0,8080,0.04116016696207225
no_semantic_llama_3_3_70b_versatile,GA_ADAPTIVE,shipping_discount,invalid,2,False,False,"[410.96645115633623, 340.09301060584585, False]",1.0,,0,8080,0.04174449993297458
no_semantic_llama_3_3_70b_versatile,GA_ADAPTIVE,shipping_discount,invalid,3,False,False,"[502.5104471748496, 765.5036303604762, True]",1.0,,0,8080,0.041590958018787205
no_semantic_llama_3_3_70b_versatile,GA_ADAPTIVE,shipping_discount,invalid,4,False,False,"[355.89257747481986, 851.5820169281232, False]",1.0,,0,8080,0.041606458951719105
no_semantic_llama_3_3_70b_versatile,GA_ADAPTIVE,shipping_discount,invalid,5,False,False,"[902.4846693969488, 728.391807333551, False]",1.0,,0,8080,0.04158370790537447
no_semantic_llama_3_3_70b_versatile,GA_ADAPTIVE,shipping_discount,invalid,6,False,False,"[542.1521296214501, 870.6540120249592, False]",1.0,,0,8080,0.04154691705480218
no_semantic_llama_3_3_70b_versatile,GA_ADAPTIVE,shipping_discount,invalid,7,False,False,"[76.94233381859871, 725.6056126535168, True]",1.0,,0,8080,0.04152674996294081
no_semantic_llama_3_3_70b_versatile,GA_ADAPTIVE,shipping_discount,invalid,8,False,False,"[850.9390256918006, 548.1105774636435, False]",1.0,,0,8080,0.04160187509842217
no_semantic_llama_3_3_70b_versatile,GA_ADAPTIVE,shipping_discount,invalid,9,False,False,"[157.14749346080103, 493.3848448263667, True]",1.0,,0,8080,0.041520124999806285
no_semantic_llama_3_3_70b_versatile,GA_ADAPTIVE,shipping_discount,invalid,10,False,False,"[925.9398066883801, 614.1740420882246, False]",1.0,,0,8080,0.04151837504468858
no_semantic_llama_3_3_70b_versatile,GA_ADAPTIVE,shipping_discount,invalid,11,False,False,"[53.65744958868657, 927.2654538916637, True]",1.0,,0,8080,0.041633250075392425
no_semantic_llama_3_3_70b_versatile,GA_ADAPTIVE,shipping_discount,invalid,12,False,False,"[614.4119169130997, 921.1552077439457, True]",1.0,,0,8080,0.041381083079613745
no_semantic_llama_3_3_70b_versatile,GA_ADAPTIVE,shipping_discount,invalid,13,False,False,"[916.3174227437373, 432.29058164677406, True]",1.0,,0,8080,0.04149629094172269
no_semantic_llama_3_3_70b_versatile,GA_ADAPTIVE,shipping_discount,invalid,14,False,False,"[160.73679266761775, 868.1947838568648, False]",1.0,,0,8080,0.04141970898490399
no_semantic_llama_3_3_70b_versatile,GA_ADAPTIVE,shipping_discount,invalid,15,False,False,"[570.6579720937509, 726.5207084862739, True]",1.0,,0,8080,0.04111200000625104
no_semantic_llama_3_3_70b_versatile,GA_ADAPTIVE,shipping_discount,invalid,16,False,False,"[535.5489333265762, 395.61146671237833, False]",1.0,,0,8080,0.04098862502723932
no_semantic_llama_3_3_70b_versatile,GA_ADAPTIVE,shipping_discount,invalid,17,False,False,"[991.760142051111, 224.2395373001136, True]",1.0,,0,8080,0.04108229198027402
no_semantic_llama_3_3_70b_versatile,GA_ADAPTIVE,shipping_discount,invalid,18,False,False,"[181.38932663403196, 249.59213686858882, True]",1.0,,0,8080,0.0410567088983953
no_semantic_llama_3_3_70b_versatile,GA_ADAPTIVE,shipping_discount,invalid,19,False,False,"[920.0921838812169, 346.6672164336649, True]",1.0,,0,8080,0.041073417058214545
no_semantic_llama_3_3_70b_versatile,GA_ADAPTIVE,shipping_discount,invalid,20,False,False,"[942.7442174732532, 446.8515936495744, True]",1.0,,0,8080,0.041077917092479765
no_semantic_llama_3_3_70b_versatile,GA_ADAPTIVE,shipping_discount,invalid,21,False,False,"[29.71350252167515, 937.5991642514072, False]",1.0,,0,8080,0.04104387492407113
no_semantic_llama_3_3_70b_versatile,GA_ADAPTIVE,shipping_discount,invalid,22,False,False,"[573.2903815101939, 777.5376006455646, True]",1.0,,0,8080,0.04097870795521885
no_semantic_llama_3_3_70b_versatile,GA_ADAPTIVE,shipping_discount,invalid,23,False,False,"[132.84951698455438, 764.0904530153813, False]",1.0,,0,8080,0.04114762495737523
no_semantic_llama_3_3_70b_versatile,GA_ADAPTIVE,shipping_discount,invalid,24,False,False,"[217.4179260888226, 468.1464836977903, True]",1.0,,0,8080,0.04102250002324581
no_semantic_llama_3_3_70b_versatile,GA_ADAPTIVE,shipping_discount,invalid,25,False,False,"[788.2412832219906, 626.3024508060927, True]",1.0,,0,8080,0.04101720894686878
no_semantic_llama_3_3_70b_versatile,GA_ADAPTIVE,shipping_discount,invalid,26,False,False,"[141.19280384035793, 933.5229474474535, True]",1.0,,0,8080,0.04114025004673749
no_semantic_llama_3_3_70b_versatile,GA_ADAPTIVE,shipping_discount,invalid,27,False,False,"[459.2021615654175, 48.46356321560064, True]",1.0,,0,8080,0.04105520900338888
no_semantic_llama_3_3_70b_versatile,GA_ADAPTIVE,shipping_discount,invalid,28,False,False,"[718.3529549896909, 136.01341457797022, False]",1.0,,0,8080,0.04108891694340855
no_semantic_llama_3_3_70b_versatile,GA_ADAPTIVE,shipping_discount,invalid,29,False,False,"[519.4071972832292, 468.74217841875765, True]",1.0,,0,8080,0.041139832930639386
no_semantic_llama_3_3_70b_versatile,GA_ADAPTIVE,shipping_discount,free_express_shipping,0,True,True,"[418.5803311362978, 15.451603645275425, True]",0.0,free_express_shipping,0,80,8.512497879564762e-05
no_semantic_llama_3_3_70b_versatile,GA_ADAPTIVE,shipping_discount,free_express_shipping,1,True,True,"[446.3915566717431, 27.348395300948347, True]",0.0,free_express_shipping,0,80,8.212507236748934e-05
no_semantic_llama_3_3_70b_versatile,GA_ADAPTIVE,shipping_discount,free_express_shipping,2,True,True,"[538.3574306991138, 44.24566877604064, True]",0.0,free_express_shipping,0,80,8.237501606345177e-05
no_semantic_llama_3_3_70b_versatile,GA_ADAPTIVE,shipping_discount,free_express_shipping,3,True,True,"[400.2203398581337, 11.31224322023483, True]",0.0,free_express_shipping,0,80,8.091703057289124e-05
no_semantic_llama_3_3_70b_versatile,GA_ADAPTIVE,shipping_discount,free_express_shipping,4,True,True,"[748.6432929341494, 21.418816354096148, True]",0.0,free_express_shipping,0,80,8.237501606345177e-05
no_semantic_llama_3_3_70b_versatile,GA_ADAPTIVE,shipping_discount,free_express_shipping,5,True,True,"[528.2398579841772, 42.99663862952852, True]",0.0,free_express_shipping,1,160,0.00048325001262128353
no_semantic_llama_3_3_70b_versatile,GA_ADAPTIVE,shipping_discount,free_express_shipping,6,True,True,"[745.1356431566668, 7.701046849297411, True]",0.0,free_express_shipping,2,240,0.0008717500604689121
no_semantic_llama_3_3_70b_versatile,GA_ADAPTIVE,shipping_discount,free_express_shipping,7,True,True,"[759.7562217376125, 7.78948010875935, True]",0.0,free_express_shipping,0,80,8.095800876617432e-05
no_semantic_llama_3_3_70b_versatile,GA_ADAPTIVE,shipping_discount,free_express_shipping,8,True,True,"[457.6606866094162, 11.266277413480296, True]",0.0,free_express_shipping,0,80,8.062506094574928e-05
no_semantic_llama_3_3_70b_versatile,GA_ADAPTIVE,shipping_discount,free_express_shipping,9,True,True,"[758.2655343182413, 28.30146947125278, True]",0.0,free_express_shipping,1,160,0.0004767909413203597
no_semantic_llama_3_3_70b_versatile,GA_ADAPTIVE,shipping_discount,free_express_shipping,10,True,True,"[650.4917480211338, 29.254302909296428, True]",0.0,free_express_shipping,0,80,8.291704580187798e-05
no_semantic_llama_3_3_70b_versatile,GA_ADAPTIVE,shipping_discount,free_express_shipping,11,True,True,"[954.6348245208912, 11.102648568082962, True]",0.0,free_express_shipping,1,160,0.00047895906027406454
no_semantic_llama_3_3_70b_versatile,GA_ADAPTIVE,shipping_discount,free_express_shipping,12,True,True,"[479.2124092651884, 28.69831693678715, True]",0.0,free_express_shipping,0,80,8.291704580187798e-05
no_semantic_llama_3_3_70b_versatile,GA_ADAPTIVE,shipping_discount,free_express_shipping,13,True,True,"[538.5077238029957, 19.269144316318652, True]",0.0,free_express_shipping,0,80,8.324999362230301e-05
no_semantic_llama_3_3_70b_versatile,GA_ADAPTIVE,shipping_discount,free_express_shipping,14,True,True,"[226.09752900674707, 5.356190924458937, True]",0.0,free_express_shipping,0,80,8.333299774676561e-05
no_semantic_llama_3_3_70b_versatile,GA_ADAPTIVE,shipping_discount,free_express_shipping,15,True,True,"[582.2717616064178, 12.953002589279228, True]",0.0,free_express_shipping,0,80,8.416699711233377e-05
no_semantic_llama_3_3_70b_versatile,GA_ADAPTIVE,shipping_discount,free_express_shipping,16,True,True,"[861.3888333940379, 3.2725880130538565, True]",0.0,free_express_shipping,0,80,8.283392526209354e-05
no_semantic_llama_3_3_70b_versatile,GA_ADAPTIVE,shipping_discount,free_express_shipping,17,True,True,"[579.1897216102891, 11.133341489415471, True]",0.0,free_express_shipping,0,80,8.387502748519182e-05
no_semantic_llama_3_3_70b_versatile,GA_ADAPTIVE,shipping_discount,free_express_shipping,18,True,True,"[688.812046976299, 16.800591784001394, True]",0.0,free_express_shipping,0,80,8.312507998198271e-05
no_semantic_llama_3_3_70b_versatile,GA_ADAPTIVE,shipping_discount,free_express_shipping,19,True,True,"[226.88438136425404, 19.97742239122924, True]",0.0,free_express_shipping,0,80,8.204206824302673e-05
no_semantic_llama_3_3_70b_versatile,GA_ADAPTIVE,shipping_discount,free_express_shipping,20,True,True,"[996.4266421078323, 1.3945203879386359, True]",0.0,free_express_shipping,0,80,8.408306166529655e-05
no_semantic_llama_3_3_70b_versatile,GA_ADAPTIVE,shipping_discount,free_express_shipping,21,True,True,"[756.2952544891918, 21.597003265907244, True]",0.0,free_express_shipping,2,240,0.0008719160687178373
no_semantic_llama_3_3_70b_versatile,GA_ADAPTIVE,shipping_discount,free_express_shipping,22,True,True,"[559.2530049445435, 25.43533772314166, True]",0.0,free_express_shipping,0,80,8.008303120732307e-05
no_semantic_llama_3_3_70b_versatile,GA_ADAPTIVE,shipping_discount,free_express_shipping,23,True,True,"[541.8521769777045, 22.83779183162171, True]",0.0,free_express_shipping,0,80,8.004193659871817e-05
no_semantic_llama_3_3_70b_versatile,GA_ADAPTIVE,shipping_discount,free_express_shipping,24,True,True,"[361.1306332726267, 45.17551262088448, True]",0.0,free_express_shipping,0,80,7.991702295839787e-05
no_semantic_llama_3_3_70b_versatile,GA_ADAPTIVE,shipping_discount,free_express_shipping,25,True,True,"[703.050714346909, 21.581604372840623, True]",0.0,free_express_shipping,0,80,8.091691415756941e-05
no_semantic_llama_3_3_70b_versatile,GA_ADAPTIVE,shipping_discount,free_express_shipping,26,True,True,"[882.350299160431, 36.51004804356628, True]",0.0,free_express_shipping,0,80,8.01669666543603e-05
no_semantic_llama_3_3_70b_versatile,GA_ADAPTIVE,shipping_discount,free_express_shipping,27,True,True,"[241.06124327012512, 18.378704546555213, True]",0.0,free_express_shipping,0,80,8.020794484764338e-05
no_semantic_llama_3_3_70b_versatile,GA_ADAPTIVE,shipping_discount,free_express_shipping,28,True,True,"[627.3449641442601, 17.192515793525654, True]",0.0,free_express_shipping,0,80,8.087500464171171e-05
no_semantic_llama_3_3_70b_versatile,GA_ADAPTIVE,shipping_discount,free_express_shipping,29,True,True,"[980.7739103885044, 9.059504307605714, True]",0.0,free_express_shipping,1,160,0.0004778750007972121
no_semantic_llama_3_3_70b_versatile,GA_ADAPTIVE,shipping_discount,standard_discount,0,True,True,"[216.43549869382096, 79.02585235311943, False]",0.0,standard_discount,0,80,8.004193659871817e-05
no_semantic_llama_3_3_70b_versatile,GA_ADAPTIVE,shipping_discount,standard_discount,1,True,True,"[343.5757090119229, 42.41978524143531, True]",0.0,standard_discount,0,80,7.920793723315e-05
no_semantic_llama_3_3_70b_versatile,GA_ADAPTIVE,shipping_discount,standard_discount,2,True,True,"[420.4587318413764, 68.37010618251571, False]",0.0,standard_discount,0,80,7.90830235928297e-05
no_semantic_llama_3_3_70b_versatile,GA_ADAPTIVE,shipping_discount,standard_discount,3,True,True,"[706.4578890884102, 27.30574193673041, False]",0.0,standard_discount,0,80,7.916707545518875e-05
no_semantic_llama_3_3_70b_versatile,GA_ADAPTIVE,shipping_discount,standard_discount,4,True,True,"[305.2591288017049, 38.7218067976266, False]",0.0,standard_discount,0,80,7.933296728879213e-05
no_semantic_llama_3_3_70b_versatile,GA_ADAPTIVE,shipping_discount,standard_discount,5,True,True,"[475.6907501574117, 91.53042870911709, True]",0.0,standard_discount,0,80,7.808301597833633e-05
no_semantic_llama_3_3_70b_versatile,GA_ADAPTIVE,shipping_discount,standard_discount,6,True,True,"[944.2232351142669, 95.80289638284533, True]",0.0,standard_discount,0,80,7.850001566112041e-05
no_semantic_llama_3_3_70b_versatile,GA_ADAPTIVE,shipping_discount,standard_discount,7,True,True,"[750.6705069971241, 98.92268590651709, False]",0.0,standard_discount,0,80,7.824995554983616e-05
no_semantic_llama_3_3_70b_versatile,GA_ADAPTIVE,shipping_discount,standard_discount,8,True,True,"[719.2834925604587, 14.928920387583089, False]",0.0,standard_discount,0,80,7.833295967429876e-05
no_semantic_llama_3_3_70b_versatile,GA_ADAPTIVE,shipping_discount,standard_discount,9,True,True,"[138.14701590167388, 48.95226886953941, False]",0.0,standard_discount,0,80,7.866695523262024e-05
no_semantic_llama_3_3_70b_versatile,GA_ADAPTIVE,shipping_discount,standard_discount,10,True,True,"[120.74233952916424, 0.9626231504720195, True]",0.0,standard_discount,0,80,8.13750084489584e-05
no_semantic_llama_3_3_70b_versatile,GA_ADAPTIVE,shipping_discount,standard_discount,11,True,True,"[203.21471113482238, 64.55591206922473, False]",0.0,standard_discount,0,80,7.895892485976219e-05
no_semantic_llama_3_3_70b_versatile,GA_ADAPTIVE,shipping_discount,standard_discount,12,True,True,"[381.40733635916234, 11.323781141123979, False]",0.0,standard_discount,0,80,7.800001185387373e-05
no_semantic_llama_3_3_70b_versatile,GA_ADAPTIVE,shipping_discount,standard_discount,13,True,True,"[761.8470964958639, 21.708042902604753, False]",0.0,standard_discount,0,80,8.012494072318077e-05
no_semantic_llama_3_3_70b_versatile,GA_ADAPTIVE,shipping_discount,standard_discount,14,True,True,"[916.3302804387354, 36.868144641877485, False]",0.0,standard_discount,0,80,7.858301978558302e-05
no_semantic_llama_3_3_70b_versatile,GA_ADAPTIVE,shipping_discount,standard_discount,15,True,True,"[487.72334961027144, 88.64988438568966, True]",0.0,standard_discount,0,80,7.812504190951586e-05
no_semantic_llama_3_3_70b_versatile,GA_ADAPTIVE,shipping_discount,standard_discount,16,True,True,"[135.15093490687713, 61.795892473441086, True]",0.0,standard_discount,0,80,7.883296348154545e-05
no_semantic_llama_3_3_70b_versatile,GA_ADAPTIVE,shipping_discount,standard_discount,17,True,True,"[926.9443139113109, 20.282669982326862, False]",0.0,standard_discount,0,80,7.691700011491776e-05
no_semantic_llama_3_3_70b_versatile,GA_ADAPTIVE,shipping_discount,standard_discount,18,True,True,"[724.3653391492817, 86.96649932644307, False]",0.0,standard_discount,0,80,7.924996316432953e-05
no_semantic_llama_3_3_70b_versatile,GA_ADAPTIVE,shipping_discount,standard_discount,19,True,True,"[402.48257916396915, 48.014481253764615, False]",0.0,standard_discount,0,80,7.762503810226917e-05
no_semantic_llama_3_3_70b_versatile,GA_ADAPTIVE,shipping_discount,standard_discount,20,True,True,"[525.4747217473982, 42.08071471108443, True]",0.0,standard_discount,0,80,7.770792581140995e-05
no_semantic_llama_3_3_70b_versatile,GA_ADAPTIVE,shipping_discount,standard_discount,21,True,True,"[459.835179176739, 95.23963586542817, True]",0.0,standard_discount,0,80,7.966696284711361e-05
no_semantic_llama_3_3_70b_versatile,GA_ADAPTIVE,shipping_discount,standard_discount,22,True,True,"[216.66373676862227, 58.3953409022282, True]",0.0,standard_discount,0,80,8.100003469735384e-05
no_semantic_llama_3_3_70b_versatile,GA_ADAPTIVE,shipping_discount,standard_discount,23,True,True,"[359.52918200576744, 3.021588257240748, False]",0.0,standard_discount,0,80,7.866695523262024e-05
no_semantic_llama_3_3_70b_versatile,GA_ADAPTIVE,shipping_discount,standard_discount,24,True,True,"[783.9035805620388, 16.833824012149613, False]",0.0,standard_discount,0,80,7.962493691593409e-05
no_semantic_llama_3_3_70b_versatile,GA_ADAPTIVE,shipping_discount,standard_discount,25,True,True,"[970.5468247834028, 17.58080001232298, False]",0.0,standard_discount,0,80,7.883307989686728e-05
no_semantic_llama_3_3_70b_versatile,GA_ADAPTIVE,shipping_discount,standard_discount,26,True,True,"[833.4969212528736, 60.15453965587214, True]",0.0,standard_discount,0,80,7.937499321997166e-05
no_semantic_llama_3_3_70b_versatile,GA_ADAPTIVE,shipping_discount,standard_discount,27,True,True,"[992.0110317419735, 19.84950001694552, True]",0.0,standard_discount,0,80,8.079200051724911e-05
no_semantic_llama_3_3_70b_versatile,GA_ADAPTIVE,shipping_discount,standard_discount,28,True,True,"[524.8749774114987, 19.155146015853774, True]",0.0,standard_discount,0,80,7.816602010279894e-05
no_semantic_llama_3_3_70b_versatile,GA_ADAPTIVE,shipping_discount,standard_discount,29,True,True,"[655.767121494805, 79.09143234748595, True]",0.0,standard_discount,0,80,7.958302740007639e-05
no_semantic_llama_3_3_70b_versatile,GA_ADAPTIVE,shipping_discount,small_discount,0,True,True,"[239.3791338659773, 99.81546709703815, True]",0.0,small_discount,0,80,7.020903285592794e-05
no_semantic_llama_3_3_70b_versatile,GA_ADAPTIVE,shipping_discount,small_discount,1,True,True,"[389.9663225148148, 986.5898751427807, True]",0.0,small_discount,0,80,7.016700692474842e-05
no_semantic_llama_3_3_70b_versatile,GA_ADAPTIVE,shipping_discount,small_discount,2,True,True,"[193.94871640408073, 686.8132549895753, False]",0.0,small_discount,0,80,7.041706703603268e-05
no_semantic_llama_3_3_70b_versatile,GA_ADAPTIVE,shipping_discount,small_discount,3,True,True,"[716.6520020453271, 107.80350580608278, True]",0.0,small_discount,0,80,7.150007877498865e-05
no_semantic_llama_3_3_70b_versatile,GA_ADAPTIVE,shipping_discount,small_discount,4,True,True,"[550.5738845245285, 973.552466839407, True]",0.0,small_discount,0,80,6.966700311750174e-05
no_semantic_llama_3_3_70b_versatile,GA_ADAPTIVE,shipping_discount,small_discount,5,True,True,"[271.94746947202066, 117.14140769103354, False]",0.0,small_discount,0,80,7.24580604583025e-05
no_semantic_llama_3_3_70b_versatile,GA_ADAPTIVE,shipping_discount,small_discount,6,True,True,"[267.3093502757232, 550.111140148675, False]",0.0,small_discount,0,80,6.979098543524742e-05
no_semantic_llama_3_3_70b_versatile,GA_ADAPTIVE,shipping_discount,small_discount,7,True,True,"[551.7838086851424, 545.8203442801882, False]",0.0,small_discount,0,80,6.995804142206907e-05
no_semantic_llama_3_3_70b_versatile,GA_ADAPTIVE,shipping_discount,small_discount,8,True,True,"[68.11713687070697, 822.3522258761783, True]",0.0,small_discount,0,80,6.958295125514269e-05
no_semantic_llama_3_3_70b_versatile,GA_ADAPTIVE,shipping_discount,small_discount,9,True,True,"[441.2554850992397, 803.2441824573272, False]",0.0,small_discount,0,80,6.945792119950056e-05
no_semantic_llama_3_3_70b_versatile,GA_ADAPTIVE,shipping_discount,small_discount,10,True,True,"[175.7393819840679, 424.4080050209564, True]",0.0,small_discount,0,80,6.895908154547215e-05
no_semantic_llama_3_3_70b_versatile,GA_ADAPTIVE,shipping_discount,small_discount,11,True,True,"[611.0313686301464, 495.2937232921534, True]",0.0,small_discount,0,80,6.929098162800074e-05
no_semantic_llama_3_3_70b_versatile,GA_ADAPTIVE,shipping_discount,small_discount,12,True,True,"[376.0207628671242, 799.4933723239625, True]",0.0,small_discount,0,80,6.9082947447896e-05
no_semantic_llama_3_3_70b_versatile,GA_ADAPTIVE,shipping_discount,small_discount,13,True,True,"[420.3699169380224, 681.2916790510797, False]",0.0,small_discount,0,80,6.929202936589718e-05
no_semantic_llama_3_3_70b_versatile,GA_ADAPTIVE,shipping_discount,small_discount,14,True,True,"[666.7748007965865, 127.37237967743754, True]",0.0,small_discount,0,80,6.870890501886606e-05
no_semantic_llama_3_3_70b_versatile,GA_ADAPTIVE,shipping_discount,small_discount,15,True,True,"[245.65091846492203, 214.8341625797805, True]",0.0,small_discount,0,80,6.874999962747097e-05
no_semantic_llama_3_3_70b_versatile,GA_ADAPTIVE,shipping_discount,small_discount,16,True,True,"[163.35727205978856, 441.48773293153323, True]",0.0,small_discount,0,80,6.995804142206907e-05
no_semantic_llama_3_3_70b_versatile,GA_ADAPTIVE,shipping_discount,small_discount,17,True,True,"[710.4301878416335, 512.8446254177775, False]",0.0,small_discount,0,80,6.879190914332867e-05
no_semantic_llama_3_3_70b_versatile,GA_ADAPTIVE,shipping_discount,small_discount,18,True,True,"[505.07228287175224, 30.714393898603532, True]",0.0,small_discount,0,80,7.01249809935689e-05
no_semantic_llama_3_3_70b_versatile,GA_ADAPTIVE,shipping_discount,small_discount,19,True,True,"[954.6499666402578, 412.0751632850388, False]",0.0,small_discount,0,80,6.895896513015032e-05
no_semantic_llama_3_3_70b_versatile,GA_ADAPTIVE,shipping_discount,small_discount,20,True,True,"[786.9285202415259, 172.86706915077698, False]",0.0,small_discount,0,80,6.945803761482239e-05
no_semantic_llama_3_3_70b_versatile,GA_ADAPTIVE,shipping_discount,small_discount,21,True,True,"[625.1136482419115, 146.9715658627876, False]",0.0,small_discount,0,80,6.954104173928499e-05
no_semantic_llama_3_3_70b_versatile,GA_ADAPTIVE,shipping_discount,small_discount,22,True,True,"[667.4576094122294, 231.81513676588017, True]",0.0,small_discount,0,80,7.025001104921103e-05
no_semantic_llama_3_3_70b_versatile,GA_ADAPTIVE,shipping_discount,small_discount,23,True,True,"[301.6218662296701, 239.3932290229227, True]",0.0,small_discount,0,80,6.89999433234334e-05
no_semantic_llama_3_3_70b_versatile,GA_ADAPTIVE,shipping_discount,small_discount,24,True,True,"[530.2847307301531, 8.46531201134637, True]",0.0,small_discount,0,80,7.104198448359966e-05
no_semantic_llama_3_3_70b_versatile,GA_ADAPTIVE,shipping_discount,small_discount,25,True,True,"[336.1136004905423, 453.621365365789, True]",0.0,small_discount,0,80,6.979203317314386e-05
no_semantic_llama_3_3_70b_versatile,GA_ADAPTIVE,shipping_discount,small_discount,26,True,True,"[3.6989194203622677, 343.6848844410062, True]",0.0,small_discount,0,80,6.925000343471766e-05
no_semantic_llama_3_3_70b_versatile,GA_ADAPTIVE,shipping_discount,small_discount,27,True,True,"[971.6132286252202, 483.9703388441531, True]",0.0,small_discount,0,80,6.991706322878599e-05
no_semantic_llama_3_3_70b_versatile,GA_ADAPTIVE,shipping_discount,small_discount,28,True,True,"[842.2699096908989, 60.403090239307566, False]",0.0,small_discount,0,80,6.975000724196434e-05
no_semantic_llama_3_3_70b_versatile,GA_ADAPTIVE,shipping_discount,small_discount,29,True,True,"[352.7432625812838, 899.4949175616803, False]",0.0,small_discount,0,80,6.912497337907553e-05
no_semantic_llama_3_3_70b_versatile,GA_ADAPTIVE,shipping_discount,no_discount,0,True,True,"[42.37988671191728, 312.04195961141255, False]",0.0,no_discount,0,80,7.579103112220764e-05
no_semantic_llama_3_3_70b_versatile,GA_ADAPTIVE,shipping_discount,no_discount,1,True,True,"[30.835907319694545, 418.07885558900983, False]",0.0,no_discount,0,80,7.495807949453592e-05
no_semantic_llama_3_3_70b_versatile,GA_ADAPTIVE,shipping_discount,no_discount,2,True,True,"[32.75809220529125, 470.69490998620836, False]",0.0,no_discount,0,80,7.491593714803457e-05
no_semantic_llama_3_3_70b_versatile,GA_ADAPTIVE,shipping_discount,no_discount,3,True,True,"[9.146205970756993, 962.8026827748331, False]",0.0,no_discount,0,80,7.625005673617125e-05
no_semantic_llama_3_3_70b_versatile,GA_ADAPTIVE,shipping_discount,no_discount,4,True,True,"[0.5130695421284859, 679.2408392308877, False]",0.0,no_discount,0,80,7.545796688646078e-05
no_semantic_llama_3_3_70b_versatile,GA_ADAPTIVE,shipping_discount,no_discount,5,True,True,"[47.043346309158515, 850.8332554657884, False]",0.0,no_discount,0,80,7.49579630792141e-05
no_semantic_llama_3_3_70b_versatile,GA_ADAPTIVE,shipping_discount,no_discount,6,True,True,"[23.875482671724345, 487.3189214727975, False]",0.0,no_discount,0,80,7.545808330178261e-05
no_semantic_llama_3_3_70b_versatile,GA_ADAPTIVE,shipping_discount,no_discount,7,True,True,"[11.393416446679128, 451.1702196560632, False]",0.0,no_discount,0,80,7.97909451648593e-05
no_semantic_llama_3_3_70b_versatile,GA_ADAPTIVE,shipping_discount,no_discount,8,True,True,"[35.27567843770407, 533.6589369514828, False]",0.0,no_discount,0,80,7.604190614074469e-05
no_semantic_llama_3_3_70b_versatile,GA_ADAPTIVE,shipping_discount,no_discount,9,True,True,"[30.272066153968822, 765.6545889641917, False]",0.0,no_discount,0,80,7.512501906603575e-05
no_semantic_llama_3_3_70b_versatile,GA_ADAPTIVE,shipping_discount,no_discount,10,True,True,"[31.05879722817906, 18.43700613065824, False]",0.0,no_discount,0,80,7.516599725931883e-05
no_semantic_llama_3_3_70b_versatile,GA_ADAPTIVE,shipping_discount,no_discount,11,True,True,"[13.96212257220042, 574.7561802599641, False]",0.0,no_discount,0,80,7.766694761812687e-05
no_semantic_llama_3_3_70b_versatile,GA_ADAPTIVE,shipping_discount,no_discount,12,True,True,"[14.25410658611237, 718.7161614580751, False]",0.0,no_discount,0,80,7.512501906603575e-05
no_semantic_llama_3_3_70b_versatile,GA_ADAPTIVE,shipping_discount,no_discount,13,True,True,"[11.487839321761006, 623.5357710752929, False]",0.0,no_discount,0,80,7.483398076146841e-05
no_semantic_llama_3_3_70b_versatile,GA_ADAPTIVE,shipping_discount,no_discount,14,True,True,"[7.647109040274547, 696.7166609625503, False]",0.0,no_discount,0,80,7.508299313485622e-05
no_semantic_llama_3_3_70b_versatile,GA_ADAPTIVE,shipping_discount,no_discount,15,True,True,"[34.37333045601626, 543.0693600443826, False]",0.0,no_discount,1,160,0.00046733301132917404
no_semantic_llama_3_3_70b_versatile,GA_ADAPTIVE,shipping_discount,no_discount,16,True,True,"[32.48607025012096, 239.80859277279322, False]",0.0,no_discount,0,80,7.608393207192421e-05
no_semantic_llama_3_3_70b_versatile,GA_ADAPTIVE,shipping_discount,no_discount,17,True,True,"[0.3194922901589292, 515.2720596267906, False]",0.0,no_discount,0,80,7.537496276199818e-05
no_semantic_llama_3_3_70b_versatile,GA_ADAPTIVE,shipping_discount,no_discount,18,True,True,"[40.16925490716405, 115.94519643151247, False]",0.0,no_discount,0,80,7.575005292892456e-05
no_semantic_llama_3_3_70b_versatile,GA_ADAPTIVE,shipping_discount,no_discount,19,True,True,"[39.29600391701427, 193.89914265761067, False]",0.0,no_discount,1,160,0.0004616250516846776
no_semantic_llama_3_3_70b_versatile,GA_ADAPTIVE,shipping_discount,no_discount,20,True,True,"[12.826314292634699, 553.3910874118765, False]",0.0,no_discount,0,80,8.120806887745857e-05
no_semantic_llama_3_3_70b_versatile,GA_ADAPTIVE,shipping_discount,no_discount,21,True,True,"[25.947244297714445, 910.3248085109494, False]",0.0,no_discount,0,80,7.49579630792141e-05
no_semantic_llama_3_3_70b_versatile,GA_ADAPTIVE,shipping_discount,no_discount,22,True,True,"[35.465684502392406, 172.63777629238484, False]",0.0,no_discount,1,160,0.00046862498857080936
no_semantic_llama_3_3_70b_versatile,GA_ADAPTIVE,shipping_discount,no_discount,23,True,True,"[4.141567779715194, 712.7446396180472, False]",0.0,no_discount,0,80,7.591594476252794e-05
no_semantic_llama_3_3_70b_versatile,GA_ADAPTIVE,shipping_discount,no_discount,24,True,True,"[35.32649834496382, 512.0288204038186, False]",0.0,no_discount,0,80,7.524993270635605e-05
no_semantic_llama_3_3_70b_versatile,GA_ADAPTIVE,shipping_discount,no_discount,25,True,True,"[31.949657714842704, 831.6647088403668, False]",0.0,no_discount,0,80,7.495901081711054e-05
no_semantic_llama_3_3_70b_versatile,GA_ADAPTIVE,shipping_discount,no_discount,26,True,True,"[43.58591456432271, 607.3061521098765, False]",0.0,no_discount,0,80,7.587496656924486e-05
no_semantic_llama_3_3_70b_versatile,GA_ADAPTIVE,shipping_discount,no_discount,27,True,True,"[14.674991871965304, 419.9932510081693, False]",0.0,no_discount,0,80,7.599999662488699e-05
no_semantic_llama_3_3_70b_versatile,GA_ADAPTIVE,shipping_discount,no_discount,28,True,True,"[28.333207828054153, 523.1174629474756, False]",0.0,no_discount,0,80,7.537496276199818e-05
no_semantic_llama_3_3_70b_versatile,GA_ADAPTIVE,shipping_discount,no_discount,29,True,True,"[17.896058504765943, 509.67478792335385, False]",0.0,no_discount,0,80,7.516692858189344e-05
no_semantic_llama_3_3_70b_versatile,GA_ADAPTIVE,sign_type,positive,0,True,True,[1088],0.0,positive,0,80,5.620799493044615e-05
no_semantic_llama_3_3_70b_versatile,GA_ADAPTIVE,sign_type,positive,1,True,True,[2150],0.0,positive,0,80,5.341705400496721e-05
no_semantic_llama_3_3_70b_versatile,GA_ADAPTIVE,sign_type,positive,2,True,True,[1664],0.0,positive,0,80,5.316699389368296e-05
no_semantic_llama_3_3_70b_versatile,GA_ADAPTIVE,sign_type,positive,3,True,True,[2587],0.0,positive,0,80,5.362497176975012e-05
no_semantic_llama_3_3_70b_versatile,GA_ADAPTIVE,sign_type,positive,4,True,True,[1362],0.0,positive,0,80,5.3333002142608166e-05
no_semantic_llama_3_3_70b_versatile,GA_ADAPTIVE,sign_type,positive,5,True,True,[162],0.0,positive,0,80,5.345896352082491e-05
no_semantic_llama_3_3_70b_versatile,GA_ADAPTIVE,sign_type,positive,6,True,True,[760],0.0,positive,0,80,5.304196383804083e-05
no_semantic_llama_3_3_70b_versatile,GA_ADAPTIVE,sign_type,positive,7,True,True,[2293],0.0,positive,0,80,5.2999937906861305e-05
no_semantic_llama_3_3_70b_versatile,GA_ADAPTIVE,sign_type,positive,8,True,True,[1990],0.0,positive,0,80,5.366699770092964e-05
no_semantic_llama_3_3_70b_versatile,GA_ADAPTIVE,sign_type,positive,9,True,True,[783],0.0,positive,0,80,5.3333002142608166e-05
no_semantic_llama_3_3_70b_versatile,GA_ADAPTIVE,sign_type,positive,10,True,True,[1207],0.0,positive,0,80,5.2791088819503784e-05
no_semantic_llama_3_3_70b_versatile,GA_ADAPTIVE,sign_type,positive,11,True,True,[2123],0.0,positive,0,80,5.245895590633154e-05
no_semantic_llama_3_3_70b_versatile,GA_ADAPTIVE,sign_type,positive,12,True,True,[1703],0.0,positive,0,80,5.337491165846586e-05
no_semantic_llama_3_3_70b_versatile,GA_ADAPTIVE,sign_type,positive,13,True,True,[1438],0.0,positive,0,80,5.341600626707077e-05
no_semantic_llama_3_3_70b_versatile,GA_ADAPTIVE,sign_type,positive,14,True,True,[2710],0.0,positive,0,80,5.416700150817633e-05
no_semantic_llama_3_3_70b_versatile,GA_ADAPTIVE,sign_type,positive,15,True,True,[1997],0.0,positive,0,80,5.349994171410799e-05
no_semantic_llama_3_3_70b_versatile,GA_ADAPTIVE,sign_type,positive,16,True,True,[2500],0.0,positive,0,80,5.3875031881034374e-05
no_semantic_llama_3_3_70b_versatile,GA_ADAPTIVE,sign_type,positive,17,True,True,[2269],0.0,positive,0,80,5.304103251546621e-05
no_semantic_llama_3_3_70b_versatile,GA_ADAPTIVE,sign_type,positive,18,True,True,[234],0.0,positive,0,80,5.304196383804083e-05
no_semantic_llama_3_3_70b_versatile,GA_ADAPTIVE,sign_type,positive,19,True,True,[2248],0.0,positive,0,80,5.408294964581728e-05
no_semantic_llama_3_3_70b_versatile,GA_ADAPTIVE,sign_type,positive,20,True,True,[1099],0.0,positive,0,80,5.2582938224077225e-05
no_semantic_llama_3_3_70b_versatile,GA_ADAPTIVE,sign_type,positive,21,True,True,[154],0.0,positive,0,80,5.312496796250343e-05
no_semantic_llama_3_3_70b_versatile,GA_ADAPTIVE,sign_type,positive,22,True,True,[2277],0.0,positive,0,80,5.320797208696604e-05
no_semantic_llama_3_3_70b_versatile,GA_ADAPTIVE,sign_type,positive,23,True,True,[716],0.0,positive,0,80,5.320901982486248e-05
no_semantic_llama_3_3_70b_versatile,GA_ADAPTIVE,sign_type,positive,24,True,True,[2488],0.0,positive,0,80,5.349994171410799e-05
no_semantic_llama_3_3_70b_versatile,GA_ADAPTIVE,sign_type,positive,25,True,True,[715],0.0,positive,0,80,5.4040923714637756e-05
no_semantic_llama_3_3_70b_versatile,GA_ADAPTIVE,sign_type,positive,26,True,True,[1121],0.0,positive,0,80,5.316699389368296e-05
no_semantic_llama_3_3_70b_versatile,GA_ADAPTIVE,sign_type,positive,27,True,True,[2279],0.0,positive,0,80,5.329190753400326e-05
no_semantic_llama_3_3_70b_versatile,GA_ADAPTIVE,sign_type,positive,28,True,True,[2229],0.0,positive,0,80,5.39170578122139e-05
no_semantic_llama_3_3_70b_versatile,GA_ADAPTIVE,sign_type,positive,29,True,True,[1908],0.0,positive,0,80,5.504104774445295e-05
no_semantic_llama_3_3_70b_versatile,GA_ADAPTIVE,sign_type,negative,0,True,True,[-486],0.0,negative,0,80,5.337502807378769e-05
no_semantic_llama_3_3_70b_versatile,GA_ADAPTIVE,sign_type,negative,1,True,True,[-233],0.0,negative,0,80,5.420891102403402e-05
no_semantic_llama_3_3_70b_versatile,GA_ADAPTIVE,sign_type,negative,2,True,True,[-476],0.0,negative,0,80,5.2875024266541004e-05
no_semantic_llama_3_3_70b_versatile,GA_ADAPTIVE,sign_type,negative,3,True,True,[-161],0.0,negative,0,80,5.358306225389242e-05
no_semantic_llama_3_3_70b_versatile,GA_ADAPTIVE,sign_type,negative,4,True,True,[-444],0.0,negative,0,80,5.320901982486248e-05
no_semantic_llama_3_3_70b_versatile,GA_ADAPTIVE,sign_type,negative,5,True,True,[-140],0.0,negative,0,80,5.283299833536148e-05
no_semantic_llama_3_3_70b_versatile,GA_ADAPTIVE,sign_type,negative,6,True,True,[-107],0.0,negative,0,80,5.2165938541293144e-05
no_semantic_llama_3_3_70b_versatile,GA_ADAPTIVE,sign_type,negative,7,True,True,[-409],0.0,negative,0,80,5.312496796250343e-05
no_semantic_llama_3_3_70b_versatile,GA_ADAPTIVE,sign_type,negative,8,True,True,[-330],0.0,negative,0,80,5.337491165846586e-05
no_semantic_llama_3_3_70b_versatile,GA_ADAPTIVE,sign_type,negative,9,True,True,[-43],0.0,negative,0,80,5.3292023949325085e-05
no_semantic_llama_3_3_70b_versatile,GA_ADAPTIVE,sign_type,negative,10,True,True,[-448],0.0,negative,0,80,5.2332994528114796e-05
no_semantic_llama_3_3_70b_versatile,GA_ADAPTIVE,sign_type,negative,11,True,True,[-304],0.0,negative,0,80,5.3042080253362656e-05
no_semantic_llama_3_3_70b_versatile,GA_ADAPTIVE,sign_type,negative,12,True,True,[-131],0.0,negative,0,80,5.300005432218313e-05
no_semantic_llama_3_3_70b_versatile,GA_ADAPTIVE,sign_type,negative,13,True,True,[-110],0.0,negative,0,80,5.254207644611597e-05
no_semantic_llama_3_3_70b_versatile,GA_ADAPTIVE,sign_type,negative,14,True,True,[-452],0.0,negative,0,80,5.4541975259780884e-05
no_semantic_llama_3_3_70b_versatile,GA_ADAPTIVE,sign_type,negative,15,True,True,[-222],0.0,negative,0,80,5.266594234853983e-05
no_semantic_llama_3_3_70b_versatile,GA_ADAPTIVE,sign_type,negative,16,True,True,[-63],0.0,negative,0,80,7.879198528826237e-05
no_semantic_llama_3_3_70b_versatile,GA_ADAPTIVE,sign_type,negative,17,True,True,[-129],0.0,negative,0,80,5.312496796250343e-05
no_semantic_llama_3_3_70b_versatile,GA_ADAPTIVE,sign_type,negative,18,True,True,[-406],0.0,negative,0,80,5.324999801814556e-05
no_semantic_llama_3_3_70b_versatile,GA_ADAPTIVE,sign_type,negative,19,True,True,[-404],0.0,negative,0,80,5.2584102377295494e-05
no_semantic_llama_3_3_70b_versatile,GA_ADAPTIVE,sign_type,negative,20,True,True,[-64],0.0,negative,0,80,5.316606257110834e-05
no_semantic_llama_3_3_70b_versatile,GA_ADAPTIVE,sign_type,negative,21,True,True,[-388],0.0,negative,0,80,5.320797208696604e-05
no_semantic_llama_3_3_70b_versatile,GA_ADAPTIVE,sign_type,negative,22,True,True,[-254],0.0,negative,0,80,5.258398596197367e-05
no_semantic_llama_3_3_70b_versatile,GA_ADAPTIVE,sign_type,negative,23,True,True,[-306],0.0,negative,0,80,5.224999040365219e-05
no_semantic_llama_3_3_70b_versatile,GA_ADAPTIVE,sign_type,negative,24,True,True,[-64],0.0,negative,0,80,5.2875024266541004e-05
no_semantic_llama_3_3_70b_versatile,GA_ADAPTIVE,sign_type,negative,25,True,True,[-231],0.0,negative,0,80,5.558400880545378e-05
no_semantic_llama_3_3_70b_versatile,GA_ADAPTIVE,sign_type,negative,26,True,True,[-173],0.0,negative,0,80,5.316699389368296e-05
no_semantic_llama_3_3_70b_versatile,GA_ADAPTIVE,sign_type,negative,27,True,True,[-424],0.0,negative,0,80,5.2749994210898876e-05
no_semantic_llama_3_3_70b_versatile,GA_ADAPTIVE,sign_type,negative,28,True,True,[-159],0.0,negative,0,80,5.2875024266541004e-05
no_semantic_llama_3_3_70b_versatile,GA_ADAPTIVE,sign_type,negative,29,True,True,[-75],0.0,negative,0,80,5.291705019772053e-05
no_semantic_llama_3_3_70b_versatile,GA_ADAPTIVE,sign_type,zero,0,True,True,[0],0.0,zero,3,320,0.0009612080175429583
no_semantic_llama_3_3_70b_versatile,GA_ADAPTIVE,sign_type,zero,1,True,True,[0],0.0,zero,9,800,0.0027514169923961163
no_semantic_llama_3_3_70b_versatile,GA_ADAPTIVE,sign_type,zero,2,True,True,[0],0.0,zero,8,720,0.002457750029861927
no_semantic_llama_3_3_70b_versatile,GA_ADAPTIVE,sign_type,zero,3,True,True,[0],0.0,zero,6,560,0.001860082964412868
no_semantic_llama_3_3_70b_versatile,GA_ADAPTIVE,sign_type,zero,4,True,True,[0],0.0,zero,5,480,0.00153833394870162
no_semantic_llama_3_3_70b_versatile,GA_ADAPTIVE,sign_type,zero,5,True,True,[0],0.0,zero,6,560,0.0018522499594837427
no_semantic_llama_3_3_70b_versatile,GA_ADAPTIVE,sign_type,zero,6,True,True,[0],0.0,zero,6,560,0.001843875041231513
no_semantic_llama_3_3_70b_versatile,GA_ADAPTIVE,sign_type,zero,7,True,True,[0],0.0,zero,5,480,0.0015386659651994705
no_semantic_llama_3_3_70b_versatile,GA_ADAPTIVE,sign_type,zero,8,True,True,[0],0.0,zero,18,1520,0.005475542042404413
no_semantic_llama_3_3_70b_versatile,GA_ADAPTIVE,sign_type,zero,9,True,True,[0],0.0,zero,13,1120,0.003941542003303766
no_semantic_llama_3_3_70b_versatile,GA_ADAPTIVE,sign_type,zero,10,True,True,[0],0.0,zero,8,720,0.002443250035867095
no_semantic_llama_3_3_70b_versatile,GA_ADAPTIVE,sign_type,zero,11,True,True,[0],0.0,zero,6,560,0.0018625829834491014
no_semantic_llama_3_3_70b_versatile,GA_ADAPTIVE,sign_type,zero,12,True,True,[0],0.0,zero,8,720,0.002471458981744945
no_semantic_llama_3_3_70b_versatile,GA_ADAPTIVE,sign_type,zero,13,True,True,[0],0.0,zero,9,800,0.0027620000764727592
no_semantic_llama_3_3_70b_versatile,GA_ADAPTIVE,sign_type,zero,14,True,True,[0],0.0,zero,7,640,0.00213629100471735
no_semantic_llama_3_3_70b_versatile,GA_ADAPTIVE,sign_type,zero,15,True,True,[0],0.0,zero,7,640,0.002154499990865588
no_semantic_llama_3_3_70b_versatile,GA_ADAPTIVE,sign_type,zero,16,True,True,[0],0.0,zero,3,320,0.0009469579672440886
no_semantic_llama_3_3_70b_versatile,GA_ADAPTIVE,sign_type,zero,17,True,True,[0],0.0,zero,13,1120,0.0039623749908059835
no_semantic_llama_3_3_70b_versatile,GA_ADAPTIVE,sign_type,zero,18,True,True,[0],0.0,zero,15,1280,0.004558832966722548
no_semantic_llama_3_3_70b_versatile,GA_ADAPTIVE,sign_type,zero,19,True,True,[0],0.0,zero,13,1120,0.003938583075068891
no_semantic_llama_3_3_70b_versatile,GA_ADAPTIVE,sign_type,zero,20,True,True,[0],0.0,zero,2,240,0.0006501669995486736
no_semantic_llama_3_3_70b_versatile,GA_ADAPTIVE,sign_type,zero,21,True,True,[0],0.0,zero,4,400,0.0012510420056059957
no_semantic_llama_3_3_70b_versatile,GA_ADAPTIVE,sign_type,zero,22,True,True,[0],0.0,zero,18,1520,0.005492666969075799
no_semantic_llama_3_3_70b_versatile,GA_ADAPTIVE,sign_type,zero,23,True,True,[0],0.0,zero,8,720,0.0024397080997005105
no_semantic_llama_3_3_70b_versatile,GA_ADAPTIVE,sign_type,zero,24,True,True,[0],0.0,zero,16,1360,0.004842833033762872
no_semantic_llama_3_3_70b_versatile,GA_ADAPTIVE,sign_type,zero,25,True,True,[0],0.0,zero,6,560,0.0018459160346537828
no_semantic_llama_3_3_70b_versatile,GA_ADAPTIVE,sign_type,zero,26,True,True,[0],0.0,zero,5,480,0.001537958043627441
no_semantic_llama_3_3_70b_versatile,GA_ADAPTIVE,sign_type,zero,27,True,True,[0],0.0,zero,12,1040,0.00365408300422132
no_semantic_llama_3_3_70b_versatile,GA_ADAPTIVE,sign_type,zero,28,True,True,[0],0.0,zero,4,400,0.001257041934877634
no_semantic_llama_3_3_70b_versatile,GA_ADAPTIVE,sign_type,zero,29,True,True,[0],0.0,zero,8,720,0.0024495000252500176
no_semantic_llama_3_3_70b_versatile,GA_ADAPTIVE,string_category,empty,0,True,True,[''],0.0,empty,0,80,0.0001563329715281725
no_semantic_llama_3_3_70b_versatile,GA_ADAPTIVE,string_category,empty,1,True,True,[''],0.0,empty,0,80,0.00015837501268833876
no_semantic_llama_3_3_70b_versatile,GA_ADAPTIVE,string_category,empty,2,True,True,[''],0.0,empty,0,80,0.00015437498223036528
no_semantic_llama_3_3_70b_versatile,GA_ADAPTIVE,string_category,empty,3,True,True,[''],0.0,empty,0,80,0.00015437498223036528
no_semantic_llama_3_3_70b_versatile,GA_ADAPTIVE,string_category,empty,4,True,True,[''],0.0,empty,0,80,0.0001562499674037099
no_semantic_llama_3_3_70b_versatile,GA_ADAPTIVE,string_category,empty,5,True,True,[''],0.0,empty,0,80,0.00014716701116412878
no_semantic_llama_3_3_70b_versatile,GA_ADAPTIVE,string_category,empty,6,True,True,[''],0.0,empty,0,80,0.00015554192941635847
no_semantic_llama_3_3_70b_versatile,GA_ADAPTIVE,string_category,empty,7,True,True,[''],0.0,empty,0,80,0.00014770799316465855
no_semantic_llama_3_3_70b_versatile,GA_ADAPTIVE,string_category,empty,8,True,True,[''],0.0,empty,0,80,0.0001514590112492442
no_semantic_llama_3_3_70b_versatile,GA_ADAPTIVE,string_category,empty,9,True,True,[''],0.0,empty,0,80,0.0001484170788899064
no_semantic_llama_3_3_70b_versatile,GA_ADAPTIVE,string_category,empty,10,True,True,[''],0.0,empty,0,80,0.00015079195145517588
no_semantic_llama_3_3_70b_versatile,GA_ADAPTIVE,string_category,empty,11,True,True,[''],0.0,empty,0,80,0.00015187507960945368
no_semantic_llama_3_3_70b_versatile,GA_ADAPTIVE,string_category,empty,12,True,True,[''],0.0,empty,0,80,0.00015266600530594587
no_semantic_llama_3_3_70b_versatile,GA_ADAPTIVE,string_category,empty,13,True,True,[''],0.0,empty,0,80,0.00014700007159262896
no_semantic_llama_3_3_70b_versatile,GA_ADAPTIVE,string_category,empty,14,True,True,[''],0.0,empty,0,80,0.0001508750719949603
no_semantic_llama_3_3_70b_versatile,GA_ADAPTIVE,string_category,empty,15,True,True,[''],0.0,empty,0,80,0.00015291699673980474
no_semantic_llama_3_3_70b_versatile,GA_ADAPTIVE,string_category,empty,16,True,True,[''],0.0,empty,0,80,0.0001425830414518714
no_semantic_llama_3_3_70b_versatile,GA_ADAPTIVE,string_category,empty,17,True,True,[''],0.0,empty,0,80,0.00013995799235999584
no_semantic_llama_3_3_70b_versatile,GA_ADAPTIVE,string_category,empty,18,True,True,[''],0.0,empty,0,80,0.0001415829174220562
no_semantic_llama_3_3_70b_versatile,GA_ADAPTIVE,string_category,empty,19,True,True,[''],0.0,empty,0,80,0.00014825002290308475
no_semantic_llama_3_3_70b_versatile,GA_ADAPTIVE,string_category,empty,20,True,True,[''],0.0,empty,0,80,0.00015075004193931818
no_semantic_llama_3_3_70b_versatile,GA_ADAPTIVE,string_category,empty,21,True,True,[''],0.0,empty,0,80,0.00015620794147253036
no_semantic_llama_3_3_70b_versatile,GA_ADAPTIVE,string_category,empty,22,True,True,[''],0.0,empty,0,80,0.00014625000767409801
no_semantic_llama_3_3_70b_versatile,GA_ADAPTIVE,string_category,empty,23,True,True,[''],0.0,empty,0,80,0.00015429197810590267
no_semantic_llama_3_3_70b_versatile,GA_ADAPTIVE,string_category,empty,24,True,True,[''],0.0,empty,0,80,0.00015049998182803392
no_semantic_llama_3_3_70b_versatile,GA_ADAPTIVE,string_category,empty,25,True,True,[''],0.0,empty,0,80,0.00015241699293255806
no_semantic_llama_3_3_70b_versatile,GA_ADAPTIVE,string_category,empty,26,True,True,[''],0.0,empty,0,80,0.00015241699293255806
no_semantic_llama_3_3_70b_versatile,GA_ADAPTIVE,string_category,empty,27,True,True,[''],0.0,empty,0,80,0.00015087495557963848
no_semantic_llama_3_3_70b_versatile,GA_ADAPTIVE,string_category,empty,28,True,True,[''],0.0,empty,0,80,0.000145082944072783
no_semantic_llama_3_3_70b_versatile,GA_ADAPTIVE,string_category,empty,29,True,True,[''],0.0,empty,0,80,0.00014516699593514204
no_semantic_llama_3_3_70b_versatile,GA_ADAPTIVE,string_category,long_palindrome,0,False,False,['u0u'],1.0,,13,8080,0.03312375000678003
no_semantic_llama_3_3_70b_versatile,GA_ADAPTIVE,string_category,long_palindrome,1,False,False,['jEj'],1.0,,0,8080,0.033379708067514
no_semantic_llama_3_3_70b_versatile,GA_ADAPTIVE,string_category,long_palindrome,2,False,False,['sPs'],1.0,,80,8080,0.03310116694774479
no_semantic_llama_3_3_70b_versatile,GA_ADAPTIVE,string_category,long_palindrome,3,True,True,['cPPc'],0.0,long_palindrome,40,3280,0.012867999961599708
no_semantic_llama_3_3_70b_versatile,GA_ADAPTIVE,string_category,long_palindrome,4,True,True,['dqqd'],0.0,long_palindrome,65,5280,0.02104883303400129
no_semantic_llama_3_3_70b_versatile,GA_ADAPTIVE,string_category,long_palindrome,5,True,True,['9A9A9'],0.0,long_palindrome,39,3200,0.012585417018271983
no_semantic_llama_3_3_70b_versatile,GA_ADAPTIVE,string_category,long_palindrome,6,True,True,['lrrl'],0.0,long_palindrome,74,6000,0.02431133296340704
no_semantic_llama_3_3_70b_versatile,GA_ADAPTIVE,string_category,long_palindrome,7,True,True,['PPPP'],0.0,long_palindrome,11,960,0.003543625003658235
no_semantic_llama_3_3_70b_versatile,GA_ADAPTIVE,string_category,long_palindrome,8,True,True,['2222'],0.0,long_palindrome,35,2880,0.011293540941551328
no_semantic_llama_3_3_70b_versatile,GA_ADAPTIVE,string_category,long_palindrome,9,False,False,['I1I'],1.0,,3,8080,0.033902541967108846
no_semantic_llama_3_3_70b_versatile,GA_ADAPTIVE,string_category,long_palindrome,10,True,True,['CEEC'],0.0,long_palindrome,39,3200,0.013122832984663546
no_semantic_llama_3_3_70b_versatile,GA_ADAPTIVE,string_category,long_palindrome,11,False,False,['IMI'],1.0,,26,8080,0.033363458001986146
no_semantic_llama_3_3_70b_versatile,GA_ADAPTIVE,string_category,long_palindrome,12,False,False,['HDH'],1.0,,12,8080,0.03313875000458211
no_semantic_llama_3_3_70b_versatile,GA_ADAPTIVE,string_category,long_palindrome,13,True,True,['HimiH'],0.0,long_palindrome,13,1120,0.00428608397487551
no_semantic_llama_3_3_70b_versatile,GA_ADAPTIVE,string_category,long_palindrome,14,False,False,['w0w'],1.0,,40,8080,0.032942333025857806
no_semantic_llama_3_3_70b_versatile,GA_ADAPTIVE,string_category,long_palindrome,15,False,False,['sZs'],1.0,,70,8080,0.03304616699460894
no_semantic_llama_3_3_70b_versatile,GA_ADAPTIVE,string_category,long_palindrome,16,False,False,['UoUHDq7Pv3X3'],2.0,,0,8080,0.03355912503320724
no_semantic_llama_3_3_70b_versatile,GA_ADAPTIVE,string_category,long_palindrome,17,True,True,['HCHCH'],0.0,long_palindrome,45,3680,0.01456716691609472
no_semantic_llama_3_3_70b_versatile,GA_ADAPTIVE,string_category,long_palindrome,18,False,False,['FRF'],1.0,,63,8080,0.033050875063054264
no_semantic_llama_3_3_70b_versatile,GA_ADAPTIVE,string_category,long_palindrome,19,True,True,['qO3Oq'],0.0,long_palindrome,7,640,0.002377167111262679
no_semantic_llama_3_3_70b_versatile,GA_ADAPTIVE,string_category,long_palindrome,20,False,False,['OpO'],1.0,,0,8080,0.03349670802708715
no_semantic_llama_3_3_70b_versatile,GA_ADAPTIVE,string_category,long_palindrome,21,False,False,['0D0'],1.0,,11,8080,0.03317408403381705
no_semantic_llama_3_3_70b_versatile,GA_ADAPTIVE,string_category,long_palindrome,22,False,False,['8i8'],1.0,,0,8080,0.033427582937292755
no_semantic_llama_3_3_70b_versatile,GA_ADAPTIVE,string_category,long_palindrome,23,False,False,['dTd'],1.0,,49,8080,0.033034541993401945
no_semantic_llama_3_3_70b_versatile,GA_ADAPTIVE,string_category,long_palindrome,24,False,False,['QnQ'],1.0,,36,8080,0.03281433298252523
no_semantic_llama_3_3_70b_versatile,GA_ADAPTIVE,string_category,long_palindrome,25,False,False,['jDj'],1.0,,19,8080,0.03320387506391853
no_semantic_llama_3_3_70b_versatile,GA_ADAPTIVE,string_category,long_palindrome,26,False,False,['THT'],1.0,,41,8080,0.03293500002473593
no_semantic_llama_3_3_70b_versatile,GA_ADAPTIVE,string_category,long_palindrome,27,False,False,['8J8'],1.0,,34,8080,0.03299720794893801
no_semantic_llama_3_3_70b_versatile,GA_ADAPTIVE,string_category,long_palindrome,28,False,False,['ded'],1.0,,0,8080,0.03341599996201694
no_semantic_llama_3_3_70b_versatile,GA_ADAPTIVE,string_category,long_palindrome,29,False,False,['606'],1.0,,31,8080,0.03331087506376207
no_semantic_llama_3_3_70b_versatile,GA_ADAPTIVE,string_category,short_palindrome,0,True,True,['x'],0.0,short_palindrome,0,80,0.00015916605480015278
no_semantic_llama_3_3_70b_versatile,GA_ADAPTIVE,string_category,short_palindrome,1,True,True,['E'],0.0,short_palindrome,0,80,0.00015054200775921345
no_semantic_llama_3_3_70b_versatile,GA_ADAPTIVE,string_category,short_palindrome,2,True,True,[''],0.0,short_palindrome,0,80,0.00015024992171674967
no_semantic_llama_3_3_70b_versatile,GA_ADAPTIVE,string_category,short_palindrome,3,True,True,[''],0.0,short_palindrome,0,80,0.00014575000386685133
no_semantic_llama_3_3_70b_versatile,GA_ADAPTIVE,string_category,short_palindrome,4,True,True,['u'],0.0,short_palindrome,0,80,0.00015754206106066704
no_semantic_llama_3_3_70b_versatile,GA_ADAPTIVE,string_category,short_palindrome,5,True,True,['S'],0.0,short_palindrome,0,80,0.00015270791482180357
no_semantic_llama_3_3_70b_versatile,GA_ADAPTIVE,string_category,short_palindrome,6,True,True,[''],0.0,short_palindrome,0,80,0.0001565840793773532
no_semantic_llama_3_3_70b_versatile,GA_ADAPTIVE,string_category,short_palindrome,7,True,True,['h'],0.0,short_palindrome,0,80,0.0001540409866720438
no_semantic_llama_3_3_70b_versatile,GA_ADAPTIVE,string_category,short_palindrome,8,True,True,[''],0.0,short_palindrome,0,80,0.00015691597945988178
no_semantic_llama_3_3_70b_versatile,GA_ADAPTIVE,string_category,short_palindrome,9,True,True,['4'],0.0,short_palindrome,0,80,0.0001460420899093151
no_semantic_llama_3_3_70b_versatile,GA_ADAPTIVE,string_category,short_palindrome,10,True,True,[''],0.0,short_palindrome,0,80,0.00014358304906636477
no_semantic_llama_3_3_70b_versatile,GA_ADAPTIVE,string_category,short_palindrome,11,True,True,[''],0.0,short_palindrome,0,80,0.00015333399642258883
no_semantic_llama_3_3_70b_versatile,GA_ADAPTIVE,string_category,short_palindrome,12,True,True,[''],0.0,short_palindrome,0,80,0.00015079102013260126
no_semantic_llama_3_3_70b_versatile,GA_ADAPTIVE,string_category,short_palindrome,13,True,True,[''],0.0,short_palindrome,0,80,0.00014787493273615837
no_semantic_llama_3_3_70b_versatile,GA_ADAPTIVE,string_category,short_palindrome,14,True,True,[''],0.0,short_palindrome,0,80,0.00014525000005960464
no_semantic_llama_3_3_70b_versatile,GA_ADAPTIVE,string_category,short_palindrome,15,True,True,[''],0.0,short_palindrome,0,80,0.00014387501869350672
no_semantic_llama_3_3_70b_versatile,GA_ADAPTIVE,string_category,short_palindrome,16,True,True,['H'],0.0,short_palindrome,0,80,0.00015579210594296455
no_semantic_llama_3_3_70b_versatile,GA_ADAPTIVE,string_category,short_palindrome,17,True,True,[''],0.0,short_palindrome,0,80,0.00015424995217472315
no_semantic_llama_3_3_70b_versatile,GA_ADAPTIVE,string_category,short_palindrome,18,True,True,['n'],0.0,short_palindrome,0,80,0.00015762506518512964
no_semantic_llama_3_3_70b_versatile,GA_ADAPTIVE,string_category,short_palindrome,19,True,True,['5'],0.0,short_palindrome,0,80,0.0001590839819982648
no_semantic_llama_3_3_70b_versatile,GA_ADAPTIVE,string_category,short_palindrome,20,True,True,[''],0.0,short_palindrome,0,80,0.000150916981510818
no_semantic_llama_3_3_70b_versatile,GA_ADAPTIVE,string_category,short_palindrome,21,True,True,['k'],0.0,short_palindrome,0,80,0.0001493329182267189
no_semantic_llama_3_3_70b_versatile,GA_ADAPTIVE,string_category,short_palindrome,22,True,True,['R'],0.0,short_palindrome,0,80,0.00014762498904019594
no_semantic_llama_3_3_70b_versatile,GA_ADAPTIVE,string_category,short_palindrome,23,True,True,[''],0.0,short_palindrome,0,80,0.00015804206486791372
no_semantic_llama_3_3_70b_versatile,GA_ADAPTIVE,string_category,short_palindrome,24,True,True,['n1n'],0.0,short_palindrome,0,80,0.000146874925121665
no_semantic_llama_3_3_70b_versatile,GA_ADAPTIVE,string_category,short_palindrome,25,True,True,['c'],0.0,short_palindrome,0,80,0.00014529109466820955
no_semantic_llama_3_3_70b_versatile,GA_ADAPTIVE,string_category,short_palindrome,26,True,True,['G'],0.0,short_palindrome,0,80,0.0001509999856352806
no_semantic_llama_3_3_70b_versatile,GA_ADAPTIVE,string_category,short_palindrome,27,True,True,[''],0.0,short_palindrome,0,80,0.00015516695566475391
no_semantic_llama_3_3_70b_versatile,GA_ADAPTIVE,string_category,short_palindrome,28,True,True,[''],0.0,short_palindrome,0,80,0.00015954207628965378
no_semantic_llama_3_3_70b_versatile,GA_ADAPTIVE,string_category,short_palindrome,29,True,True,['u'],0.0,short_palindrome,0,80,0.0001514999894425273
no_semantic_llama_3_3_70b_versatile,GA_ADAPTIVE,string_category,long_non_palindrome,0,True,True,['fMxApG'],0.0,long_non_palindrome,0,80,0.00014062493573874235
no_semantic_llama_3_3_70b_versatile,GA_ADAPTIVE,string_category,long_non_palindrome,1,True,True,['1Xn'],0.0,long_non_palindrome,0,80,0.0001567919971421361
no_semantic_llama_3_3_70b_versatile,GA_ADAPTIVE,string_category,long_non_palindrome,2,True,True,['Ko'],0.0,long_non_palindrome,0,80,0.00014133297372609377
no_semantic_llama_3_3_70b_versatile,GA_ADAPTIVE,string_category,long_non_palindrome,3,True,True,['ONurwc'],0.0,long_non_palindrome,0,80,0.00015570793766528368
no_semantic_llama_3_3_70b_versatile,GA_ADAPTIVE,string_category,long_non_palindrome,4,True,True,['rE'],0.0,long_non_palindrome,0,80,0.00015974999405443668
no_semantic_llama_3_3_70b_versatile,GA_ADAPTIVE,string_category,long_non_palindrome,5,True,True,['jEn3'],0.0,long_non_palindrome,0,80,0.00015920796431601048
no_semantic_llama_3_3_70b_versatile,GA_ADAPTIVE,string_category,long_non_palindrome,6,True,True,['Pxdvt'],0.0,long_non_palindrome,0,80,0.0001580419484525919
no_semantic_llama_3_3_70b_versatile,GA_ADAPTIVE,string_category,long_non_palindrome,7,True,True,['WB'],0.0,long_non_palindrome,0,80,0.000152332941070199
no_semantic_llama_3_3_70b_versatile,GA_ADAPTIVE,string_category,long_non_palindrome,8,True,True,['nW8jnf'],0.0,long_non_palindrome,0,80,0.00016279099509119987
no_semantic_llama_3_3_70b_versatile,GA_ADAPTIVE,string_category,long_non_palindrome,9,True,True,['Oi9'],0.0,long_non_palindrome,0,80,0.0001521250233054161
no_semantic_llama_3_3_70b_versatile,GA_ADAPTIVE,string_category,long_non_palindrome,10,True,True,['yzgx'],0.0,long_non_palindrome,0,80,0.00015899993013590574
no_semantic_llama_3_3_70b_versatile,GA_ADAPTIVE,string_category,long_non_palindrome,11,True,True,['c2oiD'],0.0,long_non_palindrome,0,80,0.0001467500114813447
no_semantic_llama_3_3_70b_versatile,GA_ADAPTIVE,string_category,long_non_palindrome,12,True,True,['KDnmyu'],0.0,long_non_palindrome,0,80,0.00015970796812325716
no_semantic_llama_3_3_70b_versatile,GA_ADAPTIVE,string_category,long_non_palindrome,13,True,True,['No'],0.0,long_non_palindrome,0,80,0.00016295898240059614
no_semantic_llama_3_3_70b_versatile,GA_ADAPTIVE,string_category,long_non_palindrome,14,True,True,['eqNmy7'],0.0,long_non_palindrome,0,80,0.00016691605560481548
no_semantic_llama_3_3_70b_versatile,GA_ADAPTIVE,string_category,long_non_palindrome,15,True,True,['yhdO'],0.0,long_non_palindrome,0,80,0.00015787500888109207
no_semantic_llama_3_3_70b_versatile,GA_ADAPTIVE,string_category,long_non_palindrome,16,True,True,['sg'],0.0,long_non_palindrome,0,80,0.00015591701958328485
no_semantic_llama_3_3_70b_versatile,GA_ADAPTIVE,string_category,long_non_palindrome,17,True,True,['kIvE'],0.0,long_non_palindrome,0,80,0.00015412503853440285
no_semantic_llama_3_3_70b_versatile,GA_ADAPTIVE,string_category,long_non_palindrome,18,True,True,['6eQ'],0.0,long_non_palindrome,0,80,0.00015533296391367912
no_semantic_llama_3_3_70b_versatile,GA_ADAPTIVE,string_category,long_non_palindrome,19,True,True,['oUYj'],0.0,long_non_palindrome,0,80,0.0001622500130906701
no_semantic_llama_3_3_70b_versatile,GA_ADAPTIVE,string_category,long_non_palindrome,20,True,True,['AsfGP'],0.0,long_non_palindrome,0,80,0.00013912504073232412
no_semantic_llama_3_3_70b_versatile,GA_ADAPTIVE,string_category,long_non_palindrome,21,True,True,['7WlaqX'],0.0,long_non_palindrome,0,80,0.00014537503011524677
no_semantic_llama_3_3_70b_versatile,GA_ADAPTIVE,string_category,long_non_palindrome,22,True,True,['Kwgsyl'],0.0,long_non_palindrome,0,80,0.00015037506818771362
no_semantic_llama_3_3_70b_versatile,GA_ADAPTIVE,string_category,long_non_palindrome,23,True,True,['1w'],0.0,long_non_palindrome,0,80,0.00015291699673980474
no_semantic_llama_3_3_70b_versatile,GA_ADAPTIVE,string_category,long_non_palindrome,24,True,True,['N3'],0.0,long_non_palindrome,0,80,0.00015487498603761196
no_semantic_llama_3_3_70b_versatile,GA_ADAPTIVE,string_category,long_non_palindrome,25,True,True,['Nema'],0.0,long_non_palindrome,0,80,0.0001559159718453884
no_semantic_llama_3_3_70b_versatile,GA_ADAPTIVE,string_category,long_non_palindrome,26,True,True,['GYbcxr'],0.0,long_non_palindrome,0,80,0.00015308300498872995
no_semantic_llama_3_3_70b_versatile,GA_ADAPTIVE,string_category,long_non_palindrome,27,True,True,['0A52j'],0.0,long_non_palindrome,0,80,0.00015112501569092274
no_semantic_llama_3_3_70b_versatile,GA_ADAPTIVE,string_category,long_non_palindrome,28,True,True,['phxi'],0.0,long_non_palindrome,0,80,0.000161666888743639
no_semantic_llama_3_3_70b_versatile,GA_ADAPTIVE,string_category,long_non_palindrome,29,True,True,['byZwM'],0.0,long_non_palindrome,0,80,0.00015249999705702066
no_semantic_llama_3_3_70b_versatile,GA_ADAPTIVE,string_category,other,0,True,True,['ltygRQ'],0.0,other,0,80,0.0001570829190313816
no_semantic_llama_3_3_70b_versatile,GA_ADAPTIVE,string_category,other,1,True,True,['qUNK8EG5TB9km'],0.0,other,0,80,0.00015654193703085184
no_semantic_llama_3_3_70b_versatile,GA_ADAPTIVE,string_category,other,2,True,True,['ZbvfH'],0.0,other,0,80,0.0001533330651000142
no_semantic_llama_3_3_70b_versatile,GA_ADAPTIVE,string_category,other,3,True,True,['ZZIpaOM8ipF1'],0.0,other,0,80,0.00015324994456022978
no_semantic_llama_3_3_70b_versatile,GA_ADAPTIVE,string_category,other,4,True,True,['Xnwnc7O'],0.0,other,0,80,0.00015245808754116297
no_semantic_llama_3_3_70b_versatile,GA_ADAPTIVE,string_category,other,5,True,True,['BC8eYBVZ'],0.0,other,0,80,0.00016362499445676804
no_semantic_llama_3_3_70b_versatile,GA_ADAPTIVE,string_category,other,6,True,True,['h9y'],0.0,other,0,80,0.00015645800158381462
no_semantic_llama_3_3_70b_versatile,GA_ADAPTIVE,string_category,other,7,True,True,['yGTNnT'],0.0,other,0,80,0.00015058298595249653
no_semantic_llama_3_3_70b_versatile,GA_ADAPTIVE,string_category,other,8,True,True,['YtjNea20'],0.0,other,0,80,0.00015445798635482788
no_semantic_llama_3_3_70b_versatile,GA_ADAPTIVE,string_category,other,9,True,True,['JoruiMrB2'],0.0,other,0,80,0.00014658295549452305
no_semantic_llama_3_3_70b_versatile,GA_ADAPTIVE,string_category,other,10,True,True,['5pSBh'],0.0,other,0,80,0.00015324994456022978
no_semantic_llama_3_3_70b_versatile,GA_ADAPTIVE,string_category,other,11,True,True,['6irD4pROFQpRDWy'],0.0,other,0,80,0.00015779188834130764
no_semantic_llama_3_3_70b_versatile,GA_ADAPTIVE,string_category,other,12,True,True,['rdocAztszpUZy'],0.0,other,0,80,0.00015354098286479712
no_semantic_llama_3_3_70b_versatile,GA_ADAPTIVE,string_category,other,13,True,True,['Jdw8GxLGII8F'],0.0,other,0,80,0.0001425830414518714
no_semantic_llama_3_3_70b_versatile,GA_ADAPTIVE,string_category,other,14,True,True,['mJBmJmMQeP7Fm'],0.0,other,0,80,0.00015054200775921345
no_semantic_llama_3_3_70b_versatile,GA_ADAPTIVE,string_category,other,15,True,True,['7bQdaJy'],0.0,other,0,80,0.00014837505295872688
no_semantic_llama_3_3_70b_versatile,GA_ADAPTIVE,string_category,other,16,True,True,['iugoOr4oZK5BHF'],0.0,other,0,80,0.00015891599468886852
no_semantic_llama_3_3_70b_versatile,GA_ADAPTIVE,string_category,other,17,True,True,['wW'],0.0,other,0,80,0.00016099994536489248
no_semantic_llama_3_3_70b_versatile,GA_ADAPTIVE,string_category,other,18,True,True,['jby'],0.0,other,0,80,0.0001550420420244336
no_semantic_llama_3_3_70b_versatile,GA_ADAPTIVE,string_category,other,19,True,True,['VX1ZkXAITOeNikC'],0.0,other,0,80,0.00016191694885492325
no_semantic_llama_3_3_70b_versatile,GA_ADAPTIVE,string_category,other,20,True,True,['nSb'],0.0,other,0,80,0.00016037491150200367
no_semantic_llama_3_3_70b_versatile,GA_ADAPTIVE,string_category,other,21,True,True,['AxPVLJI'],0.0,other,0,80,0.00014949997421354055
no_semantic_llama_3_3_70b_versatile,GA_ADAPTIVE,string_category,other,22,True,True,['19AT'],0.0,other,0,80,0.0001515829935669899
no_semantic_llama_3_3_70b_versatile,GA_ADAPTIVE,string_category,other,23,True,True,['fqnbl8Oqd4'],0.0,other,0,80,0.0001499159261584282
no_semantic_llama_3_3_70b_versatile,GA_ADAPTIVE,string_category,other,24,True,True,['Nhnm2FAG2JrK0'],0.0,other,0,80,0.0001609589671716094
no_semantic_llama_3_3_70b_versatile,GA_ADAPTIVE,string_category,other,25,True,True,['Te7'],0.0,other,0,80,0.00016437494195997715
no_semantic_llama_3_3_70b_versatile,GA_ADAPTIVE,string_category,other,26,True,True,['aJOw7zetUPVr9C'],0.0,other,0,80,0.0001562919933348894
no_semantic_llama_3_3_70b_versatile,GA_ADAPTIVE,string_category,other,27,True,True,['NhrqLRbDGbax9O'],0.0,other,0,80,0.00014845794066786766
no_semantic_llama_3_3_70b_versatile,GA_ADAPTIVE,string_category,other,28,True,True,['R8L'],0.0,other,0,80,0.00015591701958328485
no_semantic_llama_3_3_70b_versatile,GA_ADAPTIVE,string_category,other,29,True,True,['QR'],0.0,other,0,80,0.00014483300037682056
no_semantic_llama_3_3_70b_versatile,GA_ADAPTIVE,transaction_pattern,empty,0,False,False,,inf,,0,8080,0.05208324990235269
no_semantic_llama_3_3_70b_versatile,GA_ADAPTIVE,transaction_pattern,empty,1,False,False,,inf,,0,8080,0.05232091702055186
no_semantic_llama_3_3_70b_versatile,GA_ADAPTIVE,transaction_pattern,empty,2,False,False,,inf,,0,8080,0.04795916692819446
no_semantic_llama_3_3_70b_versatile,GA_ADAPTIVE,transaction_pattern,empty,3,False,False,,inf,,0,8080,0.05023379100020975
no_semantic_llama_3_3_70b_versatile,GA_ADAPTIVE,transaction_pattern,empty,4,False,False,,inf,,0,8080,0.049489042023196816
no_semantic_llama_3_3_70b_versatile,GA_ADAPTIVE,transaction_pattern,empty,5,False,False,,inf,,0,8080,0.04973666602745652
no_semantic_llama_3_3_70b_versatile,GA_ADAPTIVE,transaction_pattern,empty,6,False,False,,inf,,0,8080,0.04832937498576939
no_semantic_llama_3_3_70b_versatile,GA_ADAPTIVE,transaction_pattern,empty,7,False,False,,inf,,0,8080,0.049475083011202514
no_semantic_llama_3_3_70b_versatile,GA_ADAPTIVE,transaction_pattern,empty,8,False,False,,inf,,0,8080,0.050503334030508995
no_semantic_llama_3_3_70b_versatile,GA_ADAPTIVE,transaction_pattern,empty,9,False,False,,inf,,0,8080,0.050775708979927
no_semantic_llama_3_3_70b_versatile,GA_ADAPTIVE,transaction_pattern,empty,10,False,False,,inf,,0,8080,0.047902666963636875
no_semantic_llama_3_3_70b_versatile,GA_ADAPTIVE,transaction_pattern,empty,11,False,False,,inf,,0,8080,0.05200174998026341
no_semantic_llama_3_3_70b_versatile,GA_ADAPTIVE,transaction_pattern,empty,12,False,False,,inf,,0,8080,0.048979457933455706
no_semantic_llama_3_3_70b_versatile,GA_ADAPTIVE,transaction_pattern,empty,13,False,False,,inf,,0,8080,0.046053999918513
no_semantic_llama_3_3_70b_versatile,GA_ADAPTIVE,transaction_pattern,empty,14,False,False,,inf,,0,8080,0.04820283397566527
no_semantic_llama_3_3_70b_versatile,GA_ADAPTIVE,transaction_pattern,empty,15,False,False,,inf,,0,8080,0.05179937498178333
no_semantic_llama_3_3_70b_versatile,GA_ADAPTIVE,transaction_pattern,empty,16,False,False,,inf,,0,8080,0.049156334018334746
no_semantic_llama_3_3_70b_versatile,GA_ADAPTIVE,transaction_pattern,empty,17,False,False,,inf,,0,8080,0.05013729096390307
no_semantic_llama_3_3_70b_versatile,GA_ADAPTIVE,transaction_pattern,empty,18,False,False,,inf,,0,8080,0.04949449992273003
no_semantic_llama_3_3_70b_versatile,GA_ADAPTIVE,transaction_pattern,empty,19,False,False,,inf,,0,8080,0.04890420800074935
no_semantic_llama_3_3_70b_versatile,GA_ADAPTIVE,transaction_pattern,empty,20,False,False,,inf,,0,8080,0.047988499980419874
no_semantic_llama_3_3_70b_versatile,GA_ADAPTIVE,transaction_pattern,empty,21,False,False,,inf,,0,8080,0.04808574996422976
no_semantic_llama_3_3_70b_versatile,GA_ADAPTIVE,transaction_pattern,empty,22,False,False,,inf,,0,8080,0.0479390830732882
no_semantic_llama_3_3_70b_versatile,GA_ADAPTIVE,transaction_pattern,empty,23,False,False,,inf,,0,8080,0.05100766592659056
no_semantic_llama_3_3_70b_versatile,GA_ADAPTIVE,transaction_pattern,empty,24,False,False,,inf,,0,8080,0.05014745891094208
no_semantic_llama_3_3_70b_versatile,GA_ADAPTIVE,transaction_pattern,empty,25,False,False,,inf,,0,8080,0.050731583032757044
no_semantic_llama_3_3_70b_versatile,GA_ADAPTIVE,transaction_pattern,empty,26,False,False,,inf,,0,8080,0.04798820905853063
no_semantic_llama_3_3_70b_versatile,GA_ADAPTIVE,transaction_pattern,empty,27,False,False,,inf,,0,8080,0.05104112497065216
no_semantic_llama_3_3_70b_versatile,GA_ADAPTIVE,transaction_pattern,empty,28,False,False,,inf,,0,8080,0.05024925002362579
no_semantic_llama_3_3_70b_versatile,GA_ADAPTIVE,transaction_pattern,empty,29,False,False,,inf,,0,8080,0.04906166694127023
no_semantic_llama_3_3_70b_versatile,GA_ADAPTIVE,transaction_pattern,contains_zero,0,False,False,,inf,,0,8080,0.049489833996631205
no_semantic_llama_3_3_70b_versatile,GA_ADAPTIVE,transaction_pattern,contains_zero,1,False,False,,inf,,0,8080,0.047528416966088116
no_semantic_llama_3_3_70b_versatile,GA_ADAPTIVE,transaction_pattern,contains_zero,2,False,False,,inf,,0,8080,0.05111649993341416
no_semantic_llama_3_3_70b_versatile,GA_ADAPTIVE,transaction_pattern,contains_zero,3,False,False,,inf,,0,8080,0.04930912493728101
no_semantic_llama_3_3_70b_versatile,GA_ADAPTIVE,transaction_pattern,contains_zero,4,False,False,,inf,,0,8080,0.049885832937434316
no_semantic_llama_3_3_70b_versatile,GA_ADAPTIVE,transaction_pattern,contains_zero,5,False,False,,inf,,0,8080,0.04778658307623118
no_semantic_llama_3_3_70b_versatile,GA_ADAPTIVE,transaction_pattern,contains_zero,6,False,False,,inf,,0,8080,0.04753516602795571
no_semantic_llama_3_3_70b_versatile,GA_ADAPTIVE,transaction_pattern,contains_zero,7,False,False,,inf,,0,8080,0.04882066696882248
no_semantic_llama_3_3_70b_versatile,GA_ADAPTIVE,transaction_pattern,contains_zero,8,False,False,,inf,,0,8080,0.05041083402466029
no_semantic_llama_3_3_70b_versatile,GA_ADAPTIVE,transaction_pattern,contains_zero,9,False,False,,inf,,0,8080,0.051149292034097016
no_semantic_llama_3_3_70b_versatile,GA_ADAPTIVE,transaction_pattern,contains_zero,10,False,False,,inf,,0,8080,0.04993445798754692
no_semantic_llama_3_3_70b_versatile,GA_ADAPTIVE,transaction_pattern,contains_zero,11,False,False,,inf,,0,8080,0.04958341701421887
no_semantic_llama_3_3_70b_versatile,GA_ADAPTIVE,transaction_pattern,contains_zero,12,False,False,,inf,,0,8080,0.047455625026486814
no_semantic_llama_3_3_70b_versatile,GA_ADAPTIVE,transaction_pattern,contains_zero,13,False,False,,inf,,0,8080,0.04785387497395277
no_semantic_llama_3_3_70b_versatile,GA_ADAPTIVE,transaction_pattern,contains_zero,14,False,False,,inf,,0,8080,0.052140707965008914
no_semantic_llama_3_3_70b_versatile,GA_ADAPTIVE,transaction_pattern,contains_zero,15,False,False,,inf,,0,8080,0.05012675002217293
no_semantic_llama_3_3_70b_versatile,GA_ADAPTIVE,transaction_pattern,contains_zero,16,False,False,,inf,,0,8080,0.04721541597973555
no_semantic_llama_3_3_70b_versatile,GA_ADAPTIVE,transaction_pattern,contains_zero,17,False,False,,inf,,0,8080,0.05030379199888557
no_semantic_llama_3_3_70b_versatile,GA_ADAPTIVE,transaction_pattern,contains_zero,18,False,False,,inf,,0,8080,0.05167879199143499
no_semantic_llama_3_3_70b_versatile,GA_ADAPTIVE,transaction_pattern,contains_zero,19,False,False,,inf,,0,8080,0.05043133290018886
no_semantic_llama_3_3_70b_versatile,GA_ADAPTIVE,transaction_pattern,contains_zero,20,False,False,,inf,,0,8080,0.047241416992619634
no_semantic_llama_3_3_70b_versatile,GA_ADAPTIVE,transaction_pattern,contains_zero,21,False,False,,inf,,0,8080,0.049387415987439454
no_semantic_llama_3_3_70b_versatile,GA_ADAPTIVE,transaction_pattern,contains_zero,22,False,False,,inf,,0,8080,0.04853154195006937
no_semantic_llama_3_3_70b_versatile,GA_ADAPTIVE,transaction_pattern,contains_zero,23,False,False,,inf,,0,8080,0.04908249992877245
no_semantic_llama_3_3_70b_versatile,GA_ADAPTIVE,transaction_pattern,contains_zero,24,False,False,,inf,,0,8080,0.05012416699901223
no_semantic_llama_3_3_70b_versatile,GA_ADAPTIVE,transaction_pattern,contains_zero,25,False,False,,inf,,0,8080,0.04712254100013524
no_semantic_llama_3_3_70b_versatile,GA_ADAPTIVE,transaction_pattern,contains_zero,26,False,False,,inf,,0,8080,0.04774129099678248
no_semantic_llama_3_3_70b_versatile,GA_ADAPTIVE,transaction_pattern,contains_zero,27,False,False,,inf,,0,8080,0.04807745898142457
no_semantic_llama_3_3_70b_versatile,GA_ADAPTIVE,transaction_pattern,contains_zero,28,False,False,,inf,,0,8080,0.05230962496716529
no_semantic_llama_3_3_70b_versatile,GA_ADAPTIVE,transaction_pattern,contains_zero,29,False,False,,inf,,0,8080,0.047590834088623524
no_semantic_llama_3_3_70b_versatile,GA_ADAPTIVE,transaction_pattern,many_large_deposits,0,False,False,,inf,,0,8080,0.05132533307187259
no_semantic_llama_3_3_70b_versatile,GA_ADAPTIVE,transaction_pattern,many_large_deposits,1,False,False,,inf,,0,8080,0.05027816700749099
no_semantic_llama_3_3_70b_versatile,GA_ADAPTIVE,transaction_pattern,many_large_deposits,2,False,False,,inf,,0,8080,0.04808525007683784
no_semantic_llama_3_3_70b_versatile,GA_ADAPTIVE,transaction_pattern,many_large_deposits,3,False,False,,inf,,0,8080,0.05290804198011756
no_semantic_llama_3_3_70b_versatile,GA_ADAPTIVE,transaction_pattern,many_large_deposits,4,False,False,,inf,,0,8080,0.04902995808515698
no_semantic_llama_3_3_70b_versatile,GA_ADAPTIVE,transaction_pattern,many_large_deposits,5,False,False,,inf,,0,8080,0.04937391704879701
no_semantic_llama_3_3_70b_versatile,GA_ADAPTIVE,transaction_pattern,many_large_deposits,6,False,False,,inf,,0,8080,0.049199125031009316
no_semantic_llama_3_3_70b_versatile,GA_ADAPTIVE,transaction_pattern,many_large_deposits,7,False,False,,inf,,0,8080,0.0506682499544695
no_semantic_llama_3_3_70b_versatile,GA_ADAPTIVE,transaction_pattern,many_large_deposits,8,False,False,,inf,,0,8080,0.05139549996238202
no_semantic_llama_3_3_70b_versatile,GA_ADAPTIVE,transaction_pattern,many_large_deposits,9,False,False,,inf,,0,8080,0.04937825002707541
no_semantic_llama_3_3_70b_versatile,GA_ADAPTIVE,transaction_pattern,many_large_deposits,10,False,False,,inf,,0,8080,0.048597499961033463
no_semantic_llama_3_3_70b_versatile,GA_ADAPTIVE,transaction_pattern,many_large_deposits,11,False,False,,inf,,0,8080,0.05002750002313405
no_semantic_llama_3_3_70b_versatile,GA_ADAPTIVE,transaction_pattern,many_large_deposits,12,False,False,,inf,,0,8080,0.04901741701178253
no_semantic_llama_3_3_70b_versatile,GA_ADAPTIVE,transaction_pattern,many_large_deposits,13,False,False,,inf,,0,8080,0.049390582949854434
no_semantic_llama_3_3_70b_versatile,GA_ADAPTIVE,transaction_pattern,many_large_deposits,14,False,False,,inf,,0,8080,0.04995095799677074
no_semantic_llama_3_3_70b_versatile,GA_ADAPTIVE,transaction_pattern,many_large_deposits,15,False,False,,inf,,0,8080,0.049919000011868775
no_semantic_llama_3_3_70b_versatile,GA_ADAPTIVE,transaction_pattern,many_large_deposits,16,False,False,,inf,,0,8080,0.05176004196982831
no_semantic_llama_3_3_70b_versatile,GA_ADAPTIVE,transaction_pattern,many_large_deposits,17,False,False,,inf,,0,8080,0.047658416093327105
no_semantic_llama_3_3_70b_versatile,GA_ADAPTIVE,transaction_pattern,many_large_deposits,18,False,False,,inf,,0,8080,0.051431250059977174
no_semantic_llama_3_3_70b_versatile,GA_ADAPTIVE,transaction_pattern,many_large_deposits,19,False,False,,inf,,0,8080,0.05153445806354284
no_semantic_llama_3_3_70b_versatile,GA_ADAPTIVE,transaction_pattern,many_large_deposits,20,False,False,,inf,,0,8080,0.05060995800886303
no_semantic_llama_3_3_70b_versatile,GA_ADAPTIVE,transaction_pattern,many_large_deposits,21,False,False,,inf,,0,8080,0.050244249985553324
no_semantic_llama_3_3_70b_versatile,GA_ADAPTIVE,transaction_pattern,many_large_deposits,22,False,False,,inf,,0,8080,0.04778924991842359
no_semantic_llama_3_3_70b_versatile,GA_ADAPTIVE,transaction_pattern,many_large_deposits,23,False,False,,inf,,0,8080,0.05024941707961261
no_semantic_llama_3_3_70b_versatile,GA_ADAPTIVE,transaction_pattern,many_large_deposits,24,False,False,,inf,,0,8080,0.051753625040873885
no_semantic_llama_3_3_70b_versatile,GA_ADAPTIVE,transaction_pattern,many_large_deposits,25,False,False,,inf,,0,8080,0.051826708018779755
no_semantic_llama_3_3_70b_versatile,GA_ADAPTIVE,transaction_pattern,many_large_deposits,26,False,False,,inf,,0,8080,0.04974116606172174
no_semantic_llama_3_3_70b_versatile,GA_ADAPTIVE,transaction_pattern,many_large_deposits,27,False,False,,inf,,0,8080,0.04924245795700699
no_semantic_llama_3_3_70b_versatile,GA_ADAPTIVE,transaction_pattern,many_large_deposits,28,False,False,,inf,,0,8080,0.047413375112228096
no_semantic_llama_3_3_70b_versatile,GA_ADAPTIVE,transaction_pattern,many_large_deposits,29,False,False,,inf,,0,8080,0.05067708401475102
no_semantic_llama_3_3_70b_versatile,GA_ADAPTIVE,transaction_pattern,many_large_withdrawals,0,False,False,,inf,,0,8080,0.05177004204597324
no_semantic_llama_3_3_70b_versatile,GA_ADAPTIVE,transaction_pattern,many_large_withdrawals,1,False,False,,inf,,0,8080,0.047391041996888816
no_semantic_llama_3_3_70b_versatile,GA_ADAPTIVE,transaction_pattern,many_large_withdrawals,2,False,False,,inf,,0,8080,0.05000541603658348
no_semantic_llama_3_3_70b_versatile,GA_ADAPTIVE,transaction_pattern,many_large_withdrawals,3,False,False,,inf,,0,8080,0.050115416990593076
no_semantic_llama_3_3_70b_versatile,GA_ADAPTIVE,transaction_pattern,many_large_withdrawals,4,False,False,,inf,,0,8080,0.04773150000255555
no_semantic_llama_3_3_70b_versatile,GA_ADAPTIVE,transaction_pattern,many_large_withdrawals,5,False,False,,inf,,0,8080,0.04844408296048641
no_semantic_llama_3_3_70b_versatile,GA_ADAPTIVE,transaction_pattern,many_large_withdrawals,6,False,False,,inf,,0,8080,0.048288249992765486
no_semantic_llama_3_3_70b_versatile,GA_ADAPTIVE,transaction_pattern,many_large_withdrawals,7,False,False,,inf,,0,8080,0.05005679198075086
no_semantic_llama_3_3_70b_versatile,GA_ADAPTIVE,transaction_pattern,many_large_withdrawals,8,False,False,,inf,,0,8080,0.04989362496417016
no_semantic_llama_3_3_70b_versatile,GA_ADAPTIVE,transaction_pattern,many_large_withdrawals,9,False,False,,inf,,0,8080,0.04996312491130084
no_semantic_llama_3_3_70b_versatile,GA_ADAPTIVE,transaction_pattern,many_large_withdrawals,10,False,False,,inf,,0,8080,0.04916704201605171
no_semantic_llama_3_3_70b_versatile,GA_ADAPTIVE,transaction_pattern,many_large_withdrawals,11,False,False,,inf,,0,8080,0.0490513329859823
no_semantic_llama_3_3_70b_versatile,GA_ADAPTIVE,transaction_pattern,many_large_withdrawals,12,False,False,,inf,,0,8080,0.04812204197514802
no_semantic_llama_3_3_70b_versatile,GA_ADAPTIVE,transaction_pattern,many_large_withdrawals,13,False,False,,inf,,0,8080,0.048997499980032444
no_semantic_llama_3_3_70b_versatile,GA_ADAPTIVE,transaction_pattern,many_large_withdrawals,14,False,False,,inf,,0,8080,0.04868537501897663
no_semantic_llama_3_3_70b_versatile,GA_ADAPTIVE,transaction_pattern,many_large_withdrawals,15,False,False,,inf,,0,8080,0.04892920807469636
no_semantic_llama_3_3_70b_versatile,GA_ADAPTIVE,transaction_pattern,many_large_withdrawals,16,False,False,,inf,,0,8080,0.04753562493715435
no_semantic_llama_3_3_70b_versatile,GA_ADAPTIVE,transaction_pattern,many_large_withdrawals,17,False,False,,inf,,0,8080,0.05037437495775521
no_semantic_llama_3_3_70b_versatile,GA_ADAPTIVE,transaction_pattern,many_large_withdrawals,18,False,False,,inf,,0,8080,0.05059195798821747
no_semantic_llama_3_3_70b_versatile,GA_ADAPTIVE,transaction_pattern,many_large_withdrawals,19,False,False,,inf,,0,8080,0.049923624959774315
no_semantic_llama_3_3_70b_versatile,GA_ADAPTIVE,transaction_pattern,many_large_withdrawals,20,False,False,,inf,,0,8080,0.049038833007216454
no_semantic_llama_3_3_70b_versatile,GA_ADAPTIVE,transaction_pattern,many_large_withdrawals,21,False,False,,inf,,0,8080,0.0492127500474453
no_semantic_llama_3_3_70b_versatile,GA_ADAPTIVE,transaction_pattern,many_large_withdrawals,22,False,False,,inf,,0,8080,0.050857209018431604
no_semantic_llama_3_3_70b_versatile,GA_ADAPTIVE,transaction_pattern,many_large_withdrawals,23,False,False,,inf,,0,8080,0.05022212502080947
no_semantic_llama_3_3_70b_versatile,GA_ADAPTIVE,transaction_pattern,many_large_withdrawals,24,False,False,,inf,,0,8080,0.04987091606017202
no_semantic_llama_3_3_70b_versatile,GA_ADAPTIVE,transaction_pattern,many_large_withdrawals,25,False,False,,inf,,0,8080,0.05206816701684147
no_semantic_llama_3_3_70b_versatile,GA_ADAPTIVE,transaction_pattern,many_large_withdrawals,26,False,False,,inf,,0,8080,0.04678033397067338
no_semantic_llama_3_3_70b_versatile,GA_ADAPTIVE,transaction_pattern,many_large_withdrawals,27,False,False,,inf,,0,8080,0.049153167055919766
no_semantic_llama_3_3_70b_versatile,GA_ADAPTIVE,transaction_pattern,many_large_withdrawals,28,False,False,,inf,,0,8080,0.050450459006242454
no_semantic_llama_3_3_70b_versatile,GA_ADAPTIVE,transaction_pattern,many_large_withdrawals,29,False,False,,inf,,0,8080,0.04908679204527289
no_semantic_llama_3_3_70b_versatile,GA_ADAPTIVE,transaction_pattern,mixed_transactions,0,False,False,,inf,,0,8080,0.0510333749698475
no_semantic_llama_3_3_70b_versatile,GA_ADAPTIVE,transaction_pattern,mixed_transactions,1,False,False,,inf,,0,8080,0.05214100005105138
no_semantic_llama_3_3_70b_versatile,GA_ADAPTIVE,transaction_pattern,mixed_transactions,2,False,False,,inf,,0,8080,0.049917500000447035
no_semantic_llama_3_3_70b_versatile,GA_ADAPTIVE,transaction_pattern,mixed_transactions,3,False,False,,inf,,0,8080,0.05118558299727738
no_semantic_llama_3_3_70b_versatile,GA_ADAPTIVE,transaction_pattern,mixed_transactions,4,False,False,,inf,,0,8080,0.05089783307630569
no_semantic_llama_3_3_70b_versatile,GA_ADAPTIVE,transaction_pattern,mixed_transactions,5,False,False,,inf,,0,8080,0.05167337507009506
no_semantic_llama_3_3_70b_versatile,GA_ADAPTIVE,transaction_pattern,mixed_transactions,6,False,False,,inf,,0,8080,0.04754395899362862
no_semantic_llama_3_3_70b_versatile,GA_ADAPTIVE,transaction_pattern,mixed_transactions,7,False,False,,inf,,0,8080,0.05064616701565683
no_semantic_llama_3_3_70b_versatile,GA_ADAPTIVE,transaction_pattern,mixed_transactions,8,False,False,,inf,,0,8080,0.051693040993995965
no_semantic_llama_3_3_70b_versatile,GA_ADAPTIVE,transaction_pattern,mixed_transactions,9,False,False,,inf,,0,8080,0.047591666923835874
no_semantic_llama_3_3_70b_versatile,GA_ADAPTIVE,transaction_pattern,mixed_transactions,10,False,False,,inf,,0,8080,0.05149666697252542
no_semantic_llama_3_3_70b_versatile,GA_ADAPTIVE,transaction_pattern,mixed_transactions,11,False,False,,inf,,0,8080,0.051408082945272326
no_semantic_llama_3_3_70b_versatile,GA_ADAPTIVE,transaction_pattern,mixed_transactions,12,False,False,,inf,,0,8080,0.053059833007864654
no_semantic_llama_3_3_70b_versatile,GA_ADAPTIVE,transaction_pattern,mixed_transactions,13,False,False,,inf,,0,8080,0.05199758301023394
no_semantic_llama_3_3_70b_versatile,GA_ADAPTIVE,transaction_pattern,mixed_transactions,14,False,False,,inf,,0,8080,0.05051312502473593
no_semantic_llama_3_3_70b_versatile,GA_ADAPTIVE,transaction_pattern,mixed_transactions,15,False,False,,inf,,0,8080,0.05058608402032405
no_semantic_llama_3_3_70b_versatile,GA_ADAPTIVE,transaction_pattern,mixed_transactions,16,False,False,,inf,,0,8080,0.04954766703303903
no_semantic_llama_3_3_70b_versatile,GA_ADAPTIVE,transaction_pattern,mixed_transactions,17,False,False,,inf,,0,8080,0.050419957959093153
no_semantic_llama_3_3_70b_versatile,GA_ADAPTIVE,transaction_pattern,mixed_transactions,18,False,False,,inf,,0,8080,0.05295958393253386
no_semantic_llama_3_3_70b_versatile,GA_ADAPTIVE,transaction_pattern,mixed_transactions,19,False,False,,inf,,0,8080,0.04836766701191664
no_semantic_llama_3_3_70b_versatile,GA_ADAPTIVE,transaction_pattern,mixed_transactions,20,False,False,,inf,,0,8080,0.048820125055499375
no_semantic_llama_3_3_70b_versatile,GA_ADAPTIVE,transaction_pattern,mixed_transactions,21,False,False,,inf,,0,8080,0.04823129193391651
no_semantic_llama_3_3_70b_versatile,GA_ADAPTIVE,transaction_pattern,mixed_transactions,22,False,False,,inf,,0,8080,0.05280979198869318
no_semantic_llama_3_3_70b_versatile,GA_ADAPTIVE,transaction_pattern,mixed_transactions,23,False,False,,inf,,0,8080,0.04722733295056969
no_semantic_llama_3_3_70b_versatile,GA_ADAPTIVE,transaction_pattern,mixed_transactions,24,False,False,,inf,,0,8080,0.05053900007624179
no_semantic_llama_3_3_70b_versatile,GA_ADAPTIVE,transaction_pattern,mixed_transactions,25,False,False,,inf,,0,8080,0.051958374911919236
no_semantic_llama_3_3_70b_versatile,GA_ADAPTIVE,transaction_pattern,mixed_transactions,26,False,False,,inf,,0,8080,0.05103395809419453
no_semantic_llama_3_3_70b_versatile,GA_ADAPTIVE,transaction_pattern,mixed_transactions,27,False,False,,inf,,0,8080,0.04794583306647837
no_semantic_llama_3_3_70b_versatile,GA_ADAPTIVE,transaction_pattern,mixed_transactions,28,False,False,,inf,,0,8080,0.05011616705451161
no_semantic_llama_3_3_70b_versatile,GA_ADAPTIVE,transaction_pattern,mixed_transactions,29,False,False,,inf,,0,8080,0.04987291700672358
no_semantic_llama_3_3_70b_versatile,GA_ADAPTIVE,transaction_pattern,simple_pattern,0,False,False,,inf,,0,8080,0.04713999992236495
no_semantic_llama_3_3_70b_versatile,GA_ADAPTIVE,transaction_pattern,simple_pattern,1,False,False,,inf,,0,8080,0.05028566694818437
no_semantic_llama_3_3_70b_versatile,GA_ADAPTIVE,transaction_pattern,simple_pattern,2,False,False,,inf,,0,8080,0.049904416082426906
no_semantic_llama_3_3_70b_versatile,GA_ADAPTIVE,transaction_pattern,simple_pattern,3,False,False,,inf,,0,8080,0.047869791043922305
no_semantic_llama_3_3_70b_versatile,GA_ADAPTIVE,transaction_pattern,simple_pattern,4,False,False,,inf,,0,8080,0.048386416980065405
no_semantic_llama_3_3_70b_versatile,GA_ADAPTIVE,transaction_pattern,simple_pattern,5,False,False,,inf,,0,8080,0.04883633297868073
no_semantic_llama_3_3_70b_versatile,GA_ADAPTIVE,transaction_pattern,simple_pattern,6,False,False,,inf,,0,8080,0.04895745893009007
no_semantic_llama_3_3_70b_versatile,GA_ADAPTIVE,transaction_pattern,simple_pattern,7,False,False,,inf,,0,8080,0.05240191600751132
no_semantic_llama_3_3_70b_versatile,GA_ADAPTIVE,transaction_pattern,simple_pattern,8,False,False,,inf,,0,8080,0.046985500026494265
no_semantic_llama_3_3_70b_versatile,GA_ADAPTIVE,transaction_pattern,simple_pattern,9,False,False,,inf,,0,8080,0.05083170789293945
no_semantic_llama_3_3_70b_versatile,GA_ADAPTIVE,transaction_pattern,simple_pattern,10,False,False,,inf,,0,8080,0.049994500004686415
no_semantic_llama_3_3_70b_versatile,GA_ADAPTIVE,transaction_pattern,simple_pattern,11,False,False,,inf,,0,8080,0.04909895907621831
no_semantic_llama_3_3_70b_versatile,GA_ADAPTIVE,transaction_pattern,simple_pattern,12,False,False,,inf,,0,8080,0.050713042030110955
no_semantic_llama_3_3_70b_versatile,GA_ADAPTIVE,transaction_pattern,simple_pattern,13,False,False,,inf,,0,8080,0.049494040897116065
no_semantic_llama_3_3_70b_versatile,GA_ADAPTIVE,transaction_pattern,simple_pattern,14,False,False,,inf,,0,8080,0.05094662506598979
no_semantic_llama_3_3_70b_versatile,GA_ADAPTIVE,transaction_pattern,simple_pattern,15,False,False,,inf,,0,8080,0.0530860839644447
no_semantic_llama_3_3_70b_versatile,GA_ADAPTIVE,transaction_pattern,simple_pattern,16,False,False,,inf,,0,8080,0.04988220799714327
no_semantic_llama_3_3_70b_versatile,GA_ADAPTIVE,transaction_pattern,simple_pattern,17,False,False,,inf,,0,8080,0.04984779201913625
no_semantic_llama_3_3_70b_versatile,GA_ADAPTIVE,transaction_pattern,simple_pattern,18,False,False,,inf,,0,8080,0.05235241597983986
no_semantic_llama_3_3_70b_versatile,GA_ADAPTIVE,transaction_pattern,simple_pattern,19,False,False,,inf,,0,8080,0.049837625003419816
no_semantic_llama_3_3_70b_versatile,GA_ADAPTIVE,transaction_pattern,simple_pattern,20,False,False,,inf,,0,8080,0.04897841694764793
no_semantic_llama_3_3_70b_versatile,GA_ADAPTIVE,transaction_pattern,simple_pattern,21,False,False,,inf,,0,8080,0.049933166010305285
no_semantic_llama_3_3_70b_versatile,GA_ADAPTIVE,transaction_pattern,simple_pattern,22,False,False,,inf,,0,8080,0.048079708009026945
no_semantic_llama_3_3_70b_versatile,GA_ADAPTIVE,transaction_pattern,simple_pattern,23,False,False,,inf,,0,8080,0.04780612501781434
no_semantic_llama_3_3_70b_versatile,GA_ADAPTIVE,transaction_pattern,simple_pattern,24,False,False,,inf,,0,8080,0.05031033302657306
no_semantic_llama_3_3_70b_versatile,GA_ADAPTIVE,transaction_pattern,simple_pattern,25,False,False,,inf,,0,8080,0.05155833309981972
no_semantic_llama_3_3_70b_versatile,GA_ADAPTIVE,transaction_pattern,simple_pattern,26,False,False,,inf,,0,8080,0.050516625051386654
no_semantic_llama_3_3_70b_versatile,GA_ADAPTIVE,transaction_pattern,simple_pattern,27,False,False,,inf,,0,8080,0.051033084047958255
no_semantic_llama_3_3_70b_versatile,GA_ADAPTIVE,transaction_pattern,simple_pattern,28,False,False,,inf,,0,8080,0.0493097499711439
no_semantic_llama_3_3_70b_versatile,GA_ADAPTIVE,transaction_pattern,simple_pattern,29,False,False,,inf,,0,8080,0.05031408404465765
no_semantic_llama_3_3_70b_versatile,GA_ADAPTIVE,triangle_type,invalid_side,0,True,True,"[779, 0, 627]",0.0,invalid_side,0,80,0.00010141602251678705
no_semantic_llama_3_3_70b_versatile,GA_ADAPTIVE,triangle_type,invalid_side,1,True,True,"[414, 200, 0]",0.0,invalid_side,2,240,0.0008912080666050315
no_semantic_llama_3_3_70b_versatile,GA_ADAPTIVE,triangle_type,invalid_side,2,True,True,"[489, 0, 510]",0.0,invalid_side,27,2240,0.011205582995899022
no_semantic_llama_3_3_70b_versatile,GA_ADAPTIVE,triangle_type,invalid_side,3,True,True,"[0, 768, 598]",0.0,invalid_side,3,320,0.0012619160115718842
no_semantic_llama_3_3_70b_versatile,GA_ADAPTIVE,triangle_type,invalid_side,4,True,True,"[60, 753, 0]",0.0,invalid_side,1,160,0.0004898339975625277
no_semantic_llama_3_3_70b_versatile,GA_ADAPTIVE,triangle_type,invalid_side,5,True,True,"[0, 638, 434]",0.0,invalid_side,8,720,0.0032023750245571136
no_semantic_llama_3_3_70b_versatile,GA_ADAPTIVE,triangle_type,invalid_side,6,True,True,"[0, 111, 768]",0.0,invalid_side,20,1680,0.008176958071999252
no_semantic_llama_3_3_70b_versatile,GA_ADAPTIVE,triangle_type,invalid_side,7,True,True,"[626, 0, 408]",0.0,invalid_side,8,720,0.0032304159831255674
no_semantic_llama_3_3_70b_versatile,GA_ADAPTIVE,triangle_type,invalid_side,8,True,True,"[275, 0, 68]",0.0,invalid_side,4,400,0.0016587080899626017
no_semantic_llama_3_3_70b_versatile,GA_ADAPTIVE,triangle_type,invalid_side,9,True,True,"[0, 66, 551]",0.0,invalid_side,1,160,0.0004830000689253211
no_semantic_llama_3_3_70b_versatile,GA_ADAPTIVE,triangle_type,invalid_side,10,True,True,"[348, 0, 610]",0.0,invalid_side,3,320,0.0012757499935105443
no_semantic_llama_3_3_70b_versatile,GA_ADAPTIVE,triangle_type,invalid_side,11,True,True,"[0, 642, 847]",0.0,invalid_side,12,1040,0.004907750058919191
no_semantic_llama_3_3_70b_versatile,GA_ADAPTIVE,triangle_type,invalid_side,12,True,True,"[717, 429, 0]",0.0,invalid_side,0,80,9.774998761713505e-05
no_semantic_llama_3_3_70b_versatile,GA_ADAPTIVE,triangle_type,invalid_side,13,True,True,"[632, 0, 575]",0.0,invalid_side,3,320,0.0012813329230993986
no_semantic_llama_3_3_70b_versatile,GA_ADAPTIVE,triangle_type,invalid_side,14,True,True,"[0, 361, 940]",0.0,invalid_side,0,80,9.216705802828074e-05
no_semantic_llama_3_3_70b_versatile,GA_ADAPTIVE,triangle_type,invalid_side,15,True,True,"[750, 851, 0]",0.0,invalid_side,2,240,0.0008888329612091184
no_semantic_llama_3_3_70b_versatile,GA_ADAPTIVE,triangle_type,invalid_side,16,True,True,"[460, 0, 220]",0.0,invalid_side,23,1920,0.009493499994277954
no_semantic_llama_3_3_70b_versatile,GA_ADAPTIVE,triangle_type,invalid_side,17,True,True,"[853, 728, 0]",0.0,invalid_side,13,1120,0.005280749988742173
no_semantic_llama_3_3_70b_versatile,GA_ADAPTIVE,triangle_type,invalid_side,18,True,True,"[232, 0, 640]",0.0,invalid_side,2,240,0.000889291986823082
no_semantic_llama_3_3_70b_versatile,GA_ADAPTIVE,triangle_type,invalid_side,19,True,True,"[303, 0, 849]",0.0,invalid_side,1,160,0.00048750010319054127
no_semantic_llama_3_3_70b_versatile,GA_ADAPTIVE,triangle_type,invalid_side,20,True,True,"[620, 0, 464]",0.0,invalid_side,19,1600,0.007819458027370274
no_semantic_llama_3_3_70b_versatile,GA_ADAPTIVE,triangle_type,invalid_side,21,True,True,"[841, 905, 0]",0.0,invalid_side,26,2160,0.010858542053028941
no_semantic_llama_3_3_70b_versatile,GA_ADAPTIVE,triangle_type,invalid_side,22,True,True,"[796, 0, 22]",0.0,invalid_side,15,1280,0.006155209033749998
no_semantic_llama_3_3_70b_versatile,GA_ADAPTIVE,triangle_type,invalid_side,23,True,True,"[0, 989, 474]",0.0,invalid_side,9,800,0.0036465830635279417
no_semantic_llama_3_3_70b_versatile,GA_ADAPTIVE,triangle_type,invalid_side,24,True,True,"[0, 118, 482]",0.0,invalid_side,2,240,0.0008813749300315976
no_semantic_llama_3_3_70b_versatile,GA_ADAPTIVE,triangle_type,invalid_side,25,True,True,"[0, 272, 771]",0.0,invalid_side,0,80,9.200000204145908e-05
no_semantic_llama_3_3_70b_versatile,GA_ADAPTIVE,triangle_type,invalid_side,26,True,True,"[0, 837, 183]",0.0,invalid_side,0,80,9.233399759978056e-05
no_semantic_llama_3_3_70b_versatile,GA_ADAPTIVE,triangle_type,invalid_side,27,True,True,"[0, 917, 89]",0.0,invalid_side,3,320,0.0012782500125467777
no_semantic_llama_3_3_70b_versatile,GA_ADAPTIVE,triangle_type,invalid_side,28,True,True,"[685, 164, 0]",0.0,invalid_side,0,80,9.183306246995926e-05
no_semantic_llama_3_3_70b_versatile,GA_ADAPTIVE,triangle_type,invalid_side,29,True,True,"[0, 944, 559]",0.0,invalid_side,19,1600,0.007832790957763791
no_semantic_llama_3_3_70b_versatile,GA_ADAPTIVE,triangle_type,not_triangle,0,True,True,"[64, 324, 644]",0.0,not_triangle,0,80,9.379209950566292e-05
no_semantic_llama_3_3_70b_versatile,GA_ADAPTIVE,triangle_type,not_triangle,1,True,True,"[145, 914, 347]",0.0,not_triangle,0,80,9.424996096640825e-05
no_semantic_llama_3_3_70b_versatile,GA_ADAPTIVE,triangle_type,not_triangle,2,True,True,"[978, 116, 745]",0.0,not_triangle,0,80,9.304203558713198e-05
no_semantic_llama_3_3_70b_versatile,GA_ADAPTIVE,triangle_type,not_triangle,3,True,True,"[921, 604, 272]",0.0,not_triangle,0,80,9.304098784923553e-05
no_semantic_llama_3_3_70b_versatile,GA_ADAPTIVE,triangle_type,not_triangle,4,True,True,"[981, 656, 126]",0.0,not_triangle,0,80,9.337498340755701e-05
no_semantic_llama_3_3_70b_versatile,GA_ADAPTIVE,triangle_type,not_triangle,5,True,True,"[70, 343, 584]",0.0,not_triangle,0,80,9.512505494058132e-05
no_semantic_llama_3_3_70b_versatile,GA_ADAPTIVE,triangle_type,not_triangle,6,True,True,"[128, 170, 726]",0.0,not_triangle,0,80,9.458302520215511e-05
no_semantic_llama_3_3_70b_versatile,GA_ADAPTIVE,triangle_type,not_triangle,7,True,True,"[55, 893, 621]",0.0,not_triangle,0,80,9.391701314598322e-05
no_semantic_llama_3_3_70b_versatile,GA_ADAPTIVE,triangle_type,not_triangle,8,True,True,"[846, 323, 188]",0.0,not_triangle,0,80,9.433296509087086e-05
no_semantic_llama_3_3_70b_versatile,GA_ADAPTIVE,triangle_type,not_triangle,9,True,True,"[464, 191, 59]",0.0,not_triangle,0,80,9.316601790487766e-05
no_semantic_llama_3_3_70b_versatile,GA_ADAPTIVE,triangle_type,not_triangle,10,True,True,"[572, 942, 237]",0.0,not_triangle,0,80,9.362504351884127e-05
no_semantic_llama_3_3_70b_versatile,GA_ADAPTIVE,triangle_type,not_triangle,11,True,True,"[510, 135, 214]",0.0,not_triangle,0,80,9.416707325726748e-05
no_semantic_llama_3_3_70b_versatile,GA_ADAPTIVE,triangle_type,not_triangle,12,True,True,"[431, 418, 984]",0.0,not_triangle,0,80,9.320804383605719e-05
no_semantic_llama_3_3_70b_versatile,GA_ADAPTIVE,triangle_type,not_triangle,13,True,True,"[287, 156, 470]",0.0,not_triangle,0,80,9.229197166860104e-05
no_semantic_llama_3_3_70b_versatile,GA_ADAPTIVE,triangle_type,not_triangle,14,True,True,"[261, 644, 313]",0.0,not_triangle,0,80,9.437499102205038e-05
no_semantic_llama_3_3_70b_versatile,GA_ADAPTIVE,triangle_type,not_triangle,15,True,True,"[267, 38, 160]",0.0,not_triangle,0,80,9.350001346319914e-05
no_semantic_llama_3_3_70b_versatile,GA_ADAPTIVE,triangle_type,not_triangle,16,True,True,"[986, 238, 99]",0.0,not_triangle,0,80,9.429198689758778e-05
no_semantic_llama_3_3_70b_versatile,GA_ADAPTIVE,triangle_type,not_triangle,17,True,True,"[968, 314, 244]",0.0,not_triangle,0,80,9.316694922745228e-05
no_semantic_llama_3_3_70b_versatile,GA_ADAPTIVE,triangle_type,not_triangle,18,True,True,"[380, 204, 743]",0.0,not_triangle,0,80,9.345891885459423e-05
no_semantic_llama_3_3_70b_versatile,GA_ADAPTIVE,triangle_type,not_triangle,19,True,True,"[934, 16, 489]",0.0,not_triangle,0,80,9.429198689758778e-05
no_semantic_llama_3_3_70b_versatile,GA_ADAPTIVE,triangle_type,not_triangle,20,True,True,"[48, 229, 385]",0.0,not_triangle,0,80,9.437499102205038e-05
no_semantic_llama_3_3_70b_versatile,GA_ADAPTIVE,triangle_type,not_triangle,21,True,True,"[242, 826, 85]",0.0,not_triangle,0,80,9.304191917181015e-05
no_semantic_llama_3_3_70b_versatile,GA_ADAPTIVE,triangle_type,not_triangle,22,True,True,"[114, 909, 415]",0.0,not_triangle,0,80,9.445904288440943e-05
no_semantic_llama_3_3_70b_versatile,GA_ADAPTIVE,triangle_type,not_triangle,23,True,True,"[631, 854, 0]",0.0,not_triangle,0,80,9.429105557501316e-05
no_semantic_llama_3_3_70b_versatile,GA_ADAPTIVE,triangle_type,not_triangle,24,True,True,"[368, 168, 826]",0.0,not_triangle,0,80,9.283307008445263e-05
no_semantic_llama_3_3_70b_versatile,GA_ADAPTIVE,triangle_type,not_triangle,25,True,True,"[863, 76, 948]",0.0,not_triangle,0,80,9.254191536456347e-05
no_semantic_llama_3_3_70b_versatile,GA_ADAPTIVE,triangle_type,not_triangle,26,True,True,"[970, 530, 108]",0.0,not_triangle,0,80,9.250000584870577e-05
no_semantic_llama_3_3_70b_versatile,GA_ADAPTIVE,triangle_type,not_triangle,27,True,True,"[401, 721, 123]",0.0,not_triangle,0,80,9.341700933873653e-05
no_semantic_llama_3_3_70b_versatile,GA_ADAPTIVE,triangle_type,not_triangle,28,True,True,"[37, 25, 642]",0.0,not_triangle,0,80,9.350001346319914e-05
no_semantic_llama_3_3_70b_versatile,GA_ADAPTIVE,triangle_type,not_triangle,29,True,True,"[176, 881, 75]",0.0,not_triangle,0,80,9.279092773795128e-05
no_semantic_llama_3_3_70b_versatile,GA_ADAPTIVE,triangle_type,equilateral,0,True,True,"[660, 660, 660]",0.0,equilateral,18,1520,0.007556334021501243
no_semantic_llama_3_3_70b_versatile,GA_ADAPTIVE,triangle_type,equilateral,1,True,True,"[731, 731, 731]",0.0,equilateral,26,2160,0.010917540988884866
no_semantic_llama_3_3_70b_versatile,GA_ADAPTIVE,triangle_type,equilateral,2,True,True,"[561, 561, 561]",0.0,equilateral,15,1280,0.006323833018541336
no_semantic_llama_3_3_70b_versatile,GA_ADAPTIVE,triangle_type,equilateral,3,True,True,"[273, 273, 273]",0.0,equilateral,16,1360,0.0067359579261392355
no_semantic_llama_3_3_70b_versatile,GA_ADAPTIVE,triangle_type,equilateral,4,True,True,"[458, 458, 458]",0.0,equilateral,18,1520,0.007541750092059374
no_semantic_llama_3_3_70b_versatile,GA_ADAPTIVE,triangle_type,equilateral,5,True,True,"[425, 425, 425]",0.0,equilateral,12,1040,0.005080249975435436
no_semantic_llama_3_3_70b_versatile,GA_ADAPTIVE,triangle_type,equilateral,6,True,True,"[305, 305, 305]",0.0,equilateral,10,880,0.004229124984703958
no_semantic_llama_3_3_70b_versatile,GA_ADAPTIVE,triangle_type,equilateral,7,True,True,"[545, 545, 545]",0.0,equilateral,27,2240,0.011295582982711494
no_semantic_llama_3_3_70b_versatile,GA_ADAPTIVE,triangle_type,equilateral,8,True,True,"[487, 487, 487]",0.0,equilateral,8,720,0.00337583408690989
no_semantic_llama_3_3_70b_versatile,GA_ADAPTIVE,triangle_type,equilateral,9,True,True,"[482, 482, 482]",0.0,equilateral,18,1520,0.00748579204082489
no_semantic_llama_3_3_70b_versatile,GA_ADAPTIVE,triangle_type,equilateral,10,True,True,"[449, 449, 449]",0.0,equilateral,15,1280,0.006240707938559353
no_semantic_llama_3_3_70b_versatile,GA_ADAPTIVE,triangle_type,equilateral,11,True,True,"[490, 490, 490]",0.0,equilateral,20,1680,0.008270292077213526
no_semantic_llama_3_3_70b_versatile,GA_ADAPTIVE,triangle_type,equilateral,12,True,True,"[735, 735, 735]",0.0,equilateral,20,1680,0.00825099996291101
no_semantic_llama_3_3_70b_versatile,GA_ADAPTIVE,triangle_type,equilateral,13,True,True,"[635, 635, 635]",0.0,equilateral,7,640,0.0030055410461500287
no_semantic_llama_3_3_70b_versatile,GA_ADAPTIVE,triangle_type,equilateral,14,True,True,"[364, 364, 364]",0.0,equilateral,21,1760,0.008644749992527068
no_semantic_llama_3_3_70b_versatile,GA_ADAPTIVE,triangle_type,equilateral,15,True,True,"[497, 497, 497]",0.0,equilateral,3,320,0.0013383750338107347
no_semantic_llama_3_3_70b_versatile,GA_ADAPTIVE,triangle_type,equilateral,16,True,True,"[358, 358, 358]",0.0,equilateral,14,1200,0.00580708310008049
no_semantic_llama_3_3_70b_versatile,GA_ADAPTIVE,triangle_type,equilateral,17,True,True,"[286, 286, 286]",0.0,equilateral,18,1520,0.007437707972712815
no_semantic_llama_3_3_70b_versatile,GA_ADAPTIVE,triangle_type,equilateral,18,True,True,"[475, 475, 475]",0.0,equilateral,83,6720,0.037183583015576005
no_semantic_llama_3_3_70b_versatile,GA_ADAPTIVE,triangle_type,equilateral,19,True,True,"[436, 436, 436]",0.0,equilateral,10,880,0.004210209008306265
no_semantic_llama_3_3_70b_versatile,GA_ADAPTIVE,triangle_type,equilateral,20,True,True,"[645, 645, 645]",0.0,equilateral,22,1840,0.0090970000019297
no_semantic_llama_3_3_70b_versatile,GA_ADAPTIVE,triangle_type,equilateral,21,True,True,"[642, 642, 642]",0.0,equilateral,13,1120,0.005448290961794555
no_semantic_llama_3_3_70b_versatile,GA_ADAPTIVE,triangle_type,equilateral,22,True,True,"[493, 493, 493]",0.0,equilateral,9,800,0.00377408298663795
no_semantic_llama_3_3_70b_versatile,GA_ADAPTIVE,triangle_type,equilateral,23,True,True,"[484, 484, 484]",0.0,equilateral,15,1280,0.006237833062186837
no_semantic_llama_3_3_70b_versatile,GA_ADAPTIVE,triangle_type,equilateral,24,True,True,"[468, 468, 468]",0.0,equilateral,10,880,0.0042266250820830464
no_semantic_llama_3_3_70b_versatile,GA_ADAPTIVE,triangle_type,equilateral,25,True,True,"[442, 442, 442]",0.0,equilateral,38,3120,0.016081416979432106
no_semantic_llama_3_3_70b_versatile,GA_ADAPTIVE,triangle_type,equilateral,26,True,True,"[852, 852, 852]",0.0,equilateral,8,720,0.003383082919754088
no_semantic_llama_3_3_70b_versatile,GA_ADAPTIVE,triangle_type,equilateral,27,True,True,"[262, 262, 262]",0.0,equilateral,16,1360,0.006652625044807792
no_semantic_llama_3_3_70b_versatile,GA_ADAPTIVE,triangle_type,equilateral,28,True,True,"[610, 610, 610]",0.0,equilateral,28,2320,0.011531000025570393
no_semantic_llama_3_3_70b_versatile,GA_ADAPTIVE,triangle_type,equilateral,29,True,True,"[677, 677, 677]",0.0,equilateral,11,960,0.004598457948304713
no_semantic_llama_3_3_70b_versatile,GA_ADAPTIVE,triangle_type,isosceles,0,True,True,"[339, 339, 327]",0.0,isosceles,5,480,0.002156292088329792
no_semantic_llama_3_3_70b_versatile,GA_ADAPTIVE,triangle_type,isosceles,1,True,True,"[805, 986, 805]",0.0,isosceles,1,160,0.0005212919786572456
no_semantic_llama_3_3_70b_versatile,GA_ADAPTIVE,triangle_type,isosceles,2,True,True,"[409, 250, 409]",0.0,isosceles,1,160,0.0005153329111635685
no_semantic_llama_3_3_70b_versatile,GA_ADAPTIVE,triangle_type,isosceles,3,True,True,"[609, 609, 612]",0.0,isosceles,5,480,0.0021629590773954988
no_semantic_llama_3_3_70b_versatile,GA_ADAPTIVE,triangle_type,isosceles,4,True,True,"[451, 685, 451]",0.0,isosceles,0,80,0.00010891701094806194
no_semantic_llama_3_3_70b_versatile,GA_ADAPTIVE,triangle_type,isosceles,5,True,True,"[61, 640, 61]",0.0,isosceles,0,80,0.00010999990627169609
no_semantic_llama_3_3_70b_versatile,GA_ADAPTIVE,triangle_type,isosceles,6,True,True,"[862, 862, 850]",0.0,isosceles,5,480,0.002142040990293026
no_semantic_llama_3_3_70b_versatile,GA_ADAPTIVE,triangle_type,isosceles,7,True,True,"[800, 898, 898]",0.0,isosceles,1,160,0.0005297500174492598
no_semantic_llama_3_3_70b_versatile,GA_ADAPTIVE,triangle_type,isosceles,8,True,True,"[936, 922, 922]",0.0,isosceles,4,400,0.0018171670380979776
no_semantic_llama_3_3_70b_versatile,GA_ADAPTIVE,triangle_type,isosceles,9,True,True,"[964, 964, 958]",0.0,isosceles,7,640,0.0029922500252723694
no_semantic_llama_3_3_70b_versatile,GA_ADAPTIVE,triangle_type,isosceles,10,True,True,"[562, 673, 562]",0.0,isosceles,0,80,0.00011324998922646046
no_semantic_llama_3_3_70b_versatile,GA_ADAPTIVE,triangle_type,isosceles,11,True,True,"[162, 162, 548]",0.0,isosceles,0,80,0.00011250004172325134
no_semantic_llama_3_3_70b_versatile,GA_ADAPTIVE,triangle_type,isosceles,12,True,True,"[795, 368, 795]",0.0,isosceles,1,160,0.0005330829881131649
no_semantic_llama_3_3_70b_versatile,GA_ADAPTIVE,triangle_type,isosceles,13,True,True,"[635, 974, 635]",0.0,isosceles,2,240,0.0009382920106872916
no_semantic_llama_3_3_70b_versatile,GA_ADAPTIVE,triangle_type,isosceles,14,True,True,"[367, 326, 367]",0.0,isosceles,3,320,0.0013409580569714308
no_semantic_llama_3_3_70b_versatile,GA_ADAPTIVE,triangle_type,isosceles,15,True,True,"[191, 170, 191]",0.0,isosceles,5,480,0.0021807909943163395
no_semantic_llama_3_3_70b_versatile,GA_ADAPTIVE,triangle_type,isosceles,16,True,True,"[695, 695, 507]",0.0,isosceles,2,240,0.0009383339202031493
no_semantic_llama_3_3_70b_versatile,GA_ADAPTIVE,triangle_type,isosceles,17,True,True,"[374, 374, 148]",0.0,isosceles,3,320,0.0013386670034378767
no_semantic_llama_3_3_70b_versatile,GA_ADAPTIVE,triangle_type,isosceles,18,True,True,"[745, 605, 745]",0.0,isosceles,2,240,0.0009416659595444798
no_semantic_llama_3_3_70b_versatile,GA_ADAPTIVE,triangle_type,isosceles,19,True,True,"[787, 910, 787]",0.0,isosceles,2,240,0.0009319999953731894
no_semantic_llama_3_3_70b_versatile,GA_ADAPTIVE,triangle_type,isosceles,20,True,True,"[497, 570, 497]",0.0,isosceles,5,480,0.002178999944590032
no_semantic_llama_3_3_70b_versatile,GA_ADAPTIVE,triangle_type,isosceles,21,True,True,"[145, 413, 413]",0.0,isosceles,3,320,0.0013523329980671406
no_semantic_llama_3_3_70b_versatile,GA_ADAPTIVE,triangle_type,isosceles,22,True,True,"[313, 288, 288]",0.0,isosceles,2,240,0.0009355000220239162
no_semantic_llama_3_3_70b_versatile,GA_ADAPTIVE,triangle_type,isosceles,23,True,True,"[715, 715, 845]",0.0,isosceles,2,240,0.000930250040255487
no_semantic_llama_3_3_70b_versatile,GA_ADAPTIVE,triangle_type,isosceles,24,True,True,"[602, 249, 249]",0.0,isosceles,0,80,0.00010862504132091999
no_semantic_llama_3_3_70b_versatile,GA_ADAPTIVE,triangle_type,isosceles,25,True,True,"[134, 134, 109]",0.0,isosceles,3,320,0.0013337909476831555
no_semantic_llama_3_3_70b_versatile,GA_ADAPTIVE,triangle_type,isosceles,26,True,True,"[312, 94, 94]",0.0,isosceles,1,160,0.0005225409986451268
no_semantic_llama_3_3_70b_versatile,GA_ADAPTIVE,triangle_type,isosceles,27,True,True,"[894, 894, 712]",0.0,isosceles,1,160,0.0005212499527260661
no_semantic_llama_3_3_70b_versatile,GA_ADAPTIVE,triangle_type,isosceles,28,True,True,"[556, 543, 556]",0.0,isosceles,7,640,0.0029824579833075404
no_semantic_llama_3_3_70b_versatile,GA_ADAPTIVE,triangle_type,isosceles,29,True,True,"[768, 768, 644]",0.0,isosceles,0,80,0.00010829104576259851
no_semantic_llama_3_3_70b_versatile,GA_ADAPTIVE,triangle_type,scalene,0,True,True,"[345, 39, 388]",0.0,scalene,0,80,9.608292020857334e-05
no_semantic_llama_3_3_70b_versatile,GA_ADAPTIVE,triangle_type,scalene,1,True,True,"[598, 790, 134]",0.0,scalene,0,80,9.38749872148037e-05
no_semantic_llama_3_3_70b_versatile,GA_ADAPTIVE,triangle_type,scalene,2,True,True,"[259, 447, 656]",0.0,scalene,0,80,9.358394891023636e-05
no_semantic_llama_3_3_70b_versatile,GA_ADAPTIVE,triangle_type,scalene,3,True,True,"[282, 817, 323]",0.0,scalene,0,80,9.279209189116955e-05
no_semantic_llama_3_3_70b_versatile,GA_ADAPTIVE,triangle_type,scalene,4,True,True,"[758, 952, 895]",0.0,scalene,0,80,9.366602171212435e-05
no_semantic_llama_3_3_70b_versatile,GA_ADAPTIVE,triangle_type,scalene,5,True,True,"[345, 569, 42]",0.0,scalene,0,80,9.216601029038429e-05
no_semantic_llama_3_3_70b_versatile,GA_ADAPTIVE,triangle_type,scalene,6,True,True,"[140, 8, 104]",0.0,scalene,0,80,9.370897896587849e-05
no_semantic_llama_3_3_70b_versatile,GA_ADAPTIVE,triangle_type,scalene,7,True,True,"[360, 78, 881]",0.0,scalene,0,80,9.466707706451416e-05
no_semantic_llama_3_3_70b_versatile,GA_ADAPTIVE,triangle_type,scalene,8,True,True,"[648, 926, 305]",0.0,scalene,0,80,9.383400902152061e-05
no_semantic_llama_3_3_70b_versatile,GA_ADAPTIVE,triangle_type,scalene,9,True,True,"[756, 380, 711]",0.0,scalene,0,80,9.27499495446682e-05
no_semantic_llama_3_3_70b_versatile,GA_ADAPTIVE,triangle_type,scalene,10,True,True,"[711, 192, 973]",0.0,scalene,0,80,9.337509982287884e-05
no_semantic_llama_3_3_70b_versatile,GA_ADAPTIVE,triangle_type,scalene,11,True,True,"[902, 527, 845]",0.0,scalene,0,80,9.208405390381813e-05
no_semantic_llama_3_3_70b_versatile,GA_ADAPTIVE,triangle_type,scalene,12,True,True,"[158, 669, 991]",0.0,scalene,0,80,9.545800276100636e-05
no_semantic_llama_3_3_70b_versatile,GA_ADAPTIVE,triangle_type,scalene,13,True,True,"[231, 131, 75]",0.0,scalene,0,80,9.39579913392663e-05
no_semantic_llama_3_3_70b_versatile,GA_ADAPTIVE,triangle_type,scalene,14,True,True,"[926, 220, 61]",0.0,scalene,0,80,9.237497579306364e-05
no_semantic_llama_3_3_70b_versatile,GA_ADAPTIVE,triangle_type,scalene,15,True,True,"[293, 556, 879]",0.0,scalene,0,80,9.275006595999002e-05
no_semantic_llama_3_3_70b_versatile,GA_ADAPTIVE,triangle_type,scalene,16,True,True,"[322, 774, 537]",0.0,scalene,0,80,9.30840615183115e-05
no_semantic_llama_3_3_70b_versatile,GA_ADAPTIVE,triangle_type,scalene,17,True,True,"[702, 791, 270]",0.0,scalene,0,80,9.233306627720594e-05
no_semantic_llama_3_3_70b_versatile,GA_ADAPTIVE,triangle_type,scalene,18,True,True,"[926, 516, 857]",0.0,scalene,0,80,9.600003249943256e-05
no_semantic_llama_3_3_70b_versatile,GA_ADAPTIVE,triangle_type,scalene,19,True,True,"[480, 97, 317]",0.0,scalene,0,80,9.383400902152061e-05
no_semantic_llama_3_3_70b_versatile,GA_ADAPTIVE,triangle_type,scalene,20,True,True,"[435, 969, 453]",0.0,scalene,0,80,9.391596540808678e-05
no_semantic_llama_3_3_70b_versatile,GA_ADAPTIVE,triangle_type,scalene,21,True,True,"[187, 755, 137]",0.0,scalene,0,80,9.308394510298967e-05
no_semantic_llama_3_3_70b_versatile,GA_ADAPTIVE,triangle_type,scalene,22,True,True,"[136, 534, 539]",0.0,scalene,0,80,9.38749872148037e-05
no_semantic_llama_3_3_70b_versatile,GA_ADAPTIVE,triangle_type,scalene,23,True,True,"[48, 872, 392]",0.0,scalene,0,80,9.27080400288105e-05
no_semantic_llama_3_3_70b_versatile,GA_ADAPTIVE,triangle_type,scalene,24,True,True,"[955, 871, 29]",0.0,scalene,0,80,9.841599967330694e-05
no_semantic_llama_3_3_70b_versatile,GA_ADAPTIVE,triangle_type,scalene,25,True,True,"[909, 339, 735]",0.0,scalene,0,80,9.283307008445263e-05
no_semantic_llama_3_3_70b_versatile,GA_ADAPTIVE,triangle_type,scalene,26,True,True,"[202, 526, 160]",0.0,scalene,0,80,9.237497579306364e-05
no_semantic_llama_3_3_70b_versatile,GA_ADAPTIVE,triangle_type,scalene,27,True,True,"[128, 319, 497]",0.0,scalene,0,80,9.333307389169931e-05
no_semantic_llama_3_3_70b_versatile,GA_ADAPTIVE,triangle_type,scalene,28,True,True,"[954, 905, 522]",0.0,scalene,0,80,9.400001727044582e-05
no_semantic_llama_3_3_70b_versatile,GA_ADAPTIVE,triangle_type,scalene,29,True,True,"[13, 896, 149]",0.0,scalene,0,80,9.537499863654375e-05
no_semantic_llama_3_3_70b_versatile,GA_ADAPTIVE,username_category,empty,0,True,True,[''],0.0,empty,0,80,0.00015895802062004805
no_semantic_llama_3_3_70b_versatile,GA_ADAPTIVE,username_category,empty,1,True,True,[''],0.0,empty,0,80,0.00015750003512948751
no_semantic_llama_3_3_70b_versatile,GA_ADAPTIVE,username_category,empty,2,True,True,[''],0.0,empty,0,80,0.00014274998102337122
no_semantic_llama_3_3_70b_versatile,GA_ADAPTIVE,username_category,empty,3,True,True,[''],0.0,empty,0,80,0.00015191594138741493
no_semantic_llama_3_3_70b_versatile,GA_ADAPTIVE,username_category,empty,4,True,True,[''],0.0,empty,0,80,0.0001515410840511322
no_semantic_llama_3_3_70b_versatile,GA_ADAPTIVE,username_category,empty,5,True,True,[''],0.0,empty,0,80,0.00014587503392249346
no_semantic_llama_3_3_70b_versatile,GA_ADAPTIVE,username_category,empty,6,True,True,[''],0.0,empty,0,80,0.00014816701877862215
no_semantic_llama_3_3_70b_versatile,GA_ADAPTIVE,username_category,empty,7,True,True,[''],0.0,empty,0,80,0.00014541693963110447
no_semantic_llama_3_3_70b_versatile,GA_ADAPTIVE,username_category,empty,8,True,True,[''],0.0,empty,0,80,0.0001527080312371254
no_semantic_llama_3_3_70b_versatile,GA_ADAPTIVE,username_category,empty,9,True,True,[''],0.0,empty,0,80,0.0001567919971421361
no_semantic_llama_3_3_70b_versatile,GA_ADAPTIVE,username_category,empty,10,True,True,[''],0.0,empty,0,80,0.00015587499365210533
no_semantic_llama_3_3_70b_versatile,GA_ADAPTIVE,username_category,empty,11,True,True,[''],0.0,empty,0,80,0.00014933303464204073
no_semantic_llama_3_3_70b_versatile,GA_ADAPTIVE,username_category,empty,12,True,True,[''],0.0,empty,0,80,0.00015754206106066704
no_semantic_llama_3_3_70b_versatile,GA_ADAPTIVE,username_category,empty,13,True,True,[''],0.0,empty,0,80,0.00015283399261534214
no_semantic_llama_3_3_70b_versatile,GA_ADAPTIVE,username_category,empty,14,True,True,[''],0.0,empty,0,80,0.00016220798715949059
no_semantic_llama_3_3_70b_versatile,GA_ADAPTIVE,username_category,empty,15,True,True,[''],0.0,empty,0,80,0.00016066699754446745
no_semantic_llama_3_3_70b_versatile,GA_ADAPTIVE,username_category,empty,16,True,True,[''],0.0,empty,0,80,0.00014775001909583807
no_semantic_llama_3_3_70b_versatile,GA_ADAPTIVE,username_category,empty,17,True,True,[''],0.0,empty,0,80,0.00015762494876980782
no_semantic_llama_3_3_70b_versatile,GA_ADAPTIVE,username_category,empty,18,True,True,[''],0.0,empty,0,80,0.00014708307571709156
no_semantic_llama_3_3_70b_versatile,GA_ADAPTIVE,username_category,empty,19,True,True,[''],0.0,empty,0,80,0.0001477920450270176
no_semantic_llama_3_3_70b_versatile,GA_ADAPTIVE,username_category,empty,20,True,True,[''],0.0,empty,0,80,0.0001519590150564909
no_semantic_llama_3_3_70b_versatile,GA_ADAPTIVE,username_category,empty,21,True,True,[''],0.0,empty,0,80,0.00014991697389632463
no_semantic_llama_3_3_70b_versatile,GA_ADAPTIVE,username_category,empty,22,True,True,[''],0.0,empty,0,80,0.00015120895113795996
no_semantic_llama_3_3_70b_versatile,GA_ADAPTIVE,username_category,empty,23,True,True,[''],0.0,empty,0,80,0.00014737492892891169
no_semantic_llama_3_3_70b_versatile,GA_ADAPTIVE,username_category,empty,24,True,True,[''],0.0,empty,0,80,0.000153791974298656
no_semantic_llama_3_3_70b_versatile,GA_ADAPTIVE,username_category,empty,25,True,True,[''],0.0,empty,0,80,0.00015266705304384232
no_semantic_llama_3_3_70b_versatile,GA_ADAPTIVE,username_category,empty,26,True,True,[''],0.0,empty,0,80,0.00015266600530594587
no_semantic_llama_3_3_70b_versatile,GA_ADAPTIVE,username_category,empty,27,True,True,[''],0.0,empty,0,80,0.00014691706746816635
no_semantic_llama_3_3_70b_versatile,GA_ADAPTIVE,username_category,empty,28,True,True,[''],0.0,empty,0,80,0.00014716701116412878
no_semantic_llama_3_3_70b_versatile,GA_ADAPTIVE,username_category,empty,29,True,True,[''],0.0,empty,0,80,0.00015158404130488634
no_semantic_llama_3_3_70b_versatile,GA_ADAPTIVE,username_category,too_short,0,True,True,['1'],0.0,too_short,0,80,0.00015008309856057167
no_semantic_llama_3_3_70b_versatile,GA_ADAPTIVE,username_category,too_short,1,True,True,['T'],0.0,too_short,0,80,0.0001544589176774025
no_semantic_llama_3_3_70b_versatile,GA_ADAPTIVE,username_category,too_short,2,True,True,['Nn'],0.0,too_short,0,80,0.0001573750050738454
no_semantic_llama_3_3_70b_versatile,GA_ADAPTIVE,username_category,too_short,3,True,True,['UxQ'],0.0,too_short,0,80,0.00015191594138741493
no_semantic_llama_3_3_70b_versatile,GA_ADAPTIVE,username_category,too_short,4,True,True,['ZJF'],0.0,too_short,0,80,0.000147333019413054
no_semantic_llama_3_3_70b_versatile,GA_ADAPTIVE,username_category,too_short,5,True,True,['f'],0.0,too_short,0,80,0.00014954200014472008
no_semantic_llama_3_3_70b_versatile,GA_ADAPTIVE,username_category,too_short,6,True,True,['PPtn'],0.0,too_short,0,80,0.0001455000601708889
no_semantic_llama_3_3_70b_versatile,GA_ADAPTIVE,username_category,too_short,7,True,True,['FE'],0.0,too_short,0,80,0.00015724997501820326
no_semantic_llama_3_3_70b_versatile,GA_ADAPTIVE,username_category,too_short,8,True,True,['Y'],0.0,too_short,0,80,0.0001484580570831895
no_semantic_llama_3_3_70b_versatile,GA_ADAPTIVE,username_category,too_short,9,True,True,['B3'],0.0,too_short,0,80,0.0001617909874767065
no_semantic_llama_3_3_70b_versatile,GA_ADAPTIVE,username_category,too_short,10,True,True,['vOS8'],0.0,too_short,0,80,0.00013995799235999584
no_semantic_llama_3_3_70b_versatile,GA_ADAPTIVE,username_category,too_short,11,True,True,['2oQC'],0.0,too_short,0,80,0.0001593329943716526
no_semantic_llama_3_3_70b_versatile,GA_ADAPTIVE,username_category,too_short,12,True,True,['5MLF'],0.0,too_short,0,80,0.00014399993233382702
no_semantic_llama_3_3_70b_versatile,GA_ADAPTIVE,username_category,too_short,13,True,True,['I'],0.0,too_short,0,80,0.00015229103155434132
no_semantic_llama_3_3_70b_versatile,GA_ADAPTIVE,username_category,too_short,14,True,True,['8QU'],0.0,too_short,0,80,0.00014916597865521908
no_semantic_llama_3_3_70b_versatile,GA_ADAPTIVE,username_category,too_short,15,True,True,['Wucqh'],0.0,too_short,0,80,0.0001492080045863986
no_semantic_llama_3_3_70b_versatile,GA_ADAPTIVE,username_category,too_short,16,True,True,['lBW'],0.0,too_short,0,80,0.00015350000467151403
no_semantic_llama_3_3_70b_versatile,GA_ADAPTIVE,username_category,too_short,17,True,True,['hTiST'],0.0,too_short,0,80,0.00015033292584121227
no_semantic_llama_3_3_70b_versatile,GA_ADAPTIVE,username_category,too_short,18,True,True,['E'],0.0,too_short,0,80,0.00015995802823454142
no_semantic_llama_3_3_70b_versatile,GA_ADAPTIVE,username_category,too_short,19,True,True,['MG'],0.0,too_short,0,80,0.00016083300579339266
no_semantic_llama_3_3_70b_versatile,GA_ADAPTIVE,username_category,too_short,20,True,True,['f11jG'],0.0,too_short,0,80,0.00014845794066786766
no_semantic_llama_3_3_70b_versatile,GA_ADAPTIVE,username_category,too_short,21,True,True,['Gnz5'],0.0,too_short,0,80,0.00015804101713001728
no_semantic_llama_3_3_70b_versatile,GA_ADAPTIVE,username_category,too_short,22,True,True,['kFx'],0.0,too_short,0,80,0.00015075004193931818
no_semantic_llama_3_3_70b_versatile,GA_ADAPTIVE,username_category,too_short,23,True,True,['I'],0.0,too_short,0,80,0.0001564159756526351
no_semantic_llama_3_3_70b_versatile,GA_ADAPTIVE,username_category,too_short,24,True,True,['MIp'],0.0,too_short,0,80,0.00015162501949816942
no_semantic_llama_3_3_70b_versatile,GA_ADAPTIVE,username_category,too_short,25,True,True,['2ZcGs'],0.0,too_short,0,80,0.00016245897859334946
no_semantic_llama_3_3_70b_versatile,GA_ADAPTIVE,username_category,too_short,26,True,True,['bEb'],0.0,too_short,0,80,0.00014983303844928741
no_semantic_llama_3_3_70b_versatile,GA_ADAPTIVE,username_category,too_short,27,True,True,['4wF'],0.0,too_short,0,80,0.00015320791862905025
no_semantic_llama_3_3_70b_versatile,GA_ADAPTIVE,username_category,too_short,28,True,True,['LDXnv'],0.0,too_short,0,80,0.00015020801220089197
no_semantic_llama_3_3_70b_versatile,GA_ADAPTIVE,username_category,too_short,29,True,True,['UdoM'],0.0,too_short,0,80,0.00014999997802078724
no_semantic_llama_3_3_70b_versatile,GA_ADAPTIVE,username_category,starts_with_digit,0,True,True,['3'],0.0,starts_with_digit,0,80,0.00016133300960063934
no_semantic_llama_3_3_70b_versatile,GA_ADAPTIVE,username_category,starts_with_digit,1,True,True,['7BX16mWfl'],0.0,starts_with_digit,0,80,0.000147333019413054
no_semantic_llama_3_3_70b_versatile,GA_ADAPTIVE,username_category,starts_with_digit,2,True,True,['87NL96ON'],0.0,starts_with_digit,0,80,0.00015324994456022978
no_semantic_llama_3_3_70b_versatile,GA_ADAPTIVE,username_category,starts_with_digit,3,True,True,['3i3'],0.0,starts_with_digit,0,80,0.00014837493654340506
no_semantic_llama_3_3_70b_versatile,GA_ADAPTIVE,username_category,starts_with_digit,4,True,True,['8pzKi48XWqO'],0.0,starts_with_digit,0,80,0.00015258300118148327
no_semantic_llama_3_3_70b_versatile,GA_ADAPTIVE,username_category,starts_with_digit,5,True,True,['0ho8AMz94grII0'],0.0,starts_with_digit,0,80,0.0001438749022781849
no_semantic_llama_3_3_70b_versatile,GA_ADAPTIVE,username_category,starts_with_digit,6,True,True,['4FYivUqh'],0.0,starts_with_digit,0,80,0.00015345902647823095
no_semantic_llama_3_3_70b_versatile,GA_ADAPTIVE,username_category,starts_with_digit,7,True,True,['4frllcZPf9C8cFu'],0.0,starts_with_digit,0,80,0.00013791699893772602
no_semantic_llama_3_3_70b_versatile,GA_ADAPTIVE,username_category,starts_with_digit,8,True,True,['1FO0vBhKJnouIm'],0.0,starts_with_digit,0,80,0.00014370796270668507
no_semantic_llama_3_3_70b_versatile,GA_ADAPTIVE,username_category,starts_with_digit,9,True,True,['7H1i7md9yON'],0.0,starts_with_digit,0,80,0.00015437498223036528
no_semantic_llama_3_3_70b_versatile,GA_ADAPTIVE,username_category,starts_with_digit,10,True,True,['1QnLg6P1'],0.0,starts_with_digit,0,80,0.0001526250271126628
no_semantic_llama_3_3_70b_versatile,GA_ADAPTIVE,username_category,starts_with_digit,11,True,True,['1ZHMbmBFzc'],0.0,starts_with_digit,0,80,0.00013645796570926905
no_semantic_llama_3_3_70b_versatile,GA_ADAPTIVE,username_category,starts_with_digit,12,True,True,['30HyVUScY8UE7F'],0.0,starts_with_digit,0,80,0.00015454203821718693
no_semantic_llama_3_3_70b_versatile,GA_ADAPTIVE,username_category,starts_with_digit,13,True,True,['4bKLafbMaM'],0.0,starts_with_digit,0,80,0.00014683289919048548
no_semantic_llama_3_3_70b_versatile,GA_ADAPTIVE,username_category,starts_with_digit,14,True,True,['1HBtgr'],0.0,starts_with_digit,0,80,0.00014837493654340506
no_semantic_llama_3_3_70b_versatile,GA_ADAPTIVE,username_category,starts_with_digit,15,True,True,['7gzoQFAsk5BB'],0.0,starts_with_digit,0,80,0.00014458398800343275
no_semantic_llama_3_3_70b_versatile,GA_ADAPTIVE,username_category,starts_with_digit,16,True,True,['3rSNvjcGvzPEbCm'],0.0,starts_with_digit,0,80,0.0001437499886378646
no_semantic_llama_3_3_70b_versatile,GA_ADAPTIVE,username_category,starts_with_digit,17,True,True,['8dRG7jC2t2'],0.0,starts_with_digit,0,80,0.00015358300879597664
no_semantic_llama_3_3_70b_versatile,GA_ADAPTIVE,username_category,starts_with_digit,18,True,True,['4BHVrFQ8l'],0.0,starts_with_digit,0,80,0.00014545803423970938
no_semantic_llama_3_3_70b_versatile,GA_ADAPTIVE,username_category,starts_with_digit,19,True,True,['0d'],0.0,starts_with_digit,0,80,0.00014237500727176666
no_semantic_llama_3_3_70b_versatile,GA_ADAPTIVE,username_category,starts_with_digit,20,True,True,['3QYONb'],0.0,starts_with_digit,0,80,0.00015075004193931818
no_semantic_llama_3_3_70b_versatile,GA_ADAPTIVE,username_category,starts_with_digit,21,True,True,['9UEUSJ'],0.0,starts_with_digit,0,80,0.00014770799316465855
no_semantic_llama_3_3_70b_versatile,GA_ADAPTIVE,username_category,starts_with_digit,22,True,True,['2TiJv'],0.0,starts_with_digit,0,80,0.0001408330863341689
no_semantic_llama_3_3_70b_versatile,GA_ADAPTIVE,username_category,starts_with_digit,23,True,True,['9m1migTU'],0.0,starts_with_digit,0,80,0.0001567919971421361
no_semantic_llama_3_3_70b_versatile,GA_ADAPTIVE,username_category,starts_with_digit,24,True,True,['539PX77KH7oN0'],0.0,starts_with_digit,0,80,0.0001529159490019083
no_semantic_llama_3_3_70b_versatile,GA_ADAPTIVE,username_category,starts_with_digit,25,True,True,['96O'],0.0,starts_with_digit,0,80,0.0001426249509677291
no_semantic_llama_3_3_70b_versatile,GA_ADAPTIVE,username_category,starts_with_digit,26,True,True,['23'],0.0,starts_with_digit,0,80,0.00014899997040629387
no_semantic_llama_3_3_70b_versatile,GA_ADAPTIVE,username_category,starts_with_digit,27,True,True,['2S1pZUVkMZ3ObZY'],0.0,starts_with_digit,0,80,0.00014433404430747032
no_semantic_llama_3_3_70b_versatile,GA_ADAPTIVE,username_category,starts_with_digit,28,True,True,['1A0'],0.0,starts_with_digit,0,80,0.0001495840260758996
no_semantic_llama_3_3_70b_versatile,GA_ADAPTIVE,username_category,starts_with_digit,29,True,True,['90wh4ojtCjs9RB'],0.0,starts_with_digit,0,80,0.00014708295930176973
no_semantic_llama_3_3_70b_versatile,GA_ADAPTIVE,username_category,strong_username,0,False,False,['2JFBLWVc9On8'],1.0,,0,8080,0.04255091701634228
no_semantic_llama_3_3_70b_versatile,GA_ADAPTIVE,username_category,strong_username,1,False,False,['CuvsktCMquHH1JQ'],1.0,,0,8080,0.042734499904327095
no_semantic_llama_3_3_70b_versatile,GA_ADAPTIVE,username_category,strong_username,2,False,False,['f2XjkFGBvC9f'],1.0,,0,8080,0.04245662491302937
no_semantic_llama_3_3_70b_versatile,GA_ADAPTIVE,username_category,strong_username,3,False,False,['qqqR9Ip4elEDEkw'],1.0,,0,8080,0.04261570901144296
no_semantic_llama_3_3_70b_versatile,GA_ADAPTIVE,username_category,strong_username,4,False,False,['uWedZs4t0S'],1.0,,0,8080,0.04268499999307096
no_semantic_llama_3_3_70b_versatile,GA_ADAPTIVE,username_category,strong_username,5,False,False,['Da5hhL0nYudQ3'],1.0,,0,8080,0.04245770792476833
no_semantic_llama_3_3_70b_versatile,GA_ADAPTIVE,username_category,strong_username,6,False,False,['x4EBnbyAX29r'],1.0,,0,8080,0.04234766704030335
no_semantic_llama_3_3_70b_versatile,GA_ADAPTIVE,username_category,strong_username,7,False,False,['Y5tckSyuzcpe9'],1.0,,0,8080,0.04240170796401799
no_semantic_llama_3_3_70b_versatile,GA_ADAPTIVE,username_category,strong_username,8,False,False,['Pd9T9gBnkjUxzBi'],1.0,,0,8080,0.04252829204779118
no_semantic_llama_3_3_70b_versatile,GA_ADAPTIVE,username_category,strong_username,9,False,False,['uQPsLhW9mxX'],1.0,,0,8080,0.042508082929998636
no_semantic_llama_3_3_70b_versatile,GA_ADAPTIVE,username_category,strong_username,10,False,False,['7523dLOEwuz16W'],1.0,,0,8080,0.04235279210843146
no_semantic_llama_3_3_70b_versatile,GA_ADAPTIVE,username_category,strong_username,11,False,False,['weEp01vQyRbN'],1.0,,0,8080,0.04247891705017537
no_semantic_llama_3_3_70b_versatile,GA_ADAPTIVE,username_category,strong_username,12,False,False,['e3ZGHF0EfPjuDk3'],1.0,,0,8080,0.04273183306213468
no_semantic_llama_3_3_70b_versatile,GA_ADAPTIVE,username_category,strong_username,13,False,False,['aepUj5g4ALXCv6E'],1.0,,0,8080,0.042896582977846265
no_semantic_llama_3_3_70b_versatile,GA_ADAPTIVE,username_category,strong_username,14,False,False,['VJtNYP5qqE'],1.0,,0,8080,0.04258366604335606
no_semantic_llama_3_3_70b_versatile,GA_ADAPTIVE,username_category,strong_username,15,False,False,['CPwymrFnHBzJJ55'],1.0,,0,8080,0.04279258300084621
no_semantic_llama_3_3_70b_versatile,GA_ADAPTIVE,username_category,strong_username,16,False,False,['HvZ3cAJeFcrK'],1.0,,0,8080,0.04248229099903256
no_semantic_llama_3_3_70b_versatile,GA_ADAPTIVE,username_category,strong_username,17,False,False,['jzeVaqaa0R'],1.0,,0,8080,0.04258375009521842
no_semantic_llama_3_3_70b_versatile,GA_ADAPTIVE,username_category,strong_username,18,False,False,['2D8tRufBT3'],1.0,,0,8080,0.042412917013280094
no_semantic_llama_3_3_70b_versatile,GA_ADAPTIVE,username_category,strong_username,19,False,False,['xzp2eE6Molk1SD'],1.0,,0,8080,0.04295525001361966
no_semantic_llama_3_3_70b_versatile,GA_ADAPTIVE,username_category,strong_username,20,False,False,['yTT8fho7NJK'],1.0,,0,8080,0.04258750006556511
no_semantic_llama_3_3_70b_versatile,GA_ADAPTIVE,username_category,strong_username,21,False,False,['OQekFzrHx2HcN4c'],1.0,,0,8080,0.0427047919947654
no_semantic_llama_3_3_70b_versatile,GA_ADAPTIVE,username_category,strong_username,22,False,False,['jJhvEwg3DN'],1.0,,0,8080,0.04257416690234095
no_semantic_llama_3_3_70b_versatile,GA_ADAPTIVE,username_category,strong_username,23,False,False,['A2FGHjmLUMN8Z0'],1.0,,0,8080,0.04236145911272615
no_semantic_llama_3_3_70b_versatile,GA_ADAPTIVE,username_category,strong_username,24,False,False,['e2ExoGM38u8q6'],1.0,,0,8080,0.04248770896811038
no_semantic_llama_3_3_70b_versatile,GA_ADAPTIVE,username_category,strong_username,25,False,False,['wWPppM4bFCulb0H'],1.0,,0,8080,0.04277854191605002
no_semantic_llama_3_3_70b_versatile,GA_ADAPTIVE,username_category,strong_username,26,False,False,['KI0mWIIH4vnk'],1.0,,0,8080,0.04290524998214096
no_semantic_llama_3_3_70b_versatile,GA_ADAPTIVE,username_category,strong_username,27,False,False,['Ywo7wl594P7n5'],1.0,,0,8080,0.042830790975131094
no_semantic_llama_3_3_70b_versatile,GA_ADAPTIVE,username_category,strong_username,28,False,False,['rN6Kq4VhW8n7'],1.0,,0,8080,0.04296279093250632
no_semantic_llama_3_3_70b_versatile,GA_ADAPTIVE,username_category,strong_username,29,False,False,['EtaJqxaxFUsw0jQ'],1.0,,0,8080,0.042938416940160096
no_semantic_llama_3_3_70b_versatile,GA_ADAPTIVE,username_category,medium_username,0,True,True,['r4RVkuD4Odk'],0.0,medium_username,0,80,0.0002133330563083291
no_semantic_llama_3_3_70b_versatile,GA_ADAPTIVE,username_category,medium_username,1,True,True,['70nsJPn'],0.0,medium_username,0,80,0.00020699994638562202
no_semantic_llama_3_3_70b_versatile,GA_ADAPTIVE,username_category,medium_username,2,True,True,['hidH2aI2A8HUNH'],0.0,medium_username,0,80,0.0002027079463005066
no_semantic_llama_3_3_70b_versatile,GA_ADAPTIVE,username_category,medium_username,3,True,True,['afyhcj1HHmzAn'],0.0,medium_username,0,80,0.00021208298858255148
no_semantic_llama_3_3_70b_versatile,GA_ADAPTIVE,username_category,medium_username,4,True,True,['dnotegnrr79Y'],0.0,medium_username,0,80,0.00020183296874165535
no_semantic_llama_3_3_70b_versatile,GA_ADAPTIVE,username_category,medium_username,5,True,True,['k4QqlQV'],0.0,medium_username,0,80,0.00020870903972536325
no_semantic_llama_3_3_70b_versatile,GA_ADAPTIVE,username_category,medium_username,6,True,True,['9OfP0jyLH5K'],0.0,medium_username,0,80,0.00020487501751631498
no_semantic_llama_3_3_70b_versatile,GA_ADAPTIVE,username_category,medium_username,7,True,True,['OJWYt30o'],0.0,medium_username,0,80,0.00020999996922910213
no_semantic_llama_3_3_70b_versatile,GA_ADAPTIVE,username_category,medium_username,8,True,True,['pL1vPmoW2nEX'],0.0,medium_username,0,80,0.00021737499628216028
no_semantic_llama_3_3_70b_versatile,GA_ADAPTIVE,username_category,medium_username,9,True,True,['4Mgt'],0.0,medium_username,0,80,0.0002102500293403864
no_semantic_llama_3_3_70b_versatile,GA_ADAPTIVE,username_category,medium_username,10,True,True,['noQK3BY'],0.0,medium_username,0,80,0.00020237499848008156
no_semantic_llama_3_3_70b_versatile,GA_ADAPTIVE,username_category,medium_username,11,True,True,['MLQ3Eki7BAf'],0.0,medium_username,0,80,0.0002031250623986125
no_semantic_llama_3_3_70b_versatile,GA_ADAPTIVE,username_category,medium_username,12,True,True,['dL3C6'],0.0,medium_username,0,80,0.00020424998365342617
no_semantic_llama_3_3_70b_versatile,GA_ADAPTIVE,username_category,medium_username,13,True,True,['c9swAA'],0.0,medium_username,0,80,0.0002032499760389328
no_semantic_llama_3_3_70b_versatile,GA_ADAPTIVE,username_category,medium_username,14,True,True,['v7BnqCM3Jyj'],0.0,medium_username,0,80,0.00020891602616757154
no_semantic_llama_3_3_70b_versatile,GA_ADAPTIVE,username_category,medium_username,15,True,True,['jDG902qhiC5mu'],0.0,medium_username,0,80,0.00019908405374735594
no_semantic_llama_3_3_70b_versatile,GA_ADAPTIVE,username_category,medium_username,16,True,True,['61O72B'],0.0,medium_username,0,80,0.00020337500609457493
no_semantic_llama_3_3_70b_versatile,GA_ADAPTIVE,username_category,medium_username,17,True,True,['801jtQi'],0.0,medium_username,0,80,0.00020895805209875107
no_semantic_llama_3_3_70b_versatile,GA_ADAPTIVE,username_category,medium_username,18,True,True,['vN5MLdJw24WVlcK'],0.0,medium_username,0,80,0.00021129101514816284
no_semantic_llama_3_3_70b_versatile,GA_ADAPTIVE,username_category,medium_username,19,True,True,['5q9e7mw7vgC9F'],0.0,medium_username,0,80,0.00021004106383770704
no_semantic_llama_3_3_70b_versatile,GA_ADAPTIVE,username_category,medium_username,20,True,True,['JDXBfThWm3o059'],0.0,medium_username,0,80,0.00021362490952014923
no_semantic_llama_3_3_70b_versatile,GA_ADAPTIVE,username_category,medium_username,21,True,True,['DyDIGXVDL4SR'],0.0,medium_username,0,80,0.00020499993115663528
no_semantic_llama_3_3_70b_versatile,GA_ADAPTIVE,username_category,medium_username,22,True,True,['HsyypbiQ72dNnY4'],0.0,medium_username,0,80,0.0002042920095846057
no_semantic_llama_3_3_70b_versatile,GA_ADAPTIVE,username_category,medium_username,23,True,True,['0Vt4T7I8uFXcjoz'],0.0,medium_username,0,80,0.00021254201419651508
no_semantic_llama_3_3_70b_versatile,GA_ADAPTIVE,username_category,medium_username,24,True,True,['vV8uIh3y'],0.0,medium_username,0,80,0.00021137495059520006
no_semantic_llama_3_3_70b_versatile,GA_ADAPTIVE,username_category,medium_username,25,True,True,['4Voic'],0.0,medium_username,0,80,0.0002127919578924775
no_semantic_llama_3_3_70b_versatile,GA_ADAPTIVE,username_category,medium_username,26,True,True,['0IlTGQO'],0.0,medium_username,0,80,0.00020074995700269938
no_semantic_llama_3_3_70b_versatile,GA_ADAPTIVE,username_category,medium_username,27,True,True,['yS7wzvKJ'],0.0,medium_username,0,80,0.00020395906176418066
no_semantic_llama_3_3_70b_versatile,GA_ADAPTIVE,username_category,medium_username,28,True,True,['Z8IVjIMzuragl7j'],0.0,medium_username,0,80,0.00020954199135303497
no_semantic_llama_3_3_70b_versatile,GA_ADAPTIVE,username_category,medium_username,29,True,True,['IuGZOemNWMl9'],0.0,medium_username,0,80,0.00022108294069766998
no_semantic_llama_3_3_70b_versatile,GA_ADAPTIVE,username_category,weak_username,0,True,True,['olDEh'],0.0,weak_username,0,80,0.00021225004456937313
no_semantic_llama_3_3_70b_versatile,GA_ADAPTIVE,username_category,weak_username,1,True,True,['YrsDFd'],0.0,weak_username,0,80,0.0002157499548047781
no_semantic_llama_3_3_70b_versatile,GA_ADAPTIVE,username_category,weak_username,2,True,True,['huGSPA'],0.0,weak_username,0,80,0.00020570890046656132
no_semantic_llama_3_3_70b_versatile,GA_ADAPTIVE,username_category,weak_username,3,True,True,['ZGTW'],0.0,weak_username,0,80,0.0002079580444842577
no_semantic_llama_3_3_70b_versatile,GA_ADAPTIVE,username_category,weak_username,4,True,True,['dRgr'],0.0,weak_username,0,80,0.00020908296573907137
no_semantic_llama_3_3_70b_versatile,GA_ADAPTIVE,username_category,weak_username,5,True,True,['vj'],0.0,weak_username,0,80,0.0002113750670105219
no_semantic_llama_3_3_70b_versatile,GA_ADAPTIVE,username_category,weak_username,6,True,True,['a'],0.0,weak_username,0,80,0.00021299999207258224
no_semantic_llama_3_3_70b_versatile,GA_ADAPTIVE,username_category,weak_username,7,True,True,['GqE'],0.0,weak_username,0,80,0.00020679202862083912
no_semantic_llama_3_3_70b_versatile,GA_ADAPTIVE,username_category,weak_username,8,True,True,['FlYXKXI'],0.0,weak_username,0,80,0.0001969159347936511
no_semantic_llama_3_3_70b_versatile,GA_ADAPTIVE,username_category,weak_username,9,True,True,['oNirHP'],0.0,weak_username,0,80,0.00020654103718698025
no_semantic_llama_3_3_70b_versatile,GA_ADAPTIVE,username_category,weak_username,10,True,True,['WxtOboKJMM'],0.0,weak_username,0,80,0.00021166703663766384
no_semantic_llama_3_3_70b_versatile,GA_ADAPTIVE,username_category,weak_username,11,True,True,['9a9'],0.0,weak_username,0,80,0.00021329207811504602
no_semantic_llama_3_3_70b_versatile,GA_ADAPTIVE,username_category,weak_username,12,True,True,['HHx'],0.0,weak_username,0,80,0.0002086249878630042
no_semantic_llama_3_3_70b_versatile,GA_ADAPTIVE,username_category,weak_username,13,True,True,['sJipyIle'],0.0,weak_username,0,80,0.00020925002172589302
no_semantic_llama_3_3_70b_versatile,GA_ADAPTIVE,username_category,weak_username,14,True,True,['WC'],0.0,weak_username,0,80,0.00021125003695487976
no_semantic_llama_3_3_70b_versatile,GA_ADAPTIVE,username_category,weak_username,15,True,True,['q'],0.0,weak_username,0,80,0.00021420803386718035
no_semantic_llama_3_3_70b_versatile,GA_ADAPTIVE,username_category,weak_username,16,True,True,['aMcJvAS'],0.0,weak_username,0,80,0.00020837492775171995
no_semantic_llama_3_3_70b_versatile,GA_ADAPTIVE,username_category,weak_username,17,True,True,['EF'],0.0,weak_username,0,80,0.00020791706629097462
no_semantic_llama_3_3_70b_versatile,GA_ADAPTIVE,username_category,weak_username,18,True,True,['N'],0.0,weak_username,0,80,0.00021962495520710945
no_semantic_llama_3_3_70b_versatile,GA_ADAPTIVE,username_category,weak_username,19,True,True,['wc'],0.0,weak_username,0,80,0.00021116598509252071
no_semantic_llama_3_3_70b_versatile,GA_ADAPTIVE,username_category,weak_username,20,True,True,['tOIRLnhmGz'],0.0,weak_username,0,80,0.00022495898883789778
no_semantic_llama_3_3_70b_versatile,GA_ADAPTIVE,username_category,weak_username,21,True,True,['deOCQ'],0.0,weak_username,0,80,0.00021295901387929916
no_semantic_llama_3_3_70b_versatile,GA_ADAPTIVE,username_category,weak_username,22,True,True,['cMHfCYhkv'],0.0,weak_username,0,80,0.00020487501751631498
no_semantic_llama_3_3_70b_versatile,GA_ADAPTIVE,username_category,weak_username,23,True,True,['fibo'],0.0,weak_username,0,80,0.00020574999507516623
no_semantic_llama_3_3_70b_versatile,GA_ADAPTIVE,username_category,weak_username,24,True,True,['tTxMEI'],0.0,weak_username,0,80,0.0002085000742226839
no_semantic_llama_3_3_70b_versatile,GA_ADAPTIVE,username_category,weak_username,25,True,True,['IPKjyR'],0.0,weak_username,0,80,0.00021733297035098076
no_semantic_llama_3_3_70b_versatile,GA_ADAPTIVE,username_category,weak_username,26,True,True,['kx'],0.0,weak_username,0,80,0.0002067919122055173
no_semantic_llama_3_3_70b_versatile,GA_ADAPTIVE,username_category,weak_username,27,True,True,['CwwXE'],0.0,weak_username,0,80,0.000220834044739604
no_semantic_llama_3_3_70b_versatile,GA_ADAPTIVE,username_category,weak_username,28,True,True,['meofoKNMOBZx'],0.0,weak_username,0,80,0.000199749949388206
no_semantic_llama_3_3_70b_versatile,GA_ADAPTIVE,username_category,weak_username,29,True,True,['kOzJFzMtooNW'],0.0,weak_username,0,80,0.00021983298938721418
